run_id,target_name,family,type,d_total,d_spacing,d_mass,enough_levels
0.0,pion,pion_like,meson,46.363349208387774,7.8466838256099605,38.516665382777816,1
0.0,rho,rho_like,meson,5.246913515470206,5.246913515470206,nan,0
0.0,proton,nucleon_like,baryon,5.009979939920564,5.009979939920564,nan,0
1.0,pion,pion_like,meson,26.8220062224533,9.138673478564396,17.683332743888904,1
1.0,rho,rho_like,meson,22.05802413821004,16.35802425221004,5.6999998860000005,1
1.0,proton,nucleon_like,baryon,22.408929805135003,15.463929944035002,6.944999861100002,1
2.0,pion,pion_like,meson,38.03001615283221,7.8466838256099605,30.183332327222253,1
2.0,rho,rho_like,meson,11.63209854951776,2.932098723517759,8.699999826,1
2.0,proton,nucleon_like,baryon,2.875360326613232,2.875360326613232,nan,0
3.0,pion,pion_like,meson,38.03001615283221,7.846683825609956,30.183332327222253,1
3.0,rho,rho_like,meson,11.632098549517758,2.9320987235177562,8.699999826000003,1
3.0,proton,nucleon_like,baryon,2.8753603266132277,2.8753603266132277,nan,0
4.0,pion,pion_like,meson,35.93668534260497,7.5390672415731865,28.397618101031778,1
4.0,rho,rho_like,meson,10.631216734351298,2.6455026083512942,7.985714126000005,1
4.0,proton,nucleon_like,baryon,2.4395652601534046,2.4395652601534046,nan,0
5.0,pion,pion_like,meson,35.93668534260495,7.539067241573188,28.397618101031767,1
5.0,rho,rho_like,meson,10.631216734351304,2.6455026083513027,7.985714126,1
5.0,proton,nucleon_like,baryon,2.4395652601534152,2.4395652601534152,nan,0
6.0,pion,pion_like,meson,26.942386843711116,9.179689023102632,17.762697820608484,1
6.0,rho,rho_like,meson,25.694708345899638,18.51851801323297,7.1761903326666685,1
6.0,proton,nucleon_like,baryon,22.80749013315033,15.052966478716995,7.754523654433336,1
7.0,pion,pion_like,meson,18.57480559069411,0.3359173097681553,18.238888280925952,1
7.0,rho,rho_like,meson,10.716460692913085,5.349794133579747,5.3666665593333365,1
7.0,proton,nucleon_like,baryon,9.506911868744309,9.506911868744309,nan,0
8.0,pion,pion_like,meson,18.879309868790557,2.666565311176162,16.212744557614396,1
8.0,rho,rho_like,meson,15.340522571191919,8.169934479309562,7.1705880918823555,1
8.0,proton,nucleon_like,baryon,18.430125572392754,11.238066892704518,7.1920586796882375,1
9.0,pion,pion_like,meson,26.19000796084979,8.923341869738657,17.266666091111134,1
9.0,rho,rho_like,meson,20.19382666021431,14.660493437547641,5.533333222666669,1
9.0,proton,nucleon_like,baryon,17.591361420648433,12.39636152454843,5.194999896100002,1
10.0,pion,pion_like,meson,14.028829290600275,4.7798396999100285,9.248989590690247,1
10.0,rho,rho_like,meson,21.713093333346777,13.093901586538696,8.619191746808083,1
10.0,proton,nucleon_like,baryon,16.250528660575128,16.250528660575128,nan,0
11.0,pion,pion_like,meson,35.93668534260496,7.5390672415731865,28.39761810103177,1
11.0,rho,rho_like,meson,10.631216734351295,2.6455026083512942,7.985714126,1
11.0,proton,nucleon_like,baryon,11.19314126656234,3.8952842696623406,7.2978569969,1
12.0,pion,pion_like,meson,25.460779197461108,8.674882321093571,16.785896876367538,1
12.0,rho,rho_like,meson,18.636371812108955,13.295346277903825,5.341025534205129,1
12.0,proton,nucleon_like,baryon,15.403389951088256,10.6891592761421,4.714230674946156,1
13.0,pion,pion_like,meson,26.375889802497877,8.986674695863872,17.389215106634005,1
13.0,rho,rho_like,meson,23.933114864105125,17.429193425556104,6.503921438549021,1
13.0,proton,nucleon_like,baryon,22.496267911911403,15.021856296693754,7.474411615217649,1
14.0,pion,pion_like,meson,27.81788227104067,9.477983892471624,18.339898378569046,1
14.0,rho,rho_like,meson,33.64724942790924,23.00785570130317,10.639393726606064,1
14.0,proton,nucleon_like,baryon,29.264570575628504,19.258964715134564,10.00560586049394,1
15.0,pion,pion_like,meson,25.136677524843925,8.56445585502909,16.572221669814834,1
15.0,rho,rho_like,meson,23.675308042154565,16.975308176154563,6.699999866000003,1
15.0,proton,nucleon_like,baryon,19.94159760331397,19.94159760331397,nan,0
16.0,pion,pion_like,meson,25.738580631132997,8.769533577720273,16.969047053412723,1
16.0,rho,rho_like,meson,22.978659031222005,16.754849631888668,6.223809399333336,1
16.0,proton,nucleon_like,baryon,20.493222578558484,13.691079857458481,6.802142721100003,1
17.0,pion,pion_like,meson,40.96067928715036,8.277347043261434,32.68333224388893,1
17.0,rho,rho_like,meson,13.712345415472651,4.012345609472648,9.699999806000003,1
17.0,proton,nucleon_like,baryon,11.610093899277901,3.455094062377898,8.154999836900004,1
18.0,pion,pion_like,meson,26.68895395685257,9.093340508285294,17.595613448567274,1
18.0,rho,rho_like,meson,23.39265698005476,17.218972893002125,6.173684087052634,1
18.0,proton,nucleon_like,baryon,21.492170804959322,14.38927621017511,7.102894594784212,1
19.0,pion,pion_like,meson,25.979341873648618,8.851564666796744,17.127777206851874,1
19.0,rho,rho_like,meson,19.058024224577974,13.58024655635575,5.477777668222224,1
19.0,proton,nucleon_like,baryon,15.953278099728129,15.953278099728129,nan,0
20.0,pion,pion_like,meson,33.1455775956353,7.128911796190828,26.016665799444475,1
20.0,rho,rho_like,meson,10.119752889549773,3.0864196968831017,7.03333319266667,1
20.0,proton,nucleon_like,baryon,2.846159455948185,2.846159455948185,nan,0
21.0,pion,pion_like,meson,22.641496757107625,1.3867355608377654,21.25476119626986,1
21.0,rho,rho_like,meson,9.096825208928344,3.9682538829283427,5.128571326000001,1
21.0,proton,nucleon_like,baryon,7.334537088051436,7.334537088051436,nan,0
22.0,pion,pion_like,meson,35.93668534260497,7.539067241573188,28.39761810103178,1
22.0,rho,rho_like,meson,10.631216734351302,2.6455026083512956,7.985714126000006,1
22.0,proton,nucleon_like,baryon,2.439565260153407,2.439565260153407,nan,0
23.0,pion,pion_like,meson,19.68591666476818,0.3359173097681553,19.349999355000023,1
23.0,rho,rho_like,meson,11.23086396921751,5.864197409884172,5.3666665593333365,1
23.0,proton,nucleon_like,baryon,14.167012682302493,8.122012803202491,6.044999879100002,1
24.0,pion,pion_like,meson,25.460779197461108,8.674882321093571,16.785896876367538,1
24.0,rho,rho_like,meson,21.087463855052455,15.669515245462708,5.417948609589746,1
24.0,proton,nucleon_like,baryon,18.841186621103372,12.588494438464908,6.252692182638463,1
25.0,pion,pion_like,meson,26.190007960849787,8.923341869738657,17.26666609111113,1
25.0,rho,rho_like,meson,22.45617227302257,16.589505723689236,5.866666549333336,1
25.0,proton,nucleon_like,baryon,19.58582768199354,19.58582768199354,nan,0
26.0,pion,pion_like,meson,35.93668534260496,7.53906724157319,28.39761810103177,1
26.0,rho,rho_like,meson,10.631216734351302,2.6455026083513005,7.985714126,1
26.0,proton,nucleon_like,baryon,11.193141266562348,3.8952842696623464,7.297856996900001,1
27.0,pion,pion_like,meson,26.19000796084979,8.923341869738657,17.266666091111134,1
27.0,rho,rho_like,meson,26.051851192497505,18.518518009830835,7.53333318266667,1
27.0,proton,nucleon_like,baryon,21.900642411074475,21.900642411074475,nan,0
28.0,pion,pion_like,meson,39.65816233856453,8.085941168749669,31.57222116981486,1
28.0,rho,rho_like,meson,12.78779125282604,3.5322358823815874,9.255555370444451,1
28.0,proton,nucleon_like,baryon,3.666986925324479,3.666986925324479,nan,0
29.0,pion,pion_like,meson,35.93668534260495,7.539067241573188,28.397618101031767,1
29.0,rho,rho_like,meson,10.631216734351304,2.6455026083513027,7.985714126,1
29.0,proton,nucleon_like,baryon,2.4395652601534152,2.4395652601534152,nan,0
30.0,pion,pion_like,meson,38.03001615283222,7.8466838256099605,30.18333232722226,1
30.0,rho,rho_like,meson,11.632098549517764,2.932098723517759,8.699999826000004,1
30.0,proton,nucleon_like,baryon,2.875360326613232,2.875360326613232,nan,0
31.0,pion,pion_like,meson,39.65816233856452,8.08594116874967,31.572221169814853,1
31.0,rho,rho_like,meson,12.787791252826029,3.532235882381582,9.255555370444448,1
31.0,proton,nucleon_like,baryon,11.401400650717505,3.4686230315952797,7.932777619122226,1
32.0,pion,pion_like,meson,38.03001615283222,7.846683825609958,30.183332327222256,1
32.0,rho,rho_like,meson,11.632098549517762,2.9320987235177576,8.699999826000004,1
32.0,proton,nucleon_like,baryon,2.87536032661323,2.87536032661323,nan,0
33.0,pion,pion_like,meson,21.273628366376553,0.8125179373024566,20.461110429074097,1
33.0,rho,rho_like,meson,9.337859891139978,4.5267488762510855,4.811111014888891,1
33.0,proton,nucleon_like,baryon,11.714780699141258,6.169780810041256,5.544999889100003,1
34.0,pion,pion_like,meson,25.460779197461115,8.674882321093573,16.78589687636754,1
34.0,rho,rho_like,meson,21.087463855052455,15.669515245462708,5.417948609589746,1
34.0,proton,nucleon_like,baryon,18.407628563473253,18.407628563473253,nan,0
35.0,pion,pion_like,meson,38.03001615283222,7.846683825609958,30.183332327222256,1
35.0,rho,rho_like,meson,11.632098549517762,2.9320987235177576,8.699999826000004,1
35.0,proton,nucleon_like,baryon,2.87536032661323,2.87536032661323,nan,0
36.0,pion,pion_like,meson,26.19000796084979,8.923341869738657,17.266666091111134,1
36.0,rho,rho_like,meson,20.193826660214313,14.660493437547643,5.53333322266667,1
36.0,proton,nucleon_like,baryon,17.271012952912606,17.271012952912606,nan,0
37.0,pion,pion_like,meson,8.810055766753042,3.001722627030813,5.808333139722229,1
37.0,rho,rho_like,meson,13.706172491403912,8.256172600403909,5.449999891000002,1
37.0,proton,nucleon_like,baryon,15.92629018536347,10.10629030176347,5.8199998836,1
38.0,pion,pion_like,meson,20.199841465299013,1.9609531843730714,18.23888828092594,1
38.0,rho,rho_like,meson,5.568312657482496,1.646090513704718,3.9222221437777782,1
38.0,proton,nucleon_like,baryon,10.35804610229642,4.813046213196418,5.544999889100001,1
39.0,pion,pion_like,meson,25.460779197461115,8.674882321093573,16.78589687636754,1
39.0,rho,rho_like,meson,18.63637181210895,13.295346277903821,5.34102553420513,1
39.0,proton,nucleon_like,baryon,15.403389951088243,10.689159276142087,4.7142306749461556,1
40.0,pion,pion_like,meson,35.93668534260497,7.539067241573188,28.39761810103178,1
40.0,rho,rho_like,meson,10.631216734351302,2.6455026083512956,7.985714126000006,1
40.0,proton,nucleon_like,baryon,11.193141266562353,3.8952842696623464,7.297856996900007,1
41.0,pion,pion_like,meson,26.94238684371112,9.179689023102632,17.762697820608487,1
41.0,rho,rho_like,meson,25.694708345899645,18.518518013232974,7.17619033266667,1
41.0,proton,nucleon_like,baryon,23.39572537417851,16.117392186411845,7.278333187766668,1
42.0,pion,pion_like,meson,26.541118106185074,9.042970541308511,17.498147564876565,1
42.0,rho,rho_like,meson,22.08683071960821,16.4609049062008,5.625925813407409,1
42.0,proton,nucleon_like,baryon,20.30006459896247,14.132842500084692,6.167222098877778,1
43.0,pion,pion_like,meson,25.979341873648618,8.851564666796744,17.127777206851874,1
43.0,rho,rho_like,meson,19.058024224577974,13.58024655635575,5.477777668222224,1
43.0,proton,nucleon_like,baryon,15.96613951366001,11.354472939226675,4.611666574433335,1
44.0,pion,pion_like,meson,23.236734832504453,1.3867355608377645,21.84999927166669,1
44.0,rho,rho_like,meson,9.610493625996199,4.243827066662863,5.366666559333335,1
44.0,proton,nucleon_like,baryon,7.665224906491577,7.665224906491577,nan,0
45.0,pion,pion_like,meson,25.460779197461115,8.674882321093573,16.78589687636754,1
45.0,rho,rho_like,meson,18.636371812108955,13.295346277903825,5.34102553420513,1
45.0,proton,nucleon_like,baryon,15.403389951088254,10.6891592761421,4.7142306749461556,1
46.0,pion,pion_like,meson,26.688953956852565,9.093340508285293,17.59561344856727,1
46.0,rho,rho_like,meson,19.635022262693468,13.970110095289959,5.66491216740351,1
46.0,proton,nucleon_like,baryon,24.642399112902545,17.982136088213068,6.660263024689476,1
47.0,pion,pion_like,meson,25.979341873648618,8.851564666796744,17.127777206851874,1
47.0,rho,rho_like,meson,21.115637329795675,15.63785966157345,5.477777668222224,1
47.0,proton,nucleon_like,baryon,18.945563294339784,13.000563413239783,5.944999881100001,1
48.0,pion,pion_like,meson,19.136581823230564,0.5273231842799233,18.609258638950642,1
48.0,rho,rho_like,meson,11.344718565189329,5.8299038606708065,5.514814704518521,1
48.0,proton,nucleon_like,baryon,14.126492668846847,7.91482612641351,6.211666542433337,1
49.0,pion,pion_like,meson,39.65816233856453,8.085941168749669,31.57222116981486,1
49.0,rho,rho_like,meson,12.78779125282604,3.5322358823815874,9.255555370444451,1
49.0,proton,nucleon_like,baryon,11.401400650717513,3.4686230315952833,7.93277761912223,1
50.0,pion,pion_like,meson,25.979341873648615,8.851564666796744,17.12777720685187,1
50.0,rho,rho_like,meson,24.617694850568938,17.695472766791156,6.922222083777783,1
50.0,proton,nucleon_like,baryon,23.768124247384034,15.823124406284032,7.944999841100001,1
51.0,pion,pion_like,meson,18.449913271308542,0.7665805274196333,17.683332743888908,1
51.0,rho,rho_like,meson,11.487036810154098,5.787036924154096,5.699999886000003,1
51.0,proton,nucleon_like,baryon,10.160234836730895,10.160234836730895,nan,0
52.0,pion,pion_like,meson,33.14557759563529,7.128911796190824,26.016665799444468,1
52.0,rho,rho_like,meson,10.119752889549765,3.086419696883099,7.0333331926666665,1
52.0,proton,nucleon_like,baryon,2.8461594559481806,2.8461594559481806,nan,0
53.0,pion,pion_like,meson,26.541118106185074,9.042970541308511,17.498147564876565,1
53.0,rho,rho_like,meson,22.086830719608205,16.460904906200795,5.625925813407409,1
53.0,proton,nucleon_like,baryon,20.300064598962464,14.132842500084687,6.1672220988777795,1
54.0,pion,pion_like,meson,19.50503821073664,4.094432663817431,15.410605546919209,1
54.0,rho,rho_like,meson,11.868686722159875,11.868686722159875,nan,0
54.0,proton,nucleon_like,baryon,22.6619483772792,22.6619483772792,nan,0
55.0,pion,pion_like,meson,20.19984146529902,1.9609531843730685,18.238888280925952,1
55.0,rho,rho_like,meson,5.568312657482508,1.6460905137047268,3.9222221437777818,1
55.0,proton,nucleon_like,baryon,8.514908929931941,3.6365756941652694,4.878333235766672,1
56.0,pion,pion_like,meson,26.190007960849787,8.923341869738657,17.26666609111113,1
56.0,rho,rho_like,meson,16.335802087931118,10.80246886526445,5.533333222666669,1
56.0,proton,nucleon_like,baryon,14.777931924914634,10.535432009764634,4.242499915150001,1
57.0,pion,pion_like,meson,26.19000796084979,8.923341869738657,17.266666091111134,1
57.0,rho,rho_like,meson,26.051851192497505,18.518518009830835,7.533333182666669,1
57.0,proton,nucleon_like,baryon,21.900642411074475,21.900642411074475,nan,0
58.0,pion,pion_like,meson,26.25291539484202,2.6172018969848465,23.635713497857175,1
58.0,rho,rho_like,meson,9.167371937980985,3.086419678647646,6.080952259333338,1
58.0,proton,nucleon_like,baryon,9.626424169357215,4.4714242724572095,5.154999896900006,1
59.0,pion,pion_like,meson,26.37588980249788,8.986674695863874,17.38921510663401,1
59.0,rho,rho_like,meson,23.93311486410513,17.429193425556107,6.503921438549022,1
59.0,proton,nucleon_like,baryon,20.61236933309273,20.61236933309273,nan,0
60.0,pion,pion_like,meson,26.541118106185074,9.042970541308511,17.498147564876565,1
60.0,rho,rho_like,meson,20.372153131926783,14.746227318519376,5.625925813407409,1
60.0,proton,nucleon_like,baryon,17.409624615703677,17.409624615703677,nan,0
61.0,pion,pion_like,meson,26.19000796084979,8.923341869738657,17.266666091111134,1
61.0,rho,rho_like,meson,20.19382666021431,14.660493437547641,5.533333222666669,1
61.0,proton,nucleon_like,baryon,17.271012952912606,17.271012952912606,nan,0
62.0,pion,pion_like,meson,35.93668534260496,7.539067241573188,28.397618101031775,1
62.0,rho,rho_like,meson,10.631216734351304,2.645502608351299,7.985714126000004,1
62.0,proton,nucleon_like,baryon,2.439565260153411,2.439565260153411,nan,0
63.0,pion,pion_like,meson,26.37588980249788,8.986674695863874,17.38921510663401,1
63.0,rho,rho_like,meson,21.196005279893427,15.613652450364016,5.5823528295294125,1
63.0,proton,nucleon_like,baryon,19.025380750344095,13.31567498218527,5.709705768158826,1
64.0,pion,pion_like,meson,26.37588980249788,8.986674695863874,17.38921510663401,1
64.0,rho,rho_like,meson,21.196005279893427,15.613652450364016,5.5823528295294125,1
64.0,proton,nucleon_like,baryon,19.025380750344095,13.31567498218527,5.709705768158826,1
65.0,pion,pion_like,meson,26.822006222453304,9.138673478564396,17.683332743888908,1
65.0,rho,rho_like,meson,27.47777708270327,19.444443910036597,8.033333172666671,1
65.0,proton,nucleon_like,baryon,24.701594977123534,16.756595136023535,7.944999841100001,1
66.0,pion,pion_like,meson,25.460779197461108,8.674882321093571,16.785896876367538,1
66.0,rho,rho_like,meson,25.512914832867757,18.0436842130216,7.469230619846157,1
66.0,proton,nucleon_like,baryon,22.27898329111851,14.48782960078774,7.791153690330772,1
67.0,pion,pion_like,meson,38.03001615283222,7.846683825609958,30.183332327222256,1
67.0,rho,rho_like,meson,11.632098549517762,2.9320987235177576,8.699999826000004,1
67.0,proton,nucleon_like,baryon,2.87536032661323,2.87536032661323,nan,0
68.0,pion,pion_like,meson,14.90340177694889,1.3867355608377645,13.516666216111126,1
68.0,rho,rho_like,meson,7.659876387764218,3.6265431350975486,4.033333252666669,1
68.0,proton,nucleon_like,baryon,6.924484193185673,6.924484193185673,nan,0
69.0,pion,pion_like,meson,26.375889802497888,8.986674695863874,17.389215106634012,1
69.0,rho,rho_like,meson,27.317283258905064,19.2447344007482,8.072548858156866,1
69.0,proton,nucleon_like,baryon,25.125171247805326,16.474289067881795,8.650882179923533,1
70.0,pion,pion_like,meson,26.37588980249788,8.986674695863874,17.38921510663401,1
70.0,rho,rho_like,meson,23.933114864105125,17.429193425556104,6.50392143854902,1
70.0,proton,nucleon_like,baryon,21.654284086238015,14.768107753373306,6.886176332864707,1
71.0,pion,pion_like,meson,27.81788227104067,9.477983892471624,18.339898378569046,1
71.0,rho,rho_like,meson,33.64724942790924,23.007855701303175,10.639393726606064,1
71.0,proton,nucleon_like,baryon,29.264570575628504,19.25896471513456,10.005605860493946,1
72.0,pion,pion_like,meson,24.64428576159531,1.9609531843730723,22.683332577222238,1
72.0,rho,rho_like,meson,9.403703504922413,3.703703618922416,5.699999885999998,1
72.0,proton,nucleon_like,baryon,10.160999403945045,5.282666168178377,4.878333235766668,1
73.0,pion,pion_like,meson,35.93668534260496,7.539067241573184,28.397618101031775,1
73.0,rho,rho_like,meson,10.631216734351295,2.645502608351293,7.985714126000002,1
73.0,proton,nucleon_like,baryon,11.19314126656235,3.895284269662344,7.2978569969000056,1
74.0,pion,pion_like,meson,26.822006222453307,9.138673478564396,17.68333274388891,1
74.0,rho,rho_like,meson,24.60123394712332,17.901234081123317,6.699999866000002,1
74.0,proton,nucleon_like,baryon,22.46702714161369,15.522027280513692,6.9449998610999994,1
75.0,pion,pion_like,meson,22.64149675710763,1.3867355608377645,21.254761196269868,1
75.0,rho,rho_like,meson,9.096825208928351,3.968253882928347,5.128571326000003,1
75.0,proton,nucleon_like,baryon,10.681189854981714,5.421904245881708,5.259285609100004,1
76.0,pion,pion_like,meson,18.625180284080404,6.345887764097226,12.279292519983178,1
76.0,rho,rho_like,meson,23.366666063388855,15.151514712540367,8.215151350848487,1
76.0,proton,nucleon_like,baryon,21.422971331351732,13.538577549645668,7.884393781706064,1
77.0,pion,pion_like,meson,21.273628366376546,0.8125179373024605,20.461110429074086,1
77.0,rho,rho_like,meson,9.337859891139962,4.526748876251075,4.811111014888887,1
77.0,proton,nucleon_like,baryon,8.176239905949988,8.176239905949988,nan,0
78.0,pion,pion_like,meson,33.1455775956353,7.128911796190828,26.016665799444475,1
78.0,rho,rho_like,meson,10.119752889549773,3.0864196968831017,7.03333319266667,1
78.0,proton,nucleon_like,baryon,2.846159455948185,2.846159455948185,nan,0
79.0,pion,pion_like,meson,35.93668534260496,7.539067241573188,28.397618101031775,1
79.0,rho,rho_like,meson,10.631216734351304,2.645502608351299,7.985714126000004,1
79.0,proton,nucleon_like,baryon,2.439565260153411,2.439565260153411,nan,0
80.0,pion,pion_like,meson,25.136677524843925,8.56445585502909,16.572221669814834,1
80.0,rho,rho_like,meson,19.65884724507688,14.403291794632436,5.255555450444446,1
80.0,proton,nucleon_like,baryon,16.855177964539383,16.855177964539383,nan,0
81.0,pion,pion_like,meson,29.238026749877772,6.554694172655521,22.683332577222252,1
81.0,rho,rho_like,meson,9.403703506827622,3.7037036208276186,5.699999886000004,1
81.0,proton,nucleon_like,baryon,12.941731086559981,6.786731209659975,6.154999876900006,1
82.0,pion,pion_like,meson,27.051823772127314,9.216975881773758,17.834847890353558,1
82.0,rho,rho_like,meson,22.0344551170661,16.273849171672158,5.760605945393941,1
82.0,proton,nucleon_like,baryon,21.549694858837867,14.877422265010596,6.672272593827272,1
83.0,pion,pion_like,meson,20.099860069640393,2.906723387842987,17.193136681797405,1
83.0,rho,rho_like,meson,5.700726095510121,2.1968045969611008,3.5039214985490204,1
83.0,proton,nucleon_like,baryon,4.754803996120105,4.754803996120105,nan,0
84.0,pion,pion_like,meson,25.979341873648618,8.851564666796744,17.127777206851874,1
84.0,rho,rho_like,meson,19.058024224577974,13.58024655635575,5.477777668222224,1
84.0,proton,nucleon_like,baryon,15.96613951366001,11.354472939226675,4.611666574433335,1
85.0,pion,pion_like,meson,33.1455775956353,7.128911796190827,26.01666579944448,1
85.0,rho,rho_like,meson,10.119752889549764,3.0864196968830937,7.03333319266667,1
85.0,proton,nucleon_like,baryon,11.921720358228015,5.100053827994681,6.821666530233335,1
86.0,pion,pion_like,meson,25.460779197461115,8.674882321093573,16.78589687636754,1
86.0,rho,rho_like,meson,21.087463855052455,15.669515245462708,5.417948609589746,1
86.0,proton,nucleon_like,baryon,25.7793461520412,17.98819246171043,7.79115369033077,1
87.0,pion,pion_like,meson,25.979341873648618,8.851564666796744,17.127777206851874,1
87.0,rho,rho_like,meson,24.617694850568938,17.69547276679116,6.92222208377778,1
87.0,proton,nucleon_like,baryon,27.049169831897714,18.437503337464378,8.611666494433338,1
88.0,pion,pion_like,meson,26.19000796084979,8.923341869738657,17.266666091111134,1
88.0,rho,rho_like,meson,20.19382666021431,14.660493437547641,5.533333222666669,1
88.0,proton,nucleon_like,baryon,17.271012952912606,17.271012952912606,nan,0
89.0,pion,pion_like,meson,25.979341873648618,8.851564666796744,17.127777206851874,1
89.0,rho,rho_like,meson,19.058024224577974,13.58024655635575,5.477777668222224,1
89.0,proton,nucleon_like,baryon,15.953278099728129,15.953278099728129,nan,0
90.0,pion,pion_like,meson,27.051823772127314,9.216975881773758,17.834847890353558,1
90.0,rho,rho_like,meson,26.688775981150844,19.07968522424175,7.609090756909095,1
90.0,proton,nucleon_like,baryon,24.23999649469198,16.65863300995561,7.581363484736367,1
91.0,pion,pion_like,meson,20.73673491583778,1.3867355608377654,19.349999355000016,1
91.0,rho,rho_like,meson,7.453086274311232,3.0864196949778986,4.366666579333334,1
91.0,proton,nucleon_like,baryon,10.601772883998349,5.556772984898348,5.0449998991000005,1
92.0,pion,pion_like,meson,27.151744445898622,9.251020404908262,17.90072404099036,1
92.0,rho,rho_like,meson,21.353246921389037,15.566290515389037,5.786956406000002,1
92.0,proton,nucleon_like,baryon,33.04343724093178,24.315828719831774,8.727608521100002,1
93.0,pion,pion_like,meson,25.979341873648618,8.851564666796744,17.127777206851874,1
93.0,rho,rho_like,meson,24.61769485056894,17.69547276679116,6.922222083777782,1
93.0,proton,nucleon_like,baryon,21.924987075019565,14.646653887252896,7.278333187766669,1
94.0,pion,pion_like,meson,38.03001615283222,7.846683825609958,30.183332327222256,1
94.0,rho,rho_like,meson,11.632098549517762,2.9320987235177576,8.699999826000004,1
94.0,proton,nucleon_like,baryon,2.87536032661323,2.87536032661323,nan,0
95.0,pion,pion_like,meson,38.030016152832204,7.846683825609958,30.18333232722225,1
95.0,rho,rho_like,meson,11.632098549517755,2.932098723517754,8.699999826,1
95.0,proton,nucleon_like,baryon,11.140534090017004,3.485534243117005,7.654999846899999,1
96.0,pion,pion_like,meson,16.178291572908364,2.906723387842986,13.271568185065377,1
96.0,rho,rho_like,meson,6.869208260113975,4.012345572153189,2.8568626879607866,1
96.0,proton,nucleon_like,baryon,6.9334531529021595,6.9334531529021595,nan,0
97.0,pion,pion_like,meson,14.028829290600275,4.779839699910028,9.248989590690247,1
97.0,rho,rho_like,meson,19.969733857237724,12.158622902348831,7.811110954888892,1
97.0,proton,nucleon_like,baryon,19.81180539334738,12.230441908611015,7.581363484736365,1
98.0,pion,pion_like,meson,26.82200622245331,9.138673478564398,17.68333274388891,1
98.0,rho,rho_like,meson,24.601233947123326,17.901234081123324,6.699999866000002,1
98.0,proton,nucleon_like,baryon,22.182713452259605,14.737713601159603,7.444999851100004,1
99.0,pion,pion_like,meson,38.030016152832204,7.846683825609958,30.18333232722225,1
99.0,rho,rho_like,meson,11.632098549517755,2.932098723517754,8.699999826,1
99.0,proton,nucleon_like,baryon,2.875360326613226,2.875360326613226,nan,0
100.0,pion,pion_like,meson,26.375889802497888,8.986674695863876,17.389215106634012,1
100.0,rho,rho_like,meson,23.933114864105136,17.429193425556115,6.503921438549022,1
100.0,proton,nucleon_like,baryon,22.49626791191141,15.02185629669376,7.47441161521765,1
101.0,pion,pion_like,meson,27.051823772127314,9.216975881773758,17.834847890353558,1
101.0,rho,rho_like,meson,26.68877598115084,19.079685224241747,7.609090756909094,1
101.0,proton,nucleon_like,baryon,22.661746443212735,22.661746443212735,nan,0
102.0,pion,pion_like,meson,25.73858063113299,8.769533577720273,16.96904705341272,1
102.0,rho,rho_like,meson,19.964549768012557,14.550264162012553,5.414285606000003,1
102.0,proton,nucleon_like,baryon,17.300982813544422,11.92741149244442,5.373571321100004,1
103.0,pion,pion_like,meson,26.37588980249788,8.986674695863874,17.389215106634005,1
103.0,rho,rho_like,meson,21.196005279893427,15.613652450364013,5.5823528295294125,1
103.0,proton,nucleon_like,baryon,19.02538075034409,13.315674982185266,5.709705768158826,1
104.0,pion,pion_like,meson,35.936685342604974,7.5390672415731865,28.39761810103179,1
104.0,rho,rho_like,meson,10.631216734351298,2.6455026083512907,7.9857141260000075,1
104.0,proton,nucleon_like,baryon,2.4395652601534006,2.4395652601534006,nan,0
105.0,pion,pion_like,meson,26.190007960849787,8.923341869738657,17.26666609111113,1
105.0,rho,rho_like,meson,22.456172273022574,16.58950572368924,5.866666549333336,1
105.0,proton,nucleon_like,baryon,19.585827681993543,19.585827681993543,nan,0
106.0,pion,pion_like,meson,19.685916664768172,0.3359173097681534,19.34999935500002,1
106.0,rho,rho_like,meson,11.230863969217502,5.8641974098841665,5.366666559333336,1
106.0,proton,nucleon_like,baryon,10.124195796499217,10.124195796499217,nan,0
107.0,pion,pion_like,meson,26.541118106185074,9.042970541308511,17.49814756487656,1
107.0,rho,rho_like,meson,22.086830719608194,16.46090490620079,5.625925813407407,1
107.0,proton,nucleon_like,baryon,20.724901196847895,14.002123553525673,6.722777643322225,1
108.0,pion,pion_like,meson,26.541118106185074,9.042970541308511,17.49814756487656,1
108.0,rho,rho_like,meson,28.44211176237845,19.890260081563632,8.551851680814817,1
108.0,proton,nucleon_like,baryon,23.58246389325284,23.58246389325284,nan,0
109.0,pion,pion_like,meson,35.93668534260495,7.539067241573188,28.397618101031767,1
109.0,rho,rho_like,meson,10.631216734351298,2.645502608351299,7.985714125999999,1
109.0,proton,nucleon_like,baryon,2.439565260153411,2.439565260153411,nan,0
110.0,pion,pion_like,meson,25.460779197461118,8.674882321093573,16.785896876367545,1
110.0,rho,rho_like,meson,21.087463855052462,15.669515245462716,5.417948609589746,1
110.0,proton,nucleon_like,baryon,18.84118662110338,12.588494438464913,6.252692182638466,1
111.0,pion,pion_like,meson,39.658162338564516,8.085941168749672,31.572221169814846,1
111.0,rho,rho_like,meson,12.787791252826025,3.5322358823815803,9.255555370444446,1
111.0,proton,nucleon_like,baryon,3.666986925324471,3.666986925324471,nan,0
112.0,pion,pion_like,meson,27.862944535682633,9.493337304865616,18.369607230817017,1
112.0,rho,rho_like,meson,35.74865559276559,24.14669504049107,11.601960552274514,1
112.0,proton,nucleon_like,baryon,31.811987055856388,21.396399028874033,10.415588026982356,1
113.0,pion,pion_like,meson,24.96888759673496,1.8933981698395044,23.075489426895455,1
113.0,rho,rho_like,meson,9.851052803810514,3.9941901758497256,5.856862627960788,1
113.0,proton,nucleon_like,baryon,11.538947158531176,6.0898296204547,5.449117538076475,1
114.0,pion,pion_like,meson,12.496712292773562,4.257823678514295,8.238888614259269,1
114.0,rho,rho_like,meson,18.256303296484326,10.849232737555031,7.407070558929296,1
114.0,proton,nucleon_like,baryon,19.16378608176394,11.88545289399727,7.278333187766671,1
115.0,pion,pion_like,meson,26.68895395685257,9.093340508285294,17.595613448567274,1
115.0,rho,rho_like,meson,21.259453661549557,15.594541494146046,5.664912167403511,1
115.0,proton,nucleon_like,baryon,19.08839453140014,13.564447273458036,5.523947257942105,1
116.0,pion,pion_like,meson,35.93668534260496,7.539067241573188,28.397618101031775,1
116.0,rho,rho_like,meson,10.631216734351304,2.645502608351299,7.985714126000004,1
116.0,proton,nucleon_like,baryon,2.439565260153411,2.439565260153411,nan,0
117.0,pion,pion_like,meson,11.409403455606219,3.88736069558829,7.5220427600179285,1
117.0,rho,rho_like,meson,18.64942205248884,10.981680270359808,7.667741782129034,1
117.0,proton,nucleon_like,baryon,15.003755408872186,15.003755408872186,nan,0
118.0,pion,pion_like,meson,40.960679287150356,8.277347043261438,32.68333224388892,1
118.0,rho,rho_like,meson,13.712345415472642,4.012345609472641,9.699999806000001,1
118.0,proton,nucleon_like,baryon,4.300288204293466,4.300288204293466,nan,0
119.0,pion,pion_like,meson,25.73858063113299,8.769533577720273,16.96904705341272,1
119.0,rho,rho_like,meson,17.75996429813645,12.345678692136445,5.414285606000003,1
119.0,proton,nucleon_like,baryon,14.718743036330382,10.163743127430378,4.554999908900005,1
120.0,pion,pion_like,meson,38.03001615283222,7.846683825609956,30.18333232722226,1
120.0,rho,rho_like,meson,11.632098549517764,2.9320987235177594,8.699999826000004,1
120.0,proton,nucleon_like,baryon,2.8753603266132317,2.8753603266132317,nan,0
121.0,pion,pion_like,meson,26.19000796084979,8.923341869738657,17.266666091111134,1
121.0,rho,rho_like,meson,20.19382666021431,14.660493437547641,5.533333222666669,1
121.0,proton,nucleon_like,baryon,17.591361420648433,12.39636152454843,5.194999896100002,1
122.0,pion,pion_like,meson,26.37588980249788,8.986674695863874,17.38921510663401,1
122.0,rho,rho_like,meson,21.196005279893424,15.613652450364013,5.582352829529412,1
122.0,proton,nucleon_like,baryon,22.762404797647186,15.876228464782477,6.886176332864708,1
123.0,pion,pion_like,meson,15.560946288426983,5.30185572130576,10.259090567121223,1
123.0,rho,rho_like,meson,21.68316441799112,13.46801306714263,8.215151350848489,1
123.0,proton,nucleon_like,baryon,20.459824704930817,12.575430923224753,7.8843937817060645,1
124.0,pion,pion_like,meson,26.375889802497888,8.986674695863874,17.389215106634012,1
124.0,rho,rho_like,meson,21.196005279893434,15.613652450364018,5.582352829529415,1
124.0,proton,nucleon_like,baryon,19.025380750344095,13.31567498218527,5.709705768158825,1
125.0,pion,pion_like,meson,33.14557759563529,7.128911796190827,26.016665799444464,1
125.0,rho,rho_like,meson,10.119752889549765,3.086419696883101,7.033333192666664,1
125.0,proton,nucleon_like,baryon,2.846159455948183,2.846159455948183,nan,0
126.0,pion,pion_like,meson,26.190007960849787,8.923341869738657,17.26666609111113,1
126.0,rho,rho_like,meson,22.45617227302257,16.589505723689236,5.866666549333335,1
126.0,proton,nucleon_like,baryon,20.38457121503572,13.939571343935718,6.444999871100002,1
127.0,pion,pion_like,meson,26.37588980249788,8.986674695863874,17.38921510663401,1
127.0,rho,rho_like,meson,23.93311486410513,17.429193425556107,6.503921438549022,1
127.0,proton,nucleon_like,baryon,21.65428408623802,14.768107753373316,6.886176332864706,1
128.0,pion,pion_like,meson,35.93668534260495,7.53906724157319,28.397618101031764,1
128.0,rho,rho_like,meson,10.631216734351305,2.645502608351307,7.985714125999999,1
128.0,proton,nucleon_like,baryon,11.193141266562336,3.8952842696623393,7.297856996899997,1
129.0,pion,pion_like,meson,20.076743524486858,0.3100775167090694,19.76666600777779,1
129.0,rho,rho_like,meson,9.882098564741803,5.015431995408468,4.866666569333334,1
129.0,proton,nucleon_like,baryon,12.619172687780846,6.824172803680849,5.794999884099998,1
130.0,pion,pion_like,meson,17.1871130371061,0.4297061882789206,16.75740684882718,1
130.0,rho,rho_like,meson,8.2034292038081,3.4293552252155033,4.774073978592596,1
130.0,proton,nucleon_like,baryon,6.973706752868326,6.973706752868326,nan,0
131.0,pion,pion_like,meson,39.65816233856452,8.085941168749669,31.572221169814853,1
131.0,rho,rho_like,meson,12.787791252826032,3.532235882381584,9.25555537044445,1
131.0,proton,nucleon_like,baryon,11.401400650717507,3.4686230315952806,7.932777619122227,1
132.0,pion,pion_like,meson,35.93668534260496,7.5390672415731865,28.39761810103177,1
132.0,rho,rho_like,meson,10.631216734351295,2.6455026083512942,7.985714126,1
132.0,proton,nucleon_like,baryon,2.4395652601534046,2.4395652601534046,nan,0
133.0,pion,pion_like,meson,22.908843565883565,2.9527836250249635,19.9560599408586,1
133.0,rho,rho_like,meson,5.535016730624436,0.9259259137153459,4.609090816909091,1
133.0,proton,nucleon_like,baryon,3.2159921928544946,3.2159921928544946,nan,0
134.0,pion,pion_like,meson,26.37588980249788,8.986674695863874,17.38921510663401,1
134.0,rho,rho_like,meson,23.933114864105125,17.429193425556104,6.503921438549021,1
134.0,proton,nucleon_like,baryon,21.654284086238015,14.768107753373307,6.886176332864708,1
135.0,pion,pion_like,meson,35.93668534260497,7.5390672415731865,28.397618101031778,1
135.0,rho,rho_like,meson,10.631216734351298,2.6455026083512942,7.985714126000005,1
135.0,proton,nucleon_like,baryon,11.19314126656234,3.8952842696623367,7.297856996900004,1
136.0,pion,pion_like,meson,39.65816233856453,8.08594116874967,31.57222116981486,1
136.0,rho,rho_like,meson,12.787791252826036,3.5322358823815856,9.25555537044445,1
136.0,proton,nucleon_like,baryon,3.666986925324477,3.666986925324477,nan,0
137.0,pion,pion_like,meson,42.02637497235696,8.433951849680158,33.592423122676806,1
137.0,rho,rho_like,meson,14.468798821274428,4.405162658910786,10.063636162363641,1
137.0,proton,nucleon_like,baryon,4.818443796177194,4.818443796177194,nan,0
138.0,pion,pion_like,meson,35.93668534260496,7.539067241573184,28.397618101031775,1
138.0,rho,rho_like,meson,10.631216734351295,2.645502608351293,7.985714126000002,1
138.0,proton,nucleon_like,baryon,11.193141266562337,3.895284269662335,7.297856996900003,1
139.0,pion,pion_like,meson,38.03001615283222,7.846683825609958,30.183332327222256,1
139.0,rho,rho_like,meson,11.632098549517762,2.9320987235177576,8.699999826000004,1
139.0,proton,nucleon_like,baryon,11.14053409001702,3.485534243117017,7.654999846900004,1
140.0,pion,pion_like,meson,27.151744445898622,9.251020404908262,17.90072404099036,1
140.0,rho,rho_like,meson,22.69516851174841,16.908212105748408,5.786956406000002,1
140.0,proton,nucleon_like,baryon,20.007853342508408,13.454157821408407,6.553695521100002,1
141.0,pion,pion_like,meson,25.13667752484393,8.564455855029092,16.572221669814837,1
141.0,rho,rho_like,meson,17.08683086355476,11.831275413110312,5.255555450444447,1
141.0,proton,nucleon_like,baryon,13.799531599356051,9.244531690456048,4.554999908900002,1
142.0,pion,pion_like,meson,26.190007960849787,8.923341869738657,17.26666609111113,1
142.0,rho,rho_like,meson,20.19382666021431,14.660493437547641,5.533333222666667,1
142.0,proton,nucleon_like,baryon,17.591361420648422,12.396361524548418,5.194999896100004,1
143.0,pion,pion_like,meson,33.1455775956353,7.128911796190824,26.016665799444482,1
143.0,rho,rho_like,meson,10.119752889549764,3.0864196968830924,7.033333192666672,1
143.0,proton,nucleon_like,baryon,2.8461594559481727,2.8461594559481727,nan,0
144.0,pion,pion_like,meson,20.076743524486872,0.3100775167090656,19.766666007777808,1
144.0,rho,rho_like,meson,9.882098564741819,5.015431995408481,4.866666569333337,1
144.0,proton,nucleon_like,baryon,12.619172687780846,6.824172803680842,5.794999884100005,1
145.0,pion,pion_like,meson,26.190007960849787,8.923341869738657,17.26666609111113,1
145.0,rho,rho_like,meson,20.19382666021431,14.660493437547641,5.533333222666667,1
145.0,proton,nucleon_like,baryon,18.90263587758327,13.082635993983265,5.819999883600002,1
146.0,pion,pion_like,meson,25.13667752484393,8.564455855029092,16.572221669814837,1
146.0,rho,rho_like,meson,19.658847245076885,14.403291794632437,5.255555450444447,1
146.0,proton,nucleon_like,baryon,16.91381133740576,11.302144782972425,5.611666554433336,1
147.0,pion,pion_like,meson,25.460779197461108,8.674882321093571,16.785896876367538,1
147.0,rho,rho_like,meson,21.08746385505246,15.669515245462712,5.417948609589746,1
147.0,proton,nucleon_like,baryon,18.84118662110338,12.588494438464915,6.252692182638463,1
148.0,pion,pion_like,meson,26.37588980249788,8.986674695863874,17.389215106634005,1
148.0,rho,rho_like,meson,21.196005279893427,15.613652450364013,5.5823528295294125,1
148.0,proton,nucleon_like,baryon,19.02538075034409,13.315674982185266,5.709705768158826,1
149.0,pion,pion_like,meson,39.65816233856452,8.085941168749669,31.572221169814853,1
149.0,rho,rho_like,meson,12.787791252826032,3.532235882381584,9.25555537044445,1
149.0,proton,nucleon_like,baryon,3.666986925324475,3.666986925324475,nan,0
150.0,pion,pion_like,meson,35.93668534260497,7.539067241573184,28.39761810103178,1
150.0,rho,rho_like,meson,10.631216734351295,2.64550260835129,7.985714126000006,1
150.0,proton,nucleon_like,baryon,11.193141266562348,3.895284269662341,7.297856996900007,1
151.0,pion,pion_like,meson,26.541118106185074,9.042970541308511,17.49814756487656,1
151.0,rho,rho_like,meson,25.24595272284518,18.175582493882214,7.070370228962965,1
151.0,proton,nucleon_like,baryon,22.782917749528945,15.504584561762277,7.278333187766668,1
152.0,pion,pion_like,meson,38.03001615283222,7.8466838256099605,30.18333232722226,1
152.0,rho,rho_like,meson,11.632098549517764,2.932098723517759,8.699999826000004,1
152.0,proton,nucleon_like,baryon,11.140534090017022,3.485534243117018,7.6549998469000045,1
153.0,pion,pion_like,meson,33.14557759563529,7.128911796190824,26.016665799444468,1
153.0,rho,rho_like,meson,10.11975288954976,3.086419696883096,7.033333192666665,1
153.0,proton,nucleon_like,baryon,2.846159455948176,2.846159455948176,nan,0
154.0,pion,pion_like,meson,42.02637497235696,8.433951849680158,33.592423122676806,1
154.0,rho,rho_like,meson,14.46879882127442,4.405162658910783,10.063636162363638,1
154.0,proton,nucleon_like,baryon,4.81844379617719,4.81844379617719,nan,0
155.0,pion,pion_like,meson,24.96888759673496,1.8933981698395044,23.075489426895455,1
155.0,rho,rho_like,meson,9.851052803810514,3.9941901758497256,5.856862627960788,1
155.0,proton,nucleon_like,baryon,11.538947158531176,6.0898296204547,5.449117538076475,1
156.0,pion,pion_like,meson,22.56410689140933,0.9334058580467319,21.630701033362598,1
156.0,rho,rho_like,meson,10.152241502578114,4.873294239736007,5.278947262842108,1
156.0,proton,nucleon_like,baryon,12.307814826354313,6.973341248833258,5.334473577521055,1
157.0,pion,pion_like,meson,33.1455775956353,7.128911796190822,26.01666579944448,1
157.0,rho,rho_like,meson,10.119752889549762,3.086419696883091,7.033333192666671,1
157.0,proton,nucleon_like,baryon,11.921720358228022,5.1000538279946825,6.821666530233339,1
158.0,pion,pion_like,meson,20.890816617353018,0.4297061882789206,20.461110429074097,1
158.0,rho,rho_like,meson,9.955143827785811,5.14403281289692,4.8111110148888905,1
158.0,proton,nucleon_like,baryon,12.831674922850006,7.175563924861115,5.6561109979888915,1
159.0,pion,pion_like,meson,25.979341873648618,8.851564666796744,17.127777206851874,1
159.0,rho,rho_like,meson,21.115637329795682,15.637859661573456,5.477777668222225,1
159.0,proton,nucleon_like,baryon,18.94556329433979,13.000563413239789,5.944999881100002,1
160.0,pion,pion_like,meson,33.145577595635295,7.128911796190828,26.016665799444468,1
160.0,rho,rho_like,meson,10.119752889549773,3.0864196968831052,7.033333192666667,1
160.0,proton,nucleon_like,baryon,11.921720358228018,5.100053827994686,6.821666530233333,1
161.0,pion,pion_like,meson,26.82200622245331,9.138673478564398,17.68333274388891,1
161.0,rho,rho_like,meson,27.477777082703266,19.444443910036597,8.03333317266667,1
161.0,proton,nucleon_like,baryon,23.076069295730786,23.076069295730786,nan,0
162.0,pion,pion_like,meson,38.03001615283222,7.8466838256099605,30.18333232722226,1
162.0,rho,rho_like,meson,11.632098549517764,2.932098723517759,8.699999826000004,1
162.0,proton,nucleon_like,baryon,2.875360326613232,2.875360326613232,nan,0
163.0,pion,pion_like,meson,26.942386843711116,9.179689023102632,17.762697820608484,1
163.0,rho,rho_like,meson,22.955143454871124,17.0487943666489,5.906349088222226,1
163.0,proton,nucleon_like,baryon,23.02293427874595,15.74460109097928,7.278333187766668,1
164.0,pion,pion_like,meson,10.964595294946854,3.735807657118562,7.228787637828292,1
164.0,rho,rho_like,meson,11.95813661144555,7.379348824233426,4.578787787212123,1
164.0,proton,nucleon_like,baryon,14.45291616016262,9.29579505118383,5.15712110897879,1
165.0,pion,pion_like,meson,25.738580631132987,8.76953357772027,16.969047053412716,1
165.0,rho,rho_like,meson,15.555378828260327,10.141093222260327,5.414285606,1
165.0,proton,nucleon_like,baryon,12.955074671316327,8.400074762416324,4.554999908900003,1
166.0,pion,pion_like,meson,33.1455775956353,7.128911796190827,26.01666579944448,1
166.0,rho,rho_like,meson,10.119752889549764,3.0864196968830937,7.03333319266667,1
166.0,proton,nucleon_like,baryon,11.921720358228026,5.10005382799469,6.821666530233337,1
167.0,pion,pion_like,meson,26.19000796084979,8.923341869738657,17.266666091111134,1
167.0,rho,rho_like,meson,20.19382666021431,14.660493437547641,5.533333222666669,1
167.0,proton,nucleon_like,baryon,21.978616113064824,15.533616241964822,6.444999871100002,1
168.0,pion,pion_like,meson,21.994778130365464,0.8800729518360256,21.114705178529437,1
168.0,rho,rho_like,meson,9.792955497531873,4.720406579375007,5.0725489181568655,1
168.0,proton,nucleon_like,baryon,12.046182123172082,6.618829290542671,5.427352832629412,1
169.0,pion,pion_like,meson,38.03001615283221,7.846683825609956,30.183332327222253,1
169.0,rho,rho_like,meson,11.632098549517758,2.9320987235177562,8.699999826000003,1
169.0,proton,nucleon_like,baryon,11.140534090017017,3.4855342431170153,7.654999846900002,1
170.0,pion,pion_like,meson,19.030078119373243,0.15626922469068055,18.87380889468256,1
170.0,rho,rho_like,meson,9.835802273209056,4.850088087209054,4.985714186000003,1
170.0,proton,nucleon_like,baryon,12.345955528406224,6.372384219306221,5.973571309100003,1
171.0,pion,pion_like,meson,39.65816233856452,8.08594116874967,31.572221169814853,1
171.0,rho,rho_like,meson,12.787791252826032,3.5322358823815856,9.255555370444446,1
171.0,proton,nucleon_like,baryon,11.401400650717513,3.468623031595287,7.932777619122225,1
172.0,pion,pion_like,meson,22.23005961274427,2.4633936049664626,19.766666007777808,1
172.0,rho,rho_like,meson,6.07654309444232,1.5432098517756494,4.533333242666671,1
172.0,proton,nucleon_like,baryon,4.102905212290981,4.102905212290981,nan,0
173.0,pion,pion_like,meson,26.822006222453307,9.138673478564396,17.68333274388891,1
173.0,rho,rho_like,meson,24.601233947123323,17.90123408112332,6.6999998660000015,1
173.0,proton,nucleon_like,baryon,21.224217512466033,21.224217512466033,nan,0
174.0,pion,pion_like,meson,35.93668534260497,7.53906724157319,28.397618101031778,1
174.0,rho,rho_like,meson,10.631216734351305,2.6455026083513005,7.985714126000004,1
174.0,proton,nucleon_like,baryon,2.4395652601534135,2.4395652601534135,nan,0
175.0,pion,pion_like,meson,26.541118106185074,9.042970541308511,17.498147564876565,1
175.0,rho,rho_like,meson,25.245952722845185,18.175582493882217,7.070370228962967,1
175.0,proton,nucleon_like,baryon,22.782917749528956,15.504584561762286,7.278333187766668,1
176.0,pion,pion_like,meson,27.051823772127314,9.216975881773758,17.834847890353558,1
176.0,rho,rho_like,meson,26.68877598115084,19.079685224241747,7.609090756909094,1
176.0,proton,nucleon_like,baryon,41.272081213125496,29.59980871929822,11.672272493827277,1
177.0,pion,pion_like,meson,13.550042728779431,4.6167096932238625,8.933333035555568,1
177.0,rho,rho_like,meson,20.905246364969305,12.538579865635967,8.366666499333338,1
177.0,proton,nucleon_like,baryon,15.913450307771834,15.913450307771834,nan,0
178.0,pion,pion_like,meson,22.840285403477477,0.5273231842799233,22.312962219197555,1
178.0,rho,rho_like,meson,6.755829820572749,6.755829820572749,nan,0
178.0,proton,nucleon_like,baryon,14.395652850829729,14.395652850829729,nan,0
179.0,pion,pion_like,meson,14.904324717929821,5.078134569279017,9.826190148650804,1
179.0,rho,rho_like,meson,21.54656028376277,13.2275128310961,8.31904745266667,1
179.0,proton,nucleon_like,baryon,15.808699486692726,15.808699486692726,nan,0
180.0,pion,pion_like,meson,42.02637497235697,8.433951849680156,33.59242312267681,1
180.0,rho,rho_like,meson,14.468798821274433,4.405162658910788,10.063636162363645,1
180.0,proton,nucleon_like,baryon,4.8184437961771955,4.8184437961771955,nan,0
181.0,pion,pion_like,meson,15.365604699598856,0.13325226616745978,15.232352433431396,1
181.0,rho,rho_like,meson,8.840885825080768,3.631082007708214,5.209803817372554,1
181.0,proton,nucleon_like,baryon,7.383924802177338,7.383924802177338,nan,0
182.0,pion,pion_like,meson,25.13667752484393,8.564455855029092,16.572221669814837,1
182.0,rho,rho_like,meson,23.675308042154565,16.975308176154563,6.6999998660000015,1
182.0,proton,nucleon_like,baryon,20.63809106325548,13.359757875488809,7.27833318776667,1
183.0,pion,pion_like,meson,26.07287870427483,0.9334058580467319,25.1394728462281,1
183.0,rho,rho_like,meson,4.6621182010524755,4.6621182010524755,nan,0
183.0,proton,nucleon_like,baryon,11.01061013845825,11.01061013845825,nan,0
184.0,pion,pion_like,meson,20.330586367314144,0.7241767644508714,19.606409602863273,1
184.0,rho,rho_like,meson,8.819657942781339,4.273504187550567,4.546153755230772,1
184.0,proton,nucleon_like,baryon,11.281409606177874,5.582563566308642,5.698846039869233,1
185.0,pion,pion_like,meson,35.93668534260497,7.5390672415731865,28.397618101031778,1
185.0,rho,rho_like,meson,10.631216734351298,2.6455026083512942,7.985714126000005,1
185.0,proton,nucleon_like,baryon,2.4395652601534046,2.4395652601534046,nan,0
186.0,pion,pion_like,meson,19.903061579394514,0.026746452464674535,19.87631512692984,1
186.0,rho,rho_like,meson,10.609031621872658,5.523066811311254,5.085964810561404,1
186.0,proton,nucleon_like,baryon,9.606517714392336,9.606517714392336,nan,0
187.0,pion,pion_like,meson,25.73858063113299,8.769533577720273,16.96904705341272,1
187.0,rho,rho_like,meson,19.964549768012557,14.550264162012553,5.414285606000003,1
187.0,proton,nucleon_like,baryon,17.30098281354443,11.92741149244443,5.373571321100002,1
188.0,pion,pion_like,meson,26.190007960849787,8.923341869738657,17.26666609111113,1
188.0,rho,rho_like,meson,22.45617227302257,16.589505723689236,5.866666549333335,1
188.0,proton,nucleon_like,baryon,20.384571215035713,13.93957134393571,6.444999871100004,1
189.0,pion,pion_like,meson,26.19000796084979,8.923341869738657,17.266666091111134,1
189.0,rho,rho_like,meson,22.456172273022574,16.58950572368924,5.866666549333336,1
189.0,proton,nucleon_like,baryon,20.38457121503573,13.93957134393573,6.4449998711,1
190.0,pion,pion_like,meson,26.37588980249788,8.986674695863874,17.389215106634005,1
190.0,rho,rho_like,meson,19.380464304701334,13.798111475171922,5.5823528295294125,1
190.0,proton,nucleon_like,baryon,16.418242119897226,11.863242210997221,4.554999908900004,1
191.0,pion,pion_like,meson,14.028829290600278,4.7798396999100285,9.248989590690249,1
191.0,rho,rho_like,meson,18.226374381128668,11.223344218158967,7.0030301629697,1
191.0,proton,nucleon_like,baryon,14.005859832375434,14.005859832375434,nan,0
192.0,pion,pion_like,meson,11.970047074770633,4.078380671159512,7.89166640361112,1
192.0,rho,rho_like,meson,15.696913165466558,9.413579957799888,6.2833332076666695,1
192.0,proton,nucleon_like,baryon,17.262830015504314,10.817830144404311,6.444999871100002,1
193.0,pion,pion_like,meson,33.1455775956353,7.128911796190822,26.01666579944448,1
193.0,rho,rho_like,meson,10.119752889549762,3.086419696883091,7.033333192666671,1
193.0,proton,nucleon_like,baryon,2.84615945594817,2.84615945594817,nan,0
194.0,pion,pion_like,meson,19.030078119373243,0.15626922469068055,18.87380889468256,1
194.0,rho,rho_like,meson,9.835802273209056,4.850088087209054,4.985714186000003,1
194.0,proton,nucleon_like,baryon,8.760257048188196,8.760257048188196,nan,0
195.0,pion,pion_like,meson,25.979341873648618,8.851564666796744,17.127777206851874,1
195.0,rho,rho_like,meson,21.11563732979567,15.637859661573447,5.477777668222224,1
195.0,proton,nucleon_like,baryon,18.945563294339784,13.000563413239783,5.9449998811,1
196.0,pion,pion_like,meson,33.1455775956353,7.128911796190827,26.01666579944448,1
196.0,rho,rho_like,meson,10.119752889549769,3.0864196968830973,7.033333192666671,1
196.0,proton,nucleon_like,baryon,11.921720358228027,5.100053827994689,6.821666530233339,1
197.0,pion,pion_like,meson,25.979341873648618,8.851564666796744,17.127777206851874,1
197.0,rho,rho_like,meson,24.61769485056894,17.69547276679116,6.922222083777782,1
197.0,proton,nucleon_like,baryon,21.92498707501957,14.646653887252903,7.278333187766667,1
198.0,pion,pion_like,meson,24.219806438720408,2.049294357224656,22.17051208149575,1
198.0,rho,rho_like,meson,8.818708267914937,3.3238365829405745,5.494871684974362,1
198.0,proton,nucleon_like,baryon,9.488585034797639,4.55896974877456,4.929615286023079,1
199.0,pion,pion_like,meson,23.64097099843643,2.169759592931365,21.471211405505066,1
199.0,rho,rho_like,meson,8.020987490177436,2.805836079328952,5.215151410848485,1
199.0,proton,nucleon_like,baryon,17.98342057243401,11.16569343606128,6.81772713637273,1
200.0,pion,pion_like,meson,33.145577595635295,7.128911796190828,26.016665799444468,1
200.0,rho,rho_like,meson,10.119752889549765,3.0864196968831017,7.033333192666665,1
200.0,proton,nucleon_like,baryon,2.846159455948185,2.846159455948185,nan,0
201.0,pion,pion_like,meson,24.64428576159531,1.9609531843730723,22.683332577222238,1
201.0,rho,rho_like,meson,9.403703504922417,3.7037036189224195,5.699999885999997,1
201.0,proton,nucleon_like,baryon,12.00413657630952,6.459136687209522,5.544999889099998,1
202.0,pion,pion_like,meson,29.238026749877758,6.554694172655521,22.683332577222238,1
202.0,rho,rho_like,meson,9.403703506827618,3.703703620827622,5.699999885999997,1
202.0,proton,nucleon_like,baryon,12.941731086559962,6.786731209659965,6.154999876899996,1
203.0,pion,pion_like,meson,25.460779197461115,8.674882321093573,16.78589687636754,1
203.0,rho,rho_like,meson,21.08746385505245,15.669515245462708,5.417948609589743,1
203.0,proton,nucleon_like,baryon,25.779346152041207,17.988192461710437,7.791153690330771,1
204.0,pion,pion_like,meson,38.03001615283221,7.8466838256099605,30.183332327222253,1
204.0,rho,rho_like,meson,11.632098549517757,2.9320987235177554,8.699999826,1
204.0,proton,nucleon_like,baryon,2.8753603266132277,2.8753603266132277,nan,0
205.0,pion,pion_like,meson,26.37588980249788,8.986674695863874,17.38921510663401,1
205.0,rho,rho_like,meson,21.196005279893427,15.613652450364013,5.582352829529413,1
205.0,proton,nucleon_like,baryon,19.025380750344084,13.315674982185259,5.709705768158827,1
206.0,pion,pion_like,meson,33.14557759563531,7.128911796190822,26.016665799444485,1
206.0,rho,rho_like,meson,10.119752889549762,3.0864196968830875,7.0333331926666744,1
206.0,proton,nucleon_like,baryon,11.921720358228022,5.100053827994681,6.82166653023334,1
207.0,pion,pion_like,meson,42.02637497235696,8.433951849680158,33.592423122676806,1
207.0,rho,rho_like,meson,14.468798821274428,4.405162658910786,10.063636162363641,1
207.0,proton,nucleon_like,baryon,11.780842920827308,3.444024905745483,8.336818015081825,1
208.0,pion,pion_like,meson,38.03001615283222,7.846683825609956,30.18333232722226,1
208.0,rho,rho_like,meson,11.632098549517764,2.9320987235177594,8.699999826000004,1
208.0,proton,nucleon_like,baryon,11.140534090017022,3.485534243117018,7.6549998469000045,1
209.0,pion,pion_like,meson,25.979341873648615,8.851564666796744,17.12777720685187,1
209.0,rho,rho_like,meson,24.617694850568935,17.695472766791156,6.92222208377778,1
209.0,proton,nucleon_like,baryon,21.92498707501956,14.64665388725289,7.278333187766669,1
210.0,pion,pion_like,meson,33.145577595635295,7.128911796190827,26.01666579944447,1
210.0,rho,rho_like,meson,10.119752889549769,3.086419696883101,7.033333192666668,1
210.0,proton,nucleon_like,baryon,2.846159455948183,2.846159455948183,nan,0
211.0,pion,pion_like,meson,33.1455775956353,7.128911796190824,26.016665799444475,1
211.0,rho,rho_like,meson,10.119752889549765,3.086419696883096,7.03333319266667,1
211.0,proton,nucleon_like,baryon,11.921720358228024,5.100053827994687,6.821666530233337,1
212.0,pion,pion_like,meson,19.90306157939451,0.026746452464672624,19.87631512692984,1
212.0,rho,rho_like,meson,10.609031621872662,5.523066811311258,5.0859648105614035,1
212.0,proton,nucleon_like,baryon,13.53448426993025,7.67369491346183,5.860789356468421,1
213.0,pion,pion_like,meson,18.449913271308535,0.7665805274196315,17.683332743888904,1
213.0,rho,rho_like,meson,11.487036810154093,5.7870369241540915,5.699999886000001,1
213.0,proton,nucleon_like,baryon,10.16023483673089,10.16023483673089,nan,0
214.0,pion,pion_like,meson,33.1455775956353,7.128911796190827,26.01666579944448,1
214.0,rho,rho_like,meson,10.119752889549769,3.0864196968830973,7.033333192666671,1
214.0,proton,nucleon_like,baryon,11.921720358228027,5.100053827994689,6.821666530233339,1
215.0,pion,pion_like,meson,25.460779197461115,8.674882321093573,16.78589687636754,1
215.0,rho,rho_like,meson,25.512914832867754,18.0436842130216,7.469230619846155,1
215.0,proton,nucleon_like,baryon,22.27898329111851,14.48782960078774,7.791153690330772,1
216.0,pion,pion_like,meson,38.03001615283222,7.846683825609956,30.18333232722226,1
216.0,rho,rho_like,meson,11.632098549517764,2.9320987235177594,8.699999826000004,1
216.0,proton,nucleon_like,baryon,2.8753603266132317,2.8753603266132317,nan,0
217.0,pion,pion_like,meson,35.93668534260497,7.5390672415731865,28.397618101031778,1
217.0,rho,rho_like,meson,10.631216734351298,2.6455026083512942,7.985714126000005,1
217.0,proton,nucleon_like,baryon,2.4395652601534046,2.4395652601534046,nan,0
218.0,pion,pion_like,meson,19.40324501165517,0.9623365354430311,18.440908476212137,1
218.0,rho,rho_like,meson,12.304938023722212,6.453422989237364,5.851515034484849,1
218.0,proton,nucleon_like,baryon,15.25956175821814,8.896380067299958,6.363181690918183,1
219.0,pion,pion_like,meson,25.979341873648618,8.851564666796744,17.127777206851874,1
219.0,rho,rho_like,meson,21.115637329795675,15.63785966157345,5.477777668222223,1
219.0,proton,nucleon_like,baryon,18.945563294339788,13.000563413239787,5.944999881100001,1
220.0,pion,pion_like,meson,26.19000796084979,8.923341869738657,17.266666091111134,1
220.0,rho,rho_like,meson,20.193826660214313,14.660493437547643,5.53333322266667,1
220.0,proton,nucleon_like,baryon,17.271012952912606,17.271012952912606,nan,0
221.0,pion,pion_like,meson,26.68895395685257,9.093340508285294,17.595613448567274,1
221.0,rho,rho_like,meson,21.259453661549557,15.594541494146046,5.664912167403511,1
221.0,proton,nucleon_like,baryon,18.44264625438663,18.44264625438663,nan,0
222.0,pion,pion_like,meson,16.34889217302358,5.570321103737852,10.778571069285729,1
222.0,rho,rho_like,meson,24.80581946137594,15.34391488870927,9.46190457266667,1
222.0,proton,nucleon_like,baryon,17.354813540654877,17.354813540654877,nan,0
223.0,pion,pion_like,meson,35.93668534260496,7.53906724157319,28.39761810103177,1
223.0,rho,rho_like,meson,10.631216734351302,2.6455026083513005,7.985714126,1
223.0,proton,nucleon_like,baryon,2.4395652601534135,2.4395652601534135,nan,0
224.0,pion,pion_like,meson,35.93668534260496,7.5390672415731865,28.39761810103177,1
224.0,rho,rho_like,meson,10.631216734351298,2.645502608351298,7.985714126000001,1
224.0,proton,nucleon_like,baryon,11.193141266562352,3.895284269662348,7.297856996900004,1
225.0,pion,pion_like,meson,38.03001615283222,7.846683825609956,30.18333232722226,1
225.0,rho,rho_like,meson,11.632098549517764,2.9320987235177594,8.699999826000004,1
225.0,proton,nucleon_like,baryon,2.8753603266132317,2.8753603266132317,nan,0
226.0,pion,pion_like,meson,40.96067928715036,8.277347043261436,32.68333224388893,1
226.0,rho,rho_like,meson,13.712345415472646,4.012345609472643,9.699999806000003,1
226.0,proton,nucleon_like,baryon,4.300288204293468,4.300288204293468,nan,0
227.0,pion,pion_like,meson,38.03001615283222,7.846683825609958,30.183332327222264,1
227.0,rho,rho_like,meson,11.632098549517767,2.932098723517761,8.699999826000006,1
227.0,proton,nucleon_like,baryon,2.875360326613234,2.875360326613234,nan,0
228.0,pion,pion_like,meson,26.688953956852565,9.093340508285293,17.59561344856727,1
228.0,rho,rho_like,meson,23.39265698005476,17.218972893002125,6.173684087052634,1
228.0,proton,nucleon_like,baryon,21.44057120035785,14.863992384521007,6.576578815836844,1
229.0,pion,pion_like,meson,10.964595294946854,3.735807657118562,7.228787637828291,1
229.0,rho,rho_like,meson,13.701496087554602,8.314627508423289,5.386868579131314,1
229.0,proton,nucleon_like,baryon,11.848558374434353,11.848558374434353,nan,0
230.0,pion,pion_like,meson,23.236734832504453,1.3867355608377645,21.84999927166669,1
230.0,rho,rho_like,meson,9.610493625996195,4.24382706666286,5.366666559333336,1
230.0,proton,nucleon_like,baryon,11.162502723534411,5.992502826934408,5.169999896600003,1
231.0,pion,pion_like,meson,26.19000796084979,8.923341869738657,17.266666091111134,1
231.0,rho,rho_like,meson,29.647530111972436,20.44753029597243,9.199999816000004,1
231.0,proton,nucleon_like,baryon,24.21545714015541,24.21545714015541,nan,0
232.0,pion,pion_like,meson,26.54111810618508,9.042970541308515,17.498147564876568,1
232.0,rho,rho_like,meson,20.372153131926787,14.746227318519377,5.6259258134074095,1
232.0,proton,nucleon_like,baryon,18.242048046281422,12.630381491848086,5.611666554433335,1
233.0,pion,pion_like,meson,20.89081661735302,0.42970618827892443,20.461110429074097,1
233.0,rho,rho_like,meson,9.955143827785804,5.1440328128969135,4.81111101488889,1
233.0,proton,nucleon_like,baryon,12.831674922849999,7.175563924861109,5.65611099798889,1
234.0,pion,pion_like,meson,27.051823772127314,9.216975881773758,17.834847890353558,1
234.0,rho,rho_like,meson,24.073736766987253,17.67676719795695,6.396969569030305,1
234.0,proton,nucleon_like,baryon,41.477732443012236,30.260005394639503,11.217727048372732,1
235.0,pion,pion_like,meson,33.145577595635295,7.128911796190828,26.016665799444468,1
235.0,rho,rho_like,meson,10.119752889549773,3.0864196968831052,7.033333192666667,1
235.0,proton,nucleon_like,baryon,2.846159455948189,2.846159455948189,nan,0
236.0,pion,pion_like,meson,25.460779197461115,8.674882321093573,16.78589687636754,1
236.0,rho,rho_like,meson,21.08746385505246,15.669515245462712,5.417948609589747,1
236.0,proton,nucleon_like,baryon,18.841186621103375,12.588494438464913,6.252692182638464,1
237.0,pion,pion_like,meson,19.136581823230557,0.5273231842799233,18.609258638950635,1
237.0,rho,rho_like,meson,11.344718565189325,5.829903860670803,5.514814704518521,1
237.0,proton,nucleon_like,baryon,10.140213147713297,10.140213147713297,nan,0
238.0,pion,pion_like,meson,13.659007946297276,4.653835832676575,9.0051721136207,1
238.0,rho,rho_like,meson,18.11336691406906,11.068539468758715,7.0448274453103465,1
238.0,proton,nucleon_like,baryon,22.935813314081578,14.163227282636745,8.772586031444833,1
239.0,pion,pion_like,meson,33.14557759563532,7.128911796190824,26.01666579944449,1
239.0,rho,rho_like,meson,10.119752889549765,3.0864196968830893,7.033333192666675,1
239.0,proton,nucleon_like,baryon,2.846159455948168,2.846159455948168,nan,0
240.0,pion,pion_like,meson,25.460779197461115,8.674882321093573,16.78589687636754,1
240.0,rho,rho_like,meson,18.636371812108955,13.295346277903825,5.34102553420513,1
240.0,proton,nucleon_like,baryon,15.403389951088254,10.6891592761421,4.7142306749461556,1
241.0,pion,pion_like,meson,33.145577595635295,7.128911796190828,26.016665799444468,1
241.0,rho,rho_like,meson,10.119752889549773,3.0864196968831052,7.033333192666667,1
241.0,proton,nucleon_like,baryon,2.846159455948189,2.846159455948189,nan,0
242.0,pion,pion_like,meson,25.738580631132987,8.76953357772027,16.969047053412716,1
242.0,rho,rho_like,meson,22.978659031221998,16.75484963188866,6.223809399333336,1
242.0,proton,nucleon_like,baryon,20.493222578558473,13.691079857458467,6.8021427211000045,1
243.0,pion,pion_like,meson,16.29229061954148,1.3867355608377665,14.905555058703712,1
243.0,rho,rho_like,meson,7.016872292383688,2.9835390397170207,4.033333252666668,1
243.0,proton,nucleon_like,baryon,6.152879283492033,6.152879283492033,nan,0
244.0,pion,pion_like,meson,25.979341873648618,8.851564666796744,17.127777206851874,1
244.0,rho,rho_like,meson,24.617694850568935,17.695472766791156,6.92222208377778,1
244.0,proton,nucleon_like,baryon,21.924987075019565,14.646653887252898,7.278333187766667,1
245.0,pion,pion_like,meson,19.070068304726675,1.3867355608377654,17.68333274388891,1
245.0,rho,rho_like,meson,6.348148033187931,2.314814780521263,4.033333252666668,1
245.0,proton,nucleon_like,baryon,5.3504101774106365,5.3504101774106365,nan,0
246.0,pion,pion_like,meson,38.03001615283222,7.8466838256099605,30.18333232722226,1
246.0,rho,rho_like,meson,11.632098549517764,2.932098723517759,8.699999826000004,1
246.0,proton,nucleon_like,baryon,2.875360326613232,2.875360326613232,nan,0
247.0,pion,pion_like,meson,22.07492293424924,0.603711528744166,21.471211405505073,1
247.0,rho,rho_like,meson,10.546239958274048,5.331088547425564,5.215151410848485,1
247.0,proton,nucleon_like,baryon,13.140769082950586,7.686678282941493,5.454090800009093,1
248.0,pion,pion_like,meson,19.030078119373247,0.15626922469067864,18.87380889468257,1
248.0,rho,rho_like,meson,9.835802273209062,4.850088087209058,4.985714186000004,1
248.0,proton,nucleon_like,baryon,14.796935804118881,8.109078795018876,6.687857009100005,1
249.0,pion,pion_like,meson,27.151744445898622,9.251020404908262,17.90072404099036,1
249.0,rho,rho_like,meson,27.596402952467145,19.592055286467144,8.004347666000001,1
249.0,proton,nucleon_like,baryon,41.012556975640265,29.241470254540257,11.771086721100005,1
250.0,pion,pion_like,meson,39.658162338564516,8.08594116874967,31.572221169814846,1
250.0,rho,rho_like,meson,12.787791252826025,3.532235882381582,9.255555370444442,1
250.0,proton,nucleon_like,baryon,11.401400650717495,3.468623031595275,7.93277761912222,1
251.0,pion,pion_like,meson,25.460779197461115,8.674882321093573,16.78589687636754,1
251.0,rho,rho_like,meson,25.512914832867757,18.0436842130216,7.469230619846158,1
251.0,proton,nucleon_like,baryon,22.27898329111851,14.48782960078774,7.791153690330772,1
252.0,pion,pion_like,meson,26.688953956852565,9.093340508285294,17.59561344856727,1
252.0,rho,rho_like,meson,23.39265698005476,17.218972893002125,6.173684087052635,1
252.0,proton,nucleon_like,baryon,21.440571200357855,14.86399238452101,6.576578815836844,1
253.0,pion,pion_like,meson,33.145577595635295,7.128911796190827,26.01666579944447,1
253.0,rho,rho_like,meson,10.119752889549769,3.086419696883101,7.033333192666668,1
253.0,proton,nucleon_like,baryon,11.921720358228017,5.1000538279946825,6.821666530233334,1
254.0,pion,pion_like,meson,38.030016152832204,7.846683825609958,30.18333232722225,1
254.0,rho,rho_like,meson,11.632098549517758,2.9320987235177576,8.699999826,1
254.0,proton,nucleon_like,baryon,11.14053409001702,3.4855342431170206,7.6549998469,1
255.0,pion,pion_like,meson,24.64428576159532,1.9609531843730705,22.68333257722225,1
255.0,rho,rho_like,meson,9.403703504922428,3.7037036189224244,5.699999886000003,1
255.0,proton,nucleon_like,baryon,10.160999403945052,5.282666168178384,4.878333235766669,1
256.0,pion,pion_like,meson,26.68895395685257,9.093340508285294,17.595613448567274,1
256.0,rho,rho_like,meson,21.259453661549557,15.594541494146046,5.664912167403512,1
256.0,proton,nucleon_like,baryon,18.442646254386634,18.442646254386634,nan,0
257.0,pion,pion_like,meson,11.409403455606215,3.887360695588289,7.522042760017926,1
257.0,rho,rho_like,meson,11.22608492841157,6.999203292519095,4.226881635892474,1
257.0,proton,nucleon_like,baryon,14.423760913309335,8.543277159951268,5.880483753358067,1
258.0,pion,pion_like,meson,25.13667752484393,8.564455855029092,16.572221669814837,1
258.0,rho,rho_like,meson,19.658847245076885,14.403291794632437,5.255555450444447,1
258.0,proton,nucleon_like,baryon,16.91381133740576,11.302144782972425,5.611666554433336,1
259.0,pion,pion_like,meson,22.64149675710763,1.3867355608377654,21.254761196269868,1
259.0,rho,rho_like,meson,9.096825208928351,3.9682538829283462,5.128571326000004,1
259.0,proton,nucleon_like,baryon,13.132170130694373,7.158598821594368,5.973571309100004,1
260.0,pion,pion_like,meson,39.65816233856453,8.08594116874967,31.57222116981486,1
260.0,rho,rho_like,meson,12.787791252826036,3.5322358823815856,9.25555537044445,1
260.0,proton,nucleon_like,baryon,3.666986925324477,3.666986925324477,nan,0
261.0,pion,pion_like,meson,17.432932956311852,4.273409585438824,13.15952337087303,1
261.0,rho,rho_like,meson,17.761728050545265,9.347442504545262,8.414285546000004,1
261.0,proton,nucleon_like,baryon,15.480150433193158,15.480150433193158,nan,0
262.0,pion,pion_like,meson,33.145577595635295,7.128911796190827,26.01666579944447,1
262.0,rho,rho_like,meson,10.119752889549769,3.086419696883101,7.033333192666668,1
262.0,proton,nucleon_like,baryon,2.846159455948183,2.846159455948183,nan,0
263.0,pion,pion_like,meson,27.719036013116366,9.44430543947835,18.274730573638013,1
263.0,rho,rho_like,meson,32.74938188639202,22.500994994585568,10.248386891806454,1
263.0,proton,nucleon_like,baryon,29.387326874596646,19.958456095432126,9.42887077916452,1
264.0,pion,pion_like,meson,25.136677524843925,8.564455855029092,16.572221669814834,1
264.0,rho,rho_like,meson,19.65884724507688,14.403291794632436,5.255555450444446,1
264.0,proton,nucleon_like,baryon,16.91381133740576,11.302144782972425,5.611666554433336,1
265.0,pion,pion_like,meson,26.541118106185074,9.042970541308511,17.498147564876565,1
265.0,rho,rho_like,meson,22.086830719608205,16.460904906200795,5.625925813407409,1
265.0,proton,nucleon_like,baryon,20.300064598962464,14.132842500084687,6.1672220988777795,1
266.0,pion,pion_like,meson,24.644285761595317,1.9609531843730714,22.683332577222245,1
266.0,rho,rho_like,meson,9.403703504922422,3.7037036189224235,5.699999886,1
266.0,proton,nucleon_like,baryon,10.160999403945045,5.282666168178379,4.878333235766667,1
267.0,pion,pion_like,meson,18.519896095677055,2.919896615677033,15.599999480000022,1
267.0,rho,rho_like,meson,15.661419444049475,8.294752924716136,7.3666665193333385,1
267.0,proton,nucleon_like,baryon,13.812652131510692,13.812652131510692,nan,0
268.0,pion,pion_like,meson,40.960679287150356,8.277347043261438,32.68333224388892,1
268.0,rho,rho_like,meson,13.712345415472644,4.012345609472644,9.699999806,1
268.0,proton,nucleon_like,baryon,11.610093899277897,3.4550940623778956,8.154999836900002,1
269.0,pion,pion_like,meson,18.449913271308535,0.7665805274196315,17.683332743888904,1
269.0,rho,rho_like,meson,11.487036810154093,5.7870369241540915,5.699999886000001,1
269.0,proton,nucleon_like,baryon,10.16023483673089,10.16023483673089,nan,0
270.0,pion,pion_like,meson,26.19000796084979,8.923341869738657,17.266666091111134,1
270.0,rho,rho_like,meson,22.456172273022574,16.58950572368924,5.866666549333336,1
270.0,proton,nucleon_like,baryon,20.38457121503572,13.939571343935716,6.444999871100002,1
271.0,pion,pion_like,meson,25.460779197461108,8.674882321093571,16.785896876367538,1
271.0,rho,rho_like,meson,21.08746385505246,15.669515245462712,5.417948609589746,1
271.0,proton,nucleon_like,baryon,21.993524323756212,14.971601387271596,7.021922936484617,1
272.0,pion,pion_like,meson,27.051823772127314,9.216975881773758,17.834847890353554,1
272.0,rho,rho_like,meson,22.034455117066095,16.273849171672154,5.760605945393941,1
272.0,proton,nucleon_like,baryon,37.20923060310761,27.355139891098517,9.854090712009093,1
273.0,pion,pion_like,meson,35.93668534260496,7.539067241573184,28.397618101031775,1
273.0,rho,rho_like,meson,10.631216734351295,2.645502608351293,7.985714126000002,1
273.0,proton,nucleon_like,baryon,2.4395652601534024,2.4395652601534024,nan,0
274.0,pion,pion_like,meson,25.979341873648615,8.851564666796744,17.12777720685187,1
274.0,rho,rho_like,meson,21.11563732979567,15.637859661573447,5.477777668222224,1
274.0,proton,nucleon_like,baryon,18.422413810747788,18.422413810747788,nan,0
275.0,pion,pion_like,meson,18.625180284080407,6.345887764097226,12.27929251998318,1
275.0,rho,rho_like,meson,21.6233065872798,14.216236028350503,7.407070558929296,1
275.0,proton,nucleon_like,baryon,19.183364032021395,11.602000547285028,7.581363484736365,1
276.0,pion,pion_like,meson,25.979341873648615,8.851564666796744,17.12777720685187,1
276.0,rho,rho_like,meson,21.11563732979567,15.637859661573447,5.477777668222224,1
276.0,proton,nucleon_like,baryon,18.94556329433978,13.00056341323978,5.944999881100001,1
277.0,pion,pion_like,meson,25.73858063113299,8.769533577720273,16.96904705341272,1
277.0,rho,rho_like,meson,19.964549768012557,14.550264162012553,5.414285606000003,1
277.0,proton,nucleon_like,baryon,23.267369072664565,16.465226351564564,6.802142721100001,1
278.0,pion,pion_like,meson,35.93668534260497,7.53906724157319,28.397618101031778,1
278.0,rho,rho_like,meson,10.631216734351305,2.6455026083513005,7.985714126000004,1
278.0,proton,nucleon_like,baryon,2.4395652601534135,2.4395652601534135,nan,0
279.0,pion,pion_like,meson,24.968887596734955,1.8933981698395053,23.07548942689545,1
279.0,rho,rho_like,meson,9.851052803810507,3.994190175849721,5.856862627960787,1
279.0,proton,nucleon_like,baryon,10.69696333285778,5.836081077134249,4.860882255723532,1
280.0,pion,pion_like,meson,19.537850560756606,0.6640416660740434,18.87380889468256,1
280.0,rho,rho_like,meson,11.793474188243788,6.172839380021562,5.620634808222225,1
280.0,proton,nucleon_like,baryon,10.592571204119725,10.592571204119725,nan,0
281.0,pion,pion_like,meson,35.93668534260496,7.5390672415731865,28.39761810103177,1
281.0,rho,rho_like,meson,10.631216734351298,2.645502608351298,7.985714126000001,1
281.0,proton,nucleon_like,baryon,2.439565260153409,2.439565260153409,nan,0
282.0,pion,pion_like,meson,38.03001615283221,7.8466838256099605,30.183332327222253,1
282.0,rho,rho_like,meson,11.63209854951776,2.932098723517759,8.699999826,1
282.0,proton,nucleon_like,baryon,2.875360326613232,2.875360326613232,nan,0
283.0,pion,pion_like,meson,38.03001615283222,7.8466838256099605,30.18333232722226,1
283.0,rho,rho_like,meson,11.632098549517764,2.932098723517759,8.699999826000004,1
283.0,proton,nucleon_like,baryon,2.875360326613232,2.875360326613232,nan,0
284.0,pion,pion_like,meson,38.03001615283222,7.846683825609958,30.183332327222256,1
284.0,rho,rho_like,meson,11.632098549517762,2.9320987235177576,8.699999826000004,1
284.0,proton,nucleon_like,baryon,2.87536032661323,2.87536032661323,nan,0
285.0,pion,pion_like,meson,33.14557759563529,7.128911796190824,26.016665799444468,1
285.0,rho,rho_like,meson,10.119752889549765,3.086419696883099,7.0333331926666665,1
285.0,proton,nucleon_like,baryon,2.8461594559481806,2.8461594559481806,nan,0
286.0,pion,pion_like,meson,24.64428576159532,1.9609531843730705,22.68333257722225,1
286.0,rho,rho_like,meson,9.403703504922428,3.7037036189224244,5.699999886000003,1
286.0,proton,nucleon_like,baryon,10.160999403945047,5.282666168178375,4.8783332357666715,1
287.0,pion,pion_like,meson,19.28717319633088,0.13325226616745595,19.153920930163423,1
287.0,rho,rho_like,meson,10.656426800272847,5.446622982900296,5.209803817372551,1
287.0,proton,nucleon_like,baryon,9.562573958959383,9.562573958959383,nan,0
288.0,pion,pion_like,meson,13.040366711357233,4.443055169977296,8.597311541379936,1
288.0,rho,rho_like,meson,16.333611675303025,9.956192448012702,6.377419227290324,1
288.0,proton,nucleon_like,baryon,16.42827387480036,9.580048205313263,6.8482256694871,1
289.0,pion,pion_like,meson,27.719036013116362,9.444305439478349,18.274730573638013,1
289.0,rho,rho_like,meson,32.74938188639202,22.500994994585568,10.248386891806456,1
289.0,proton,nucleon_like,baryon,28.444885449831986,18.693434031957793,9.751451417874195,1
290.0,pion,pion_like,meson,39.65816233856452,8.08594116874967,31.572221169814853,1
290.0,rho,rho_like,meson,12.787791252826029,3.532235882381582,9.255555370444448,1
290.0,proton,nucleon_like,baryon,11.401400650717505,3.4686230315952797,7.932777619122226,1
291.0,pion,pion_like,meson,40.96067928715036,8.277347043261436,32.68333224388893,1
291.0,rho,rho_like,meson,13.712345415472646,4.012345609472643,9.699999806000003,1
291.0,proton,nucleon_like,baryon,11.610093899277883,3.455094062377881,8.154999836900002,1
292.0,pion,pion_like,meson,22.51061398647999,0.8799129531173925,21.630701033362595,1
292.0,rho,rho_like,meson,7.261208487353505,7.261208487353505,nan,0
292.0,proton,nucleon_like,baryon,15.212732126229742,15.212732126229742,nan,0
293.0,pion,pion_like,meson,20.330586367314144,0.7241767644508694,19.606409602863273,1
293.0,rho,rho_like,meson,8.819657942781346,4.2735041875505715,4.546153755230774,1
293.0,proton,nucleon_like,baryon,11.281409606177881,5.582563566308646,5.698846039869235,1
294.0,pion,pion_like,meson,33.1455775956353,7.128911796190824,26.016665799444475,1
294.0,rho,rho_like,meson,10.119752889549765,3.086419696883096,7.03333319266667,1
294.0,proton,nucleon_like,baryon,11.921720358228036,5.100053827994696,6.8216665302333395,1
295.0,pion,pion_like,meson,21.273628366376556,0.8125179373024605,20.461110429074097,1
295.0,rho,rho_like,meson,9.337859891139967,4.526748876251078,4.81111101488889,1
295.0,proton,nucleon_like,baryon,16.8389634560194,9.96063026025273,6.87833319576667,1
296.0,pion,pion_like,meson,26.68895395685257,9.093340508285294,17.595613448567274,1
296.0,rho,rho_like,meson,23.392656980054756,17.218972893002125,6.173684087052632,1
296.0,proton,nucleon_like,baryon,21.440571200357844,14.863992384521,6.576578815836845,1
297.0,pion,pion_like,meson,19.931394740029635,2.2480619961407227,17.68333274388891,1
297.0,rho,rho_like,meson,5.551851746416098,1.8518518204160943,3.6999999260000034,1
297.0,proton,nucleon_like,baryon,4.537591383641381,4.537591383641381,nan,0
298.0,pion,pion_like,meson,26.190007960849783,8.923341869738655,17.266666091111126,1
298.0,rho,rho_like,meson,18.264814374072706,12.73148115140604,5.533333222666667,1
298.0,proton,nucleon_like,baryon,19.795406306477528,13.990406422577527,5.804999883900001,1
299.0,pion,pion_like,meson,9.975433872419604,2.77597174681028,7.199462125609324,1
299.0,rho,rho_like,meson,11.026961094269451,6.800079458376976,4.226881635892475,1
299.0,proton,nucleon_like,baryon,13.859577604179321,8.946835766950288,4.912741837229034,1
300.0,pion,pion_like,meson,26.19000796084979,8.923341869738657,17.266666091111134,1
300.0,rho,rho_like,meson,26.051851192497505,18.518518009830835,7.533333182666669,1
300.0,proton,nucleon_like,baryon,27.565035701839406,18.6200358807394,8.944999821100003,1
301.0,pion,pion_like,meson,25.979341873648618,8.851564666796744,17.127777206851874,1
301.0,rho,rho_like,meson,19.058024224577974,13.58024655635575,5.477777668222223,1
301.0,proton,nucleon_like,baryon,24.3713678550518,17.759701320618465,6.6116665344333345,1
302.0,pion,pion_like,meson,18.06339308496649,2.4633936049664635,15.599999480000024,1
302.0,rho,rho_like,meson,6.054938142351928,2.854938206351927,3.1999999360000015,1
302.0,proton,nucleon_like,baryon,9.212005617084033,4.667005707984031,4.544999909100002,1
303.0,pion,pion_like,meson,25.13667752484392,8.56445585502909,16.57222166981483,1
303.0,rho,rho_like,meson,19.658847245076878,14.403291794632434,5.255555450444444,1
303.0,proton,nucleon_like,baryon,16.91381133740576,11.302144782972425,5.611666554433335,1
304.0,pion,pion_like,meson,38.03001615283222,7.846683825609958,30.183332327222264,1
304.0,rho,rho_like,meson,11.632098549517767,2.932098723517761,8.699999826000006,1
304.0,proton,nucleon_like,baryon,2.875360326613234,2.875360326613234,nan,0
305.0,pion,pion_like,meson,42.91445471002913,8.564455855029092,34.349998855000045,1
305.0,rho,rho_like,meson,15.099176659442577,4.732510200109237,10.36666645933334,1
305.0,proton,nucleon_like,baryon,5.250240122746965,5.250240122746965,nan,0
306.0,pion,pion_like,meson,26.19000796084979,8.923341869738657,17.266666091111134,1
306.0,rho,rho_like,meson,20.19382666021431,14.660493437547641,5.533333222666669,1
306.0,proton,nucleon_like,baryon,21.978616113064824,15.533616241964822,6.444999871100002,1
307.0,pion,pion_like,meson,27.86294453568263,9.493337304865616,18.369607230817014,1
307.0,rho,rho_like,meson,34.05657139536561,23.23892455289502,10.81764684247059,1
307.0,proton,nucleon_like,baryon,27.73537796349521,27.73537796349521,nan,0
308.0,pion,pion_like,meson,25.460779197461108,8.674882321093571,16.785896876367538,1
308.0,rho,rho_like,meson,21.08746385505246,15.669515245462712,5.417948609589746,1
308.0,proton,nucleon_like,baryon,21.993524323756212,14.971601387271596,7.021922936484617,1
309.0,pion,pion_like,meson,25.136677524843925,8.56445585502909,16.572221669814834,1
309.0,rho,rho_like,meson,19.65884724507688,14.403291794632436,5.255555450444446,1
309.0,proton,nucleon_like,baryon,16.913811337405768,11.302144782972432,5.611666554433335,1
310.0,pion,pion_like,meson,26.822006222453304,9.138673478564396,17.683332743888908,1
310.0,rho,rho_like,meson,22.058024138210044,16.358024252210043,5.699999886000001,1
310.0,proton,nucleon_like,baryon,20.232459306103863,14.28745942500386,5.944999881100003,1
311.0,pion,pion_like,meson,17.056717865206288,3.5400516490951626,13.516666216111126,1
311.0,rho,rho_like,meson,6.379012183081244,4.012345563747909,2.3666666193333348,1
311.0,proton,nucleon_like,baryon,6.744288992027286,6.744288992027286,nan,0
312.0,pion,pion_like,meson,25.73858063113299,8.769533577720273,16.96904705341272,1
312.0,rho,rho_like,meson,22.978659031222,16.754849631888664,6.223809399333336,1
312.0,proton,nucleon_like,baryon,20.493222578558473,13.691079857458469,6.802142721100004,1
313.0,pion,pion_like,meson,26.94238684371112,9.179689023102632,17.762697820608487,1
313.0,rho,rho_like,meson,22.955143454871124,17.0487943666489,5.906349088222226,1
313.0,proton,nucleon_like,baryon,21.267565530835803,14.941613276402464,6.325952254433338,1
314.0,pion,pion_like,meson,25.979341873648615,8.851564666796744,17.12777720685187,1
314.0,rho,rho_like,meson,19.058024224577974,13.58024655635575,5.477777668222224,1
314.0,proton,nucleon_like,baryon,15.966139513660007,11.354472939226673,4.611666574433335,1
315.0,pion,pion_like,meson,20.07674352448687,0.31007751670906175,19.766666007777808,1
315.0,rho,rho_like,meson,9.882098564741828,5.015431995408488,4.866666569333339,1
315.0,proton,nucleon_like,baryon,8.912729871611248,8.912729871611248,nan,0
316.0,pion,pion_like,meson,0.0,nan,nan,0
316.0,rho,rho_like,meson,0.0,nan,nan,0
316.0,proton,nucleon_like,baryon,0.0,nan,nan,0
317.0,pion,pion_like,meson,20.366364601975306,3.173227920177901,17.193136681797405,1
317.0,rho,rho_like,meson,10.548293261204805,10.548293261204805,nan,0
317.0,proton,nucleon_like,baryon,20.527180522528976,20.527180522528976,nan,0
318.0,pion,pion_like,meson,26.68895395685257,9.093340508285294,17.595613448567274,1
318.0,rho,rho_like,meson,23.392656980054756,17.218972893002125,6.1736840870526315,1
318.0,proton,nucleon_like,baryon,20.3919639209811,20.3919639209811,nan,0
319.0,pion,pion_like,meson,27.151744445898622,9.251020404908262,17.90072404099036,1
319.0,rho,rho_like,meson,27.59640295246715,19.59205528646715,8.004347666000003,1
319.0,proton,nucleon_like,baryon,25.010852735160796,17.152809414060794,7.8580433211,1
320.0,pion,pion_like,meson,25.73858063113299,8.769533577720273,16.96904705341272,1
320.0,rho,rho_like,meson,22.978659031221998,16.754849631888664,6.2238093993333345,1
320.0,proton,nucleon_like,baryon,20.49322257855848,13.691079857458478,6.802142721100002,1
321.0,pion,pion_like,meson,35.93668534260497,7.5390672415731865,28.397618101031778,1
321.0,rho,rho_like,meson,10.631216734351298,2.6455026083512942,7.985714126000005,1
321.0,proton,nucleon_like,baryon,11.19314126656234,3.8952842696623367,7.297856996900004,1
322.0,pion,pion_like,meson,13.8967265571887,2.4633936049664618,11.433332952222239,1
322.0,rho,rho_like,meson,7.983950428493527,4.783950492493524,3.1999999360000033,1
322.0,proton,nucleon_like,baryon,10.755215436471326,6.210215527371322,4.544999909100004,1
323.0,pion,pion_like,meson,25.979341873648618,8.851564666796744,17.127777206851874,1
323.0,rho,rho_like,meson,19.058024224577974,13.58024655635575,5.477777668222224,1
323.0,proton,nucleon_like,baryon,21.09032227053815,15.145322389438148,5.944999881100002,1
324.0,pion,pion_like,meson,25.738580631132997,8.769533577720274,16.969047053412723,1
324.0,rho,rho_like,meson,19.964549768012557,14.550264162012553,5.414285606000003,1
324.0,proton,nucleon_like,baryon,17.092797957895513,17.092797957895513,nan,0
325.0,pion,pion_like,meson,27.719036013116366,9.44430543947835,18.274730573638017,1
325.0,rho,rho_like,meson,36.46105044843067,24.49223348350593,11.968816964924736,1
325.0,proton,nucleon_like,baryon,29.22470370443187,29.22470370443187,nan,0
326.0,pion,pion_like,meson,26.19000796084979,8.923341869738657,17.266666091111134,1
326.0,rho,rho_like,meson,20.19382666021431,14.660493437547641,5.533333222666669,1
326.0,proton,nucleon_like,baryon,17.591361420648433,12.39636152454843,5.194999896100002,1
327.0,pion,pion_like,meson,27.051823772127314,9.216975881773758,17.834847890353554,1
327.0,rho,rho_like,meson,22.034455117066095,16.273849171672154,5.760605945393941,1
327.0,proton,nucleon_like,baryon,20.177145884674097,14.413964181755913,5.763181702918184,1
328.0,pion,pion_like,meson,25.979341873648618,8.851564666796744,17.127777206851874,1
328.0,rho,rho_like,meson,21.11563732979567,15.637859661573447,5.477777668222224,1
328.0,proton,nucleon_like,baryon,18.945563294339777,13.000563413239774,5.944999881100002,1
329.0,pion,pion_like,meson,26.68895395685257,9.093340508285294,17.595613448567274,1
329.0,rho,rho_like,meson,23.392656980054756,17.218972893002125,6.173684087052632,1
329.0,proton,nucleon_like,baryon,21.440571200357855,14.86399238452101,6.576578815836844,1
330.0,pion,pion_like,meson,29.23802674987777,6.554694172655518,22.68333257722225,1
330.0,rho,rho_like,meson,9.403703506827622,3.7037036208276177,5.699999886000003,1
330.0,proton,nucleon_like,baryon,3.415391330060856,3.415391330060856,nan,0
331.0,pion,pion_like,meson,14.90340177694889,1.3867355608377665,13.516666216111123,1
331.0,rho,rho_like,meson,7.659876387764219,3.6265431350975508,4.033333252666668,1
331.0,proton,nucleon_like,baryon,6.924484193185675,6.924484193185675,nan,0
332.0,pion,pion_like,meson,27.051823772127314,9.216975881773758,17.834847890353558,1
332.0,rho,rho_like,meson,24.073736766987263,17.676767197956956,6.396969569030307,1
332.0,proton,nucleon_like,baryon,22.208571189683042,15.536298595855763,6.672272593827277,1
333.0,pion,pion_like,meson,26.94238684371112,9.179689023102632,17.762697820608487,1
333.0,rho,rho_like,meson,21.310816637175936,15.579070720064824,5.7317459171111125,1
333.0,proton,nucleon_like,baryon,19.139405687493113,13.765834366393115,5.373571321099999,1
334.0,pion,pion_like,meson,24.219806438720404,2.0492943572246567,22.170512081495747,1
334.0,rho,rho_like,meson,8.818708267914932,3.323836582940574,5.494871684974359,1
334.0,proton,nucleon_like,baryon,12.640922737450474,6.942076697581242,5.698846039869231,1
335.0,pion,pion_like,meson,27.81788227104067,9.477983892471624,18.339898378569046,1
335.0,rho,rho_like,meson,33.64724942790924,23.007855701303175,10.639393726606064,1
335.0,proton,nucleon_like,baryon,30.149894338286227,20.44731877476198,9.702575563524249,1
336.0,pion,pion_like,meson,35.93668534260497,7.5390672415731865,28.397618101031778,1
336.0,rho,rho_like,meson,10.631216734351298,2.6455026083512942,7.985714126000005,1
336.0,proton,nucleon_like,baryon,2.4395652601534046,2.4395652601534046,nan,0
337.0,pion,pion_like,meson,39.65816233856452,8.08594116874967,31.572221169814853,1
337.0,rho,rho_like,meson,12.787791252826029,3.532235882381582,9.255555370444448,1
337.0,proton,nucleon_like,baryon,3.666986925324473,3.666986925324473,nan,0
338.0,pion,pion_like,meson,35.93668534260497,7.5390672415731865,28.397618101031778,1
338.0,rho,rho_like,meson,10.631216734351298,2.6455026083512942,7.985714126000005,1
338.0,proton,nucleon_like,baryon,11.193141266562352,3.8952842696623455,7.2978569969000056,1
339.0,pion,pion_like,meson,33.1455775956353,7.128911796190824,26.016665799444482,1
339.0,rho,rho_like,meson,10.119752889549764,3.0864196968830924,7.033333192666672,1
339.0,proton,nucleon_like,baryon,11.921720358228026,5.100053827994684,6.82166653023334,1
340.0,pion,pion_like,meson,26.541118106185074,9.042970541308511,17.498147564876565,1
340.0,rho,rho_like,meson,20.372153131926787,14.746227318519377,5.6259258134074095,1
340.0,proton,nucleon_like,baryon,17.409624615703677,17.409624615703677,nan,0
341.0,pion,pion_like,meson,26.688953956852565,9.093340508285294,17.59561344856727,1
341.0,rho,rho_like,meson,26.420597122770488,18.843404291858203,7.577192830912284,1
341.0,proton,nucleon_like,baryon,23.79274786931557,16.163537495583988,7.629210373731581,1
342.0,pion,pion_like,meson,35.93668534260496,7.539067241573184,28.397618101031775,1
342.0,rho,rho_like,meson,10.631216734351295,2.645502608351293,7.985714126000002,1
342.0,proton,nucleon_like,baryon,11.193141266562337,3.895284269662335,7.297856996900003,1
343.0,pion,pion_like,meson,17.0930632862537,5.8238717427014945,11.269191543552203,1
343.0,rho,rho_like,meson,25.13995445485358,15.712681916126302,9.427272538727278,1
343.0,proton,nucleon_like,baryon,17.6078812299479,17.6078812299479,nan,0
344.0,pion,pion_like,meson,39.658162338564516,8.085941168749669,31.572221169814846,1
344.0,rho,rho_like,meson,12.787791252826027,3.5322358823815807,9.255555370444446,1
344.0,proton,nucleon_like,baryon,11.401400650717491,3.468623031595269,7.932777619122223,1
345.0,pion,pion_like,meson,21.27362836637656,0.8125179373024605,20.4611104290741,1
345.0,rho,rho_like,meson,9.337859891139974,4.526748876251082,4.811111014888892,1
345.0,proton,nucleon_like,baryon,11.714780699141247,6.169780810041243,5.544999889100004,1
346.0,pion,pion_like,meson,33.145577595635295,7.128911796190827,26.01666579944447,1
346.0,rho,rho_like,meson,10.119752889549769,3.086419696883101,7.033333192666668,1
346.0,proton,nucleon_like,baryon,11.92172035822803,5.100053827994691,6.821666530233337,1
347.0,pion,pion_like,meson,17.51322087591686,3.996554659805732,13.51666621611113,1
347.0,rho,rho_like,meson,17.26635768946176,9.066357853461755,8.199999836000005,1
347.0,proton,nucleon_like,baryon,18.990741793654326,10.383241965804322,8.607499827850004,1
348.0,pion,pion_like,meson,38.03001615283221,7.8466838256099605,30.183332327222253,1
348.0,rho,rho_like,meson,11.63209854951776,2.932098723517759,8.699999826,1
348.0,proton,nucleon_like,baryon,11.140534090017024,3.4855342431170224,7.654999846900002,1
349.0,pion,pion_like,meson,27.051823772127314,9.216975881773758,17.834847890353558,1
349.0,rho,rho_like,meson,24.07373676698726,17.676767197956952,6.396969569030307,1
349.0,proton,nucleon_like,baryon,34.7665028383252,24.91241212631611,9.854090712009093,1
350.0,pion,pion_like,meson,22.32895830772627,1.0741971114564035,21.254761196269868,1
350.0,rho,rho_like,meson,7.5396824466000405,7.5396824466000405,nan,0
350.0,proton,nucleon_like,baryon,15.662959482062396,15.662959482062396,nan,0
351.0,pion,pion_like,meson,25.979341873648618,8.851564666796744,17.127777206851874,1
351.0,rho,rho_like,meson,19.058024224577977,13.580246556355752,5.477777668222224,1
351.0,proton,nucleon_like,baryon,15.966139513660014,11.35447293922668,4.611666574433333,1
352.0,pion,pion_like,meson,35.936685342604974,7.5390672415731865,28.39761810103179,1
352.0,rho,rho_like,meson,10.631216734351298,2.6455026083512907,7.9857141260000075,1
352.0,proton,nucleon_like,baryon,2.4395652601534006,2.4395652601534006,nan,0
353.0,pion,pion_like,meson,24.070068138060016,1.3867355608377645,22.683332577222252,1
353.0,rho,rho_like,meson,10.329629409891183,4.629629523891181,5.699999886000003,1
353.0,proton,nucleon_like,baryon,11.836340739508179,6.791340840408176,5.044999899100003,1
354.0,pion,pion_like,meson,0.0,nan,nan,0
354.0,rho,rho_like,meson,0.0,nan,nan,0
354.0,proton,nucleon_like,baryon,0.0,nan,nan,0
355.0,pion,pion_like,meson,24.2198064387204,2.0492943572246576,22.170512081495744,1
355.0,rho,rho_like,meson,8.818708267914925,3.323836582940566,5.494871684974359,1
355.0,proton,nucleon_like,baryon,12.640922737450474,6.942076697581239,5.698846039869235,1
356.0,pion,pion_like,meson,26.19000796084979,8.923341869738657,17.266666091111134,1
356.0,rho,rho_like,meson,18.264814374072714,12.731481151406046,5.533333222666669,1
356.0,proton,nucleon_like,baryon,15.408151614061147,10.853151705161148,4.5549999089,1
357.0,pion,pion_like,meson,38.03001615283222,7.8466838256099605,30.18333232722226,1
357.0,rho,rho_like,meson,11.632098549517764,2.932098723517759,8.699999826000004,1
357.0,proton,nucleon_like,baryon,2.875360326613232,2.875360326613232,nan,0
358.0,pion,pion_like,meson,25.979341873648615,8.851564666796744,17.12777720685187,1
358.0,rho,rho_like,meson,21.11563732979567,15.637859661573447,5.477777668222224,1
358.0,proton,nucleon_like,baryon,18.945563294339777,13.000563413239773,5.944999881100004,1
359.0,pion,pion_like,meson,39.65816233856452,8.085941168749669,31.572221169814853,1
359.0,rho,rho_like,meson,12.787791252826032,3.532235882381584,9.25555537044445,1
359.0,proton,nucleon_like,baryon,3.666986925324475,3.666986925324475,nan,0
360.0,pion,pion_like,meson,42.914454710029126,8.56445585502909,34.34999885500004,1
360.0,rho,rho_like,meson,15.099176659442575,4.732510200109235,10.36666645933334,1
360.0,proton,nucleon_like,baryon,5.250240122746963,5.250240122746963,nan,0
361.0,pion,pion_like,meson,25.460779197461115,8.674882321093573,16.78589687636754,1
361.0,rho,rho_like,meson,16.262202844550067,10.921177310344937,5.34102553420513,1
361.0,proton,nucleon_like,baryon,16.497161725372123,11.172931062625965,5.324230662746158,1
362.0,pion,pion_like,meson,25.979341873648618,8.851564666796744,17.127777206851874,1
362.0,rho,rho_like,meson,19.058024224577974,13.58024655635575,5.477777668222224,1
362.0,proton,nucleon_like,baryon,17.80927668602449,12.530943458257822,5.278333227766669,1
363.0,pion,pion_like,meson,9.011472373367507,2.6917756143270974,6.31969675904041,1
363.0,rho,rho_like,meson,11.771080888463556,7.192293101251433,4.578787787212123,1
363.0,proton,nucleon_like,baryon,14.511161073668362,9.354039964689571,5.1571211089787905,1
364.0,pion,pion_like,meson,35.93668534260496,7.5390672415731865,28.39761810103177,1
364.0,rho,rho_like,meson,10.631216734351295,2.6455026083512942,7.985714126,1
364.0,proton,nucleon_like,baryon,2.4395652601534046,2.4395652601534046,nan,0
365.0,pion,pion_like,meson,33.145577595635295,7.128911796190827,26.01666579944447,1
365.0,rho,rho_like,meson,10.119752889549769,3.086419696883101,7.033333192666668,1
365.0,proton,nucleon_like,baryon,2.846159455948183,2.846159455948183,nan,0
366.0,pion,pion_like,meson,19.68591666476817,0.3359173097681515,19.349999355000016,1
366.0,rho,rho_like,meson,11.230863969217497,5.864197409884162,5.366666559333335,1
366.0,proton,nucleon_like,baryon,10.12419579649921,10.12419579649921,nan,0
367.0,pion,pion_like,meson,23.236734832504457,1.3867355608377665,21.84999927166669,1
367.0,rho,rho_like,meson,9.61049362599619,4.243827066662855,5.366666559333335,1
367.0,proton,nucleon_like,baryon,7.6652249064915665,7.6652249064915665,nan,0
368.0,pion,pion_like,meson,16.29229061954149,1.3867355608377625,14.905555058703726,1
368.0,rho,rho_like,meson,7.016872292383684,2.983539039717013,4.0333332526666705,1
368.0,proton,nucleon_like,baryon,6.152879283492025,6.152879283492025,nan,0
369.0,pion,pion_like,meson,26.37588980249788,8.986674695863874,17.38921510663401,1
369.0,rho,rho_like,meson,21.196005279893427,15.613652450364013,5.582352829529413,1
369.0,proton,nucleon_like,baryon,19.025380750344084,13.315674982185259,5.709705768158826,1
370.0,pion,pion_like,meson,18.461006167945175,3.050400621025964,15.41060554691921,1
370.0,rho,rho_like,meson,15.885184872071285,8.41750825374805,7.467676618323235,1
370.0,proton,nucleon_like,baryon,18.901392011270357,11.47760428095823,7.423787730312127,1
371.0,pion,pion_like,meson,22.074922934249244,0.6037115287441621,21.47121140550508,1
371.0,rho,rho_like,meson,10.546239958274057,5.331088547425569,5.215151410848489,1
371.0,proton,nucleon_like,baryon,30.172853801384143,20.627853992284134,9.544999809100009,1
372.0,pion,pion_like,meson,24.3730984309893,1.3867355608377645,22.986362870151538,1
372.0,rho,rho_like,meson,10.591133331307535,4.769921326519657,5.821212004787879,1
372.0,proton,nucleon_like,baryon,12.081372745316822,7.081827390762274,4.999545354554548,1
373.0,pion,pion_like,meson,35.93668534260496,7.539067241573188,28.397618101031775,1
373.0,rho,rho_like,meson,10.631216734351304,2.645502608351299,7.985714126000004,1
373.0,proton,nucleon_like,baryon,2.439565260153411,2.439565260153411,nan,0
374.0,pion,pion_like,meson,39.65816233856453,8.085941168749669,31.57222116981486,1
374.0,rho,rho_like,meson,12.78779125282604,3.5322358823815874,9.255555370444451,1
374.0,proton,nucleon_like,baryon,3.666986925324479,3.666986925324479,nan,0
375.0,pion,pion_like,meson,42.02637497235696,8.433951849680158,33.592423122676806,1
375.0,rho,rho_like,meson,14.46879882127442,4.405162658910783,10.063636162363638,1
375.0,proton,nucleon_like,baryon,4.81844379617719,4.81844379617719,nan,0
376.0,pion,pion_like,meson,24.070068138060016,1.3867355608377665,22.68333257722225,1
376.0,rho,rho_like,meson,10.32962940989118,4.629629523891177,5.699999886000003,1
376.0,proton,nucleon_like,baryon,8.128187852307757,8.128187852307757,nan,0
377.0,pion,pion_like,meson,18.574805590694105,0.3359173097681553,18.23888828092595,1
377.0,rho,rho_like,meson,10.716460692913085,5.349794133579747,5.366666559333338,1
377.0,proton,nucleon_like,baryon,9.506911868744309,9.506911868744309,nan,0
378.0,pion,pion_like,meson,25.73858063113299,8.769533577720273,16.96904705341272,1
378.0,rho,rho_like,meson,22.978659031221998,16.754849631888664,6.223809399333334,1
378.0,proton,nucleon_like,baryon,20.493222578558473,13.691079857458469,6.802142721100003,1
379.0,pion,pion_like,meson,21.99477813036546,0.8800729518360256,21.114705178529434,1
379.0,rho,rho_like,meson,9.792955497531867,4.7204065793750045,5.072548918156863,1
379.0,proton,nucleon_like,baryon,8.388451638846757,8.388451638846757,nan,0
380.0,pion,pion_like,meson,26.541118106185074,9.042970541308511,17.498147564876565,1
380.0,rho,rho_like,meson,28.442111762378453,19.890260081563635,8.551851680814817,1
380.0,proton,nucleon_like,baryon,25.26577090009542,16.87632662343986,8.38944427665556,1
381.0,pion,pion_like,meson,19.16768530072768,1.4843525568387672,17.68333274388891,1
381.0,rho,rho_like,meson,13.199999735809492,6.944444305365043,6.255555430444448,1
381.0,proton,nucleon_like,baryon,29.176554633515074,19.21488816608174,9.961666467433338,1
382.0,pion,pion_like,meson,27.051823772127314,9.216975881773758,17.834847890353558,1
382.0,rho,rho_like,meson,22.034455117066095,16.273849171672154,5.760605945393942,1
382.0,proton,nucleon_like,baryon,19.294743200913192,19.294743200913192,nan,0
383.0,pion,pion_like,meson,45.46049454895418,7.539067241573188,37.921427307380995,1
383.0,rho,rho_like,meson,4.805996413329852,4.805996413329852,nan,0
383.0,proton,nucleon_like,baryon,4.297119959852184,4.297119959852184,nan,0
384.0,pion,pion_like,meson,26.54111810618508,9.042970541308515,17.498147564876568,1
384.0,rho,rho_like,meson,18.657475544245372,13.031549730837963,5.62592581340741,1
384.0,proton,nucleon_like,baryon,15.944358285629509,11.389358376729506,4.554999908900003,1
385.0,pion,pion_like,meson,26.94238684371112,9.179689023102632,17.762697820608487,1
385.0,rho,rho_like,meson,21.31081663717594,15.579070720064827,5.7317459171111125,1
385.0,proton,nucleon_like,baryon,18.449872127114787,18.449872127114787,nan,0
386.0,pion,pion_like,meson,18.06339308496648,2.4633936049664635,15.599999480000017,1
386.0,rho,rho_like,meson,6.054938142351931,2.85493820635193,3.1999999360000015,1
386.0,proton,nucleon_like,baryon,5.676979228066012,5.676979228066012,nan,0
387.0,pion,pion_like,meson,35.93668534260496,7.539067241573188,28.397618101031775,1
387.0,rho,rho_like,meson,10.631216734351304,2.645502608351299,7.985714126000004,1
387.0,proton,nucleon_like,baryon,11.193141266562343,3.8952842696623406,7.297856996900003,1
388.0,pion,pion_like,meson,12.496712292773562,4.257823678514295,8.238888614259267,1
388.0,rho,rho_like,meson,14.769584344266207,8.978675369175296,5.79090897509091,1
388.0,proton,nucleon_like,baryon,16.455219008418684,10.389007008530807,6.0662119998878765,1
389.0,pion,pion_like,meson,26.541118106185074,9.042970541308511,17.498147564876565,1
389.0,rho,rho_like,meson,22.0868307196082,16.460904906200792,5.625925813407409,1
389.0,proton,nucleon_like,baryon,20.300064598962464,14.132842500084685,6.167222098877779,1
390.0,pion,pion_like,meson,38.03001615283222,7.846683825609958,30.183332327222256,1
390.0,rho,rho_like,meson,11.632098549517762,2.9320987235177576,8.699999826000004,1
390.0,proton,nucleon_like,baryon,11.14053409001702,3.485534243117017,7.654999846900004,1
391.0,pion,pion_like,meson,29.23802674987776,6.554694172655518,22.68333257722224,1
391.0,rho,rho_like,meson,9.403703506827615,3.7037036208276177,5.699999885999998,1
391.0,proton,nucleon_like,baryon,12.941731086559958,6.786731209659961,6.154999876899998,1
392.0,pion,pion_like,meson,26.688953956852565,9.093340508285293,17.59561344856727,1
392.0,rho,rho_like,meson,19.635022262693468,13.970110095289959,5.66491216740351,1
392.0,proton,nucleon_like,baryon,16.819902071295033,12.264902162395032,4.554999908900003,1
393.0,pion,pion_like,meson,38.03001615283221,7.846683825609956,30.183332327222253,1
393.0,rho,rho_like,meson,11.63209854951776,2.9320987235177594,8.699999826,1
393.0,proton,nucleon_like,baryon,2.8753603266132317,2.8753603266132317,nan,0
394.0,pion,pion_like,meson,25.136677524843925,8.564455855029092,16.572221669814834,1
394.0,rho,rho_like,meson,19.65884724507688,14.403291794632436,5.255555450444446,1
394.0,proton,nucleon_like,baryon,16.91381133740576,11.302144782972425,5.611666554433336,1
395.0,pion,pion_like,meson,26.822006222453304,9.138673478564396,17.683332743888908,1
395.0,rho,rho_like,meson,27.477777082703263,19.444443910036593,8.03333317266667,1
395.0,proton,nucleon_like,baryon,23.07606929573078,23.07606929573078,nan,0
396.0,pion,pion_like,meson,22.564106891409338,0.9334058580467319,21.630701033362605,1
396.0,rho,rho_like,meson,10.152241502578121,4.87329423973601,5.27894726284211,1
396.0,proton,nucleon_like,baryon,12.30781482635431,6.973341248833251,5.334473577521058,1
397.0,pion,pion_like,meson,24.75364827538725,8.433951849680158,16.319696425707093,1
397.0,rho,rho_like,meson,18.0613912496512,12.906845898196655,5.154545351454547,1
397.0,proton,nucleon_like,baryon,15.099462267199643,10.24537145519055,4.854090812009092,1
398.0,pion,pion_like,meson,35.93668534260496,7.539067241573184,28.397618101031775,1
398.0,rho,rho_like,meson,10.631216734351295,2.645502608351293,7.985714126000002,1
398.0,proton,nucleon_like,baryon,11.193141266562337,3.895284269662335,7.297856996900003,1
399.0,pion,pion_like,meson,39.65816233856453,8.085941168749669,31.57222116981486,1
399.0,rho,rho_like,meson,12.78779125282604,3.5322358823815874,9.255555370444451,1
399.0,proton,nucleon_like,baryon,3.666986925324479,3.666986925324479,nan,0
400.0,pion,pion_like,meson,24.64428576159532,1.9609531843730705,22.68333257722225,1
400.0,rho,rho_like,meson,9.403703504922428,3.7037036189224244,5.699999886000003,1
400.0,proton,nucleon_like,baryon,12.004136576309524,6.459136687209522,5.5449998891000005,1
401.0,pion,pion_like,meson,26.19000796084979,8.923341869738657,17.266666091111134,1
401.0,rho,rho_like,meson,22.456172273022574,16.58950572368924,5.866666549333336,1
401.0,proton,nucleon_like,baryon,20.38457121503572,13.939571343935716,6.444999871100003,1
402.0,pion,pion_like,meson,27.051823772127314,9.216975881773758,17.834847890353558,1
402.0,rho,rho_like,meson,26.68877598115084,19.079685224241747,7.609090756909094,1
402.0,proton,nucleon_like,baryon,43.509157748021174,31.38233980873935,12.126817939281823,1
403.0,pion,pion_like,meson,40.960679287150356,8.277347043261438,32.68333224388892,1
403.0,rho,rho_like,meson,13.712345415472642,4.012345609472641,9.699999806000001,1
403.0,proton,nucleon_like,baryon,4.300288204293466,4.300288204293466,nan,0
404.0,pion,pion_like,meson,40.960679287150356,8.277347043261438,32.68333224388892,1
404.0,rho,rho_like,meson,13.712345415472642,4.012345609472641,9.699999806000001,1
404.0,proton,nucleon_like,baryon,4.300288204293466,4.300288204293466,nan,0
405.0,pion,pion_like,meson,39.65816233856452,8.085941168749669,31.572221169814853,1
405.0,rho,rho_like,meson,12.787791252826032,3.532235882381584,9.25555537044445,1
405.0,proton,nucleon_like,baryon,3.666986925324475,3.666986925324475,nan,0
406.0,pion,pion_like,meson,16.829184070080252,0.8125179373024605,16.016666132777793,1
406.0,rho,rho_like,meson,6.946913459255599,2.469135771033377,4.477777688222223,1
406.0,proton,nucleon_like,baryon,10.06869022512814,4.52369033602814,5.5449998891000005,1
407.0,pion,pion_like,meson,21.542075091645938,0.5254091255348046,21.016665966111134,1
407.0,rho,rho_like,meson,10.280246699554347,5.246913466887676,5.03333323266667,1
407.0,proton,nucleon_like,baryon,9.126191824403492,9.126191824403492,nan,0
408.0,pion,pion_like,meson,18.57480559069411,0.3359173097681553,18.238888280925952,1
408.0,rho,rho_like,meson,10.716460692913085,5.349794133579747,5.3666665593333365,1
408.0,proton,nucleon_like,baryon,9.506911868744309,9.506911868744309,nan,0
409.0,pion,pion_like,meson,15.971066590062007,3.6798905291796413,12.291176060882366,1
409.0,rho,rho_like,meson,15.94328219692508,7.988380395238804,7.954901801686277,1
409.0,proton,nucleon_like,baryon,19.07489268256009,11.294598720518913,7.7802939620411795,1
410.0,pion,pion_like,meson,38.03001615283222,7.846683825609958,30.183332327222256,1
410.0,rho,rho_like,meson,11.632098549517762,2.9320987235177576,8.699999826000004,1
410.0,proton,nucleon_like,baryon,2.87536032661323,2.87536032661323,nan,0
411.0,pion,pion_like,meson,21.994778130365457,0.8800729518360237,21.114705178529434,1
411.0,rho,rho_like,meson,9.792955497531874,4.720406579375009,5.072548918156865,1
411.0,proton,nucleon_like,baryon,12.04618212317208,6.6188292905426644,5.427352832629415,1
412.0,pion,pion_like,meson,26.541118106185074,9.042970541308511,17.498147564876565,1
412.0,rho,rho_like,meson,25.245952722845182,18.175582493882217,7.070370228962965,1
412.0,proton,nucleon_like,baryon,22.78291774952895,15.504584561762279,7.278333187766669,1
413.0,pion,pion_like,meson,33.1455775956353,7.128911796190824,26.016665799444482,1
413.0,rho,rho_like,meson,10.119752889549764,3.0864196968830924,7.033333192666672,1
413.0,proton,nucleon_like,baryon,2.8461594559481727,2.8461594559481727,nan,0
414.0,pion,pion_like,meson,35.93668534260495,7.539067241573188,28.397618101031767,1
414.0,rho,rho_like,meson,10.631216734351304,2.6455026083513027,7.985714126,1
414.0,proton,nucleon_like,baryon,2.4395652601534152,2.4395652601534152,nan,0
415.0,pion,pion_like,meson,26.541118106185074,9.042970541308511,17.498147564876565,1
415.0,rho,rho_like,meson,22.086830719608205,16.460904906200795,5.625925813407409,1
415.0,proton,nucleon_like,baryon,20.300064598962464,14.132842500084687,6.1672220988777795,1
416.0,pion,pion_like,meson,26.822006222453304,9.138673478564396,17.683332743888908,1
416.0,rho,rho_like,meson,20.514814309296767,14.814814423296765,5.699999886000001,1
416.0,proton,nucleon_like,baryon,20.174361969625174,14.229362088525171,5.944999881100002,1
417.0,pion,pion_like,meson,25.979341873648615,8.851564666796744,17.12777720685187,1
417.0,rho,rho_like,meson,21.11563732979567,15.637859661573447,5.477777668222224,1
417.0,proton,nucleon_like,baryon,20.788700466704274,14.177033932270938,6.611666534433337,1
418.0,pion,pion_like,meson,22.56410689140933,0.9334058580467339,21.630701033362598,1
418.0,rho,rho_like,meson,10.152241502578107,4.873294239736001,5.278947262842107,1
418.0,proton,nucleon_like,baryon,14.949713576624456,8.562608441208663,6.387105135415792,1
419.0,pion,pion_like,meson,26.822006222453304,9.138673478564396,17.683332743888908,1
419.0,rho,rho_like,meson,24.601233947123323,17.90123408112332,6.699999866000002,1
419.0,proton,nucleon_like,baryon,21.224217512466033,21.224217512466033,nan,0
420.0,pion,pion_like,meson,38.03001615283222,7.846683825609958,30.183332327222264,1
420.0,rho,rho_like,meson,11.632098549517767,2.932098723517761,8.699999826000006,1
420.0,proton,nucleon_like,baryon,2.875360326613234,2.875360326613234,nan,0
421.0,pion,pion_like,meson,26.190007960849787,8.923341869738657,17.26666609111113,1
421.0,rho,rho_like,meson,22.456172273022574,16.58950572368924,5.866666549333336,1
421.0,proton,nucleon_like,baryon,20.38457121503573,13.93957134393573,6.4449998711,1
422.0,pion,pion_like,meson,26.19000796084979,8.923341869738657,17.266666091111134,1
422.0,rho,rho_like,meson,20.193826660214313,14.660493437547643,5.53333322266667,1
422.0,proton,nucleon_like,baryon,18.90263587758328,13.082635993983276,5.819999883600004,1
423.0,pion,pion_like,meson,39.658162338564516,8.085941168749669,31.572221169814846,1
423.0,rho,rho_like,meson,12.787791252826027,3.5322358823815807,9.255555370444446,1
423.0,proton,nucleon_like,baryon,3.666986925324471,3.666986925324471,nan,0
424.0,pion,pion_like,meson,38.03001615283222,7.846683825609958,30.183332327222256,1
424.0,rho,rho_like,meson,11.632098549517762,2.9320987235177576,8.699999826000004,1
424.0,proton,nucleon_like,baryon,2.87536032661323,2.87536032661323,nan,0
425.0,pion,pion_like,meson,26.19000796084979,8.923341869738657,17.266666091111134,1
425.0,rho,rho_like,meson,26.051851192497505,18.518518009830835,7.533333182666669,1
425.0,proton,nucleon_like,baryon,23.177781009423004,15.482781163322999,7.694999846100004,1
426.0,pion,pion_like,meson,38.03001615283222,7.846683825609956,30.18333232722226,1
426.0,rho,rho_like,meson,11.632098549517767,2.932098723517763,8.699999826000004,1
426.0,proton,nucleon_like,baryon,2.8753603266132357,2.8753603266132357,nan,0
427.0,pion,pion_like,meson,27.719036013116366,9.44430543947835,18.274730573638013,1
427.0,rho,rho_like,meson,34.60521616741134,23.49661423904575,11.108601928365594,1
427.0,proton,nucleon_like,baryon,30.8289835426675,20.754951486083627,10.074032056583876,1
428.0,pion,pion_like,meson,33.1455775956353,7.128911796190827,26.01666579944448,1
428.0,rho,rho_like,meson,10.119752889549769,3.0864196968830973,7.033333192666671,1
428.0,proton,nucleon_like,baryon,2.846159455948179,2.846159455948179,nan,0
429.0,pion,pion_like,meson,25.460779197461115,8.674882321093573,16.78589687636754,1
429.0,rho,rho_like,meson,21.087463855052455,15.669515245462708,5.417948609589746,1
429.0,proton,nucleon_like,baryon,18.84118662110338,12.588494438464918,6.2526921826384605,1
430.0,pion,pion_like,meson,25.73858063113299,8.769533577720273,16.96904705341272,1
430.0,rho,rho_like,meson,22.978659031222,16.754849631888664,6.223809399333337,1
430.0,proton,nucleon_like,baryon,20.493222578558484,13.691079857458483,6.802142721100001,1
431.0,pion,pion_like,meson,33.1455775956353,7.128911796190827,26.01666579944448,1
431.0,rho,rho_like,meson,10.119752889549769,3.0864196968830973,7.033333192666671,1
431.0,proton,nucleon_like,baryon,11.921720358228027,5.100053827994689,6.821666530233339,1
432.0,pion,pion_like,meson,35.93668534260497,7.539067241573188,28.39761810103178,1
432.0,rho,rho_like,meson,10.631216734351302,2.6455026083512956,7.985714126000006,1
432.0,proton,nucleon_like,baryon,2.439565260153407,2.439565260153407,nan,0
433.0,pion,pion_like,meson,33.1455775956353,7.128911796190827,26.01666579944448,1
433.0,rho,rho_like,meson,10.119752889549769,3.0864196968830973,7.033333192666671,1
433.0,proton,nucleon_like,baryon,2.846159455948179,2.846159455948179,nan,0
434.0,pion,pion_like,meson,33.1455775956353,7.128911796190824,26.016665799444475,1
434.0,rho,rho_like,meson,10.119752889549765,3.086419696883096,7.03333319266667,1
434.0,proton,nucleon_like,baryon,11.921720358228024,5.100053827994687,6.821666530233337,1
435.0,pion,pion_like,meson,15.365604699598846,0.13325226616745595,15.23235243343139,1
435.0,rho,rho_like,meson,8.840885825080756,3.6310820077082044,5.209803817372551,1
435.0,proton,nucleon_like,baryon,7.383924802177326,7.383924802177326,nan,0
436.0,pion,pion_like,meson,21.273628366376553,0.8125179373024605,20.461110429074093,1
436.0,rho,rho_like,meson,9.337859891139967,4.526748876251078,4.81111101488889,1
436.0,proton,nucleon_like,baryon,11.71478069914125,6.1697808100412495,5.544999889100001,1
437.0,pion,pion_like,meson,17.552698385601705,5.980476549120212,11.572221836481493,1
437.0,rho,rho_like,meson,24.78230388502506,15.6378596234695,9.144444261555558,1
437.0,proton,nucleon_like,baryon,17.56486961478169,17.56486961478169,nan,0
438.0,pion,pion_like,meson,19.030078119373236,0.15626922469068055,18.873808894682554,1
438.0,rho,rho_like,meson,9.835802273209048,4.850088087209047,4.985714186000002,1
438.0,proton,nucleon_like,baryon,12.345955528406218,6.372384219306216,5.973571309100001,1
439.0,pion,pion_like,meson,26.688953956852565,9.093340508285293,17.59561344856727,1
439.0,rho,rho_like,meson,23.39265698005476,17.218972893002125,6.173684087052634,1
439.0,proton,nucleon_like,baryon,20.3919639209811,20.3919639209811,nan,0
440.0,pion,pion_like,meson,39.65816233856452,8.08594116874967,31.572221169814853,1
440.0,rho,rho_like,meson,12.787791252826029,3.532235882381582,9.255555370444448,1
440.0,proton,nucleon_like,baryon,3.666986925324473,3.666986925324473,nan,0
441.0,pion,pion_like,meson,21.542075091645945,0.5254091255348046,21.01666596611114,1
441.0,rho,rho_like,meson,10.280246699554352,5.24691346688768,5.033333232666672,1
441.0,proton,nucleon_like,baryon,13.00167671090533,7.456676821805324,5.544999889100007,1
442.0,pion,pion_like,meson,35.93668534260496,7.539067241573188,28.397618101031775,1
442.0,rho,rho_like,meson,10.631216734351298,2.6455026083512956,7.985714126000002,1
442.0,proton,nucleon_like,baryon,11.193141266562344,3.8952842696623424,7.297856996900002,1
443.0,pion,pion_like,meson,25.460779197461108,8.674882321093571,16.785896876367538,1
443.0,rho,rho_like,meson,16.262202844550064,10.921177310344936,5.341025534205129,1
443.0,proton,nucleon_like,baryon,16.49716172537212,11.172931062625963,5.324230662746157,1
444.0,pion,pion_like,meson,21.994778130365457,0.8800729518360237,21.114705178529434,1
444.0,rho,rho_like,meson,9.792955497531874,4.720406579375009,5.072548918156865,1
444.0,proton,nucleon_like,baryon,12.888165948845469,6.872577833863112,6.015588114982356,1
445.0,pion,pion_like,meson,33.1455775956353,7.128911796190824,26.016665799444475,1
445.0,rho,rho_like,meson,10.11975288954976,3.0864196968830924,7.033333192666668,1
445.0,proton,nucleon_like,baryon,2.8461594559481727,2.8461594559481727,nan,0
446.0,pion,pion_like,meson,42.02637497235696,8.433951849680158,33.592423122676806,1
446.0,rho,rho_like,meson,14.468798821274424,4.405162658910786,10.063636162363638,1
446.0,proton,nucleon_like,baryon,11.780842920827299,3.444024905745479,8.33681801508182,1
447.0,pion,pion_like,meson,33.1455775956353,7.128911796190822,26.01666579944448,1
447.0,rho,rho_like,meson,10.119752889549762,3.086419696883091,7.033333192666671,1
447.0,proton,nucleon_like,baryon,2.84615945594817,2.84615945594817,nan,0
448.0,pion,pion_like,meson,25.460779197461118,8.674882321093573,16.785896876367545,1
448.0,rho,rho_like,meson,21.08746385505246,15.669515245462712,5.417948609589746,1
448.0,proton,nucleon_like,baryon,18.40762856347326,18.40762856347326,nan,0
449.0,pion,pion_like,meson,26.688953956852565,9.093340508285293,17.59561344856727,1
449.0,rho,rho_like,meson,21.259453661549546,15.594541494146037,5.66491216740351,1
449.0,proton,nucleon_like,baryon,19.088394531400127,13.564447273458022,5.523947257942106,1
450.0,pion,pion_like,meson,33.1455775956353,7.128911796190824,26.016665799444475,1
450.0,rho,rho_like,meson,10.119752889549765,3.086419696883096,7.03333319266667,1
450.0,proton,nucleon_like,baryon,2.846159455948176,2.846159455948176,nan,0
451.0,pion,pion_like,meson,42.02637497235696,8.43395184968016,33.592423122676806,1
451.0,rho,rho_like,meson,14.468798821274426,4.4051626589107835,10.063636162363641,1
451.0,proton,nucleon_like,baryon,4.818443796177192,4.818443796177192,nan,0
452.0,pion,pion_like,meson,45.46049454895418,7.5390672415731865,37.921427307380995,1
452.0,rho,rho_like,meson,4.805996413329849,4.805996413329849,nan,0
452.0,proton,nucleon_like,baryon,4.297119959852179,4.297119959852179,nan,0
453.0,pion,pion_like,meson,39.65816233856453,8.08594116874967,31.57222116981486,1
453.0,rho,rho_like,meson,12.787791252826036,3.5322358823815856,9.25555537044445,1
453.0,proton,nucleon_like,baryon,11.40140065071751,3.468623031595282,7.932777619122229,1
454.0,pion,pion_like,meson,33.1455775956353,7.128911796190824,26.016665799444475,1
454.0,rho,rho_like,meson,10.119752889549765,3.086419696883096,7.03333319266667,1
454.0,proton,nucleon_like,baryon,11.921720358228013,5.100053827994678,6.821666530233335,1
455.0,pion,pion_like,meson,39.65816233856452,8.085941168749669,31.572221169814853,1
455.0,rho,rho_like,meson,12.787791252826032,3.532235882381584,9.25555537044445,1
455.0,proton,nucleon_like,baryon,3.666986925324475,3.666986925324475,nan,0
456.0,pion,pion_like,meson,26.822006222453307,9.138673478564396,17.68333274388891,1
456.0,rho,rho_like,meson,22.05802413821004,16.35802425221004,5.699999886000001,1
456.0,proton,nucleon_like,baryon,20.23245930610386,14.287459425003858,5.944999881100001,1
457.0,pion,pion_like,meson,25.460779197461115,8.674882321093573,16.78589687636754,1
457.0,rho,rho_like,meson,25.512914832867754,18.0436842130216,7.469230619846155,1
457.0,proton,nucleon_like,baryon,22.27898329111851,14.48782960078774,7.791153690330772,1
458.0,pion,pion_like,meson,26.190007960849787,8.923341869738657,17.26666609111113,1
458.0,rho,rho_like,meson,26.051851192497505,18.518518009830835,7.533333182666669,1
458.0,proton,nucleon_like,baryon,21.900642411074475,21.900642411074475,nan,0
459.0,pion,pion_like,meson,35.93668534260495,7.539067241573188,28.397618101031767,1
459.0,rho,rho_like,meson,10.631216734351304,2.6455026083513027,7.985714126,1
459.0,proton,nucleon_like,baryon,11.193141266562344,3.8952842696623438,7.2978569969,1
460.0,pion,pion_like,meson,26.37588980249788,8.986674695863874,17.38921510663401,1
460.0,rho,rho_like,meson,27.317283258905064,19.244734400748197,8.072548858156866,1
460.0,proton,nucleon_like,baryon,22.791018489874787,22.791018489874787,nan,0
461.0,pion,pion_like,meson,26.541118106185074,9.042970541308511,17.49814756487656,1
461.0,rho,rho_like,meson,25.24595272284518,18.175582493882214,7.070370228962965,1
461.0,proton,nucleon_like,baryon,22.782917749528945,15.504584561762277,7.278333187766668,1
462.0,pion,pion_like,meson,25.460779197461118,8.674882321093573,16.785896876367545,1
462.0,rho,rho_like,meson,21.08746385505246,15.669515245462712,5.417948609589746,1
462.0,proton,nucleon_like,baryon,18.841186621103375,12.588494438464913,6.252692182638463,1
463.0,pion,pion_like,meson,14.67132996710825,4.9987496443663035,9.672580322741947,1
463.0,rho,rho_like,meson,18.157586143201804,11.350059397631911,6.807526745569895,1
463.0,proton,nucleon_like,baryon,13.716008348103506,13.716008348103506,nan,0
464.0,pion,pion_like,meson,26.37588980249788,8.986674695863874,17.389215106634005,1
464.0,rho,rho_like,meson,21.196005279893427,15.613652450364013,5.5823528295294125,1
464.0,proton,nucleon_like,baryon,19.02538075034409,13.315674982185266,5.709705768158826,1
465.0,pion,pion_like,meson,35.93668534260497,7.5390672415731865,28.397618101031778,1
465.0,rho,rho_like,meson,10.631216734351298,2.6455026083512942,7.985714126000005,1
465.0,proton,nucleon_like,baryon,2.4395652601534046,2.4395652601534046,nan,0
466.0,pion,pion_like,meson,39.65816233856452,8.085941168749669,31.572221169814853,1
466.0,rho,rho_like,meson,12.787791252826032,3.532235882381584,9.25555537044445,1
466.0,proton,nucleon_like,baryon,3.666986925324475,3.666986925324475,nan,0
467.0,pion,pion_like,meson,20.13537244420804,0.17931250334943447,19.95605994085861,1
467.0,rho,rho_like,meson,11.137710208876927,5.892255768331469,5.2454544405454575,1
467.0,proton,nucleon_like,baryon,10.11109069096043,10.11109069096043,nan,0
468.0,pion,pion_like,meson,0.0,nan,nan,0
468.0,rho,rho_like,meson,0.0,nan,nan,0
468.0,proton,nucleon_like,baryon,0.0,nan,nan,0
469.0,pion,pion_like,meson,35.93668534260497,7.5390672415731865,28.397618101031778,1
469.0,rho,rho_like,meson,10.631216734351298,2.6455026083512942,7.985714126000005,1
469.0,proton,nucleon_like,baryon,2.4395652601534046,2.4395652601534046,nan,0
470.0,pion,pion_like,meson,22.616579799086324,0.7665805274196333,21.84999927166669,1
470.0,rho,rho_like,meson,7.0987653444596885,7.0987653444596885,nan,0
470.0,proton,nucleon_like,baryon,14.95009950199402,14.95009950199402,nan,0
471.0,pion,pion_like,meson,38.030016152832204,7.846683825609958,30.18333232722225,1
471.0,rho,rho_like,meson,11.632098549517755,2.932098723517754,8.699999826,1
471.0,proton,nucleon_like,baryon,11.140534090017004,3.485534243117005,7.654999846899999,1
472.0,pion,pion_like,meson,45.46049454895418,7.539067241573188,37.921427307380995,1
472.0,rho,rho_like,meson,4.805996413329852,4.805996413329852,nan,0
472.0,proton,nucleon_like,baryon,4.297119959852184,4.297119959852184,nan,0
473.0,pion,pion_like,meson,26.190007960849783,8.923341869738655,17.266666091111126,1
473.0,rho,rho_like,meson,16.33580208793111,10.802468865264444,5.533333222666667,1
473.0,proton,nucleon_like,baryon,13.864941794673845,9.309941885773844,4.554999908900001,1
474.0,pion,pion_like,meson,26.688953956852565,9.093340508285293,17.59561344856727,1
474.0,rho,rho_like,meson,21.259453661549546,15.594541494146037,5.66491216740351,1
474.0,proton,nucleon_like,baryon,18.442646254386624,18.442646254386624,nan,0
475.0,pion,pion_like,meson,26.541118106185074,9.042970541308511,17.49814756487656,1
475.0,rho,rho_like,meson,25.245952722845182,18.175582493882217,7.0703702289629655,1
475.0,proton,nucleon_like,baryon,22.78291774952895,15.504584561762279,7.27833318776667,1
476.0,pion,pion_like,meson,25.73858063113299,8.769533577720273,16.96904705341272,1
476.0,rho,rho_like,meson,19.964549768012557,14.550264162012553,5.414285606000003,1
476.0,proton,nucleon_like,baryon,17.30098281354443,11.92741149244443,5.373571321100002,1
477.0,pion,pion_like,meson,8.810055766753043,3.001722627030813,5.80833313972223,1
477.0,rho,rho_like,meson,13.706172491403912,8.256172600403909,5.449999891000002,1
477.0,proton,nucleon_like,baryon,11.997670932748989,11.997670932748989,nan,0
478.0,pion,pion_like,meson,25.738580631132987,8.76953357772027,16.969047053412716,1
478.0,rho,rho_like,meson,19.964549768012553,14.550264162012553,5.414285606000001,1
478.0,proton,nucleon_like,baryon,17.300982813544433,11.92741149244443,5.373571321100003,1
479.0,pion,pion_like,meson,33.145577595635295,7.128911796190827,26.01666579944447,1
479.0,rho,rho_like,meson,10.119752889549769,3.086419696883101,7.033333192666668,1
479.0,proton,nucleon_like,baryon,2.846159455948183,2.846159455948183,nan,0
480.0,pion,pion_like,meson,25.738580631132997,8.769533577720273,16.969047053412723,1
480.0,rho,rho_like,meson,19.964549768012557,14.550264162012555,5.414285606000003,1
480.0,proton,nucleon_like,baryon,17.300982813544426,11.927411492444422,5.373571321100003,1
481.0,pion,pion_like,meson,26.94238684371112,9.179689023102632,17.762697820608487,1
481.0,rho,rho_like,meson,22.955143454871127,17.048794366648902,5.906349088222226,1
481.0,proton,nucleon_like,baryon,20.213540492128836,20.213540492128836,nan,0
482.0,pion,pion_like,meson,33.1455775956353,7.128911796190824,26.016665799444475,1
482.0,rho,rho_like,meson,10.119752889549765,3.086419696883096,7.03333319266667,1
482.0,proton,nucleon_like,baryon,11.921720358228024,5.100053827994687,6.821666530233337,1
483.0,pion,pion_like,meson,24.070068138060016,1.3867355608377645,22.683332577222252,1
483.0,rho,rho_like,meson,10.329629409891185,4.629629523891181,5.699999886000004,1
483.0,proton,nucleon_like,baryon,11.836340739508179,6.791340840408176,5.044999899100003,1
484.0,pion,pion_like,meson,26.37588980249788,8.986674695863874,17.38921510663401,1
484.0,rho,rho_like,meson,23.93311486410513,17.429193425556107,6.503921438549022,1
484.0,proton,nucleon_like,baryon,21.65428408623802,14.768107753373316,6.886176332864706,1
485.0,pion,pion_like,meson,33.1455775956353,7.128911796190828,26.016665799444475,1
485.0,rho,rho_like,meson,10.119752889549773,3.0864196968831017,7.03333319266667,1
485.0,proton,nucleon_like,baryon,2.846159455948185,2.846159455948185,nan,0
486.0,pion,pion_like,meson,39.65816233856452,8.08594116874967,31.572221169814853,1
486.0,rho,rho_like,meson,12.787791252826029,3.532235882381582,9.255555370444448,1
486.0,proton,nucleon_like,baryon,11.401400650717495,3.468623031595271,7.9327776191222235,1
487.0,pion,pion_like,meson,38.03001615283222,7.846683825609958,30.183332327222264,1
487.0,rho,rho_like,meson,11.632098549517767,2.932098723517761,8.699999826000006,1
487.0,proton,nucleon_like,baryon,2.875360326613234,2.875360326613234,nan,0
488.0,pion,pion_like,meson,17.187113037106105,0.42970618827891865,16.757406848827188,1
488.0,rho,rho_like,meson,8.203429203808104,3.429355225215508,4.774073978592597,1
488.0,proton,nucleon_like,baryon,6.973706752868331,6.973706752868331,nan,0
489.0,pion,pion_like,meson,38.03001615283222,7.846683825609958,30.183332327222264,1
489.0,rho,rho_like,meson,11.632098549517767,2.932098723517761,8.699999826000006,1
489.0,proton,nucleon_like,baryon,2.875360326613234,2.875360326613234,nan,0
490.0,pion,pion_like,meson,25.460779197461115,8.674882321093573,16.78589687636754,1
490.0,rho,rho_like,meson,21.08746385505245,15.669515245462708,5.417948609589743,1
490.0,proton,nucleon_like,baryon,29.565167980326198,21.004783536149272,8.560384444176925,1
491.0,pion,pion_like,meson,38.03001615283221,7.846683825609962,30.18333232722225,1
491.0,rho,rho_like,meson,11.632098549517757,2.9320987235177567,8.699999825999999,1
491.0,proton,nucleon_like,baryon,2.8753603266132304,2.8753603266132304,nan,0
492.0,pion,pion_like,meson,19.903061579394517,0.02674645246467071,19.876315126929846,1
492.0,rho,rho_like,meson,10.60903162187267,5.5230668113112635,5.085964810561407,1
492.0,proton,nucleon_like,baryon,9.60651771439235,9.60651771439235,nan,0
493.0,pion,pion_like,meson,35.93668534260496,7.539067241573188,28.397618101031775,1
493.0,rho,rho_like,meson,10.631216734351304,2.645502608351299,7.985714126000004,1
493.0,proton,nucleon_like,baryon,2.439565260153411,2.439565260153411,nan,0
494.0,pion,pion_like,meson,25.460779197461115,8.674882321093573,16.78589687636754,1
494.0,rho,rho_like,meson,21.087463855052462,15.669515245462714,5.417948609589747,1
494.0,proton,nucleon_like,baryon,25.7793461520412,17.98819246171043,7.791153690330772,1
495.0,pion,pion_like,meson,26.541118106185074,9.042970541308511,17.498147564876565,1
495.0,rho,rho_like,meson,22.08683071960821,16.4609049062008,5.625925813407409,1
495.0,proton,nucleon_like,baryon,26.193310504370665,18.35942177215955,7.833888732211113,1
496.0,pion,pion_like,meson,39.65816233856453,8.08594116874967,31.57222116981486,1
496.0,rho,rho_like,meson,12.787791252826036,3.5322358823815856,9.25555537044445,1
496.0,proton,nucleon_like,baryon,3.666986925324477,3.666986925324477,nan,0
497.0,pion,pion_like,meson,39.65816233856453,8.08594116874967,31.57222116981486,1
497.0,rho,rho_like,meson,12.787791252826036,3.5322358823815856,9.25555537044445,1
497.0,proton,nucleon_like,baryon,11.40140065071751,3.468623031595282,7.932777619122229,1
498.0,pion,pion_like,meson,35.93668534260496,7.5390672415731865,28.39761810103177,1
498.0,rho,rho_like,meson,10.631216734351298,2.645502608351298,7.985714126000001,1
498.0,proton,nucleon_like,baryon,2.439565260153409,2.439565260153409,nan,0
499.0,pion,pion_like,meson,26.94238684371112,9.179689023102634,17.762697820608487,1
499.0,rho,rho_like,meson,21.31081663717594,15.579070720064827,5.731745917111113,1
499.0,proton,nucleon_like,baryon,19.13940568749311,13.765834366393108,5.373571321100003,1
500.0,pion,pion_like,meson,14.028829290600275,4.779839699910027,9.248989590690247,1
500.0,rho,rho_like,meson,18.226374381128657,11.223344218158962,7.003030162969697,1
500.0,proton,nucleon_like,baryon,18.45752185667475,11.482218965877776,6.975302890796972,1
501.0,pion,pion_like,meson,33.145577595635295,7.128911796190827,26.01666579944447,1
501.0,rho,rho_like,meson,10.119752889549769,3.086419696883101,7.033333192666668,1
501.0,proton,nucleon_like,baryon,2.846159455948183,2.846159455948183,nan,0
502.0,pion,pion_like,meson,26.19000796084979,8.923341869738657,17.266666091111134,1
502.0,rho,rho_like,meson,20.19382666021431,14.660493437547641,5.533333222666669,1
502.0,proton,nucleon_like,baryon,21.978616113064824,15.533616241964822,6.444999871100002,1
503.0,pion,pion_like,meson,21.99477813036546,0.8800729518360256,21.114705178529434,1
503.0,rho,rho_like,meson,9.792955497531867,4.7204065793750045,5.072548918156863,1
503.0,proton,nucleon_like,baryon,12.046182123172073,6.61882929054266,5.427352832629413,1
504.0,pion,pion_like,meson,19.903061579394514,0.026746452464674535,19.87631512692984,1
504.0,rho,rho_like,meson,10.60903162187266,5.523066811311256,5.085964810561403,1
504.0,proton,nucleon_like,baryon,13.534484269930255,7.673694913461837,5.860789356468418,1
505.0,pion,pion_like,meson,35.93668534260497,7.53906724157319,28.397618101031778,1
505.0,rho,rho_like,meson,10.631216734351305,2.6455026083513005,7.985714126000004,1
505.0,proton,nucleon_like,baryon,2.4395652601534135,2.4395652601534135,nan,0
506.0,pion,pion_like,meson,26.19000796084979,8.923341869738657,17.266666091111134,1
506.0,rho,rho_like,meson,20.19382666021431,14.660493437547641,5.533333222666669,1
506.0,proton,nucleon_like,baryon,18.90263587758327,13.082635993983267,5.819999883600002,1
507.0,pion,pion_like,meson,23.699697780035322,1.3867355608377654,22.31296221919756,1
507.0,rho,rho_like,meson,10.010013505937852,4.458161765123036,5.551851740814818,1
507.0,proton,nucleon_like,baryon,11.536857176853168,6.436301723308721,5.100555453544446,1
508.0,pion,pion_like,meson,26.37588980249788,8.986674695863874,17.38921510663401,1
508.0,rho,rho_like,meson,23.933114864105125,17.429193425556104,6.50392143854902,1
508.0,proton,nucleon_like,baryon,21.654284086238015,14.768107753373307,6.886176332864707,1
509.0,pion,pion_like,meson,14.182040990382944,4.832041302049601,9.349999688333343,1
509.0,rho,rho_like,meson,21.012756651367585,12.75720126092314,8.255555390444446,1
509.0,proton,nucleon_like,baryon,20.465216716576258,12.520216875476256,7.944999841100003,1
510.0,pion,pion_like,meson,38.03001615283222,7.846683825609958,30.183332327222256,1
510.0,rho,rho_like,meson,11.632098549517762,2.9320987235177576,8.699999826000004,1
510.0,proton,nucleon_like,baryon,2.87536032661323,2.87536032661323,nan,0
511.0,pion,pion_like,meson,25.979341873648618,8.851564666796744,17.127777206851874,1
511.0,rho,rho_like,meson,19.058024224577974,13.58024655635575,5.477777668222224,1
511.0,proton,nucleon_like,baryon,15.953278099728129,15.953278099728129,nan,0
512.0,pion,pion_like,meson,19.28717319633088,0.13325226616745595,19.153920930163423,1
512.0,rho,rho_like,meson,10.656426800272847,5.446622982900296,5.209803817372551,1
512.0,proton,nucleon_like,baryon,14.259149444606821,7.655326047271525,6.603823397335296,1
513.0,pion,pion_like,meson,39.65816233856452,8.085941168749669,31.572221169814853,1
513.0,rho,rho_like,meson,12.787791252826036,3.5322358823815874,9.255555370444448,1
513.0,proton,nucleon_like,baryon,11.401400650717502,3.468623031595279,7.9327776191222235,1
514.0,pion,pion_like,meson,25.979341873648618,8.851564666796744,17.127777206851874,1
514.0,rho,rho_like,meson,28.453085698008863,19.75308587200886,8.699999826000004,1
514.0,proton,nucleon_like,baryon,24.904410855699343,16.292744361266006,8.611666494433337,1
515.0,pion,pion_like,meson,25.738580631132997,8.769533577720273,16.969047053412723,1
515.0,rho,rho_like,meson,22.978659031222005,16.754849631888668,6.223809399333336,1
515.0,proton,nucleon_like,baryon,19.738300505416586,19.738300505416586,nan,0
516.0,pion,pion_like,meson,33.1455775956353,7.128911796190824,26.016665799444475,1
516.0,rho,rho_like,meson,10.11975288954976,3.0864196968830924,7.033333192666668,1
516.0,proton,nucleon_like,baryon,11.921720358228026,5.100053827994689,6.821666530233337,1
517.0,pion,pion_like,meson,35.93668534260495,7.539067241573184,28.397618101031767,1
517.0,rho,rho_like,meson,10.631216734351296,2.6455026083512965,7.985714126,1
517.0,proton,nucleon_like,baryon,11.193141266562337,3.8952842696623375,7.2978569969,1
518.0,pion,pion_like,meson,39.65816233856452,8.085941168749669,31.572221169814853,1
518.0,rho,rho_like,meson,12.787791252826032,3.532235882381584,9.25555537044445,1
518.0,proton,nucleon_like,baryon,3.666986925324475,3.666986925324475,nan,0
519.0,pion,pion_like,meson,38.03001615283222,7.846683825609958,30.183332327222264,1
519.0,rho,rho_like,meson,11.632098549517767,2.932098723517761,8.699999826000006,1
519.0,proton,nucleon_like,baryon,11.140534090017024,3.4855342431170193,7.654999846900005,1
520.0,pion,pion_like,meson,25.460779197461115,8.674882321093573,16.78589687636754,1
520.0,rho,rho_like,meson,18.636371812108955,13.295346277903825,5.34102553420513,1
520.0,proton,nucleon_like,baryon,15.403389951088254,10.6891592761421,4.7142306749461556,1
521.0,pion,pion_like,meson,26.541118106185074,9.042970541308511,17.498147564876565,1
521.0,rho,rho_like,meson,22.08683071960821,16.4609049062008,5.6259258134074095,1
521.0,proton,nucleon_like,baryon,20.300064598962468,14.132842500084687,6.16722209887778,1
522.0,pion,pion_like,meson,33.145577595635295,7.128911796190827,26.01666579944447,1
522.0,rho,rho_like,meson,10.119752889549765,3.0864196968830973,7.033333192666667,1
522.0,proton,nucleon_like,baryon,2.846159455948179,2.846159455948179,nan,0
523.0,pion,pion_like,meson,26.19000796084979,8.923341869738657,17.266666091111134,1
523.0,rho,rho_like,meson,22.456172273022574,16.58950572368924,5.866666549333336,1
523.0,proton,nucleon_like,baryon,20.384571215035713,13.939571343935711,6.444999871100004,1
524.0,pion,pion_like,meson,27.945558687526226,9.521485227587934,18.424073459938292,1
524.0,rho,rho_like,meson,33.208915482602336,22.805211986972704,10.403703495629633,1
524.0,proton,nucleon_like,baryon,27.223330183191713,27.223330183191713,nan,0
525.0,pion,pion_like,meson,40.96067928715036,8.277347043261438,32.68333224388893,1
525.0,rho,rho_like,meson,13.712345415472647,4.012345609472644,9.699999806000005,1
525.0,proton,nucleon_like,baryon,11.610093899277896,3.4550940623778907,8.154999836900005,1
526.0,pion,pion_like,meson,39.65816233856452,8.08594116874967,31.572221169814853,1
526.0,rho,rho_like,meson,12.787791252826032,3.5322358823815856,9.255555370444446,1
526.0,proton,nucleon_like,baryon,3.666986925324477,3.666986925324477,nan,0
527.0,pion,pion_like,meson,35.93668534260497,7.539067241573184,28.39761810103178,1
527.0,rho,rho_like,meson,10.631216734351295,2.64550260835129,7.985714126000006,1
527.0,proton,nucleon_like,baryon,2.4395652601533984,2.4395652601533984,nan,0
528.0,pion,pion_like,meson,20.617379653764775,0.15626922469068055,20.461110429074093,1
528.0,rho,rho_like,meson,10.57066409650109,5.584949910501088,4.985714186000002,1
528.0,proton,nucleon_like,baryon,13.629456511213398,7.8939804354467284,5.73547607576667,1
529.0,pion,pion_like,meson,26.541118106185074,9.042970541308511,17.498147564876565,1
529.0,rho,rho_like,meson,22.0868307196082,16.460904906200792,5.625925813407409,1
529.0,proton,nucleon_like,baryon,20.300064598962457,14.132842500084676,6.167222098877781,1
530.0,pion,pion_like,meson,26.19000796084979,8.923341869738657,17.266666091111134,1
530.0,rho,rho_like,meson,22.456172273022574,16.58950572368924,5.866666549333336,1
530.0,proton,nucleon_like,baryon,21.695845671970552,14.625845813370553,7.0699998586,1
531.0,pion,pion_like,meson,38.03001615283221,7.8466838256099605,30.183332327222253,1
531.0,rho,rho_like,meson,11.63209854951776,2.932098723517759,8.699999826,1
531.0,proton,nucleon_like,baryon,11.140534090017024,3.4855342431170224,7.654999846900002,1
532.0,pion,pion_like,meson,33.1455775956353,7.128911796190828,26.016665799444475,1
532.0,rho,rho_like,meson,10.119752889549773,3.0864196968831017,7.03333319266667,1
532.0,proton,nucleon_like,baryon,2.846159455948185,2.846159455948185,nan,0
533.0,pion,pion_like,meson,17.187113037106098,0.4297061882789206,16.757406848827177,1
533.0,rho,rho_like,meson,8.203429203808094,3.4293552252155,4.774073978592594,1
533.0,proton,nucleon_like,baryon,11.459932861172422,5.803821863183532,5.65611099798889,1
534.0,pion,pion_like,meson,27.719036013116366,9.44430543947835,18.274730573638013,1
534.0,rho,rho_like,meson,34.60521616741134,23.496614239045748,11.108601928365594,1
534.0,proton,nucleon_like,baryon,31.455169501658474,20.413395528945568,11.041773972712909,1
535.0,pion,pion_like,meson,19.40324501165518,0.9623365354430349,18.440908476212144,1
535.0,rho,rho_like,meson,12.304938023722226,6.4534229892373745,5.851515034484852,1
535.0,proton,nucleon_like,baryon,25.58041687196465,16.48996250831919,9.09045436364546,1
536.0,pion,pion_like,meson,41.76601946295851,7.416020607958476,34.34999885500004,1
536.0,rho,rho_like,meson,15.304937954722762,4.938271495389426,10.366666459333336,1
536.0,proton,nucleon_like,baryon,5.154136015462488,5.154136015462488,nan,0
537.0,pion,pion_like,meson,16.44479610524327,3.1732279201778986,13.271568185065371,1
537.0,rho,rho_like,meson,15.18801714026047,7.625272193476155,7.562744946784314,1
537.0,proton,nucleon_like,baryon,13.084940919297244,13.084940919297244,nan,0
538.0,pion,pion_like,meson,25.73858063113299,8.769533577720273,16.96904705341272,1
538.0,rho,rho_like,meson,27.088006367764777,18.95943510176477,8.128571266000003,1
538.0,proton,nucleon_like,baryon,29.651848602692656,19.992563081592653,9.659285521100003,1
539.0,pion,pion_like,meson,25.460779197461108,8.674882321093571,16.785896876367538,1
539.0,rho,rho_like,meson,21.087463855052462,15.669515245462714,5.4179486095897476,1
539.0,proton,nucleon_like,baryon,18.841186621103382,12.588494438464918,6.252692182638464,1
540.0,pion,pion_like,meson,25.979341873648618,8.851564666796744,17.127777206851874,1
540.0,rho,rho_like,meson,21.11563732979568,15.637859661573453,5.477777668222225,1
540.0,proton,nucleon_like,baryon,18.422413810747795,18.422413810747795,nan,0
541.0,pion,pion_like,meson,22.641496757107625,1.3867355608377645,21.25476119626986,1
541.0,rho,rho_like,meson,9.096825208928347,3.968253882928347,5.128571325999999,1
541.0,proton,nucleon_like,baryon,10.681189854981714,5.421904245881713,5.259285609100001,1
542.0,pion,pion_like,meson,38.03001615283221,7.846683825609956,30.183332327222253,1
542.0,rho,rho_like,meson,11.632098549517758,2.9320987235177562,8.699999826000003,1
542.0,proton,nucleon_like,baryon,11.140534090017017,3.4855342431170153,7.654999846900002,1
543.0,pion,pion_like,meson,26.598061184474087,2.2480619961407227,24.349999188333364,1
543.0,rho,rho_like,meson,10.379012120228024,4.012345580894687,6.3666665393333375,1
543.0,proton,nucleon_like,baryon,7.130183880212035,7.130183880212035,nan,0
544.0,pion,pion_like,meson,18.449913271308535,0.7665805274196315,17.683332743888904,1
544.0,rho,rho_like,meson,11.487036810154093,5.7870369241540915,5.699999886000001,1
544.0,proton,nucleon_like,baryon,10.16023483673089,10.16023483673089,nan,0
545.0,pion,pion_like,meson,27.862944535682633,9.493337304865616,18.369607230817017,1
545.0,rho,rho_like,meson,32.364487197965644,22.33115406529898,10.03333313266667,1
545.0,proton,nucleon_like,baryon,26.64605338510419,26.64605338510419,nan,0
546.0,pion,pion_like,meson,26.19000796084979,8.923341869738657,17.266666091111134,1
546.0,rho,rho_like,meson,20.19382666021431,14.660493437547641,5.533333222666669,1
546.0,proton,nucleon_like,baryon,17.591361420648433,12.39636152454843,5.194999896100002,1
547.0,pion,pion_like,meson,38.03001615283222,7.846683825609958,30.183332327222256,1
547.0,rho,rho_like,meson,11.632098549517762,2.9320987235177576,8.699999826000004,1
547.0,proton,nucleon_like,baryon,2.87536032661323,2.87536032661323,nan,0
548.0,pion,pion_like,meson,26.19000796084979,8.923341869738657,17.266666091111134,1
548.0,rho,rho_like,meson,20.19382666021431,14.660493437547641,5.533333222666669,1
548.0,proton,nucleon_like,baryon,17.591361420648425,12.39636152454842,5.194999896100004,1
549.0,pion,pion_like,meson,24.02142856637242,2.906723387842985,21.114705178529437,1
549.0,rho,rho_like,meson,6.524981715289213,1.452432797132347,5.072548918156866,1
549.0,proton,nucleon_like,baryon,7.873547065908392,3.6009000925377994,4.272646973370592,1
550.0,pion,pion_like,meson,21.273628366376553,0.8125179373024566,20.461110429074097,1
550.0,rho,rho_like,meson,9.337859891139978,4.526748876251088,4.81111101488889,1
550.0,proton,nucleon_like,baryon,11.714780699141254,6.169780810041253,5.544999889100001,1
551.0,pion,pion_like,meson,38.03001615283221,7.8466838256099605,30.183332327222253,1
551.0,rho,rho_like,meson,11.632098549517757,2.9320987235177554,8.699999826,1
551.0,proton,nucleon_like,baryon,11.140534090017018,3.4855342431170153,7.654999846900003,1
552.0,pion,pion_like,meson,26.541118106185074,9.042970541308511,17.498147564876565,1
552.0,rho,rho_like,meson,25.245952722845175,18.17558249388221,7.070370228962964,1
552.0,proton,nucleon_like,baryon,22.782917749528938,15.50458456176227,7.278333187766668,1
553.0,pion,pion_like,meson,26.190007960849787,8.923341869738657,17.26666609111113,1
553.0,rho,rho_like,meson,29.647530111972436,20.44753029597243,9.199999816000004,1
553.0,proton,nucleon_like,baryon,24.21545714015541,24.21545714015541,nan,0
554.0,pion,pion_like,meson,11.409403455606219,3.88736069558829,7.5220427600179285,1
554.0,rho,rho_like,meson,13.081919209430884,7.994822536979272,5.0870966724516125,1
554.0,proton,nucleon_like,baryon,15.239231622389221,9.681328507740831,5.55790311464839,1
555.0,pion,pion_like,meson,18.574805590694112,0.33591730976815726,18.238888280925956,1
555.0,rho,rho_like,meson,10.716460692913092,5.349794133579753,5.366666559333339,1
555.0,proton,nucleon_like,baryon,9.506911868744314,9.506911868744314,nan,0
556.0,pion,pion_like,meson,24.219806438720404,2.0492943572246567,22.170512081495747,1
556.0,rho,rho_like,meson,8.818708267914932,3.323836582940574,5.494871684974359,1
556.0,proton,nucleon_like,baryon,9.488585034797634,4.5589697487745555,4.929615286023077,1
557.0,pion,pion_like,meson,25.460779197461118,8.674882321093573,16.785896876367545,1
557.0,rho,rho_like,meson,18.636371812108955,13.295346277903827,5.34102553420513,1
557.0,proton,nucleon_like,baryon,15.558625819989034,15.558625819989034,nan,0
558.0,pion,pion_like,meson,27.051823772127314,9.216975881773758,17.834847890353554,1
558.0,rho,rho_like,meson,22.034455117066095,16.273849171672154,5.760605945393941,1
558.0,proton,nucleon_like,baryon,23.786771393733552,16.659953354451734,7.126818039281821,1
559.0,pion,pion_like,meson,25.979341873648618,8.851564666796744,17.127777206851874,1
559.0,rho,rho_like,meson,21.115637329795675,15.637859661573453,5.477777668222224,1
559.0,proton,nucleon_like,baryon,18.945563294339784,13.000563413239782,5.944999881100002,1
560.0,pion,pion_like,meson,26.37588980249788,8.986674695863874,17.38921510663401,1
560.0,rho,rho_like,meson,21.196005279893427,15.613652450364016,5.5823528295294125,1
560.0,proton,nucleon_like,baryon,28.55248524090657,20.489838343335983,8.06264689757059,1
561.0,pion,pion_like,meson,40.960679287150356,8.27734704326144,32.68333224388892,1
561.0,rho,rho_like,meson,13.71234541547264,4.012345609472642,9.699999806,1
561.0,proton,nucleon_like,baryon,11.610093899277885,3.4550940623778854,8.1549998369,1
562.0,pion,pion_like,meson,16.352583442545953,0.3359173097681553,16.016666132777797,1
562.0,rho,rho_like,meson,9.687654140304229,4.320987580970893,5.3666665593333365,1
562.0,proton,nucleon_like,baryon,8.272344013234472,8.272344013234472,nan,0
563.0,pion,pion_like,meson,26.19000796084979,8.923341869738657,17.266666091111134,1
563.0,rho,rho_like,meson,20.193826660214313,14.660493437547643,5.53333322266667,1
563.0,proton,nucleon_like,baryon,17.591361420648433,12.39636152454843,5.1949998961000015,1
564.0,pion,pion_like,meson,25.460779197461115,8.674882321093573,16.78589687636754,1
564.0,rho,rho_like,meson,18.636371812108955,13.295346277903825,5.34102553420513,1
564.0,proton,nucleon_like,baryon,18.555727653741087,13.072266224948777,5.4834614287923085,1
565.0,pion,pion_like,meson,22.64149675710763,1.3867355608377645,21.254761196269868,1
565.0,rho,rho_like,meson,9.096825208928351,3.968253882928347,5.128571326000003,1
565.0,proton,nucleon_like,baryon,7.334537088051441,7.334537088051441,nan,0
566.0,pion,pion_like,meson,26.375889802497888,8.986674695863874,17.389215106634012,1
566.0,rho,rho_like,meson,21.196005279893434,15.613652450364022,5.582352829529413,1
566.0,proton,nucleon_like,baryon,19.86736457601747,13.569423525505705,6.2979410505117635,1
567.0,pion,pion_like,meson,14.070068471393341,1.3867355608377645,12.683332910555578,1
567.0,rho,rho_like,meson,8.045678844992533,4.012345592325863,4.03333325266667,1
567.0,proton,nucleon_like,baryon,11.34251359730424,6.297513698204237,5.044999899100003,1
568.0,pion,pion_like,meson,10.390051420761838,3.5400516490951626,6.849999771666675,1
568.0,rho,rho_like,meson,14.701542828435231,8.834876279101897,5.866666549333335,1
568.0,proton,nucleon_like,baryon,12.531325814729623,12.531325814729623,nan,0
569.0,pion,pion_like,meson,26.19000796084979,8.923341869738657,17.266666091111134,1
569.0,rho,rho_like,meson,26.051851192497505,18.518518009830835,7.533333182666669,1
569.0,proton,nucleon_like,baryon,23.177781009423004,15.482781163322999,7.694999846100005,1
570.0,pion,pion_like,meson,20.66942382250107,0.20831339342697408,20.461110429074097,1
570.0,rho,rho_like,meson,11.440740503183191,6.1728393739733125,5.2679011292098785,1
570.0,proton,nucleon_like,baryon,14.693165295697927,8.851869116227554,5.841296179470373,1
571.0,pion,pion_like,meson,26.19000796084979,8.923341869738657,17.266666091111134,1
571.0,rho,rho_like,meson,20.193826660214313,14.660493437547643,5.53333322266667,1
571.0,proton,nucleon_like,baryon,17.271012952912606,17.271012952912606,nan,0
572.0,pion,pion_like,meson,26.375889802497888,8.986674695863874,17.389215106634012,1
572.0,rho,rho_like,meson,23.933114864105136,17.42919342555611,6.503921438549024,1
572.0,proton,nucleon_like,baryon,21.65428408623802,14.768107753373313,6.88617633286471,1
573.0,pion,pion_like,meson,25.13667752484393,8.564455855029092,16.572221669814837,1
573.0,rho,rho_like,meson,23.675308042154565,16.975308176154563,6.6999998660000015,1
573.0,proton,nucleon_like,baryon,20.638091063255487,13.359757875488818,7.278333187766668,1
574.0,pion,pion_like,meson,26.190007960849787,8.923341869738657,17.26666609111113,1
574.0,rho,rho_like,meson,22.456172273022574,16.589505723689236,5.866666549333338,1
574.0,proton,nucleon_like,baryon,24.771825907452104,17.076826061352104,7.694999846100002,1
575.0,pion,pion_like,meson,40.96067928715036,8.277347043261438,32.68333224388893,1
575.0,rho,rho_like,meson,13.712345415472647,4.012345609472644,9.699999806000005,1
575.0,proton,nucleon_like,baryon,11.610093899277885,3.455094062377882,8.154999836900004,1
576.0,pion,pion_like,meson,26.688953956852565,9.093340508285293,17.59561344856727,1
576.0,rho,rho_like,meson,21.259453661549546,15.594541494146037,5.66491216740351,1
576.0,proton,nucleon_like,baryon,19.08839453140012,13.564447273458013,5.523947257942108,1
577.0,pion,pion_like,meson,25.73858063113299,8.769533577720273,16.96904705341272,1
577.0,rho,rho_like,meson,19.964549768012557,14.550264162012553,5.414285606000003,1
577.0,proton,nucleon_like,baryon,17.30098281354443,11.92741149244443,5.373571321100002,1
578.0,pion,pion_like,meson,38.03001615283222,7.846683825609958,30.183332327222256,1
578.0,rho,rho_like,meson,11.632098549517762,2.9320987235177576,8.699999826000004,1
578.0,proton,nucleon_like,baryon,11.14053409001702,3.485534243117017,7.654999846900004,1
579.0,pion,pion_like,meson,40.96067928715037,8.277347043261436,32.683332243888934,1
579.0,rho,rho_like,meson,13.712345415472653,4.012345609472646,9.699999806000006,1
579.0,proton,nucleon_like,baryon,4.300288204293472,4.300288204293472,nan,0
580.0,pion,pion_like,meson,26.37588980249788,8.986674695863874,17.389215106634005,1
580.0,rho,rho_like,meson,21.196005279893424,15.613652450364013,5.582352829529412,1
580.0,proton,nucleon_like,baryon,19.02538075034409,13.315674982185262,5.709705768158827,1
581.0,pion,pion_like,meson,27.327604831736124,9.310938765624988,18.016666066111135,1
581.0,rho,rho_like,meson,24.59135740505596,18.024690869722622,6.566666535333337,1
581.0,proton,nucleon_like,baryon,31.074603728725904,21.9296039116259,9.144999817100002,1
582.0,pion,pion_like,meson,26.37588980249788,8.986674695863874,17.38921510663401,1
582.0,rho,rho_like,meson,23.93311486410513,17.429193425556107,6.503921438549021,1
582.0,proton,nucleon_like,baryon,21.654284086238018,14.76810775337331,6.886176332864708,1
583.0,pion,pion_like,meson,26.68895395685257,9.093340508285294,17.595613448567274,1
583.0,rho,rho_like,meson,21.259453661549554,15.594541494146043,5.66491216740351,1
583.0,proton,nucleon_like,baryon,19.08839453140013,13.564447273458022,5.523947257942107,1
584.0,pion,pion_like,meson,39.65816233856451,8.085941168749672,31.57222116981484,1
584.0,rho,rho_like,meson,12.787791252826018,3.5322358823815767,9.255555370444442,1
584.0,proton,nucleon_like,baryon,11.401400650717486,3.4686230315952664,7.93277761912222,1
585.0,pion,pion_like,meson,21.994778130365464,0.8800729518360219,21.11470517852944,1
585.0,rho,rho_like,meson,9.792955497531882,4.720406579375014,5.072548918156866,1
585.0,proton,nucleon_like,baryon,12.046182123172084,6.618829290542668,5.427352832629415,1
586.0,pion,pion_like,meson,27.81788227104067,9.477983892471624,18.339898378569046,1
586.0,rho,rho_like,meson,33.64724942790924,23.007855701303175,10.639393726606064,1
586.0,proton,nucleon_like,baryon,30.149894338286227,20.44731877476198,9.702575563524249,1
587.0,pion,pion_like,meson,26.688953956852565,9.093340508285294,17.59561344856727,1
587.0,rho,rho_like,meson,26.420597122770484,18.843404291858203,7.577192830912282,1
587.0,proton,nucleon_like,baryon,23.792747869315562,16.163537495583977,7.629210373731583,1
588.0,pion,pion_like,meson,38.03001615283222,7.846683825609956,30.18333232722226,1
588.0,rho,rho_like,meson,11.632098549517764,2.9320987235177594,8.699999826000004,1
588.0,proton,nucleon_like,baryon,2.8753603266132317,2.8753603266132317,nan,0
589.0,pion,pion_like,meson,26.37588980249788,8.986674695863874,17.38921510663401,1
589.0,rho,rho_like,meson,21.196005279893427,15.613652450364016,5.5823528295294125,1
589.0,proton,nucleon_like,baryon,19.025380750344095,13.31567498218527,5.709705768158826,1
590.0,pion,pion_like,meson,38.03001615283222,7.846683825609958,30.183332327222256,1
590.0,rho,rho_like,meson,11.632098549517762,2.9320987235177576,8.699999826000004,1
590.0,proton,nucleon_like,baryon,11.14053409001702,3.485534243117017,7.654999846900004,1
591.0,pion,pion_like,meson,20.330586367314147,0.7241767644508733,19.606409602863273,1
591.0,rho,rho_like,meson,8.819657942781337,4.273504187550566,4.546153755230772,1
591.0,proton,nucleon_like,baryon,11.281409606177874,5.58256356630864,5.698846039869233,1
592.0,pion,pion_like,meson,38.030016152832204,7.846683825609958,30.18333232722225,1
592.0,rho,rho_like,meson,11.632098549517758,2.9320987235177576,8.699999826,1
592.0,proton,nucleon_like,baryon,11.14053409001702,3.4855342431170206,7.6549998469,1
593.0,pion,pion_like,meson,33.1455775956353,7.128911796190824,26.016665799444475,1
593.0,rho,rho_like,meson,10.119752889549765,3.086419696883096,7.03333319266667,1
593.0,proton,nucleon_like,baryon,11.921720358228013,5.100053827994678,6.821666530233335,1
594.0,pion,pion_like,meson,25.73858063113299,8.769533577720273,16.96904705341272,1
594.0,rho,rho_like,meson,22.978659031221994,16.75484963188866,6.223809399333334,1
594.0,proton,nucleon_like,baryon,20.49322257855847,13.691079857458469,6.802142721100001,1
595.0,pion,pion_like,meson,26.68895395685257,9.093340508285294,17.595613448567274,1
595.0,rho,rho_like,meson,23.392656980054756,17.218972893002125,6.173684087052632,1
595.0,proton,nucleon_like,baryon,21.440571200357844,14.863992384521,6.576578815836845,1
596.0,pion,pion_like,meson,33.1455775956353,7.128911796190824,26.016665799444475,1
596.0,rho,rho_like,meson,10.119752889549765,3.086419696883096,7.03333319266667,1
596.0,proton,nucleon_like,baryon,11.921720358228024,5.100053827994687,6.821666530233337,1
597.0,pion,pion_like,meson,38.03001615283222,7.846683825609958,30.183332327222256,1
597.0,rho,rho_like,meson,11.632098549517762,2.9320987235177576,8.699999826000004,1
597.0,proton,nucleon_like,baryon,11.14053409001702,3.485534243117017,7.654999846900004,1
598.0,pion,pion_like,meson,26.54111810618508,9.042970541308515,17.498147564876568,1
598.0,rho,rho_like,meson,18.657475544245372,13.031549730837963,5.62592581340741,1
598.0,proton,nucleon_like,baryon,15.944358285629509,11.389358376729506,4.554999908900003,1
599.0,pion,pion_like,meson,19.40324501165517,0.962336535443033,18.440908476212137,1
599.0,rho,rho_like,meson,12.304938023722219,6.453422989237369,5.8515150344848506,1
599.0,proton,nucleon_like,baryon,15.259561758218148,8.896380067299964,6.363181690918184,1
600.0,pion,pion_like,meson,38.03001615283221,7.846683825609956,30.183332327222253,1
600.0,rho,rho_like,meson,11.63209854951776,2.9320987235177594,8.699999826,1
600.0,proton,nucleon_like,baryon,2.8753603266132317,2.8753603266132317,nan,0
601.0,pion,pion_like,meson,33.14557759563529,7.128911796190827,26.016665799444464,1
601.0,rho,rho_like,meson,10.119752889549765,3.086419696883101,7.033333192666664,1
601.0,proton,nucleon_like,baryon,11.921720358228017,5.100053827994686,6.821666530233331,1
602.0,pion,pion_like,meson,15.560946288426983,5.30185572130576,10.259090567121223,1
602.0,rho,rho_like,meson,21.68316441799112,13.46801306714263,8.215151350848489,1
602.0,proton,nucleon_like,baryon,15.6456777683959,15.6456777683959,nan,0
603.0,pion,pion_like,meson,39.65816233856453,8.085941168749669,31.57222116981486,1
603.0,rho,rho_like,meson,12.78779125282604,3.5322358823815874,9.255555370444451,1
603.0,proton,nucleon_like,baryon,3.666986925324479,3.666986925324479,nan,0
604.0,pion,pion_like,meson,33.1455775956353,7.128911796190824,26.016665799444475,1
604.0,rho,rho_like,meson,10.119752889549765,3.086419696883096,7.03333319266667,1
604.0,proton,nucleon_like,baryon,2.846159455948176,2.846159455948176,nan,0
605.0,pion,pion_like,meson,26.190007960849783,8.923341869738655,17.266666091111126,1
605.0,rho,rho_like,meson,22.45617227302257,16.589505723689236,5.866666549333336,1
605.0,proton,nucleon_like,baryon,21.695845671970545,14.625845813370546,7.069999858600001,1
606.0,pion,pion_like,meson,40.96067928715037,8.277347043261436,32.683332243888934,1
606.0,rho,rho_like,meson,13.712345415472653,4.012345609472646,9.699999806000006,1
606.0,proton,nucleon_like,baryon,4.300288204293472,4.300288204293472,nan,0
607.0,pion,pion_like,meson,21.273628366376553,0.8125179373024566,20.461110429074097,1
607.0,rho,rho_like,meson,9.337859891139978,4.5267488762510855,4.811111014888891,1
607.0,proton,nucleon_like,baryon,11.714780699141258,6.169780810041256,5.544999889100003,1
608.0,pion,pion_like,meson,27.051823772127314,9.216975881773758,17.834847890353558,1
608.0,rho,rho_like,meson,22.034455117066095,16.273849171672154,5.760605945393941,1
608.0,proton,nucleon_like,baryon,20.177145884674093,14.41396418175591,5.763181702918183,1
609.0,pion,pion_like,meson,27.942997063104453,2.906723387842987,25.036273675261466,1
609.0,rho,rho_like,meson,9.909150110089142,3.2679737723244333,6.641176337764708,1
609.0,proton,nucleon_like,baryon,6.040206998621517,6.040206998621517,nan,0
610.0,pion,pion_like,meson,33.145577595635295,7.128911796190827,26.01666579944447,1
610.0,rho,rho_like,meson,10.119752889549765,3.0864196968830973,7.033333192666667,1
610.0,proton,nucleon_like,baryon,11.92172035822803,5.100053827994693,6.821666530233335,1
611.0,pion,pion_like,meson,24.02142856637242,2.906723387842987,21.114705178529434,1
611.0,rho,rho_like,meson,6.524981715289207,1.4524327971323423,5.072548918156865,1
611.0,proton,nucleon_like,baryon,3.86155784183946,3.86155784183946,nan,0
612.0,pion,pion_like,meson,26.37588980249788,8.986674695863874,17.389215106634005,1
612.0,rho,rho_like,meson,21.196005279893424,15.613652450364013,5.582352829529412,1
612.0,proton,nucleon_like,baryon,19.025380750344087,13.315674982185262,5.709705768158825,1
613.0,pion,pion_like,meson,39.658162338564516,8.085941168749669,31.572221169814846,1
613.0,rho,rho_like,meson,12.787791252826027,3.5322358823815807,9.255555370444446,1
613.0,proton,nucleon_like,baryon,11.401400650717491,3.468623031595269,7.932777619122223,1
614.0,pion,pion_like,meson,26.541118106185074,9.042970541308511,17.498147564876565,1
614.0,rho,rho_like,meson,25.245952722845185,18.175582493882217,7.070370228962967,1
614.0,proton,nucleon_like,baryon,22.78291774952895,15.504584561762279,7.27833318776667,1
615.0,pion,pion_like,meson,20.07674352448686,0.3100775167090656,19.766666007777797,1
615.0,rho,rho_like,meson,9.882098564741813,5.015431995408478,4.866666569333336,1
615.0,proton,nucleon_like,baryon,12.619172687780853,6.824172803680849,5.794999884100004,1
616.0,pion,pion_like,meson,25.13667752484393,8.564455855029092,16.572221669814837,1
616.0,rho,rho_like,meson,19.658847245076885,14.403291794632437,5.255555450444447,1
616.0,proton,nucleon_like,baryon,16.913811337405768,11.302144782972434,5.611666554433334,1
617.0,pion,pion_like,meson,38.030016152832204,7.846683825609958,30.18333232722225,1
617.0,rho,rho_like,meson,11.632098549517758,2.9320987235177576,8.699999826,1
617.0,proton,nucleon_like,baryon,11.14053409001702,3.4855342431170206,7.6549998469,1
618.0,pion,pion_like,meson,26.37588980249788,8.986674695863874,17.389215106634005,1
618.0,rho,rho_like,meson,21.196005279893424,15.613652450364013,5.582352829529412,1
618.0,proton,nucleon_like,baryon,19.025380750344087,13.315674982185262,5.709705768158825,1
619.0,pion,pion_like,meson,26.37588980249788,8.986674695863874,17.38921510663401,1
619.0,rho,rho_like,meson,21.196005279893424,15.613652450364013,5.582352829529412,1
619.0,proton,nucleon_like,baryon,19.025380750344087,13.315674982185262,5.709705768158825,1
620.0,pion,pion_like,meson,16.292290619541482,1.3867355608377625,14.905555058703719,1
620.0,rho,rho_like,meson,7.016872292383687,2.9835390397170167,4.0333332526666705,1
620.0,proton,nucleon_like,baryon,6.1528792834920285,6.1528792834920285,nan,0
621.0,pion,pion_like,meson,26.688953956852565,9.093340508285294,17.59561344856727,1
621.0,rho,rho_like,meson,23.39265698005476,17.218972893002125,6.173684087052635,1
621.0,proton,nucleon_like,baryon,20.391963920981105,20.391963920981105,nan,0
622.0,pion,pion_like,meson,35.93668534260496,7.539067241573188,28.397618101031775,1
622.0,rho,rho_like,meson,10.631216734351304,2.645502608351299,7.985714126000004,1
622.0,proton,nucleon_like,baryon,2.439565260153411,2.439565260153411,nan,0
623.0,pion,pion_like,meson,26.508578942717627,2.3437649333966046,24.16481400932102,1
623.0,rho,rho_like,meson,10.064883184089908,3.7722907173491627,6.292592466740746,1
623.0,proton,nucleon_like,baryon,10.852039418656336,5.69703952175633,5.154999896900007,1
624.0,pion,pion_like,meson,25.979341873648607,8.851564666796742,17.127777206851867,1
624.0,rho,rho_like,meson,21.11563732979567,15.637859661573447,5.477777668222223,1
624.0,proton,nucleon_like,baryon,18.94556329433978,13.00056341323978,5.9449998811,1
625.0,pion,pion_like,meson,27.81788227104067,9.477983892471624,18.339898378569046,1
625.0,rho,rho_like,meson,31.90388995180019,22.072577017113314,9.831312934686872,1
625.0,proton,nucleon_like,baryon,28.795610801613606,19.699095832028757,9.09651496958485,1
626.0,pion,pion_like,meson,13.040366711357237,4.443055169977297,8.59731154137994,1
626.0,rho,rho_like,meson,18.18944595632235,10.951811692472882,7.237634263849466,1
626.0,proton,nucleon_like,baryon,18.812371967635904,11.641565659439129,7.170806308196776,1
627.0,pion,pion_like,meson,33.1455775956353,7.128911796190824,26.016665799444482,1
627.0,rho,rho_like,meson,10.119752889549764,3.0864196968830924,7.033333192666672,1
627.0,proton,nucleon_like,baryon,11.921720358228026,5.100053827994684,6.82166653023334,1
628.0,pion,pion_like,meson,26.37588980249788,8.986674695863874,17.389215106634005,1
628.0,rho,rho_like,meson,21.196005279893427,15.613652450364013,5.5823528295294125,1
628.0,proton,nucleon_like,baryon,18.43372017631067,18.43372017631067,nan,0
629.0,pion,pion_like,meson,25.73858063113299,8.769533577720273,16.96904705341272,1
629.0,rho,rho_like,meson,22.978659031222,16.754849631888664,6.223809399333336,1
629.0,proton,nucleon_like,baryon,20.49322257855848,13.691079857458478,6.802142721100003,1
630.0,pion,pion_like,meson,25.136677524843925,8.56445585502909,16.572221669814834,1
630.0,rho,rho_like,meson,19.65884724507688,14.403291794632436,5.255555450444446,1
630.0,proton,nucleon_like,baryon,16.913811337405768,11.302144782972432,5.611666554433335,1
631.0,pion,pion_like,meson,33.1455775956353,7.128911796190824,26.016665799444482,1
631.0,rho,rho_like,meson,10.119752889549764,3.0864196968830924,7.033333192666672,1
631.0,proton,nucleon_like,baryon,11.921720358228026,5.100053827994684,6.82166653023334,1
632.0,pion,pion_like,meson,25.979341873648618,8.851564666796744,17.127777206851874,1
632.0,rho,rho_like,meson,21.11563732979567,15.637859661573447,5.477777668222224,1
632.0,proton,nucleon_like,baryon,18.945563294339784,13.000563413239783,5.9449998811,1
633.0,pion,pion_like,meson,40.960679287150356,8.277347043261438,32.68333224388892,1
633.0,rho,rho_like,meson,13.712345415472642,4.012345609472641,9.699999806000001,1
633.0,proton,nucleon_like,baryon,11.61009389927788,3.4550940623778796,8.1549998369,1
634.0,pion,pion_like,meson,33.1455775956353,7.128911796190827,26.01666579944448,1
634.0,rho,rho_like,meson,10.119752889549769,3.0864196968830973,7.033333192666671,1
634.0,proton,nucleon_like,baryon,11.921720358228027,5.100053827994689,6.821666530233339,1
635.0,pion,pion_like,meson,10.390051420761836,3.5400516490951626,6.849999771666674,1
635.0,rho,rho_like,meson,16.4993822881727,9.799382422172698,6.699999866000003,1
635.0,proton,nucleon_like,baryon,16.85145920658082,9.468959354230815,7.382499852350003,1
636.0,pion,pion_like,meson,33.1455775956353,7.128911796190824,26.016665799444475,1
636.0,rho,rho_like,meson,10.119752889549765,3.086419696883096,7.03333319266667,1
636.0,proton,nucleon_like,baryon,11.921720358228024,5.100053827994687,6.821666530233337,1
637.0,pion,pion_like,meson,26.541118106185074,9.042970541308511,17.498147564876565,1
637.0,rho,rho_like,meson,22.086830719608205,16.460904906200795,5.625925813407409,1
637.0,proton,nucleon_like,baryon,20.300064598962475,14.132842500084697,6.167222098877778,1
638.0,pion,pion_like,meson,19.030078119373247,0.15626922469067864,18.87380889468257,1
638.0,rho,rho_like,meson,9.835802273209062,4.850088087209058,4.985714186000004,1
638.0,proton,nucleon_like,baryon,18.31234178752637,10.910199078426366,7.402142709100005,1
639.0,pion,pion_like,meson,21.273628366376556,0.8125179373024586,20.461110429074097,1
639.0,rho,rho_like,meson,9.337859891139978,4.526748876251087,4.8111110148888905,1
639.0,proton,nucleon_like,baryon,11.714780699141247,6.169780810041243,5.544999889100004,1
640.0,pion,pion_like,meson,39.65816233856452,8.085941168749667,31.572221169814853,1
640.0,rho,rho_like,meson,12.78779125282603,3.532235882381583,9.255555370444448,1
640.0,proton,nucleon_like,baryon,11.401400650717505,3.468623031595279,7.932777619122226,1
641.0,pion,pion_like,meson,26.822006222453307,9.138673478564396,17.68333274388891,1
641.0,rho,rho_like,meson,22.058024138210047,16.358024252210043,5.699999886000003,1
641.0,proton,nucleon_like,baryon,24.869713993520257,17.424714142420253,7.444999851100002,1
642.0,pion,pion_like,meson,25.460779197461115,8.674882321093573,16.78589687636754,1
642.0,rho,rho_like,meson,25.51291483286776,18.043684213021603,7.469230619846158,1
642.0,proton,nucleon_like,baryon,29.21714282205633,19.88752762403325,9.32961519802308,1
643.0,pion,pion_like,meson,35.93668534260497,7.539067241573188,28.39761810103178,1
643.0,rho,rho_like,meson,10.631216734351302,2.6455026083512956,7.985714126000006,1
643.0,proton,nucleon_like,baryon,2.439565260153407,2.439565260153407,nan,0
644.0,pion,pion_like,meson,35.93668534260496,7.539067241573184,28.397618101031775,1
644.0,rho,rho_like,meson,10.631216734351295,2.645502608351293,7.985714126000002,1
644.0,proton,nucleon_like,baryon,11.19314126656235,3.895284269662344,7.2978569969000056,1
645.0,pion,pion_like,meson,26.19000796084979,8.923341869738657,17.266666091111134,1
645.0,rho,rho_like,meson,22.456172273022574,16.58950572368924,5.866666549333336,1
645.0,proton,nucleon_like,baryon,20.384571215035724,13.93957134393572,6.444999871100003,1
646.0,pion,pion_like,meson,26.68895395685257,9.093340508285294,17.595613448567274,1
646.0,rho,rho_like,meson,21.259453661549557,15.594541494146046,5.664912167403511,1
646.0,proton,nucleon_like,baryon,19.139994136001597,13.089731099112122,6.050263036889476,1
647.0,pion,pion_like,meson,17.458121323246754,4.186553138181382,13.271568185065373,1
647.0,rho,rho_like,meson,17.606317741185734,9.259259084597492,8.34705865658824,1
647.0,proton,nucleon_like,baryon,15.348387817800905,15.348387817800905,nan,0
648.0,pion,pion_like,meson,25.460779197461115,8.674882321093573,16.78589687636754,1
648.0,rho,rho_like,meson,25.512914832867757,18.0436842130216,7.469230619846158,1
648.0,proton,nucleon_like,baryon,22.27898329111851,14.48782960078774,7.791153690330772,1
649.0,pion,pion_like,meson,25.979341873648618,8.851564666796744,17.127777206851874,1
649.0,rho,rho_like,meson,21.11563732979567,15.637859661573447,5.477777668222223,1
649.0,proton,nucleon_like,baryon,27.350791635731596,19.405791794631593,7.944999841100003,1
650.0,pion,pion_like,meson,25.73858063113299,8.769533577720273,16.96904705341272,1
650.0,rho,rho_like,meson,22.978659031221998,16.754849631888664,6.2238093993333345,1
650.0,proton,nucleon_like,baryon,29.975014821086113,21.03001499998611,8.944999821100003,1
651.0,pion,pion_like,meson,35.93668534260497,7.53906724157319,28.397618101031778,1
651.0,rho,rho_like,meson,10.631216734351305,2.6455026083513005,7.985714126000004,1
651.0,proton,nucleon_like,baryon,2.4395652601534135,2.4395652601534135,nan,0
652.0,pion,pion_like,meson,21.273628366376553,0.8125179373024624,20.46111042907409,1
652.0,rho,rho_like,meson,9.337859891139964,4.526748876251074,4.811111014888889,1
652.0,proton,nucleon_like,baryon,11.71478069914125,6.169780810041253,5.544999889099998,1
653.0,pion,pion_like,meson,25.73858063113299,8.769533577720273,16.96904705341272,1
653.0,rho,rho_like,meson,22.978659031222,16.754849631888664,6.223809399333336,1
653.0,proton,nucleon_like,baryon,20.493222578558477,13.691079857458474,6.802142721100003,1
654.0,pion,pion_like,meson,25.136677524843925,8.56445585502909,16.572221669814834,1
654.0,rho,rho_like,meson,23.675308042154562,16.97530817615456,6.6999998660000015,1
654.0,proton,nucleon_like,baryon,20.638091063255487,13.359757875488818,7.278333187766668,1
655.0,pion,pion_like,meson,26.541118106185074,9.042970541308511,17.498147564876565,1
655.0,rho,rho_like,meson,22.08683071960821,16.4609049062008,5.6259258134074095,1
655.0,proton,nucleon_like,baryon,19.46723770822007,19.46723770822007,nan,0
656.0,pion,pion_like,meson,26.541118106185074,9.042970541308511,17.498147564876565,1
656.0,rho,rho_like,meson,22.0868307196082,16.460904906200795,5.625925813407407,1
656.0,proton,nucleon_like,baryon,26.193310504370665,18.35942177215955,7.833888732211114,1
657.0,pion,pion_like,meson,35.93668534260497,7.5390672415731865,28.397618101031778,1
657.0,rho,rho_like,meson,10.631216734351298,2.6455026083512942,7.985714126000005,1
657.0,proton,nucleon_like,baryon,11.193141266562352,3.8952842696623455,7.2978569969000056,1
658.0,pion,pion_like,meson,26.375889802497888,8.986674695863874,17.389215106634012,1
658.0,rho,rho_like,meson,21.19600527989343,15.613652450364015,5.582352829529415,1
658.0,proton,nucleon_like,baryon,19.025380750344084,13.315674982185259,5.709705768158826,1
659.0,pion,pion_like,meson,19.28717319633088,0.13325226616745595,19.153920930163423,1
659.0,rho,rho_like,meson,10.656426800272847,5.446622982900296,5.209803817372551,1
659.0,proton,nucleon_like,baryon,9.562573958959383,9.562573958959383,nan,0
660.0,pion,pion_like,meson,14.028829290600271,4.779839699910027,9.248989590690245,1
660.0,rho,rho_like,meson,18.22637438112866,11.223344218158962,7.003030162969698,1
660.0,proton,nucleon_like,baryon,17.572198094017025,10.293864906250354,7.27833318776667,1
661.0,pion,pion_like,meson,25.460779197461115,8.674882321093573,16.78589687636754,1
661.0,rho,rho_like,meson,25.51291483286776,18.043684213021603,7.469230619846157,1
661.0,proton,nucleon_like,baryon,22.278983291118507,14.487829600787732,7.791153690330774,1
662.0,pion,pion_like,meson,26.94238684371112,9.179689023102632,17.762697820608487,1
662.0,rho,rho_like,meson,25.694708345899638,18.51851801323297,7.176190332666668,1
662.0,proton,nucleon_like,baryon,23.395725374178493,16.117392186411823,7.278333187766671,1
663.0,pion,pion_like,meson,12.885517953663513,0.02674645246467071,12.858771501198841,1
663.0,rho,rho_like,meson,8.773424141165297,3.6874593306038905,5.085964810561406,1
663.0,proton,nucleon_like,baryon,7.403788751140594,7.403788751140594,nan,0
664.0,pion,pion_like,meson,25.73858063113299,8.769533577720273,16.96904705341272,1
664.0,rho,rho_like,meson,27.088006367764777,18.95943510176477,8.128571266000003,1
664.0,proton,nucleon_like,baryon,23.685462343572524,15.454748222472523,8.230714121100002,1
665.0,pion,pion_like,meson,18.574805590694094,0.3359173097681515,18.23888828092594,1
665.0,rho,rho_like,meson,10.716460692913074,5.3497941335797385,5.366666559333335,1
665.0,proton,nucleon_like,baryon,13.26856199433746,7.056895451904128,6.211666542433333,1
666.0,pion,pion_like,meson,26.541118106185074,9.042970541308511,17.498147564876565,1
666.0,rho,rho_like,meson,18.657475544245365,13.031549730837957,5.625925813407409,1
666.0,proton,nucleon_like,baryon,16.369194883514936,11.25863943017049,5.110555453344447,1
667.0,pion,pion_like,meson,22.641496757107628,1.3867355608377674,21.25476119626986,1
667.0,rho,rho_like,meson,9.096825208928337,3.9682538829283382,5.128571325999999,1
667.0,proton,nucleon_like,baryon,7.33453708805143,7.33453708805143,nan,0
668.0,pion,pion_like,meson,25.979341873648615,8.851564666796744,17.12777720685187,1
668.0,rho,rho_like,meson,21.115637329795675,15.63785966157345,5.477777668222224,1
668.0,proton,nucleon_like,baryon,18.945563294339784,13.000563413239783,5.944999881100002,1
669.0,pion,pion_like,meson,38.030016152832204,7.846683825609958,30.18333232722225,1
669.0,rho,rho_like,meson,11.632098549517758,2.9320987235177576,8.699999826,1
669.0,proton,nucleon_like,baryon,11.14053409001701,3.485534243117012,7.654999846899998,1
670.0,pion,pion_like,meson,38.03001615283222,7.846683825609958,30.183332327222264,1
670.0,rho,rho_like,meson,11.632098549517767,2.932098723517761,8.699999826000006,1
670.0,proton,nucleon_like,baryon,2.875360326613234,2.875360326613234,nan,0
671.0,pion,pion_like,meson,19.903061579394517,0.02674645246467071,19.876315126929846,1
671.0,rho,rho_like,meson,10.60903162187267,5.5230668113112635,5.085964810561407,1
671.0,proton,nucleon_like,baryon,9.60651771439235,9.60651771439235,nan,0
672.0,pion,pion_like,meson,25.979341873648615,8.851564666796744,17.12777720685187,1
672.0,rho,rho_like,meson,21.11563732979568,15.637859661573454,5.477777668222224,1
672.0,proton,nucleon_like,baryon,18.94556329433979,13.000563413239789,5.944999881100003,1
673.0,pion,pion_like,meson,27.664670571258,9.42578229033205,18.23888828092595,1
673.0,rho,rho_like,meson,32.255554738557564,22.22222160589089,10.03333313266667,1
673.0,proton,nucleon_like,baryon,31.477718595265202,20.866052140831865,10.611666454433339,1
674.0,pion,pion_like,meson,25.460779197461115,8.674882321093573,16.78589687636754,1
674.0,rho,rho_like,meson,18.636371812108955,13.295346277903825,5.34102553420513,1
674.0,proton,nucleon_like,baryon,15.403389951088254,10.6891592761421,4.714230674946155,1
675.0,pion,pion_like,meson,24.24341005226465,0.3100775167090656,23.933332535555586,1
675.0,rho,rho_like,meson,5.555555486968452,5.555555486968452,nan,0
675.0,proton,nucleon_like,baryon,12.455089571754698,12.455089571754698,nan,0
676.0,pion,pion_like,meson,25.979341873648618,8.851564666796744,17.127777206851874,1
676.0,rho,rho_like,meson,19.058024224577974,13.58024655635575,5.477777668222224,1
676.0,proton,nucleon_like,baryon,15.96613951366001,11.354472939226675,4.611666574433335,1
677.0,pion,pion_like,meson,26.37588980249788,8.986674695863874,17.38921510663401,1
677.0,rho,rho_like,meson,23.933114864105125,17.429193425556104,6.50392143854902,1
677.0,proton,nucleon_like,baryon,21.654284086238007,14.7681077533733,6.886176332864709,1
678.0,pion,pion_like,meson,25.460779197461118,8.674882321093573,16.785896876367545,1
678.0,rho,rho_like,meson,21.087463855052455,15.66951524546271,5.417948609589743,1
678.0,proton,nucleon_like,baryon,18.407628563473256,18.407628563473256,nan,0
679.0,pion,pion_like,meson,22.641496757107625,1.3867355608377654,21.25476119626986,1
679.0,rho,rho_like,meson,9.096825208928346,3.9682538829283462,5.128571325999999,1
679.0,proton,nucleon_like,baryon,10.681189854981712,5.421904245881712,5.2592856091,1
680.0,pion,pion_like,meson,25.460779197461115,8.674882321093573,16.78589687636754,1
680.0,rho,rho_like,meson,21.08746385505246,15.669515245462712,5.417948609589746,1
680.0,proton,nucleon_like,baryon,18.841186621103382,12.588494438464918,6.252692182638463,1
681.0,pion,pion_like,meson,33.1455775956353,7.128911796190824,26.016665799444482,1
681.0,rho,rho_like,meson,10.119752889549764,3.0864196968830924,7.033333192666672,1
681.0,proton,nucleon_like,baryon,11.921720358228036,5.100053827994693,6.821666530233342,1
682.0,pion,pion_like,meson,33.1455775956353,7.128911796190824,26.016665799444475,1
682.0,rho,rho_like,meson,10.119752889549765,3.086419696883096,7.03333319266667,1
682.0,proton,nucleon_like,baryon,11.921720358228024,5.100053827994687,6.821666530233337,1
683.0,pion,pion_like,meson,26.190007960849787,8.923341869738657,17.26666609111113,1
683.0,rho,rho_like,meson,20.193826660214306,14.66049343754764,5.533333222666666,1
683.0,proton,nucleon_like,baryon,17.591361420648433,12.396361524548432,5.194999896100001,1
684.0,pion,pion_like,meson,42.02637497235696,8.433951849680158,33.592423122676806,1
684.0,rho,rho_like,meson,14.468798821274428,4.405162658910786,10.063636162363641,1
684.0,proton,nucleon_like,baryon,11.780842920827297,3.4440249057454744,8.336818015081823,1
685.0,pion,pion_like,meson,27.886197515438962,2.7467246692108582,25.139472846228102,1
685.0,rho,rho_like,meson,10.256205103287249,3.57374909658549,6.682456006701758,1
685.0,proton,nucleon_like,baryon,10.990791705949775,5.572633919576084,5.4181577863736905,1
686.0,pion,pion_like,meson,33.1455775956353,7.128911796190824,26.016665799444475,1
686.0,rho,rho_like,meson,10.119752889549765,3.086419696883096,7.03333319266667,1
686.0,proton,nucleon_like,baryon,11.921720358228024,5.100053827994687,6.821666530233337,1
687.0,pion,pion_like,meson,39.65816233856452,8.085941168749669,31.572221169814853,1
687.0,rho,rho_like,meson,12.787791252826032,3.532235882381584,9.25555537044445,1
687.0,proton,nucleon_like,baryon,11.401400650717507,3.4686230315952806,7.932777619122227,1
688.0,pion,pion_like,meson,21.542075091645938,0.5254091255348046,21.016665966111134,1
688.0,rho,rho_like,meson,10.28024669955434,5.246913466887673,5.033333232666668,1
688.0,proton,nucleon_like,baryon,20.099715586706967,12.554715737606964,7.544999849100003,1
689.0,pion,pion_like,meson,33.1455775956353,7.128911796190824,26.016665799444475,1
689.0,rho,rho_like,meson,10.119752889549765,3.086419696883096,7.03333319266667,1
689.0,proton,nucleon_like,baryon,11.921720358228024,5.100053827994687,6.821666530233337,1
690.0,pion,pion_like,meson,9.987642283437996,1.6477435715356308,8.339898711902364,1
690.0,rho,rho_like,meson,9.901271748766446,6.069958694079575,3.8313130546868712,1
690.0,proton,nucleon_like,baryon,13.36057699304693,8.66406193546208,4.696515057584851,1
691.0,pion,pion_like,meson,25.738580631132997,8.769533577720273,16.969047053412723,1
691.0,rho,rho_like,meson,17.759964298136445,12.345678692136445,5.414285606000001,1
691.0,proton,nucleon_like,baryon,14.71874303633039,10.16374312743039,4.554999908899999,1
692.0,pion,pion_like,meson,22.64149675710763,1.3867355608377645,21.254761196269868,1
692.0,rho,rho_like,meson,9.096825208928351,3.968253882928347,5.128571326000003,1
692.0,proton,nucleon_like,baryon,10.68118985498172,5.421904245881717,5.259285609100003,1
693.0,pion,pion_like,meson,42.914454710029126,8.56445585502909,34.34999885500004,1
693.0,rho,rho_like,meson,15.099176659442575,4.732510200109235,10.36666645933334,1
693.0,proton,nucleon_like,baryon,5.250240122746963,5.250240122746963,nan,0
694.0,pion,pion_like,meson,26.25291539484202,2.6172018969848465,23.635713497857175,1
694.0,rho,rho_like,meson,9.167371937980985,3.086419678647646,6.080952259333338,1
694.0,proton,nucleon_like,baryon,9.626424169357215,4.4714242724572095,5.154999896900006,1
695.0,pion,pion_like,meson,25.460779197461108,8.67488232109357,16.785896876367538,1
695.0,rho,rho_like,meson,18.636371812108944,13.295346277903816,5.341025534205127,1
695.0,proton,nucleon_like,baryon,18.555727653741087,13.072266224948779,5.4834614287923085,1
696.0,pion,pion_like,meson,38.03001615283221,7.846683825609956,30.183332327222253,1
696.0,rho,rho_like,meson,11.632098549517758,2.9320987235177562,8.699999826000003,1
696.0,proton,nucleon_like,baryon,2.8753603266132277,2.8753603266132277,nan,0
697.0,pion,pion_like,meson,38.03001615283222,7.8466838256099605,30.18333232722226,1
697.0,rho,rho_like,meson,11.632098549517764,2.932098723517759,8.699999826000004,1
697.0,proton,nucleon_like,baryon,2.875360326613232,2.875360326613232,nan,0
698.0,pion,pion_like,meson,18.073209633633432,0.8800729518360256,17.193136681797405,1
698.0,rho,rho_like,meson,7.330355711751546,2.9048656041829166,4.425490107568629,1
698.0,proton,nucleon_like,baryon,10.593749351984044,5.166396519354633,5.427352832629412,1
699.0,pion,pion_like,meson,26.541118106185074,9.042970541308511,17.498147564876565,1
699.0,rho,rho_like,meson,18.657475544245365,13.031549730837957,5.625925813407409,1
699.0,proton,nucleon_like,baryon,15.944358285629505,11.389358376729502,4.554999908900002,1
700.0,pion,pion_like,meson,26.37588980249788,8.986674695863874,17.38921510663401,1
700.0,rho,rho_like,meson,19.38046430470134,13.798111475171927,5.582352829529413,1
700.0,proton,nucleon_like,baryon,16.418242119897233,11.86324221099723,4.554999908900003,1
701.0,pion,pion_like,meson,26.68895395685257,9.093340508285294,17.595613448567274,1
701.0,rho,rho_like,meson,21.259453661549557,15.594541494146046,5.664912167403511,1
701.0,proton,nucleon_like,baryon,18.44264625438663,18.44264625438663,nan,0
702.0,pion,pion_like,meson,33.145577595635295,7.128911796190827,26.01666579944447,1
702.0,rho,rho_like,meson,10.119752889549769,3.086419696883101,7.033333192666668,1
702.0,proton,nucleon_like,baryon,2.846159455948183,2.846159455948183,nan,0
703.0,pion,pion_like,meson,19.07006830472668,1.3867355608377645,17.683332743888915,1
703.0,rho,rho_like,meson,6.348148033187936,2.3148147805212673,4.033333252666669,1
703.0,proton,nucleon_like,baryon,9.619292904147116,4.44929300754711,5.169999896600005,1
704.0,pion,pion_like,meson,14.710071436720552,1.0122458063582174,13.697825630362335,1
704.0,rho,rho_like,meson,7.798765280485535,3.475576961152199,4.323188319333336,1
704.0,proton,nucleon_like,baryon,25.257488024970865,16.58205341587086,8.675434609100005,1
705.0,pion,pion_like,meson,35.93668534260495,7.539067241573188,28.397618101031767,1
705.0,rho,rho_like,meson,10.631216734351298,2.645502608351299,7.985714125999999,1
705.0,proton,nucleon_like,baryon,2.439565260153411,2.439565260153411,nan,0
706.0,pion,pion_like,meson,38.03001615283222,7.8466838256099605,30.18333232722226,1
706.0,rho,rho_like,meson,11.632098549517764,2.932098723517759,8.699999826000004,1
706.0,proton,nucleon_like,baryon,2.875360326613232,2.875360326613232,nan,0
707.0,pion,pion_like,meson,26.942386843711116,9.179689023102632,17.762697820608484,1
707.0,rho,rho_like,meson,28.43427323692816,19.988241659817046,8.446031577111114,1
707.0,proton,nucleon_like,baryon,43.684481887999645,31.16805356689964,12.516428321100003,1
708.0,pion,pion_like,meson,26.688953956852565,9.093340508285294,17.59561344856727,1
708.0,rho,rho_like,meson,23.39265698005476,17.218972893002125,6.173684087052636,1
708.0,proton,nucleon_like,baryon,21.440571200357862,14.86399238452102,6.576578815836843,1
709.0,pion,pion_like,meson,26.822006222453307,9.138673478564396,17.68333274388891,1
709.0,rho,rho_like,meson,20.51481430929677,14.814814423296767,5.699999886000003,1
709.0,proton,nucleon_like,baryon,17.99789147059402,13.052891569494015,4.9449999011000045,1
710.0,pion,pion_like,meson,25.136677524843925,8.56445585502909,16.572221669814834,1
710.0,rho,rho_like,meson,23.675308042154562,16.97530817615456,6.6999998660000015,1
710.0,proton,nucleon_like,baryon,20.63809106325548,13.359757875488809,7.27833318776667,1
711.0,pion,pion_like,meson,26.688953956852565,9.093340508285294,17.59561344856727,1
711.0,rho,rho_like,meson,26.420597122770488,18.843404291858203,7.577192830912284,1
711.0,proton,nucleon_like,baryon,22.341281587575573,22.341281587575573,nan,0
712.0,pion,pion_like,meson,33.14557759563531,7.128911796190827,26.016665799444485,1
712.0,rho,rho_like,meson,10.119752889549769,3.0864196968830937,7.0333331926666744,1
712.0,proton,nucleon_like,baryon,11.921720358228026,5.100053827994686,6.82166653023334,1
713.0,pion,pion_like,meson,39.65816233856452,8.085941168749669,31.572221169814853,1
713.0,rho,rho_like,meson,12.787791252826032,3.532235882381584,9.25555537044445,1
713.0,proton,nucleon_like,baryon,11.401400650717497,3.4686230315952717,7.932777619122224,1
714.0,pion,pion_like,meson,39.658162338564516,8.085941168749669,31.572221169814846,1
714.0,rho,rho_like,meson,12.787791252826029,3.532235882381584,9.255555370444446,1
714.0,proton,nucleon_like,baryon,11.401400650717498,3.468623031595276,7.932777619122222,1
715.0,pion,pion_like,meson,39.65816233856452,8.085941168749669,31.572221169814853,1
715.0,rho,rho_like,meson,12.787791252826032,3.532235882381584,9.25555537044445,1
715.0,proton,nucleon_like,baryon,11.401400650717507,3.4686230315952806,7.932777619122227,1
716.0,pion,pion_like,meson,26.688953956852565,9.093340508285293,17.59561344856727,1
716.0,rho,rho_like,meson,19.635022262693468,13.970110095289959,5.66491216740351,1
716.0,proton,nucleon_like,baryon,16.819902071295033,12.264902162395032,4.554999908900003,1
717.0,pion,pion_like,meson,19.903061579394524,0.02674645246467071,19.876315126929853,1
717.0,rho,rho_like,meson,10.60903162187267,5.5230668113112635,5.085964810561406,1
717.0,proton,nucleon_like,baryon,9.60651771439235,9.60651771439235,nan,0
718.0,pion,pion_like,meson,25.460779197461118,8.674882321093573,16.785896876367545,1
718.0,rho,rho_like,meson,21.087463855052462,15.669515245462716,5.417948609589746,1
718.0,proton,nucleon_like,baryon,18.841186621103382,12.58849443846492,6.252692182638463,1
719.0,pion,pion_like,meson,18.5748055906941,0.3359173097681553,18.238888280925945,1
719.0,rho,rho_like,meson,10.716460692913081,5.349794133579744,5.3666665593333365,1
719.0,proton,nucleon_like,baryon,9.506911868744304,9.506911868744304,nan,0
720.0,pion,pion_like,meson,25.136677524843925,8.56445585502909,16.572221669814834,1
720.0,rho,rho_like,meson,17.086830863554752,11.831275413110307,5.255555450444446,1
720.0,proton,nucleon_like,baryon,13.799531599356039,9.244531690456036,4.554999908900003,1
721.0,pion,pion_like,meson,22.564106891409335,0.9334058580467319,21.6307010333626,1
721.0,rho,rho_like,meson,10.152241502578114,4.873294239736007,5.278947262842109,1
721.0,proton,nucleon_like,baryon,8.555987217449477,8.555987217449477,nan,0
722.0,pion,pion_like,meson,25.979341873648615,8.851564666796744,17.12777720685187,1
722.0,rho,rho_like,meson,21.11563732979567,15.637859661573447,5.477777668222224,1
722.0,proton,nucleon_like,baryon,18.945563294339774,13.000563413239773,5.944999881100002,1
723.0,pion,pion_like,meson,26.541118106185074,9.042970541308511,17.49814756487656,1
723.0,rho,rho_like,meson,25.24595272284518,18.175582493882214,7.070370228962965,1
723.0,proton,nucleon_like,baryon,23.207754347414387,15.373865615203272,7.833888732211116,1
724.0,pion,pion_like,meson,26.19000796084979,8.923341869738657,17.266666091111134,1
724.0,rho,rho_like,meson,22.456172273022574,16.58950572368924,5.866666549333336,1
724.0,proton,nucleon_like,baryon,19.585827681993543,19.585827681993543,nan,0
725.0,pion,pion_like,meson,24.219806438720404,2.0492943572246567,22.170512081495747,1
725.0,rho,rho_like,meson,8.818708267914932,3.3238365829405705,5.494871684974361,1
725.0,proton,nucleon_like,baryon,12.640922737450467,6.942076697581235,5.698846039869232,1
726.0,pion,pion_like,meson,33.1455775956353,7.128911796190824,26.016665799444475,1
726.0,rho,rho_like,meson,10.11975288954976,3.0864196968830924,7.033333192666668,1
726.0,proton,nucleon_like,baryon,2.8461594559481727,2.8461594559481727,nan,0
727.0,pion,pion_like,meson,35.93668534260495,7.539067241573188,28.397618101031767,1
727.0,rho,rho_like,meson,10.631216734351304,2.6455026083513027,7.985714126,1
727.0,proton,nucleon_like,baryon,2.4395652601534152,2.4395652601534152,nan,0
728.0,pion,pion_like,meson,33.1455775956353,7.128911796190824,26.016665799444475,1
728.0,rho,rho_like,meson,10.11975288954976,3.0864196968830924,7.033333192666668,1
728.0,proton,nucleon_like,baryon,11.921720358228026,5.100053827994689,6.821666530233337,1
729.0,pion,pion_like,meson,26.541118106185074,9.042970541308511,17.498147564876565,1
729.0,rho,rho_like,meson,20.372153131926787,14.746227318519377,5.625925813407409,1
729.0,proton,nucleon_like,baryon,17.409624615703677,17.409624615703677,nan,0
730.0,pion,pion_like,meson,40.96067928715036,8.277347043261438,32.68333224388893,1
730.0,rho,rho_like,meson,13.712345415472647,4.012345609472644,9.699999806000005,1
730.0,proton,nucleon_like,baryon,4.300288204293469,4.300288204293469,nan,0
731.0,pion,pion_like,meson,15.130038382788229,5.155038715288213,9.974999667500015,1
731.0,rho,rho_like,meson,17.278703251533855,10.995370043867185,6.283333207666671,1
731.0,proton,nucleon_like,baryon,16.28977481821075,9.532274953360748,6.7574998648500015,1
732.0,pion,pion_like,meson,20.50991892707461,0.04880849800050329,20.461110429074107,1
732.0,rho,rho_like,meson,11.060082075259789,5.9156377337042265,5.144444341555562,1
732.0,proton,nucleon_like,baryon,27.23432801451983,18.105994863753157,9.128333150766672,1
733.0,pion,pion_like,meson,25.73858063113299,8.769533577720273,16.96904705341272,1
733.0,rho,rho_like,meson,22.978659031221998,16.754849631888664,6.223809399333334,1
733.0,proton,nucleon_like,baryon,20.493222578558473,13.691079857458469,6.802142721100004,1
734.0,pion,pion_like,meson,26.94238684371112,9.179689023102634,17.762697820608487,1
734.0,rho,rho_like,meson,19.841092990591864,14.109347073480752,5.731745917111113,1
734.0,proton,nucleon_like,baryon,17.145055365283746,12.590055456383743,4.554999908900004,1
735.0,pion,pion_like,meson,21.847845989911857,1.3867355608377674,20.46111042907409,1
735.0,rho,rho_like,meson,8.41193398617121,3.600822971282321,4.81111101488889,1
735.0,proton,nucleon_like,baryon,10.039439363578122,4.661106137811456,5.378333225766667,1
736.0,pion,pion_like,meson,20.07674352448686,0.31007751670906747,19.766666007777793,1
736.0,rho,rho_like,meson,9.882098564741808,5.015431995408473,4.866666569333335,1
736.0,proton,nucleon_like,baryon,17.006427380197238,9.961427521097237,7.0449998591000025,1
737.0,pion,pion_like,meson,18.35332172866403,3.2890365165211572,15.064285212142874,1
737.0,rho,rho_like,meson,16.294355940454036,8.641975141120698,7.652380799333337,1
737.0,proton,nucleon_like,baryon,14.339574465083752,14.339574465083752,nan,0
738.0,pion,pion_like,meson,38.03001615283222,7.846683825609958,30.183332327222256,1
738.0,rho,rho_like,meson,11.632098549517762,2.9320987235177576,8.699999826000004,1
738.0,proton,nucleon_like,baryon,2.87536032661323,2.87536032661323,nan,0
739.0,pion,pion_like,meson,25.73858063113299,8.769533577720273,16.96904705341272,1
739.0,rho,rho_like,meson,22.978659031222,16.754849631888664,6.223809399333336,1
739.0,proton,nucleon_like,baryon,22.944202854271122,15.427774433171122,7.516428421100001,1
740.0,pion,pion_like,meson,42.91445471002913,8.564455855029092,34.34999885500004,1
740.0,rho,rho_like,meson,15.099176659442573,4.732510200109237,10.366666459333336,1
740.0,proton,nucleon_like,baryon,5.250240122746965,5.250240122746965,nan,0
741.0,pion,pion_like,meson,44.256688336376044,7.128911796190824,37.12777654018522,1
741.0,rho,rho_like,meson,4.218106943809377,4.218106943809377,nan,0
741.0,proton,nucleon_like,baryon,3.346639986427675,3.346639986427675,nan,0
742.0,pion,pion_like,meson,26.822006222453307,9.138673478564396,17.68333274388891,1
742.0,rho,rho_like,meson,27.477777082703263,19.444443910036593,8.03333317266667,1
742.0,proton,nucleon_like,baryon,23.07606929573078,23.07606929573078,nan,0
743.0,pion,pion_like,meson,35.93668534260497,7.5390672415731865,28.397618101031778,1
743.0,rho,rho_like,meson,10.631216734351298,2.6455026083512942,7.985714126000005,1
743.0,proton,nucleon_like,baryon,11.19314126656234,3.8952842696623367,7.297856996900004,1
744.0,pion,pion_like,meson,27.05182377212731,9.216975881773756,17.834847890353554,1
744.0,rho,rho_like,meson,26.68877598115084,19.079685224241747,7.609090756909094,1
744.0,proton,nucleon_like,baryon,24.239996494691972,16.658633009955608,7.581363484736366,1
745.0,pion,pion_like,meson,20.617379653764775,0.15626922469068055,20.461110429074093,1
745.0,rho,rho_like,meson,10.57066409650109,5.584949910501088,4.985714186000002,1
745.0,proton,nucleon_like,baryon,13.629456511213398,7.8939804354467284,5.73547607576667,1
746.0,pion,pion_like,meson,38.03001615283222,7.846683825609956,30.18333232722226,1
746.0,rho,rho_like,meson,11.632098549517764,2.9320987235177594,8.699999826000004,1
746.0,proton,nucleon_like,baryon,2.8753603266132317,2.8753603266132317,nan,0
747.0,pion,pion_like,meson,33.1455775956353,7.128911796190827,26.01666579944448,1
747.0,rho,rho_like,meson,10.119752889549769,3.0864196968830973,7.033333192666671,1
747.0,proton,nucleon_like,baryon,2.846159455948179,2.846159455948179,nan,0
748.0,pion,pion_like,meson,22.564106891409327,0.9334058580467358,21.63070103336259,1
748.0,rho,rho_like,meson,10.152241502578102,4.873294239735998,5.278947262842104,1
748.0,proton,nucleon_like,baryon,8.555987217449465,8.555987217449465,nan,0
749.0,pion,pion_like,meson,19.287173196330873,0.13325226616745595,19.153920930163416,1
749.0,rho,rho_like,meson,10.656426800272843,5.446622982900292,5.209803817372551,1
749.0,proton,nucleon_like,baryon,13.417165618933437,7.401577503951084,6.015588114982353,1
750.0,pion,pion_like,meson,30.25023386137874,9.405981682623933,20.844252178754807,1
750.0,rho,rho_like,meson,15.059727212279796,9.15283077869359,5.906896433586206,1
750.0,proton,nucleon_like,baryon,13.740050702944368,9.185050794044367,4.554999908900001,1
751.0,pion,pion_like,meson,25.979341873648618,8.851564666796744,17.127777206851874,1
751.0,rho,rho_like,meson,24.617694850568938,17.69547276679116,6.92222208377778,1
751.0,proton,nucleon_like,baryon,27.049169831897714,18.437503337464378,8.611666494433338,1
752.0,pion,pion_like,meson,38.03001615283222,7.846683825609958,30.183332327222256,1
752.0,rho,rho_like,meson,11.632098549517762,2.9320987235177576,8.699999826000004,1
752.0,proton,nucleon_like,baryon,2.87536032661323,2.87536032661323,nan,0
753.0,pion,pion_like,meson,26.688953956852558,9.09334050828529,17.595613448567267,1
753.0,rho,rho_like,meson,23.39265698005476,17.218972893002125,6.173684087052635,1
753.0,proton,nucleon_like,baryon,21.44057120035785,14.863992384521007,6.576578815836844,1
754.0,pion,pion_like,meson,40.96067928715036,8.277347043261436,32.68333224388893,1
754.0,rho,rho_like,meson,13.712345415472647,4.012345609472646,9.699999806000001,1
754.0,proton,nucleon_like,baryon,11.610093899277901,3.455094062377897,8.154999836900004,1
755.0,pion,pion_like,meson,35.93668534260497,7.539067241573184,28.39761810103178,1
755.0,rho,rho_like,meson,10.631216734351295,2.64550260835129,7.985714126000006,1
755.0,proton,nucleon_like,baryon,2.4395652601533984,2.4395652601533984,nan,0
756.0,pion,pion_like,meson,38.030016152832204,7.846683825609958,30.18333232722225,1
756.0,rho,rho_like,meson,11.632098549517758,2.9320987235177576,8.699999826,1
756.0,proton,nucleon_like,baryon,2.87536032661323,2.87536032661323,nan,0
757.0,pion,pion_like,meson,26.822006222453307,9.138673478564396,17.68333274388891,1
757.0,rho,rho_like,meson,27.47777708270327,19.444443910036597,8.033333172666671,1
757.0,proton,nucleon_like,baryon,24.701594977123534,16.756595136023535,7.944999841100001,1
758.0,pion,pion_like,meson,40.96067928715035,8.277347043261438,32.68333224388891,1
758.0,rho,rho_like,meson,13.712345415472639,4.012345609472641,9.699999805999997,1
758.0,proton,nucleon_like,baryon,11.61009389927787,3.4550940623778756,8.154999836899995,1
759.0,pion,pion_like,meson,19.287173196330883,0.13325226616745978,19.153920930163423,1
759.0,rho,rho_like,meson,10.656426800272854,5.446622982900301,5.209803817372553,1
759.0,proton,nucleon_like,baryon,13.417165618933442,7.401577503951084,6.015588114982357,1
760.0,pion,pion_like,meson,19.030078119373243,0.15626922469067672,18.87380889468257,1
760.0,rho,rho_like,meson,9.835802273209064,4.850088087209059,4.9857141860000045,1
760.0,proton,nucleon_like,baryon,8.760257048188205,8.760257048188205,nan,0
761.0,pion,pion_like,meson,19.13658182323056,0.5273231842799214,18.60925863895064,1
761.0,rho,rho_like,meson,11.344718565189321,5.829903860670802,5.51481470451852,1
761.0,proton,nucleon_like,baryon,10.140213147713295,10.140213147713295,nan,0
762.0,pion,pion_like,meson,26.94238684371112,9.179689023102632,17.762697820608487,1
762.0,rho,rho_like,meson,19.841092990591864,14.109347073480752,5.7317459171111125,1
762.0,proton,nucleon_like,baryon,17.145055365283746,12.590055456383743,4.554999908900003,1
763.0,pion,pion_like,meson,39.658162338564516,8.085941168749669,31.572221169814846,1
763.0,rho,rho_like,meson,12.787791252826029,3.532235882381584,9.255555370444446,1
763.0,proton,nucleon_like,baryon,11.401400650717498,3.468623031595276,7.932777619122222,1
764.0,pion,pion_like,meson,12.496712292773566,4.2578236785142956,8.23888861425927,1
764.0,rho,rho_like,meson,19.127983034538854,11.316872079649963,7.811110954888892,1
764.0,proton,nucleon_like,baryon,15.171877931604588,15.171877931604588,nan,0
765.0,pion,pion_like,meson,26.541118106185074,9.042970541308511,17.49814756487656,1
765.0,rho,rho_like,meson,25.24595272284518,18.175582493882214,7.070370228962965,1
765.0,proton,nucleon_like,baryon,22.782917749528934,15.504584561762266,7.27833318776667,1
766.0,pion,pion_like,meson,17.453561403389397,5.946699041853432,11.506862361535966,1
766.0,rho,rho_like,meson,22.41532258554107,14.342773727384202,8.072548858156866,1
766.0,proton,nucleon_like,baryon,16.000677794363835,16.000677794363835,nan,0
767.0,pion,pion_like,meson,35.936685342604974,7.539067241573184,28.39761810103179,1
767.0,rho,rho_like,meson,10.631216734351295,2.6455026083512863,7.985714126000008,1
767.0,proton,nucleon_like,baryon,11.193141266562359,3.8952842696623473,7.297856996900012,1
768.0,pion,pion_like,meson,15.282189643110506,1.3867355608377654,13.89545408227274,1
768.0,rho,rho_like,meson,7.484511634478618,3.4511783818119497,4.033333252666668,1
768.0,proton,nucleon_like,baryon,25.821386579600805,17.185477661409895,8.63590891819091,1
769.0,pion,pion_like,meson,38.03001615283222,7.846683825609958,30.183332327222264,1
769.0,rho,rho_like,meson,11.632098549517767,2.932098723517761,8.699999826000006,1
769.0,proton,nucleon_like,baryon,2.875360326613234,2.875360326613234,nan,0
770.0,pion,pion_like,meson,35.93668534260496,7.539067241573188,28.397618101031775,1
770.0,rho,rho_like,meson,10.631216734351298,2.6455026083512956,7.985714126000002,1
770.0,proton,nucleon_like,baryon,2.439565260153407,2.439565260153407,nan,0
771.0,pion,pion_like,meson,33.1455775956353,7.128911796190824,26.016665799444482,1
771.0,rho,rho_like,meson,10.119752889549764,3.0864196968830924,7.033333192666672,1
771.0,proton,nucleon_like,baryon,2.8461594559481727,2.8461594559481727,nan,0
772.0,pion,pion_like,meson,35.93668534260496,7.539067241573188,28.397618101031775,1
772.0,rho,rho_like,meson,10.631216734351304,2.645502608351299,7.985714126000004,1
772.0,proton,nucleon_like,baryon,11.193141266562343,3.8952842696623406,7.297856996900003,1
773.0,pion,pion_like,meson,35.93668534260496,7.5390672415731865,28.39761810103177,1
773.0,rho,rho_like,meson,10.631216734351298,2.645502608351298,7.985714126000001,1
773.0,proton,nucleon_like,baryon,2.439565260153409,2.439565260153409,nan,0
774.0,pion,pion_like,meson,18.574805590694094,0.3359173097681515,18.23888828092594,1
774.0,rho,rho_like,meson,10.716460692913074,5.3497941335797385,5.366666559333335,1
774.0,proton,nucleon_like,baryon,9.506911868744297,9.506911868744297,nan,0
775.0,pion,pion_like,meson,26.37588980249788,8.986674695863874,17.38921510663401,1
775.0,rho,rho_like,meson,23.933114864105125,17.429193425556104,6.503921438549021,1
775.0,proton,nucleon_like,baryon,21.654284086238015,14.768107753373307,6.886176332864707,1
776.0,pion,pion_like,meson,25.73858063113299,8.769533577720273,16.96904705341272,1
776.0,rho,rho_like,meson,19.964549768012557,14.550264162012553,5.414285606000003,1
776.0,proton,nucleon_like,baryon,17.30098281354443,11.92741149244443,5.373571321100002,1
777.0,pion,pion_like,meson,33.1455775956353,7.128911796190827,26.01666579944448,1
777.0,rho,rho_like,meson,10.119752889549764,3.0864196968830937,7.03333319266667,1
777.0,proton,nucleon_like,baryon,2.8461594559481744,2.8461594559481744,nan,0
778.0,pion,pion_like,meson,35.93668534260497,7.539067241573188,28.39761810103178,1
778.0,rho,rho_like,meson,10.631216734351302,2.6455026083512956,7.985714126000006,1
778.0,proton,nucleon_like,baryon,2.439565260153407,2.439565260153407,nan,0
779.0,pion,pion_like,meson,39.658162338564516,8.085941168749669,31.572221169814846,1
779.0,rho,rho_like,meson,12.787791252826027,3.5322358823815807,9.255555370444446,1
779.0,proton,nucleon_like,baryon,11.401400650717491,3.468623031595269,7.932777619122223,1
780.0,pion,pion_like,meson,39.65816233856451,8.085941168749667,31.572221169814846,1
780.0,rho,rho_like,meson,12.787791252826025,3.532235882381583,9.255555370444442,1
780.0,proton,nucleon_like,baryon,3.6669869253244727,3.6669869253244727,nan,0
781.0,pion,pion_like,meson,35.93668534260497,7.5390672415731865,28.397618101031778,1
781.0,rho,rho_like,meson,10.631216734351295,2.6455026083512907,7.985714126000004,1
781.0,proton,nucleon_like,baryon,2.4395652601534006,2.4395652601534006,nan,0
782.0,pion,pion_like,meson,40.960679287150356,8.27734704326144,32.68333224388892,1
782.0,rho,rho_like,meson,13.71234541547264,4.012345609472642,9.699999806,1
782.0,proton,nucleon_like,baryon,11.610093899277885,3.4550940623778854,8.1549998369,1
783.0,pion,pion_like,meson,33.145577595635295,7.128911796190828,26.016665799444468,1
783.0,rho,rho_like,meson,10.119752889549765,3.0864196968831017,7.033333192666665,1
783.0,proton,nucleon_like,baryon,11.92172035822801,5.10005382799468,6.82166653023333,1
784.0,pion,pion_like,meson,27.051823772127314,9.216975881773758,17.834847890353558,1
784.0,rho,rho_like,meson,24.073736766987263,17.676767197956956,6.396969569030307,1
784.0,proton,nucleon_like,baryon,41.47773244301223,30.260005394639496,11.21772704837273,1
785.0,pion,pion_like,meson,26.688953956852565,9.093340508285294,17.59561344856727,1
785.0,rho,rho_like,meson,23.39265698005476,17.218972893002125,6.173684087052636,1
785.0,proton,nucleon_like,baryon,21.440571200357862,14.86399238452102,6.576578815836843,1
786.0,pion,pion_like,meson,39.658162338564516,8.08594116874967,31.572221169814846,1
786.0,rho,rho_like,meson,12.787791252826025,3.532235882381582,9.255555370444442,1
786.0,proton,nucleon_like,baryon,3.666986925324473,3.666986925324473,nan,0
787.0,pion,pion_like,meson,27.81788227104067,9.477983892471624,18.339898378569046,1
787.0,rho,rho_like,meson,35.3906089040183,23.94313438549304,11.44747451852526,1
787.0,proton,nucleon_like,baryon,31.50417787495886,21.19554171749522,10.308636157463638,1
788.0,pion,pion_like,meson,25.73858063113299,8.769533577720273,16.96904705341272,1
788.0,rho,rho_like,meson,19.964549768012557,14.550264162012553,5.414285606000003,1
788.0,proton,nucleon_like,baryon,17.30098281354443,11.92741149244443,5.373571321100002,1
789.0,pion,pion_like,meson,33.1455775956353,7.128911796190824,26.016665799444475,1
789.0,rho,rho_like,meson,10.119752889549765,3.086419696883096,7.03333319266667,1
789.0,proton,nucleon_like,baryon,2.846159455948176,2.846159455948176,nan,0
790.0,pion,pion_like,meson,18.945176056431507,4.693215747183123,14.251960309248382,1
790.0,rho,rho_like,meson,12.726942471780667,12.726942471780667,nan,0
790.0,proton,nucleon_like,baryon,24.04954748286684,24.04954748286684,nan,0
791.0,pion,pion_like,meson,26.19000796084979,8.923341869738657,17.266666091111134,1
791.0,rho,rho_like,meson,20.19382666021431,14.660493437547641,5.533333222666669,1
791.0,proton,nucleon_like,baryon,21.978616113064824,15.533616241964822,6.444999871100002,1
792.0,pion,pion_like,meson,35.936685342604974,7.5390672415731865,28.39761810103179,1
792.0,rho,rho_like,meson,10.631216734351298,2.6455026083512907,7.9857141260000075,1
792.0,proton,nucleon_like,baryon,11.19314126656235,3.895284269662343,7.297856996900007,1
793.0,pion,pion_like,meson,27.151744445898622,9.251020404908262,17.90072404099036,1
793.0,rho,rho_like,meson,27.59640295246715,19.59205528646715,8.004347666000001,1
793.0,proton,nucleon_like,baryon,34.593119962461344,24.126381041361345,10.466738921100001,1
794.0,pion,pion_like,meson,25.460779197461115,8.674882321093573,16.78589687636754,1
794.0,rho,rho_like,meson,18.636371812108955,13.295346277903825,5.34102553420513,1
794.0,proton,nucleon_like,baryon,15.403389951088254,10.6891592761421,4.7142306749461556,1
795.0,pion,pion_like,meson,38.03001615283222,7.846683825609958,30.183332327222256,1
795.0,rho,rho_like,meson,11.632098549517762,2.9320987235177576,8.699999826000004,1
795.0,proton,nucleon_like,baryon,11.14053409001702,3.485534243117017,7.654999846900004,1
796.0,pion,pion_like,meson,21.662887485629298,1.7865723586994537,19.876315126929846,1
796.0,rho,rho_like,meson,8.560753630504019,8.560753630504019,nan,0
796.0,proton,nucleon_like,baryon,17.313793120115484,17.313793120115484,nan,0
797.0,pion,pion_like,meson,25.73858063113299,8.769533577720273,16.96904705341272,1
797.0,rho,rho_like,meson,22.978659031222,16.754849631888664,6.223809399333336,1
797.0,proton,nucleon_like,baryon,19.738300505416582,19.738300505416582,nan,0
798.0,pion,pion_like,meson,46.51351469954264,9.093340508285294,37.420174191257345,1
798.0,rho,rho_like,meson,17.65386579307137,6.059129182860843,11.594736610210527,1
798.0,proton,nucleon_like,baryon,15.038485710523588,5.9361174715183225,9.102368239005266,1
799.0,pion,pion_like,meson,38.030016152832204,7.846683825609958,30.18333232722225,1
799.0,rho,rho_like,meson,11.632098549517758,2.9320987235177576,8.699999826,1
799.0,proton,nucleon_like,baryon,11.14053409001702,3.4855342431170206,7.6549998469,1
800.0,pion,pion_like,meson,22.005131710677393,2.510204824276407,19.494926886400986,1
800.0,rho,rho_like,meson,5.766559205267146,1.3419216126004787,4.4246375926666675,1
800.0,proton,nucleon_like,baryon,22.38272233049514,14.576852921395137,7.805869409100003,1
801.0,pion,pion_like,meson,27.05182377212731,9.216975881773756,17.834847890353554,1
801.0,rho,rho_like,meson,20.631537090781297,14.870931145387356,5.760605945393941,1
801.0,proton,nucleon_like,baryon,18.145720579665156,13.291629767656064,4.854090812009093,1
802.0,pion,pion_like,meson,26.19000796084979,8.923341869738657,17.266666091111134,1
802.0,rho,rho_like,meson,26.051851192497505,18.518518009830835,7.533333182666669,1
802.0,proton,nucleon_like,baryon,23.177781009423015,15.48278116332301,7.6949998461000035,1
803.0,pion,pion_like,meson,26.37588980249788,8.986674695863874,17.38921510663401,1
803.0,rho,rho_like,meson,23.933114864105125,17.429193425556104,6.503921438549021,1
803.0,proton,nucleon_like,baryon,21.654284086238015,14.768107753373307,6.886176332864708,1
804.0,pion,pion_like,meson,26.942386843711116,9.179689023102632,17.762697820608484,1
804.0,rho,rho_like,meson,22.955143454871124,17.0487943666489,5.906349088222225,1
804.0,proton,nucleon_like,baryon,21.26756553083581,14.941613276402476,6.325952254433334,1
805.0,pion,pion_like,meson,26.541118106185074,9.042970541308511,17.498147564876565,1
805.0,rho,rho_like,meson,28.44211176237846,19.89026008156364,8.551851680814819,1
805.0,proton,nucleon_like,baryon,23.582463893252843,23.582463893252843,nan,0
806.0,pion,pion_like,meson,18.073209633633432,0.8800729518360219,17.19313668179741,1
806.0,rho,rho_like,meson,7.330355711751553,2.904865604182923,4.42549010756863,1
806.0,proton,nucleon_like,baryon,6.2098024820647115,6.2098024820647115,nan,0
807.0,pion,pion_like,meson,42.02637497235696,8.433951849680158,33.592423122676806,1
807.0,rho,rho_like,meson,14.468798821274424,4.405162658910786,10.063636162363638,1
807.0,proton,nucleon_like,baryon,4.818443796177194,4.818443796177194,nan,0
808.0,pion,pion_like,meson,26.94238684371112,9.179689023102632,17.762697820608487,1
808.0,rho,rho_like,meson,21.310816637175943,15.57907072006483,5.7317459171111125,1
808.0,proton,nucleon_like,baryon,19.139405687493124,13.76583436639312,5.373571321100002,1
809.0,pion,pion_like,meson,39.65816233856452,8.085941168749669,31.572221169814853,1
809.0,rho,rho_like,meson,12.787791252826032,3.532235882381584,9.25555537044445,1
809.0,proton,nucleon_like,baryon,11.401400650717507,3.4686230315952806,7.932777619122227,1
810.0,pion,pion_like,meson,38.03001615283222,7.846683825609958,30.183332327222256,1
810.0,rho,rho_like,meson,11.632098549517762,2.9320987235177576,8.699999826000004,1
810.0,proton,nucleon_like,baryon,11.14053409001701,3.4855342431170073,7.654999846900002,1
811.0,pion,pion_like,meson,27.905431813773625,9.507813379408523,18.3976184343651,1
811.0,rho,rho_like,meson,32.79876460149308,22.57495528215975,10.223809319333336,1
811.0,proton,nucleon_like,baryon,26.9429385955492,26.9429385955492,nan,0
812.0,pion,pion_like,meson,35.93668534260496,7.5390672415731865,28.39761810103177,1
812.0,rho,rho_like,meson,10.631216734351298,2.645502608351298,7.985714126000001,1
812.0,proton,nucleon_like,baryon,2.439565260153409,2.439565260153409,nan,0
813.0,pion,pion_like,meson,10.172120985726142,3.4657993701897354,6.706321615536408,1
813.0,rho,rho_like,meson,13.26236662144861,8.056619599126769,5.20574702232184,1
813.0,proton,nucleon_like,baryon,15.396603104155588,9.727465286503863,5.669137817651726,1
814.0,pion,pion_like,meson,39.65816233856452,8.085941168749667,31.572221169814853,1
814.0,rho,rho_like,meson,12.78779125282603,3.532235882381583,9.255555370444448,1
814.0,proton,nucleon_like,baryon,11.401400650717505,3.468623031595279,7.932777619122226,1
815.0,pion,pion_like,meson,40.96067928715036,8.277347043261438,32.68333224388893,1
815.0,rho,rho_like,meson,13.712345415472647,4.012345609472644,9.699999806000005,1
815.0,proton,nucleon_like,baryon,4.300288204293469,4.300288204293469,nan,0
816.0,pion,pion_like,meson,38.03001615283221,7.846683825609956,30.183332327222253,1
816.0,rho,rho_like,meson,11.632098549517758,2.9320987235177562,8.699999826000003,1
816.0,proton,nucleon_like,baryon,2.8753603266132277,2.8753603266132277,nan,0
817.0,pion,pion_like,meson,35.93668534260495,7.53906724157319,28.397618101031764,1
817.0,rho,rho_like,meson,10.631216734351302,2.645502608351304,7.985714125999998,1
817.0,proton,nucleon_like,baryon,2.4395652601534175,2.4395652601534175,nan,0
818.0,pion,pion_like,meson,26.822006222453304,9.138673478564396,17.683332743888908,1
818.0,rho,rho_like,meson,22.05802413821004,16.35802425221004,5.6999998860000005,1
818.0,proton,nucleon_like,baryon,24.869713993520264,17.42471414242026,7.444999851100004,1
819.0,pion,pion_like,meson,26.190007960849787,8.923341869738657,17.26666609111113,1
819.0,rho,rho_like,meson,22.45617227302257,16.589505723689236,5.866666549333336,1
819.0,proton,nucleon_like,baryon,20.384571215035727,13.939571343935727,6.4449998711,1
820.0,pion,pion_like,meson,39.658162338564516,8.08594116874967,31.572221169814846,1
820.0,rho,rho_like,meson,12.787791252826025,3.532235882381582,9.255555370444442,1
820.0,proton,nucleon_like,baryon,3.666986925324473,3.666986925324473,nan,0
821.0,pion,pion_like,meson,33.145577595635295,7.128911796190827,26.01666579944447,1
821.0,rho,rho_like,meson,10.119752889549765,3.0864196968830973,7.033333192666667,1
821.0,proton,nucleon_like,baryon,2.846159455948179,2.846159455948179,nan,0
822.0,pion,pion_like,meson,26.19000796084979,8.923341869738657,17.266666091111134,1
822.0,rho,rho_like,meson,20.193826660214313,14.660493437547643,5.53333322266667,1
822.0,proton,nucleon_like,baryon,17.591361420648433,12.39636152454843,5.1949998961000015,1
823.0,pion,pion_like,meson,25.460779197461118,8.674882321093573,16.785896876367545,1
823.0,rho,rho_like,meson,21.087463855052462,15.669515245462716,5.4179486095897476,1
823.0,proton,nucleon_like,baryon,18.407628563473263,18.407628563473263,nan,0
824.0,pion,pion_like,meson,26.19000796084979,8.923341869738659,17.266666091111134,1
824.0,rho,rho_like,meson,26.05185119249751,18.51851800983084,7.533333182666671,1
824.0,proton,nucleon_like,baryon,23.177781009423025,15.482781163323025,7.694999846100001,1
825.0,pion,pion_like,meson,25.460779197461115,8.674882321093573,16.78589687636754,1
825.0,rho,rho_like,meson,25.512914832867757,18.0436842130216,7.469230619846158,1
825.0,proton,nucleon_like,baryon,21.25663130695749,21.25663130695749,nan,0
826.0,pion,pion_like,meson,27.770003614858584,9.461670891803006,18.308332723055578,1
826.0,rho,rho_like,meson,33.21234483748684,22.762345046486836,10.449999791000003,1
826.0,proton,nucleon_like,baryon,29.780525723061597,20.210525914461595,9.569999808600002,1
827.0,pion,pion_like,meson,22.641496757107618,1.3867355608377674,21.25476119626985,1
827.0,rho,rho_like,meson,9.096825208928333,3.9682538829283382,5.128571325999995,1
827.0,proton,nucleon_like,baryon,13.132170130694346,7.1585988215943495,5.973571309099997,1
828.0,pion,pion_like,meson,19.28717319633088,0.13325226616745595,19.153920930163423,1
828.0,rho,rho_like,meson,10.656426800272847,5.446622982900296,5.209803817372551,1
828.0,proton,nucleon_like,baryon,13.417165618933433,7.401577503951078,6.015588114982355,1
829.0,pion,pion_like,meson,35.93668534260496,7.539067241573188,28.397618101031775,1
829.0,rho,rho_like,meson,10.631216734351298,2.6455026083512956,7.985714126000002,1
829.0,proton,nucleon_like,baryon,2.439565260153407,2.439565260153407,nan,0
830.0,pion,pion_like,meson,19.903061579394517,0.026746452464672624,19.876315126929846,1
830.0,rho,rho_like,meson,10.609031621872663,5.523066811311258,5.085964810561404,1
830.0,proton,nucleon_like,baryon,9.606517714392343,9.606517714392343,nan,0
831.0,pion,pion_like,meson,42.02637497235696,8.43395184968016,33.592423122676806,1
831.0,rho,rho_like,meson,14.468798821274426,4.4051626589107835,10.063636162363641,1
831.0,proton,nucleon_like,baryon,4.818443796177192,4.818443796177192,nan,0
832.0,pion,pion_like,meson,25.73858063113299,8.769533577720273,16.96904705341272,1
832.0,rho,rho_like,meson,19.964549768012557,14.550264162012553,5.414285606000003,1
832.0,proton,nucleon_like,baryon,17.30098281354443,11.92741149244443,5.373571321100002,1
833.0,pion,pion_like,meson,26.190007960849787,8.923341869738657,17.26666609111113,1
833.0,rho,rho_like,meson,26.051851192497498,18.518518009830828,7.533333182666669,1
833.0,proton,nucleon_like,baryon,23.17778100942301,15.482781163323011,7.6949998461,1
834.0,pion,pion_like,meson,26.19000796084979,8.923341869738657,17.266666091111134,1
834.0,rho,rho_like,meson,20.19382666021431,14.660493437547641,5.533333222666669,1
834.0,proton,nucleon_like,baryon,17.271012952912606,17.271012952912606,nan,0
835.0,pion,pion_like,meson,39.65816233856452,8.08594116874967,31.572221169814853,1
835.0,rho,rho_like,meson,12.787791252826029,3.532235882381582,9.255555370444448,1
835.0,proton,nucleon_like,baryon,3.666986925324473,3.666986925324473,nan,0
836.0,pion,pion_like,meson,40.96067928715037,8.27734704326144,32.68333224388893,1
836.0,rho,rho_like,meson,13.712345415472647,4.0123456094726455,9.699999806000003,1
836.0,proton,nucleon_like,baryon,11.610093899277901,3.455094062377897,8.154999836900004,1
837.0,pion,pion_like,meson,26.396726140522045,2.4633936049664653,23.93333253555558,1
837.0,rho,rho_like,meson,9.672222013917239,3.472222137917237,6.199999876000002,1
837.0,proton,nucleon_like,baryon,6.417719941371906,6.417719941371906,nan,0
838.0,pion,pion_like,meson,27.051823772127314,9.216975881773758,17.834847890353558,1
838.0,rho,rho_like,meson,24.07373676698726,17.676767197956952,6.396969569030307,1
838.0,proton,nucleon_like,baryon,20.978244822062965,20.978244822062965,nan,0
839.0,pion,pion_like,meson,38.030016152832204,7.846683825609958,30.18333232722225,1
839.0,rho,rho_like,meson,11.632098549517755,2.932098723517754,8.699999826,1
839.0,proton,nucleon_like,baryon,11.140534090017015,3.485534243117014,7.654999846900001,1
840.0,pion,pion_like,meson,35.93668534260497,7.53906724157319,28.397618101031778,1
840.0,rho,rho_like,meson,10.631216734351305,2.6455026083513005,7.985714126000004,1
840.0,proton,nucleon_like,baryon,2.4395652601534135,2.4395652601534135,nan,0
841.0,pion,pion_like,meson,18.720934124830688,2.4743829422444645,16.246551182586224,1
841.0,rho,rho_like,meson,14.89753056907844,7.875691629055448,7.021838940022991,1
841.0,proton,nucleon_like,baryon,17.896749182842164,10.765542428914577,7.131206753927586,1
842.0,pion,pion_like,meson,17.51322087591685,3.9965546598057284,13.51666621611112,1
842.0,rho,rho_like,meson,17.26635768946175,9.066357853461746,8.199999836000002,1
842.0,proton,nucleon_like,baryon,15.06015709663034,15.06015709663034,nan,0
843.0,pion,pion_like,meson,35.93668534260497,7.5390672415731865,28.397618101031778,1
843.0,rho,rho_like,meson,10.631216734351298,2.6455026083512942,7.985714126000005,1
843.0,proton,nucleon_like,baryon,2.4395652601534046,2.4395652601534046,nan,0
844.0,pion,pion_like,meson,21.994778130365464,0.8800729518360237,21.11470517852944,1
844.0,rho,rho_like,meson,9.79295549753188,4.7204065793750125,5.072548918156867,1
844.0,proton,nucleon_like,baryon,12.04618212317208,6.618829290542667,5.427352832629414,1
845.0,pion,pion_like,meson,26.822006222453304,9.138673478564396,17.683332743888908,1
845.0,rho,rho_like,meson,27.477777082703263,19.444443910036593,8.03333317266667,1
845.0,proton,nucleon_like,baryon,23.07606929573078,23.07606929573078,nan,0
846.0,pion,pion_like,meson,35.936685342604974,7.5390672415731865,28.39761810103179,1
846.0,rho,rho_like,meson,10.631216734351298,2.6455026083512907,7.9857141260000075,1
846.0,proton,nucleon_like,baryon,11.193141266562339,3.8952842696623335,7.2978569969000056,1
847.0,pion,pion_like,meson,18.31249257240344,1.3867355608377645,16.925757011565675,1
847.0,rho,rho_like,meson,6.08159360819382,2.0482603555271512,4.033333252666669,1
847.0,proton,nucleon_like,baryon,9.904043981963119,4.904498627408571,4.999545354554548,1
848.0,pion,pion_like,meson,26.688953956852565,9.093340508285293,17.59561344856727,1
848.0,rho,rho_like,meson,23.39265698005476,17.218972893002125,6.173684087052635,1
848.0,proton,nucleon_like,baryon,20.3919639209811,20.3919639209811,nan,0
849.0,pion,pion_like,meson,27.051823772127314,9.216975881773758,17.834847890353554,1
849.0,rho,rho_like,meson,22.034455117066095,16.273849171672154,5.760605945393941,1
849.0,proton,nucleon_like,baryon,20.177145884674097,14.413964181755913,5.763181702918184,1
850.0,pion,pion_like,meson,26.688953956852565,9.093340508285294,17.59561344856727,1
850.0,rho,rho_like,meson,23.39265698005476,17.218972893002125,6.173684087052635,1
850.0,proton,nucleon_like,baryon,20.391963920981105,20.391963920981105,nan,0
851.0,pion,pion_like,meson,19.995994199788406,1.3867355608377645,18.609258638950642,1
851.0,rho,rho_like,meson,6.813854466404586,2.74348417744162,4.070370288962966,1
851.0,proton,nucleon_like,baryon,10.16511511517558,5.064559661631132,5.100555453544447,1
852.0,pion,pion_like,meson,27.051823772127314,9.216975881773758,17.834847890353558,1
852.0,rho,rho_like,meson,26.688775981150837,19.079685224241743,7.609090756909093,1
852.0,proton,nucleon_like,baryon,24.23999649469197,16.658633009955604,7.5813634847363645,1
853.0,pion,pion_like,meson,25.73858063113299,8.769533577720273,16.96904705341272,1
853.0,rho,rho_like,meson,22.978659031222,16.754849631888664,6.223809399333336,1
853.0,proton,nucleon_like,baryon,22.944202854271122,15.427774433171122,7.516428421100001,1
854.0,pion,pion_like,meson,26.94238684371112,9.179689023102634,17.762697820608487,1
854.0,rho,rho_like,meson,25.69470834589964,18.518518013232974,7.1761903326666685,1
854.0,proton,nucleon_like,baryon,23.395725374178504,16.117392186411834,7.27833318776667,1
855.0,pion,pion_like,meson,26.541118106185074,9.042970541308511,17.498147564876565,1
855.0,rho,rho_like,meson,22.086830719608205,16.460904906200795,5.62592581340741,1
855.0,proton,nucleon_like,baryon,26.193310504370665,18.35942177215955,7.833888732211113,1
856.0,pion,pion_like,meson,27.151744445898622,9.251020404908262,17.90072404099036,1
856.0,rho,rho_like,meson,27.59640295246715,19.59205528646715,8.004347666000003,1
856.0,proton,nucleon_like,baryon,36.732932300187656,25.83141077908765,10.901521521100003,1
857.0,pion,pion_like,meson,26.375889802497888,8.986674695863874,17.389215106634012,1
857.0,rho,rho_like,meson,21.196005279893427,15.613652450364015,5.5823528295294125,1
857.0,proton,nucleon_like,baryon,19.867364576017476,13.56942352550571,6.297941050511765,1
858.0,pion,pion_like,meson,26.19000796084979,8.923341869738657,17.266666091111134,1
858.0,rho,rho_like,meson,18.264814374072714,12.731481151406046,5.533333222666669,1
858.0,proton,nucleon_like,baryon,14.95619822383167,14.95619822383167,nan,0
859.0,pion,pion_like,meson,26.375889802497888,8.986674695863874,17.389215106634012,1
859.0,rho,rho_like,meson,23.933114864105136,17.42919342555611,6.503921438549026,1
859.0,proton,nucleon_like,baryon,21.65428408623802,14.768107753373313,6.886176332864711,1
860.0,pion,pion_like,meson,40.960679287150356,8.277347043261438,32.68333224388892,1
860.0,rho,rho_like,meson,13.712345415472642,4.012345609472641,9.699999806000001,1
860.0,proton,nucleon_like,baryon,4.300288204293466,4.300288204293466,nan,0
861.0,pion,pion_like,meson,26.190007960849787,8.923341869738657,17.26666609111113,1
861.0,rho,rho_like,meson,20.19382666021431,14.660493437547641,5.533333222666667,1
861.0,proton,nucleon_like,baryon,17.59136142064843,12.396361524548427,5.194999896100002,1
862.0,pion,pion_like,meson,42.02637497235696,8.43395184968016,33.592423122676806,1
862.0,rho,rho_like,meson,14.468798821274426,4.4051626589107835,10.063636162363641,1
862.0,proton,nucleon_like,baryon,4.818443796177192,4.818443796177192,nan,0
863.0,pion,pion_like,meson,16.014317075663374,0.603711528744166,15.410605546919209,1
863.0,rho,rho_like,meson,7.248821423039118,2.609427576433055,4.639393846606063,1
863.0,proton,nucleon_like,baryon,10.963440319596895,5.509349519587801,5.4540908000090935,1
864.0,pion,pion_like,meson,26.190007960849783,8.923341869738655,17.266666091111126,1
864.0,rho,rho_like,meson,22.456172273022567,16.589505723689232,5.866666549333334,1
864.0,proton,nucleon_like,baryon,20.38457121503571,13.939571343935706,6.444999871100003,1
865.0,pion,pion_like,meson,38.03001615283221,7.8466838256099605,30.183332327222253,1
865.0,rho,rho_like,meson,11.632098549517757,2.9320987235177554,8.699999826,1
865.0,proton,nucleon_like,baryon,2.8753603266132277,2.8753603266132277,nan,0
866.0,pion,pion_like,meson,39.65816233856452,8.085941168749669,31.572221169814853,1
866.0,rho,rho_like,meson,12.787791252826032,3.532235882381584,9.25555537044445,1
866.0,proton,nucleon_like,baryon,11.401400650717507,3.4686230315952806,7.932777619122227,1
867.0,pion,pion_like,meson,35.93668534260495,7.539067241573188,28.397618101031767,1
867.0,rho,rho_like,meson,10.631216734351298,2.645502608351299,7.985714125999999,1
867.0,proton,nucleon_like,baryon,2.439565260153411,2.439565260153411,nan,0
868.0,pion,pion_like,meson,26.37588980249788,8.986674695863874,17.38921510663401,1
868.0,rho,rho_like,meson,23.93311486410513,17.429193425556107,6.503921438549022,1
868.0,proton,nucleon_like,baryon,25.391308133541106,17.328661235970515,8.062646897570591,1
869.0,pion,pion_like,meson,18.649453936687163,2.6327878039093755,16.016666132777786,1
869.0,rho,rho_like,meson,15.16913550240146,8.024691200845904,7.1444443015555565,1
869.0,proton,nucleon_like,baryon,13.402823649842734,13.402823649842734,nan,0
870.0,pion,pion_like,meson,38.03001615283222,7.846683825609958,30.183332327222256,1
870.0,rho,rho_like,meson,11.632098549517762,2.9320987235177576,8.699999826000004,1
870.0,proton,nucleon_like,baryon,2.87536032661323,2.87536032661323,nan,0
871.0,pion,pion_like,meson,22.074922934249233,0.603711528744166,21.471211405505066,1
871.0,rho,rho_like,meson,10.546239958274047,5.331088547425564,5.215151410848484,1
871.0,proton,nucleon_like,baryon,13.140769082950595,7.686678282941503,5.454090800009093,1
872.0,pion,pion_like,meson,33.1455775956353,7.128911796190827,26.01666579944448,1
872.0,rho,rho_like,meson,10.119752889549769,3.0864196968830973,7.033333192666671,1
872.0,proton,nucleon_like,baryon,2.846159455948179,2.846159455948179,nan,0
873.0,pion,pion_like,meson,26.37588980249788,8.986674695863874,17.38921510663401,1
873.0,rho,rho_like,meson,23.933114864105125,17.429193425556104,6.503921438549021,1
873.0,proton,nucleon_like,baryon,21.65428408623802,14.768107753373316,6.886176332864705,1
874.0,pion,pion_like,meson,23.699697780035322,1.3867355608377654,22.31296221919756,1
874.0,rho,rho_like,meson,10.010013505937852,4.458161765123036,5.551851740814818,1
874.0,proton,nucleon_like,baryon,11.536857176853168,6.436301723308721,5.100555453544446,1
875.0,pion,pion_like,meson,25.73858063113299,8.769533577720273,16.96904705341272,1
875.0,rho,rho_like,meson,27.088006367764777,18.95943510176477,8.128571266000003,1
875.0,proton,nucleon_like,baryon,23.685462343572524,15.454748222472523,8.230714121100002,1
876.0,pion,pion_like,meson,38.03001615283222,7.846683825609958,30.183332327222264,1
876.0,rho,rho_like,meson,11.632098549517767,2.932098723517761,8.699999826000006,1
876.0,proton,nucleon_like,baryon,11.140534090017024,3.4855342431170193,7.654999846900005,1
877.0,pion,pion_like,meson,24.64428576159532,1.9609531843730705,22.68333257722225,1
877.0,rho,rho_like,meson,9.40370350492243,3.7037036189224275,5.699999886000001,1
877.0,proton,nucleon_like,baryon,10.16099940394505,5.282666168178382,4.878333235766668,1
878.0,pion,pion_like,meson,38.03001615283222,7.846683825609958,30.183332327222264,1
878.0,rho,rho_like,meson,11.632098549517767,2.932098723517761,8.699999826000006,1
878.0,proton,nucleon_like,baryon,2.875360326613234,2.875360326613234,nan,0
879.0,pion,pion_like,meson,26.541118106185074,9.042970541308511,17.498147564876565,1
879.0,rho,rho_like,meson,18.657475544245365,13.031549730837957,5.625925813407409,1
879.0,proton,nucleon_like,baryon,15.944358285629505,11.389358376729502,4.554999908900002,1
880.0,pion,pion_like,meson,19.980640097960958,0.48571321155997155,19.494926886400986,1
880.0,rho,rho_like,meson,11.655447963654854,6.172839377654852,5.482608586000002,1
880.0,proton,nucleon_like,baryon,14.72124746827091,8.654508459170907,6.066739009100002,1
881.0,pion,pion_like,meson,26.375889802497888,8.986674695863876,17.389215106634012,1
881.0,rho,rho_like,meson,21.196005279893434,15.613652450364018,5.582352829529415,1
881.0,proton,nucleon_like,baryon,19.025380750344098,13.315674982185271,5.709705768158825,1
882.0,pion,pion_like,meson,26.822006222453307,9.138673478564396,17.68333274388891,1
882.0,rho,rho_like,meson,24.601233947123323,17.90123408112332,6.6999998660000015,1
882.0,proton,nucleon_like,baryon,22.46702714161369,15.52202728051369,6.944999861100002,1
883.0,pion,pion_like,meson,33.14557759563529,7.128911796190824,26.016665799444468,1
883.0,rho,rho_like,meson,10.11975288954976,3.086419696883096,7.033333192666665,1
883.0,proton,nucleon_like,baryon,11.921720358228015,5.1000538279946825,6.821666530233332,1
884.0,pion,pion_like,meson,22.641496757107625,1.3867355608377645,21.25476119626986,1
884.0,rho,rho_like,meson,9.096825208928347,3.968253882928347,5.128571325999999,1
884.0,proton,nucleon_like,baryon,10.681189854981714,5.421904245881713,5.259285609100001,1
885.0,pion,pion_like,meson,19.030078119373247,0.15626922469068055,18.873808894682565,1
885.0,rho,rho_like,meson,9.835802273209055,4.850088087209054,4.985714186000002,1
885.0,proton,nucleon_like,baryon,21.827747770933858,13.711319361833853,8.116428409100005,1
886.0,pion,pion_like,meson,39.658162338564516,8.085941168749669,31.572221169814846,1
886.0,rho,rho_like,meson,12.787791252826027,3.5322358823815807,9.255555370444446,1
886.0,proton,nucleon_like,baryon,3.666986925324471,3.666986925324471,nan,0
887.0,pion,pion_like,meson,23.024992078921038,0.9765801154554026,22.048411963465636,1
887.0,rho,rho_like,meson,10.443092078091734,4.99706044098062,5.446031637111115,1
887.0,proton,nucleon_like,baryon,12.5196127289304,7.260327119830396,5.2592856091000035,1
888.0,pion,pion_like,meson,23.23673483250446,1.3867355608377625,21.849999271666697,1
888.0,rho,rho_like,meson,9.610493625996202,4.243827066662865,5.3666665593333365,1
888.0,proton,nucleon_like,baryon,15.549757415950808,9.129757544350804,6.4199998716000035,1
889.0,pion,pion_like,meson,25.979341873648618,8.851564666796744,17.127777206851874,1
889.0,rho,rho_like,meson,24.617694850568935,17.695472766791156,6.922222083777779,1
889.0,proton,nucleon_like,baryon,23.768124247384044,15.823124406284043,7.944999841100001,1
890.0,pion,pion_like,meson,39.65816233856453,8.085941168749669,31.57222116981486,1
890.0,rho,rho_like,meson,12.78779125282604,3.5322358823815874,9.255555370444451,1
890.0,proton,nucleon_like,baryon,11.401400650717523,3.468623031595292,7.9327776191222314,1
891.0,pion,pion_like,meson,25.73858063113299,8.769533577720273,16.96904705341272,1
891.0,rho,rho_like,meson,19.964549768012557,14.550264162012553,5.414285606000003,1
891.0,proton,nucleon_like,baryon,17.30098281354443,11.92741149244443,5.373571321100002,1
892.0,pion,pion_like,meson,35.93668534260496,7.539067241573184,28.397618101031775,1
892.0,rho,rho_like,meson,10.631216734351295,2.645502608351293,7.985714126000002,1
892.0,proton,nucleon_like,baryon,11.193141266562337,3.895284269662335,7.297856996900003,1
893.0,pion,pion_like,meson,19.287173196330873,0.13325226616745595,19.153920930163416,1
893.0,rho,rho_like,meson,10.656426800272843,5.446622982900292,5.20980381737255,1
893.0,proton,nucleon_like,baryon,13.417165618933431,7.401577503951075,6.015588114982355,1
894.0,pion,pion_like,meson,26.190007960849787,8.923341869738657,17.26666609111113,1
894.0,rho,rho_like,meson,26.051851192497505,18.518518009830835,7.533333182666669,1
894.0,proton,nucleon_like,baryon,23.17778100942301,15.48278116332301,7.694999846100002,1
895.0,pion,pion_like,meson,26.37588980249788,8.986674695863874,17.389215106634005,1
895.0,rho,rho_like,meson,21.196005279893424,15.613652450364013,5.582352829529412,1
895.0,proton,nucleon_like,baryon,22.762404797647164,15.876228464782459,6.886176332864705,1
896.0,pion,pion_like,meson,26.82200622245331,9.138673478564398,17.68333274388891,1
896.0,rho,rho_like,meson,20.514814309296767,14.814814423296765,5.699999886000001,1
896.0,proton,nucleon_like,baryon,17.520513945936536,17.520513945936536,nan,0
897.0,pion,pion_like,meson,17.056717865206288,3.5400516490951626,13.516666216111126,1
897.0,rho,rho_like,meson,6.379012183081244,4.012345563747909,2.3666666193333348,1
897.0,proton,nucleon_like,baryon,6.744288992027286,6.744288992027286,nan,0
898.0,pion,pion_like,meson,21.716380390558648,1.840065263628795,19.876315126929853,1
898.0,rho,rho_like,meson,7.176283160216954,2.599090269304669,4.577192890912285,1
898.0,proton,nucleon_like,baryon,5.556139053912133,5.556139053912133,nan,0
899.0,pion,pion_like,meson,40.96067928715037,8.27734704326144,32.683332243888934,1
899.0,rho,rho_like,meson,13.712345415472651,4.0123456094726455,9.699999806000006,1
899.0,proton,nucleon_like,baryon,4.300288204293472,4.300288204293472,nan,0
900.0,pion,pion_like,meson,27.051823772127314,9.216975881773758,17.834847890353558,1
900.0,rho,rho_like,meson,24.073736766987253,17.67676719795695,6.396969569030305,1
900.0,proton,nucleon_like,baryon,41.477732443012236,30.260005394639503,11.217727048372732,1
901.0,pion,pion_like,meson,35.93668534260495,7.539067241573188,28.397618101031767,1
901.0,rho,rho_like,meson,10.631216734351304,2.6455026083513027,7.985714126,1
901.0,proton,nucleon_like,baryon,2.4395652601534152,2.4395652601534152,nan,0
902.0,pion,pion_like,meson,25.460779197461118,8.674882321093573,16.785896876367545,1
902.0,rho,rho_like,meson,21.08746385505246,15.669515245462712,5.417948609589746,1
902.0,proton,nucleon_like,baryon,21.993524323756205,14.97160138727159,7.021922936484614,1
903.0,pion,pion_like,meson,35.93668534260496,7.5390672415731865,28.39761810103177,1
903.0,rho,rho_like,meson,10.631216734351298,2.645502608351298,7.985714126000001,1
903.0,proton,nucleon_like,baryon,11.19314126656234,3.8952842696623393,7.297856996900001,1
904.0,pion,pion_like,meson,14.903401776948897,1.3867355608377645,13.516666216111132,1
904.0,rho,rho_like,meson,7.659876387764215,3.6265431350975454,4.03333325266667,1
904.0,proton,nucleon_like,baryon,6.924484193185669,6.924484193185669,nan,0
905.0,pion,pion_like,meson,19.98064009796097,0.4857132115599754,19.494926886400993,1
905.0,rho,rho_like,meson,11.655447963654867,6.172839377654862,5.482608586000005,1
905.0,proton,nucleon_like,baryon,14.72124746827092,8.654508459170916,6.066739009100004,1
906.0,pion,pion_like,meson,26.942386843711116,9.179689023102632,17.762697820608484,1
906.0,rho,rho_like,meson,22.955143454871124,17.0487943666489,5.906349088222224,1
906.0,proton,nucleon_like,baryon,21.267565530835807,14.941613276402471,6.325952254433336,1
907.0,pion,pion_like,meson,42.02637497235696,8.43395184968016,33.592423122676806,1
907.0,rho,rho_like,meson,14.468798821274426,4.4051626589107835,10.063636162363641,1
907.0,proton,nucleon_like,baryon,4.818443796177192,4.818443796177192,nan,0
908.0,pion,pion_like,meson,35.93668534260497,7.539067241573188,28.39761810103178,1
908.0,rho,rho_like,meson,10.631216734351302,2.6455026083512956,7.985714126000006,1
908.0,proton,nucleon_like,baryon,2.439565260153407,2.439565260153407,nan,0
909.0,pion,pion_like,meson,7.900361299293438,2.6917756143270983,5.20858568496634,1
909.0,rho,rho_like,meson,13.514440364572614,8.127571785441297,5.386868579131316,1
909.0,proton,nucleon_like,baryon,15.86544461034098,10.102262907422796,5.763181702918184,1
910.0,pion,pion_like,meson,38.03001615283222,7.846683825609958,30.183332327222256,1
910.0,rho,rho_like,meson,11.632098549517762,2.9320987235177576,8.699999826000004,1
910.0,proton,nucleon_like,baryon,2.87536032661323,2.87536032661323,nan,0
911.0,pion,pion_like,meson,26.822006222453307,9.138673478564396,17.68333274388891,1
911.0,rho,rho_like,meson,24.601233947123323,17.90123408112332,6.6999998660000015,1
911.0,proton,nucleon_like,baryon,22.46702714161369,15.52202728051369,6.944999861100002,1
912.0,pion,pion_like,meson,38.03001615283221,7.8466838256099605,30.183332327222253,1
912.0,rho,rho_like,meson,11.632098549517757,2.9320987235177554,8.699999826,1
912.0,proton,nucleon_like,baryon,2.8753603266132277,2.8753603266132277,nan,0
913.0,pion,pion_like,meson,23.236734832504457,1.3867355608377674,21.84999927166669,1
913.0,rho,rho_like,meson,9.610493625996188,4.243827066662854,5.366666559333335,1
913.0,proton,nucleon_like,baryon,11.162502723534397,5.992502826934394,5.169999896600003,1
914.0,pion,pion_like,meson,25.73858063113299,8.769533577720273,16.96904705341272,1
914.0,rho,rho_like,meson,22.978659031222,16.754849631888664,6.223809399333336,1
914.0,proton,nucleon_like,baryon,20.49322257855848,13.691079857458478,6.802142721100002,1
915.0,pion,pion_like,meson,40.96067928715037,8.27734704326144,32.683332243888934,1
915.0,rho,rho_like,meson,13.712345415472651,4.0123456094726455,9.699999806000006,1
915.0,proton,nucleon_like,baryon,11.6100938992779,3.4550940623778925,8.154999836900007,1
916.0,pion,pion_like,meson,21.273628366376556,0.8125179373024586,20.461110429074097,1
916.0,rho,rho_like,meson,9.337859891139974,4.526748876251084,4.811111014888891,1
916.0,proton,nucleon_like,baryon,11.714780699141254,6.169780810041253,5.544999889100002,1
917.0,pion,pion_like,meson,26.541118106185074,9.042970541308511,17.49814756487656,1
917.0,rho,rho_like,meson,25.245952722845182,18.175582493882217,7.0703702289629655,1
917.0,proton,nucleon_like,baryon,22.78291774952895,15.504584561762279,7.27833318776667,1
918.0,pion,pion_like,meson,26.68895395685257,9.093340508285294,17.595613448567274,1
918.0,rho,rho_like,meson,21.259453661549557,15.594541494146046,5.664912167403511,1
918.0,proton,nucleon_like,baryon,21.73029328167027,15.15371446583343,6.576578815836843,1
919.0,pion,pion_like,meson,38.03001615283222,7.846683825609958,30.183332327222256,1
919.0,rho,rho_like,meson,11.632098549517762,2.9320987235177576,8.699999826000004,1
919.0,proton,nucleon_like,baryon,11.14053409001702,3.485534243117017,7.654999846900004,1
920.0,pion,pion_like,meson,26.82200622245331,9.138673478564398,17.68333274388891,1
920.0,rho,rho_like,meson,22.058024138210044,16.358024252210043,5.699999886000001,1
920.0,proton,nucleon_like,baryon,20.232459306103866,14.287459425003865,5.944999881100001,1
921.0,pion,pion_like,meson,35.93668534260496,7.53906724157319,28.39761810103177,1
921.0,rho,rho_like,meson,10.631216734351302,2.6455026083513005,7.985714126,1
921.0,proton,nucleon_like,baryon,2.4395652601534135,2.4395652601534135,nan,0
922.0,pion,pion_like,meson,39.658162338564516,8.085941168749669,31.572221169814846,1
922.0,rho,rho_like,meson,12.787791252826027,3.5322358823815807,9.255555370444446,1
922.0,proton,nucleon_like,baryon,3.666986925324471,3.666986925324471,nan,0
923.0,pion,pion_like,meson,17.549417079257527,3.4375127877495713,14.111904291507955,1
923.0,rho,rho_like,meson,6.16443253290306,3.718400835791947,2.4460316971111133,1
923.0,proton,nucleon_like,baryon,6.422181897451836,6.422181897451836,nan,0
924.0,pion,pion_like,meson,25.73858063113299,8.769533577720273,16.96904705341272,1
924.0,rho,rho_like,meson,19.964549768012553,14.550264162012553,5.414285606000001,1
924.0,proton,nucleon_like,baryon,17.300982813544426,11.927411492444426,5.373571321100001,1
925.0,pion,pion_like,meson,26.541118106185074,9.042970541308511,17.498147564876565,1
925.0,rho,rho_like,meson,22.08683071960821,16.4609049062008,5.6259258134074095,1
925.0,proton,nucleon_like,baryon,19.46723770822007,19.46723770822007,nan,0
926.0,pion,pion_like,meson,19.136581823230557,0.5273231842799233,18.609258638950635,1
926.0,rho,rho_like,meson,11.344718565189325,5.829903860670803,5.514814704518521,1
926.0,proton,nucleon_like,baryon,10.140213147713297,10.140213147713297,nan,0
927.0,pion,pion_like,meson,27.243338396855652,9.282227884448222,17.96111051240743,1
927.0,rho,rho_like,meson,23.634155783540532,17.489711461984975,6.144444321555558,1
927.0,proton,nucleon_like,baryon,28.847766070811574,20.319432908044906,8.52833316276667,1
928.0,pion,pion_like,meson,35.93668534260495,7.539067241573184,28.397618101031767,1
928.0,rho,rho_like,meson,10.631216734351291,2.645502608351293,7.985714125999999,1
928.0,proton,nucleon_like,baryon,2.4395652601534024,2.4395652601534024,nan,0
929.0,pion,pion_like,meson,0.0,nan,nan,0
929.0,rho,rho_like,meson,0.0,nan,nan,0
929.0,proton,nucleon_like,baryon,0.0,nan,nan,0
930.0,pion,pion_like,meson,25.432604504077293,1.7968910062201264,23.635713497857168,1
930.0,rho,rho_like,meson,10.490123230793479,4.409170971460146,6.080952259333334,1
930.0,proton,nucleon_like,baryon,15.642551204629193,9.297075141062527,6.345476063566667,1
931.0,pion,pion_like,meson,38.03001615283221,7.8466838256099605,30.183332327222253,1
931.0,rho,rho_like,meson,11.632098549517757,2.9320987235177554,8.699999826,1
931.0,proton,nucleon_like,baryon,2.8753603266132277,2.8753603266132277,nan,0
932.0,pion,pion_like,meson,39.65816233856452,8.085941168749669,31.572221169814853,1
932.0,rho,rho_like,meson,12.787791252826032,3.532235882381584,9.25555537044445,1
932.0,proton,nucleon_like,baryon,3.666986925324475,3.666986925324475,nan,0
933.0,pion,pion_like,meson,12.183169613834966,1.6837446764594732,10.499424937375492,1
933.0,rho,rho_like,meson,8.880076428807032,5.0766282290139255,3.8034481997931064,1
933.0,proton,nucleon_like,baryon,13.544873044596343,7.792976607910135,5.751896436686208,1
934.0,pion,pion_like,meson,20.15729728190712,6.86790378549296,13.289393496414158,1
934.0,rho,rho_like,meson,26.823456100251313,17.396183561524037,9.427272538727276,1
934.0,proton,nucleon_like,baryon,24.231742035846786,15.43825736323163,8.793484672615154,1
935.0,pion,pion_like,meson,33.1455775956353,7.128911796190824,26.016665799444475,1
935.0,rho,rho_like,meson,10.119752889549765,3.086419696883096,7.03333319266667,1
935.0,proton,nucleon_like,baryon,11.921720358228024,5.100053827994687,6.821666530233337,1
936.0,pion,pion_like,meson,26.541118106185074,9.042970541308511,17.498147564876565,1
936.0,rho,rho_like,meson,20.372153131926783,14.746227318519376,5.625925813407409,1
936.0,proton,nucleon_like,baryon,17.409624615703677,17.409624615703677,nan,0
937.0,pion,pion_like,meson,25.738580631132997,8.769533577720273,16.969047053412723,1
937.0,rho,rho_like,meson,22.978659031221998,16.754849631888664,6.2238093993333345,1
937.0,proton,nucleon_like,baryon,20.49322257855848,13.691079857458483,6.802142721099999,1
938.0,pion,pion_like,meson,26.37588980249788,8.986674695863874,17.389215106634005,1
938.0,rho,rho_like,meson,19.380464304701334,13.798111475171922,5.5823528295294125,1
938.0,proton,nucleon_like,baryon,17.26022594557063,12.116990754317685,5.143235191252946,1
939.0,pion,pion_like,meson,11.970047074770632,4.078380671159512,7.8916664036111195,1
939.0,rho,rho_like,meson,13.899073705729087,8.449073814729086,5.449999891000001,1
939.0,proton,nucleon_like,baryon,15.86622511831066,10.04622523471066,5.819999883600001,1
940.0,pion,pion_like,meson,25.738580631132987,8.76953357772027,16.969047053412716,1
940.0,rho,rho_like,meson,17.759964298136442,12.34567869213644,5.414285606000001,1
940.0,proton,nucleon_like,baryon,14.718743036330382,10.163743127430381,4.554999908900001,1
941.0,pion,pion_like,meson,26.541118106185074,9.042970541308511,17.498147564876565,1
941.0,rho,rho_like,meson,22.08683071960821,16.4609049062008,5.6259258134074095,1
941.0,proton,nucleon_like,baryon,20.724901196847902,14.002123553525676,6.7227776433222255,1
942.0,pion,pion_like,meson,26.37588980249788,8.986674695863874,17.38921510663401,1
942.0,rho,rho_like,meson,23.93311486410513,17.429193425556107,6.503921438549021,1
942.0,proton,nucleon_like,baryon,21.65428408623801,14.768107753373302,6.88617633286471,1
943.0,pion,pion_like,meson,19.070068304726675,1.3867355608377645,17.68333274388891,1
943.0,rho,rho_like,meson,6.348148033187937,2.3148147805212673,4.03333325266667,1
943.0,proton,nucleon_like,baryon,9.619292904147123,4.449293007547119,5.169999896600003,1
944.0,pion,pion_like,meson,26.19000796084979,8.923341869738657,17.266666091111134,1
944.0,rho,rho_like,meson,22.456172273022574,16.58950572368924,5.866666549333336,1
944.0,proton,nucleon_like,baryon,21.69584567197056,14.625845813370558,7.069999858600003,1
945.0,pion,pion_like,meson,18.29002969080581,6.231696759416908,12.0583329313889,1
945.0,rho,rho_like,meson,24.40833270256266,15.624999544895989,8.78333315766667,1
945.0,proton,nucleon_like,baryon,22.177491269354043,13.85749143575404,8.319999833600003,1
946.0,pion,pion_like,meson,26.68895395685257,9.093340508285294,17.595613448567274,1
946.0,rho,rho_like,meson,21.259453661549557,15.594541494146046,5.664912167403512,1
946.0,proton,nucleon_like,baryon,18.442646254386634,18.442646254386634,nan,0
947.0,pion,pion_like,meson,26.190007960849783,8.923341869738655,17.266666091111126,1
947.0,rho,rho_like,meson,18.264814374072706,12.73148115140604,5.533333222666667,1
947.0,proton,nucleon_like,baryon,14.956198223831663,14.956198223831663,nan,0
948.0,pion,pion_like,meson,19.98064009796096,0.48571321155997343,19.49492688640099,1
948.0,rho,rho_like,meson,11.655447963654861,6.1728393776548565,5.482608586000004,1
948.0,proton,nucleon_like,baryon,14.721247468270914,8.654508459170911,6.066739009100003,1
949.0,pion,pion_like,meson,33.1455775956353,7.128911796190824,26.016665799444475,1
949.0,rho,rho_like,meson,10.119752889549765,3.086419696883096,7.03333319266667,1
949.0,proton,nucleon_like,baryon,2.846159455948176,2.846159455948176,nan,0
950.0,pion,pion_like,meson,26.541118106185074,9.042970541308511,17.498147564876565,1
950.0,rho,rho_like,meson,22.08683071960821,16.4609049062008,5.6259258134074095,1
950.0,proton,nucleon_like,baryon,20.300064598962468,14.132842500084687,6.16722209887778,1
951.0,pion,pion_like,meson,40.96067928715036,8.277347043261436,32.68333224388893,1
951.0,rho,rho_like,meson,13.712345415472646,4.012345609472643,9.699999806000003,1
951.0,proton,nucleon_like,baryon,11.610093899277883,3.455094062377881,8.154999836900002,1
952.0,pion,pion_like,meson,26.54111810618508,9.042970541308515,17.498147564876568,1
952.0,rho,rho_like,meson,20.372153131926787,14.746227318519377,5.6259258134074095,1
952.0,proton,nucleon_like,baryon,18.242048046281422,12.630381491848086,5.611666554433335,1
953.0,pion,pion_like,meson,38.030016152832204,7.846683825609958,30.18333232722225,1
953.0,rho,rho_like,meson,11.632098549517758,2.9320987235177576,8.699999826,1
953.0,proton,nucleon_like,baryon,2.87536032661323,2.87536032661323,nan,0
954.0,pion,pion_like,meson,26.68895395685257,9.093340508285294,17.595613448567274,1
954.0,rho,rho_like,meson,26.42059712277049,18.843404291858207,7.577192830912284,1
954.0,proton,nucleon_like,baryon,23.792747869315566,16.163537495583984,7.629210373731581,1
955.0,pion,pion_like,meson,12.01518980774231,4.0937615003613494,7.92142830738096,1
955.0,rho,rho_like,meson,18.44779492841275,10.89065222241275,7.557142706000001,1
955.0,proton,nucleon_like,baryon,14.832873416785276,14.832873416785276,nan,0
956.0,pion,pion_like,meson,38.030016152832204,7.846683825609958,30.18333232722225,1
956.0,rho,rho_like,meson,11.632098549517758,2.9320987235177576,8.699999826,1
956.0,proton,nucleon_like,baryon,11.14053409001702,3.4855342431170206,7.6549998469,1
957.0,pion,pion_like,meson,26.541118106185074,9.042970541308511,17.498147564876565,1
957.0,rho,rho_like,meson,20.372153131926787,14.746227318519377,5.6259258134074095,1
957.0,proton,nucleon_like,baryon,17.817211448395984,12.761100438407093,5.056111009988891,1
958.0,pion,pion_like,meson,25.738580631132987,8.76953357772027,16.969047053412716,1
958.0,rho,rho_like,meson,22.978659031221998,16.75484963188866,6.223809399333336,1
958.0,proton,nucleon_like,baryon,20.49322257855848,13.691079857458476,6.802142721100003,1
959.0,pion,pion_like,meson,9.77844019985521,3.3316662211992853,6.446773978655924,1
959.0,rho,rho_like,meson,15.766108713888807,9.388689486598482,6.377419227290325,1
959.0,proton,nucleon_like,baryon,17.43271794942599,10.907072918648568,6.525645030777421,1
960.0,pion,pion_like,meson,38.030016152832204,7.846683825609958,30.18333232722225,1
960.0,rho,rho_like,meson,11.632098549517758,2.9320987235177576,8.699999826,1
960.0,proton,nucleon_like,baryon,11.14053409001702,3.4855342431170206,7.6549998469,1
961.0,pion,pion_like,meson,26.688953956852565,9.093340508285294,17.59561344856727,1
961.0,rho,rho_like,meson,23.39265698005476,17.218972893002125,6.173684087052635,1
961.0,proton,nucleon_like,baryon,21.440571200357855,14.86399238452101,6.576578815836844,1
962.0,pion,pion_like,meson,26.822006222453304,9.138673478564396,17.683332743888908,1
962.0,rho,rho_like,meson,27.477777082703263,19.444443910036593,8.033333172666671,1
962.0,proton,nucleon_like,baryon,24.701594977123527,16.756595136023527,7.944999841100001,1
963.0,pion,pion_like,meson,33.1455775956353,7.128911796190824,26.016665799444475,1
963.0,rho,rho_like,meson,10.119752889549765,3.086419696883096,7.03333319266667,1
963.0,proton,nucleon_like,baryon,11.921720358228024,5.100053827994687,6.821666530233337,1
964.0,pion,pion_like,meson,26.19000796084979,8.923341869738657,17.266666091111134,1
964.0,rho,rho_like,meson,22.45617227302257,16.589505723689236,5.866666549333334,1
964.0,proton,nucleon_like,baryon,20.384571215035713,13.939571343935713,6.444999871100001,1
965.0,pion,pion_like,meson,19.055335078543827,0.9334058580467319,18.121929220497094,1
965.0,rho,rho_like,meson,7.633073279511505,3.248862840879924,4.384210438631581,1
965.0,proton,nucleon_like,baryon,6.606669550855003,6.606669550855003,nan,0
966.0,pion,pion_like,meson,15.560946288426987,5.301855721305761,10.259090567121225,1
966.0,rho,rho_like,meson,23.42652389410018,14.4032917513325,9.02323214276768,1
966.0,proton,nucleon_like,baryon,21.81410824160345,13.323653865957994,8.490454375645458,1
967.0,pion,pion_like,meson,26.688953956852565,9.093340508285293,17.59561344856727,1
967.0,rho,rho_like,meson,18.010590863837383,12.345678696433875,5.664912167403508,1
967.0,proton,nucleon_like,baryon,15.520356960232055,10.965357051332056,4.554999908899999,1
968.0,pion,pion_like,meson,26.541118106185074,9.042970541308511,17.498147564876565,1
968.0,rho,rho_like,meson,20.372153131926787,14.746227318519377,5.625925813407409,1
968.0,proton,nucleon_like,baryon,17.817211448395994,12.761100438407103,5.056111009988889,1
969.0,pion,pion_like,meson,26.37588980249788,8.986674695863874,17.389215106634005,1
969.0,rho,rho_like,meson,19.380464304701338,13.798111475171925,5.5823528295294125,1
969.0,proton,nucleon_like,baryon,16.255071019528614,16.255071019528614,nan,0
970.0,pion,pion_like,meson,38.03001615283222,7.846683825609958,30.183332327222264,1
970.0,rho,rho_like,meson,11.632098549517767,2.932098723517761,8.699999826000006,1
970.0,proton,nucleon_like,baryon,2.875360326613234,2.875360326613234,nan,0
971.0,pion,pion_like,meson,39.658162338564516,8.085941168749669,31.572221169814846,1
971.0,rho,rho_like,meson,12.787791252826029,3.532235882381584,9.255555370444446,1
971.0,proton,nucleon_like,baryon,3.666986925324475,3.666986925324475,nan,0
972.0,pion,pion_like,meson,35.93668534260496,7.539067241573188,28.397618101031775,1
972.0,rho,rho_like,meson,10.631216734351304,2.645502608351299,7.985714126000004,1
972.0,proton,nucleon_like,baryon,2.439565260153411,2.439565260153411,nan,0
973.0,pion,pion_like,meson,15.966506670204645,5.440036432851691,10.526470237352955,1
973.0,rho,rho_like,meson,20.752287041280418,13.071895038025511,7.680392003254905,1
973.0,proton,nucleon_like,baryon,19.581937707188114,12.107526091970465,7.474411615217649,1
974.0,pion,pion_like,meson,25.460779197461118,8.674882321093573,16.785896876367545,1
974.0,rho,rho_like,meson,18.636371812108955,13.295346277903827,5.34102553420513,1
974.0,proton,nucleon_like,baryon,15.403389951088261,10.689159276142107,4.714230674946154,1
975.0,pion,pion_like,meson,26.190007960849787,8.923341869738657,17.26666609111113,1
975.0,rho,rho_like,meson,22.456172273022574,16.58950572368924,5.866666549333336,1
975.0,proton,nucleon_like,baryon,20.384571215035724,13.93957134393572,6.444999871100003,1
976.0,pion,pion_like,meson,33.1455775956353,7.128911796190824,26.016665799444475,1
976.0,rho,rho_like,meson,10.119752889549765,3.086419696883096,7.03333319266667,1
976.0,proton,nucleon_like,baryon,2.846159455948176,2.846159455948176,nan,0
977.0,pion,pion_like,meson,27.051823772127314,9.216975881773758,17.834847890353558,1
977.0,rho,rho_like,meson,22.0344551170661,16.273849171672158,5.760605945393941,1
977.0,proton,nucleon_like,baryon,20.1771458846741,14.413964181755915,5.763181702918184,1
978.0,pion,pion_like,meson,26.822006222453307,9.138673478564396,17.68333274388891,1
978.0,rho,rho_like,meson,20.51481430929677,14.814814423296767,5.699999886000003,1
978.0,proton,nucleon_like,baryon,17.997891470594027,13.052891569494024,4.944999901100002,1
979.0,pion,pion_like,meson,39.658162338564516,8.085941168749669,31.572221169814846,1
979.0,rho,rho_like,meson,12.787791252826029,3.532235882381584,9.255555370444446,1
979.0,proton,nucleon_like,baryon,3.666986925324475,3.666986925324475,nan,0
980.0,pion,pion_like,meson,38.03001615283222,7.846683825609956,30.18333232722226,1
980.0,rho,rho_like,meson,11.632098549517764,2.9320987235177594,8.699999826000004,1
980.0,proton,nucleon_like,baryon,2.8753603266132317,2.8753603266132317,nan,0
981.0,pion,pion_like,meson,20.258083569933873,3.2890365165211555,16.96904705341272,1
981.0,rho,rho_like,meson,10.714285582010584,10.714285582010584,nan,0
981.0,proton,nucleon_like,baryon,20.795551338554716,20.795551338554716,nan,0
982.0,pion,pion_like,meson,35.936685342604974,7.5390672415731865,28.39761810103179,1
982.0,rho,rho_like,meson,10.631216734351298,2.6455026083512907,7.9857141260000075,1
982.0,proton,nucleon_like,baryon,2.4395652601534006,2.4395652601534006,nan,0
983.0,pion,pion_like,meson,38.030016152832204,7.846683825609958,30.18333232722225,1
983.0,rho,rho_like,meson,11.632098549517758,2.9320987235177576,8.699999826,1
983.0,proton,nucleon_like,baryon,11.14053409001702,3.4855342431170206,7.6549998469,1
984.0,pion,pion_like,meson,26.68895395685257,9.093340508285294,17.595613448567274,1
984.0,rho,rho_like,meson,23.392656980054756,17.218972893002125,6.173684087052632,1
984.0,proton,nucleon_like,baryon,20.391963920981105,20.391963920981105,nan,0
985.0,pion,pion_like,meson,24.96888759673495,1.8933981698395062,23.075489426895444,1
985.0,rho,rho_like,meson,9.851052803810504,3.9941901758497202,5.8568626279607825,1
985.0,proton,nucleon_like,baryon,7.21432931873414,7.21432931873414,nan,0
986.0,pion,pion_like,meson,26.375889802497888,8.986674695863874,17.389215106634012,1
986.0,rho,rho_like,meson,27.317283258905064,19.2447344007482,8.072548858156866,1
986.0,proton,nucleon_like,baryon,24.283187422131938,16.220540524561347,8.062646897570591,1
987.0,pion,pion_like,meson,25.738580631132997,8.769533577720273,16.969047053412723,1
987.0,rho,rho_like,meson,19.964549768012557,14.550264162012555,5.414285606000003,1
987.0,proton,nucleon_like,baryon,30.298181039479555,22.06746691837955,8.230714121100004,1
988.0,pion,pion_like,meson,33.1455775956353,7.128911796190827,26.01666579944448,1
988.0,rho,rho_like,meson,10.119752889549764,3.0864196968830937,7.03333319266667,1
988.0,proton,nucleon_like,baryon,2.8461594559481744,2.8461594559481744,nan,0
989.0,pion,pion_like,meson,26.37588980249788,8.986674695863874,17.38921510663401,1
989.0,rho,rho_like,meson,19.38046430470134,13.798111475171927,5.582352829529413,1
989.0,proton,nucleon_like,baryon,16.418242119897233,11.86324221099723,4.554999908900003,1
990.0,pion,pion_like,meson,40.96067928715036,8.277347043261438,32.68333224388893,1
990.0,rho,rho_like,meson,13.712345415472647,4.012345609472644,9.699999806000005,1
990.0,proton,nucleon_like,baryon,4.300288204293469,4.300288204293469,nan,0
991.0,pion,pion_like,meson,26.37588980249788,8.986674695863874,17.389215106634005,1
991.0,rho,rho_like,meson,23.933114864105125,17.429193425556104,6.503921438549021,1
991.0,proton,nucleon_like,baryon,21.654284086238015,14.768107753373306,6.886176332864707,1
992.0,pion,pion_like,meson,40.96067928715036,8.277347043261438,32.68333224388893,1
992.0,rho,rho_like,meson,13.712345415472647,4.012345609472644,9.699999806000005,1
992.0,proton,nucleon_like,baryon,4.300288204293469,4.300288204293469,nan,0
993.0,pion,pion_like,meson,29.238026749877772,6.554694172655521,22.683332577222252,1
993.0,rho,rho_like,meson,9.403703506827622,3.7037036208276186,5.699999886000004,1
993.0,proton,nucleon_like,baryon,12.941731086559981,6.786731209659975,6.154999876900006,1
994.0,pion,pion_like,meson,15.365604699598846,0.13325226616745595,15.23235243343139,1
994.0,rho,rho_like,meson,8.840885825080756,3.6310820077082044,5.209803817372551,1
994.0,proton,nucleon_like,baryon,11.964732847745388,5.94914473276303,6.015588114982357,1
995.0,pion,pion_like,meson,35.93668534260497,7.5390672415731865,28.397618101031778,1
995.0,rho,rho_like,meson,10.631216734351298,2.6455026083512942,7.985714126000005,1
995.0,proton,nucleon_like,baryon,2.4395652601534046,2.4395652601534046,nan,0
996.0,pion,pion_like,meson,25.73858063113299,8.769533577720273,16.96904705341272,1
996.0,rho,rho_like,meson,19.964549768012557,14.550264162012553,5.414285606000003,1
996.0,proton,nucleon_like,baryon,17.300982813544422,11.92741149244442,5.373571321100004,1
997.0,pion,pion_like,meson,23.264727962251854,2.2480619961407244,21.01666596611113,1
997.0,rho,rho_like,meson,7.502468984648074,2.4691357519814074,5.033333232666666,1
997.0,proton,nucleon_like,baryon,5.278332096947283,5.278332096947283,nan,0
998.0,pion,pion_like,meson,14.479451937019894,4.933373823849948,9.546078113169946,1
998.0,rho,rho_like,meson,22.4734198918197,13.616557323858911,8.856862567960787,1
998.0,proton,nucleon_like,baryon,21.581881123015748,13.225116584268683,8.356764538747063,1
999.0,pion,pion_like,meson,20.330586367314144,0.7241767644508714,19.606409602863273,1
999.0,rho,rho_like,meson,8.819657942781339,4.273504187550567,4.546153755230772,1
999.0,proton,nucleon_like,baryon,14.433747308830716,7.9656705151153275,6.4680767937153885,1
1000.0,pion,pion_like,meson,27.770003614858584,9.461670891803006,18.308332723055578,1
1000.0,rho,rho_like,meson,35.010184297224306,23.726851189557635,11.283333107666671,1
1000.0,proton,nucleon_like,baryon,30.037424829208526,19.21742504560852,10.819999783600005,1
1001.0,pion,pion_like,meson,33.1455775956353,7.128911796190827,26.01666579944448,1
1001.0,rho,rho_like,meson,10.119752889549769,3.0864196968830973,7.033333192666671,1
1001.0,proton,nucleon_like,baryon,11.921720358228027,5.100053827994689,6.821666530233339,1
1002.0,pion,pion_like,meson,21.34279550169637,1.3867355608377645,19.956059940858605,1
1002.0,rho,rho_like,meson,7.976094117143953,3.3670033002348605,4.6090908169090925,1
1002.0,proton,nucleon_like,baryon,30.22819958454616,20.68319977544616,9.544999809100002,1
1003.0,pion,pion_like,meson,38.03001615283222,7.846683825609958,30.183332327222256,1
1003.0,rho,rho_like,meson,11.632098549517762,2.9320987235177576,8.699999826000004,1
1003.0,proton,nucleon_like,baryon,29.596415502906353,18.191415731006348,11.404999771900005,1
1004.0,pion,pion_like,meson,35.936685342604974,7.539067241573184,28.39761810103179,1
1004.0,rho,rho_like,meson,10.631216734351295,2.6455026083512863,7.985714126000008,1
1004.0,proton,nucleon_like,baryon,2.4395652601533944,2.4395652601533944,nan,0
1005.0,pion,pion_like,meson,19.68591666476817,0.3359173097681515,19.349999355000016,1
1005.0,rho,rho_like,meson,11.230863969217497,5.864197409884162,5.366666559333335,1
1005.0,proton,nucleon_like,baryon,14.167012682302483,8.122012803202482,6.044999879100001,1
1006.0,pion,pion_like,meson,14.028829290600275,4.779839699910028,9.248989590690247,1
1006.0,rho,rho_like,meson,21.713093333346777,13.093901586538696,8.619191746808083,1
1006.0,proton,nucleon_like,baryon,21.166088930020006,12.978664851344247,8.18742407867576,1
1007.0,pion,pion_like,meson,26.37588980249788,8.986674695863874,17.38921510663401,1
1007.0,rho,rho_like,meson,23.93311486410513,17.429193425556107,6.503921438549021,1
1007.0,proton,nucleon_like,baryon,21.654284086238018,14.76810775337331,6.886176332864708,1
1008.0,pion,pion_like,meson,26.37588980249788,8.986674695863874,17.38921510663401,1
1008.0,rho,rho_like,meson,21.196005279893427,15.613652450364016,5.5823528295294125,1
1008.0,proton,nucleon_like,baryon,19.025380750344095,13.31567498218527,5.709705768158826,1
1009.0,pion,pion_like,meson,21.27362836637656,0.8125179373024566,20.461110429074104,1
1009.0,rho,rho_like,meson,9.337859891139981,4.526748876251088,4.811111014888893,1
1009.0,proton,nucleon_like,baryon,13.557917871505742,7.346251329072405,6.211666542433337,1
1010.0,pion,pion_like,meson,23.41183339226002,0.02674645246467071,23.38508693979535,1
1010.0,rho,rho_like,meson,5.9616633442029885,5.9616633442029885,nan,0
1010.0,proton,nucleon_like,baryon,13.111671132343995,13.111671132343995,nan,0
1011.0,pion,pion_like,meson,12.496712292773562,4.257823678514295,8.238888614259267,1
1011.0,rho,rho_like,meson,15.292592187098922,9.259258974432257,6.033333212666666,1
1011.0,proton,nucleon_like,baryon,12.702742220584922,12.702742220584922,nan,0
1012.0,pion,pion_like,meson,25.738580631132997,8.769533577720273,16.969047053412723,1
1012.0,rho,rho_like,meson,22.978659031221998,16.754849631888664,6.2238093993333345,1
1012.0,proton,nucleon_like,baryon,20.493222578558477,13.691079857458474,6.802142721100002,1
1013.0,pion,pion_like,meson,13.483409456859182,0.4297061882789225,13.053703268580259,1
1013.0,rho,rho_like,meson,8.443484066083489,3.6694100874908973,4.774073978592592,1
1013.0,proton,nucleon_like,baryon,7.261772585820612,7.261772585820612,nan,0
1014.0,pion,pion_like,meson,26.822006222453304,9.138673478564396,17.683332743888908,1
1014.0,rho,rho_like,meson,24.601233947123323,17.90123408112332,6.699999866000003,1
1014.0,proton,nucleon_like,baryon,22.182713452259595,14.737713601159593,7.444999851100002,1
1015.0,pion,pion_like,meson,38.03001615283222,7.846683825609956,30.18333232722226,1
1015.0,rho,rho_like,meson,11.632098549517764,2.9320987235177594,8.699999826000004,1
1015.0,proton,nucleon_like,baryon,11.140534090017022,3.485534243117018,7.6549998469000045,1
1016.0,pion,pion_like,meson,27.151744445898622,9.251020404908262,17.90072404099036,1
1016.0,rho,rho_like,meson,21.353246921389037,15.566290515389037,5.786956406000002,1
1016.0,proton,nucleon_like,baryon,35.18324957865808,26.020858457558074,9.162391121100002,1
1017.0,pion,pion_like,meson,35.93668534260497,7.5390672415731865,28.397618101031778,1
1017.0,rho,rho_like,meson,10.631216734351298,2.6455026083512942,7.985714126000005,1
1017.0,proton,nucleon_like,baryon,2.4395652601534046,2.4395652601534046,nan,0
1018.0,pion,pion_like,meson,35.93668534260497,7.539067241573188,28.39761810103178,1
1018.0,rho,rho_like,meson,10.631216734351298,2.6455026083512925,7.985714126000005,1
1018.0,proton,nucleon_like,baryon,2.439565260153403,2.439565260153403,nan,0
1019.0,pion,pion_like,meson,33.145577595635295,7.128911796190828,26.016665799444468,1
1019.0,rho,rho_like,meson,10.119752889549773,3.0864196968831052,7.033333192666667,1
1019.0,proton,nucleon_like,baryon,2.846159455948189,2.846159455948189,nan,0
1020.0,pion,pion_like,meson,26.37588980249788,8.986674695863874,17.38921510663401,1
1020.0,rho,rho_like,meson,23.93311486410513,17.429193425556107,6.503921438549021,1
1020.0,proton,nucleon_like,baryon,20.612369333092733,20.612369333092733,nan,0
1021.0,pion,pion_like,meson,35.93668534260497,7.539067241573184,28.39761810103178,1
1021.0,rho,rho_like,meson,10.631216734351295,2.64550260835129,7.985714126000006,1
1021.0,proton,nucleon_like,baryon,2.4395652601533984,2.4395652601533984,nan,0
1022.0,pion,pion_like,meson,25.979341873648615,8.851564666796744,17.12777720685187,1
1022.0,rho,rho_like,meson,24.617694850568935,17.695472766791156,6.92222208377778,1
1022.0,proton,nucleon_like,baryon,21.924987075019555,14.646653887252883,7.2783331877666715,1
1023.0,pion,pion_like,meson,20.07674352448686,0.3100775167090656,19.766666007777797,1
1023.0,rho,rho_like,meson,9.882098564741813,5.015431995408478,4.866666569333336,1
1023.0,proton,nucleon_like,baryon,13.930447144715691,7.5104472731156875,6.4199998716000035,1
1024.0,pion,pion_like,meson,38.03001615283221,7.8466838256099605,30.183332327222253,1
1024.0,rho,rho_like,meson,11.632098549517757,2.9320987235177554,8.699999826,1
1024.0,proton,nucleon_like,baryon,2.8753603266132277,2.8753603266132277,nan,0
1025.0,pion,pion_like,meson,0.0,nan,nan,0
1025.0,rho,rho_like,meson,0.0,nan,nan,0
1025.0,proton,nucleon_like,baryon,0.0,nan,nan,0
1026.0,pion,pion_like,meson,20.19984146529902,1.9609531843730705,18.23888828092595,1
1026.0,rho,rho_like,meson,5.568312657482503,1.6460905137047221,3.9222221437777804,1
1026.0,proton,nucleon_like,baryon,8.514908929931938,3.636575694165266,4.8783332357666715,1
1027.0,pion,pion_like,meson,35.93668534260497,7.5390672415731865,28.397618101031778,1
1027.0,rho,rho_like,meson,10.631216734351298,2.6455026083512942,7.985714126000005,1
1027.0,proton,nucleon_like,baryon,2.4395652601534046,2.4395652601534046,nan,0
1028.0,pion,pion_like,meson,25.979341873648618,8.851564666796744,17.127777206851874,1
1028.0,rho,rho_like,meson,24.61769485056894,17.69547276679116,6.922222083777782,1
1028.0,proton,nucleon_like,baryon,21.924987075019565,14.646653887252896,7.27833318776667,1
1029.0,pion,pion_like,meson,38.03001615283222,7.846683825609956,30.18333232722226,1
1029.0,rho,rho_like,meson,11.632098549517764,2.9320987235177594,8.699999826000004,1
1029.0,proton,nucleon_like,baryon,2.8753603266132317,2.8753603266132317,nan,0
1030.0,pion,pion_like,meson,25.460779197461108,8.674882321093571,16.785896876367538,1
1030.0,rho,rho_like,meson,25.512914832867757,18.0436842130216,7.469230619846157,1
1030.0,proton,nucleon_like,baryon,25.43132099377135,16.870936549594425,8.560384444176927,1
1031.0,pion,pion_like,meson,26.822006222453304,9.138673478564396,17.683332743888908,1
1031.0,rho,rho_like,meson,27.477777082703263,19.444443910036593,8.033333172666667,1
1031.0,proton,nucleon_like,baryon,24.417281287769434,15.97228145666943,8.444999831100002,1
1032.0,pion,pion_like,meson,26.541118106185074,9.042970541308511,17.49814756487656,1
1032.0,rho,rho_like,meson,25.245952722845182,18.175582493882217,7.0703702289629655,1
1032.0,proton,nucleon_like,baryon,22.78291774952895,15.504584561762279,7.27833318776667,1
1033.0,pion,pion_like,meson,19.850389010137967,0.9765801154554045,18.87380889468256,1
1033.0,rho,rho_like,meson,7.878130358174324,3.527336794396544,4.3507935637777795,1
1033.0,proton,nucleon_like,baryon,6.9279428922566675,6.9279428922566675,nan,0
1034.0,pion,pion_like,meson,35.93668534260497,7.53906724157319,28.397618101031778,1
1034.0,rho,rho_like,meson,10.631216734351305,2.6455026083513005,7.985714126000004,1
1034.0,proton,nucleon_like,baryon,2.4395652601534135,2.4395652601534135,nan,0
1035.0,pion,pion_like,meson,25.13667752484393,8.564455855029092,16.572221669814837,1
1035.0,rho,rho_like,meson,19.658847245076885,14.403291794632437,5.255555450444447,1
1035.0,proton,nucleon_like,baryon,16.91381133740576,11.302144782972425,5.611666554433336,1
1036.0,pion,pion_like,meson,14.671329967108253,4.9987496443663035,9.672580322741949,1
1036.0,rho,rho_like,meson,20.013420424221124,12.34567864209209,7.667741782129036,1
1036.0,proton,nucleon_like,baryon,19.502198976740857,12.008812029834404,7.493386946906455,1
1037.0,pion,pion_like,meson,26.822006222453307,9.138673478564396,17.68333274388891,1
1037.0,rho,rho_like,meson,24.601233947123323,17.90123408112332,6.6999998660000015,1
1037.0,proton,nucleon_like,baryon,22.46702714161369,15.52202728051369,6.944999861100002,1
1038.0,pion,pion_like,meson,25.73858063113299,8.769533577720273,16.96904705341272,1
1038.0,rho,rho_like,meson,22.978659031221998,16.754849631888664,6.2238093993333345,1
1038.0,proton,nucleon_like,baryon,29.975014821086113,21.03001499998611,8.944999821100003,1
1039.0,pion,pion_like,meson,33.145577595635295,7.128911796190827,26.01666579944447,1
1039.0,rho,rho_like,meson,10.119752889549765,3.0864196968830973,7.033333192666667,1
1039.0,proton,nucleon_like,baryon,2.846159455948179,2.846159455948179,nan,0
1040.0,pion,pion_like,meson,24.75364827538725,8.433951849680158,16.31969642570709,1
1040.0,rho,rho_like,meson,21.50359092585716,15.712681950766248,5.790908975090912,1
1040.0,proton,nucleon_like,baryon,19.162312877217516,12.490040283390243,6.672272593827274,1
1041.0,pion,pion_like,meson,26.541118106185074,9.042970541308511,17.498147564876565,1
1041.0,rho,rho_like,meson,20.372153131926787,14.746227318519377,5.625925813407409,1
1041.0,proton,nucleon_like,baryon,17.817211448395984,12.761100438407093,5.056111009988891,1
1042.0,pion,pion_like,meson,25.13667752484393,8.564455855029092,16.572221669814837,1
1042.0,rho,rho_like,meson,19.658847245076885,14.403291794632437,5.255555450444447,1
1042.0,proton,nucleon_like,baryon,16.91381133740576,11.302144782972425,5.611666554433336,1
1043.0,pion,pion_like,meson,26.822006222453307,9.138673478564396,17.68333274388891,1
1043.0,rho,rho_like,meson,22.058024138210047,16.358024252210043,5.699999886000003,1
1043.0,proton,nucleon_like,baryon,20.232459306103856,14.287459425003851,5.944999881100005,1
1044.0,pion,pion_like,meson,35.93668534260496,7.539067241573184,28.397618101031775,1
1044.0,rho,rho_like,meson,10.631216734351295,2.645502608351293,7.985714126000002,1
1044.0,proton,nucleon_like,baryon,2.4395652601534024,2.4395652601534024,nan,0
1045.0,pion,pion_like,meson,25.460779197461115,8.674882321093573,16.78589687636754,1
1045.0,rho,rho_like,meson,18.63637181210895,13.295346277903821,5.341025534205129,1
1045.0,proton,nucleon_like,baryon,22.341549482026075,16.088857299387612,6.252692182638462,1
1046.0,pion,pion_like,meson,35.93668534260496,7.539067241573188,28.397618101031775,1
1046.0,rho,rho_like,meson,10.631216734351304,2.645502608351299,7.985714126000004,1
1046.0,proton,nucleon_like,baryon,11.193141266562355,3.8952842696623495,7.2978569969000056,1
1047.0,pion,pion_like,meson,15.560946288426983,5.30185572130576,10.259090567121223,1
1047.0,rho,rho_like,meson,23.426523894100175,14.403291751332494,9.02323214276768,1
1047.0,proton,nucleon_like,baryon,20.928784478945726,12.135299806330572,8.793484672615154,1
1048.0,pion,pion_like,meson,26.37588980249788,8.986674695863874,17.389215106634005,1
1048.0,rho,rho_like,meson,21.196005279893427,15.613652450364016,5.5823528295294125,1
1048.0,proton,nucleon_like,baryon,19.0253807503441,13.315674982185278,5.709705768158824,1
1049.0,pion,pion_like,meson,19.98064009796096,0.48571321155997343,19.49492688640099,1
1049.0,rho,rho_like,meson,11.655447963654861,6.1728393776548565,5.482608586000004,1
1049.0,proton,nucleon_like,baryon,14.721247468270914,8.654508459170911,6.066739009100003,1
1050.0,pion,pion_like,meson,26.190007960849787,8.923341869738657,17.26666609111113,1
1050.0,rho,rho_like,meson,22.456172273022574,16.58950572368924,5.866666549333336,1
1050.0,proton,nucleon_like,baryon,20.384571215035724,13.93957134393572,6.444999871100003,1
1051.0,pion,pion_like,meson,25.979341873648615,8.851564666796744,17.12777720685187,1
1051.0,rho,rho_like,meson,24.617694850568935,17.695472766791156,6.92222208377778,1
1051.0,proton,nucleon_like,baryon,21.92498707501956,14.64665388725289,7.278333187766669,1
1052.0,pion,pion_like,meson,29.238026749877765,6.554694172655521,22.683332577222245,1
1052.0,rho,rho_like,meson,9.403703506827624,3.703703620827622,5.699999886000001,1
1052.0,proton,nucleon_like,baryon,12.94173108655997,6.786731209659969,6.154999876900002,1
1053.0,pion,pion_like,meson,26.19000796084979,8.923341869738657,17.266666091111134,1
1053.0,rho,rho_like,meson,22.456172273022574,16.58950572368924,5.866666549333336,1
1053.0,proton,nucleon_like,baryon,20.384571215035724,13.93957134393572,6.444999871100003,1
1054.0,pion,pion_like,meson,26.541118106185074,9.042970541308511,17.498147564876565,1
1054.0,rho,rho_like,meson,22.086830719608205,16.460904906200795,5.625925813407409,1
1054.0,proton,nucleon_like,baryon,23.459105850609284,16.180772662842614,7.27833318776667,1
1055.0,pion,pion_like,meson,38.03001615283222,7.846683825609958,30.183332327222264,1
1055.0,rho,rho_like,meson,11.632098549517767,2.932098723517761,8.699999826000006,1
1055.0,proton,nucleon_like,baryon,2.875360326613234,2.875360326613234,nan,0
1056.0,pion,pion_like,meson,27.770003614858584,9.461670891803006,18.308332723055578,1
1056.0,rho,rho_like,meson,36.808023756961774,24.691357332628435,12.116666424333337,1
1056.0,proton,nucleon_like,baryon,29.468839080877114,29.468839080877114,nan,0
1057.0,pion,pion_like,meson,20.617379653764775,0.15626922469067864,20.461110429074097,1
1057.0,rho,rho_like,meson,10.570664096501096,5.584949910501092,4.985714186000004,1
1057.0,proton,nucleon_like,baryon,13.629456511213402,7.893980435446731,5.7354760757666705,1
1058.0,pion,pion_like,meson,25.73858063113299,8.769533577720273,16.96904705341272,1
1058.0,rho,rho_like,meson,22.978659031221998,16.754849631888664,6.223809399333334,1
1058.0,proton,nucleon_like,baryon,20.493222578558473,13.691079857458469,6.802142721100003,1
1059.0,pion,pion_like,meson,26.37588980249788,8.986674695863874,17.389215106634005,1
1059.0,rho,rho_like,meson,19.380464304701338,13.798111475171925,5.5823528295294125,1
1059.0,proton,nucleon_like,baryon,20.155266167200324,14.423795693594437,5.731470473605885,1
1060.0,pion,pion_like,meson,26.37588980249788,8.986674695863874,17.38921510663401,1
1060.0,rho,rho_like,meson,27.317283258905064,19.244734400748197,8.072548858156866,1
1060.0,proton,nucleon_like,baryon,22.791018489874787,22.791018489874787,nan,0
1061.0,pion,pion_like,meson,26.82200622245331,9.138673478564398,17.68333274388891,1
1061.0,rho,rho_like,meson,20.514814309296767,14.814814423296765,5.699999886000001,1
1061.0,proton,nucleon_like,baryon,17.99789147059402,13.05289156949402,4.944999901100001,1
1062.0,pion,pion_like,meson,42.914454710029126,8.56445585502909,34.34999885500004,1
1062.0,rho,rho_like,meson,15.099176659442575,4.732510200109235,10.36666645933334,1
1062.0,proton,nucleon_like,baryon,5.250240122746963,5.250240122746963,nan,0
1063.0,pion,pion_like,meson,22.64149675710763,1.3867355608377654,21.254761196269868,1
1063.0,rho,rho_like,meson,9.096825208928351,3.9682538829283462,5.128571326000004,1
1063.0,proton,nucleon_like,baryon,10.681189854981717,5.421904245881716,5.259285609100002,1
1064.0,pion,pion_like,meson,25.738580631132987,8.76953357772027,16.969047053412716,1
1064.0,rho,rho_like,meson,17.759964298136442,12.34567869213644,5.414285606000001,1
1064.0,proton,nucleon_like,baryon,14.718743036330382,10.163743127430381,4.554999908900001,1
1065.0,pion,pion_like,meson,26.94238684371112,9.179689023102632,17.762697820608487,1
1065.0,rho,rho_like,meson,21.310816637175936,15.579070720064824,5.7317459171111125,1
1065.0,proton,nucleon_like,baryon,19.139405687493102,13.765834366393102,5.373571321100001,1
1066.0,pion,pion_like,meson,26.190007960849787,8.923341869738657,17.26666609111113,1
1066.0,rho,rho_like,meson,22.45617227302257,16.589505723689236,5.866666549333335,1
1066.0,proton,nucleon_like,baryon,21.69584567197056,14.625845813370558,7.069999858600002,1
1067.0,pion,pion_like,meson,25.460779197461108,8.674882321093571,16.785896876367538,1
1067.0,rho,rho_like,meson,25.51291483286775,18.043684213021596,7.469230619846155,1
1067.0,proton,nucleon_like,baryon,22.278983291118504,14.487829600787734,7.79115369033077,1
1068.0,pion,pion_like,meson,33.1455775956353,7.128911796190822,26.01666579944448,1
1068.0,rho,rho_like,meson,10.119752889549762,3.086419696883091,7.033333192666671,1
1068.0,proton,nucleon_like,baryon,11.921720358228022,5.1000538279946825,6.821666530233339,1
1069.0,pion,pion_like,meson,35.93668534260496,7.539067241573184,28.397618101031775,1
1069.0,rho,rho_like,meson,10.631216734351295,2.645502608351293,7.985714126000002,1
1069.0,proton,nucleon_like,baryon,2.4395652601534024,2.4395652601534024,nan,0
1070.0,pion,pion_like,meson,19.287173196330883,0.13325226616745978,19.153920930163423,1
1070.0,rho,rho_like,meson,10.656426800272854,5.446622982900305,5.20980381737255,1
1070.0,proton,nucleon_like,baryon,9.562573958959396,9.562573958959396,nan,0
1071.0,pion,pion_like,meson,40.96067928715036,8.277347043261438,32.68333224388893,1
1071.0,rho,rho_like,meson,13.712345415472647,4.012345609472644,9.699999806000005,1
1071.0,proton,nucleon_like,baryon,4.300288204293469,4.300288204293469,nan,0
1072.0,pion,pion_like,meson,35.93668534260496,7.539067241573188,28.397618101031775,1
1072.0,rho,rho_like,meson,10.631216734351304,2.645502608351299,7.985714126000004,1
1072.0,proton,nucleon_like,baryon,11.193141266562343,3.8952842696623406,7.297856996900003,1
1073.0,pion,pion_like,meson,21.542075091645934,0.5254091255348085,21.016665966111127,1
1073.0,rho,rho_like,meson,10.280246699554336,5.246913466887671,5.033333232666664,1
1073.0,proton,nucleon_like,baryon,9.126191824403485,9.126191824403485,nan,0
1074.0,pion,pion_like,meson,35.93668534260495,7.53906724157319,28.397618101031764,1
1074.0,rho,rho_like,meson,10.631216734351305,2.645502608351307,7.985714125999999,1
1074.0,proton,nucleon_like,baryon,11.193141266562336,3.8952842696623393,7.297856996899997,1
1075.0,pion,pion_like,meson,33.1455775956353,7.128911796190824,26.016665799444482,1
1075.0,rho,rho_like,meson,10.119752889549764,3.0864196968830924,7.033333192666672,1
1075.0,proton,nucleon_like,baryon,11.921720358228036,5.100053827994693,6.821666530233342,1
1076.0,pion,pion_like,meson,39.65816233856452,8.08594116874967,31.572221169814853,1
1076.0,rho,rho_like,meson,12.787791252826029,3.532235882381582,9.255555370444448,1
1076.0,proton,nucleon_like,baryon,3.666986925324473,3.666986925324473,nan,0
1077.0,pion,pion_like,meson,25.136677524843925,8.564455855029092,16.572221669814834,1
1077.0,rho,rho_like,meson,19.65884724507688,14.403291794632436,5.255555450444446,1
1077.0,proton,nucleon_like,baryon,16.913811337405768,11.302144782972434,5.611666554433334,1
1078.0,pion,pion_like,meson,25.136677524843925,8.56445585502909,16.572221669814834,1
1078.0,rho,rho_like,meson,19.65884724507688,14.403291794632436,5.255555450444446,1
1078.0,proton,nucleon_like,baryon,16.913811337405768,11.302144782972432,5.611666554433335,1
1079.0,pion,pion_like,meson,35.93668534260495,7.5390672415731865,28.397618101031764,1
1079.0,rho,rho_like,meson,10.631216734351295,2.645502608351298,7.985714125999998,1
1079.0,proton,nucleon_like,baryon,2.439565260153409,2.439565260153409,nan,0
1080.0,pion,pion_like,meson,40.96067928715036,8.277347043261436,32.68333224388893,1
1080.0,rho,rho_like,meson,13.712345415472646,4.012345609472643,9.699999806000003,1
1080.0,proton,nucleon_like,baryon,11.610093899277894,3.45509406237789,8.154999836900004,1
1081.0,pion,pion_like,meson,26.37588980249788,8.986674695863874,17.38921510663401,1
1081.0,rho,rho_like,meson,23.933114864105125,17.429193425556104,6.503921438549021,1
1081.0,proton,nucleon_like,baryon,21.654284086238015,14.768107753373307,6.886176332864707,1
1082.0,pion,pion_like,meson,25.73858063113299,8.769533577720273,16.96904705341272,1
1082.0,rho,rho_like,meson,19.964549768012553,14.550264162012553,5.414285606000001,1
1082.0,proton,nucleon_like,baryon,23.267369072664568,16.465226351564567,6.802142721100001,1
1083.0,pion,pion_like,meson,19.05533507854383,0.9334058580467358,18.121929220497094,1
1083.0,rho,rho_like,meson,7.633073279511498,3.248862840879918,4.384210438631579,1
1083.0,proton,nucleon_like,baryon,11.059869319892785,5.199079963424364,5.8607893564684215,1
1084.0,pion,pion_like,meson,26.19000796084979,8.923341869738657,17.266666091111134,1
1084.0,rho,rho_like,meson,22.456172273022574,16.58950572368924,5.866666549333336,1
1084.0,proton,nucleon_like,baryon,27.84780614293367,19.52780630933367,8.319999833600003,1
1085.0,pion,pion_like,meson,26.19000796084979,8.923341869738657,17.266666091111134,1
1085.0,rho,rho_like,meson,22.456172273022574,16.58950572368924,5.866666549333336,1
1085.0,proton,nucleon_like,baryon,20.38457121503572,13.93957134393572,6.444999871100002,1
1086.0,pion,pion_like,meson,25.73858063113299,8.769533577720273,16.96904705341272,1
1086.0,rho,rho_like,meson,17.75996429813645,12.345678692136445,5.414285606000003,1
1086.0,proton,nucleon_like,baryon,14.718743036330387,10.163743127430386,4.554999908900002,1
1087.0,pion,pion_like,meson,26.541118106185074,9.042970541308511,17.498147564876565,1
1087.0,rho,rho_like,meson,22.086830719608205,16.460904906200795,5.625925813407409,1
1087.0,proton,nucleon_like,baryon,20.724901196847892,14.002123553525669,6.722777643322222,1
1088.0,pion,pion_like,meson,19.287173196330883,0.13325226616745978,19.153920930163423,1
1088.0,rho,rho_like,meson,10.656426800272854,5.446622982900301,5.209803817372552,1
1088.0,proton,nucleon_like,baryon,13.41716561893344,7.401577503951084,6.015588114982356,1
1089.0,pion,pion_like,meson,35.93668534260496,7.539067241573188,28.397618101031775,1
1089.0,rho,rho_like,meson,10.631216734351304,2.645502608351299,7.985714126000004,1
1089.0,proton,nucleon_like,baryon,2.439565260153411,2.439565260153411,nan,0
1090.0,pion,pion_like,meson,20.07674352448687,0.31007751670906364,19.766666007777804,1
1090.0,rho,rho_like,meson,9.88209856474182,5.015431995408482,4.866666569333337,1
1090.0,proton,nucleon_like,baryon,12.619172687780857,6.824172803680852,5.794999884100004,1
1091.0,pion,pion_like,meson,25.460779197461118,8.674882321093573,16.785896876367545,1
1091.0,rho,rho_like,meson,21.087463855052462,15.669515245462716,5.4179486095897476,1
1091.0,proton,nucleon_like,baryon,18.841186621103382,12.58849443846492,6.252692182638464,1
1092.0,pion,pion_like,meson,38.030016152832204,7.846683825609958,30.18333232722225,1
1092.0,rho,rho_like,meson,11.632098549517758,2.9320987235177576,8.699999826,1
1092.0,proton,nucleon_like,baryon,11.14053409001701,3.485534243117012,7.654999846899998,1
1093.0,pion,pion_like,meson,25.979341873648618,8.851564666796744,17.127777206851874,1
1093.0,rho,rho_like,meson,21.11563732979567,15.637859661573447,5.477777668222223,1
1093.0,proton,nucleon_like,baryon,18.42241381074779,18.42241381074779,nan,0
1094.0,pion,pion_like,meson,20.07674352448687,0.31007751670906364,19.766666007777804,1
1094.0,rho,rho_like,meson,9.88209856474182,5.015431995408482,4.866666569333337,1
1094.0,proton,nucleon_like,baryon,12.619172687780857,6.824172803680852,5.794999884100004,1
1095.0,pion,pion_like,meson,20.258083569933873,3.2890365165211555,16.96904705341272,1
1095.0,rho,rho_like,meson,10.714285582010584,10.714285582010584,nan,0
1095.0,proton,nucleon_like,baryon,20.795551338554716,20.795551338554716,nan,0
1096.0,pion,pion_like,meson,14.070068471393338,1.3867355608377645,12.683332910555572,1
1096.0,rho,rho_like,meson,8.045678844992535,4.012345592325866,4.033333252666669,1
1096.0,proton,nucleon_like,baryon,25.82290503826161,17.277905209161606,8.544999829100004,1
1097.0,pion,pion_like,meson,20.07674352448686,0.3100775167090694,19.766666007777793,1
1097.0,rho,rho_like,meson,9.882098564741801,5.015431995408468,4.866666569333333,1
1097.0,proton,nucleon_like,baryon,12.619172687780843,6.824172803680841,5.794999884100001,1
1098.0,pion,pion_like,meson,25.979341873648618,8.851564666796744,17.127777206851874,1
1098.0,rho,rho_like,meson,21.11563732979568,15.637859661573454,5.477777668222224,1
1098.0,proton,nucleon_like,baryon,18.94556329433979,13.000563413239789,5.944999881100004,1
1099.0,pion,pion_like,meson,38.03001615283222,7.846683825609958,30.183332327222256,1
1099.0,rho,rho_like,meson,11.632098549517764,2.932098723517761,8.699999826000003,1
1099.0,proton,nucleon_like,baryon,11.140534090017015,3.4855342431170144,7.654999846900001,1
1100.0,pion,pion_like,meson,24.75364827538725,8.433951849680158,16.31969642570709,1
1100.0,rho,rho_like,meson,18.061391249651198,12.906845898196652,5.154545351454547,1
1100.0,proton,nucleon_like,baryon,15.099462267199648,10.245371455190556,4.854090812009093,1
1101.0,pion,pion_like,meson,21.542075091645945,0.5254091255348027,21.01666596611114,1
1101.0,rho,rho_like,meson,10.280246699554354,5.246913466887682,5.0333332326666715,1
1101.0,proton,nucleon_like,baryon,13.001676710905338,7.456676821805334,5.544999889100004,1
1102.0,pion,pion_like,meson,29.238026749877772,6.554694172655521,22.683332577222252,1
1102.0,rho,rho_like,meson,9.403703506827622,3.7037036208276186,5.699999886000004,1
1102.0,proton,nucleon_like,baryon,3.4153913300608583,3.4153913300608583,nan,0
1103.0,pion,pion_like,meson,41.866085364589395,8.986674695863872,32.87941066872553,1
1103.0,rho,rho_like,meson,13.754465976363115,3.9760347993827185,9.778431176980396,1
1103.0,proton,nucleon_like,baryon,11.807639586358185,4.0055809188699465,7.8020586674882395,1
1104.0,pion,pion_like,meson,12.496712292773562,4.257823678514295,8.238888614259269,1
1104.0,rho,rho_like,meson,19.999662772593382,11.784511421744895,8.215151350848489,1
1104.0,proton,nucleon_like,baryon,20.51806961843656,12.633675836730495,7.8843937817060645,1
1105.0,pion,pion_like,meson,38.03001615283222,7.846683825609958,30.183332327222264,1
1105.0,rho,rho_like,meson,11.632098549517767,2.932098723517761,8.699999826000006,1
1105.0,proton,nucleon_like,baryon,2.875360326613234,2.875360326613234,nan,0
1106.0,pion,pion_like,meson,23.79198272254785,0.15626922469068055,23.635713497857168,1
1106.0,rho,rho_like,meson,5.776014038038628,5.776014038038628,nan,0
1106.0,proton,nucleon_like,baryon,12.811519561788886,12.811519561788886,nan,0
1107.0,pion,pion_like,meson,18.290029690805817,6.231696759416911,12.058332931388904,1
1107.0,rho,rho_like,meson,24.40833270256266,15.62499954489599,8.78333315766667,1
1107.0,proton,nucleon_like,baryon,22.177491269354043,13.85749143575404,8.319999833600004,1
1108.0,pion,pion_like,meson,16.829184070080245,0.8125179373024624,16.016666132777782,1
1108.0,rho,rho_like,meson,6.9469134592555895,2.4691357710333683,4.477777688222221,1
1108.0,proton,nucleon_like,baryon,5.7071041949303165,5.7071041949303165,nan,0
1109.0,pion,pion_like,meson,25.460779197461118,8.674882321093573,16.785896876367545,1
1109.0,rho,rho_like,meson,18.63637181210896,13.295346277903827,5.341025534205131,1
1109.0,proton,nucleon_like,baryon,15.403389951088256,10.689159276142101,4.714230674946155,1
1110.0,pion,pion_like,meson,25.73858063113299,8.769533577720273,16.96904705341272,1
1110.0,rho,rho_like,meson,27.088006367764777,18.959435101764775,8.128571266000003,1
1110.0,proton,nucleon_like,baryon,29.651848602692674,19.992563081592667,9.659285521100006,1
1111.0,pion,pion_like,meson,25.460779197461115,8.674882321093573,16.78589687636754,1
1111.0,rho,rho_like,meson,18.636371812108955,13.295346277903825,5.34102553420513,1
1111.0,proton,nucleon_like,baryon,15.403389951088254,10.6891592761421,4.7142306749461556,1
1112.0,pion,pion_like,meson,35.93668534260497,7.5390672415731865,28.397618101031778,1
1112.0,rho,rho_like,meson,10.631216734351298,2.6455026083512942,7.985714126000005,1
1112.0,proton,nucleon_like,baryon,11.19314126656234,3.8952842696623367,7.297856996900004,1
1113.0,pion,pion_like,meson,26.688953956852565,9.093340508285293,17.59561344856727,1
1113.0,rho,rho_like,meson,23.39265698005476,17.218972893002125,6.173684087052634,1
1113.0,proton,nucleon_like,baryon,24.082469950628,16.453259576896418,7.629210373731582,1
1114.0,pion,pion_like,meson,14.182040990382944,4.832041302049601,9.349999688333343,1
1114.0,rho,rho_like,meson,17.17736580392766,10.699588155705438,6.477777648222222,1
1114.0,proton,nucleon_like,baryon,13.271974094697601,13.271974094697601,nan,0
1115.0,pion,pion_like,meson,38.03001615283222,7.846683825609958,30.183332327222264,1
1115.0,rho,rho_like,meson,11.632098549517767,2.932098723517761,8.699999826000006,1
1115.0,proton,nucleon_like,baryon,2.875360326613234,2.875360326613234,nan,0
1116.0,pion,pion_like,meson,26.68895395685257,9.093340508285294,17.595613448567274,1
1116.0,rho,rho_like,meson,23.392656980054756,17.218972893002125,6.173684087052632,1
1116.0,proton,nucleon_like,baryon,21.492170804959326,14.389276210175113,7.102894594784213,1
1117.0,pion,pion_like,meson,20.099860069640393,2.906723387842987,17.193136681797405,1
1117.0,rho,rho_like,meson,5.700726095510121,2.1968045969611008,3.5039214985490204,1
1117.0,proton,nucleon_like,baryon,4.754803996120105,4.754803996120105,nan,0
1118.0,pion,pion_like,meson,27.81788227104067,9.477983892471624,18.339898378569046,1
1118.0,rho,rho_like,meson,21.488252371157994,15.525626227784256,5.962626143373737,1
1118.0,proton,nucleon_like,baryon,19.31562604490523,14.46153523289614,4.85409081200909,1
1119.0,pion,pion_like,meson,19.287173196330883,0.13325226616745978,19.153920930163423,1
1119.0,rho,rho_like,meson,10.656426800272854,5.446622982900301,5.209803817372552,1
1119.0,proton,nucleon_like,baryon,13.41716561893344,7.401577503951084,6.015588114982356,1
1120.0,pion,pion_like,meson,35.93668534260496,7.539067241573188,28.397618101031775,1
1120.0,rho,rho_like,meson,10.631216734351304,2.645502608351299,7.985714126000004,1
1120.0,proton,nucleon_like,baryon,2.439565260153411,2.439565260153411,nan,0
1121.0,pion,pion_like,meson,18.574805590694105,0.3359173097681553,18.23888828092595,1
1121.0,rho,rho_like,meson,10.716460692913081,5.349794133579744,5.3666665593333365,1
1121.0,proton,nucleon_like,baryon,9.506911868744304,9.506911868744304,nan,0
1122.0,pion,pion_like,meson,26.688953956852565,9.093340508285293,17.59561344856727,1
1122.0,rho,rho_like,meson,29.448537265486216,20.467835690714285,8.980701574771933,1
1122.0,proton,nucleon_like,baryon,24.29059925417004,24.29059925417004,nan,0
1123.0,pion,pion_like,meson,33.1455775956353,7.128911796190824,26.016665799444475,1
1123.0,rho,rho_like,meson,10.119752889549765,3.086419696883096,7.03333319266667,1
1123.0,proton,nucleon_like,baryon,2.846159455948176,2.846159455948176,nan,0
1124.0,pion,pion_like,meson,25.738580631132987,8.76953357772027,16.969047053412716,1
1124.0,rho,rho_like,meson,17.759964298136442,12.34567869213644,5.414285606000001,1
1124.0,proton,nucleon_like,baryon,14.718743036330375,10.163743127430372,4.554999908900003,1
1125.0,pion,pion_like,meson,22.64149675710763,1.3867355608377645,21.254761196269868,1
1125.0,rho,rho_like,meson,9.096825208928351,3.9682538829283507,5.128571326,1
1125.0,proton,nucleon_like,baryon,7.334537088051444,7.334537088051444,nan,0
1126.0,pion,pion_like,meson,25.460779197461115,8.674882321093573,16.78589687636754,1
1126.0,rho,rho_like,meson,21.08746385505246,15.669515245462712,5.417948609589746,1
1126.0,proton,nucleon_like,baryon,18.841186621103382,12.588494438464918,6.252692182638463,1
1127.0,pion,pion_like,meson,39.65816233856451,8.085941168749669,31.57222116981484,1
1127.0,rho,rho_like,meson,12.78779125282602,3.532235882381577,9.255555370444442,1
1127.0,proton,nucleon_like,baryon,3.6669869253244665,3.6669869253244665,nan,0
1128.0,pion,pion_like,meson,35.93668534260497,7.539067241573184,28.39761810103178,1
1128.0,rho,rho_like,meson,10.631216734351295,2.64550260835129,7.985714126000006,1
1128.0,proton,nucleon_like,baryon,2.4395652601533984,2.4395652601533984,nan,0
1129.0,pion,pion_like,meson,25.979341873648615,8.851564666796744,17.12777720685187,1
1129.0,rho,rho_like,meson,19.05802422457797,13.580246556355746,5.477777668222224,1
1129.0,proton,nucleon_like,baryon,15.966139513659996,11.354472939226662,4.611666574433335,1
1130.0,pion,pion_like,meson,26.822006222453307,9.138673478564396,17.68333274388891,1
1130.0,rho,rho_like,meson,24.601233947123315,17.901234081123317,6.699999866,1
1130.0,proton,nucleon_like,baryon,22.46702714161368,15.522027280513678,6.944999861100003,1
1131.0,pion,pion_like,meson,26.541118106185074,9.042970541308511,17.49814756487656,1
1131.0,rho,rho_like,meson,20.372153131926787,14.746227318519377,5.625925813407409,1
1131.0,proton,nucleon_like,baryon,17.817211448395994,12.761100438407103,5.056111009988889,1
1132.0,pion,pion_like,meson,26.68895395685257,9.093340508285294,17.595613448567274,1
1132.0,rho,rho_like,meson,23.392656980054756,17.218972893002125,6.173684087052632,1
1132.0,proton,nucleon_like,baryon,21.440571200357855,14.86399238452101,6.576578815836844,1
1133.0,pion,pion_like,meson,25.979341873648618,8.851564666796744,17.127777206851874,1
1133.0,rho,rho_like,meson,21.115637329795675,15.63785966157345,5.477777668222224,1
1133.0,proton,nucleon_like,baryon,18.42241381074779,18.42241381074779,nan,0
1134.0,pion,pion_like,meson,38.03001615283222,7.846683825609958,30.183332327222256,1
1134.0,rho,rho_like,meson,11.632098549517762,2.9320987235177576,8.699999826000004,1
1134.0,proton,nucleon_like,baryon,11.14053409001702,3.485534243117017,7.654999846900004,1
1135.0,pion,pion_like,meson,27.84021692923355,2.6172018969848483,25.2230150322487,1
1135.0,rho,rho_like,meson,10.537154383495231,3.8212815019396746,6.7158728815555575,1
1135.0,proton,nucleon_like,baryon,11.386115618831063,5.99302048859773,5.393095130233333,1
1136.0,pion,pion_like,meson,25.13667752484393,8.564455855029092,16.572221669814837,1
1136.0,rho,rho_like,meson,23.67530804215457,16.975308176154567,6.699999866000002,1
1136.0,proton,nucleon_like,baryon,19.94159760331397,19.94159760331397,nan,0
1137.0,pion,pion_like,meson,26.822006222453307,9.138673478564396,17.68333274388891,1
1137.0,rho,rho_like,meson,22.058024138210037,16.358024252210036,5.6999998860000005,1
1137.0,proton,nucleon_like,baryon,19.37236572920128,19.37236572920128,nan,0
1138.0,pion,pion_like,meson,20.07674352448687,0.31007751670906364,19.766666007777804,1
1138.0,rho,rho_like,meson,9.88209856474182,5.015431995408482,4.866666569333337,1
1138.0,proton,nucleon_like,baryon,12.619172687780857,6.824172803680852,5.794999884100004,1
1139.0,pion,pion_like,meson,26.25291539484202,2.6172018969848505,23.635713497857168,1
1139.0,rho,rho_like,meson,9.16737193798097,3.086419678647636,6.080952259333334,1
1139.0,proton,nucleon_like,baryon,5.90881712791468,5.90881712791468,nan,0
1140.0,pion,pion_like,meson,19.030078119373236,0.15626922469068247,18.873808894682554,1
1140.0,rho,rho_like,meson,9.835802273209044,4.850088087209045,4.985714186,1
1140.0,proton,nucleon_like,baryon,12.345955528406222,6.372384219306222,5.973571309099999,1
1141.0,pion,pion_like,meson,26.19000796084979,8.923341869738657,17.266666091111134,1
1141.0,rho,rho_like,meson,18.264814374072714,12.731481151406046,5.533333222666669,1
1141.0,proton,nucleon_like,baryon,15.40815161406114,10.853151705161139,4.554999908900002,1
1142.0,pion,pion_like,meson,26.68895395685257,9.093340508285294,17.595613448567274,1
1142.0,rho,rho_like,meson,23.392656980054756,17.218972893002125,6.173684087052632,1
1142.0,proton,nucleon_like,baryon,21.440571200357844,14.863992384521,6.576578815836845,1
1143.0,pion,pion_like,meson,25.73858063113299,8.769533577720273,16.96904705341272,1
1143.0,rho,rho_like,meson,22.978659031222005,16.754849631888668,6.223809399333337,1
1143.0,proton,nucleon_like,baryon,20.49322257855849,13.69107985745849,6.802142721100001,1
1144.0,pion,pion_like,meson,26.541118106185074,9.042970541308511,17.498147564876565,1
1144.0,rho,rho_like,meson,20.372153131926787,14.746227318519377,5.6259258134074095,1
1144.0,proton,nucleon_like,baryon,17.817211448395977,12.761100438407084,5.056111009988893,1
1145.0,pion,pion_like,meson,19.93139474002963,2.2480619961407244,17.683332743888908,1
1145.0,rho,rho_like,meson,5.551851746416098,1.8518518204160963,3.6999999260000016,1
1145.0,proton,nucleon_like,baryon,23.423001211354634,15.37800137225463,8.044999839100004,1
1146.0,pion,pion_like,meson,9.499557328402751,2.169759592931365,7.329797735471386,1
1146.0,rho,rho_like,meson,10.805873288918033,6.631125897665505,4.174747391252527,1
1146.0,proton,nucleon_like,baryon,13.863141762084918,9.009050950075826,4.854090812009093,1
1147.0,pion,pion_like,meson,26.541118106185074,9.042970541308511,17.498147564876565,1
1147.0,rho,rho_like,meson,20.372153131926787,14.746227318519377,5.6259258134074095,1
1147.0,proton,nucleon_like,baryon,17.817211448395984,12.761100438407093,5.056111009988891,1
1148.0,pion,pion_like,meson,35.93668534260497,7.5390672415731865,28.397618101031778,1
1148.0,rho,rho_like,meson,10.631216734351298,2.6455026083512942,7.985714126000005,1
1148.0,proton,nucleon_like,baryon,11.19314126656234,3.8952842696623367,7.297856996900004,1
1149.0,pion,pion_like,meson,26.541118106185074,9.042970541308511,17.498147564876565,1
1149.0,rho,rho_like,meson,20.372153131926787,14.746227318519377,5.625925813407409,1
1149.0,proton,nucleon_like,baryon,17.817211448395984,12.761100438407093,5.056111009988891,1
1150.0,pion,pion_like,meson,26.94238684371112,9.179689023102632,17.762697820608487,1
1150.0,rho,rho_like,meson,22.955143454871124,17.0487943666489,5.906349088222226,1
1150.0,proton,nucleon_like,baryon,20.213540492128832,20.213540492128832,nan,0
1151.0,pion,pion_like,meson,17.608622064739876,1.0122458063582154,16.59637625838166,1
1151.0,rho,rho_like,meson,6.7386472241016335,2.4154589047683,4.323188319333334,1
1151.0,proton,nucleon_like,baryon,22.26958124737258,14.028929238272582,8.2406520091,1
1152.0,pion,pion_like,meson,24.219806438720408,2.049294357224656,22.17051208149575,1
1152.0,rho,rho_like,meson,8.818708267914937,3.3238365829405745,5.494871684974362,1
1152.0,proton,nucleon_like,baryon,9.488585034797634,4.558969748774551,4.929615286023082,1
1153.0,pion,pion_like,meson,23.236734832504453,1.3867355608377645,21.84999927166669,1
1153.0,rho,rho_like,meson,9.610493625996195,4.24382706666286,5.366666559333336,1
1153.0,proton,nucleon_like,baryon,11.162502723534411,5.992502826934408,5.169999896600003,1
1154.0,pion,pion_like,meson,13.8967265571887,2.4633936049664618,11.433332952222239,1
1154.0,rho,rho_like,meson,7.983950428493527,4.783950492493524,3.1999999360000033,1
1154.0,proton,nucleon_like,baryon,11.668205566712103,7.4357056513621,4.232499915350004,1
1155.0,pion,pion_like,meson,26.822006222453307,9.138673478564396,17.68333274388891,1
1155.0,rho,rho_like,meson,22.05802413821004,16.35802425221004,5.6999998860000005,1
1155.0,proton,nucleon_like,baryon,20.232459306103856,14.287459425003853,5.944999881100003,1
1156.0,pion,pion_like,meson,26.822006222453304,9.138673478564396,17.683332743888908,1
1156.0,rho,rho_like,meson,22.058024138210044,16.358024252210043,5.699999886000001,1
1156.0,proton,nucleon_like,baryon,19.372365729201288,19.372365729201288,nan,0
1157.0,pion,pion_like,meson,26.688953956852565,9.093340508285294,17.59561344856727,1
1157.0,rho,rho_like,meson,23.39265698005476,17.218972893002125,6.173684087052635,1
1157.0,proton,nucleon_like,baryon,24.08246995062799,16.45325957689641,7.6292103737315795,1
1158.0,pion,pion_like,meson,24.219806438720408,2.049294357224656,22.17051208149575,1
1158.0,rho,rho_like,meson,8.818708267914937,3.3238365829405745,5.494871684974362,1
1158.0,proton,nucleon_like,baryon,6.363341528937722,6.363341528937722,nan,0
1159.0,pion,pion_like,meson,40.96067928715036,8.277347043261434,32.68333224388893,1
1159.0,rho,rho_like,meson,13.71234541547265,4.012345609472645,9.699999806000005,1
1159.0,proton,nucleon_like,baryon,4.300288204293469,4.300288204293469,nan,0
1160.0,pion,pion_like,meson,26.375889802497888,8.986674695863874,17.389215106634012,1
1160.0,rho,rho_like,meson,27.317283258905064,19.2447344007482,8.072548858156866,1
1160.0,proton,nucleon_like,baryon,22.79101848987479,22.79101848987479,nan,0
1161.0,pion,pion_like,meson,25.460779197461108,8.674882321093571,16.785896876367538,1
1161.0,rho,rho_like,meson,25.51291483286775,18.043684213021596,7.469230619846155,1
1161.0,proton,nucleon_like,baryon,21.256631306957484,21.256631306957484,nan,0
1162.0,pion,pion_like,meson,35.93668534260496,7.539067241573188,28.397618101031775,1
1162.0,rho,rho_like,meson,10.631216734351298,2.6455026083512956,7.985714126000002,1
1162.0,proton,nucleon_like,baryon,2.439565260153407,2.439565260153407,nan,0
1163.0,pion,pion_like,meson,26.822006222453307,9.138673478564396,17.68333274388891,1
1163.0,rho,rho_like,meson,22.05802413821004,16.35802425221004,5.699999886000001,1
1163.0,proton,nucleon_like,baryon,24.869713993520264,17.42471414242026,7.444999851100003,1
1164.0,pion,pion_like,meson,35.93668534260497,7.539067241573188,28.39761810103178,1
1164.0,rho,rho_like,meson,10.631216734351302,2.6455026083512956,7.985714126000006,1
1164.0,proton,nucleon_like,baryon,11.193141266562353,3.8952842696623464,7.297856996900007,1
1165.0,pion,pion_like,meson,33.14557759563529,7.128911796190828,26.01666579944446,1
1165.0,rho,rho_like,meson,10.119752889549769,3.0864196968831052,7.033333192666663,1
1165.0,proton,nucleon_like,baryon,11.921720358228022,5.100053827994691,6.82166653023333,1
1166.0,pion,pion_like,meson,38.03001615283221,7.8466838256099605,30.183332327222253,1
1166.0,rho,rho_like,meson,11.632098549517757,2.9320987235177554,8.699999826,1
1166.0,proton,nucleon_like,baryon,2.8753603266132277,2.8753603266132277,nan,0
1167.0,pion,pion_like,meson,26.37588980249788,8.986674695863874,17.389215106634005,1
1167.0,rho,rho_like,meson,21.196005279893424,15.613652450364013,5.582352829529412,1
1167.0,proton,nucleon_like,baryon,22.762404797647186,15.876228464782477,6.886176332864708,1
1168.0,pion,pion_like,meson,35.93668534260496,7.5390672415731865,28.39761810103177,1
1168.0,rho,rho_like,meson,10.631216734351295,2.6455026083512942,7.985714126,1
1168.0,proton,nucleon_like,baryon,2.4395652601534046,2.4395652601534046,nan,0
1169.0,pion,pion_like,meson,26.541118106185074,9.042970541308511,17.498147564876565,1
1169.0,rho,rho_like,meson,22.086830719608205,16.460904906200795,5.625925813407409,1
1169.0,proton,nucleon_like,baryon,20.300064598962464,14.132842500084687,6.1672220988777795,1
1170.0,pion,pion_like,meson,20.076743524486865,0.3100775167090694,19.766666007777797,1
1170.0,rho,rho_like,meson,9.882098564741806,5.015431995408472,4.866666569333334,1
1170.0,proton,nucleon_like,baryon,13.930447144715682,7.51044727311568,6.419999871600001,1
1171.0,pion,pion_like,meson,29.238026749877765,6.554694172655521,22.683332577222245,1
1171.0,rho,rho_like,meson,9.403703506827624,3.703703620827622,5.699999886000001,1
1171.0,proton,nucleon_like,baryon,12.94173108655997,6.786731209659969,6.154999876900002,1
1172.0,pion,pion_like,meson,17.93325647861028,6.110138593144314,11.823117885465965,1
1172.0,rho,rho_like,meson,23.661369360018682,15.133412541330506,8.527956818688176,1
1172.0,proton,nucleon_like,baryon,20.57761650176998,11.793907000024817,8.783709501745165,1
1173.0,pion,pion_like,meson,38.03001615283221,7.8466838256099605,30.183332327222253,1
1173.0,rho,rho_like,meson,11.632098549517757,2.9320987235177554,8.699999826,1
1173.0,proton,nucleon_like,baryon,11.140534090017008,3.4855342431170064,7.654999846900001,1
1174.0,pion,pion_like,meson,21.273628366376567,0.8125179373024566,20.46111042907411,1
1174.0,rho,rho_like,meson,9.337859891139988,4.526748876251092,4.811111014888896,1
1174.0,proton,nucleon_like,baryon,11.714780699141258,6.169780810041253,5.544999889100006,1
1175.0,pion,pion_like,meson,35.93668534260497,7.5390672415731865,28.397618101031778,1
1175.0,rho,rho_like,meson,10.631216734351298,2.6455026083512942,7.985714126000005,1
1175.0,proton,nucleon_like,baryon,2.4395652601534046,2.4395652601534046,nan,0
1176.0,pion,pion_like,meson,33.145577595635295,7.128911796190827,26.01666579944447,1
1176.0,rho,rho_like,meson,10.119752889549769,3.086419696883101,7.033333192666668,1
1176.0,proton,nucleon_like,baryon,2.846159455948183,2.846159455948183,nan,0
1177.0,pion,pion_like,meson,33.14557759563529,7.128911796190827,26.016665799444464,1
1177.0,rho,rho_like,meson,10.119752889549765,3.086419696883101,7.033333192666664,1
1177.0,proton,nucleon_like,baryon,2.846159455948183,2.846159455948183,nan,0
1178.0,pion,pion_like,meson,26.37588980249788,8.986674695863874,17.389215106634005,1
1178.0,rho,rho_like,meson,21.196005279893434,15.61365245036402,5.5823528295294125,1
1178.0,proton,nucleon_like,baryon,18.43372017631068,18.43372017631068,nan,0
1179.0,pion,pion_like,meson,18.5748055906941,0.3359173097681553,18.238888280925945,1
1179.0,rho,rho_like,meson,10.716460692913083,5.349794133579747,5.366666559333336,1
1179.0,proton,nucleon_like,baryon,9.506911868744309,9.506911868744309,nan,0
1180.0,pion,pion_like,meson,35.93668534260496,7.5390672415731865,28.39761810103177,1
1180.0,rho,rho_like,meson,10.631216734351298,2.645502608351298,7.985714126000001,1
1180.0,proton,nucleon_like,baryon,2.439565260153409,2.439565260153409,nan,0
1181.0,pion,pion_like,meson,42.02637497235696,8.433951849680156,33.592423122676806,1
1181.0,rho,rho_like,meson,14.468798821274424,4.405162658910784,10.06363616236364,1
1181.0,proton,nucleon_like,baryon,4.818443796177192,4.818443796177192,nan,0
1182.0,pion,pion_like,meson,13.040366711357233,4.443055169977296,8.597311541379938,1
1182.0,rho,rho_like,meson,18.18944595632234,10.951811692472878,7.237634263849462,1
1182.0,proton,nucleon_like,baryon,18.812371967635894,11.641565659439117,7.170806308196778,1
1183.0,pion,pion_like,meson,26.19000796084979,8.923341869738657,17.266666091111134,1
1183.0,rho,rho_like,meson,22.456172273022574,16.58950572368924,5.866666549333335,1
1183.0,proton,nucleon_like,baryon,19.585827681993543,19.585827681993543,nan,0
1184.0,pion,pion_like,meson,26.375889802497888,8.986674695863874,17.389215106634012,1
1184.0,rho,rho_like,meson,23.933114864105136,17.42919342555611,6.503921438549024,1
1184.0,proton,nucleon_like,baryon,21.65428408623802,14.768107753373313,6.88617633286471,1
1185.0,pion,pion_like,meson,33.145577595635295,7.128911796190828,26.016665799444468,1
1185.0,rho,rho_like,meson,10.119752889549765,3.0864196968831017,7.033333192666665,1
1185.0,proton,nucleon_like,baryon,11.92172035822802,5.100053827994688,6.821666530233332,1
1186.0,pion,pion_like,meson,26.190007960849783,8.923341869738655,17.266666091111126,1
1186.0,rho,rho_like,meson,18.264814374072706,12.73148115140604,5.533333222666667,1
1186.0,proton,nucleon_like,baryon,14.956198223831663,14.956198223831663,nan,0
1187.0,pion,pion_like,meson,26.19000796084979,8.923341869738659,17.266666091111134,1
1187.0,rho,rho_like,meson,22.456172273022574,16.58950572368924,5.866666549333336,1
1187.0,proton,nucleon_like,baryon,20.384571215035724,13.93957134393572,6.444999871100003,1
1188.0,pion,pion_like,meson,33.145577595635295,7.128911796190827,26.01666579944447,1
1188.0,rho,rho_like,meson,10.119752889549769,3.086419696883101,7.033333192666668,1
1188.0,proton,nucleon_like,baryon,11.92172035822803,5.100053827994691,6.821666530233337,1
1189.0,pion,pion_like,meson,38.03001615283222,7.846683825609958,30.183332327222256,1
1189.0,rho,rho_like,meson,11.632098549517762,2.9320987235177576,8.699999826000004,1
1189.0,proton,nucleon_like,baryon,11.14053409001702,3.485534243117017,7.654999846900004,1
1190.0,pion,pion_like,meson,26.37588980249788,8.986674695863874,17.38921510663401,1
1190.0,rho,rho_like,meson,23.933114864105125,17.429193425556104,6.503921438549021,1
1190.0,proton,nucleon_like,baryon,20.61236933309273,20.61236933309273,nan,0
1191.0,pion,pion_like,meson,38.03001615283222,7.846683825609958,30.183332327222256,1
1191.0,rho,rho_like,meson,11.632098549517762,2.9320987235177576,8.699999826000004,1
1191.0,proton,nucleon_like,baryon,11.14053409001702,3.485534243117017,7.654999846900004,1
1192.0,pion,pion_like,meson,18.39220440838326,1.0422049867165806,17.34999942166668,1
1192.0,rho,rho_like,meson,7.016049254611188,2.716049340611186,4.299999914000002,1
1192.0,proton,nucleon_like,baryon,19.148589519186057,11.603589670086054,7.5449998491000025,1
1193.0,pion,pion_like,meson,22.258001435294222,1.7968910062201264,20.461110429074097,1
1193.0,rho,rho_like,meson,7.750558339764965,2.939447324876074,4.811111014888891,1
1193.0,proton,nucleon_like,baryon,5.977462918832165,5.977462918832165,nan,0
1194.0,pion,pion_like,meson,26.94238684371112,9.179689023102634,17.762697820608487,1
1194.0,rho,rho_like,meson,25.694708345899645,18.518518013232974,7.176190332666671,1
1194.0,proton,nucleon_like,baryon,23.39572537417851,16.117392186411845,7.278333187766668,1
1195.0,pion,pion_like,meson,29.238026749877765,6.554694172655521,22.683332577222245,1
1195.0,rho,rho_like,meson,9.403703506827624,3.703703620827622,5.699999886000001,1
1195.0,proton,nucleon_like,baryon,12.94173108655997,6.786731209659969,6.154999876900002,1
1196.0,pion,pion_like,meson,39.65816233856452,8.08594116874967,31.572221169814853,1
1196.0,rho,rho_like,meson,12.787791252826029,3.532235882381582,9.255555370444448,1
1196.0,proton,nucleon_like,baryon,11.401400650717505,3.4686230315952797,7.932777619122226,1
1197.0,pion,pion_like,meson,27.719036013116366,9.44430543947835,18.274730573638013,1
1197.0,rho,rho_like,meson,36.46105044843066,24.492233483505927,11.968816964924736,1
1197.0,proton,nucleon_like,baryon,29.224703704431867,29.224703704431867,nan,0
1198.0,pion,pion_like,meson,25.460779197461108,8.674882321093571,16.785896876367538,1
1198.0,rho,rho_like,meson,18.636371812108955,13.295346277903825,5.341025534205129,1
1198.0,proton,nucleon_like,baryon,18.555727653741087,13.072266224948777,5.48346142879231,1
1199.0,pion,pion_like,meson,35.93668534260496,7.5390672415731865,28.39761810103177,1
1199.0,rho,rho_like,meson,10.631216734351298,2.645502608351298,7.985714126000001,1
1199.0,proton,nucleon_like,baryon,2.439565260153409,2.439565260153409,nan,0
1200.0,pion,pion_like,meson,12.992397203835143,4.426711214848208,8.565685988986935,1
1200.0,rho,rho_like,meson,17.426215952759108,10.530137659308126,6.896078293450981,1
1200.0,proton,nucleon_like,baryon,13.886866299861452,13.886866299861452,nan,0
1201.0,pion,pion_like,meson,38.03001615283222,7.8466838256099605,30.18333232722226,1
1201.0,rho,rho_like,meson,11.632098549517764,2.932098723517759,8.699999826000004,1
1201.0,proton,nucleon_like,baryon,2.875360326613232,2.875360326613232,nan,0
1202.0,pion,pion_like,meson,38.03001615283222,7.846683825609958,30.183332327222264,1
1202.0,rho,rho_like,meson,11.632098549517767,2.932098723517761,8.699999826000006,1
1202.0,proton,nucleon_like,baryon,2.875360326613234,2.875360326613234,nan,0
1203.0,pion,pion_like,meson,39.65816233856452,8.085941168749667,31.572221169814853,1
1203.0,rho,rho_like,meson,12.78779125282603,3.532235882381583,9.255555370444448,1
1203.0,proton,nucleon_like,baryon,3.6669869253244727,3.6669869253244727,nan,0
1204.0,pion,pion_like,meson,17.125750603270898,1.8933981698395044,15.232352433431393,1
1204.0,rho,rho_like,meson,6.564197398251094,2.9230210004863864,3.6411763977647085,1
1204.0,proton,nucleon_like,baryon,9.818263292409778,4.979145742133305,4.839117550276474,1
1205.0,pion,pion_like,meson,25.73858063113299,8.769533577720273,16.96904705341272,1
1205.0,rho,rho_like,meson,27.088006367764777,18.959435101764775,8.128571266000003,1
1205.0,proton,nucleon_like,baryon,23.685462343572528,15.454748222472524,8.230714121100004,1
1206.0,pion,pion_like,meson,38.03001615283222,7.846683825609958,30.183332327222256,1
1206.0,rho,rho_like,meson,11.632098549517762,2.9320987235177576,8.699999826000004,1
1206.0,proton,nucleon_like,baryon,11.14053409001702,3.485534243117017,7.654999846900004,1
1207.0,pion,pion_like,meson,27.81788227104067,9.477983892471624,18.339898378569046,1
1207.0,rho,rho_like,meson,33.647249427909244,23.00785570130318,10.639393726606066,1
1207.0,proton,nucleon_like,baryon,30.149894338286234,20.44731877476199,9.702575563524245,1
1208.0,pion,pion_like,meson,24.753648275387242,8.433951849680156,16.319696425707086,1
1208.0,rho,rho_like,meson,18.061391249651194,12.90684589819665,5.154545351454545,1
1208.0,proton,nucleon_like,baryon,15.099462267199648,10.245371455190554,4.854090812009094,1
1209.0,pion,pion_like,meson,33.14557759563529,7.128911796190824,26.016665799444468,1
1209.0,rho,rho_like,meson,10.119752889549765,3.086419696883099,7.0333331926666665,1
1209.0,proton,nucleon_like,baryon,2.8461594559481806,2.8461594559481806,nan,0
1210.0,pion,pion_like,meson,26.19000796084979,8.923341869738657,17.266666091111134,1
1210.0,rho,rho_like,meson,22.456172273022577,16.58950572368924,5.866666549333337,1
1210.0,proton,nucleon_like,baryon,24.771825907452115,17.07682606135211,7.6949998461000035,1
1211.0,pion,pion_like,meson,13.204182106538862,1.8933981698395062,11.310783936699357,1
1211.0,rho,rho_like,meson,8.379738373443187,4.738561975678479,3.6411763977647076,1
1211.0,proton,nucleon_like,baryon,8.107575473014785,8.107575473014785,nan,0
1212.0,pion,pion_like,meson,33.14557759563529,7.128911796190827,26.016665799444464,1
1212.0,rho,rho_like,meson,10.119752889549769,3.086419696883104,7.033333192666665,1
1212.0,proton,nucleon_like,baryon,2.846159455948187,2.846159455948187,nan,0
1213.0,pion,pion_like,meson,25.13667752484393,8.564455855029092,16.572221669814837,1
1213.0,rho,rho_like,meson,19.658847245076885,14.403291794632437,5.255555450444447,1
1213.0,proton,nucleon_like,baryon,16.91381133740576,11.302144782972425,5.611666554433336,1
1214.0,pion,pion_like,meson,39.658162338564516,8.085941168749669,31.572221169814846,1
1214.0,rho,rho_like,meson,12.787791252826027,3.5322358823815807,9.255555370444446,1
1214.0,proton,nucleon_like,baryon,11.401400650717504,3.468623031595278,7.932777619122225,1
1215.0,pion,pion_like,meson,38.03001615283221,7.8466838256099605,30.183332327222253,1
1215.0,rho,rho_like,meson,11.63209854951776,2.932098723517759,8.699999826,1
1215.0,proton,nucleon_like,baryon,11.140534090017013,3.4855342431170135,7.6549998469,1
1216.0,pion,pion_like,meson,26.190007960849787,8.923341869738657,17.26666609111113,1
1216.0,rho,rho_like,meson,22.456172273022574,16.58950572368924,5.866666549333334,1
1216.0,proton,nucleon_like,baryon,19.585827681993543,19.585827681993543,nan,0
1217.0,pion,pion_like,meson,26.94238684371112,9.179689023102632,17.762697820608487,1
1217.0,rho,rho_like,meson,22.955143454871124,17.0487943666489,5.906349088222224,1
1217.0,proton,nucleon_like,baryon,21.267565530835803,14.94161327640247,6.325952254433336,1
1218.0,pion,pion_like,meson,26.822006222453304,9.138673478564396,17.683332743888908,1
1218.0,rho,rho_like,meson,22.058024138210044,16.358024252210043,5.6999998860000005,1
1218.0,proton,nucleon_like,baryon,37.17363493544645,27.22863513434645,9.9449998011,1
1219.0,pion,pion_like,meson,17.931850838428023,3.6798905291796413,14.251960309248382,1
1219.0,rho,rho_like,meson,16.851052684521125,8.89615088283485,7.954901801686277,1
1219.0,proton,nucleon_like,baryon,14.76132665774459,14.76132665774459,nan,0
1220.0,pion,pion_like,meson,38.030016152832204,7.846683825609958,30.18333232722225,1
1220.0,rho,rho_like,meson,11.632098549517755,2.932098723517754,8.699999826,1
1220.0,proton,nucleon_like,baryon,2.875360326613226,2.875360326613226,nan,0
1221.0,pion,pion_like,meson,25.979341873648615,8.851564666796744,17.12777720685187,1
1221.0,rho,rho_like,meson,21.11563732979567,15.63785966157345,5.477777668222221,1
1221.0,proton,nucleon_like,baryon,18.945563294339788,13.000563413239787,5.944999881100001,1
1222.0,pion,pion_like,meson,26.541118106185074,9.042970541308511,17.49814756487656,1
1222.0,rho,rho_like,meson,25.245952722845182,18.175582493882217,7.0703702289629655,1
1222.0,proton,nucleon_like,baryon,22.782917749528956,15.504584561762286,7.278333187766668,1
1223.0,pion,pion_like,meson,25.738580631132997,8.769533577720273,16.969047053412723,1
1223.0,rho,rho_like,meson,19.964549768012557,14.550264162012555,5.414285606000003,1
1223.0,proton,nucleon_like,baryon,26.78277505607208,19.266346634972074,7.516428421100005,1
1224.0,pion,pion_like,meson,25.979341873648618,8.851564666796744,17.127777206851874,1
1224.0,rho,rho_like,meson,21.11563732979567,15.637859661573447,5.477777668222223,1
1224.0,proton,nucleon_like,baryon,18.945563294339784,13.000563413239787,5.944999881099999,1
1225.0,pion,pion_like,meson,35.93668534260497,7.539067241573188,28.39761810103178,1
1225.0,rho,rho_like,meson,10.631216734351302,2.6455026083512956,7.985714126000006,1
1225.0,proton,nucleon_like,baryon,2.439565260153407,2.439565260153407,nan,0
1226.0,pion,pion_like,meson,12.384739773783952,0.8125179373024566,11.572221836481496,1
1226.0,rho,rho_like,meson,8.901645909212423,4.423868220990197,4.4777776882222255,1
1226.0,proton,nucleon_like,baryon,8.052783120399013,8.052783120399013,nan,0
1227.0,pion,pion_like,meson,26.94238684371112,9.179689023102632,17.762697820608487,1
1227.0,rho,rho_like,meson,21.310816637175936,15.579070720064824,5.7317459171111125,1
1227.0,proton,nucleon_like,baryon,19.13940568749311,13.765834366393106,5.373571321100002,1
1228.0,pion,pion_like,meson,35.936685342604974,7.5390672415731865,28.39761810103179,1
1228.0,rho,rho_like,meson,10.631216734351298,2.6455026083512907,7.9857141260000075,1
1228.0,proton,nucleon_like,baryon,2.4395652601534006,2.4395652601534006,nan,0
1229.0,pion,pion_like,meson,18.339714165968335,1.1465774841709375,17.193136681797398,1
1229.0,rho,rho_like,meson,12.166956913602053,6.172839386425581,5.9941175271764715,1
1229.0,proton,nucleon_like,baryon,10.736696279072001,10.736696279072001,nan,0
1230.0,pion,pion_like,meson,19.903061579394517,0.02674645246467071,19.876315126929846,1
1230.0,rho,rho_like,meson,10.60903162187267,5.5230668113112635,5.085964810561407,1
1230.0,proton,nucleon_like,baryon,9.60651771439235,9.60651771439235,nan,0
1231.0,pion,pion_like,meson,26.37588980249788,8.986674695863874,17.38921510663401,1
1231.0,rho,rho_like,meson,23.93311486410513,17.429193425556107,6.503921438549022,1
1231.0,proton,nucleon_like,baryon,20.61236933309273,20.61236933309273,nan,0
1232.0,pion,pion_like,meson,27.151744445898622,9.251020404908262,17.900724040990358,1
1232.0,rho,rho_like,meson,22.695168511748406,16.908212105748404,5.786956406000002,1
1232.0,proton,nucleon_like,baryon,21.12464780383933,15.005734882739327,6.118912921100003,1
1233.0,pion,pion_like,meson,39.65816233856452,8.08594116874967,31.572221169814853,1
1233.0,rho,rho_like,meson,12.787791252826029,3.532235882381582,9.255555370444448,1
1233.0,proton,nucleon_like,baryon,11.401400650717495,3.468623031595271,7.9327776191222235,1
1234.0,pion,pion_like,meson,19.9959941997884,1.3867355608377654,18.609258638950635,1
1234.0,rho,rho_like,meson,6.81385446640458,2.743484177441616,4.070370288962964,1
1234.0,proton,nucleon_like,baryon,10.165115115175574,5.064559661631129,5.100555453544446,1
1235.0,pion,pion_like,meson,23.699697780035315,1.3867355608377645,22.31296221919755,1
1235.0,rho,rho_like,meson,10.010013505937854,4.45816176512304,5.551851740814814,1
1235.0,proton,nucleon_like,baryon,7.922426543056124,7.922426543056124,nan,0
1236.0,pion,pion_like,meson,25.73858063113299,8.769533577720273,16.96904705341272,1
1236.0,rho,rho_like,meson,22.978659031222,16.754849631888664,6.223809399333336,1
1236.0,proton,nucleon_like,baryon,20.493222578558473,13.691079857458469,6.802142721100004,1
1237.0,pion,pion_like,meson,26.19000796084979,8.923341869738657,17.266666091111134,1
1237.0,rho,rho_like,meson,18.264814374072714,12.731481151406046,5.533333222666669,1
1237.0,proton,nucleon_like,baryon,15.408151614061135,10.85315170516113,4.554999908900005,1
1238.0,pion,pion_like,meson,25.460779197461108,8.674882321093571,16.785896876367538,1
1238.0,rho,rho_like,meson,21.08746385505246,15.669515245462712,5.417948609589746,1
1238.0,proton,nucleon_like,baryon,21.993524323756212,14.971601387271596,7.021922936484617,1
1239.0,pion,pion_like,meson,35.93668534260497,7.539067241573184,28.39761810103178,1
1239.0,rho,rho_like,meson,10.631216734351295,2.64550260835129,7.985714126000006,1
1239.0,proton,nucleon_like,baryon,2.4395652601533984,2.4395652601533984,nan,0
1240.0,pion,pion_like,meson,33.145577595635295,7.128911796190827,26.01666579944447,1
1240.0,rho,rho_like,meson,10.119752889549769,3.086419696883101,7.033333192666668,1
1240.0,proton,nucleon_like,baryon,11.92172035822803,5.100053827994691,6.821666530233337,1
1241.0,pion,pion_like,meson,20.07674352448687,0.31007751670906364,19.766666007777804,1
1241.0,rho,rho_like,meson,9.88209856474182,5.015431995408482,4.866666569333337,1
1241.0,proton,nucleon_like,baryon,13.930447144715693,7.51044727311569,6.4199998716000035,1
1242.0,pion,pion_like,meson,26.94238684371112,9.179689023102632,17.762697820608487,1
1242.0,rho,rho_like,meson,25.69470834589964,18.518518013232974,7.1761903326666685,1
1242.0,proton,nucleon_like,baryon,23.395725374178504,16.117392186411834,7.27833318776667,1
1243.0,pion,pion_like,meson,26.19000796084979,8.923341869738657,17.266666091111134,1
1243.0,rho,rho_like,meson,20.193826660214313,14.660493437547643,5.53333322266667,1
1243.0,proton,nucleon_like,baryon,17.271012952912606,17.271012952912606,nan,0
1244.0,pion,pion_like,meson,38.03001615283222,7.846683825609958,30.183332327222256,1
1244.0,rho,rho_like,meson,11.632098549517762,2.9320987235177576,8.699999826000004,1
1244.0,proton,nucleon_like,baryon,2.87536032661323,2.87536032661323,nan,0
1245.0,pion,pion_like,meson,25.460779197461115,8.674882321093573,16.78589687636754,1
1245.0,rho,rho_like,meson,16.26220284455007,10.921177310344941,5.34102553420513,1
1245.0,proton,nucleon_like,baryon,13.344824022719283,8.78982411381928,4.554999908900002,1
1246.0,pion,pion_like,meson,26.688953956852565,9.093340508285293,17.59561344856727,1
1246.0,rho,rho_like,meson,21.259453661549546,15.594541494146037,5.66491216740351,1
1246.0,proton,nucleon_like,baryon,21.730293281670274,15.153714465833431,6.576578815836843,1
1247.0,pion,pion_like,meson,19.260995733219016,4.355440674515295,14.90555505870372,1
1247.0,rho,rho_like,meson,12.24279820276381,12.24279820276381,nan,0
1247.0,proton,nucleon_like,baryon,23.266799269458428,23.266799269458428,nan,0
1248.0,pion,pion_like,meson,38.03001615283222,7.846683825609958,30.183332327222264,1
1248.0,rho,rho_like,meson,11.632098549517767,2.932098723517761,8.699999826000006,1
1248.0,proton,nucleon_like,baryon,11.140534090017036,3.4855342431170278,7.654999846900008,1
1249.0,pion,pion_like,meson,26.19000796084979,8.923341869738657,17.266666091111134,1
1249.0,rho,rho_like,meson,26.051851192497505,18.518518009830835,7.533333182666669,1
1249.0,proton,nucleon_like,baryon,23.177781009423015,15.482781163323013,7.6949998461,1
1250.0,pion,pion_like,meson,33.1455775956353,7.128911796190822,26.01666579944448,1
1250.0,rho,rho_like,meson,10.119752889549758,3.0864196968830875,7.03333319266667,1
1250.0,proton,nucleon_like,baryon,11.921720358228022,5.100053827994684,6.821666530233337,1
1251.0,pion,pion_like,meson,42.02637497235696,8.433951849680158,33.592423122676806,1
1251.0,rho,rho_like,meson,14.468798821274428,4.405162658910786,10.063636162363641,1
1251.0,proton,nucleon_like,baryon,4.818443796177194,4.818443796177194,nan,0
1252.0,pion,pion_like,meson,26.688953956852565,9.093340508285294,17.59561344856727,1
1252.0,rho,rho_like,meson,23.39265698005476,17.218972893002125,6.173684087052635,1
1252.0,proton,nucleon_like,baryon,20.391963920981105,20.391963920981105,nan,0
1253.0,pion,pion_like,meson,23.23673483250446,1.3867355608377625,21.849999271666697,1
1253.0,rho,rho_like,meson,9.610493625996202,4.243827066662865,5.3666665593333365,1
1253.0,proton,nucleon_like,baryon,11.162502723534422,5.9925028269344205,5.169999896600001,1
1254.0,pion,pion_like,meson,21.609904579326134,1.8432385715483324,19.7666660077778,1
1254.0,rho,rho_like,meson,8.641975201950926,8.641975201950926,nan,0
1254.0,proton,nucleon_like,baryon,17.44510943223334,17.44510943223334,nan,0
1255.0,pion,pion_like,meson,26.541118106185074,9.042970541308511,17.498147564876565,1
1255.0,rho,rho_like,meson,22.086830719608194,16.46090490620079,5.625925813407407,1
1255.0,proton,nucleon_like,baryon,23.459105850609276,16.18077266284261,7.278333187766668,1
1256.0,pion,pion_like,meson,26.68895395685257,9.093340508285294,17.595613448567274,1
1256.0,rho,rho_like,meson,26.420597122770488,18.843404291858207,7.577192830912281,1
1256.0,proton,nucleon_like,baryon,23.792747869315562,16.163537495583984,7.6292103737315795,1
1257.0,pion,pion_like,meson,15.910076996709085,0.3100775167090694,15.599999480000015,1
1257.0,rho,rho_like,meson,7.9530862786002094,3.0864197092668757,4.866666569333334,1
1257.0,proton,nucleon_like,baryon,6.59791514253029,6.59791514253029,nan,0
1258.0,pion,pion_like,meson,19.287173196330876,0.13325226616745786,19.15392093016342,1
1258.0,rho,rho_like,meson,10.656426800272849,5.446622982900297,5.209803817372552,1
1258.0,proton,nucleon_like,baryon,9.562573958959387,9.562573958959387,nan,0
1259.0,pion,pion_like,meson,26.190007960849787,8.923341869738657,17.26666609111113,1
1259.0,rho,rho_like,meson,22.456172273022574,16.58950572368924,5.866666549333336,1
1259.0,proton,nucleon_like,baryon,19.585827681993543,19.585827681993543,nan,0
1260.0,pion,pion_like,meson,44.70019588837851,7.280021697121167,37.420174191257345,1
1260.0,rho,rho_like,meson,4.4346978010011275,4.4346978010011275,nan,0
1260.0,proton,nucleon_like,baryon,3.6968168187419623,3.6968168187419623,nan,0
1261.0,pion,pion_like,meson,12.49671229277357,4.257823678514296,8.238888614259272,1
1261.0,rho,rho_like,meson,14.76958434426621,8.9786753691753,5.790908975090911,1
1261.0,proton,nucleon_like,baryon,16.455219008418688,10.38900700853081,6.066211999887878,1
1262.0,pion,pion_like,meson,23.699697780035326,1.3867355608377645,22.312962219197562,1
1262.0,rho,rho_like,meson,10.01001350593786,4.45816176512304,5.551851740814819,1
1262.0,proton,nucleon_like,baryon,11.536857176853164,6.436301723308715,5.10055545354445,1
1263.0,pion,pion_like,meson,35.93668534260496,7.53906724157319,28.39761810103177,1
1263.0,rho,rho_like,meson,10.631216734351302,2.6455026083513005,7.985714126,1
1263.0,proton,nucleon_like,baryon,2.4395652601534135,2.4395652601534135,nan,0
1264.0,pion,pion_like,meson,19.287173196330883,0.13325226616745978,19.153920930163423,1
1264.0,rho,rho_like,meson,10.656426800272854,5.446622982900301,5.209803817372552,1
1264.0,proton,nucleon_like,baryon,13.41716561893344,7.401577503951084,6.015588114982356,1
1265.0,pion,pion_like,meson,22.64149675710764,1.3867355608377645,21.254761196269875,1
1265.0,rho,rho_like,meson,9.096825208928356,3.9682538829283507,5.128571326000006,1
1265.0,proton,nucleon_like,baryon,13.132170130694377,7.158598821594372,5.973571309100004,1
1266.0,pion,pion_like,meson,19.030078119373247,0.15626922469067864,18.87380889468257,1
1266.0,rho,rho_like,meson,9.835802273209062,4.850088087209058,4.985714186000004,1
1266.0,proton,nucleon_like,baryon,8.760257048188201,8.760257048188201,nan,0
1267.0,pion,pion_like,meson,39.65816233856452,8.08594116874967,31.572221169814853,1
1267.0,rho,rho_like,meson,12.787791252826032,3.5322358823815856,9.255555370444446,1
1267.0,proton,nucleon_like,baryon,3.666986925324477,3.666986925324477,nan,0
1268.0,pion,pion_like,meson,25.979341873648615,8.851564666796744,17.12777720685187,1
1268.0,rho,rho_like,meson,24.617694850568927,17.69547276679115,6.922222083777778,1
1268.0,proton,nucleon_like,baryon,27.049169831897707,18.43750333746437,8.611666494433337,1
1269.0,pion,pion_like,meson,26.68895395685257,9.093340508285294,17.595613448567274,1
1269.0,rho,rho_like,meson,23.392656980054753,17.21897289300212,6.1736840870526315,1
1269.0,proton,nucleon_like,baryon,21.44057120035784,14.863992384520996,6.576578815836845,1
1270.0,pion,pion_like,meson,39.658162338564516,8.085941168749669,31.572221169814846,1
1270.0,rho,rho_like,meson,12.787791252826027,3.5322358823815807,9.255555370444446,1
1270.0,proton,nucleon_like,baryon,3.666986925324471,3.666986925324471,nan,0
1271.0,pion,pion_like,meson,26.190007960849783,8.923341869738655,17.266666091111126,1
1271.0,rho,rho_like,meson,26.051851192497494,18.518518009830828,7.533333182666667,1
1271.0,proton,nucleon_like,baryon,23.177781009423,15.482781163322995,7.6949998461000035,1
1272.0,pion,pion_like,meson,35.93668534260497,7.539067241573188,28.39761810103178,1
1272.0,rho,rho_like,meson,10.631216734351302,2.6455026083512956,7.985714126000006,1
1272.0,proton,nucleon_like,baryon,11.193141266562343,3.8952842696623384,7.297856996900005,1
1273.0,pion,pion_like,meson,26.68895395685257,9.093340508285294,17.595613448567274,1
1273.0,rho,rho_like,meson,21.259453661549546,15.59454149414604,5.664912167403508,1
1273.0,proton,nucleon_like,baryon,19.088394531400123,13.564447273458017,5.523947257942106,1
1274.0,pion,pion_like,meson,26.375889802497888,8.986674695863874,17.389215106634012,1
1274.0,rho,rho_like,meson,23.933114864105136,17.42919342555611,6.503921438549024,1
1274.0,proton,nucleon_like,baryon,25.39130813354111,17.328661235970518,8.062646897570593,1
1275.0,pion,pion_like,meson,26.19000796084979,8.923341869738657,17.266666091111134,1
1275.0,rho,rho_like,meson,20.19382666021431,14.660493437547641,5.533333222666669,1
1275.0,proton,nucleon_like,baryon,21.978616113064824,15.533616241964822,6.444999871100002,1
1276.0,pion,pion_like,meson,26.375889802497888,8.986674695863874,17.389215106634012,1
1276.0,rho,rho_like,meson,27.317283258905064,19.2447344007482,8.072548858156866,1
1276.0,proton,nucleon_like,baryon,24.283187422131938,16.220540524561347,8.062646897570591,1
1277.0,pion,pion_like,meson,25.460779197461115,8.674882321093573,16.78589687636754,1
1277.0,rho,rho_like,meson,25.512914832867754,18.0436842130216,7.469230619846155,1
1277.0,proton,nucleon_like,baryon,33.002964650341326,22.904118698472093,10.098845951869235,1
1278.0,pion,pion_like,meson,24.968887596734955,1.8933981698395053,23.07548942689545,1
1278.0,rho,rho_like,meson,9.851052803810507,3.994190175849721,5.856862627960787,1
1278.0,proton,nucleon_like,baryon,10.69696333285778,5.836081077134249,4.860882255723532,1
1279.0,pion,pion_like,meson,25.460779197461115,8.674882321093573,16.78589687636754,1
1279.0,rho,rho_like,meson,25.512914832867747,18.043684213021592,7.469230619846154,1
1279.0,proton,nucleon_like,baryon,21.25663130695748,21.25663130695748,nan,0
1280.0,pion,pion_like,meson,26.688953956852565,9.093340508285294,17.59561344856727,1
1280.0,rho,rho_like,meson,23.39265698005476,17.218972893002125,6.173684087052635,1
1280.0,proton,nucleon_like,baryon,20.391963920981105,20.391963920981105,nan,0
1281.0,pion,pion_like,meson,26.541118106185074,9.042970541308511,17.498147564876565,1
1281.0,rho,rho_like,meson,22.086830719608205,16.460904906200795,5.625925813407409,1
1281.0,proton,nucleon_like,baryon,26.193310504370658,18.359421772159546,7.833888732211112,1
1282.0,pion,pion_like,meson,22.840285403477477,0.5273231842799195,22.31296221919756,1
1282.0,rho,rho_like,meson,6.755829820572743,6.755829820572743,nan,0
1282.0,proton,nucleon_like,baryon,14.39565285082972,14.39565285082972,nan,0
1283.0,pion,pion_like,meson,25.13667752484393,8.564455855029092,16.572221669814837,1
1283.0,rho,rho_like,meson,17.08683086355476,11.831275413110312,5.255555450444447,1
1283.0,proton,nucleon_like,baryon,13.799531599356051,9.244531690456048,4.554999908900002,1
1284.0,pion,pion_like,meson,22.564106891409327,0.9334058580467358,21.63070103336259,1
1284.0,rho,rho_like,meson,10.152241502578104,4.873294239736,5.278947262842102,1
1284.0,proton,nucleon_like,baryon,14.949713576624458,8.562608441208667,6.387105135415791,1
1285.0,pion,pion_like,meson,26.541118106185074,9.042970541308511,17.498147564876565,1
1285.0,rho,rho_like,meson,20.372153131926787,14.746227318519377,5.625925813407409,1
1285.0,proton,nucleon_like,baryon,18.24204804628142,12.630381491848082,5.611666554433336,1
1286.0,pion,pion_like,meson,26.541118106185074,9.042970541308511,17.498147564876565,1
1286.0,rho,rho_like,meson,22.08683071960821,16.4609049062008,5.6259258134074095,1
1286.0,proton,nucleon_like,baryon,20.72490119684791,14.002123553525685,6.722777643322226,1
1287.0,pion,pion_like,meson,26.94238684371112,9.179689023102632,17.762697820608487,1
1287.0,rho,rho_like,meson,28.434273236928163,19.988241659817046,8.446031577111116,1
1287.0,proton,nucleon_like,baryon,25.523885217521205,17.2931710964212,8.230714121100002,1
1288.0,pion,pion_like,meson,26.94238684371112,9.179689023102632,17.762697820608487,1
1288.0,rho,rho_like,meson,22.955143454871127,17.048794366648902,5.906349088222226,1
1288.0,proton,nucleon_like,baryon,21.267565530835817,14.941613276402483,6.325952254433335,1
1289.0,pion,pion_like,meson,33.1455775956353,7.128911796190827,26.01666579944448,1
1289.0,rho,rho_like,meson,10.119752889549769,3.0864196968830973,7.033333192666671,1
1289.0,proton,nucleon_like,baryon,2.846159455948179,2.846159455948179,nan,0
1290.0,pion,pion_like,meson,14.028829290600278,4.7798396999100285,9.248989590690249,1
1290.0,rho,rho_like,meson,14.739655428910556,9.352786849779239,5.386868579131317,1
1290.0,proton,nucleon_like,baryon,15.748954783329506,9.98577308041132,5.763181702918184,1
1291.0,pion,pion_like,meson,18.5748055906941,0.3359173097681534,18.23888828092595,1
1291.0,rho,rho_like,meson,10.716460692913078,5.349794133579743,5.366666559333336,1
1291.0,proton,nucleon_like,baryon,13.268561994337453,7.056895451904115,6.211666542433338,1
1292.0,pion,pion_like,meson,33.1455775956353,7.128911796190824,26.016665799444475,1
1292.0,rho,rho_like,meson,10.11975288954976,3.0864196968830924,7.033333192666668,1
1292.0,proton,nucleon_like,baryon,11.921720358228015,5.10005382799468,6.821666530233334,1
1293.0,pion,pion_like,meson,23.69969778003533,1.3867355608377607,22.31296221919757,1
1293.0,rho,rho_like,meson,10.010013505937874,4.45816176512305,5.551851740814823,1
1293.0,proton,nucleon_like,baryon,7.922426543056137,7.922426543056137,nan,0
1294.0,pion,pion_like,meson,35.93668534260497,7.53906724157319,28.397618101031778,1
1294.0,rho,rho_like,meson,10.631216734351305,2.6455026083513005,7.985714126000004,1
1294.0,proton,nucleon_like,baryon,11.193141266562357,3.8952842696623513,7.2978569969000056,1
1295.0,pion,pion_like,meson,27.81788227104067,9.477983892471624,18.339898378569046,1
1295.0,rho,rho_like,meson,30.160530475691132,21.13729833292345,9.02323214276768,1
1295.0,proton,nucleon_like,baryon,27.441327264940984,18.95087288929553,8.490454375645456,1
1296.0,pion,pion_like,meson,33.14557759563529,7.128911796190827,26.016665799444464,1
1296.0,rho,rho_like,meson,10.119752889549765,3.086419696883101,7.033333192666664,1
1296.0,proton,nucleon_like,baryon,2.846159455948183,2.846159455948183,nan,0
1297.0,pion,pion_like,meson,44.25668833637605,7.128911796190828,37.127776540185224,1
1297.0,rho,rho_like,meson,4.218106943809382,4.218106943809382,nan,0
1297.0,proton,nucleon_like,baryon,3.3466399864276837,3.3466399864276837,nan,0
1298.0,pion,pion_like,meson,25.460779197461115,8.674882321093573,16.78589687636754,1
1298.0,rho,rho_like,meson,18.636371812108955,13.295346277903825,5.34102553420513,1
1298.0,proton,nucleon_like,baryon,15.403389951088254,10.6891592761421,4.714230674946155,1
1299.0,pion,pion_like,meson,35.93668534260496,7.539067241573184,28.397618101031775,1
1299.0,rho,rho_like,meson,10.631216734351295,2.645502608351293,7.985714126000002,1
1299.0,proton,nucleon_like,baryon,11.193141266562337,3.895284269662335,7.297856996900003,1
1300.0,pion,pion_like,meson,39.658162338564516,8.085941168749672,31.572221169814846,1
1300.0,rho,rho_like,meson,12.787791252826025,3.5322358823815803,9.255555370444446,1
1300.0,proton,nucleon_like,baryon,3.666986925324471,3.666986925324471,nan,0
1301.0,pion,pion_like,meson,25.13667752484393,8.564455855029092,16.572221669814837,1
1301.0,rho,rho_like,meson,19.65884724507688,14.403291794632434,5.255555450444446,1
1301.0,proton,nucleon_like,baryon,16.855177964539383,16.855177964539383,nan,0
1302.0,pion,pion_like,meson,20.61737965376477,0.15626922469068055,20.46111042907409,1
1302.0,rho,rho_like,meson,10.57066409650109,5.584949910501088,4.985714186000003,1
1302.0,proton,nucleon_like,baryon,13.629456511213405,7.893980435446736,5.735476075766668,1
1303.0,pion,pion_like,meson,40.96067928715036,8.277347043261436,32.68333224388893,1
1303.0,rho,rho_like,meson,13.712345415472646,4.012345609472643,9.699999806000003,1
1303.0,proton,nucleon_like,baryon,4.300288204293468,4.300288204293468,nan,0
1304.0,pion,pion_like,meson,26.68895395685257,9.093340508285294,17.595613448567274,1
1304.0,rho,rho_like,meson,21.259453661549557,15.594541494146046,5.664912167403511,1
1304.0,proton,nucleon_like,baryon,19.088394531400134,13.564447273458027,5.523947257942108,1
1305.0,pion,pion_like,meson,26.94238684371112,9.179689023102634,17.762697820608487,1
1305.0,rho,rho_like,meson,28.434273236928163,19.98824165981705,8.446031577111116,1
1305.0,proton,nucleon_like,baryon,25.523885217521205,17.2931710964212,8.230714121100004,1
1306.0,pion,pion_like,meson,27.243338396855652,9.282227884448222,17.96111051240743,1
1306.0,rho,rho_like,meson,23.634155783540532,17.489711461984975,6.144444321555558,1
1306.0,proton,nucleon_like,baryon,28.847766070811574,20.319432908044906,8.52833316276667,1
1307.0,pion,pion_like,meson,26.822006222453307,9.138673478564396,17.68333274388891,1
1307.0,rho,rho_like,meson,27.47777708270327,19.444443910036597,8.033333172666671,1
1307.0,proton,nucleon_like,baryon,24.701594977123527,16.756595136023524,7.944999841100003,1
1308.0,pion,pion_like,meson,38.03001615283221,7.8466838256099605,30.183332327222253,1
1308.0,rho,rho_like,meson,11.632098549517757,2.9320987235177554,8.699999826,1
1308.0,proton,nucleon_like,baryon,2.8753603266132277,2.8753603266132277,nan,0
1309.0,pion,pion_like,meson,39.65816233856452,8.08594116874967,31.572221169814853,1
1309.0,rho,rho_like,meson,12.787791252826032,3.5322358823815856,9.255555370444446,1
1309.0,proton,nucleon_like,baryon,3.666986925324477,3.666986925324477,nan,0
1310.0,pion,pion_like,meson,21.223384392984077,3.5400516490951612,17.683332743888915,1
1310.0,rho,rho_like,meson,5.783333203606313,2.083333277606309,3.699999926000004,1
1310.0,proton,nucleon_like,baryon,4.429474262946348,4.429474262946348,nan,0
1311.0,pion,pion_like,meson,39.65816233856452,8.085941168749667,31.57222116981486,1
1311.0,rho,rho_like,meson,12.787791252826038,3.532235882381586,9.255555370444451,1
1311.0,proton,nucleon_like,baryon,11.40140065071751,3.468623031595282,7.932777619122229,1
1312.0,pion,pion_like,meson,38.03001615283222,7.846683825609956,30.18333232722226,1
1312.0,rho,rho_like,meson,11.632098549517764,2.9320987235177594,8.699999826000004,1
1312.0,proton,nucleon_like,baryon,11.140534090017022,3.485534243117018,7.6549998469000045,1
1313.0,pion,pion_like,meson,29.23802674987777,6.554694172655518,22.68333257722225,1
1313.0,rho,rho_like,meson,9.403703506827615,3.703703620827614,5.699999886000001,1
1313.0,proton,nucleon_like,baryon,3.415391330060852,3.415391330060852,nan,0
1314.0,pion,pion_like,meson,26.688953956852565,9.093340508285294,17.59561344856727,1
1314.0,rho,rho_like,meson,26.420597122770488,18.843404291858203,7.577192830912284,1
1314.0,proton,nucleon_like,baryon,23.792747869315576,16.163537495584,7.6292103737315795,1
1315.0,pion,pion_like,meson,35.93668534260497,7.5390672415731865,28.397618101031778,1
1315.0,rho,rho_like,meson,10.631216734351298,2.6455026083512942,7.985714126000005,1
1315.0,proton,nucleon_like,baryon,2.4395652601534046,2.4395652601534046,nan,0
1316.0,pion,pion_like,meson,26.190007960849787,8.923341869738657,17.26666609111113,1
1316.0,rho,rho_like,meson,22.456172273022574,16.58950572368924,5.866666549333336,1
1316.0,proton,nucleon_like,baryon,21.69584567197056,14.625845813370558,7.069999858600003,1
1317.0,pion,pion_like,meson,21.273628366376546,0.8125179373024605,20.461110429074086,1
1317.0,rho,rho_like,meson,9.337859891139962,4.526748876251075,4.811111014888887,1
1317.0,proton,nucleon_like,baryon,11.714780699141254,6.169780810041256,5.5449998891,1
1318.0,pion,pion_like,meson,25.73858063113299,8.769533577720273,16.96904705341272,1
1318.0,rho,rho_like,meson,19.964549768012557,14.550264162012553,5.414285606000003,1
1318.0,proton,nucleon_like,baryon,17.30098281354443,11.92741149244443,5.373571321100002,1
1319.0,pion,pion_like,meson,25.73858063113299,8.769533577720273,16.96904705341272,1
1319.0,rho,rho_like,meson,22.978659031222,16.754849631888664,6.223809399333336,1
1319.0,proton,nucleon_like,baryon,20.493222578558477,13.691079857458474,6.802142721100003,1
1320.0,pion,pion_like,meson,26.37588980249788,8.986674695863874,17.389215106634005,1
1320.0,rho,rho_like,meson,21.196005279893427,15.613652450364013,5.5823528295294125,1
1320.0,proton,nucleon_like,baryon,19.867364576017494,13.569423525505725,6.29794105051177,1
1321.0,pion,pion_like,meson,26.822006222453307,9.138673478564396,17.68333274388891,1
1321.0,rho,rho_like,meson,24.601233947123323,17.90123408112332,6.6999998660000015,1
1321.0,proton,nucleon_like,baryon,21.224217512466033,21.224217512466033,nan,0
1322.0,pion,pion_like,meson,26.541118106185074,9.042970541308511,17.49814756487656,1
1322.0,rho,rho_like,meson,28.442111762378453,19.890260081563632,8.551851680814819,1
1322.0,proton,nucleon_like,baryon,23.582463893252836,23.582463893252836,nan,0
1323.0,pion,pion_like,meson,38.03001615283221,7.8466838256099605,30.183332327222253,1
1323.0,rho,rho_like,meson,11.63209854951776,2.932098723517759,8.699999826,1
1323.0,proton,nucleon_like,baryon,2.875360326613232,2.875360326613232,nan,0
1324.0,pion,pion_like,meson,25.460779197461108,8.674882321093571,16.785896876367538,1
1324.0,rho,rho_like,meson,18.63637181210895,13.295346277903821,5.341025534205129,1
1324.0,proton,nucleon_like,baryon,15.403389951088243,10.689159276142087,4.714230674946156,1
1325.0,pion,pion_like,meson,35.93668534260496,7.53906724157319,28.39761810103177,1
1325.0,rho,rho_like,meson,10.631216734351305,2.645502608351304,7.985714126000001,1
1325.0,proton,nucleon_like,baryon,2.4395652601534175,2.4395652601534175,nan,0
1326.0,pion,pion_like,meson,25.73858063113299,8.769533577720273,16.96904705341272,1
1326.0,rho,rho_like,meson,22.978659031221998,16.754849631888664,6.2238093993333345,1
1326.0,proton,nucleon_like,baryon,20.493222578558477,13.691079857458474,6.802142721100002,1
1327.0,pion,pion_like,meson,26.190007960849787,8.923341869738657,17.26666609111113,1
1327.0,rho,rho_like,meson,22.456172273022574,16.58950572368924,5.866666549333334,1
1327.0,proton,nucleon_like,baryon,20.38457121503572,13.93957134393572,6.444999871100002,1
1328.0,pion,pion_like,meson,26.541118106185074,9.042970541308511,17.498147564876565,1
1328.0,rho,rho_like,meson,18.657475544245365,13.031549730837957,5.625925813407409,1
1328.0,proton,nucleon_like,baryon,19.103399537276324,13.437288539487431,5.666110997788891,1
1329.0,pion,pion_like,meson,26.396726140522045,2.4633936049664635,23.933332535555582,1
1329.0,rho,rho_like,meson,9.672222013917244,3.4722221379172415,6.199999876000002,1
1329.0,proton,nucleon_like,baryon,10.31583274708797,5.160832850187966,5.154999896900003,1
1330.0,pion,pion_like,meson,19.136581823230564,0.5273231842799233,18.609258638950642,1
1330.0,rho,rho_like,meson,11.344718565189329,5.8299038606708065,5.514814704518521,1
1330.0,proton,nucleon_like,baryon,14.12649266884684,7.914826126413501,6.211666542433338,1
1331.0,pion,pion_like,meson,38.03001615283221,7.846683825609954,30.183332327222256,1
1331.0,rho,rho_like,meson,11.632098549517764,2.9320987235177616,8.699999826000003,1
1331.0,proton,nucleon_like,baryon,11.140534090017026,3.485534243117023,7.654999846900003,1
1332.0,pion,pion_like,meson,25.73858063113299,8.769533577720273,16.96904705341272,1
1332.0,rho,rho_like,meson,22.978659031221998,16.754849631888664,6.2238093993333345,1
1332.0,proton,nucleon_like,baryon,20.49322257855848,13.691079857458478,6.802142721100002,1
1333.0,pion,pion_like,meson,33.145577595635295,7.128911796190827,26.01666579944447,1
1333.0,rho,rho_like,meson,10.119752889549769,3.086419696883101,7.033333192666668,1
1333.0,proton,nucleon_like,baryon,11.921720358228017,5.1000538279946825,6.821666530233334,1
1334.0,pion,pion_like,meson,26.541118106185074,9.042970541308511,17.49814756487656,1
1334.0,rho,rho_like,meson,25.245952722845182,18.175582493882217,7.0703702289629655,1
1334.0,proton,nucleon_like,baryon,22.782917749528956,15.504584561762286,7.278333187766668,1
1335.0,pion,pion_like,meson,18.208741869423715,0.5254091255348046,17.68333274388891,1
1335.0,rho,rho_like,meson,8.403703543974405,3.7037036379744013,4.699999906000004,1
1335.0,proton,nucleon_like,baryon,11.767108855395495,6.222108966295489,5.544999889100007,1
1336.0,pion,pion_like,meson,26.37588980249788,8.986674695863874,17.38921510663401,1
1336.0,rho,rho_like,meson,21.196005279893427,15.613652450364013,5.582352829529413,1
1336.0,proton,nucleon_like,baryon,19.02538075034409,13.315674982185266,5.709705768158825,1
1337.0,pion,pion_like,meson,25.460779197461108,8.674882321093571,16.785896876367538,1
1337.0,rho,rho_like,meson,21.08746385505245,15.669515245462708,5.417948609589744,1
1337.0,proton,nucleon_like,baryon,18.84118662110337,12.588494438464908,6.252692182638462,1
1338.0,pion,pion_like,meson,14.369299734561764,4.8958432602201905,9.473456474341575,1
1338.0,rho,rho_like,meson,20.156789595615248,12.345678640726355,7.811110954888892,1
1338.0,proton,nucleon_like,baryon,19.608595122367248,11.959891571637618,7.648703550729631,1
1339.0,pion,pion_like,meson,25.979341873648618,8.851564666796744,17.127777206851874,1
1339.0,rho,rho_like,meson,19.058024224577977,13.580246556355752,5.477777668222225,1
1339.0,proton,nucleon_like,baryon,27.652413439565464,20.374080251798798,7.278333187766668,1
1340.0,pion,pion_like,meson,26.822006222453307,9.138673478564396,17.68333274388891,1
1340.0,rho,rho_like,meson,22.058024138210047,16.358024252210043,5.699999886000003,1
1340.0,proton,nucleon_like,baryon,19.372365729201288,19.372365729201288,nan,0
1341.0,pion,pion_like,meson,40.960679287150356,8.277347043261438,32.68333224388892,1
1341.0,rho,rho_like,meson,13.712345415472642,4.012345609472641,9.699999806000001,1
1341.0,proton,nucleon_like,baryon,11.61009389927788,3.4550940623778796,8.1549998369,1
1342.0,pion,pion_like,meson,26.94238684371112,9.179689023102632,17.762697820608487,1
1342.0,rho,rho_like,meson,19.841092990591864,14.109347073480752,5.7317459171111125,1
1342.0,proton,nucleon_like,baryon,16.68620376210074,16.68620376210074,nan,0
1343.0,pion,pion_like,meson,26.822006222453304,9.138673478564396,17.683332743888908,1
1343.0,rho,rho_like,meson,22.058024138210044,16.358024252210043,5.699999886000001,1
1343.0,proton,nucleon_like,baryon,24.869713993520257,17.424714142420253,7.444999851100002,1
1344.0,pion,pion_like,meson,26.37588980249788,8.986674695863874,17.38921510663401,1
1344.0,rho,rho_like,meson,19.38046430470134,13.798111475171927,5.582352829529413,1
1344.0,proton,nucleon_like,baryon,16.418242119897233,11.86324221099723,4.554999908900003,1
1345.0,pion,pion_like,meson,38.03001615283222,7.846683825609958,30.183332327222256,1
1345.0,rho,rho_like,meson,11.632098549517762,2.9320987235177576,8.699999826000004,1
1345.0,proton,nucleon_like,baryon,2.87536032661323,2.87536032661323,nan,0
1346.0,pion,pion_like,meson,18.574805590694098,0.3359173097681515,18.238888280925945,1
1346.0,rho,rho_like,meson,10.716460692913074,5.3497941335797385,5.366666559333335,1
1346.0,proton,nucleon_like,baryon,13.268561994337448,7.056895451904111,6.211666542433337,1
1347.0,pion,pion_like,meson,35.93668534260496,7.5390672415731865,28.39761810103177,1
1347.0,rho,rho_like,meson,10.631216734351298,2.645502608351298,7.985714126000001,1
1347.0,proton,nucleon_like,baryon,11.19314126656234,3.8952842696623393,7.297856996900001,1
1348.0,pion,pion_like,meson,25.73858063113299,8.769533577720273,16.96904705341272,1
1348.0,rho,rho_like,meson,22.978659031222,16.754849631888664,6.223809399333336,1
1348.0,proton,nucleon_like,baryon,19.738300505416582,19.738300505416582,nan,0
1349.0,pion,pion_like,meson,21.27362836637656,0.8125179373024566,20.461110429074104,1
1349.0,rho,rho_like,meson,9.337859891139981,4.526748876251088,4.811111014888893,1
1349.0,proton,nucleon_like,baryon,11.714780699141262,6.1697808100412574,5.544999889100003,1
1350.0,pion,pion_like,meson,16.348892173023582,5.570321103737853,10.77857106928573,1
1350.0,rho,rho_like,meson,23.162080526758835,14.46208070075883,8.699999826000004,1
1350.0,proton,nucleon_like,baryon,16.296612521646455,16.296612521646455,nan,0
1351.0,pion,pion_like,meson,26.541118106185074,9.042970541308511,17.498147564876565,1
1351.0,rho,rho_like,meson,22.086830719608205,16.460904906200795,5.625925813407409,1
1351.0,proton,nucleon_like,baryon,20.30006459896248,14.132842500084697,6.1672220988777795,1
1352.0,pion,pion_like,meson,26.19000796084979,8.923341869738657,17.266666091111134,1
1352.0,rho,rho_like,meson,18.264814374072714,12.731481151406046,5.533333222666669,1
1352.0,proton,nucleon_like,baryon,15.40815161406114,10.853151705161139,4.554999908900002,1
1353.0,pion,pion_like,meson,25.979341873648618,8.851564666796744,17.127777206851874,1
1353.0,rho,rho_like,meson,21.11563732979568,15.637859661573454,5.477777668222224,1
1353.0,proton,nucleon_like,baryon,24.06974605121793,16.79141286345126,7.27833318776667,1
1354.0,pion,pion_like,meson,29.23802674987777,6.554694172655518,22.68333257722225,1
1354.0,rho,rho_like,meson,9.403703506827622,3.7037036208276177,5.699999886000003,1
1354.0,proton,nucleon_like,baryon,12.941731086559969,6.786731209659965,6.154999876900003,1
1355.0,pion,pion_like,meson,26.190007960849787,8.923341869738657,17.26666609111113,1
1355.0,rho,rho_like,meson,22.45617227302257,16.589505723689236,5.866666549333334,1
1355.0,proton,nucleon_like,baryon,20.38457121503571,13.939571343935706,6.444999871100003,1
1356.0,pion,pion_like,meson,13.550042728779431,4.6167096932238625,8.933333035555568,1
1356.0,rho,rho_like,meson,11.916049066281985,7.716049150281981,4.199999916000004,1
1356.0,proton,nucleon_like,baryon,12.828295108753029,7.6332952126530245,5.194999896100004,1
1357.0,pion,pion_like,meson,26.68895395685257,9.093340508285294,17.595613448567274,1
1357.0,rho,rho_like,meson,21.259453661549557,15.594541494146046,5.664912167403512,1
1357.0,proton,nucleon_like,baryon,19.088394531400137,13.564447273458029,5.523947257942107,1
1358.0,pion,pion_like,meson,26.19000796084979,8.923341869738657,17.266666091111134,1
1358.0,rho,rho_like,meson,20.19382666021431,14.660493437547641,5.533333222666667,1
1358.0,proton,nucleon_like,baryon,17.591361420648433,12.396361524548432,5.194999896099999,1
1359.0,pion,pion_like,meson,35.93668534260497,7.539067241573184,28.39761810103178,1
1359.0,rho,rho_like,meson,10.631216734351295,2.64550260835129,7.985714126000006,1
1359.0,proton,nucleon_like,baryon,2.4395652601533984,2.4395652601533984,nan,0
1360.0,pion,pion_like,meson,38.03001615283222,7.846683825609958,30.183332327222256,1
1360.0,rho,rho_like,meson,11.632098549517762,2.9320987235177576,8.699999826000004,1
1360.0,proton,nucleon_like,baryon,2.87536032661323,2.87536032661323,nan,0
1361.0,pion,pion_like,meson,42.02637497235696,8.433951849680158,33.592423122676806,1
1361.0,rho,rho_like,meson,14.468798821274428,4.405162658910786,10.063636162363641,1
1361.0,proton,nucleon_like,baryon,4.818443796177194,4.818443796177194,nan,0
1362.0,pion,pion_like,meson,25.979341873648618,8.851564666796744,17.127777206851874,1
1362.0,rho,rho_like,meson,24.617694850568935,17.695472766791156,6.92222208377778,1
1362.0,proton,nucleon_like,baryon,21.92498707501956,14.646653887252887,7.278333187766671,1
1363.0,pion,pion_like,meson,39.65816233856452,8.08594116874967,31.572221169814853,1
1363.0,rho,rho_like,meson,12.787791252826029,3.532235882381582,9.255555370444448,1
1363.0,proton,nucleon_like,baryon,11.401400650717505,3.4686230315952797,7.932777619122226,1
1364.0,pion,pion_like,meson,35.93668534260497,7.539067241573188,28.39761810103178,1
1364.0,rho,rho_like,meson,10.631216734351302,2.6455026083512956,7.985714126000006,1
1364.0,proton,nucleon_like,baryon,11.193141266562343,3.8952842696623384,7.297856996900005,1
1365.0,pion,pion_like,meson,35.93668534260496,7.539067241573188,28.397618101031775,1
1365.0,rho,rho_like,meson,10.631216734351304,2.645502608351299,7.985714126000004,1
1365.0,proton,nucleon_like,baryon,2.439565260153411,2.439565260153411,nan,0
1366.0,pion,pion_like,meson,39.65816233856453,8.08594116874967,31.57222116981486,1
1366.0,rho,rho_like,meson,12.787791252826036,3.5322358823815856,9.25555537044445,1
1366.0,proton,nucleon_like,baryon,3.666986925324477,3.666986925324477,nan,0
1367.0,pion,pion_like,meson,26.822006222453307,9.138673478564396,17.68333274388891,1
1367.0,rho,rho_like,meson,20.514814309296764,14.814814423296763,5.6999998860000005,1
1367.0,proton,nucleon_like,baryon,37.399851288321884,27.95485147722188,9.4449998111,1
1368.0,pion,pion_like,meson,23.236734832504453,1.3867355608377645,21.84999927166669,1
1368.0,rho,rho_like,meson,9.610493625996195,4.24382706666286,5.366666559333336,1
1368.0,proton,nucleon_like,baryon,11.162502723534411,5.992502826934408,5.169999896600003,1
1369.0,pion,pion_like,meson,42.914454710029126,8.56445585502909,34.34999885500004,1
1369.0,rho,rho_like,meson,15.099176659442568,4.732510200109232,10.366666459333336,1
1369.0,proton,nucleon_like,baryon,5.250240122746959,5.250240122746959,nan,0
1370.0,pion,pion_like,meson,25.460779197461118,8.674882321093573,16.785896876367545,1
1370.0,rho,rho_like,meson,21.087463855052462,15.669515245462716,5.417948609589746,1
1370.0,proton,nucleon_like,baryon,18.407628563473263,18.407628563473263,nan,0
1371.0,pion,pion_like,meson,26.942386843711116,9.179689023102632,17.762697820608484,1
1371.0,rho,rho_like,meson,22.955143454871124,17.0487943666489,5.906349088222224,1
1371.0,proton,nucleon_like,baryon,21.267565530835814,14.94161327640248,6.325952254433334,1
1372.0,pion,pion_like,meson,26.68895395685257,9.093340508285294,17.595613448567274,1
1372.0,rho,rho_like,meson,21.259453661549554,15.594541494146043,5.66491216740351,1
1372.0,proton,nucleon_like,baryon,19.088394531400134,13.564447273458027,5.5239472579421065,1
1373.0,pion,pion_like,meson,26.541118106185074,9.042970541308511,17.49814756487656,1
1373.0,rho,rho_like,meson,25.245952722845182,18.175582493882217,7.0703702289629655,1
1373.0,proton,nucleon_like,baryon,22.78291774952895,15.504584561762279,7.27833318776667,1
1374.0,pion,pion_like,meson,25.73858063113299,8.769533577720273,16.96904705341272,1
1374.0,rho,rho_like,meson,19.964549768012557,14.550264162012553,5.414285606000003,1
1374.0,proton,nucleon_like,baryon,23.267369072664565,16.465226351564564,6.802142721100001,1
1375.0,pion,pion_like,meson,35.93668534260497,7.539067241573184,28.39761810103178,1
1375.0,rho,rho_like,meson,10.631216734351295,2.64550260835129,7.985714126000006,1
1375.0,proton,nucleon_like,baryon,2.4395652601533984,2.4395652601533984,nan,0
1376.0,pion,pion_like,meson,26.541118106185074,9.042970541308511,17.498147564876565,1
1376.0,rho,rho_like,meson,20.372153131926787,14.746227318519377,5.6259258134074095,1
1376.0,proton,nucleon_like,baryon,17.817211448395984,12.761100438407093,5.056111009988891,1
1377.0,pion,pion_like,meson,26.541118106185074,9.042970541308511,17.49814756487656,1
1377.0,rho,rho_like,meson,25.245952722845182,18.175582493882217,7.0703702289629655,1
1377.0,proton,nucleon_like,baryon,22.78291774952894,15.50458456176227,7.2783331877666715,1
1378.0,pion,pion_like,meson,25.460779197461108,8.674882321093571,16.785896876367538,1
1378.0,rho,rho_like,meson,25.51291483286775,18.043684213021596,7.469230619846155,1
1378.0,proton,nucleon_like,baryon,22.2789832911185,14.487829600787727,7.7911536903307725,1
1379.0,pion,pion_like,meson,35.936685342604974,7.5390672415731865,28.39761810103179,1
1379.0,rho,rho_like,meson,10.631216734351298,2.6455026083512907,7.9857141260000075,1
1379.0,proton,nucleon_like,baryon,2.4395652601534006,2.4395652601534006,nan,0
1380.0,pion,pion_like,meson,29.238026749877772,6.554694172655521,22.683332577222252,1
1380.0,rho,rho_like,meson,9.403703506827622,3.7037036208276186,5.699999886000004,1
1380.0,proton,nucleon_like,baryon,12.941731086559981,6.786731209659975,6.154999876900006,1
1381.0,pion,pion_like,meson,35.93668534260496,7.539067241573188,28.397618101031775,1
1381.0,rho,rho_like,meson,10.631216734351304,2.645502608351299,7.985714126000004,1
1381.0,proton,nucleon_like,baryon,11.193141266562343,3.8952842696623406,7.297856996900003,1
1382.0,pion,pion_like,meson,25.460779197461108,8.674882321093571,16.785896876367538,1
1382.0,rho,rho_like,meson,18.63637181210895,13.295346277903821,5.341025534205129,1
1382.0,proton,nucleon_like,baryon,15.558625819989025,15.558625819989025,nan,0
1383.0,pion,pion_like,meson,17.972921212909917,3.572416642421695,14.400504570488224,1
1383.0,rho,rho_like,meson,16.663336748634805,8.791619734351977,7.871717014282829,1
1383.0,proton,nucleon_like,baryon,19.607656236359535,11.880838209077716,7.726818027281819,1
1384.0,pion,pion_like,meson,26.541118106185074,9.042970541308511,17.498147564876565,1
1384.0,rho,rho_like,meson,20.372153131926787,14.746227318519377,5.625925813407409,1
1384.0,proton,nucleon_like,baryon,17.817211448395984,12.761100438407093,5.056111009988891,1
1385.0,pion,pion_like,meson,14.671329967108253,4.9987496443663035,9.672580322741949,1
1385.0,rho,rho_like,meson,21.869254705240444,13.341297886552267,8.527956818688175,1
1385.0,proton,nucleon_like,baryon,16.105494520058016,16.105494520058016,nan,0
1386.0,pion,pion_like,meson,39.658162338564516,8.085941168749669,31.572221169814846,1
1386.0,rho,rho_like,meson,12.787791252826029,3.532235882381584,9.255555370444446,1
1386.0,proton,nucleon_like,baryon,11.401400650717498,3.468623031595276,7.932777619122222,1
1387.0,pion,pion_like,meson,38.03001615283222,7.8466838256099605,30.18333232722226,1
1387.0,rho,rho_like,meson,11.632098549517764,2.932098723517759,8.699999826000004,1
1387.0,proton,nucleon_like,baryon,2.875360326613232,2.875360326613232,nan,0
1388.0,pion,pion_like,meson,25.979341873648615,8.851564666796744,17.12777720685187,1
1388.0,rho,rho_like,meson,19.05802422457797,13.580246556355746,5.477777668222224,1
1388.0,proton,nucleon_like,baryon,15.953278099728124,15.953278099728124,nan,0
1389.0,pion,pion_like,meson,26.94238684371112,9.179689023102632,17.762697820608487,1
1389.0,rho,rho_like,meson,21.31081663717594,15.579070720064827,5.7317459171111125,1
1389.0,proton,nucleon_like,baryon,18.449872127114787,18.449872127114787,nan,0
1390.0,pion,pion_like,meson,18.574805590694094,0.3359173097681515,18.23888828092594,1
1390.0,rho,rho_like,meson,10.716460692913074,5.3497941335797385,5.366666559333335,1
1390.0,proton,nucleon_like,baryon,13.26856199433746,7.056895451904128,6.211666542433333,1
1391.0,pion,pion_like,meson,38.03001615283222,7.846683825609958,30.183332327222256,1
1391.0,rho,rho_like,meson,11.632098549517762,2.9320987235177576,8.699999826000004,1
1391.0,proton,nucleon_like,baryon,2.87536032661323,2.87536032661323,nan,0
1392.0,pion,pion_like,meson,35.93668534260497,7.5390672415731865,28.397618101031778,1
1392.0,rho,rho_like,meson,10.631216734351298,2.6455026083512942,7.985714126000005,1
1392.0,proton,nucleon_like,baryon,2.4395652601534046,2.4395652601534046,nan,0
1393.0,pion,pion_like,meson,26.82200622245331,9.138673478564398,17.68333274388891,1
1393.0,rho,rho_like,meson,22.058024138210047,16.358024252210043,5.699999886000003,1
1393.0,proton,nucleon_like,baryon,22.408929805135,15.463929944035,6.9449998610999994,1
1394.0,pion,pion_like,meson,26.94238684371112,9.179689023102632,17.762697820608487,1
1394.0,rho,rho_like,meson,25.69470834589964,18.518518013232974,7.1761903326666685,1
1394.0,proton,nucleon_like,baryon,36.86911406678029,26.257447612346954,10.611666454433337,1
1395.0,pion,pion_like,meson,27.770003614858584,9.461670891803006,18.308332723055578,1
1395.0,rho,rho_like,meson,33.21234483748683,22.762345046486832,10.449999791000002,1
1395.0,proton,nucleon_like,baryon,28.867535592820808,18.985035790470803,9.882499802350004,1
1396.0,pion,pion_like,meson,26.190007960849787,8.923341869738657,17.26666609111113,1
1396.0,rho,rho_like,meson,22.45617227302257,16.589505723689236,5.866666549333335,1
1396.0,proton,nucleon_like,baryon,27.847806142933678,19.527806309333673,8.319999833600004,1
1397.0,pion,pion_like,meson,19.287173196330883,0.13325226616745978,19.153920930163423,1
1397.0,rho,rho_like,meson,10.656426800272854,5.446622982900301,5.209803817372552,1
1397.0,proton,nucleon_like,baryon,9.562573958959392,9.562573958959392,nan,0
1398.0,pion,pion_like,meson,22.64149675710763,1.3867355608377645,21.254761196269868,1
1398.0,rho,rho_like,meson,9.09682520892835,3.968253882928347,5.128571326000002,1
1398.0,proton,nucleon_like,baryon,10.68118985498172,5.421904245881717,5.259285609100003,1
1399.0,pion,pion_like,meson,33.145577595635295,7.128911796190827,26.01666579944447,1
1399.0,rho,rho_like,meson,10.119752889549765,3.0864196968830973,7.033333192666667,1
1399.0,proton,nucleon_like,baryon,2.846159455948179,2.846159455948179,nan,0
1400.0,pion,pion_like,meson,35.93668534260496,7.539067241573188,28.397618101031775,1
1400.0,rho,rho_like,meson,10.631216734351298,2.6455026083512956,7.985714126000002,1
1400.0,proton,nucleon_like,baryon,11.193141266562344,3.8952842696623424,7.297856996900002,1
1401.0,pion,pion_like,meson,26.54111810618508,9.042970541308515,17.498147564876568,1
1401.0,rho,rho_like,meson,20.372153131926787,14.746227318519377,5.62592581340741,1
1401.0,proton,nucleon_like,baryon,17.81721144839598,12.761100438407086,5.056111009988893,1
1402.0,pion,pion_like,meson,24.21980643872041,2.049294357224655,22.170512081495758,1
1402.0,rho,rho_like,meson,8.818708267914943,3.3238365829405785,5.494871684974364,1
1402.0,proton,nucleon_like,baryon,9.488585034797637,4.558969748774555,4.929615286023083,1
1403.0,pion,pion_like,meson,0.0,nan,nan,0
1403.0,rho,rho_like,meson,0.0,nan,nan,0
1403.0,proton,nucleon_like,baryon,0.0,nan,nan,0
1404.0,pion,pion_like,meson,26.541118106185074,9.042970541308511,17.498147564876565,1
1404.0,rho,rho_like,meson,25.24595272284518,18.175582493882214,7.0703702289629655,1
1404.0,proton,nucleon_like,baryon,22.78291774952894,15.504584561762272,7.278333187766669,1
1405.0,pion,pion_like,meson,19.030078119373236,0.15626922469068055,18.873808894682554,1
1405.0,rho,rho_like,meson,9.835802273209053,4.85008808720905,4.985714186000003,1
1405.0,proton,nucleon_like,baryon,8.760257048188192,8.760257048188192,nan,0
1406.0,pion,pion_like,meson,26.37588980249788,8.986674695863874,17.389215106634005,1
1406.0,rho,rho_like,meson,19.380464304701338,13.798111475171925,5.5823528295294125,1
1406.0,proton,nucleon_like,baryon,16.418242119897233,11.86324221099723,4.554999908900002,1
1407.0,pion,pion_like,meson,35.93668534260497,7.539067241573184,28.39761810103178,1
1407.0,rho,rho_like,meson,10.631216734351295,2.64550260835129,7.985714126000006,1
1407.0,proton,nucleon_like,baryon,11.193141266562337,3.895284269662332,7.297856996900005,1
1408.0,pion,pion_like,meson,18.449913271308535,0.7665805274196315,17.683332743888904,1
1408.0,rho,rho_like,meson,11.487036810154093,5.7870369241540915,5.699999886000001,1
1408.0,proton,nucleon_like,baryon,10.16023483673089,10.16023483673089,nan,0
1409.0,pion,pion_like,meson,21.994778130365464,0.8800729518360256,21.114705178529437,1
1409.0,rho,rho_like,meson,9.792955497531873,4.720406579375007,5.0725489181568655,1
1409.0,proton,nucleon_like,baryon,12.046182123172082,6.618829290542671,5.427352832629412,1
1410.0,pion,pion_like,meson,38.03001615283222,7.846683825609956,30.18333232722226,1
1410.0,rho,rho_like,meson,11.632098549517764,2.9320987235177594,8.699999826000004,1
1410.0,proton,nucleon_like,baryon,2.8753603266132317,2.8753603266132317,nan,0
1411.0,pion,pion_like,meson,26.19000796084979,8.923341869738659,17.266666091111134,1
1411.0,rho,rho_like,meson,26.051851192497505,18.518518009830835,7.53333318266667,1
1411.0,proton,nucleon_like,baryon,23.177781009423015,15.482781163323011,7.694999846100003,1
1412.0,pion,pion_like,meson,13.8967265571887,2.4633936049664618,11.433332952222239,1
1412.0,rho,rho_like,meson,7.983950428493527,4.783950492493524,3.1999999360000033,1
1412.0,proton,nucleon_like,baryon,7.991793957146946,7.991793957146946,nan,0
1413.0,pion,pion_like,meson,35.93668534260496,7.539067241573184,28.397618101031775,1
1413.0,rho,rho_like,meson,10.631216734351295,2.645502608351293,7.985714126000002,1
1413.0,proton,nucleon_like,baryon,2.4395652601534024,2.4395652601534024,nan,0
1414.0,pion,pion_like,meson,27.051823772127314,9.216975881773758,17.834847890353558,1
1414.0,rho,rho_like,meson,24.073736766987263,17.676767197956956,6.396969569030307,1
1414.0,proton,nucleon_like,baryon,34.7665028383252,24.91241212631611,9.854090712009095,1
1415.0,pion,pion_like,meson,25.979341873648618,8.851564666796744,17.127777206851874,1
1415.0,rho,rho_like,meson,21.115637329795682,15.637859661573456,5.477777668222225,1
1415.0,proton,nucleon_like,baryon,18.9455632943398,13.000563413239796,5.944999881100001,1
1416.0,pion,pion_like,meson,25.979341873648615,8.851564666796744,17.12777720685187,1
1416.0,rho,rho_like,meson,21.11563732979567,15.637859661573447,5.477777668222224,1
1416.0,proton,nucleon_like,baryon,18.945563294339777,13.000563413239773,5.944999881100004,1
1417.0,pion,pion_like,meson,38.030016152832204,7.846683825609958,30.18333232722225,1
1417.0,rho,rho_like,meson,11.632098549517758,2.9320987235177576,8.699999826,1
1417.0,proton,nucleon_like,baryon,2.87536032661323,2.87536032661323,nan,0
1418.0,pion,pion_like,meson,26.54111810618508,9.042970541308515,17.498147564876568,1
1418.0,rho,rho_like,meson,20.372153131926787,14.746227318519377,5.62592581340741,1
1418.0,proton,nucleon_like,baryon,17.81721144839598,12.761100438407086,5.056111009988893,1
1419.0,pion,pion_like,meson,26.82200622245331,9.138673478564398,17.68333274388891,1
1419.0,rho,rho_like,meson,22.058024138210047,16.358024252210043,5.699999886000003,1
1419.0,proton,nucleon_like,baryon,19.372365729201288,19.372365729201288,nan,0
1420.0,pion,pion_like,meson,26.19000796084979,8.923341869738657,17.266666091111134,1
1420.0,rho,rho_like,meson,22.456172273022574,16.58950572368924,5.866666549333336,1
1420.0,proton,nucleon_like,baryon,21.69584567197056,14.625845813370558,7.069999858600003,1
1421.0,pion,pion_like,meson,28.014943156814077,3.1093884314436844,24.905554725370393,1
1421.0,rho,rho_like,meson,9.469547118704874,2.8806583615937638,6.5888887571111106,1
1421.0,proton,nucleon_like,baryon,9.883884749882174,4.395551526315508,5.488333223566667,1
1422.0,pion,pion_like,meson,26.375889802497888,8.986674695863876,17.389215106634012,1
1422.0,rho,rho_like,meson,23.93311486410513,17.429193425556107,6.503921438549021,1
1422.0,proton,nucleon_like,baryon,21.654284086238018,14.76810775337331,6.886176332864708,1
1423.0,pion,pion_like,meson,25.979341873648618,8.851564666796744,17.127777206851874,1
1423.0,rho,rho_like,meson,24.617694850568935,17.695472766791156,6.92222208377778,1
1423.0,proton,nucleon_like,baryon,21.924987075019565,14.646653887252896,7.278333187766668,1
1424.0,pion,pion_like,meson,24.96888759673496,1.8933981698395044,23.075489426895455,1
1424.0,rho,rho_like,meson,9.851052803810514,3.9941901758497256,5.856862627960788,1
1424.0,proton,nucleon_like,baryon,10.696963332857788,5.836081077134253,4.860882255723534,1
1425.0,pion,pion_like,meson,25.460779197461108,8.674882321093571,16.785896876367538,1
1425.0,rho,rho_like,meson,21.08746385505245,15.669515245462708,5.417948609589744,1
1425.0,proton,nucleon_like,baryon,18.841186621103372,12.588494438464906,6.252692182638465,1
1426.0,pion,pion_like,meson,26.94238684371112,9.179689023102632,17.762697820608487,1
1426.0,rho,rho_like,meson,25.694708345899645,18.518518013232974,7.17619033266667,1
1426.0,proton,nucleon_like,baryon,23.39572537417851,16.117392186411845,7.278333187766668,1
1427.0,pion,pion_like,meson,8.810055766753047,3.001722627030815,5.808333139722232,1
1427.0,rho,rho_like,meson,13.706172491403912,8.256172600403909,5.449999891000002,1
1427.0,proton,nucleon_like,baryon,15.926290185363467,10.106290301763465,5.819999883600001,1
1428.0,pion,pion_like,meson,38.03001615283221,7.846683825609954,30.183332327222256,1
1428.0,rho,rho_like,meson,11.632098549517764,2.9320987235177585,8.699999826000004,1
1428.0,proton,nucleon_like,baryon,11.14053409001701,3.4855342431170073,7.654999846900002,1
1429.0,pion,pion_like,meson,27.151744445898622,9.251020404908262,17.90072404099036,1
1429.0,rho,rho_like,meson,22.695168511748413,16.90821210574841,5.786956406000002,1
1429.0,proton,nucleon_like,baryon,21.124647803839345,15.005734882739342,6.118912921100002,1
1430.0,pion,pion_like,meson,33.1455775956353,7.128911796190824,26.016665799444475,1
1430.0,rho,rho_like,meson,10.119752889549765,3.086419696883096,7.03333319266667,1
1430.0,proton,nucleon_like,baryon,11.921720358228013,5.100053827994678,6.821666530233335,1
1431.0,pion,pion_like,meson,20.07674352448686,0.31007751670906747,19.766666007777793,1
1431.0,rho,rho_like,meson,9.882098564741808,5.015431995408473,4.866666569333335,1
1431.0,proton,nucleon_like,baryon,17.006427380197238,9.961427521097237,7.0449998591000025,1
1432.0,pion,pion_like,meson,21.542075091645945,0.5254091255348027,21.01666596611114,1
1432.0,rho,rho_like,meson,10.280246699554354,5.246913466887682,5.0333332326666715,1
1432.0,proton,nucleon_like,baryon,9.126191824403499,9.126191824403499,nan,0
1433.0,pion,pion_like,meson,25.979341873648615,8.851564666796744,17.12777720685187,1
1433.0,rho,rho_like,meson,24.617694850568927,17.69547276679115,6.922222083777778,1
1433.0,proton,nucleon_like,baryon,20.891549521767452,20.891549521767452,nan,0
1434.0,pion,pion_like,meson,15.867369687992326,5.406258925584907,10.461110762407419,1
1434.0,rho,rho_like,meson,22.897530268196327,14.197530442196324,8.699999826,1
1434.0,proton,nucleon_like,baryon,16.310341679829946,16.310341679829946,nan,0
1435.0,pion,pion_like,meson,35.93668534260496,7.539067241573188,28.397618101031775,1
1435.0,rho,rho_like,meson,10.631216734351304,2.645502608351299,7.985714126000004,1
1435.0,proton,nucleon_like,baryon,11.193141266562343,3.8952842696623406,7.297856996900003,1
1436.0,pion,pion_like,meson,35.936685342604974,7.5390672415731865,28.39761810103179,1
1436.0,rho,rho_like,meson,10.631216734351298,2.6455026083512907,7.9857141260000075,1
1436.0,proton,nucleon_like,baryon,11.19314126656235,3.895284269662343,7.297856996900007,1
1437.0,pion,pion_like,meson,25.738580631132997,8.769533577720273,16.969047053412723,1
1437.0,rho,rho_like,meson,27.088006367764777,18.959435101764775,8.128571266000003,1
1437.0,proton,nucleon_like,baryon,23.685462343572524,15.454748222472524,8.230714121100002,1
1438.0,pion,pion_like,meson,24.219806438720404,2.0492943572246567,22.170512081495747,1
1438.0,rho,rho_like,meson,8.818708267914932,3.3238365829405705,5.494871684974361,1
1438.0,proton,nucleon_like,baryon,6.363341528937717,6.363341528937717,nan,0
1439.0,pion,pion_like,meson,33.1455775956353,7.128911796190824,26.016665799444482,1
1439.0,rho,rho_like,meson,10.119752889549764,3.0864196968830924,7.033333192666672,1
1439.0,proton,nucleon_like,baryon,11.921720358228026,5.100053827994684,6.82166653023334,1
1440.0,pion,pion_like,meson,19.79788918375779,3.781223050979991,16.016666132777797,1
1440.0,rho,rho_like,meson,11.419752945435153,11.419752945435153,nan,0
1440.0,proton,nucleon_like,baryon,21.936127306664126,21.936127306664126,nan,0
1441.0,pion,pion_like,meson,15.910076996709078,0.3100775167090656,15.599999480000012,1
1441.0,rho,rho_like,meson,7.953086278600214,3.0864197092668784,4.8666665693333355,1
1441.0,proton,nucleon_like,baryon,6.597915142530295,6.597915142530295,nan,0
1442.0,pion,pion_like,meson,12.563791324056172,3.2137916357228287,9.349999688333344,1
1442.0,rho,rho_like,meson,9.249569535790965,5.882902936457631,3.366666599333334,1
1442.0,proton,nucleon_like,baryon,12.450613311906551,8.202583093836852,4.248030218069698,1
1443.0,pion,pion_like,meson,26.541118106185074,9.042970541308511,17.49814756487656,1
1443.0,rho,rho_like,meson,25.245952722845182,18.175582493882217,7.0703702289629655,1
1443.0,proton,nucleon_like,baryon,22.78291774952895,15.504584561762279,7.27833318776667,1
1444.0,pion,pion_like,meson,11.970047074770632,4.078380671159512,7.8916664036111195,1
1444.0,rho,rho_like,meson,13.899073705729087,8.449073814729086,5.449999891000001,1
1444.0,proton,nucleon_like,baryon,15.866225118310656,10.04622523471065,5.819999883600004,1
1445.0,pion,pion_like,meson,26.541118106185074,9.042970541308511,17.498147564876565,1
1445.0,rho,rho_like,meson,22.08683071960821,16.4609049062008,5.6259258134074095,1
1445.0,proton,nucleon_like,baryon,20.300064598962468,14.132842500084687,6.16722209887778,1
1446.0,pion,pion_like,meson,26.190007960849787,8.923341869738657,17.26666609111113,1
1446.0,rho,rho_like,meson,22.456172273022574,16.58950572368924,5.866666549333336,1
1446.0,proton,nucleon_like,baryon,20.384571215035717,13.939571343935711,6.444999871100005,1
1447.0,pion,pion_like,meson,23.236734832504453,1.3867355608377645,21.84999927166669,1
1447.0,rho,rho_like,meson,9.610493625996195,4.24382706666286,5.366666559333336,1
1447.0,proton,nucleon_like,baryon,11.162502723534411,5.992502826934408,5.169999896600003,1
1448.0,pion,pion_like,meson,26.37588980249788,8.986674695863874,17.38921510663401,1
1448.0,rho,rho_like,meson,23.933114864105125,17.429193425556104,6.503921438549021,1
1448.0,proton,nucleon_like,baryon,21.65428408623801,14.7681077533733,6.88617633286471,1
1449.0,pion,pion_like,meson,25.979341873648618,8.851564666796744,17.127777206851874,1
1449.0,rho,rho_like,meson,19.05802422457797,13.580246556355746,5.477777668222223,1
1449.0,proton,nucleon_like,baryon,21.090322270538152,15.14532238943815,5.944999881100001,1
1450.0,pion,pion_like,meson,18.207608577693136,1.8400652636287962,16.367543314064342,1
1450.0,rho,rho_like,meson,6.070370254155131,2.3879141874533754,3.682456066701756,1
1450.0,proton,nucleon_like,baryon,5.302727757254848,5.302727757254848,nan,0
1451.0,pion,pion_like,meson,25.460779197461115,8.674882321093573,16.78589687636754,1
1451.0,rho,rho_like,meson,25.51291483286776,18.043684213021603,7.469230619846157,1
1451.0,proton,nucleon_like,baryon,22.278983291118507,14.487829600787732,7.791153690330774,1
1452.0,pion,pion_like,meson,25.73858063113299,8.769533577720273,16.96904705341272,1
1452.0,rho,rho_like,meson,22.978659031221998,16.754849631888664,6.223809399333334,1
1452.0,proton,nucleon_like,baryon,20.49322257855848,13.691079857458478,6.802142721100001,1
1453.0,pion,pion_like,meson,26.190007960849787,8.923341869738657,17.26666609111113,1
1453.0,rho,rho_like,meson,26.051851192497505,18.518518009830835,7.53333318266667,1
1453.0,proton,nucleon_like,baryon,21.900642411074475,21.900642411074475,nan,0
1454.0,pion,pion_like,meson,38.03001615283222,7.846683825609956,30.18333232722226,1
1454.0,rho,rho_like,meson,11.632098549517764,2.9320987235177594,8.699999826000004,1
1454.0,proton,nucleon_like,baryon,2.8753603266132317,2.8753603266132317,nan,0
1455.0,pion,pion_like,meson,27.243338396855652,9.282227884448222,17.96111051240743,1
1455.0,rho,rho_like,meson,28.42839434284044,20.061727843507104,8.366666499333336,1
1455.0,proton,nucleon_like,baryon,34.62269928698234,24.011032832549002,10.611666454433337,1
1456.0,pion,pion_like,meson,26.68895395685257,9.093340508285294,17.595613448567274,1
1456.0,rho,rho_like,meson,23.392656980054756,17.218972893002125,6.173684087052632,1
1456.0,proton,nucleon_like,baryon,24.082469950628,16.453259576896418,7.629210373731582,1
1457.0,pion,pion_like,meson,19.337694797581698,4.273409585438824,15.064285212142874,1
1457.0,rho,rho_like,meson,12.125220308859715,12.125220308859715,nan,0
1457.0,proton,nucleon_like,baryon,23.07670327477353,23.07670327477353,nan,0
1458.0,pion,pion_like,meson,39.65816233856453,8.085941168749669,31.57222116981486,1
1458.0,rho,rho_like,meson,12.78779125282604,3.5322358823815874,9.255555370444451,1
1458.0,proton,nucleon_like,baryon,3.666986925324479,3.666986925324479,nan,0
1459.0,pion,pion_like,meson,38.03001615283222,7.846683825609958,30.183332327222256,1
1459.0,rho,rho_like,meson,11.632098549517762,2.9320987235177576,8.699999826000004,1
1459.0,proton,nucleon_like,baryon,11.14053409001702,3.485534243117017,7.654999846900004,1
1460.0,pion,pion_like,meson,33.145577595635295,7.128911796190827,26.01666579944447,1
1460.0,rho,rho_like,meson,10.119752889549769,3.086419696883101,7.033333192666668,1
1460.0,proton,nucleon_like,baryon,2.846159455948183,2.846159455948183,nan,0
1461.0,pion,pion_like,meson,25.979341873648615,8.851564666796744,17.12777720685187,1
1461.0,rho,rho_like,meson,21.11563732979567,15.637859661573447,5.477777668222224,1
1461.0,proton,nucleon_like,baryon,18.945563294339777,13.000563413239773,5.944999881100004,1
1462.0,pion,pion_like,meson,21.70142050839524,1.7453605675366335,19.95605994085861,1
1462.0,rho,rho_like,meson,8.50168339672445,8.50168339672445,nan,0
1462.0,proton,nucleon_like,baryon,17.218290347666134,17.218290347666134,nan,0
1463.0,pion,pion_like,meson,33.1455775956353,7.128911796190824,26.016665799444482,1
1463.0,rho,rho_like,meson,10.119752889549764,3.0864196968830924,7.033333192666672,1
1463.0,proton,nucleon_like,baryon,11.921720358228026,5.100053827994684,6.82166653023334,1
1464.0,pion,pion_like,meson,21.207468497809774,0.2632662973991229,20.94420220041065,1
1464.0,rho,rho_like,meson,10.640418457570945,5.636070731570944,5.004347726000001,1
1464.0,proton,nucleon_like,baryon,13.707911840969032,8.075955431869028,5.631956409100004,1
1465.0,pion,pion_like,meson,25.73858063113299,8.769533577720273,16.96904705341272,1
1465.0,rho,rho_like,meson,27.08800636776478,18.959435101764775,8.128571266000005,1
1465.0,proton,nucleon_like,baryon,26.136442619285162,17.19144279818516,8.944999821100001,1
1466.0,pion,pion_like,meson,38.03001615283222,7.846683825609956,30.18333232722226,1
1466.0,rho,rho_like,meson,11.632098549517764,2.9320987235177594,8.699999826000004,1
1466.0,proton,nucleon_like,baryon,2.8753603266132317,2.8753603266132317,nan,0
1467.0,pion,pion_like,meson,27.24333839685565,9.282227884448222,17.961110512407426,1
1467.0,rho,rho_like,meson,26.03127506319049,18.77571965274604,7.255555410444447,1
1467.0,proton,nucleon_like,baryon,34.81121291437851,24.616213118278505,10.194999796100003,1
1468.0,pion,pion_like,meson,42.02637497235696,8.433951849680156,33.592423122676806,1
1468.0,rho,rho_like,meson,14.468798821274424,4.405162658910784,10.06363616236364,1
1468.0,proton,nucleon_like,baryon,4.818443796177192,4.818443796177192,nan,0
1469.0,pion,pion_like,meson,25.460779197461118,8.674882321093573,16.785896876367545,1
1469.0,rho,rho_like,meson,21.087463855052462,15.669515245462716,5.417948609589747,1
1469.0,proton,nucleon_like,baryon,18.841186621103382,12.58849443846492,6.252692182638464,1
1470.0,pion,pion_like,meson,22.908843565883576,2.9527836250249644,19.956059940858612,1
1470.0,rho,rho_like,meson,5.535016730624436,0.9259259137153418,4.609090816909094,1
1470.0,proton,nucleon_like,baryon,3.2159921928544892,3.2159921928544892,nan,0
1471.0,pion,pion_like,meson,26.54111810618507,9.04297054130851,17.49814756487656,1
1471.0,rho,rho_like,meson,18.657475544245358,13.031549730837952,5.625925813407407,1
1471.0,proton,nucleon_like,baryon,15.944358285629493,11.38935837672949,4.554999908900003,1
1472.0,pion,pion_like,meson,12.496712292773566,4.2578236785142956,8.23888861425927,1
1472.0,rho,rho_like,meson,11.282865392048093,7.108118000795568,4.174747391252525,1
1472.0,proton,nucleon_like,baryon,13.746651935073427,8.892561123064336,4.854090812009091,1
1473.0,pion,pion_like,meson,35.936685342604974,7.5390672415731865,28.39761810103179,1
1473.0,rho,rho_like,meson,10.631216734351298,2.6455026083512907,7.9857141260000075,1
1473.0,proton,nucleon_like,baryon,2.4395652601534006,2.4395652601534006,nan,0
1474.0,pion,pion_like,meson,27.664670571258,9.42578229033205,18.23888828092595,1
1474.0,rho,rho_like,meson,34.173250162277526,23.251028158499743,10.922222003777781,1
1474.0,proton,nucleon_like,baryon,27.729724780713774,27.729724780713774,nan,0
1475.0,pion,pion_like,meson,40.96067928715037,8.27734704326144,32.68333224388893,1
1475.0,rho,rho_like,meson,13.712345415472644,4.012345609472642,9.699999806000003,1
1475.0,proton,nucleon_like,baryon,11.610093899277883,3.455094062377881,8.154999836900002,1
1476.0,pion,pion_like,meson,19.685916664768172,0.3359173097681534,19.34999935500002,1
1476.0,rho,rho_like,meson,11.230863969217502,5.8641974098841665,5.366666559333336,1
1476.0,proton,nucleon_like,baryon,10.124195796499217,10.124195796499217,nan,0
1477.0,pion,pion_like,meson,20.868653889707957,2.7467246692108573,18.1219292204971,1
1477.0,rho,rho_like,meson,5.613580134860575,1.738141615878115,3.8754385189824596,1
1477.0,proton,nucleon_like,baryon,4.252197260311972,4.252197260311972,nan,0
1478.0,pion,pion_like,meson,20.890816617353018,0.4297061882789206,20.461110429074097,1
1478.0,rho,rho_like,meson,9.955143827785811,5.14403281289692,4.8111110148888905,1
1478.0,proton,nucleon_like,baryon,12.831674922850013,7.175563924861123,5.65611099798889,1
1479.0,pion,pion_like,meson,26.19000796084979,8.923341869738657,17.266666091111134,1
1479.0,rho,rho_like,meson,22.456172273022574,16.58950572368924,5.866666549333336,1
1479.0,proton,nucleon_like,baryon,21.695845671970552,14.625845813370553,7.0699998586,1
1480.0,pion,pion_like,meson,31.39083604465522,3.4133859968447275,27.977450047810493,1
1480.0,rho,rho_like,meson,11.630282960628426,3.8126360581578345,7.8176469024705915,1
1480.0,proton,nucleon_like,baryon,12.578930432683435,6.54157761225402,6.037352820429416,1
1481.0,pion,pion_like,meson,26.375889802497888,8.986674695863874,17.389215106634012,1
1481.0,rho,rho_like,meson,23.933114864105136,17.42919342555611,6.503921438549024,1
1481.0,proton,nucleon_like,baryon,20.612369333092737,20.612369333092737,nan,0
1482.0,pion,pion_like,meson,21.847845989911864,1.3867355608377607,20.461110429074104,1
1482.0,rho,rho_like,meson,8.41193398617123,3.6008229712823363,4.811111014888893,1
1482.0,proton,nucleon_like,baryon,10.039439363578133,4.661106137811461,5.3783332257666725,1
1483.0,pion,pion_like,meson,38.030016152832204,7.846683825609958,30.18333232722225,1
1483.0,rho,rho_like,meson,11.632098549517758,2.9320987235177576,8.699999826,1
1483.0,proton,nucleon_like,baryon,2.87536032661323,2.87536032661323,nan,0
1484.0,pion,pion_like,meson,40.96067928715036,8.277347043261438,32.68333224388893,1
1484.0,rho,rho_like,meson,13.712345415472647,4.012345609472644,9.699999806000005,1
1484.0,proton,nucleon_like,baryon,11.610093899277896,3.4550940623778907,8.154999836900005,1
1485.0,pion,pion_like,meson,25.979341873648615,8.851564666796744,17.12777720685187,1
1485.0,rho,rho_like,meson,19.058024224577967,13.580246556355746,5.477777668222221,1
1485.0,proton,nucleon_like,baryon,15.966139513660002,11.354472939226667,4.611666574433334,1
1486.0,pion,pion_like,meson,27.051823772127314,9.216975881773758,17.834847890353554,1
1486.0,rho,rho_like,meson,22.034455117066095,16.273849171672154,5.76060594539394,1
1486.0,proton,nucleon_like,baryon,19.312618323942196,13.09489117556947,6.2177271483727266,1
1487.0,pion,pion_like,meson,7.440726199945413,2.5351708079083743,4.905555392037039,1
1487.0,rho,rho_like,meson,13.922221875152577,8.333333098041464,5.588888777111113,1
1487.0,proton,nucleon_like,baryon,16.124219855269228,10.179219974169225,5.944999881100003,1
1488.0,pion,pion_like,meson,35.93668534260497,7.539067241573184,28.39761810103178,1
1488.0,rho,rho_like,meson,10.631216734351295,2.64550260835129,7.985714126000006,1
1488.0,proton,nucleon_like,baryon,11.193141266562348,3.895284269662341,7.297856996900007,1
1489.0,pion,pion_like,meson,25.460779197461115,8.674882321093573,16.78589687636754,1
1489.0,rho,rho_like,meson,25.512914832867754,18.0436842130216,7.469230619846155,1
1489.0,proton,nucleon_like,baryon,22.278983291118507,14.487829600787732,7.791153690330774,1
1490.0,pion,pion_like,meson,26.19000796084979,8.923341869738657,17.266666091111134,1
1490.0,rho,rho_like,meson,22.456172273022574,16.58950572368924,5.866666549333336,1
1490.0,proton,nucleon_like,baryon,24.771825907452126,17.076826061352122,7.694999846100004,1
1491.0,pion,pion_like,meson,35.93668534260497,7.5390672415731865,28.397618101031778,1
1491.0,rho,rho_like,meson,10.631216734351295,2.6455026083512907,7.985714126000004,1
1491.0,proton,nucleon_like,baryon,11.193141266562353,3.8952842696623473,7.2978569969000056,1
1492.0,pion,pion_like,meson,28.014943156814084,3.1093884314436826,24.9055547253704,1
1492.0,rho,rho_like,meson,9.469547118704881,2.880658361593768,6.588888757111113,1
1492.0,proton,nucleon_like,baryon,18.289113091273986,10.800779907707318,7.488333183566668,1
1493.0,pion,pion_like,meson,15.546563265678323,0.9334058580467358,14.613157407631586,1
1493.0,rho,rho_like,meson,7.421897197660215,3.037686759028635,4.38421043863158,1
1493.0,proton,nucleon_like,baryon,6.353258254197722,6.353258254197722,nan,0
1494.0,pion,pion_like,meson,26.37588980249788,8.986674695863874,17.38921510663401,1
1494.0,rho,rho_like,meson,23.93311486410513,17.429193425556107,6.503921438549022,1
1494.0,proton,nucleon_like,baryon,28.286348355170794,19.635466175247263,8.650882179923531,1
1495.0,pion,pion_like,meson,25.979341873648618,8.851564666796744,17.127777206851874,1
1495.0,rho,rho_like,meson,21.11563732979568,15.637859661573454,5.477777668222224,1
1495.0,proton,nucleon_like,baryon,20.78870046670427,14.177033932270936,6.611666534433336,1
1496.0,pion,pion_like,meson,26.822006222453307,9.138673478564396,17.68333274388891,1
1496.0,rho,rho_like,meson,27.477777082703263,19.444443910036593,8.03333317266667,1
1496.0,proton,nucleon_like,baryon,23.07606929573078,23.07606929573078,nan,0
1497.0,pion,pion_like,meson,38.03001615283222,7.8466838256099605,30.18333232722226,1
1497.0,rho,rho_like,meson,11.632098549517764,2.932098723517759,8.699999826000004,1
1497.0,proton,nucleon_like,baryon,11.140534090017022,3.485534243117018,7.6549998469000045,1
1498.0,pion,pion_like,meson,19.05533507854383,0.9334058580467358,18.121929220497094,1
1498.0,rho,rho_like,meson,7.633073279511498,3.248862840879918,4.384210438631579,1
1498.0,proton,nucleon_like,baryon,11.008269715291316,5.67379613777026,5.334473577521056,1
1499.0,pion,pion_like,meson,35.93668534260497,7.5390672415731865,28.397618101031778,1
1499.0,rho,rho_like,meson,10.631216734351295,2.6455026083512907,7.985714126000004,1
1499.0,proton,nucleon_like,baryon,2.4395652601534006,2.4395652601534006,nan,0
1500.0,pion,pion_like,meson,14.671329967108246,4.998749644366302,9.672580322741943,1
1500.0,rho,rho_like,meson,20.013420424221124,12.34567864209209,7.667741782129035,1
1500.0,proton,nucleon_like,baryon,14.910751434080764,14.910751434080764,nan,0
1501.0,pion,pion_like,meson,38.030016152832204,7.846683825609958,30.18333232722225,1
1501.0,rho,rho_like,meson,11.632098549517755,2.932098723517754,8.699999826,1
1501.0,proton,nucleon_like,baryon,11.140534090017015,3.485534243117014,7.654999846900001,1
1502.0,pion,pion_like,meson,38.03001615283222,7.8466838256099605,30.18333232722226,1
1502.0,rho,rho_like,meson,11.632098549517767,2.932098723517762,8.699999826000004,1
1502.0,proton,nucleon_like,baryon,2.875360326613236,2.875360326613236,nan,0
1503.0,pion,pion_like,meson,26.541118106185074,9.042970541308511,17.498147564876565,1
1503.0,rho,rho_like,meson,22.086830719608205,16.460904906200795,5.625925813407409,1
1503.0,proton,nucleon_like,baryon,20.300064598962475,14.132842500084697,6.167222098877778,1
1504.0,pion,pion_like,meson,25.738580631132987,8.76953357772027,16.969047053412716,1
1504.0,rho,rho_like,meson,22.978659031221998,16.75484963188866,6.223809399333336,1
1504.0,proton,nucleon_like,baryon,20.49322257855848,13.691079857458476,6.802142721100003,1
1505.0,pion,pion_like,meson,35.93668534260496,7.539067241573188,28.397618101031775,1
1505.0,rho,rho_like,meson,10.631216734351304,2.645502608351299,7.985714126000004,1
1505.0,proton,nucleon_like,baryon,2.439565260153411,2.439565260153411,nan,0
1506.0,pion,pion_like,meson,19.030078119373243,0.15626922469068055,18.87380889468256,1
1506.0,rho,rho_like,meson,9.835802273209051,4.85008808720905,4.985714186000002,1
1506.0,proton,nucleon_like,baryon,12.34595552840622,6.372384219306219,5.973571309100001,1
1507.0,pion,pion_like,meson,26.82200622245331,9.138673478564398,17.68333274388891,1
1507.0,rho,rho_like,meson,22.058024138210047,16.358024252210043,5.699999886000003,1
1507.0,proton,nucleon_like,baryon,20.232459306103863,14.28745942500386,5.944999881100003,1
1508.0,pion,pion_like,meson,29.238026749877765,6.554694172655521,22.683332577222245,1
1508.0,rho,rho_like,meson,9.403703506827624,3.703703620827622,5.699999886000001,1
1508.0,proton,nucleon_like,baryon,12.94173108655997,6.786731209659969,6.154999876900002,1
1509.0,pion,pion_like,meson,26.508578942717627,2.3437649333966064,24.16481400932102,1
1509.0,rho,rho_like,meson,10.064883184089904,3.772290717349158,6.292592466740746,1
1509.0,proton,nucleon_like,baryon,10.85203941865634,5.697039521756334,5.154999896900004,1
1510.0,pion,pion_like,meson,15.867369687992328,5.406258925584908,10.46111076240742,1
1510.0,rho,rho_like,meson,20.979834844476365,13.168723889587472,7.811110954888892,1
1510.0,proton,nucleon_like,baryon,15.075773824320114,15.075773824320114,nan,0
1511.0,pion,pion_like,meson,23.699697780035326,1.3867355608377607,22.312962219197566,1
1511.0,rho,rho_like,meson,10.010013505937867,4.458161765123046,5.551851740814819,1
1511.0,proton,nucleon_like,baryon,11.536857176853172,6.436301723308721,5.100555453544452,1
1512.0,pion,pion_like,meson,38.03001615283222,7.846683825609958,30.183332327222256,1
1512.0,rho,rho_like,meson,11.632098549517762,2.9320987235177576,8.699999826000004,1
1512.0,proton,nucleon_like,baryon,2.87536032661323,2.87536032661323,nan,0
1513.0,pion,pion_like,meson,27.862944535682637,9.493337304865618,18.369607230817017,1
1513.0,rho,rho_like,meson,37.44073979016555,25.054465528087114,12.386274262078436,1
1513.0,proton,nucleon_like,baryon,29.91402712027727,29.91402712027727,nan,0
1514.0,pion,pion_like,meson,26.94238684371112,9.179689023102632,17.762697820608487,1
1514.0,rho,rho_like,meson,22.955143454871124,17.0487943666489,5.906349088222226,1
1514.0,proton,nucleon_like,baryon,21.267565530835807,14.941613276402471,6.325952254433337,1
1515.0,pion,pion_like,meson,18.290029690805813,6.23169675941691,12.058332931388902,1
1515.0,rho,rho_like,meson,22.610493242825193,14.660493401825192,7.949999841000001,1
1515.0,proton,nucleon_like,baryon,19.641180581113687,11.321180747513685,8.319999833600004,1
1516.0,pion,pion_like,meson,15.75539716900272,1.9609531843730705,13.794443984629648,1
1516.0,rho,rho_like,meson,7.18971178077265,3.6008229636615368,3.5888888171111133,1
1516.0,proton,nucleon_like,baryon,10.078694880244395,5.200361644477726,4.878333235766669,1
1517.0,pion,pion_like,meson,21.27362836637656,0.8125179373024566,20.461110429074104,1
1517.0,rho,rho_like,meson,9.337859891139981,4.526748876251088,4.811111014888893,1
1517.0,proton,nucleon_like,baryon,11.714780699141254,6.1697808100412495,5.544999889100005,1
1518.0,pion,pion_like,meson,26.190007960849787,8.923341869738657,17.26666609111113,1
1518.0,rho,rho_like,meson,22.456172273022574,16.58950572368924,5.866666549333336,1
1518.0,proton,nucleon_like,baryon,20.384571215035724,13.93957134393572,6.444999871100003,1
1519.0,pion,pion_like,meson,25.979341873648618,8.851564666796744,17.127777206851874,1
1519.0,rho,rho_like,meson,21.115637329795675,15.63785966157345,5.477777668222224,1
1519.0,proton,nucleon_like,baryon,18.945563294339784,13.000563413239783,5.944999881100001,1
1520.0,pion,pion_like,meson,26.396726140522038,2.463393604966466,23.93333253555557,1
1520.0,rho,rho_like,meson,9.672222013917233,3.472222137917236,6.199999875999997,1
1520.0,proton,nucleon_like,baryon,10.315832747087956,5.1608328501879575,5.154999896899999,1
1521.0,pion,pion_like,meson,26.190007960849787,8.923341869738657,17.26666609111113,1
1521.0,rho,rho_like,meson,26.051851192497505,18.518518009830835,7.533333182666669,1
1521.0,proton,nucleon_like,baryon,23.17778100942301,15.48278116332301,7.694999846100002,1
1522.0,pion,pion_like,meson,42.914454710029126,8.564455855029088,34.34999885500004,1
1522.0,rho,rho_like,meson,15.09917665944257,4.732510200109234,10.366666459333336,1
1522.0,proton,nucleon_like,baryon,12.053852718677486,3.5655195551108165,8.48833316356667,1
1523.0,pion,pion_like,meson,25.460779197461108,8.674882321093571,16.785896876367538,1
1523.0,rho,rho_like,meson,16.262202844550064,10.921177310344936,5.341025534205129,1
1523.0,proton,nucleon_like,baryon,13.34482402271928,8.789824113819279,4.554999908900001,1
1524.0,pion,pion_like,meson,33.145577595635295,7.128911796190828,26.016665799444468,1
1524.0,rho,rho_like,meson,10.119752889549773,3.0864196968831052,7.033333192666667,1
1524.0,proton,nucleon_like,baryon,11.921720358228018,5.100053827994686,6.821666530233333,1
1525.0,pion,pion_like,meson,26.688953956852565,9.093340508285293,17.59561344856727,1
1525.0,rho,rho_like,meson,26.42059712277048,18.8434042918582,7.577192830912282,1
1525.0,proton,nucleon_like,baryon,22.34128158757557,22.34128158757557,nan,0
1526.0,pion,pion_like,meson,25.738580631132997,8.769533577720273,16.969047053412723,1
1526.0,rho,rho_like,meson,22.978659031222,16.754849631888664,6.223809399333336,1
1526.0,proton,nucleon_like,baryon,20.493222578558473,13.691079857458469,6.802142721100004,1
1527.0,pion,pion_like,meson,25.460779197461115,8.674882321093573,16.78589687636754,1
1527.0,rho,rho_like,meson,18.636371812108955,13.295346277903825,5.34102553420513,1
1527.0,proton,nucleon_like,baryon,15.403389951088254,10.6891592761421,4.714230674946155,1
1528.0,pion,pion_like,meson,15.130038382788225,5.155038715288211,9.974999667500013,1
1528.0,rho,rho_like,meson,22.672221630746243,13.888888473079573,8.78333315766667,1
1528.0,proton,nucleon_like,baryon,20.25287384898575,11.307874027885743,8.944999821100005,1
1529.0,pion,pion_like,meson,27.664670571258,9.42578229033205,18.23888828092595,1
1529.0,rho,rho_like,meson,32.255554738557564,22.22222160589089,10.03333313266667,1
1529.0,proton,nucleon_like,baryon,28.967914769567386,19.689581621800716,9.27833314776667,1
1530.0,pion,pion_like,meson,20.076743524486858,0.3100775167090656,19.766666007777793,1
1530.0,rho,rho_like,meson,9.88209856474181,5.015431995408475,4.8666665693333355,1
1530.0,proton,nucleon_like,baryon,12.619172687780846,6.824172803680845,5.794999884100002,1
1531.0,pion,pion_like,meson,17.972921212909924,3.5724166424216968,14.400504570488227,1
1531.0,rho,rho_like,meson,16.663336748634812,8.791619734351984,7.871717014282829,1
1531.0,proton,nucleon_like,baryon,19.607656236359546,11.880838209077728,7.726818027281818,1
1532.0,pion,pion_like,meson,35.93668534260496,7.539067241573182,28.39761810103178,1
1532.0,rho,rho_like,meson,10.631216734351291,2.645502608351288,7.985714126000004,1
1532.0,proton,nucleon_like,baryon,2.439565260153396,2.439565260153396,nan,0
1533.0,pion,pion_like,meson,21.994778130365457,0.8800729518360237,21.114705178529434,1
1533.0,rho,rho_like,meson,9.792955497531874,4.720406579375009,5.072548918156865,1
1533.0,proton,nucleon_like,baryon,12.04618212317208,6.6188292905426644,5.427352832629415,1
1534.0,pion,pion_like,meson,25.738580631132987,8.76953357772027,16.969047053412716,1
1534.0,rho,rho_like,meson,22.978659031221998,16.75484963188866,6.223809399333337,1
1534.0,proton,nucleon_like,baryon,22.94420285427111,15.42777443317111,7.5164284211000005,1
1535.0,pion,pion_like,meson,26.688953956852565,9.093340508285293,17.59561344856727,1
1535.0,rho,rho_like,meson,26.420597122770488,18.843404291858203,7.577192830912284,1
1535.0,proton,nucleon_like,baryon,23.79274786931557,16.163537495583988,7.62921037373158,1
1536.0,pion,pion_like,meson,33.1455775956353,7.128911796190822,26.01666579944448,1
1536.0,rho,rho_like,meson,10.119752889549762,3.086419696883091,7.033333192666671,1
1536.0,proton,nucleon_like,baryon,2.84615945594817,2.84615945594817,nan,0
1537.0,pion,pion_like,meson,20.076743524486872,0.3100775167090656,19.766666007777808,1
1537.0,rho,rho_like,meson,9.882098564741819,5.015431995408481,4.866666569333337,1
1537.0,proton,nucleon_like,baryon,12.619172687780855,6.8241728036808516,5.794999884100004,1
1538.0,pion,pion_like,meson,13.204182106538862,1.8933981698395062,11.310783936699357,1
1538.0,rho,rho_like,meson,8.379738373443187,4.738561975678479,3.6411763977647076,1
1538.0,proton,nucleon_like,baryon,8.107575473014785,8.107575473014785,nan,0
1539.0,pion,pion_like,meson,14.151641136901395,0.8800729518360237,13.271568185065371,1
1539.0,rho,rho_like,meson,8.074727511580306,3.649237404011677,4.42549010756863,1
1539.0,proton,nucleon_like,baryon,7.10304863634535,7.10304863634535,nan,0
1540.0,pion,pion_like,meson,38.03001615283222,7.846683825609958,30.183332327222264,1
1540.0,rho,rho_like,meson,11.632098549517767,2.932098723517761,8.699999826000006,1
1540.0,proton,nucleon_like,baryon,11.140534090017036,3.4855342431170278,7.654999846900008,1
1541.0,pion,pion_like,meson,25.979341873648615,8.851564666796744,17.12777720685187,1
1541.0,rho,rho_like,meson,19.058024224577974,13.58024655635575,5.477777668222224,1
1541.0,proton,nucleon_like,baryon,15.966139513660007,11.354472939226673,4.611666574433335,1
1542.0,pion,pion_like,meson,26.541118106185074,9.042970541308511,17.498147564876565,1
1542.0,rho,rho_like,meson,20.372153131926787,14.746227318519377,5.625925813407409,1
1542.0,proton,nucleon_like,baryon,17.817211448395984,12.761100438407093,5.056111009988891,1
1543.0,pion,pion_like,meson,39.65816233856452,8.08594116874967,31.572221169814853,1
1543.0,rho,rho_like,meson,12.787791252826032,3.5322358823815856,9.255555370444446,1
1543.0,proton,nucleon_like,baryon,3.666986925324477,3.666986925324477,nan,0
1544.0,pion,pion_like,meson,25.979341873648615,8.851564666796744,17.12777720685187,1
1544.0,rho,rho_like,meson,24.617694850568927,17.69547276679115,6.922222083777778,1
1544.0,proton,nucleon_like,baryon,20.891549521767452,20.891549521767452,nan,0
1545.0,pion,pion_like,meson,35.93668534260497,7.5390672415731865,28.397618101031778,1
1545.0,rho,rho_like,meson,10.631216734351298,2.6455026083512942,7.985714126000005,1
1545.0,proton,nucleon_like,baryon,2.4395652601534046,2.4395652601534046,nan,0
1546.0,pion,pion_like,meson,22.32895830772627,1.0741971114564035,21.254761196269868,1
1546.0,rho,rho_like,meson,7.5396824466000405,7.5396824466000405,nan,0
1546.0,proton,nucleon_like,baryon,15.662959482062396,15.662959482062396,nan,0
1547.0,pion,pion_like,meson,25.979341873648618,8.851564666796744,17.127777206851874,1
1547.0,rho,rho_like,meson,19.058024224577977,13.580246556355752,5.477777668222225,1
1547.0,proton,nucleon_like,baryon,15.95327809972813,15.95327809972813,nan,0
1548.0,pion,pion_like,meson,26.68895395685257,9.093340508285294,17.595613448567274,1
1548.0,rho,rho_like,meson,21.259453661549557,15.594541494146046,5.664912167403511,1
1548.0,proton,nucleon_like,baryon,19.088394531400134,13.564447273458027,5.523947257942107,1
1549.0,pion,pion_like,meson,25.979341873648618,8.851564666796744,17.127777206851874,1
1549.0,rho,rho_like,meson,21.115637329795675,15.637859661573453,5.477777668222224,1
1549.0,proton,nucleon_like,baryon,18.422413810747795,18.422413810747795,nan,0
1550.0,pion,pion_like,meson,20.076743524486858,0.3100775167090694,19.76666600777779,1
1550.0,rho,rho_like,meson,9.882098564741803,5.015431995408468,4.866666569333334,1
1550.0,proton,nucleon_like,baryon,13.930447144715679,7.510447273115678,6.419999871600001,1
1551.0,pion,pion_like,meson,35.93668534260497,7.5390672415731865,28.397618101031778,1
1551.0,rho,rho_like,meson,10.631216734351298,2.6455026083512942,7.985714126000005,1
1551.0,proton,nucleon_like,baryon,2.4395652601534046,2.4395652601534046,nan,0
1552.0,pion,pion_like,meson,26.190007960849783,8.923341869738655,17.266666091111126,1
1552.0,rho,rho_like,meson,18.264814374072706,12.73148115140604,5.533333222666667,1
1552.0,proton,nucleon_like,baryon,15.408151614061127,10.853151705161125,4.554999908900003,1
1553.0,pion,pion_like,meson,25.979341873648615,8.851564666796744,17.12777720685187,1
1553.0,rho,rho_like,meson,21.115637329795675,15.63785966157345,5.477777668222224,1
1553.0,proton,nucleon_like,baryon,18.945563294339784,13.000563413239783,5.944999881100002,1
1554.0,pion,pion_like,meson,26.822006222453307,9.138673478564396,17.68333274388891,1
1554.0,rho,rho_like,meson,24.601233947123315,17.901234081123317,6.699999866,1
1554.0,proton,nucleon_like,baryon,22.46702714161369,15.522027280513688,6.944999861100001,1
1555.0,pion,pion_like,meson,23.69969778003533,1.3867355608377625,22.312962219197566,1
1555.0,rho,rho_like,meson,10.010013505937867,4.4581617651230445,5.551851740814821,1
1555.0,proton,nucleon_like,baryon,7.922426543056131,7.922426543056131,nan,0
1556.0,pion,pion_like,meson,19.28717319633089,0.13325226616745978,19.15392093016343,1
1556.0,rho,rho_like,meson,10.656426800272857,5.446622982900305,5.209803817372554,1
1556.0,proton,nucleon_like,baryon,13.417165618933435,7.401577503951077,6.015588114982359,1
1557.0,pion,pion_like,meson,26.688953956852565,9.093340508285293,17.59561344856727,1
1557.0,rho,rho_like,meson,21.259453661549546,15.594541494146037,5.66491216740351,1
1557.0,proton,nucleon_like,baryon,19.08839453140012,13.564447273458013,5.523947257942108,1
1558.0,pion,pion_like,meson,19.287173196330883,0.13325226616745786,19.153920930163427,1
1558.0,rho,rho_like,meson,10.656426800272852,5.4466229829003,5.209803817372552,1
1558.0,proton,nucleon_like,baryon,14.259149444606827,7.655326047271529,6.603823397335297,1
1559.0,pion,pion_like,meson,14.904324717929825,5.078134569279018,9.826190148650806,1
1559.0,rho,rho_like,meson,23.19029921837988,14.109347019046544,9.080952199333337,1
1559.0,proton,nucleon_like,baryon,16.866900505701153,16.866900505701153,nan,0
1560.0,pion,pion_like,meson,29.238026749877765,6.554694172655521,22.683332577222245,1
1560.0,rho,rho_like,meson,9.403703506827618,3.7037036208276186,5.6999998860000005,1
1560.0,proton,nucleon_like,baryon,3.4153913300608583,3.4153913300608583,nan,0
1561.0,pion,pion_like,meson,35.93668534260496,7.539067241573188,28.397618101031775,1
1561.0,rho,rho_like,meson,10.631216734351304,2.645502608351299,7.985714126000004,1
1561.0,proton,nucleon_like,baryon,11.193141266562343,3.8952842696623406,7.297856996900003,1
1562.0,pion,pion_like,meson,35.93668534260497,7.5390672415731865,28.397618101031778,1
1562.0,rho,rho_like,meson,10.631216734351298,2.6455026083512942,7.985714126000005,1
1562.0,proton,nucleon_like,baryon,11.19314126656234,3.8952842696623367,7.297856996900004,1
1563.0,pion,pion_like,meson,33.1455775956353,7.128911796190824,26.016665799444482,1
1563.0,rho,rho_like,meson,10.119752889549764,3.0864196968830924,7.033333192666672,1
1563.0,proton,nucleon_like,baryon,11.921720358228036,5.100053827994693,6.821666530233342,1
1564.0,pion,pion_like,meson,27.243338396855652,9.282227884448222,17.96111051240743,1
1564.0,rho,rho_like,meson,26.03127506319049,18.77571965274604,7.255555410444447,1
1564.0,proton,nucleon_like,baryon,23.855331092665676,16.576997904899006,7.278333187766669,1
1565.0,pion,pion_like,meson,38.03001615283222,7.846683825609958,30.183332327222264,1
1565.0,rho,rho_like,meson,11.632098549517767,2.932098723517761,8.699999826000006,1
1565.0,proton,nucleon_like,baryon,2.875360326613234,2.875360326613234,nan,0
1566.0,pion,pion_like,meson,26.688953956852565,9.093340508285293,17.59561344856727,1
1566.0,rho,rho_like,meson,21.25945366154955,15.594541494146041,5.66491216740351,1
1566.0,proton,nucleon_like,baryon,18.442646254386627,18.442646254386627,nan,0
1567.0,pion,pion_like,meson,27.770003614858584,9.461670891803006,18.308332723055578,1
1567.0,rho,rho_like,meson,33.21234483748684,22.762345046486836,10.449999791000003,1
1567.0,proton,nucleon_like,baryon,29.780525723061594,20.210525914461588,9.569999808600004,1
1568.0,pion,pion_like,meson,39.65816233856453,8.085941168749669,31.57222116981486,1
1568.0,rho,rho_like,meson,12.78779125282604,3.5322358823815874,9.255555370444451,1
1568.0,proton,nucleon_like,baryon,11.401400650717513,3.4686230315952833,7.93277761912223,1
1569.0,pion,pion_like,meson,26.54111810618508,9.042970541308515,17.498147564876568,1
1569.0,rho,rho_like,meson,20.372153131926787,14.746227318519377,5.6259258134074095,1
1569.0,proton,nucleon_like,baryon,18.242048046281422,12.630381491848086,5.611666554433335,1
1570.0,pion,pion_like,meson,38.03001615283221,7.8466838256099605,30.183332327222253,1
1570.0,rho,rho_like,meson,11.632098549517757,2.9320987235177554,8.699999826,1
1570.0,proton,nucleon_like,baryon,2.8753603266132277,2.8753603266132277,nan,0
1571.0,pion,pion_like,meson,21.99477813036546,0.8800729518360256,21.114705178529434,1
1571.0,rho,rho_like,meson,9.792955497531867,4.7204065793750045,5.072548918156863,1
1571.0,proton,nucleon_like,baryon,18.67824639210485,11.486187712416614,7.192058679688236,1
1572.0,pion,pion_like,meson,26.541118106185074,9.042970541308511,17.49814756487656,1
1572.0,rho,rho_like,meson,25.24595272284518,18.175582493882214,7.070370228962965,1
1572.0,proton,nucleon_like,baryon,21.524850800736452,21.524850800736452,nan,0
1573.0,pion,pion_like,meson,14.698836764827641,1.8400652636287962,12.858771501198845,1
1573.0,rho,rho_like,meson,7.6948016530112096,4.012345586309454,3.682456066701756,1
1573.0,proton,nucleon_like,baryon,7.252045423849317,7.252045423849317,nan,0
1574.0,pion,pion_like,meson,38.030016152832204,7.8466838256099605,30.183332327222246,1
1574.0,rho,rho_like,meson,11.632098549517753,2.9320987235177554,8.699999825999997,1
1574.0,proton,nucleon_like,baryon,2.8753603266132277,2.8753603266132277,nan,0
1575.0,pion,pion_like,meson,19.167685300727683,1.4843525568387672,17.683332743888915,1
1575.0,rho,rho_like,meson,13.199999735809495,6.944444305365046,6.255555430444449,1
1575.0,proton,nucleon_like,baryon,29.176554633515078,19.21488816608174,9.96166646743334,1
1576.0,pion,pion_like,meson,33.1455775956353,7.128911796190827,26.01666579944448,1
1576.0,rho,rho_like,meson,10.119752889549769,3.0864196968830973,7.033333192666671,1
1576.0,proton,nucleon_like,baryon,2.846159455948179,2.846159455948179,nan,0
1577.0,pion,pion_like,meson,24.64428576159532,1.9609531843730705,22.68333257722225,1
1577.0,rho,rho_like,meson,9.403703504922428,3.7037036189224244,5.699999886000003,1
1577.0,proton,nucleon_like,baryon,6.845567943155693,6.845567943155693,nan,0
1578.0,pion,pion_like,meson,39.65816233856452,8.085941168749669,31.572221169814853,1
1578.0,rho,rho_like,meson,12.787791252826032,3.532235882381584,9.25555537044445,1
1578.0,proton,nucleon_like,baryon,11.401400650717507,3.4686230315952806,7.932777619122227,1
1579.0,pion,pion_like,meson,20.07674352448686,0.3100775167090656,19.766666007777797,1
1579.0,rho,rho_like,meson,9.882098564741813,5.015431995408478,4.866666569333336,1
1579.0,proton,nucleon_like,baryon,8.912729871611235,8.912729871611235,nan,0
1580.0,pion,pion_like,meson,33.1455775956353,7.128911796190827,26.01666579944448,1
1580.0,rho,rho_like,meson,10.119752889549769,3.0864196968830973,7.033333192666671,1
1580.0,proton,nucleon_like,baryon,2.846159455948179,2.846159455948179,nan,0
1581.0,pion,pion_like,meson,26.19000796084979,8.923341869738657,17.266666091111134,1
1581.0,rho,rho_like,meson,20.19382666021431,14.660493437547641,5.533333222666669,1
1581.0,proton,nucleon_like,baryon,17.591361420648433,12.39636152454843,5.194999896100002,1
1582.0,pion,pion_like,meson,26.19000796084979,8.923341869738657,17.266666091111134,1
1582.0,rho,rho_like,meson,20.19382666021431,14.660493437547641,5.533333222666669,1
1582.0,proton,nucleon_like,baryon,17.271012952912606,17.271012952912606,nan,0
1583.0,pion,pion_like,meson,26.37588980249788,8.986674695863874,17.38921510663401,1
1583.0,rho,rho_like,meson,21.196005279893427,15.613652450364016,5.5823528295294125,1
1583.0,proton,nucleon_like,baryon,19.025380750344095,13.31567498218527,5.709705768158826,1
1584.0,pion,pion_like,meson,38.03001615283222,7.846683825609958,30.183332327222256,1
1584.0,rho,rho_like,meson,11.632098549517762,2.9320987235177576,8.699999826000004,1
1584.0,proton,nucleon_like,baryon,2.87536032661323,2.87536032661323,nan,0
1585.0,pion,pion_like,meson,26.37588980249788,8.986674695863874,17.389215106634005,1
1585.0,rho,rho_like,meson,21.196005279893434,15.61365245036402,5.5823528295294125,1
1585.0,proton,nucleon_like,baryon,19.0253807503441,13.315674982185273,5.709705768158828,1
1586.0,pion,pion_like,meson,26.37588980249788,8.986674695863874,17.38921510663401,1
1586.0,rho,rho_like,meson,21.196005279893424,15.613652450364013,5.582352829529412,1
1586.0,proton,nucleon_like,baryon,19.025380750344087,13.315674982185262,5.709705768158825,1
1587.0,pion,pion_like,meson,27.905431813773625,9.507813379408523,18.3976184343651,1
1587.0,rho,rho_like,meson,39.37372033996153,26.102292033961525,13.271428306000004,1
1587.0,proton,nucleon_like,baryon,31.17574267158291,31.17574267158291,nan,0
1588.0,pion,pion_like,meson,27.051823772127314,9.216975881773758,17.834847890353558,1
1588.0,rho,rho_like,meson,26.688775981150844,19.07968522424175,7.609090756909095,1
1588.0,proton,nucleon_like,baryon,22.66174644321274,22.66174644321274,nan,0
1589.0,pion,pion_like,meson,38.03001615283222,7.846683825609958,30.183332327222256,1
1589.0,rho,rho_like,meson,11.632098549517762,2.9320987235177576,8.699999826000004,1
1589.0,proton,nucleon_like,baryon,2.87536032661323,2.87536032661323,nan,0
1590.0,pion,pion_like,meson,26.541118106185074,9.042970541308511,17.498147564876565,1
1590.0,rho,rho_like,meson,22.08683071960821,16.4609049062008,5.6259258134074095,1
1590.0,proton,nucleon_like,baryon,20.300064598962468,14.132842500084687,6.16722209887778,1
1591.0,pion,pion_like,meson,27.327604831736124,9.310938765624988,18.016666066111135,1
1591.0,rho,rho_like,meson,22.623456223258668,16.790123006591998,5.833333216666669,1
1591.0,proton,nucleon_like,baryon,19.942336880273384,19.942336880273384,nan,0
1592.0,pion,pion_like,meson,33.1455775956353,7.128911796190824,26.016665799444475,1
1592.0,rho,rho_like,meson,10.119752889549765,3.086419696883096,7.03333319266667,1
1592.0,proton,nucleon_like,baryon,11.921720358228024,5.100053827994687,6.821666530233337,1
1593.0,pion,pion_like,meson,19.287173196330883,0.13325226616745978,19.153920930163423,1
1593.0,rho,rho_like,meson,10.656426800272854,5.446622982900301,5.209803817372552,1
1593.0,proton,nucleon_like,baryon,17.15418966623654,9.962130986548297,7.192058679688241,1
1594.0,pion,pion_like,meson,35.93668534260496,7.539067241573188,28.397618101031775,1
1594.0,rho,rho_like,meson,10.631216734351304,2.645502608351299,7.985714126000004,1
1594.0,proton,nucleon_like,baryon,11.193141266562355,3.8952842696623495,7.2978569969000056,1
1595.0,pion,pion_like,meson,42.914454710029126,8.56445585502909,34.34999885500004,1
1595.0,rho,rho_like,meson,15.099176659442568,4.732510200109232,10.366666459333336,1
1595.0,proton,nucleon_like,baryon,5.250240122746959,5.250240122746959,nan,0
1596.0,pion,pion_like,meson,23.236734832504457,1.3867355608377665,21.84999927166669,1
1596.0,rho,rho_like,meson,9.610493625996192,4.243827066662858,5.366666559333333,1
1596.0,proton,nucleon_like,baryon,7.665224906491572,7.665224906491572,nan,0
1597.0,pion,pion_like,meson,38.03001615283222,7.846683825609956,30.18333232722226,1
1597.0,rho,rho_like,meson,11.632098549517764,2.9320987235177594,8.699999826000004,1
1597.0,proton,nucleon_like,baryon,2.8753603266132317,2.8753603266132317,nan,0
1598.0,pion,pion_like,meson,9.22672241953082,3.001722627030813,6.224999792500006,1
1598.0,rho,rho_like,meson,11.908333031666448,7.291666457333112,4.616666574333335,1
1598.0,proton,nucleon_like,baryon,14.52968528816982,9.334685392069817,5.194999896100002,1
1599.0,pion,pion_like,meson,25.13667752484393,8.564455855029092,16.572221669814837,1
1599.0,rho,rho_like,meson,23.675308042154562,16.975308176154563,6.699999866,1
1599.0,proton,nucleon_like,baryon,19.941597603313962,19.941597603313962,nan,0
1600.0,pion,pion_like,meson,9.126054897554795,3.1093884314436804,6.016666466111115,1
1600.0,rho,rho_like,meson,13.06625481093269,7.921810469377135,5.144444341555556,1
1600.0,proton,nucleon_like,baryon,17.85713303336894,10.912133172268938,6.9449998611,1
1601.0,pion,pion_like,meson,39.65816233856453,8.085941168749669,31.57222116981486,1
1601.0,rho,rho_like,meson,12.78779125282604,3.5322358823815874,9.255555370444451,1
1601.0,proton,nucleon_like,baryon,3.666986925324479,3.666986925324479,nan,0
1602.0,pion,pion_like,meson,27.770003614858584,9.461670891803006,18.308332723055578,1
1602.0,rho,rho_like,meson,35.010184297224306,23.726851189557635,11.28333310766667,1
1602.0,proton,nucleon_like,baryon,28.31143171633665,28.31143171633665,nan,0
1603.0,pion,pion_like,meson,26.37588980249788,8.986674695863874,17.389215106634005,1
1603.0,rho,rho_like,meson,19.380464304701338,13.798111475171925,5.5823528295294125,1
1603.0,proton,nucleon_like,baryon,23.050306388830023,16.730600632871198,6.319705755958827,1
1604.0,pion,pion_like,meson,35.93668534260496,7.539067241573188,28.397618101031775,1
1604.0,rho,rho_like,meson,10.631216734351304,2.645502608351299,7.985714126000004,1
1604.0,proton,nucleon_like,baryon,2.439565260153411,2.439565260153411,nan,0
1605.0,pion,pion_like,meson,35.936685342604946,7.539067241573188,28.39761810103176,1
1605.0,rho,rho_like,meson,10.631216734351302,2.645502608351306,7.985714125999997,1
1605.0,proton,nucleon_like,baryon,11.193141266562334,3.8952842696623375,7.297856996899997,1
1606.0,pion,pion_like,meson,26.19000796084979,8.923341869738657,17.266666091111134,1
1606.0,rho,rho_like,meson,22.456172273022574,16.58950572368924,5.866666549333336,1
1606.0,proton,nucleon_like,baryon,20.38457121503572,13.93957134393572,6.444999871100002,1
1607.0,pion,pion_like,meson,22.56410689140933,0.9334058580467319,21.630701033362598,1
1607.0,rho,rho_like,meson,10.152241502578114,4.873294239736007,5.278947262842108,1
1607.0,proton,nucleon_like,baryon,12.307814826354313,6.973341248833258,5.334473577521055,1
1608.0,pion,pion_like,meson,26.19000796084979,8.923341869738657,17.266666091111134,1
1608.0,rho,rho_like,meson,26.051851192497505,18.518518009830835,7.533333182666669,1
1608.0,proton,nucleon_like,baryon,23.177781009423004,15.482781163322999,7.694999846100004,1
1609.0,pion,pion_like,meson,26.37588980249788,8.986674695863874,17.389215106634005,1
1609.0,rho,rho_like,meson,19.380464304701334,13.798111475171922,5.5823528295294125,1
1609.0,proton,nucleon_like,baryon,17.260225945570618,12.116990754317676,5.143235191252943,1
1610.0,pion,pion_like,meson,35.93668534260496,7.539067241573188,28.397618101031775,1
1610.0,rho,rho_like,meson,10.631216734351304,2.645502608351299,7.985714126000004,1
1610.0,proton,nucleon_like,baryon,2.439565260153411,2.439565260153411,nan,0
1611.0,pion,pion_like,meson,25.979341873648615,8.851564666796744,17.12777720685187,1
1611.0,rho,rho_like,meson,19.058024224577974,13.58024655635575,5.477777668222224,1
1611.0,proton,nucleon_like,baryon,15.966139513660007,11.354472939226673,4.611666574433335,1
1612.0,pion,pion_like,meson,38.03001615283222,7.846683825609958,30.183332327222256,1
1612.0,rho,rho_like,meson,11.632098549517762,2.9320987235177576,8.699999826000004,1
1612.0,proton,nucleon_like,baryon,2.87536032661323,2.87536032661323,nan,0
1613.0,pion,pion_like,meson,38.03001615283221,7.846683825609956,30.183332327222253,1
1613.0,rho,rho_like,meson,11.63209854951776,2.9320987235177594,8.699999826,1
1613.0,proton,nucleon_like,baryon,2.8753603266132317,2.8753603266132317,nan,0
1614.0,pion,pion_like,meson,39.65816233856452,8.08594116874967,31.572221169814853,1
1614.0,rho,rho_like,meson,12.787791252826029,3.532235882381582,9.255555370444448,1
1614.0,proton,nucleon_like,baryon,3.666986925324473,3.666986925324473,nan,0
1615.0,pion,pion_like,meson,35.93668534260495,7.5390672415731865,28.397618101031764,1
1615.0,rho,rho_like,meson,10.631216734351295,2.645502608351298,7.985714125999998,1
1615.0,proton,nucleon_like,baryon,2.439565260153409,2.439565260153409,nan,0
1616.0,pion,pion_like,meson,24.37742570257346,2.7467246692108565,21.630701033362605,1
1616.0,rho,rho_like,meson,7.228264960571522,1.9493176977294127,5.2789472628421095,1
1616.0,proton,nucleon_like,baryon,4.505608556969262,4.505608556969262,nan,0
1617.0,pion,pion_like,meson,33.1455775956353,7.128911796190827,26.01666579944448,1
1617.0,rho,rho_like,meson,10.119752889549769,3.0864196968830973,7.033333192666671,1
1617.0,proton,nucleon_like,baryon,2.846159455948179,2.846159455948179,nan,0
1618.0,pion,pion_like,meson,25.73858063113299,8.769533577720273,16.96904705341272,1
1618.0,rho,rho_like,meson,22.978659031221998,16.754849631888664,6.223809399333334,1
1618.0,proton,nucleon_like,baryon,20.493222578558473,13.691079857458469,6.802142721100003,1
1619.0,pion,pion_like,meson,26.541118106185074,9.042970541308511,17.498147564876565,1
1619.0,rho,rho_like,meson,22.086830719608205,16.460904906200795,5.625925813407409,1
1619.0,proton,nucleon_like,baryon,20.300064598962457,14.132842500084678,6.167222098877781,1
1620.0,pion,pion_like,meson,19.070068304726668,1.3867355608377645,17.683332743888904,1
1620.0,rho,rho_like,meson,6.348148033187933,2.3148147805212638,4.03333325266667,1
1620.0,proton,nucleon_like,baryon,10.93056736108197,5.135567476981964,5.794999884100005,1
1621.0,pion,pion_like,meson,25.73858063113299,8.769533577720273,16.96904705341272,1
1621.0,rho,rho_like,meson,22.978659031221998,16.754849631888664,6.2238093993333345,1
1621.0,proton,nucleon_like,baryon,20.493222578558473,13.691079857458469,6.802142721100004,1
1622.0,pion,pion_like,meson,26.68895395685257,9.093340508285294,17.595613448567274,1
1622.0,rho,rho_like,meson,21.259453661549557,15.594541494146046,5.664912167403511,1
1622.0,proton,nucleon_like,baryon,19.088394531400134,13.564447273458027,5.523947257942107,1
1623.0,pion,pion_like,meson,26.94238684371112,9.179689023102632,17.762697820608487,1
1623.0,rho,rho_like,meson,22.955143454871127,17.048794366648902,5.906349088222226,1
1623.0,proton,nucleon_like,baryon,21.267565530835817,14.941613276402483,6.325952254433335,1
1624.0,pion,pion_like,meson,25.738580631132987,8.76953357772027,16.969047053412716,1
1624.0,rho,rho_like,meson,22.978659031221998,16.75484963188866,6.223809399333336,1
1624.0,proton,nucleon_like,baryon,20.493222578558473,13.691079857458467,6.8021427211000045,1
1625.0,pion,pion_like,meson,25.979341873648615,8.851564666796744,17.12777720685187,1
1625.0,rho,rho_like,meson,24.617694850568927,17.69547276679115,6.922222083777779,1
1625.0,proton,nucleon_like,baryon,21.92498707501956,14.646653887252894,7.278333187766666,1
1626.0,pion,pion_like,meson,35.93668534260495,7.539067241573184,28.397618101031767,1
1626.0,rho,rho_like,meson,10.631216734351291,2.645502608351293,7.985714125999999,1
1626.0,proton,nucleon_like,baryon,2.4395652601534024,2.4395652601534024,nan,0
1627.0,pion,pion_like,meson,18.449913271308542,0.7665805274196333,17.683332743888908,1
1627.0,rho,rho_like,meson,11.487036810154098,5.787036924154096,5.699999886000003,1
1627.0,proton,nucleon_like,baryon,14.075842652027283,7.655842780427279,6.419999871600005,1
1628.0,pion,pion_like,meson,20.890816617353018,0.4297061882789206,20.461110429074097,1
1628.0,rho,rho_like,meson,9.955143827785811,5.14403281289692,4.8111110148888905,1
1628.0,proton,nucleon_like,baryon,12.831674922850006,7.175563924861115,5.6561109979888915,1
1629.0,pion,pion_like,meson,33.14557759563531,7.128911796190827,26.016665799444485,1
1629.0,rho,rho_like,meson,10.119752889549769,3.0864196968830937,7.0333331926666744,1
1629.0,proton,nucleon_like,baryon,11.921720358228026,5.100053827994686,6.82166653023334,1
1630.0,pion,pion_like,meson,25.136677524843925,8.56445585502909,16.572221669814834,1
1630.0,rho,rho_like,meson,17.086830863554752,11.831275413110307,5.255555450444446,1
1630.0,proton,nucleon_like,baryon,13.799531599356046,9.244531690456045,4.554999908900001,1
1631.0,pion,pion_like,meson,33.1455775956353,7.128911796190824,26.016665799444482,1
1631.0,rho,rho_like,meson,10.119752889549764,3.0864196968830924,7.033333192666672,1
1631.0,proton,nucleon_like,baryon,2.8461594559481727,2.8461594559481727,nan,0
1632.0,pion,pion_like,meson,20.33058636731414,0.7241767644508752,19.606409602863266,1
1632.0,rho,rho_like,meson,8.819657942781332,4.273504187550561,4.546153755230771,1
1632.0,proton,nucleon_like,baryon,18.21956913711571,10.982261589554165,7.237307547561544,1
1633.0,pion,pion_like,meson,38.03001615283222,7.8466838256099605,30.18333232722226,1
1633.0,rho,rho_like,meson,11.632098549517764,2.932098723517759,8.699999826000004,1
1633.0,proton,nucleon_like,baryon,11.140534090017034,3.4855342431170264,7.654999846900007,1
1634.0,pion,pion_like,meson,38.03001615283221,7.8466838256099605,30.183332327222253,1
1634.0,rho,rho_like,meson,11.632098549517757,2.9320987235177554,8.699999826,1
1634.0,proton,nucleon_like,baryon,2.8753603266132277,2.8753603266132277,nan,0
1635.0,pion,pion_like,meson,26.541118106185074,9.042970541308511,17.498147564876565,1
1635.0,rho,rho_like,meson,25.245952722845185,18.175582493882217,7.070370228962967,1
1635.0,proton,nucleon_like,baryon,21.524850800736456,21.524850800736456,nan,0
1636.0,pion,pion_like,meson,17.552698385601712,5.9804765491202145,11.572221836481496,1
1636.0,rho,rho_like,meson,24.78230388502507,15.63785962346951,9.14444426155556,1
1636.0,proton,nucleon_like,baryon,21.57648148380337,12.298148336036702,9.27833314776667,1
1637.0,pion,pion_like,meson,22.074922934249237,0.6037115287441641,21.471211405505073,1
1637.0,rho,rho_like,meson,10.546239958274054,5.331088547425566,5.215151410848487,1
1637.0,proton,nucleon_like,baryon,13.140769082950602,7.686678282941507,5.454090800009094,1
1638.0,pion,pion_like,meson,25.136677524843925,8.56445585502909,16.572221669814834,1
1638.0,rho,rho_like,meson,17.086830863554752,11.831275413110307,5.255555450444446,1
1638.0,proton,nucleon_like,baryon,13.799531599356039,9.244531690456036,4.554999908900003,1
1639.0,pion,pion_like,meson,38.03001615283222,7.846683825609956,30.18333232722226,1
1639.0,rho,rho_like,meson,11.632098549517764,2.9320987235177594,8.699999826000004,1
1639.0,proton,nucleon_like,baryon,2.8753603266132317,2.8753603266132317,nan,0
1640.0,pion,pion_like,meson,35.93668534260495,7.539067241573188,28.397618101031767,1
1640.0,rho,rho_like,meson,10.631216734351304,2.6455026083513027,7.985714126,1
1640.0,proton,nucleon_like,baryon,2.4395652601534152,2.4395652601534152,nan,0
1641.0,pion,pion_like,meson,26.822006222453307,9.138673478564396,17.68333274388891,1
1641.0,rho,rho_like,meson,24.601233947123323,17.90123408112332,6.6999998660000015,1
1641.0,proton,nucleon_like,baryon,22.4670271416137,15.522027280513699,6.9449998610999994,1
1642.0,pion,pion_like,meson,26.822006222453304,9.138673478564396,17.683332743888908,1
1642.0,rho,rho_like,meson,22.058024138210044,16.358024252210043,5.699999886000001,1
1642.0,proton,nucleon_like,baryon,20.232459306103863,14.28745942500386,5.944999881100003,1
1643.0,pion,pion_like,meson,40.960679287150356,8.277347043261436,32.68333224388892,1
1643.0,rho,rho_like,meson,13.712345415472639,4.012345609472639,9.699999806,1
1643.0,proton,nucleon_like,baryon,11.610093899277878,3.4550940623778783,8.1549998369,1
1644.0,pion,pion_like,meson,23.23673483250446,1.3867355608377645,21.849999271666697,1
1644.0,rho,rho_like,meson,9.610493625996202,4.243827066662863,5.366666559333338,1
1644.0,proton,nucleon_like,baryon,11.162502723534413,5.99250282693441,5.169999896600003,1
1645.0,pion,pion_like,meson,20.076743524486865,0.3100775167090656,19.7666660077778,1
1645.0,rho,rho_like,meson,9.882098564741813,5.015431995408478,4.8666665693333355,1
1645.0,proton,nucleon_like,baryon,8.912729871611235,8.912729871611235,nan,0
1646.0,pion,pion_like,meson,13.45975726283607,4.585948034820185,8.873809228015887,1
1646.0,rho,rho_like,meson,19.931040040766714,11.992944961433375,7.938095079333338,1
1646.0,proton,nucleon_like,baryon,15.320786451739002,15.320786451739002,nan,0
1647.0,pion,pion_like,meson,26.19000796084979,8.923341869738657,17.266666091111134,1
1647.0,rho,rho_like,meson,22.456172273022574,16.58950572368924,5.866666549333335,1
1647.0,proton,nucleon_like,baryon,20.38457121503572,13.939571343935716,6.444999871100002,1
1648.0,pion,pion_like,meson,26.541118106185074,9.042970541308511,17.498147564876565,1
1648.0,rho,rho_like,meson,28.44211176237846,19.89026008156364,8.551851680814819,1
1648.0,proton,nucleon_like,baryon,23.582463893252843,23.582463893252843,nan,0
1649.0,pion,pion_like,meson,26.37588980249788,8.986674695863874,17.389215106634005,1
1649.0,rho,rho_like,meson,21.196005279893424,15.613652450364013,5.582352829529412,1
1649.0,proton,nucleon_like,baryon,19.025380750344095,13.315674982185271,5.709705768158824,1
1650.0,pion,pion_like,meson,39.65816233856452,8.085941168749669,31.572221169814853,1
1650.0,rho,rho_like,meson,12.787791252826032,3.532235882381584,9.25555537044445,1
1650.0,proton,nucleon_like,baryon,11.401400650717507,3.4686230315952806,7.932777619122227,1
1651.0,pion,pion_like,meson,20.89081661735302,0.4297061882789206,20.4611104290741,1
1651.0,rho,rho_like,meson,9.955143827785815,5.144032812896923,4.811111014888892,1
1651.0,proton,nucleon_like,baryon,9.031319845384713,9.031319845384713,nan,0
1652.0,pion,pion_like,meson,25.73858063113299,8.769533577720273,16.96904705341272,1
1652.0,rho,rho_like,meson,22.978659031222,16.754849631888664,6.223809399333336,1
1652.0,proton,nucleon_like,baryon,29.975014821086106,21.030014999986104,8.944999821100001,1
1653.0,pion,pion_like,meson,39.65816233856452,8.085941168749669,31.572221169814853,1
1653.0,rho,rho_like,meson,12.787791252826032,3.532235882381584,9.25555537044445,1
1653.0,proton,nucleon_like,baryon,3.666986925324475,3.666986925324475,nan,0
1654.0,pion,pion_like,meson,33.1455775956353,7.128911796190824,26.016665799444482,1
1654.0,rho,rho_like,meson,10.119752889549764,3.0864196968830924,7.033333192666672,1
1654.0,proton,nucleon_like,baryon,11.921720358228026,5.100053827994684,6.82166653023334,1
1655.0,pion,pion_like,meson,25.979341873648618,8.851564666796744,17.127777206851874,1
1655.0,rho,rho_like,meson,21.11563732979567,15.637859661573447,5.477777668222224,1
1655.0,proton,nucleon_like,baryon,20.788700466704263,14.17703393227093,6.611666534433334,1
1656.0,pion,pion_like,meson,33.14557759563529,7.128911796190824,26.016665799444468,1
1656.0,rho,rho_like,meson,10.119752889549765,3.086419696883099,7.0333331926666665,1
1656.0,proton,nucleon_like,baryon,11.921720358228015,5.100053827994681,6.821666530233333,1
1657.0,pion,pion_like,meson,33.1455775956353,7.128911796190827,26.01666579944448,1
1657.0,rho,rho_like,meson,10.119752889549769,3.0864196968830973,7.033333192666671,1
1657.0,proton,nucleon_like,baryon,2.846159455948179,2.846159455948179,nan,0
1658.0,pion,pion_like,meson,23.23673483250446,1.3867355608377654,21.849999271666693,1
1658.0,rho,rho_like,meson,9.610493625996195,4.243827066662859,5.3666665593333365,1
1658.0,proton,nucleon_like,baryon,7.665224906491572,7.665224906491572,nan,0
1659.0,pion,pion_like,meson,25.73858063113299,8.769533577720273,16.96904705341272,1
1659.0,rho,rho_like,meson,19.964549768012553,14.550264162012553,5.414285606000001,1
1659.0,proton,nucleon_like,baryon,17.300982813544426,11.927411492444426,5.373571321100001,1
1660.0,pion,pion_like,meson,26.68895395685257,9.093340508285294,17.595613448567274,1
1660.0,rho,rho_like,meson,19.635022262693475,13.970110095289964,5.664912167403512,1
1660.0,proton,nucleon_like,baryon,16.49332858779216,16.49332858779216,nan,0
1661.0,pion,pion_like,meson,19.055335078543834,0.9334058580467319,18.1219292204971,1
1661.0,rho,rho_like,meson,7.63307327951151,3.2488628408799274,4.384210438631583,1
1661.0,proton,nucleon_like,baryon,6.606669550855007,6.606669550855007,nan,0
1662.0,pion,pion_like,meson,26.82200622245331,9.138673478564398,17.68333274388891,1
1662.0,rho,rho_like,meson,18.971604480383494,13.271604594383492,5.699999886000003,1
1662.0,proton,nucleon_like,baryon,16.373323622884193,11.818323713984187,4.554999908900006,1
1663.0,pion,pion_like,meson,26.822006222453307,9.138673478564396,17.68333274388891,1
1663.0,rho,rho_like,meson,22.05802413821004,16.35802425221004,5.6999998860000005,1
1663.0,proton,nucleon_like,baryon,20.232459306103863,14.287459425003862,5.944999881100001,1
1664.0,pion,pion_like,meson,25.73858063113299,8.769533577720273,16.96904705341272,1
1664.0,rho,rho_like,meson,17.75996429813645,12.345678692136445,5.414285606000003,1
1664.0,proton,nucleon_like,baryon,17.169723312043033,11.900437703143028,5.269285608900002,1
1665.0,pion,pion_like,meson,26.822006222453307,9.138673478564396,17.68333274388891,1
1665.0,rho,rho_like,meson,24.601233947123323,17.90123408112332,6.6999998660000015,1
1665.0,proton,nucleon_like,baryon,21.224217512466033,21.224217512466033,nan,0
1666.0,pion,pion_like,meson,38.030016152832204,7.846683825609958,30.18333232722225,1
1666.0,rho,rho_like,meson,11.632098549517758,2.9320987235177576,8.699999826,1
1666.0,proton,nucleon_like,baryon,11.14053409001702,3.4855342431170206,7.6549998469,1
1667.0,pion,pion_like,meson,33.1455775956353,7.128911796190824,26.016665799444475,1
1667.0,rho,rho_like,meson,10.119752889549765,3.086419696883096,7.03333319266667,1
1667.0,proton,nucleon_like,baryon,11.921720358228013,5.100053827994678,6.821666530233335,1
1668.0,pion,pion_like,meson,25.460779197461115,8.674882321093573,16.78589687636754,1
1668.0,rho,rho_like,meson,25.512914832867757,18.0436842130216,7.469230619846158,1
1668.0,proton,nucleon_like,baryon,25.431320993771344,16.87093654959442,8.560384444176925,1
1669.0,pion,pion_like,meson,35.93668534260497,7.5390672415731865,28.397618101031778,1
1669.0,rho,rho_like,meson,10.631216734351298,2.6455026083512942,7.985714126000005,1
1669.0,proton,nucleon_like,baryon,2.4395652601534046,2.4395652601534046,nan,0
1670.0,pion,pion_like,meson,25.979341873648615,8.851564666796744,17.12777720685187,1
1670.0,rho,rho_like,meson,24.617694850568927,17.69547276679115,6.922222083777778,1
1670.0,proton,nucleon_like,baryon,21.92498707501955,14.646653887252882,7.278333187766671,1
1671.0,pion,pion_like,meson,24.644285761595317,1.9609531843730714,22.683332577222245,1
1671.0,rho,rho_like,meson,9.403703504922422,3.7037036189224235,5.699999886,1
1671.0,proton,nucleon_like,baryon,10.160999403945045,5.282666168178379,4.878333235766667,1
1672.0,pion,pion_like,meson,38.03001615283222,7.846683825609958,30.183332327222256,1
1672.0,rho,rho_like,meson,11.632098549517762,2.9320987235177576,8.699999826000004,1
1672.0,proton,nucleon_like,baryon,2.87536032661323,2.87536032661323,nan,0
1673.0,pion,pion_like,meson,27.719036013116373,9.444305439478352,18.27473057363802,1
1673.0,rho,rho_like,meson,17.485742326577373,11.549183305523608,5.9365590210537675,1
1673.0,proton,nucleon_like,baryon,13.693043586727526,13.693043586727526,nan,0
1674.0,pion,pion_like,meson,26.396726140522045,2.4633936049664635,23.933332535555582,1
1674.0,rho,rho_like,meson,9.672222013917244,3.4722221379172415,6.199999876000002,1
1674.0,proton,nucleon_like,baryon,10.31583274708797,5.160832850187966,5.154999896900003,1
1675.0,pion,pion_like,meson,17.608622064739876,1.0122458063582174,16.59637625838166,1
1675.0,rho,rho_like,meson,6.738647224101632,2.4154589047682955,4.323188319333336,1
1675.0,proton,nucleon_like,baryon,9.430707221014789,3.798750811914786,5.6319564091000025,1
1676.0,pion,pion_like,meson,27.905431813773625,9.507813379408523,18.397618434365103,1
1676.0,rho,rho_like,meson,34.4425035361102,23.4567894701102,10.985714066000005,1
1676.0,proton,nucleon_like,baryon,28.00113961455763,28.00113961455763,nan,0
1677.0,pion,pion_like,meson,8.810055766753043,3.001722627030813,5.80833313972223,1
1677.0,rho,rho_like,meson,15.504011951141377,9.220678743474709,6.283333207666669,1
1677.0,proton,nucleon_like,baryon,16.18318929151039,9.11318943291039,7.069999858600001,1
1678.0,pion,pion_like,meson,26.94238684371112,9.179689023102632,17.762697820608487,1
1678.0,rho,rho_like,meson,21.310816637175936,15.579070720064824,5.7317459171111125,1
1678.0,proton,nucleon_like,baryon,19.139405687493102,13.765834366393099,5.373571321100004,1
1679.0,pion,pion_like,meson,26.94238684371112,9.179689023102634,17.762697820608487,1
1679.0,rho,rho_like,meson,25.694708345899645,18.518518013232974,7.176190332666671,1
1679.0,proton,nucleon_like,baryon,41.55632204465696,29.992274656890284,11.564047387766673,1
1680.0,pion,pion_like,meson,38.030016152832204,7.846683825609958,30.18333232722225,1
1680.0,rho,rho_like,meson,11.632098549517758,2.9320987235177576,8.699999826,1
1680.0,proton,nucleon_like,baryon,2.87536032661323,2.87536032661323,nan,0
1681.0,pion,pion_like,meson,29.23802674987777,6.554694172655518,22.68333257722225,1
1681.0,rho,rho_like,meson,9.403703506827622,3.7037036208276177,5.699999886000003,1
1681.0,proton,nucleon_like,baryon,12.941731086559969,6.786731209659965,6.154999876900003,1
1682.0,pion,pion_like,meson,21.994778130365454,0.8800729518360256,21.114705178529427,1
1682.0,rho,rho_like,meson,9.792955497531862,4.720406579375001,5.072548918156861,1
1682.0,proton,nucleon_like,baryon,12.04618212317207,6.618829290542657,5.427352832629413,1
1683.0,pion,pion_like,meson,12.49671229277357,4.257823678514296,8.238888614259272,1
1683.0,rho,rho_like,meson,16.51294382037527,9.913954053365167,6.598989767010103,1
1683.0,proton,nucleon_like,baryon,17.809502545091313,11.137229951264038,6.672272593827275,1
1684.0,pion,pion_like,meson,29.23802674987777,6.554694172655518,22.68333257722225,1
1684.0,rho,rho_like,meson,9.403703506827622,3.7037036208276177,5.699999886000003,1
1684.0,proton,nucleon_like,baryon,12.941731086559969,6.786731209659965,6.154999876900003,1
1685.0,pion,pion_like,meson,25.73858063113299,8.769533577720273,16.96904705341272,1
1685.0,rho,rho_like,meson,19.964549768012553,14.550264162012553,5.414285606000001,1
1685.0,proton,nucleon_like,baryon,17.300982813544426,11.927411492444426,5.373571321100001,1
1686.0,pion,pion_like,meson,35.93668534260495,7.539067241573188,28.397618101031767,1
1686.0,rho,rho_like,meson,10.631216734351298,2.645502608351299,7.985714125999999,1
1686.0,proton,nucleon_like,baryon,2.439565260153411,2.439565260153411,nan,0
1687.0,pion,pion_like,meson,21.994778130365457,0.8800729518360237,21.114705178529434,1
1687.0,rho,rho_like,meson,9.792955497531874,4.720406579375009,5.072548918156865,1
1687.0,proton,nucleon_like,baryon,12.046182123172086,6.618829290542673,5.4273528326294125,1
1688.0,pion,pion_like,meson,35.93668534260497,7.5390672415731865,28.397618101031778,1
1688.0,rho,rho_like,meson,10.631216734351298,2.6455026083512942,7.985714126000005,1
1688.0,proton,nucleon_like,baryon,11.19314126656234,3.8952842696623367,7.297856996900004,1
1689.0,pion,pion_like,meson,26.68895395685257,9.093340508285294,17.595613448567274,1
1689.0,rho,rho_like,meson,21.259453661549557,15.594541494146046,5.664912167403511,1
1689.0,proton,nucleon_like,baryon,19.088394531400134,13.564447273458027,5.523947257942107,1
1690.0,pion,pion_like,meson,25.460779197461108,8.674882321093571,16.785896876367538,1
1690.0,rho,rho_like,meson,21.087463855052462,15.669515245462714,5.4179486095897476,1
1690.0,proton,nucleon_like,baryon,18.84118662110339,12.588494438464927,6.252692182638462,1
1691.0,pion,pion_like,meson,19.9959941997884,1.3867355608377645,18.609258638950635,1
1691.0,rho,rho_like,meson,6.81385446640458,2.743484177441617,4.070370288962963,1
1691.0,proton,nucleon_like,baryon,10.165115115175583,5.064559661631138,5.100555453544445,1
1692.0,pion,pion_like,meson,35.93668534260496,7.539067241573184,28.397618101031775,1
1692.0,rho,rho_like,meson,10.631216734351295,2.645502608351293,7.985714126000002,1
1692.0,proton,nucleon_like,baryon,2.4395652601534024,2.4395652601534024,nan,0
1693.0,pion,pion_like,meson,26.37588980249788,8.986674695863874,17.38921510663401,1
1693.0,rho,rho_like,meson,23.933114864105125,17.429193425556104,6.503921438549021,1
1693.0,proton,nucleon_like,baryon,20.61236933309273,20.61236933309273,nan,0
1694.0,pion,pion_like,meson,26.190007960849798,8.923341869738659,17.266666091111137,1
1694.0,rho,rho_like,meson,18.26481437407272,12.73148115140605,5.53333322266667,1
1694.0,proton,nucleon_like,baryon,15.408151614061152,10.853151705161151,4.554999908900001,1
1695.0,pion,pion_like,meson,27.81788227104067,9.477983892471624,18.339898378569046,1
1695.0,rho,rho_like,meson,35.3906089040183,23.943134385493043,11.44747451852526,1
1695.0,proton,nucleon_like,baryon,31.504177874958863,21.195541717495228,10.308636157463637,1
1696.0,pion,pion_like,meson,18.063393084966478,2.4633936049664626,15.599999480000015,1
1696.0,rho,rho_like,meson,6.054938142351933,2.854938206351931,3.1999999360000024,1
1696.0,proton,nucleon_like,baryon,9.212005617084039,4.667005707984035,4.544999909100003,1
1697.0,pion,pion_like,meson,23.02499207892103,0.9765801154554045,22.048411963465625,1
1697.0,rho,rho_like,meson,10.443092078091723,4.997060440980612,5.446031637111112,1
1697.0,proton,nucleon_like,baryon,8.691611257270708,8.691611257270708,nan,0
1698.0,pion,pion_like,meson,26.190007960849787,8.923341869738657,17.26666609111113,1
1698.0,rho,rho_like,meson,22.45617227302257,16.589505723689236,5.866666549333335,1
1698.0,proton,nucleon_like,baryon,24.771825907452122,17.07682606135212,7.694999846100004,1
1699.0,pion,pion_like,meson,35.93668534260497,7.5390672415731865,28.397618101031778,1
1699.0,rho,rho_like,meson,10.631216734351298,2.6455026083512942,7.985714126000005,1
1699.0,proton,nucleon_like,baryon,2.4395652601534046,2.4395652601534046,nan,0
1700.0,pion,pion_like,meson,33.1455775956353,7.128911796190824,26.016665799444475,1
1700.0,rho,rho_like,meson,10.11975288954976,3.0864196968830924,7.033333192666668,1
1700.0,proton,nucleon_like,baryon,2.8461594559481727,2.8461594559481727,nan,0
1701.0,pion,pion_like,meson,19.287173196330883,0.13325226616745978,19.153920930163423,1
1701.0,rho,rho_like,meson,10.656426800272854,5.446622982900301,5.209803817372552,1
1701.0,proton,nucleon_like,baryon,9.562573958959392,9.562573958959392,nan,0
1702.0,pion,pion_like,meson,24.219806438720404,2.0492943572246567,22.170512081495747,1
1702.0,rho,rho_like,meson,8.818708267914932,3.323836582940574,5.494871684974359,1
1702.0,proton,nucleon_like,baryon,9.488585034797634,4.5589697487745555,4.929615286023077,1
1703.0,pion,pion_like,meson,17.732141241889423,0.04880849800050329,17.68333274388892,1
1703.0,rho,rho_like,meson,9.77407388449872,4.629629542943159,5.144444341555559,1
1703.0,proton,nucleon_like,baryon,13.198986156227758,7.403986272127753,5.7949998841000046,1
1704.0,pion,pion_like,meson,18.574805590694105,0.3359173097681553,18.23888828092595,1
1704.0,rho,rho_like,meson,10.716460692913081,5.349794133579744,5.3666665593333365,1
1704.0,proton,nucleon_like,baryon,13.26856199433746,7.056895451904125,6.211666542433336,1
1705.0,pion,pion_like,meson,25.73858063113299,8.769533577720273,16.96904705341272,1
1705.0,rho,rho_like,meson,17.75996429813645,12.345678692136445,5.414285606000003,1
1705.0,proton,nucleon_like,baryon,14.718743036330387,10.163743127430386,4.554999908900002,1
1706.0,pion,pion_like,meson,16.36324749197353,0.6640416660740434,15.699205825899487,1
1706.0,rho,rho_like,meson,10.323750541659713,4.703115733437488,5.620634808222225,1
1706.0,proton,nucleon_like,baryon,13.563521383487046,7.351854841053711,6.211666542433335,1
1707.0,pion,pion_like,meson,22.56410689140933,0.9334058580467319,21.630701033362598,1
1707.0,rho,rho_like,meson,10.152241502578116,4.87329423973601,5.278947262842106,1
1707.0,proton,nucleon_like,baryon,8.55598721744948,8.55598721744948,nan,0
1708.0,pion,pion_like,meson,40.96067928715036,8.277347043261436,32.68333224388893,1
1708.0,rho,rho_like,meson,13.712345415472646,4.012345609472643,9.699999806000003,1
1708.0,proton,nucleon_like,baryon,4.300288204293468,4.300288204293468,nan,0
1709.0,pion,pion_like,meson,19.03007811937324,0.15626922469068055,18.873808894682558,1
1709.0,rho,rho_like,meson,9.835802273209051,4.85008808720905,4.985714186000002,1
1709.0,proton,nucleon_like,baryon,12.345955528406222,6.372384219306219,5.973571309100002,1
1710.0,pion,pion_like,meson,29.238026749877772,6.554694172655522,22.68333257722225,1
1710.0,rho,rho_like,meson,9.403703506827627,3.703703620827624,5.699999886000003,1
1710.0,proton,nucleon_like,baryon,12.941731086559983,6.786731209659979,6.154999876900005,1
1711.0,pion,pion_like,meson,19.287173196330873,0.13325226616745595,19.153920930163416,1
1711.0,rho,rho_like,meson,10.656426800272843,5.446622982900292,5.209803817372551,1
1711.0,proton,nucleon_like,baryon,9.56257395895938,9.56257395895938,nan,0
1712.0,pion,pion_like,meson,38.03001615283222,7.846683825609958,30.183332327222264,1
1712.0,rho,rho_like,meson,11.632098549517767,2.932098723517761,8.699999826000006,1
1712.0,proton,nucleon_like,baryon,11.140534090017036,3.4855342431170278,7.654999846900008,1
1713.0,pion,pion_like,meson,27.664670571258,9.42578229033205,18.23888828092595,1
1713.0,rho,rho_like,meson,32.25555473855755,22.222221605890883,10.033333132666668,1
1713.0,proton,nucleon_like,baryon,26.495156925203936,26.495156925203936,nan,0
1714.0,pion,pion_like,meson,25.738580631132997,8.769533577720273,16.969047053412723,1
1714.0,rho,rho_like,meson,22.978659031222005,16.754849631888668,6.223809399333336,1
1714.0,proton,nucleon_like,baryon,20.49322257855849,13.69107985745849,6.8021427211,1
1715.0,pion,pion_like,meson,25.738580631132987,8.76953357772027,16.969047053412716,1
1715.0,rho,rho_like,meson,17.759964298136442,12.34567869213644,5.414285606000001,1
1715.0,proton,nucleon_like,baryon,14.718743036330375,10.163743127430372,4.554999908900003,1
1716.0,pion,pion_like,meson,26.190007960849787,8.923341869738657,17.26666609111113,1
1716.0,rho,rho_like,meson,22.45617227302257,16.589505723689236,5.866666549333335,1
1716.0,proton,nucleon_like,baryon,20.38457121503572,13.93957134393572,6.444999871099999,1
1717.0,pion,pion_like,meson,38.03001615283221,7.8466838256099605,30.183332327222253,1
1717.0,rho,rho_like,meson,11.632098549517757,2.9320987235177554,8.699999826,1
1717.0,proton,nucleon_like,baryon,2.8753603266132277,2.8753603266132277,nan,0
1718.0,pion,pion_like,meson,33.1455775956353,7.128911796190827,26.01666579944448,1
1718.0,rho,rho_like,meson,10.119752889549769,3.0864196968830973,7.033333192666671,1
1718.0,proton,nucleon_like,baryon,2.846159455948179,2.846159455948179,nan,0
1719.0,pion,pion_like,meson,26.94238684371112,9.179689023102632,17.762697820608487,1
1719.0,rho,rho_like,meson,25.69470834589964,18.518518013232974,7.1761903326666685,1
1719.0,proton,nucleon_like,baryon,23.395725374178504,16.117392186411834,7.278333187766669,1
1720.0,pion,pion_like,meson,26.541118106185074,9.042970541308511,17.498147564876565,1
1720.0,rho,rho_like,meson,22.08683071960821,16.4609049062008,5.6259258134074095,1
1720.0,proton,nucleon_like,baryon,20.300064598962464,14.132842500084687,6.1672220988777795,1
1721.0,pion,pion_like,meson,20.135372444208045,0.17931250334943638,19.95605994085861,1
1721.0,rho,rho_like,meson,11.137710208876928,5.89225576833147,5.245454440545458,1
1721.0,proton,nucleon_like,baryon,14.200165420584378,8.291529175120738,5.90863624546364,1
1722.0,pion,pion_like,meson,25.460779197461115,8.674882321093573,16.78589687636754,1
1722.0,rho,rho_like,meson,18.636371812108955,13.295346277903825,5.34102553420513,1
1722.0,proton,nucleon_like,baryon,18.555727653741098,13.072266224948786,5.483461428792312,1
1723.0,pion,pion_like,meson,26.19000796084979,8.923341869738657,17.266666091111134,1
1723.0,rho,rho_like,meson,26.051851192497505,18.518518009830835,7.533333182666671,1
1723.0,proton,nucleon_like,baryon,23.177781009423015,15.48278116332301,7.6949998461000035,1
1724.0,pion,pion_like,meson,23.024992078921038,0.9765801154554045,22.048411963465632,1
1724.0,rho,rho_like,meson,10.443092078091727,4.997060440980616,5.446031637111112,1
1724.0,proton,nucleon_like,baryon,12.519612728930401,7.2603271198304,5.2592856091,1
1725.0,pion,pion_like,meson,40.960679287150356,8.277347043261438,32.68333224388892,1
1725.0,rho,rho_like,meson,13.712345415472642,4.012345609472641,9.699999806000001,1
1725.0,proton,nucleon_like,baryon,11.61009389927788,3.4550940623778796,8.1549998369,1
1726.0,pion,pion_like,meson,39.65816233856452,8.085941168749669,31.572221169814853,1
1726.0,rho,rho_like,meson,12.787791252826032,3.532235882381584,9.25555537044445,1
1726.0,proton,nucleon_like,baryon,11.401400650717507,3.4686230315952806,7.932777619122227,1
1727.0,pion,pion_like,meson,35.93668534260497,7.5390672415731865,28.397618101031778,1
1727.0,rho,rho_like,meson,10.631216734351298,2.6455026083512942,7.985714126000005,1
1727.0,proton,nucleon_like,baryon,2.4395652601534046,2.4395652601534046,nan,0
1728.0,pion,pion_like,meson,25.73858063113299,8.769533577720273,16.96904705341272,1
1728.0,rho,rho_like,meson,19.964549768012553,14.550264162012551,5.414285606,1
1728.0,proton,nucleon_like,baryon,17.300982813544433,11.927411492444433,5.3735713211,1
1729.0,pion,pion_like,meson,19.537850560756603,0.6640416660740434,18.873808894682558,1
1729.0,rho,rho_like,meson,11.793474188243783,6.172839380021559,5.620634808222224,1
1729.0,proton,nucleon_like,baryon,14.739300293496406,8.527633751063073,6.211666542433334,1
1730.0,pion,pion_like,meson,27.770003614858584,9.461670891803006,18.308332723055578,1
1730.0,rho,rho_like,meson,31.414505377749368,21.797838903416032,9.616666474333336,1
1730.0,proton,nucleon_like,baryon,25.996616987255706,25.996616987255706,nan,0
1731.0,pion,pion_like,meson,27.151744445898622,9.251020404908262,17.90072404099036,1
1731.0,rho,rho_like,meson,25.095061095441118,18.25013369610778,6.844927399333336,1
1731.0,proton,nucleon_like,baryon,23.067750269500067,16.079272148400065,6.988478121100003,1
1732.0,pion,pion_like,meson,35.93668534260495,7.539067241573184,28.397618101031767,1
1732.0,rho,rho_like,meson,10.631216734351296,2.6455026083512965,7.985714126,1
1732.0,proton,nucleon_like,baryon,11.193141266562337,3.8952842696623375,7.2978569969,1
1733.0,pion,pion_like,meson,26.68895395685257,9.093340508285294,17.595613448567274,1
1733.0,rho,rho_like,meson,19.635022262693475,13.970110095289964,5.66491216740351,1
1733.0,proton,nucleon_like,baryon,22.052099967233854,15.91815272149175,6.133947245742103,1
1734.0,pion,pion_like,meson,35.93668534260497,7.5390672415731865,28.397618101031778,1
1734.0,rho,rho_like,meson,10.631216734351298,2.6455026083512942,7.985714126000005,1
1734.0,proton,nucleon_like,baryon,11.19314126656234,3.8952842696623367,7.297856996900004,1
1735.0,pion,pion_like,meson,18.62518028408041,6.3458877640972275,12.279292519983183,1
1735.0,rho,rho_like,meson,25.11002553949792,16.086793396730236,9.02323214276768,1
1735.0,proton,nucleon_like,baryon,21.891931105366652,13.098446432751496,8.793484672615154,1
1736.0,pion,pion_like,meson,27.15174444589862,9.25102040490826,17.900724040990358,1
1736.0,rho,rho_like,meson,22.69516851174841,16.908212105748408,5.786956406000002,1
1736.0,proton,nucleon_like,baryon,21.124647803839338,15.005734882739338,6.1189129211000015,1
1737.0,pion,pion_like,meson,25.73858063113299,8.769533577720273,16.96904705341272,1
1737.0,rho,rho_like,meson,19.964549768012557,14.550264162012553,5.414285606000003,1
1737.0,proton,nucleon_like,baryon,17.300982813544422,11.92741149244442,5.373571321100004,1
1738.0,pion,pion_like,meson,25.225152203424145,1.8400652636287962,23.385086939795347,1
1738.0,rho,rho_like,meson,10.204223302932675,4.223521668160744,5.980701634771932,1
1738.0,proton,nucleon_like,baryon,11.164829591630989,6.272987584204671,4.891842007426318,1
1739.0,pion,pion_like,meson,26.19000796084979,8.923341869738657,17.266666091111134,1
1739.0,rho,rho_like,meson,20.19382666021431,14.660493437547641,5.533333222666667,1
1739.0,proton,nucleon_like,baryon,17.591361420648425,12.396361524548423,5.1949998961000015,1
1740.0,pion,pion_like,meson,45.46049454895418,7.539067241573188,37.921427307380995,1
1740.0,rho,rho_like,meson,4.805996413329852,4.805996413329852,nan,0
1740.0,proton,nucleon_like,baryon,4.297119959852184,4.297119959852184,nan,0
1741.0,pion,pion_like,meson,26.822006222453304,9.138673478564396,17.683332743888908,1
1741.0,rho,rho_like,meson,20.514814309296767,14.814814423296765,5.699999886000001,1
1741.0,proton,nucleon_like,baryon,17.997891470594034,13.052891569494035,4.944999901100001,1
1742.0,pion,pion_like,meson,38.03001615283222,7.846683825609958,30.183332327222256,1
1742.0,rho,rho_like,meson,11.632098549517764,2.932098723517761,8.699999826000003,1
1742.0,proton,nucleon_like,baryon,2.875360326613234,2.875360326613234,nan,0
1743.0,pion,pion_like,meson,42.02637497235696,8.43395184968016,33.592423122676806,1
1743.0,rho,rho_like,meson,14.468798821274426,4.4051626589107835,10.063636162363641,1
1743.0,proton,nucleon_like,baryon,4.818443796177192,4.818443796177192,nan,0
1744.0,pion,pion_like,meson,35.93668534260498,7.539067241573188,28.397618101031796,1
1744.0,rho,rho_like,meson,10.631216734351302,2.6455026083512925,7.985714126000008,1
1744.0,proton,nucleon_like,baryon,2.439565260153403,2.439565260153403,nan,0
1745.0,pion,pion_like,meson,33.1455775956353,7.128911796190828,26.016665799444475,1
1745.0,rho,rho_like,meson,10.119752889549773,3.0864196968831017,7.03333319266667,1
1745.0,proton,nucleon_like,baryon,2.846159455948185,2.846159455948185,nan,0
1746.0,pion,pion_like,meson,18.449913271308546,0.7665805274196353,17.68333274388891,1
1746.0,rho,rho_like,meson,11.487036810154105,5.787036924154101,5.699999886000005,1
1746.0,proton,nucleon_like,baryon,10.160234836730902,10.160234836730902,nan,0
1747.0,pion,pion_like,meson,26.541118106185074,9.042970541308511,17.498147564876565,1
1747.0,rho,rho_like,meson,22.0868307196082,16.460904906200792,5.625925813407409,1
1747.0,proton,nucleon_like,baryon,20.724901196847895,14.002123553525673,6.722777643322224,1
1748.0,pion,pion_like,meson,35.93668534260497,7.5390672415731865,28.397618101031778,1
1748.0,rho,rho_like,meson,10.631216734351298,2.6455026083512942,7.985714126000005,1
1748.0,proton,nucleon_like,baryon,11.193141266562352,3.8952842696623455,7.2978569969000056,1
1749.0,pion,pion_like,meson,14.479813749558847,1.3202903786858193,13.159523370873028,1
1749.0,rho,rho_like,meson,10.714109156420236,4.585537850420232,6.128571306000002,1
1749.0,proton,nucleon_like,baryon,8.883819471839656,8.883819471839656,nan,0
1750.0,pion,pion_like,meson,26.94238684371112,9.179689023102632,17.762697820608487,1
1750.0,rho,rho_like,meson,25.69470834589964,18.518518013232974,7.1761903326666685,1
1750.0,proton,nucleon_like,baryon,25.151094122088665,16.92038000098866,8.230714121100004,1
1751.0,pion,pion_like,meson,23.236734832504457,1.3867355608377665,21.84999927166669,1
1751.0,rho,rho_like,meson,9.61049362599619,4.243827066662855,5.366666559333335,1
1751.0,proton,nucleon_like,baryon,7.6652249064915665,7.6652249064915665,nan,0
1752.0,pion,pion_like,meson,38.03001615283221,7.8466838256099605,30.183332327222253,1
1752.0,rho,rho_like,meson,11.632098549517757,2.9320987235177554,8.699999826,1
1752.0,proton,nucleon_like,baryon,2.8753603266132277,2.8753603266132277,nan,0
1753.0,pion,pion_like,meson,35.936685342604974,7.5390672415731865,28.39761810103179,1
1753.0,rho,rho_like,meson,10.631216734351298,2.6455026083512907,7.9857141260000075,1
1753.0,proton,nucleon_like,baryon,11.193141266562339,3.8952842696623335,7.2978569969000056,1
1754.0,pion,pion_like,meson,19.287173196330873,0.13325226616745595,19.153920930163416,1
1754.0,rho,rho_like,meson,10.656426800272842,5.446622982900292,5.209803817372549,1
1754.0,proton,nucleon_like,baryon,9.56257395895938,9.56257395895938,nan,0
1755.0,pion,pion_like,meson,35.93668534260495,7.539067241573188,28.397618101031767,1
1755.0,rho,rho_like,meson,10.631216734351304,2.6455026083513027,7.985714126,1
1755.0,proton,nucleon_like,baryon,2.4395652601534152,2.4395652601534152,nan,0
1756.0,pion,pion_like,meson,33.145577595635295,7.128911796190827,26.01666579944447,1
1756.0,rho,rho_like,meson,10.119752889549769,3.086419696883101,7.033333192666668,1
1756.0,proton,nucleon_like,baryon,11.921720358228017,5.1000538279946825,6.821666530233334,1
1757.0,pion,pion_like,meson,25.73858063113299,8.769533577720273,16.96904705341272,1
1757.0,rho,rho_like,meson,22.978659031221998,16.754849631888664,6.2238093993333345,1
1757.0,proton,nucleon_like,baryon,20.493222578558484,13.691079857458485,6.802142721099999,1
1758.0,pion,pion_like,meson,39.658162338564516,8.085941168749669,31.572221169814846,1
1758.0,rho,rho_like,meson,12.787791252826027,3.5322358823815807,9.255555370444446,1
1758.0,proton,nucleon_like,baryon,3.666986925324471,3.666986925324471,nan,0
1759.0,pion,pion_like,meson,38.03001615283222,7.846683825609956,30.18333232722226,1
1759.0,rho,rho_like,meson,11.632098549517764,2.9320987235177594,8.699999826000004,1
1759.0,proton,nucleon_like,baryon,2.8753603266132317,2.8753603266132317,nan,0
1760.0,pion,pion_like,meson,23.23673483250446,1.3867355608377645,21.849999271666697,1
1760.0,rho,rho_like,meson,9.610493625996202,4.243827066662863,5.366666559333338,1
1760.0,proton,nucleon_like,baryon,11.162502723534413,5.99250282693441,5.169999896600003,1
1761.0,pion,pion_like,meson,25.13667752484392,8.56445585502909,16.57222166981483,1
1761.0,rho,rho_like,meson,19.658847245076878,14.403291794632434,5.255555450444445,1
1761.0,proton,nucleon_like,baryon,16.855177964539383,16.855177964539383,nan,0
1762.0,pion,pion_like,meson,25.73858063113299,8.769533577720273,16.96904705341272,1
1762.0,rho,rho_like,meson,22.978659031221998,16.754849631888664,6.2238093993333345,1
1762.0,proton,nucleon_like,baryon,20.493222578558473,13.691079857458474,6.802142721100001,1
1763.0,pion,pion_like,meson,35.93668534260496,7.539067241573188,28.397618101031775,1
1763.0,rho,rho_like,meson,10.631216734351304,2.645502608351299,7.985714126000004,1
1763.0,proton,nucleon_like,baryon,11.193141266562343,3.8952842696623406,7.297856996900003,1
1764.0,pion,pion_like,meson,26.37588980249788,8.986674695863874,17.389215106634005,1
1764.0,rho,rho_like,meson,19.380464304701338,13.798111475171925,5.5823528295294125,1
1764.0,proton,nucleon_like,baryon,16.255071019528614,16.255071019528614,nan,0
1765.0,pion,pion_like,meson,26.19000796084979,8.923341869738657,17.266666091111134,1
1765.0,rho,rho_like,meson,20.19382666021431,14.660493437547641,5.533333222666669,1
1765.0,proton,nucleon_like,baryon,21.978616113064813,15.533616241964813,6.4449998711,1
1766.0,pion,pion_like,meson,18.5748055906941,0.3359173097681515,18.23888828092595,1
1766.0,rho,rho_like,meson,10.716460692913078,5.349794133579742,5.366666559333335,1
1766.0,proton,nucleon_like,baryon,13.268561994337457,7.056895451904122,6.211666542433335,1
1767.0,pion,pion_like,meson,25.979341873648618,8.851564666796744,17.127777206851874,1
1767.0,rho,rho_like,meson,24.61769485056894,17.69547276679116,6.922222083777782,1
1767.0,proton,nucleon_like,baryon,21.92498707501957,14.646653887252903,7.278333187766667,1
1768.0,pion,pion_like,meson,26.37588980249788,8.986674695863874,17.38921510663401,1
1768.0,rho,rho_like,meson,27.317283258905064,19.244734400748197,8.072548858156866,1
1768.0,proton,nucleon_like,baryon,22.791018489874787,22.791018489874787,nan,0
1769.0,pion,pion_like,meson,27.051823772127314,9.216975881773758,17.834847890353558,1
1769.0,rho,rho_like,meson,26.68877598115084,19.079685224241747,7.609090756909093,1
1769.0,proton,nucleon_like,baryon,24.239996494691972,16.658633009955608,7.581363484736365,1
1770.0,pion,pion_like,meson,26.688953956852565,9.093340508285293,17.59561344856727,1
1770.0,rho,rho_like,meson,23.39265698005476,17.218972893002125,6.173684087052635,1
1770.0,proton,nucleon_like,baryon,20.3919639209811,20.3919639209811,nan,0
1771.0,pion,pion_like,meson,26.822006222453307,9.138673478564396,17.68333274388891,1
1771.0,rho,rho_like,meson,22.058024138210047,16.358024252210043,5.699999886000003,1
1771.0,proton,nucleon_like,baryon,24.869713993520257,17.424714142420253,7.444999851100002,1
1772.0,pion,pion_like,meson,38.03001615283222,7.846683825609954,30.183332327222264,1
1772.0,rho,rho_like,meson,11.632098549517767,2.9320987235177616,8.699999826000006,1
1772.0,proton,nucleon_like,baryon,2.8753603266132335,2.8753603266132335,nan,0
1773.0,pion,pion_like,meson,26.19000796084979,8.923341869738657,17.266666091111134,1
1773.0,rho,rho_like,meson,18.264814374072714,12.731481151406046,5.533333222666669,1
1773.0,proton,nucleon_like,baryon,15.40815161406114,10.853151705161139,4.554999908900002,1
1774.0,pion,pion_like,meson,38.03001615283222,7.8466838256099605,30.18333232722226,1
1774.0,rho,rho_like,meson,11.632098549517764,2.932098723517759,8.699999826000004,1
1774.0,proton,nucleon_like,baryon,2.875360326613232,2.875360326613232,nan,0
1775.0,pion,pion_like,meson,26.688953956852565,9.093340508285293,17.59561344856727,1
1775.0,rho,rho_like,meson,21.25945366154955,15.594541494146041,5.66491216740351,1
1775.0,proton,nucleon_like,baryon,19.088394531400123,13.564447273458015,5.523947257942108,1
1776.0,pion,pion_like,meson,39.65816233856452,8.08594116874967,31.572221169814853,1
1776.0,rho,rho_like,meson,12.787791252826029,3.532235882381582,9.255555370444448,1
1776.0,proton,nucleon_like,baryon,11.401400650717505,3.4686230315952797,7.932777619122226,1
1777.0,pion,pion_like,meson,26.541118106185074,9.042970541308511,17.498147564876565,1
1777.0,rho,rho_like,meson,20.372153131926787,14.746227318519377,5.625925813407409,1
1777.0,proton,nucleon_like,baryon,17.817211448395984,12.761100438407093,5.056111009988891,1
1778.0,pion,pion_like,meson,26.541118106185074,9.042970541308511,17.498147564876565,1
1778.0,rho,rho_like,meson,20.372153131926787,14.746227318519377,5.625925813407409,1
1778.0,proton,nucleon_like,baryon,20.976252700042792,14.809030601165013,6.167222098877779,1
1779.0,pion,pion_like,meson,35.93668534260496,7.539067241573188,28.397618101031775,1
1779.0,rho,rho_like,meson,10.631216734351304,2.645502608351299,7.985714126000004,1
1779.0,proton,nucleon_like,baryon,2.439565260153411,2.439565260153411,nan,0
1780.0,pion,pion_like,meson,38.03001615283222,7.846683825609958,30.183332327222256,1
1780.0,rho,rho_like,meson,11.632098549517762,2.9320987235177576,8.699999826000004,1
1780.0,proton,nucleon_like,baryon,2.87536032661323,2.87536032661323,nan,0
1781.0,pion,pion_like,meson,19.023233705557146,2.3815675936126817,16.641666111944463,1
1781.0,rho,rho_like,meson,14.858950321343325,7.908950460343322,6.949999861000003,1
1781.0,proton,nucleon_like,baryon,17.945442638331368,10.900442779231364,7.044999859100005,1
1782.0,pion,pion_like,meson,17.85655515187787,3.876925988235877,13.979629163641993,1
1782.0,rho,rho_like,meson,17.19519856697937,9.087791321720108,8.107407245259264,1
1782.0,proton,nucleon_like,baryon,15.050146252121554,15.050146252121554,nan,0
1783.0,pion,pion_like,meson,38.030016152832204,7.846683825609958,30.18333232722225,1
1783.0,rho,rho_like,meson,11.632098549517755,2.932098723517754,8.699999826,1
1783.0,proton,nucleon_like,baryon,2.875360326613226,2.875360326613226,nan,0
1784.0,pion,pion_like,meson,19.101171782223783,2.3437649333966086,16.757406848827173,1
1784.0,rho,rho_like,meson,5.6272975549801725,2.2976679919431353,3.3296295630370367,1
1784.0,proton,nucleon_like,baryon,9.062341257813605,4.517341348713603,4.544999909100002,1
1785.0,pion,pion_like,meson,25.136677524843925,8.56445585502909,16.572221669814834,1
1785.0,rho,rho_like,meson,23.675308042154562,16.97530817615456,6.699999866000002,1
1785.0,proton,nucleon_like,baryon,32.81129305862269,23.03295992085602,9.77833313776667,1
1786.0,pion,pion_like,meson,26.541118106185074,9.042970541308511,17.49814756487656,1
1786.0,rho,rho_like,meson,20.372153131926787,14.746227318519377,5.625925813407409,1
1786.0,proton,nucleon_like,baryon,17.817211448395994,12.761100438407103,5.056111009988889,1
1787.0,pion,pion_like,meson,26.94238684371112,9.179689023102634,17.762697820608487,1
1787.0,rho,rho_like,meson,22.955143454871127,17.048794366648902,5.906349088222226,1
1787.0,proton,nucleon_like,baryon,21.26756553083581,14.941613276402473,6.3259522544333375,1
1788.0,pion,pion_like,meson,26.94238684371112,9.179689023102634,17.762697820608487,1
1788.0,rho,rho_like,meson,25.69470834589964,18.518518013232974,7.1761903326666685,1
1788.0,proton,nucleon_like,baryon,29.838302099965304,20.65520704553197,9.183095054433334,1
1789.0,pion,pion_like,meson,26.19000796084979,8.923341869738657,17.266666091111134,1
1789.0,rho,rho_like,meson,20.19382666021431,14.660493437547641,5.533333222666669,1
1789.0,proton,nucleon_like,baryon,17.591361420648433,12.39636152454843,5.194999896100002,1
1790.0,pion,pion_like,meson,35.93668534260496,7.5390672415731865,28.39761810103177,1
1790.0,rho,rho_like,meson,10.631216734351295,2.6455026083512942,7.985714126,1
1790.0,proton,nucleon_like,baryon,11.19314126656234,3.8952842696623406,7.2978569969,1
1791.0,pion,pion_like,meson,35.93668534260497,7.539067241573184,28.39761810103178,1
1791.0,rho,rho_like,meson,10.631216734351295,2.64550260835129,7.985714126000006,1
1791.0,proton,nucleon_like,baryon,2.4395652601533984,2.4395652601533984,nan,0
1792.0,pion,pion_like,meson,26.688953956852565,9.093340508285293,17.59561344856727,1
1792.0,rho,rho_like,meson,19.635022262693468,13.970110095289959,5.66491216740351,1
1792.0,proton,nucleon_like,baryon,16.871501675896518,11.790185988049146,5.081315687847371,1
1793.0,pion,pion_like,meson,25.460779197461115,8.674882321093573,16.78589687636754,1
1793.0,rho,rho_like,meson,21.087463855052462,15.669515245462714,5.417948609589747,1
1793.0,proton,nucleon_like,baryon,18.841186621103382,12.588494438464918,6.252692182638464,1
1794.0,pion,pion_like,meson,25.979341873648618,8.851564666796744,17.127777206851874,1
1794.0,rho,rho_like,meson,28.453085698008863,19.75308587200886,8.699999826000004,1
1794.0,proton,nucleon_like,baryon,23.360685232787127,23.360685232787127,nan,0
1795.0,pion,pion_like,meson,25.460779197461118,8.674882321093573,16.785896876367545,1
1795.0,rho,rho_like,meson,21.087463855052455,15.669515245462712,5.417948609589743,1
1795.0,proton,nucleon_like,baryon,25.779346152041214,17.98819246171044,7.791153690330772,1
1796.0,pion,pion_like,meson,26.190007960849787,8.923341869738657,17.26666609111113,1
1796.0,rho,rho_like,meson,20.193826660214306,14.66049343754764,5.533333222666667,1
1796.0,proton,nucleon_like,baryon,17.271012952912603,17.271012952912603,nan,0
1797.0,pion,pion_like,meson,39.658162338564516,8.085941168749669,31.572221169814846,1
1797.0,rho,rho_like,meson,12.787791252826027,3.5322358823815807,9.255555370444446,1
1797.0,proton,nucleon_like,baryon,3.666986925324471,3.666986925324471,nan,0
1798.0,pion,pion_like,meson,26.190007960849787,8.923341869738657,17.26666609111113,1
1798.0,rho,rho_like,meson,22.456172273022574,16.58950572368924,5.866666549333334,1
1798.0,proton,nucleon_like,baryon,20.38457121503572,13.93957134393572,6.444999871100002,1
1799.0,pion,pion_like,meson,25.460779197461108,8.674882321093571,16.785896876367538,1
1799.0,rho,rho_like,meson,21.087463855052455,15.669515245462708,5.417948609589746,1
1799.0,proton,nucleon_like,baryon,25.7793461520412,17.98819246171043,7.79115369033077,1
1800.0,pion,pion_like,meson,19.287173196330883,0.13325226616745978,19.153920930163423,1
1800.0,rho,rho_like,meson,10.656426800272854,5.446622982900301,5.209803817372552,1
1800.0,proton,nucleon_like,baryon,13.41716561893344,7.401577503951084,6.015588114982356,1
1801.0,pion,pion_like,meson,16.675785941354892,0.9765801154554026,15.69920582589949,1
1801.0,rho,rho_like,meson,6.893415514962994,2.5426219511852137,4.35079356377778,1
1801.0,proton,nucleon_like,baryon,5.746285087697255,5.746285087697255,nan,0
1802.0,pion,pion_like,meson,19.136581823230554,0.5273231842799195,18.609258638950635,1
1802.0,rho,rho_like,meson,11.344718565189318,5.829903860670797,5.51481470451852,1
1802.0,proton,nucleon_like,baryon,10.14021314771329,10.14021314771329,nan,0
1803.0,pion,pion_like,meson,39.65816233856452,8.085941168749669,31.572221169814853,1
1803.0,rho,rho_like,meson,12.787791252826032,3.532235882381584,9.25555537044445,1
1803.0,proton,nucleon_like,baryon,3.666986925324475,3.666986925324475,nan,0
1804.0,pion,pion_like,meson,26.822006222453307,9.138673478564396,17.68333274388891,1
1804.0,rho,rho_like,meson,22.058024138210047,16.358024252210043,5.699999886000003,1
1804.0,proton,nucleon_like,baryon,20.232459306103863,14.28745942500386,5.944999881100002,1
1805.0,pion,pion_like,meson,35.93668534260497,7.539067241573188,28.39761810103178,1
1805.0,rho,rho_like,meson,10.631216734351302,2.6455026083512956,7.985714126000006,1
1805.0,proton,nucleon_like,baryon,2.439565260153407,2.439565260153407,nan,0
1806.0,pion,pion_like,meson,20.617379653764775,0.15626922469067864,20.461110429074097,1
1806.0,rho,rho_like,meson,10.570664096501096,5.584949910501092,4.985714186000004,1
1806.0,proton,nucleon_like,baryon,9.642091230695222,9.642091230695222,nan,0
1807.0,pion,pion_like,meson,25.979341873648618,8.851564666796744,17.127777206851874,1
1807.0,rho,rho_like,meson,21.11563732979567,15.637859661573447,5.477777668222223,1
1807.0,proton,nucleon_like,baryon,18.94556329433978,13.00056341323978,5.9449998811,1
1808.0,pion,pion_like,meson,25.460779197461118,8.674882321093573,16.785896876367545,1
1808.0,rho,rho_like,meson,21.087463855052462,15.669515245462716,5.417948609589747,1
1808.0,proton,nucleon_like,baryon,18.841186621103382,12.58849443846492,6.252692182638464,1
1809.0,pion,pion_like,meson,26.68895395685257,9.093340508285294,17.595613448567274,1
1809.0,rho,rho_like,meson,21.259453661549557,15.594541494146046,5.664912167403511,1
1809.0,proton,nucleon_like,baryon,19.088394531400134,13.564447273458027,5.523947257942107,1
1810.0,pion,pion_like,meson,35.93668534260497,7.539067241573188,28.39761810103178,1
1810.0,rho,rho_like,meson,10.631216734351302,2.6455026083512956,7.985714126000006,1
1810.0,proton,nucleon_like,baryon,2.439565260153407,2.439565260153407,nan,0
1811.0,pion,pion_like,meson,35.93668534260496,7.539067241573188,28.397618101031775,1
1811.0,rho,rho_like,meson,10.631216734351304,2.645502608351299,7.985714126000004,1
1811.0,proton,nucleon_like,baryon,2.439565260153411,2.439565260153411,nan,0
1812.0,pion,pion_like,meson,26.190007960849787,8.923341869738657,17.26666609111113,1
1812.0,rho,rho_like,meson,22.456172273022574,16.58950572368924,5.866666549333336,1
1812.0,proton,nucleon_like,baryon,20.384571215035724,13.93957134393572,6.444999871100003,1
1813.0,pion,pion_like,meson,25.979341873648618,8.851564666796744,17.127777206851874,1
1813.0,rho,rho_like,meson,21.115637329795675,15.637859661573453,5.477777668222224,1
1813.0,proton,nucleon_like,baryon,18.945563294339788,13.000563413239789,5.9449998811,1
1814.0,pion,pion_like,meson,24.96888759673496,1.8933981698395044,23.075489426895455,1
1814.0,rho,rho_like,meson,9.851052803810514,3.9941901758497256,5.856862627960788,1
1814.0,proton,nucleon_like,baryon,7.214329318734146,7.214329318734146,nan,0
1815.0,pion,pion_like,meson,35.93668534260497,7.539067241573184,28.39761810103178,1
1815.0,rho,rho_like,meson,10.631216734351295,2.64550260835129,7.985714126000006,1
1815.0,proton,nucleon_like,baryon,11.193141266562348,3.895284269662341,7.297856996900007,1
1816.0,pion,pion_like,meson,25.460779197461115,8.674882321093573,16.78589687636754,1
1816.0,rho,rho_like,meson,18.636371812108955,13.295346277903825,5.34102553420513,1
1816.0,proton,nucleon_like,baryon,15.403389951088254,10.6891592761421,4.7142306749461556,1
1817.0,pion,pion_like,meson,25.136677524843932,8.564455855029093,16.57222166981484,1
1817.0,rho,rho_like,meson,19.658847245076885,14.403291794632437,5.255555450444448,1
1817.0,proton,nucleon_like,baryon,16.91381133740576,11.302144782972425,5.611666554433335,1
1818.0,pion,pion_like,meson,21.223384392984077,3.5400516490951612,17.683332743888915,1
1818.0,rho,rho_like,meson,5.783333203606313,2.083333277606309,3.699999926000004,1
1818.0,proton,nucleon_like,baryon,4.429474262946348,4.429474262946348,nan,0
1819.0,pion,pion_like,meson,35.93668534260495,7.539067241573188,28.397618101031767,1
1819.0,rho,rho_like,meson,10.631216734351304,2.6455026083513027,7.985714126,1
1819.0,proton,nucleon_like,baryon,2.4395652601534152,2.4395652601534152,nan,0
1820.0,pion,pion_like,meson,24.96888759673496,1.8933981698395044,23.075489426895455,1
1820.0,rho,rho_like,meson,9.851052803810516,3.994190175849729,5.856862627960787,1
1820.0,proton,nucleon_like,baryon,7.2143293187341495,7.2143293187341495,nan,0
1821.0,pion,pion_like,meson,26.19000796084979,8.923341869738659,17.266666091111134,1
1821.0,rho,rho_like,meson,22.456172273022574,16.58950572368924,5.866666549333336,1
1821.0,proton,nucleon_like,baryon,20.384571215035724,13.939571343935725,6.444999871099999,1
1822.0,pion,pion_like,meson,35.93668534260497,7.5390672415731865,28.397618101031778,1
1822.0,rho,rho_like,meson,10.631216734351295,2.6455026083512907,7.985714126000004,1
1822.0,proton,nucleon_like,baryon,11.19314126656234,3.8952842696623384,7.297856996900003,1
1823.0,pion,pion_like,meson,25.460779197461115,8.674882321093573,16.78589687636754,1
1823.0,rho,rho_like,meson,21.087463855052462,15.669515245462714,5.417948609589747,1
1823.0,proton,nucleon_like,baryon,18.841186621103382,12.588494438464918,6.252692182638464,1
1824.0,pion,pion_like,meson,39.658162338564516,8.085941168749669,31.572221169814846,1
1824.0,rho,rho_like,meson,12.787791252826027,3.5322358823815807,9.255555370444446,1
1824.0,proton,nucleon_like,baryon,11.401400650717504,3.468623031595278,7.932777619122225,1
1825.0,pion,pion_like,meson,20.07674352448687,0.31007751670906364,19.766666007777804,1
1825.0,rho,rho_like,meson,9.88209856474182,5.015431995408482,4.866666569333337,1
1825.0,proton,nucleon_like,baryon,8.91272987161124,8.91272987161124,nan,0
1826.0,pion,pion_like,meson,26.541118106185074,9.042970541308511,17.498147564876565,1
1826.0,rho,rho_like,meson,22.08683071960821,16.4609049062008,5.6259258134074095,1
1826.0,proton,nucleon_like,baryon,19.46723770822007,19.46723770822007,nan,0
1827.0,pion,pion_like,meson,26.94238684371112,9.179689023102632,17.762697820608487,1
1827.0,rho,rho_like,meson,25.694708345899645,18.518518013232974,7.17619033266667,1
1827.0,proton,nucleon_like,baryon,23.39572537417851,16.117392186411845,7.278333187766668,1
1828.0,pion,pion_like,meson,33.145577595635295,7.128911796190827,26.01666579944447,1
1828.0,rho,rho_like,meson,10.119752889549769,3.086419696883101,7.033333192666668,1
1828.0,proton,nucleon_like,baryon,2.846159455948183,2.846159455948183,nan,0
1829.0,pion,pion_like,meson,23.23673483250446,1.3867355608377645,21.849999271666697,1
1829.0,rho,rho_like,meson,9.610493625996202,4.243827066662863,5.366666559333338,1
1829.0,proton,nucleon_like,baryon,11.162502723534413,5.99250282693441,5.169999896600003,1
1830.0,pion,pion_like,meson,25.738580631132997,8.769533577720273,16.969047053412723,1
1830.0,rho,rho_like,meson,22.978659031222005,16.754849631888668,6.223809399333336,1
1830.0,proton,nucleon_like,baryon,19.738300505416586,19.738300505416586,nan,0
1831.0,pion,pion_like,meson,42.91445471002913,8.564455855029092,34.349998855000045,1
1831.0,rho,rho_like,meson,15.099176659442577,4.732510200109237,10.36666645933334,1
1831.0,proton,nucleon_like,baryon,12.053852718677486,3.565519555110811,8.488333163566676,1
1832.0,pion,pion_like,meson,26.37588980249788,8.986674695863874,17.38921510663401,1
1832.0,rho,rho_like,meson,21.196005279893424,15.613652450364013,5.582352829529412,1
1832.0,proton,nucleon_like,baryon,19.867364576017476,13.56942352550571,6.297941050511764,1
1833.0,pion,pion_like,meson,26.94238684371112,9.179689023102634,17.762697820608487,1
1833.0,rho,rho_like,meson,25.69470834589964,18.518518013232974,7.1761903326666685,1
1833.0,proton,nucleon_like,baryon,23.395725374178504,16.117392186411834,7.27833318776667,1
1834.0,pion,pion_like,meson,26.94238684371112,9.179689023102634,17.762697820608487,1
1834.0,rho,rho_like,meson,25.694708345899645,18.518518013232974,7.176190332666671,1
1834.0,proton,nucleon_like,baryon,21.977208857142877,21.977208857142877,nan,0
1835.0,pion,pion_like,meson,26.822006222453304,9.138673478564396,17.683332743888908,1
1835.0,rho,rho_like,meson,22.05802413821004,16.35802425221004,5.6999998860000005,1
1835.0,proton,nucleon_like,baryon,19.372365729201285,19.372365729201285,nan,0
1836.0,pion,pion_like,meson,26.25291539484202,2.6172018969848483,23.63571349785717,1
1836.0,rho,rho_like,meson,9.167371937980977,3.0864196786476406,6.080952259333337,1
1836.0,proton,nucleon_like,baryon,9.626424169357218,4.471424272457214,5.154999896900003,1
1837.0,pion,pion_like,meson,11.519759281264706,2.169759592931365,9.349999688333341,1
1837.0,rho,rho_like,meson,9.123119872202915,5.695847213475641,3.4272726587272735,1
1837.0,proton,nucleon_like,baryon,12.654312767957748,8.260828007342596,4.393484760615153,1
1838.0,pion,pion_like,meson,25.136677524843925,8.56445585502909,16.572221669814834,1
1838.0,rho,rho_like,meson,17.086830863554752,11.831275413110307,5.255555450444446,1
1838.0,proton,nucleon_like,baryon,13.799531599356039,9.244531690456036,4.554999908900003,1
1839.0,pion,pion_like,meson,25.460779197461115,8.674882321093573,16.78589687636754,1
1839.0,rho,rho_like,meson,16.26220284455007,10.921177310344941,5.34102553420513,1
1839.0,proton,nucleon_like,baryon,13.344824022719283,8.78982411381928,4.554999908900002,1
1840.0,pion,pion_like,meson,26.19000796084979,8.923341869738657,17.266666091111134,1
1840.0,rho,rho_like,meson,22.456172273022574,16.58950572368924,5.866666549333336,1
1840.0,proton,nucleon_like,baryon,24.77182590745211,17.07682606135211,7.694999846100002,1
1841.0,pion,pion_like,meson,26.375889802497888,8.986674695863876,17.389215106634012,1
1841.0,rho,rho_like,meson,17.564923329509252,11.982570499979836,5.582352829529415,1
1841.0,proton,nucleon_like,baryon,14.96580934870919,10.410809439809185,4.5549999089000055,1
1842.0,pion,pion_like,meson,26.541118106185074,9.042970541308511,17.498147564876565,1
1842.0,rho,rho_like,meson,20.372153131926787,14.746227318519377,5.6259258134074095,1
1842.0,proton,nucleon_like,baryon,20.9762527000428,14.80903060116502,6.167222098877781,1
1843.0,pion,pion_like,meson,21.994778130365464,0.8800729518360219,21.11470517852944,1
1843.0,rho,rho_like,meson,9.792955497531882,4.720406579375014,5.072548918156866,1
1843.0,proton,nucleon_like,baryon,8.38845163884677,8.38845163884677,nan,0
1844.0,pion,pion_like,meson,26.541118106185074,9.042970541308511,17.49814756487656,1
1844.0,rho,rho_like,meson,28.44211176237845,19.890260081563632,8.551851680814817,1
1844.0,proton,nucleon_like,baryon,23.58246389325284,23.58246389325284,nan,0
1845.0,pion,pion_like,meson,26.25291539484202,2.6172018969848465,23.635713497857175,1
1845.0,rho,rho_like,meson,9.167371937980985,3.086419678647646,6.080952259333338,1
1845.0,proton,nucleon_like,baryon,9.62642416935721,4.471424272457201,5.154999896900009,1
1846.0,pion,pion_like,meson,38.03001615283222,7.846683825609962,30.183332327222256,1
1846.0,rho,rho_like,meson,11.63209854951776,2.9320987235177567,8.699999826000004,1
1846.0,proton,nucleon_like,baryon,2.8753603266132304,2.8753603266132304,nan,0
1847.0,pion,pion_like,meson,26.822006222453304,9.138673478564396,17.683332743888908,1
1847.0,rho,rho_like,meson,24.601233947123315,17.901234081123313,6.699999866000002,1
1847.0,proton,nucleon_like,baryon,22.46702714161369,15.522027280513692,6.944999861100001,1
1848.0,pion,pion_like,meson,26.541118106185074,9.042970541308511,17.498147564876565,1
1848.0,rho,rho_like,meson,18.657475544245365,13.031549730837957,5.625925813407409,1
1848.0,proton,nucleon_like,baryon,19.103399537276317,13.437288539487426,5.6661109977888895,1
1849.0,pion,pion_like,meson,25.460779197461115,8.674882321093573,16.78589687636754,1
1849.0,rho,rho_like,meson,21.087463855052455,15.669515245462708,5.417948609589746,1
1849.0,proton,nucleon_like,baryon,18.84118662110337,12.588494438464908,6.252692182638462,1
1850.0,pion,pion_like,meson,27.664670571258,9.42578229033205,18.23888828092595,1
1850.0,rho,rho_like,meson,36.09094558599748,24.27983471110859,11.811110874888891,1
1850.0,proton,nucleon_like,baryon,34.45714237594498,22.512142614844976,11.944999761100005,1
1851.0,pion,pion_like,meson,27.81788227104067,9.477983892471624,18.339898378569046,1
1851.0,rho,rho_like,meson,37.13396838012736,24.878413069682907,12.25555531044445,1
1851.0,proton,nucleon_like,baryon,32.85846141163149,21.943764660228453,10.914696751403033,1
1852.0,pion,pion_like,meson,22.564106891409327,0.9334058580467319,21.630701033362595,1
1852.0,rho,rho_like,meson,10.152241502578109,4.873294239736003,5.278947262842106,1
1852.0,proton,nucleon_like,baryon,12.30781482635431,6.973341248833255,5.334473577521055,1
1853.0,pion,pion_like,meson,38.03001615283222,7.846683825609958,30.183332327222264,1
1853.0,rho,rho_like,meson,11.632098549517767,2.932098723517761,8.699999826000006,1
1853.0,proton,nucleon_like,baryon,11.140534090017036,3.4855342431170278,7.654999846900008,1
1854.0,pion,pion_like,meson,26.94238684371112,9.179689023102632,17.762697820608487,1
1854.0,rho,rho_like,meson,25.694708345899645,18.518518013232974,7.17619033266667,1
1854.0,proton,nucleon_like,baryon,23.395725374178504,16.117392186411834,7.278333187766671,1
1855.0,pion,pion_like,meson,26.541118106185074,9.042970541308511,17.498147564876565,1
1855.0,rho,rho_like,meson,25.245952722845182,18.175582493882217,7.070370228962965,1
1855.0,proton,nucleon_like,baryon,25.941959001175753,17.552514724520197,8.389444276655556,1
1856.0,pion,pion_like,meson,25.73858063113299,8.769533577720273,16.96904705341272,1
1856.0,rho,rho_like,meson,17.75996429813645,12.345678692136445,5.414285606000003,1
1856.0,proton,nucleon_like,baryon,17.169723312043033,11.900437703143028,5.269285608900002,1
1857.0,pion,pion_like,meson,19.287173196330883,0.13325226616745978,19.153920930163423,1
1857.0,rho,rho_like,meson,10.656426800272854,5.446622982900301,5.209803817372552,1
1857.0,proton,nucleon_like,baryon,13.41716561893344,7.401577503951084,6.015588114982356,1
1858.0,pion,pion_like,meson,27.405389233164247,9.337441117480463,18.067948115683784,1
1858.0,rho,rho_like,meson,21.99819508453694,16.144349047767708,5.853846036769231,1
1858.0,proton,nucleon_like,baryon,24.01361676974267,16.99169383325805,7.021922936484616,1
1859.0,pion,pion_like,meson,27.770003614858584,9.461670891803006,18.308332723055578,1
1859.0,rho,rho_like,meson,29.61666591801191,20.833332760345243,8.78333315766667,1
1859.0,proton,nucleon_like,baryon,26.9873159286743,18.6673160950743,8.319999833600003,1
1860.0,pion,pion_like,meson,25.460779197461118,8.674882321093573,16.785896876367545,1
1860.0,rho,rho_like,meson,21.087463855052462,15.669515245462716,5.417948609589747,1
1860.0,proton,nucleon_like,baryon,18.841186621103382,12.58849443846492,6.252692182638464,1
1861.0,pion,pion_like,meson,17.793459628117336,6.062507638196686,11.73095198992065,1
1861.0,rho,rho_like,meson,26.421339704372002,16.578482758371997,9.842856946000003,1
1861.0,proton,nucleon_like,baryon,18.718118631132572,18.718118631132572,nan,0
1862.0,pion,pion_like,meson,39.658162338564516,8.085941168749669,31.572221169814846,1
1862.0,rho,rho_like,meson,12.787791252826029,3.532235882381584,9.255555370444446,1
1862.0,proton,nucleon_like,baryon,11.401400650717498,3.468623031595276,7.932777619122222,1
1863.0,pion,pion_like,meson,27.770003614858584,9.461670891803006,18.308332723055578,1
1863.0,rho,rho_like,meson,33.21234483748684,22.762345046486836,10.449999791000003,1
1863.0,proton,nucleon_like,baryon,29.780525723061587,20.21052591446158,9.569999808600004,1
1864.0,pion,pion_like,meson,26.541118106185074,9.042970541308511,17.498147564876565,1
1864.0,rho,rho_like,meson,20.372153131926787,14.746227318519377,5.625925813407409,1
1864.0,proton,nucleon_like,baryon,17.817211448395984,12.761100438407093,5.056111009988891,1
1865.0,pion,pion_like,meson,21.994778130365464,0.8800729518360256,21.114705178529437,1
1865.0,rho,rho_like,meson,9.792955497531873,4.720406579375007,5.0725489181568655,1
1865.0,proton,nucleon_like,baryon,12.046182123172077,6.618829290542663,5.427352832629414,1
1866.0,pion,pion_like,meson,26.94238684371112,9.179689023102632,17.762697820608487,1
1866.0,rho,rho_like,meson,25.69470834589964,18.518518013232974,7.1761903326666685,1
1866.0,proton,nucleon_like,baryon,23.395725374178504,16.117392186411834,7.278333187766669,1
1867.0,pion,pion_like,meson,27.151744445898622,9.251020404908262,17.90072404099036,1
1867.0,rho,rho_like,meson,27.59640295246715,19.59205528646715,8.004347666000003,1
1867.0,proton,nucleon_like,baryon,38.87274463791397,27.536440516813958,11.336304121100007,1
1868.0,pion,pion_like,meson,25.73858063113299,8.769533577720273,16.96904705341272,1
1868.0,rho,rho_like,meson,17.75996429813645,12.345678692136445,5.414285606000003,1
1868.0,proton,nucleon_like,baryon,14.718743036330387,10.163743127430386,4.554999908900002,1
1869.0,pion,pion_like,meson,11.922494669238256,3.6836060549789895,8.238888614259267,1
1869.0,rho,rho_like,meson,10.292592322992846,6.481481288103955,3.811111034888891,1
1869.0,proton,nucleon_like,baryon,12.106870530809644,7.161870629709643,4.944999901100002,1
1870.0,pion,pion_like,meson,38.03001615283222,7.846683825609958,30.183332327222256,1
1870.0,rho,rho_like,meson,11.632098549517762,2.9320987235177576,8.699999826000004,1
1870.0,proton,nucleon_like,baryon,11.14053409001702,3.485534243117017,7.654999846900004,1
1871.0,pion,pion_like,meson,25.136677524843925,8.56445585502909,16.572221669814834,1
1871.0,rho,rho_like,meson,23.675308042154562,16.97530817615456,6.699999866000002,1
1871.0,proton,nucleon_like,baryon,20.63809106325548,13.359757875488809,7.278333187766671,1
1872.0,pion,pion_like,meson,25.460779197461118,8.674882321093573,16.785896876367545,1
1872.0,rho,rho_like,meson,21.087463855052462,15.669515245462716,5.417948609589746,1
1872.0,proton,nucleon_like,baryon,18.841186621103382,12.58849443846492,6.252692182638463,1
1873.0,pion,pion_like,meson,17.093063286253695,5.823871742701494,11.269191543552203,1
1873.0,rho,rho_like,meson,23.396594978744517,14.777403231936432,8.619191746808083,1
1873.0,proton,nucleon_like,baryon,21.322767700201943,13.135343621526182,8.187424078675763,1
1874.0,pion,pion_like,meson,35.93668534260497,7.539067241573184,28.39761810103178,1
1874.0,rho,rho_like,meson,10.631216734351295,2.64550260835129,7.985714126000006,1
1874.0,proton,nucleon_like,baryon,2.4395652601533984,2.4395652601533984,nan,0
1875.0,pion,pion_like,meson,35.93668534260497,7.5390672415731865,28.397618101031778,1
1875.0,rho,rho_like,meson,10.631216734351298,2.6455026083512942,7.985714126000005,1
1875.0,proton,nucleon_like,baryon,2.4395652601534046,2.4395652601534046,nan,0
1876.0,pion,pion_like,meson,25.73858063113299,8.769533577720273,16.96904705341272,1
1876.0,rho,rho_like,meson,22.978659031222,16.754849631888664,6.223809399333336,1
1876.0,proton,nucleon_like,baryon,20.49322257855848,13.691079857458478,6.802142721100002,1
1877.0,pion,pion_like,meson,26.822006222453304,9.138673478564396,17.683332743888908,1
1877.0,rho,rho_like,meson,18.971604480383487,13.271604594383486,5.699999886000001,1
1877.0,proton,nucleon_like,baryon,16.089009933530104,11.034010034630102,5.054999898900002,1
1878.0,pion,pion_like,meson,35.936685342604974,7.5390672415731865,28.39761810103179,1
1878.0,rho,rho_like,meson,10.631216734351298,2.6455026083512907,7.9857141260000075,1
1878.0,proton,nucleon_like,baryon,2.4395652601534006,2.4395652601534006,nan,0
1879.0,pion,pion_like,meson,25.979341873648615,8.851564666796744,17.12777720685187,1
1879.0,rho,rho_like,meson,24.617694850568935,17.695472766791156,6.92222208377778,1
1879.0,proton,nucleon_like,baryon,21.92498707501956,14.64665388725289,7.278333187766669,1
1880.0,pion,pion_like,meson,33.1455775956353,7.128911796190824,26.016665799444482,1
1880.0,rho,rho_like,meson,10.119752889549764,3.0864196968830924,7.033333192666672,1
1880.0,proton,nucleon_like,baryon,2.8461594559481727,2.8461594559481727,nan,0
1881.0,pion,pion_like,meson,18.574805590694112,0.3359173097681553,18.238888280925956,1
1881.0,rho,rho_like,meson,10.716460692913085,5.349794133579747,5.3666665593333365,1
1881.0,proton,nucleon_like,baryon,13.268561994337457,7.056895451904119,6.211666542433338,1
1882.0,pion,pion_like,meson,35.93668534260496,7.5390672415731865,28.39761810103177,1
1882.0,rho,rho_like,meson,10.631216734351298,2.645502608351298,7.985714126000001,1
1882.0,proton,nucleon_like,baryon,2.439565260153409,2.439565260153409,nan,0
1883.0,pion,pion_like,meson,27.151744445898622,9.251020404908262,17.900724040990358,1
1883.0,rho,rho_like,meson,20.011325331029667,14.224368925029664,5.786956406000002,1
1883.0,proton,nucleon_like,baryon,33.41536450079737,24.94732119189736,8.468043308900004,1
1884.0,pion,pion_like,meson,18.339714165968353,1.1465774841709395,17.193136681797412,1
1884.0,rho,rho_like,meson,12.16695691360206,6.172839386425588,5.994117527176473,1
1884.0,proton,nucleon_like,baryon,14.788149114694795,8.184325717359497,6.603823397335297,1
1885.0,pion,pion_like,meson,42.02637497235695,8.433951849680158,33.59242312267679,1
1885.0,rho,rho_like,meson,14.468798821274415,4.405162658910779,10.063636162363636,1
1885.0,proton,nucleon_like,baryon,4.818443796177186,4.818443796177186,nan,0
1886.0,pion,pion_like,meson,27.243338396855656,9.282227884448224,17.96111051240743,1
1886.0,rho,rho_like,meson,22.014814266112804,16.203703271223915,5.81111099488889,1
1886.0,proton,nucleon_like,baryon,20.13105136681596,14.519384812382626,5.611666554433334,1
1887.0,pion,pion_like,meson,20.076743524486865,0.3100775167090656,19.7666660077778,1
1887.0,rho,rho_like,meson,9.882098564741813,5.015431995408478,4.8666665693333355,1
1887.0,proton,nucleon_like,baryon,12.619172687780852,6.824172803680849,5.794999884100003,1
1888.0,pion,pion_like,meson,40.96067928715037,8.27734704326144,32.68333224388893,1
1888.0,rho,rho_like,meson,13.712345415472644,4.012345609472642,9.699999806000003,1
1888.0,proton,nucleon_like,baryon,4.300288204293468,4.300288204293468,nan,0
1889.0,pion,pion_like,meson,38.030016152832204,7.846683825609958,30.18333232722225,1
1889.0,rho,rho_like,meson,11.632098549517755,2.932098723517754,8.699999826,1
1889.0,proton,nucleon_like,baryon,11.140534090017015,3.485534243117014,7.654999846900001,1
1890.0,pion,pion_like,meson,38.03001615283221,7.8466838256099605,30.183332327222253,1
1890.0,rho,rho_like,meson,11.63209854951776,2.932098723517759,8.699999826,1
1890.0,proton,nucleon_like,baryon,2.875360326613232,2.875360326613232,nan,0
1891.0,pion,pion_like,meson,26.541118106185074,9.042970541308511,17.49814756487656,1
1891.0,rho,rho_like,meson,25.245952722845182,18.175582493882217,7.0703702289629655,1
1891.0,proton,nucleon_like,baryon,22.782917749528956,15.504584561762286,7.278333187766668,1
1892.0,pion,pion_like,meson,25.979341873648618,8.851564666796744,17.127777206851874,1
1892.0,rho,rho_like,meson,24.61769485056894,17.69547276679116,6.922222083777782,1
1892.0,proton,nucleon_like,baryon,21.92498707501957,14.646653887252903,7.278333187766667,1
1893.0,pion,pion_like,meson,26.19000796084979,8.923341869738657,17.266666091111134,1
1893.0,rho,rho_like,meson,20.19382666021431,14.660493437547641,5.533333222666669,1
1893.0,proton,nucleon_like,baryon,17.591361420648433,12.39636152454843,5.194999896100002,1
1894.0,pion,pion_like,meson,25.738580631132997,8.769533577720273,16.969047053412723,1
1894.0,rho,rho_like,meson,22.978659031222,16.754849631888664,6.223809399333336,1
1894.0,proton,nucleon_like,baryon,22.944202854271133,15.42777443317113,7.516428421100004,1
1895.0,pion,pion_like,meson,17.093063286253695,5.823871742701494,11.269191543552203,1
1895.0,rho,rho_like,meson,23.396594978744517,14.777403231936432,8.619191746808083,1
1895.0,proton,nucleon_like,baryon,21.32276770020195,13.135343621526191,8.18742407867576,1
1896.0,pion,pion_like,meson,35.93668534260497,7.539067241573188,28.39761810103178,1
1896.0,rho,rho_like,meson,10.631216734351302,2.6455026083512956,7.985714126000006,1
1896.0,proton,nucleon_like,baryon,11.193141266562343,3.8952842696623384,7.297856996900005,1
1897.0,pion,pion_like,meson,25.22515220342415,1.8400652636287942,23.385086939795357,1
1897.0,rho,rho_like,meson,10.204223302932688,4.223521668160752,5.980701634771935,1
1897.0,proton,nucleon_like,baryon,11.164829591630994,6.272987584204671,4.891842007426323,1
1898.0,pion,pion_like,meson,39.65816233856452,8.085941168749669,31.572221169814853,1
1898.0,rho,rho_like,meson,12.787791252826032,3.532235882381584,9.25555537044445,1
1898.0,proton,nucleon_like,baryon,11.401400650717507,3.4686230315952806,7.932777619122227,1
1899.0,pion,pion_like,meson,25.979341873648615,8.851564666796744,17.12777720685187,1
1899.0,rho,rho_like,meson,17.000411119360272,11.522633451138047,5.477777668222224,1
1899.0,proton,nucleon_like,baryon,19.387565130991707,13.499231915425037,5.88833321556667,1
1900.0,pion,pion_like,meson,25.738580631132987,8.76953357772027,16.969047053412716,1
1900.0,rho,rho_like,meson,19.964549768012553,14.550264162012553,5.414285606000001,1
1900.0,proton,nucleon_like,baryon,26.782775056072055,19.266346634972052,7.516428421100002,1
1901.0,pion,pion_like,meson,39.65816233856453,8.085941168749669,31.57222116981486,1
1901.0,rho,rho_like,meson,12.78779125282604,3.5322358823815874,9.255555370444451,1
1901.0,proton,nucleon_like,baryon,11.401400650717523,3.468623031595292,7.9327776191222314,1
1902.0,pion,pion_like,meson,26.82200622245331,9.138673478564398,17.68333274388891,1
1902.0,rho,rho_like,meson,20.51481430929677,14.814814423296767,5.699999886000003,1
1902.0,proton,nucleon_like,baryon,17.99789147059402,13.052891569494017,4.9449999011000045,1
1903.0,pion,pion_like,meson,19.136581823230557,0.5273231842799233,18.609258638950635,1
1903.0,rho,rho_like,meson,11.344718565189325,5.829903860670803,5.514814704518521,1
1903.0,proton,nucleon_like,baryon,10.140213147713297,10.140213147713297,nan,0
1904.0,pion,pion_like,meson,25.979341873648618,8.851564666796744,17.127777206851874,1
1904.0,rho,rho_like,meson,21.11563732979568,15.637859661573453,5.477777668222225,1
1904.0,proton,nucleon_like,baryon,18.945563294339784,13.000563413239783,5.944999881100001,1
1905.0,pion,pion_like,meson,26.822006222453314,9.1386734785644,17.683332743888915,1
1905.0,rho,rho_like,meson,20.51481430929677,14.814814423296767,5.699999886000003,1
1905.0,proton,nucleon_like,baryon,17.52051394593654,17.52051394593654,nan,0
1906.0,pion,pion_like,meson,39.65816233856453,8.08594116874967,31.57222116981486,1
1906.0,rho,rho_like,meson,12.787791252826036,3.5322358823815856,9.25555537044445,1
1906.0,proton,nucleon_like,baryon,11.401400650717521,3.468623031595291,7.932777619122231,1
1907.0,pion,pion_like,meson,25.979341873648618,8.851564666796744,17.127777206851874,1
1907.0,rho,rho_like,meson,19.058024224577974,13.58024655635575,5.477777668222224,1
1907.0,proton,nucleon_like,baryon,15.96613951366001,11.354472939226675,4.611666574433335,1
1908.0,pion,pion_like,meson,19.903061579394514,0.026746452464674535,19.87631512692984,1
1908.0,rho,rho_like,meson,10.609031621872658,5.523066811311254,5.085964810561404,1
1908.0,proton,nucleon_like,baryon,13.534484269930257,7.673694913461838,5.86078935646842,1
1909.0,pion,pion_like,meson,19.79788918375779,3.781223050979991,16.016666132777797,1
1909.0,rho,rho_like,meson,11.419752945435153,11.419752945435153,nan,0
1909.0,proton,nucleon_like,baryon,21.936127306664126,21.936127306664126,nan,0
1910.0,pion,pion_like,meson,23.699697780035322,1.3867355608377645,22.31296221919756,1
1910.0,rho,rho_like,meson,10.01001350593786,4.45816176512304,5.5518517408148185,1
1910.0,proton,nucleon_like,baryon,11.536857176853172,6.436301723308724,5.100555453544448,1
1911.0,pion,pion_like,meson,26.19000796084979,8.923341869738657,17.266666091111134,1
1911.0,rho,rho_like,meson,18.264814374072714,12.731481151406046,5.533333222666669,1
1911.0,proton,nucleon_like,baryon,15.408151614061147,10.853151705161148,4.5549999089,1
1912.0,pion,pion_like,meson,27.05182377212731,9.216975881773756,17.834847890353554,1
1912.0,rho,rho_like,meson,22.03445511706609,16.27384917167215,5.760605945393941,1
1912.0,proton,nucleon_like,baryon,21.549694858837885,14.87742226501061,6.672272593827275,1
1913.0,pion,pion_like,meson,26.541118106185074,9.042970541308511,17.498147564876565,1
1913.0,rho,rho_like,meson,20.372153131926787,14.746227318519377,5.625925813407409,1
1913.0,proton,nucleon_like,baryon,17.817211448395984,12.761100438407093,5.056111009988891,1
1914.0,pion,pion_like,meson,33.1455775956353,7.128911796190827,26.01666579944448,1
1914.0,rho,rho_like,meson,10.119752889549769,3.0864196968830973,7.033333192666671,1
1914.0,proton,nucleon_like,baryon,11.921720358228015,5.10005382799468,6.821666530233336,1
1915.0,pion,pion_like,meson,33.1455775956353,7.128911796190824,26.016665799444482,1
1915.0,rho,rho_like,meson,10.119752889549764,3.0864196968830924,7.033333192666672,1
1915.0,proton,nucleon_like,baryon,2.8461594559481727,2.8461594559481727,nan,0
1916.0,pion,pion_like,meson,19.98064009796095,0.4857132115599696,19.494926886400982,1
1916.0,rho,rho_like,meson,11.655447963654847,6.172839377654848,5.4826085860000005,1
1916.0,proton,nucleon_like,baryon,13.604453006939972,7.102931397839971,6.501521609100001,1
1917.0,pion,pion_like,meson,26.25291539484202,2.6172018969848483,23.63571349785717,1
1917.0,rho,rho_like,meson,9.167371937980977,3.0864196786476406,6.080952259333337,1
1917.0,proton,nucleon_like,baryon,9.626424169357218,4.471424272457214,5.154999896900003,1
1918.0,pion,pion_like,meson,26.37588980249788,8.986674695863874,17.38921510663401,1
1918.0,rho,rho_like,meson,23.933114864105125,17.429193425556104,6.503921438549021,1
1918.0,proton,nucleon_like,baryon,28.286348355170816,19.63546617524728,8.650882179923535,1
1919.0,pion,pion_like,meson,40.96067928715036,8.277347043261436,32.68333224388893,1
1919.0,rho,rho_like,meson,13.712345415472646,4.012345609472643,9.699999806000003,1
1919.0,proton,nucleon_like,baryon,4.300288204293468,4.300288204293468,nan,0
1920.0,pion,pion_like,meson,35.93668534260495,7.539067241573184,28.397618101031767,1
1920.0,rho,rho_like,meson,10.631216734351291,2.645502608351293,7.985714125999999,1
1920.0,proton,nucleon_like,baryon,2.4395652601534024,2.4395652601534024,nan,0
1921.0,pion,pion_like,meson,35.93668534260495,7.539067241573188,28.397618101031767,1
1921.0,rho,rho_like,meson,10.631216734351304,2.6455026083513027,7.985714126,1
1921.0,proton,nucleon_like,baryon,11.193141266562344,3.8952842696623438,7.2978569969,1
1922.0,pion,pion_like,meson,26.25291539484202,2.6172018969848465,23.635713497857175,1
1922.0,rho,rho_like,meson,9.167371937980985,3.086419678647646,6.080952259333338,1
1922.0,proton,nucleon_like,baryon,19.108216411884868,11.810359414984859,7.297856996900008,1
1923.0,pion,pion_like,meson,38.03001615283222,7.8466838256099605,30.18333232722226,1
1923.0,rho,rho_like,meson,11.632098549517764,2.932098723517759,8.699999826000004,1
1923.0,proton,nucleon_like,baryon,11.140534090017022,3.485534243117018,7.6549998469000045,1
1924.0,pion,pion_like,meson,25.979341873648618,8.851564666796744,17.127777206851874,1
1924.0,rho,rho_like,meson,24.61769485056894,17.69547276679116,6.922222083777782,1
1924.0,proton,nucleon_like,baryon,20.89154952176746,20.89154952176746,nan,0
1925.0,pion,pion_like,meson,38.03001615283222,7.846683825609958,30.183332327222256,1
1925.0,rho,rho_like,meson,11.632098549517762,2.9320987235177576,8.699999826000004,1
1925.0,proton,nucleon_like,baryon,2.87536032661323,2.87536032661323,nan,0
1926.0,pion,pion_like,meson,33.14557759563529,7.128911796190824,26.016665799444468,1
1926.0,rho,rho_like,meson,10.119752889549765,3.086419696883099,7.0333331926666665,1
1926.0,proton,nucleon_like,baryon,11.921720358228026,5.10005382799469,6.821666530233335,1
1927.0,pion,pion_like,meson,16.598061517807412,2.2480619961407204,14.349999521666692,1
1927.0,rho,rho_like,meson,6.761728248662704,3.3950616493293673,3.3666665993333376,1
1927.0,proton,nucleon_like,baryon,6.389443166906125,6.389443166906125,nan,0
1928.0,pion,pion_like,meson,19.838802113901124,0.7665805274196315,19.072221586481493,1
1928.0,rho,rho_like,meson,12.130040905534623,6.430041019534621,5.699999886000001,1
1928.0,proton,nucleon_like,baryon,24.10413434337536,15.392467850942026,8.711666492433334,1
1929.0,pion,pion_like,meson,27.664670571258,9.425782290332052,18.23888828092595,1
1929.0,rho,rho_like,meson,36.09094558599748,24.27983471110859,11.811110874888891,1
1929.0,proton,nucleon_like,baryon,28.96429263622361,28.96429263622361,nan,0
1930.0,pion,pion_like,meson,38.03001615283222,7.846683825609958,30.183332327222256,1
1930.0,rho,rho_like,meson,11.632098549517762,2.9320987235177576,8.699999826000004,1
1930.0,proton,nucleon_like,baryon,11.14053409001702,3.485534243117017,7.654999846900004,1
1931.0,pion,pion_like,meson,26.94238684371112,9.179689023102632,17.762697820608487,1
1931.0,rho,rho_like,meson,28.434273236928156,19.988241659817042,8.446031577111114,1
1931.0,proton,nucleon_like,baryon,41.34087789906132,29.300640044627983,12.040237854433336,1
1932.0,pion,pion_like,meson,25.979341873648618,8.851564666796744,17.127777206851874,1
1932.0,rho,rho_like,meson,24.61769485056894,17.69547276679116,6.922222083777782,1
1932.0,proton,nucleon_like,baryon,23.768124247384034,15.823124406284032,7.9449998411000005,1
1933.0,pion,pion_like,meson,26.822006222453307,9.138673478564396,17.68333274388891,1
1933.0,rho,rho_like,meson,24.601233947123326,17.901234081123324,6.699999866000003,1
1933.0,proton,nucleon_like,baryon,21.224217512466037,21.224217512466037,nan,0
1934.0,pion,pion_like,meson,35.93668534260495,7.539067241573188,28.397618101031767,1
1934.0,rho,rho_like,meson,10.631216734351298,2.645502608351299,7.985714125999999,1
1934.0,proton,nucleon_like,baryon,2.439565260153411,2.439565260153411,nan,0
1935.0,pion,pion_like,meson,14.479451937019897,4.93337382384995,9.546078113169948,1
1935.0,rho,rho_like,meson,22.473419891819695,13.61655732385891,8.856862567960787,1
1935.0,proton,nucleon_like,baryon,16.567778874978227,16.567778874978227,nan,0
1936.0,pion,pion_like,meson,39.65816233856452,8.08594116874967,31.572221169814853,1
1936.0,rho,rho_like,meson,12.787791252826029,3.532235882381582,9.255555370444448,1
1936.0,proton,nucleon_like,baryon,11.401400650717505,3.4686230315952797,7.932777619122226,1
1937.0,pion,pion_like,meson,35.93668534260496,7.53906724157319,28.39761810103177,1
1937.0,rho,rho_like,meson,10.631216734351302,2.6455026083513005,7.985714126,1
1937.0,proton,nucleon_like,baryon,2.4395652601534135,2.4395652601534135,nan,0
1938.0,pion,pion_like,meson,35.93668534260497,7.539067241573188,28.39761810103178,1
1938.0,rho,rho_like,meson,10.631216734351302,2.6455026083512956,7.985714126000006,1
1938.0,proton,nucleon_like,baryon,11.193141266562343,3.8952842696623384,7.297856996900005,1
1939.0,pion,pion_like,meson,25.136677524843925,8.56445585502909,16.572221669814834,1
1939.0,rho,rho_like,meson,17.086830863554752,11.831275413110307,5.255555450444446,1
1939.0,proton,nucleon_like,baryon,13.799531599356046,9.244531690456045,4.554999908900001,1
1940.0,pion,pion_like,meson,25.73858063113299,8.769533577720273,16.96904705341272,1
1940.0,rho,rho_like,meson,27.088006367764777,18.959435101764775,8.128571266000003,1
1940.0,proton,nucleon_like,baryon,23.68546234357252,15.454748222472515,8.230714121100005,1
1941.0,pion,pion_like,meson,13.550042728779427,4.616709693223862,8.933333035555567,1
1941.0,rho,rho_like,meson,19.10740690523184,11.574073722565169,7.53333318266667,1
1941.0,proton,nucleon_like,baryon,18.187999036721667,10.180499196871663,8.007499839850004,1
1942.0,pion,pion_like,meson,25.13667752484393,8.564455855029092,16.572221669814837,1
1942.0,rho,rho_like,meson,23.675308042154576,16.97530817615457,6.699999866000005,1
1942.0,proton,nucleon_like,baryon,36.91260003926475,26.300933584831416,10.611666454433335,1
1943.0,pion,pion_like,meson,40.96067928715036,8.277347043261436,32.68333224388893,1
1943.0,rho,rho_like,meson,13.712345415472646,4.012345609472643,9.699999806000003,1
1943.0,proton,nucleon_like,baryon,11.610093899277883,3.455094062377881,8.154999836900002,1
1944.0,pion,pion_like,meson,21.54207509164594,0.5254091255348065,21.016665966111134,1
1944.0,rho,rho_like,meson,10.28024669955434,5.246913466887672,5.033333232666669,1
1944.0,proton,nucleon_like,baryon,13.001676710905333,7.456676821805334,5.5449998891,1
1945.0,pion,pion_like,meson,26.19000796084979,8.923341869738657,17.266666091111134,1
1945.0,rho,rho_like,meson,26.051851192497505,18.518518009830835,7.53333318266667,1
1945.0,proton,nucleon_like,baryon,21.900642411074475,21.900642411074475,nan,0
1946.0,pion,pion_like,meson,25.460779197461118,8.674882321093573,16.785896876367545,1
1946.0,rho,rho_like,meson,21.087463855052462,15.669515245462716,5.417948609589747,1
1946.0,proton,nucleon_like,baryon,21.993524323756226,14.971601387271606,7.02192293648462,1
1947.0,pion,pion_like,meson,18.20634936465917,3.3007943059554514,14.90555505870372,1
1947.0,rho,rho_like,meson,5.915363368961781,3.326474531850669,2.5888888371111127,1
1947.0,proton,nucleon_like,baryon,5.99270577135124,5.99270577135124,nan,0
1948.0,pion,pion_like,meson,25.13667752484393,8.564455855029092,16.572221669814837,1
1948.0,rho,rho_like,meson,17.086830863554752,11.831275413110307,5.255555450444445,1
1948.0,proton,nucleon_like,baryon,17.7701196334391,12.381786407872434,5.388333225566667,1
1949.0,pion,pion_like,meson,25.13667752484392,8.564455855029088,16.57222166981483,1
1949.0,rho,rho_like,meson,17.086830863554745,11.831275413110301,5.255555450444445,1
1949.0,proton,nucleon_like,baryon,17.770119633439112,12.381786407872442,5.3883332255666705,1
1950.0,pion,pion_like,meson,14.875408647201487,0.5254091255348085,14.349999521666678,1
1950.0,rho,rho_like,meson,7.786419612409089,3.0864197064090875,4.699999906000001,1
1950.0,proton,nucleon_like,baryon,6.533599327832842,6.533599327832842,nan,0
1951.0,pion,pion_like,meson,22.564106891409338,0.9334058580467319,21.630701033362605,1
1951.0,rho,rho_like,meson,10.152241502578121,4.87329423973601,5.27894726284211,1
1951.0,proton,nucleon_like,baryon,12.307814826354317,6.97334124883326,5.334473577521056,1
1952.0,pion,pion_like,meson,25.460779197461115,8.674882321093573,16.78589687636754,1
1952.0,rho,rho_like,meson,16.262202844550067,10.921177310344937,5.34102553420513,1
1952.0,proton,nucleon_like,baryon,13.344824022719274,8.78982411381927,4.554999908900005,1
1953.0,pion,pion_like,meson,26.541118106185074,9.042970541308511,17.49814756487656,1
1953.0,rho,rho_like,meson,20.372153131926787,14.746227318519377,5.625925813407409,1
1953.0,proton,nucleon_like,baryon,17.817211448395984,12.761100438407093,5.056111009988892,1
1954.0,pion,pion_like,meson,25.73858063113299,8.769533577720273,16.96904705341272,1
1954.0,rho,rho_like,meson,22.978659031222,16.754849631888664,6.223809399333336,1
1954.0,proton,nucleon_like,baryon,26.459608837678623,18.22889471657862,8.230714121100004,1
1955.0,pion,pion_like,meson,25.979341873648615,8.851564666796744,17.12777720685187,1
1955.0,rho,rho_like,meson,24.617694850568935,17.695472766791156,6.92222208377778,1
1955.0,proton,nucleon_like,baryon,21.92498707501956,14.64665388725289,7.278333187766669,1
1956.0,pion,pion_like,meson,21.716380390558644,1.8400652636287913,19.876315126929853,1
1956.0,rho,rho_like,meson,7.176283160216962,2.5990902693046785,4.577192890912284,1
1956.0,proton,nucleon_like,baryon,9.78160027171538,4.973442473141691,4.808157798573689,1
1957.0,pion,pion_like,meson,11.409403455606224,3.8873606955882916,7.522042760017932,1
1957.0,rho,rho_like,meson,11.226084928411566,6.999203292519093,4.226881635892473,1
1957.0,proton,nucleon_like,baryon,10.224783064963155,10.224783064963155,nan,0
1958.0,pion,pion_like,meson,33.145577595635295,7.128911796190827,26.01666579944447,1
1958.0,rho,rho_like,meson,10.119752889549769,3.086419696883101,7.033333192666668,1
1958.0,proton,nucleon_like,baryon,11.921720358228017,5.1000538279946825,6.821666530233334,1
1959.0,pion,pion_like,meson,26.94238684371112,9.179689023102634,17.762697820608487,1
1959.0,rho,rho_like,meson,22.955143454871127,17.048794366648902,5.906349088222226,1
1959.0,proton,nucleon_like,baryon,21.267565530835817,14.941613276402483,6.325952254433335,1
1960.0,pion,pion_like,meson,18.405580353609295,3.1732279201779026,15.232352433431393,1
1960.0,rho,rho_like,meson,16.095787627856527,8.53304268107221,7.562744946784318,1
1960.0,proton,nucleon_like,baryon,14.174265497688285,14.174265497688285,nan,0
1961.0,pion,pion_like,meson,35.93668534260497,7.539067241573188,28.39761810103178,1
1961.0,rho,rho_like,meson,10.631216734351302,2.6455026083512956,7.985714126000006,1
1961.0,proton,nucleon_like,baryon,11.193141266562353,3.8952842696623464,7.297856996900007,1
1962.0,pion,pion_like,meson,26.37588980249788,8.986674695863874,17.38921510663401,1
1962.0,rho,rho_like,meson,23.93311486410513,17.429193425556107,6.503921438549021,1
1962.0,proton,nucleon_like,baryon,20.612369333092733,20.612369333092733,nan,0
1963.0,pion,pion_like,meson,26.19000796084979,8.923341869738657,17.266666091111134,1
1963.0,rho,rho_like,meson,18.264814374072714,12.731481151406046,5.533333222666669,1
1963.0,proton,nucleon_like,baryon,15.40815161406114,10.853151705161139,4.554999908900002,1
1964.0,pion,pion_like,meson,35.93668534260497,7.53906724157319,28.397618101031778,1
1964.0,rho,rho_like,meson,10.631216734351305,2.6455026083513005,7.985714126000004,1
1964.0,proton,nucleon_like,baryon,2.4395652601534135,2.4395652601534135,nan,0
1965.0,pion,pion_like,meson,21.994778130365457,0.8800729518360237,21.114705178529434,1
1965.0,rho,rho_like,meson,9.792955497531874,4.720406579375009,5.072548918156865,1
1965.0,proton,nucleon_like,baryon,12.04618212317208,6.6188292905426644,5.427352832629415,1
1966.0,pion,pion_like,meson,25.73858063113299,8.769533577720273,16.96904705341272,1
1966.0,rho,rho_like,meson,22.978659031221998,16.754849631888664,6.223809399333334,1
1966.0,proton,nucleon_like,baryon,20.493222578558473,13.691079857458469,6.802142721100004,1
1967.0,pion,pion_like,meson,35.93668534260496,7.5390672415731865,28.39761810103177,1
1967.0,rho,rho_like,meson,10.631216734351298,2.645502608351298,7.985714126000001,1
1967.0,proton,nucleon_like,baryon,11.19314126656234,3.8952842696623393,7.297856996900001,1
1968.0,pion,pion_like,meson,26.822006222453304,9.138673478564396,17.683332743888908,1
1968.0,rho,rho_like,meson,24.601233947123323,17.90123408112332,6.699999866000002,1
1968.0,proton,nucleon_like,baryon,22.46702714161369,15.52202728051369,6.944999861100003,1
1969.0,pion,pion_like,meson,22.23005961274427,2.4633936049664626,19.766666007777808,1
1969.0,rho,rho_like,meson,6.07654309444232,1.5432098517756494,4.533333242666671,1
1969.0,proton,nucleon_like,baryon,8.162622939900682,3.6176230308006794,4.544999909100003,1
1970.0,pion,pion_like,meson,19.03007811937324,0.15626922469067864,18.87380889468256,1
1970.0,rho,rho_like,meson,9.835802273209058,4.850088087209055,4.985714186000004,1
1970.0,proton,nucleon_like,baryon,12.345955528406225,6.372384219306222,5.973571309100003,1
1971.0,pion,pion_like,meson,12.496712292773566,4.2578236785142956,8.23888861425927,1
1971.0,rho,rho_like,meson,13.026224868157147,8.043396684985431,4.9828281831717165,1
1971.0,proton,nucleon_like,baryon,15.100935471746052,9.640784065797567,5.460151405948485,1
1972.0,pion,pion_like,meson,33.145577595635295,7.128911796190827,26.01666579944447,1
1972.0,rho,rho_like,meson,10.119752889549769,3.086419696883101,7.033333192666668,1
1972.0,proton,nucleon_like,baryon,2.846159455948183,2.846159455948183,nan,0
1973.0,pion,pion_like,meson,25.13667752484393,8.564455855029092,16.572221669814837,1
1973.0,rho,rho_like,meson,23.67530804215457,16.975308176154567,6.699999866000002,1
1973.0,proton,nucleon_like,baryon,20.638091063255484,13.359757875488812,7.278333187766671,1
1974.0,pion,pion_like,meson,24.219806438720408,2.049294357224656,22.17051208149575,1
1974.0,rho,rho_like,meson,8.818708267914937,3.3238365829405745,5.494871684974362,1
1974.0,proton,nucleon_like,baryon,6.363341528937722,6.363341528937722,nan,0
1975.0,pion,pion_like,meson,27.60655578858181,9.405981682623935,18.200574105957877,1
1975.0,rho,rho_like,meson,31.727670546044852,21.924222466251745,9.803448079793107,1
1975.0,proton,nucleon_like,baryon,33.04290406464469,22.201352557337785,10.8415515073069,1
1976.0,pion,pion_like,meson,25.73858063113299,8.769533577720273,16.96904705341272,1
1976.0,rho,rho_like,meson,22.978659031221998,16.754849631888664,6.2238093993333345,1
1976.0,proton,nucleon_like,baryon,20.493222578558473,13.691079857458474,6.802142721100001,1
1977.0,pion,pion_like,meson,38.03001615283222,7.846683825609958,30.183332327222256,1
1977.0,rho,rho_like,meson,11.632098549517764,2.932098723517761,8.699999826000003,1
1977.0,proton,nucleon_like,baryon,2.875360326613234,2.875360326613234,nan,0
1978.0,pion,pion_like,meson,25.73858063113299,8.769533577720273,16.96904705341272,1
1978.0,rho,rho_like,meson,19.964549768012557,14.550264162012553,5.414285606000003,1
1978.0,proton,nucleon_like,baryon,23.267369072664565,16.465226351564564,6.802142721100001,1
1979.0,pion,pion_like,meson,40.96067928715037,8.277347043261436,32.683332243888934,1
1979.0,rho,rho_like,meson,13.712345415472653,4.012345609472646,9.699999806000006,1
1979.0,proton,nucleon_like,baryon,11.61009389927791,3.4550940623779014,8.154999836900009,1
1980.0,pion,pion_like,meson,38.03001615283221,7.8466838256099605,30.183332327222253,1
1980.0,rho,rho_like,meson,11.63209854951776,2.932098723517759,8.699999826,1
1980.0,proton,nucleon_like,baryon,2.875360326613232,2.875360326613232,nan,0
1981.0,pion,pion_like,meson,21.27362836637656,0.8125179373024605,20.4611104290741,1
1981.0,rho,rho_like,meson,9.337859891139974,4.526748876251082,4.811111014888892,1
1981.0,proton,nucleon_like,baryon,8.176239905949995,8.176239905949995,nan,0
1982.0,pion,pion_like,meson,26.822006222453304,9.138673478564396,17.683332743888908,1
1982.0,rho,rho_like,meson,24.601233947123323,17.90123408112332,6.699999866000003,1
1982.0,proton,nucleon_like,baryon,21.224217512466037,21.224217512466037,nan,0
1983.0,pion,pion_like,meson,38.03001615283221,7.846683825609956,30.183332327222253,1
1983.0,rho,rho_like,meson,11.63209854951776,2.9320987235177594,8.699999826,1
1983.0,proton,nucleon_like,baryon,2.8753603266132317,2.8753603266132317,nan,0
1984.0,pion,pion_like,meson,26.541118106185074,9.042970541308511,17.498147564876565,1
1984.0,rho,rho_like,meson,25.245952722845185,18.175582493882217,7.070370228962967,1
1984.0,proton,nucleon_like,baryon,22.78291774952895,15.504584561762279,7.27833318776667,1
1985.0,pion,pion_like,meson,40.960679287150356,8.277347043261438,32.68333224388892,1
1985.0,rho,rho_like,meson,13.712345415472642,4.012345609472641,9.699999806000001,1
1985.0,proton,nucleon_like,baryon,4.300288204293466,4.300288204293466,nan,0
1986.0,pion,pion_like,meson,25.73858063113299,8.769533577720273,16.96904705341272,1
1986.0,rho,rho_like,meson,22.978659031221998,16.754849631888664,6.223809399333334,1
1986.0,proton,nucleon_like,baryon,19.738300505416582,19.738300505416582,nan,0
1987.0,pion,pion_like,meson,39.65816233856453,8.085941168749669,31.57222116981486,1
1987.0,rho,rho_like,meson,12.78779125282604,3.5322358823815874,9.255555370444451,1
1987.0,proton,nucleon_like,baryon,3.666986925324479,3.666986925324479,nan,0
1988.0,pion,pion_like,meson,26.942386843711127,9.179689023102636,17.76269782060849,1
1988.0,rho,rho_like,meson,19.84109299059187,14.109347073480757,5.731745917111115,1
1988.0,proton,nucleon_like,baryon,17.14505536528376,12.590055456383757,4.554999908900001,1
1989.0,pion,pion_like,meson,33.1455775956353,7.128911796190824,26.016665799444482,1
1989.0,rho,rho_like,meson,10.119752889549764,3.0864196968830924,7.033333192666672,1
1989.0,proton,nucleon_like,baryon,2.8461594559481727,2.8461594559481727,nan,0
1990.0,pion,pion_like,meson,19.74118511790013,0.6689635314186344,19.072221586481497,1
1990.0,rho,rho_like,meson,8.704115054223845,4.115226257112734,4.588888797111112,1
1990.0,proton,nucleon_like,baryon,25.23440815876399,16.522741666330656,8.711666492433336,1
1991.0,pion,pion_like,meson,27.770003614858584,9.461670891803006,18.308332723055578,1
1991.0,rho,rho_like,meson,33.21234483748684,22.762345046486836,10.449999791000003,1
1991.0,proton,nucleon_like,baryon,29.780525723061594,20.210525914461588,9.569999808600004,1
1992.0,pion,pion_like,meson,40.960679287150356,8.277347043261436,32.68333224388892,1
1992.0,rho,rho_like,meson,13.712345415472642,4.012345609472643,9.699999806,1
1992.0,proton,nucleon_like,baryon,4.300288204293468,4.300288204293468,nan,0
1993.0,pion,pion_like,meson,13.040366711357233,4.443055169977296,8.597311541379938,1
1993.0,rho,rho_like,meson,14.47777739428371,8.960573203552524,5.517204190731185,1
1993.0,proton,nucleon_like,baryon,14.967641888301122,8.4419968575237,6.525645030777422,1
1994.0,pion,pion_like,meson,26.541118106185074,9.042970541308511,17.498147564876565,1
1994.0,rho,rho_like,meson,22.086830719608205,16.460904906200795,5.625925813407409,1
1994.0,proton,nucleon_like,baryon,20.724901196847902,14.002123553525676,6.722777643322225,1
1995.0,pion,pion_like,meson,26.822006222453307,9.138673478564396,17.68333274388891,1
1995.0,rho,rho_like,meson,22.058024138210047,16.358024252210043,5.699999886000003,1
1995.0,proton,nucleon_like,baryon,20.232459306103863,14.28745942500386,5.944999881100002,1
1996.0,pion,pion_like,meson,35.93668534260496,7.5390672415731865,28.39761810103177,1
1996.0,rho,rho_like,meson,10.631216734351298,2.645502608351298,7.985714126000001,1
1996.0,proton,nucleon_like,baryon,11.19314126656234,3.8952842696623393,7.297856996900001,1
1997.0,pion,pion_like,meson,25.460779197461108,8.674882321093571,16.785896876367538,1
1997.0,rho,rho_like,meson,21.08746385505245,15.669515245462708,5.417948609589744,1
1997.0,proton,nucleon_like,baryon,18.841186621103372,12.588494438464906,6.252692182638465,1
1998.0,pion,pion_like,meson,38.03001615283222,7.846683825609962,30.183332327222256,1
1998.0,rho,rho_like,meson,11.63209854951776,2.9320987235177567,8.699999826000004,1
1998.0,proton,nucleon_like,baryon,2.8753603266132304,2.8753603266132304,nan,0
1999.0,pion,pion_like,meson,26.94238684371112,9.179689023102634,17.762697820608487,1
1999.0,rho,rho_like,meson,22.955143454871127,17.048794366648902,5.906349088222226,1
1999.0,proton,nucleon_like,baryon,20.213540492128836,20.213540492128836,nan,0
