run_id,accepted,reasons,band_count,lock_quality_Q,structure_tier,d_total_best,selection_config_path,selection_config_hash
557.0,1,,1.0,0.9989490820134823,level1,1.3482467736703825,data/raw/wave1_selection.json,b1272041db1364831db88d72b114cca8f67e70416c3ea4326f99e5d53e1ea677
201.0,1,,1.0,0.998641950424216,level1,1.525936159041614,data/raw/wave1_selection.json,b1272041db1364831db88d72b114cca8f67e70416c3ea4326f99e5d53e1ea677
652.0,1,,2.0,0.9994307824555937,level1,1.5977436891391874,data/raw/wave1_selection.json,b1272041db1364831db88d72b114cca8f67e70416c3ea4326f99e5d53e1ea677
871.0,1,,2.0,0.9995006525782412,level1,0.5471956579341286,data/raw/wave1_selection.json,b1272041db1364831db88d72b114cca8f67e70416c3ea4326f99e5d53e1ea677
921.0,1,,1.0,0.9985117912454428,level1,1.1161413291484308,data/raw/wave1_selection.json,b1272041db1364831db88d72b114cca8f67e70416c3ea4326f99e5d53e1ea677
720.0,1,,1.0,0.999915707025983,level1,0.21500601334310718,data/raw/wave1_selection.json,b1272041db1364831db88d72b114cca8f67e70416c3ea4326f99e5d53e1ea677
285.0,1,,1.0,0.9992113675450655,level1,0.799463296398033,data/raw/wave1_selection.json,b1272041db1364831db88d72b114cca8f67e70416c3ea4326f99e5d53e1ea677
835.0,1,,2.0,0.9995351824113151,level1,0.9772675112612672,data/raw/wave1_selection.json,b1272041db1364831db88d72b114cca8f67e70416c3ea4326f99e5d53e1ea677
890.0,1,,2.0,0.9990407569088724,level1,0.5747023215020508,data/raw/wave1_selection.json,b1272041db1364831db88d72b114cca8f67e70416c3ea4326f99e5d53e1ea677
1132.0,1,,2.0,0.9991904403683006,level1,0.567648630896687,data/raw/wave1_selection.json,b1272041db1364831db88d72b114cca8f67e70416c3ea4326f99e5d53e1ea677
894.0,1,,12.0,0.9995179736323578,level1,0.21166275018741515,data/raw/wave1_selection.json,b1272041db1364831db88d72b114cca8f67e70416c3ea4326f99e5d53e1ea677
292.0,1,,1.0,0.0008508798026598055,none,0.9655367598575193,data/raw/wave1_selection.json,b1272041db1364831db88d72b114cca8f67e70416c3ea4326f99e5d53e1ea677
481.0,1,,21.0,0.9996633815160443,level1,0.09129348868613583,data/raw/wave1_selection.json,b1272041db1364831db88d72b114cca8f67e70416c3ea4326f99e5d53e1ea677
593.0,0,missing_match;unknown_particle,,,,,data/raw/wave1_selection.json,b1272041db1364831db88d72b114cca8f67e70416c3ea4326f99e5d53e1ea677
623.0,1,,22.0,0.9995777436017377,level1,0.5667405778454612,data/raw/wave1_selection.json,b1272041db1364831db88d72b114cca8f67e70416c3ea4326f99e5d53e1ea677
636.0,1,,15.0,0.9996150068265968,level1,1.5313234078446512,data/raw/wave1_selection.json,b1272041db1364831db88d72b114cca8f67e70416c3ea4326f99e5d53e1ea677
468.0,1,,2.0,0.9992906331862353,level1,1.1302063524111128,data/raw/wave1_selection.json,b1272041db1364831db88d72b114cca8f67e70416c3ea4326f99e5d53e1ea677
356.0,1,,1.0,0.9998742116253193,level1,0.33220224667657605,data/raw/wave1_selection.json,b1272041db1364831db88d72b114cca8f67e70416c3ea4326f99e5d53e1ea677
360.0,1,,2.0,0.9990981035364441,level1,0.04824406663384047,data/raw/wave1_selection.json,b1272041db1364831db88d72b114cca8f67e70416c3ea4326f99e5d53e1ea677
155.0,1,,2.0,0.9987855050235438,level1,0.5007203034063784,data/raw/wave1_selection.json,b1272041db1364831db88d72b114cca8f67e70416c3ea4326f99e5d53e1ea677
682.0,1,,2.0,0.9989343477881024,level1,0.41123144301220677,data/raw/wave1_selection.json,b1272041db1364831db88d72b114cca8f67e70416c3ea4326f99e5d53e1ea677
333.0,1,,1.0,0.999131356529088,level1,0.32446222096191163,data/raw/wave1_selection.json,b1272041db1364831db88d72b114cca8f67e70416c3ea4326f99e5d53e1ea677
686.0,1,,1.0,0.9998560729582706,level1,0.03815015856055304,data/raw/wave1_selection.json,b1272041db1364831db88d72b114cca8f67e70416c3ea4326f99e5d53e1ea677
996.0,1,,1.0,0.9993231627923344,level1,2.5736703168542334,data/raw/wave1_selection.json,b1272041db1364831db88d72b114cca8f67e70416c3ea4326f99e5d53e1ea677
251.0,1,,2.0,0.9993010345527675,level1,0.6364690710400255,data/raw/wave1_selection.json,b1272041db1364831db88d72b114cca8f67e70416c3ea4326f99e5d53e1ea677
944.0,1,,2.0,0.9994716737169961,level1,0.08977666224111289,data/raw/wave1_selection.json,b1272041db1364831db88d72b114cca8f67e70416c3ea4326f99e5d53e1ea677
677.0,1,,1.0,0.999779378732093,level1,1.2282301361612156,data/raw/wave1_selection.json,b1272041db1364831db88d72b114cca8f67e70416c3ea4326f99e5d53e1ea677
184.0,1,,1.0,0.9996461741844046,level1,0.11737179495674115,data/raw/wave1_selection.json,b1272041db1364831db88d72b114cca8f67e70416c3ea4326f99e5d53e1ea677
207.0,1,,12.0,0.9999296795468138,level1,0.3754184931642467,data/raw/wave1_selection.json,b1272041db1364831db88d72b114cca8f67e70416c3ea4326f99e5d53e1ea677
375.0,1,,1.0,0.9990618437173246,level1,2.2877006862143126,data/raw/wave1_selection.json,b1272041db1364831db88d72b114cca8f67e70416c3ea4326f99e5d53e1ea677
777.0,1,,1.0,0.9997867987076101,level1,0.42857010264128664,data/raw/wave1_selection.json,b1272041db1364831db88d72b114cca8f67e70416c3ea4326f99e5d53e1ea677
800.0,1,,1.0,0.9996129667825617,level1,0.007582573312267532,data/raw/wave1_selection.json,b1272041db1364831db88d72b114cca8f67e70416c3ea4326f99e5d53e1ea677
855.0,1,,2.0,0.9995867017793391,level1,1.2169495044434344,data/raw/wave1_selection.json,b1272041db1364831db88d72b114cca8f67e70416c3ea4326f99e5d53e1ea677
942.0,1,,2.0,0.9994977694734785,level1,2.481522367305432,data/raw/wave1_selection.json,b1272041db1364831db88d72b114cca8f67e70416c3ea4326f99e5d53e1ea677
1000.0,1,,23.0,0.9984348374583617,level1,1.0313929052939868,data/raw/wave1_selection.json,b1272041db1364831db88d72b114cca8f67e70416c3ea4326f99e5d53e1ea677
1038.0,1,,1.0,0.9990611457969245,level1,4.2854205347570415,data/raw/wave1_selection.json,b1272041db1364831db88d72b114cca8f67e70416c3ea4326f99e5d53e1ea677
604.0,1,,1.0,0.9988561829157528,level1,0.2604355552424945,data/raw/wave1_selection.json,b1272041db1364831db88d72b114cca8f67e70416c3ea4326f99e5d53e1ea677
66.0,1,,1.0,0.9996338928002769,level1,0.0790491132855153,data/raw/wave1_selection.json,b1272041db1364831db88d72b114cca8f67e70416c3ea4326f99e5d53e1ea677
43.0,1,,2.0,0.9994885753578052,level1,0.03159464643507864,data/raw/wave1_selection.json,b1272041db1364831db88d72b114cca8f67e70416c3ea4326f99e5d53e1ea677
843.0,1,,1.0,0.9996231252315013,level1,1.3341393104585761,data/raw/wave1_selection.json,b1272041db1364831db88d72b114cca8f67e70416c3ea4326f99e5d53e1ea677
421.0,1,,2.0,0.9986654932131663,level1,0.45223394577443143,data/raw/wave1_selection.json,b1272041db1364831db88d72b114cca8f67e70416c3ea4326f99e5d53e1ea677
343.0,1,,1.0,0.9999030621925311,level1,0.11416213503147454,data/raw/wave1_selection.json,b1272041db1364831db88d72b114cca8f67e70416c3ea4326f99e5d53e1ea677
606.0,1,,1.0,0.9994598483421813,level1,0.05290861789799368,data/raw/wave1_selection.json,b1272041db1364831db88d72b114cca8f67e70416c3ea4326f99e5d53e1ea677
373.0,1,,2.0,0.999626200040996,level1,0.3374121298735473,data/raw/wave1_selection.json,b1272041db1364831db88d72b114cca8f67e70416c3ea4326f99e5d53e1ea677
854.0,1,,1.0,0.9997086782286921,level1,2.071269339677941,data/raw/wave1_selection.json,b1272041db1364831db88d72b114cca8f67e70416c3ea4326f99e5d53e1ea677
886.0,1,,2.0,0.9991903090515124,level1,0.38509529006791604,data/raw/wave1_selection.json,b1272041db1364831db88d72b114cca8f67e70416c3ea4326f99e5d53e1ea677
926.0,1,,1.0,0.9995117359956484,level1,2.4266225460500124,data/raw/wave1_selection.json,b1272041db1364831db88d72b114cca8f67e70416c3ea4326f99e5d53e1ea677
213.0,1,,20.0,0.9996380606888222,level1,0.20069996188719477,data/raw/wave1_selection.json,b1272041db1364831db88d72b114cca8f67e70416c3ea4326f99e5d53e1ea677
473.0,1,,2.0,0.9990899565220117,level1,0.048629820453544984,data/raw/wave1_selection.json,b1272041db1364831db88d72b114cca8f67e70416c3ea4326f99e5d53e1ea677
656.0,1,,1.0,0.9979036531536363,level1,0.33625510261545305,data/raw/wave1_selection.json,b1272041db1364831db88d72b114cca8f67e70416c3ea4326f99e5d53e1ea677
237.0,1,,2.0,0.998938242760247,level1,0.04333401798278539,data/raw/wave1_selection.json,b1272041db1364831db88d72b114cca8f67e70416c3ea4326f99e5d53e1ea677
1056.0,1,,1.0,4.7172824929739815e-05,none,0.504761233524148,data/raw/wave1_selection.json,b1272041db1364831db88d72b114cca8f67e70416c3ea4326f99e5d53e1ea677
137.0,1,,2.0,0.9988192235479894,level1,0.9216673028954181,data/raw/wave1_selection.json,b1272041db1364831db88d72b114cca8f67e70416c3ea4326f99e5d53e1ea677
143.0,1,,2.0,0.9994646600641707,level1,2.7709470492194885,data/raw/wave1_selection.json,b1272041db1364831db88d72b114cca8f67e70416c3ea4326f99e5d53e1ea677
545.0,1,,1.0,0.0001844768824245547,none,1.430118853081423,data/raw/wave1_selection.json,b1272041db1364831db88d72b114cca8f67e70416c3ea4326f99e5d53e1ea677
510.0,1,,1.0,1.0128397530423713e-11,none,0.411247496949355,data/raw/wave1_selection.json,b1272041db1364831db88d72b114cca8f67e70416c3ea4326f99e5d53e1ea677
125.0,1,,1.0,0.9996809869922789,level1,3.0991909859233404,data/raw/wave1_selection.json,b1272041db1364831db88d72b114cca8f67e70416c3ea4326f99e5d53e1ea677
642.0,1,,2.0,0.9997774986208281,level1,1.1606677299856298,data/raw/wave1_selection.json,b1272041db1364831db88d72b114cca8f67e70416c3ea4326f99e5d53e1ea677
648.0,1,,1.0,0.9996425516203771,level1,0.04358742337970787,data/raw/wave1_selection.json,b1272041db1364831db88d72b114cca8f67e70416c3ea4326f99e5d53e1ea677
650.0,1,,1.0,0.9997492822287916,level1,0.6900048651437712,data/raw/wave1_selection.json,b1272041db1364831db88d72b114cca8f67e70416c3ea4326f99e5d53e1ea677
780.0,1,,2.0,0.9997485459599634,level1,0.11897271032462761,data/raw/wave1_selection.json,b1272041db1364831db88d72b114cca8f67e70416c3ea4326f99e5d53e1ea677
1106.0,1,,2.0,0.9994447825549002,level1,0.03788339549184091,data/raw/wave1_selection.json,b1272041db1364831db88d72b114cca8f67e70416c3ea4326f99e5d53e1ea677
594.0,1,,3.0,0.9996815957806039,level1,0.34647908795889426,data/raw/wave1_selection.json,b1272041db1364831db88d72b114cca8f67e70416c3ea4326f99e5d53e1ea677
33.0,1,,2.0,0.9995319106640687,level1,0.1420406333554152,data/raw/wave1_selection.json,b1272041db1364831db88d72b114cca8f67e70416c3ea4326f99e5d53e1ea677
766.0,1,,2.0,0.9991959542272045,level1,0.7210129322589544,data/raw/wave1_selection.json,b1272041db1364831db88d72b114cca8f67e70416c3ea4326f99e5d53e1ea677
806.0,1,,2.0,0.9997516637349363,level1,1.1666472316854766,data/raw/wave1_selection.json,b1272041db1364831db88d72b114cca8f67e70416c3ea4326f99e5d53e1ea677
1102.0,1,,2.0,0.999842834944672,level1,0.11498357880511677,data/raw/wave1_selection.json,b1272041db1364831db88d72b114cca8f67e70416c3ea4326f99e5d53e1ea677
814.0,1,,2.0,0.9997965279565799,level1,3.294376203689315,data/raw/wave1_selection.json,b1272041db1364831db88d72b114cca8f67e70416c3ea4326f99e5d53e1ea677
973.0,1,,2.0,0.9993953702029201,level1,0.8739505323469771,data/raw/wave1_selection.json,b1272041db1364831db88d72b114cca8f67e70416c3ea4326f99e5d53e1ea677
599.0,1,,2.0,0.9992600594009644,level1,0.013752963059133542,data/raw/wave1_selection.json,b1272041db1364831db88d72b114cca8f67e70416c3ea4326f99e5d53e1ea677
495.0,1,,2.0,0.9993699475263343,level1,0.013069487490807767,data/raw/wave1_selection.json,b1272041db1364831db88d72b114cca8f67e70416c3ea4326f99e5d53e1ea677
399.0,1,,1.0,0.9998463311400182,level1,1.1394484870269184,data/raw/wave1_selection.json,b1272041db1364831db88d72b114cca8f67e70416c3ea4326f99e5d53e1ea677
459.0,1,,1.0,0.9999674113218865,level1,0.055382590356922674,data/raw/wave1_selection.json,b1272041db1364831db88d72b114cca8f67e70416c3ea4326f99e5d53e1ea677
869.0,1,,2.0,0.9995286675808273,level1,0.2550570160095065,data/raw/wave1_selection.json,b1272041db1364831db88d72b114cca8f67e70416c3ea4326f99e5d53e1ea677
203.0,1,,1.0,0.9998037969652666,level1,0.5359420011680127,data/raw/wave1_selection.json,b1272041db1364831db88d72b114cca8f67e70416c3ea4326f99e5d53e1ea677
454.0,1,,2.0,0.99954961283457,level1,1.06496281161712,data/raw/wave1_selection.json,b1272041db1364831db88d72b114cca8f67e70416c3ea4326f99e5d53e1ea677
402.0,1,,1.0,0.9994136475250409,level1,0.5503812841744989,data/raw/wave1_selection.json,b1272041db1364831db88d72b114cca8f67e70416c3ea4326f99e5d53e1ea677
549.0,1,,2.0,0.9994424673640653,level1,1.3026804625978579,data/raw/wave1_selection.json,b1272041db1364831db88d72b114cca8f67e70416c3ea4326f99e5d53e1ea677
347.0,1,,2.0,0.9995289816627816,level1,4.942156269546015,data/raw/wave1_selection.json,b1272041db1364831db88d72b114cca8f67e70416c3ea4326f99e5d53e1ea677
756.0,1,,2.0,0.9997972778052823,level1,0.10984197690758175,data/raw/wave1_selection.json,b1272041db1364831db88d72b114cca8f67e70416c3ea4326f99e5d53e1ea677
862.0,1,,1.0,0.9994224148931233,level1,2.555690783601738,data/raw/wave1_selection.json,b1272041db1364831db88d72b114cca8f67e70416c3ea4326f99e5d53e1ea677
1019.0,1,,1.0,0.9997907219178579,level1,0.02549095230732729,data/raw/wave1_selection.json,b1272041db1364831db88d72b114cca8f67e70416c3ea4326f99e5d53e1ea677
1067.0,1,,23.0,0.9988803851960725,level1,0.6689868689535027,data/raw/wave1_selection.json,b1272041db1364831db88d72b114cca8f67e70416c3ea4326f99e5d53e1ea677
1099.0,1,,1.0,0.9993836691413507,level1,0.04351116897655724,data/raw/wave1_selection.json,b1272041db1364831db88d72b114cca8f67e70416c3ea4326f99e5d53e1ea677
359.0,1,,1.0,0.9998418887015981,level1,0.9109378445296962,data/raw/wave1_selection.json,b1272041db1364831db88d72b114cca8f67e70416c3ea4326f99e5d53e1ea677
82.0,1,,22.0,0.9989977332863744,level1,0.6544088562199986,data/raw/wave1_selection.json,b1272041db1364831db88d72b114cca8f67e70416c3ea4326f99e5d53e1ea677
88.0,1,,2.0,0.9991939143773197,level1,0.8652541038237646,data/raw/wave1_selection.json,b1272041db1364831db88d72b114cca8f67e70416c3ea4326f99e5d53e1ea677
328.0,1,,1.0,0.9977155698851782,level1,0.8581552196057634,data/raw/wave1_selection.json,b1272041db1364831db88d72b114cca8f67e70416c3ea4326f99e5d53e1ea677
262.0,1,,1.0,0.9996683226241739,level1,1.0504887802576874,data/raw/wave1_selection.json,b1272041db1364831db88d72b114cca8f67e70416c3ea4326f99e5d53e1ea677
263.0,1,,2.0,0.9994995345483781,level1,2.350954692875821,data/raw/wave1_selection.json,b1272041db1364831db88d72b114cca8f67e70416c3ea4326f99e5d53e1ea677
449.0,1,,2.0,0.9997722060152436,level1,0.010459569501989193,data/raw/wave1_selection.json,b1272041db1364831db88d72b114cca8f67e70416c3ea4326f99e5d53e1ea677
462.0,1,,18.0,0.9994151821021663,level1,0.6728337349529507,data/raw/wave1_selection.json,b1272041db1364831db88d72b114cca8f67e70416c3ea4326f99e5d53e1ea677
260.0,1,,1.0,0.9993263377824873,level1,1.0506411603701726,data/raw/wave1_selection.json,b1272041db1364831db88d72b114cca8f67e70416c3ea4326f99e5d53e1ea677
345.0,1,,2.0,0.9989383518847326,level1,0.3946221839155101,data/raw/wave1_selection.json,b1272041db1364831db88d72b114cca8f67e70416c3ea4326f99e5d53e1ea677
496.0,1,,2.0,0.9993762937718451,level1,1.0226395650091937,data/raw/wave1_selection.json,b1272041db1364831db88d72b114cca8f67e70416c3ea4326f99e5d53e1ea677
695.0,1,,1.0,0.9994392849360935,level1,1.0318654774720715,data/raw/wave1_selection.json,b1272041db1364831db88d72b114cca8f67e70416c3ea4326f99e5d53e1ea677
937.0,1,,2.0,0.9979985011430252,level1,2.8942018962704648,data/raw/wave1_selection.json,b1272041db1364831db88d72b114cca8f67e70416c3ea4326f99e5d53e1ea677
1040.0,1,,1.0,0.9996885878460751,level1,0.020766479838716774,data/raw/wave1_selection.json,b1272041db1364831db88d72b114cca8f67e70416c3ea4326f99e5d53e1ea677
956.0,1,,1.0,0.999563064246867,level1,0.24359689249391983,data/raw/wave1_selection.json,b1272041db1364831db88d72b114cca8f67e70416c3ea4326f99e5d53e1ea677
689.0,1,,2.0,0.9994318596591912,level1,0.32453564954745684,data/raw/wave1_selection.json,b1272041db1364831db88d72b114cca8f67e70416c3ea4326f99e5d53e1ea677
491.0,1,,1.0,0.9991201167214155,level1,2.9944402801937544,data/raw/wave1_selection.json,b1272041db1364831db88d72b114cca8f67e70416c3ea4326f99e5d53e1ea677
20.0,1,,1.0,0.0010958844713890618,none,0.21622027413989797,data/raw/wave1_selection.json,b1272041db1364831db88d72b114cca8f67e70416c3ea4326f99e5d53e1ea677
771.0,1,,17.0,0.9993656456131923,level1,0.020364354104019582,data/raw/wave1_selection.json,b1272041db1364831db88d72b114cca8f67e70416c3ea4326f99e5d53e1ea677
775.0,1,,1.0,0.9995917560505505,level1,0.01648562168849803,data/raw/wave1_selection.json,b1272041db1364831db88d72b114cca8f67e70416c3ea4326f99e5d53e1ea677
330.0,1,,19.0,0.999440334565608,level1,2.5696420904522794,data/raw/wave1_selection.json,b1272041db1364831db88d72b114cca8f67e70416c3ea4326f99e5d53e1ea677
1158.0,1,,21.0,0.9998358106432496,level1,0.12272761586025724,data/raw/wave1_selection.json,b1272041db1364831db88d72b114cca8f67e70416c3ea4326f99e5d53e1ea677
74.0,0,missing_match;unknown_particle,,,,,data/raw/wave1_selection.json,b1272041db1364831db88d72b114cca8f67e70416c3ea4326f99e5d53e1ea677
534.0,1,,1.0,0.9979598684939865,level1,1.345474620046594,data/raw/wave1_selection.json,b1272041db1364831db88d72b114cca8f67e70416c3ea4326f99e5d53e1ea677
588.0,1,,2.0,0.9997297571017971,level1,0.9243034941229703,data/raw/wave1_selection.json,b1272041db1364831db88d72b114cca8f67e70416c3ea4326f99e5d53e1ea677
1160.0,1,,22.0,0.9994791872070464,level1,1.1050522350431142,data/raw/wave1_selection.json,b1272041db1364831db88d72b114cca8f67e70416c3ea4326f99e5d53e1ea677
350.0,1,,2.0,0.9991778963311773,level1,0.9209218087977091,data/raw/wave1_selection.json,b1272041db1364831db88d72b114cca8f67e70416c3ea4326f99e5d53e1ea677
30.0,1,,17.0,0.9993675174638854,level1,4.875703085313967,data/raw/wave1_selection.json,b1272041db1364831db88d72b114cca8f67e70416c3ea4326f99e5d53e1ea677
139.0,1,,1.0,0.9994342280636241,level1,0.1329751439876917,data/raw/wave1_selection.json,b1272041db1364831db88d72b114cca8f67e70416c3ea4326f99e5d53e1ea677
269.0,1,,21.0,0.9995725678765052,level1,0.12678416084847988,data/raw/wave1_selection.json,b1272041db1364831db88d72b114cca8f67e70416c3ea4326f99e5d53e1ea677
80.0,1,,2.0,0.9983553375493406,level1,0.06736148858476528,data/raw/wave1_selection.json,b1272041db1364831db88d72b114cca8f67e70416c3ea4326f99e5d53e1ea677
112.0,1,,2.0,0.9994240650781231,level1,0.0719259990157499,data/raw/wave1_selection.json,b1272041db1364831db88d72b114cca8f67e70416c3ea4326f99e5d53e1ea677
963.0,1,,1.0,0.9991875050385747,level1,0.14354047282071852,data/raw/wave1_selection.json,b1272041db1364831db88d72b114cca8f67e70416c3ea4326f99e5d53e1ea677
749.0,1,,2.0,0.9991025301697011,level1,1.019374274722703,data/raw/wave1_selection.json,b1272041db1364831db88d72b114cca8f67e70416c3ea4326f99e5d53e1ea677
947.0,1,,1.0,0.9992934284257691,level1,0.6431035611000006,data/raw/wave1_selection.json,b1272041db1364831db88d72b114cca8f67e70416c3ea4326f99e5d53e1ea677
831.0,1,,22.0,0.999181924266417,level1,0.41282711971677954,data/raw/wave1_selection.json,b1272041db1364831db88d72b114cca8f67e70416c3ea4326f99e5d53e1ea677
452.0,1,,2.0,0.9994617008822048,level1,0.07988645827581464,data/raw/wave1_selection.json,b1272041db1364831db88d72b114cca8f67e70416c3ea4326f99e5d53e1ea677
363.0,1,,2.0,0.9995975574262108,level1,0.18524511957702824,data/raw/wave1_selection.json,b1272041db1364831db88d72b114cca8f67e70416c3ea4326f99e5d53e1ea677
218.0,1,,2.0,0.999643920075128,level1,0.0815224724404386,data/raw/wave1_selection.json,b1272041db1364831db88d72b114cca8f67e70416c3ea4326f99e5d53e1ea677
1119.0,1,,2.0,0.9990836440494547,level1,0.009406876529995164,data/raw/wave1_selection.json,b1272041db1364831db88d72b114cca8f67e70416c3ea4326f99e5d53e1ea677
397.0,1,,2.0,0.9991961973959662,level1,3.341648701405455,data/raw/wave1_selection.json,b1272041db1364831db88d72b114cca8f67e70416c3ea4326f99e5d53e1ea677
683.0,1,,2.0,0.9989654031572227,level1,1.040443576278664,data/raw/wave1_selection.json,b1272041db1364831db88d72b114cca8f67e70416c3ea4326f99e5d53e1ea677
497.0,1,,2.0,0.9997737355505674,level1,1.169124124120343,data/raw/wave1_selection.json,b1272041db1364831db88d72b114cca8f67e70416c3ea4326f99e5d53e1ea677
99.0,1,,2.0,0.9995497544548658,level1,0.5489782071814048,data/raw/wave1_selection.json,b1272041db1364831db88d72b114cca8f67e70416c3ea4326f99e5d53e1ea677
479.0,1,,19.0,0.9991443833992647,level1,1.1303979598511118,data/raw/wave1_selection.json,b1272041db1364831db88d72b114cca8f67e70416c3ea4326f99e5d53e1ea677
404.0,1,,1.0,0.9998362099103794,level1,0.8318361833215716,data/raw/wave1_selection.json,b1272041db1364831db88d72b114cca8f67e70416c3ea4326f99e5d53e1ea677
1090.0,1,,1.0,0.9999056680423446,level1,1.74681677323169,data/raw/wave1_selection.json,b1272041db1364831db88d72b114cca8f67e70416c3ea4326f99e5d53e1ea677
955.0,1,,17.0,0.9997724373187609,level1,2.9701723124632937,data/raw/wave1_selection.json,b1272041db1364831db88d72b114cca8f67e70416c3ea4326f99e5d53e1ea677
409.0,1,,16.0,0.9997152706792806,level1,0.14927705714429162,data/raw/wave1_selection.json,b1272041db1364831db88d72b114cca8f67e70416c3ea4326f99e5d53e1ea677
671.0,1,,1.0,0.9997611870748025,level1,0.009311213529328535,data/raw/wave1_selection.json,b1272041db1364831db88d72b114cca8f67e70416c3ea4326f99e5d53e1ea677
915.0,1,,1.0,0.9991506108976282,level1,0.681280850926623,data/raw/wave1_selection.json,b1272041db1364831db88d72b114cca8f67e70416c3ea4326f99e5d53e1ea677
702.0,1,,2.0,0.9991560277749908,level1,0.65507402413681,data/raw/wave1_selection.json,b1272041db1364831db88d72b114cca8f67e70416c3ea4326f99e5d53e1ea677
72.0,1,,2.0,0.9997823297466617,level1,0.5784124269959001,data/raw/wave1_selection.json,b1272041db1364831db88d72b114cca8f67e70416c3ea4326f99e5d53e1ea677
1021.0,1,,22.0,0.9994750200540092,level1,0.06350407067415671,data/raw/wave1_selection.json,b1272041db1364831db88d72b114cca8f67e70416c3ea4326f99e5d53e1ea677
995.0,1,,1.0,0.9989227026261032,level1,0.11610937441284125,data/raw/wave1_selection.json,b1272041db1364831db88d72b114cca8f67e70416c3ea4326f99e5d53e1ea677
437.0,1,,11.0,0.9985379143531968,level1,0.4092719659156694,data/raw/wave1_selection.json,b1272041db1364831db88d72b114cca8f67e70416c3ea4326f99e5d53e1ea677
728.0,1,,2.0,0.9998772663092085,level1,0.18957605483861514,data/raw/wave1_selection.json,b1272041db1364831db88d72b114cca8f67e70416c3ea4326f99e5d53e1ea677
1063.0,1,,1.0,0.999429219486258,level1,0.10613991638086136,data/raw/wave1_selection.json,b1272041db1364831db88d72b114cca8f67e70416c3ea4326f99e5d53e1ea677
186.0,1,,2.0,0.999795252461794,level1,1.035116267981233,data/raw/wave1_selection.json,b1272041db1364831db88d72b114cca8f67e70416c3ea4326f99e5d53e1ea677
383.0,1,,21.0,0.9995743835087646,level1,0.01364046862158648,data/raw/wave1_selection.json,b1272041db1364831db88d72b114cca8f67e70416c3ea4326f99e5d53e1ea677
768.0,1,,1.0,0.9997379406786516,level1,0.5518704834716673,data/raw/wave1_selection.json,b1272041db1364831db88d72b114cca8f67e70416c3ea4326f99e5d53e1ea677
740.0,1,,2.0,0.9992919211078792,level1,1.2225579558303186,data/raw/wave1_selection.json,b1272041db1364831db88d72b114cca8f67e70416c3ea4326f99e5d53e1ea677
986.0,1,,1.0,0.9998373024009223,level1,4.359441677316079,data/raw/wave1_selection.json,b1272041db1364831db88d72b114cca8f67e70416c3ea4326f99e5d53e1ea677
802.0,1,,1.0,0.9994541986450209,level1,0.19823896973837796,data/raw/wave1_selection.json,b1272041db1364831db88d72b114cca8f67e70416c3ea4326f99e5d53e1ea677
1108.0,1,,2.0,0.9988904094867538,level1,0.9898217820642449,data/raw/wave1_selection.json,b1272041db1364831db88d72b114cca8f67e70416c3ea4326f99e5d53e1ea677
55.0,1,,2.0,0.9989640473003278,level1,3.6699849717399706,data/raw/wave1_selection.json,b1272041db1364831db88d72b114cca8f67e70416c3ea4326f99e5d53e1ea677
1131.0,1,,1.0,0.9995242320771223,level1,0.16277267314289356,data/raw/wave1_selection.json,b1272041db1364831db88d72b114cca8f67e70416c3ea4326f99e5d53e1ea677
212.0,1,,2.0,0.9983487081121647,level1,0.7946124980713303,data/raw/wave1_selection.json,b1272041db1364831db88d72b114cca8f67e70416c3ea4326f99e5d53e1ea677
714.0,1,,2.0,0.9993332380488044,level1,4.576623165739431,data/raw/wave1_selection.json,b1272041db1364831db88d72b114cca8f67e70416c3ea4326f99e5d53e1ea677
664.0,1,,2.0,0.9991398799944095,level1,0.14948809035577876,data/raw/wave1_selection.json,b1272041db1364831db88d72b114cca8f67e70416c3ea4326f99e5d53e1ea677
726.0,1,,12.0,0.9982121925344943,level1,0.8199712614528526,data/raw/wave1_selection.json,b1272041db1364831db88d72b114cca8f67e70416c3ea4326f99e5d53e1ea677
805.0,1,,20.0,0.9997355659654769,level1,0.3189261360064205,data/raw/wave1_selection.json,b1272041db1364831db88d72b114cca8f67e70416c3ea4326f99e5d53e1ea677
673.0,1,,2.0,0.9993502647438719,level1,0.28509701356145495,data/raw/wave1_selection.json,b1272041db1364831db88d72b114cca8f67e70416c3ea4326f99e5d53e1ea677
784.0,1,,16.0,0.9987254493763715,level1,0.7011994618421885,data/raw/wave1_selection.json,b1272041db1364831db88d72b114cca8f67e70416c3ea4326f99e5d53e1ea677
266.0,1,,1.0,0.9997369322732927,level1,2.892760519144234,data/raw/wave1_selection.json,b1272041db1364831db88d72b114cca8f67e70416c3ea4326f99e5d53e1ea677
1097.0,1,,1.0,0.9994276413479352,level1,0.891096878666955,data/raw/wave1_selection.json,b1272041db1364831db88d72b114cca8f67e70416c3ea4326f99e5d53e1ea677
488.0,1,,1.0,0.9992273618432111,level1,1.5959693303232676,data/raw/wave1_selection.json,b1272041db1364831db88d72b114cca8f67e70416c3ea4326f99e5d53e1ea677
1007.0,1,,2.0,0.9991274418171825,level1,0.020064203527363825,data/raw/wave1_selection.json,b1272041db1364831db88d72b114cca8f67e70416c3ea4326f99e5d53e1ea677
829.0,1,,2.0,0.9981053077437434,level1,0.1236785200562161,data/raw/wave1_selection.json,b1272041db1364831db88d72b114cca8f67e70416c3ea4326f99e5d53e1ea677
938.0,1,,2.0,0.9997053592674654,level1,0.058853921909272446,data/raw/wave1_selection.json,b1272041db1364831db88d72b114cca8f67e70416c3ea4326f99e5d53e1ea677
769.0,1,,2.0,0.9993023645574783,level1,0.058792485814148344,data/raw/wave1_selection.json,b1272041db1364831db88d72b114cca8f67e70416c3ea4326f99e5d53e1ea677
193.0,1,,1.0,2.7033626571631536e-08,none,1.7034149319810192,data/raw/wave1_selection.json,b1272041db1364831db88d72b114cca8f67e70416c3ea4326f99e5d53e1ea677
953.0,1,,23.0,0.9992257287972635,level1,0.05683543540909984,data/raw/wave1_selection.json,b1272041db1364831db88d72b114cca8f67e70416c3ea4326f99e5d53e1ea677
1043.0,1,,21.0,0.9997026483781235,level1,0.10470290158211903,data/raw/wave1_selection.json,b1272041db1364831db88d72b114cca8f67e70416c3ea4326f99e5d53e1ea677
544.0,1,,2.0,0.9995102340905039,level1,0.19185265771163265,data/raw/wave1_selection.json,b1272041db1364831db88d72b114cca8f67e70416c3ea4326f99e5d53e1ea677
1143.0,1,,2.0,0.9990508445539518,level1,0.010944698570819028,data/raw/wave1_selection.json,b1272041db1364831db88d72b114cca8f67e70416c3ea4326f99e5d53e1ea677
762.0,1,,1.0,0.9986287221486886,level1,0.044626200490956044,data/raw/wave1_selection.json,b1272041db1364831db88d72b114cca8f67e70416c3ea4326f99e5d53e1ea677
1136.0,1,,12.0,0.9996008266535399,level1,0.5421627298867874,data/raw/wave1_selection.json,b1272041db1364831db88d72b114cca8f67e70416c3ea4326f99e5d53e1ea677
50.0,1,,2.0,0.9996859641215874,level1,1.4176871847937407,data/raw/wave1_selection.json,b1272041db1364831db88d72b114cca8f67e70416c3ea4326f99e5d53e1ea677
1147.0,1,,2.0,0.9984605359765133,level1,0.10029223611684977,data/raw/wave1_selection.json,b1272041db1364831db88d72b114cca8f67e70416c3ea4326f99e5d53e1ea677
111.0,1,,2.0,0.9998323075200682,level1,2.240741164756065,data/raw/wave1_selection.json,b1272041db1364831db88d72b114cca8f67e70416c3ea4326f99e5d53e1ea677
96.0,1,,1.0,0.9983476398651833,level1,0.11718013523398059,data/raw/wave1_selection.json,b1272041db1364831db88d72b114cca8f67e70416c3ea4326f99e5d53e1ea677
362.0,1,,1.0,0.9986292281633615,level1,2.905962747643672,data/raw/wave1_selection.json,b1272041db1364831db88d72b114cca8f67e70416c3ea4326f99e5d53e1ea677
701.0,1,,2.0,0.9984336183572828,level1,0.4046817537446136,data/raw/wave1_selection.json,b1272041db1364831db88d72b114cca8f67e70416c3ea4326f99e5d53e1ea677
705.0,1,,2.0,0.9988002423802737,level1,0.00450522420824837,data/raw/wave1_selection.json,b1272041db1364831db88d72b114cca8f67e70416c3ea4326f99e5d53e1ea677
2.0,1,,2.0,0.15398260986399,none,0.11882910881085434,data/raw/wave1_selection.json,b1272041db1364831db88d72b114cca8f67e70416c3ea4326f99e5d53e1ea677
412.0,1,,2.0,0.9979934257135882,level1,0.12858563213713253,data/raw/wave1_selection.json,b1272041db1364831db88d72b114cca8f67e70416c3ea4326f99e5d53e1ea677
12.0,1,,2.0,0.9990621114324718,level1,0.05925800993773777,data/raw/wave1_selection.json,b1272041db1364831db88d72b114cca8f67e70416c3ea4326f99e5d53e1ea677
117.0,1,,2.0,0.9984997403462572,level1,0.2706976274385557,data/raw/wave1_selection.json,b1272041db1364831db88d72b114cca8f67e70416c3ea4326f99e5d53e1ea677
1046.0,1,,1.0,0.998319881373647,level1,1.8437883886014783,data/raw/wave1_selection.json,b1272041db1364831db88d72b114cca8f67e70416c3ea4326f99e5d53e1ea677
1093.0,1,,1.0,0.9984527668397618,level1,0.021357258986861895,data/raw/wave1_selection.json,b1272041db1364831db88d72b114cca8f67e70416c3ea4326f99e5d53e1ea677
325.0,1,,2.0,0.9993331778453245,level1,0.4478622051408213,data/raw/wave1_selection.json,b1272041db1364831db88d72b114cca8f67e70416c3ea4326f99e5d53e1ea677
987.0,1,,2.0,0.9998530321832101,level1,0.19740020290098367,data/raw/wave1_selection.json,b1272041db1364831db88d72b114cca8f67e70416c3ea4326f99e5d53e1ea677
827.0,1,,1.0,0.9995429623988626,level1,0.605763149703289,data/raw/wave1_selection.json,b1272041db1364831db88d72b114cca8f67e70416c3ea4326f99e5d53e1ea677
924.0,1,,21.0,0.9996577321271625,level1,0.597317766409416,data/raw/wave1_selection.json,b1272041db1364831db88d72b114cca8f67e70416c3ea4326f99e5d53e1ea677
818.0,1,,1.0,0.9994361185320604,level1,0.9454961964141406,data/raw/wave1_selection.json,b1272041db1364831db88d72b114cca8f67e70416c3ea4326f99e5d53e1ea677
302.0,1,,1.0,0.9976617609842693,level1,0.28528341608357943,data/raw/wave1_selection.json,b1272041db1364831db88d72b114cca8f67e70416c3ea4326f99e5d53e1ea677
9.0,1,,19.0,0.9992726546136083,level1,1.4278321896930124,data/raw/wave1_selection.json,b1272041db1364831db88d72b114cca8f67e70416c3ea4326f99e5d53e1ea677
304.0,1,,22.0,0.9999176162525625,level1,0.8505212012025478,data/raw/wave1_selection.json,b1272041db1364831db88d72b114cca8f67e70416c3ea4326f99e5d53e1ea677
724.0,1,,1.0,0.9995496640227814,level1,4.017355985772473,data/raw/wave1_selection.json,b1272041db1364831db88d72b114cca8f67e70416c3ea4326f99e5d53e1ea677
189.0,1,,1.0,0.999750877999766,level1,3.5105217107659556,data/raw/wave1_selection.json,b1272041db1364831db88d72b114cca8f67e70416c3ea4326f99e5d53e1ea677
949.0,1,,1.0,0.9986946949161155,level1,0.05409581386767213,data/raw/wave1_selection.json,b1272041db1364831db88d72b114cca8f67e70416c3ea4326f99e5d53e1ea677
968.0,0,missing_match;unknown_particle,1.0,0.000475272764520397,none,,data/raw/wave1_selection.json,b1272041db1364831db88d72b114cca8f67e70416c3ea4326f99e5d53e1ea677
176.0,1,,2.0,0.9998273396558518,level1,0.038819334195788806,data/raw/wave1_selection.json,b1272041db1364831db88d72b114cca8f67e70416c3ea4326f99e5d53e1ea677
1087.0,1,,1.0,0.999057723518865,level1,1.671248468933251,data/raw/wave1_selection.json,b1272041db1364831db88d72b114cca8f67e70416c3ea4326f99e5d53e1ea677
47.0,1,,2.0,0.9996634245342315,level1,1.2094210814354671,data/raw/wave1_selection.json,b1272041db1364831db88d72b114cca8f67e70416c3ea4326f99e5d53e1ea677
834.0,1,,1.0,0.9989359122152234,level1,1.8063362385060058,data/raw/wave1_selection.json,b1272041db1364831db88d72b114cca8f67e70416c3ea4326f99e5d53e1ea677
75.0,1,,1.0,0.9992099099486914,level1,0.7261417287587068,data/raw/wave1_selection.json,b1272041db1364831db88d72b114cca8f67e70416c3ea4326f99e5d53e1ea677
220.0,1,,2.0,0.9993235520966877,level1,1.1079214618937807,data/raw/wave1_selection.json,b1272041db1364831db88d72b114cca8f67e70416c3ea4326f99e5d53e1ea677
538.0,1,,2.0,0.9987369231590537,level1,1.0149237863480707,data/raw/wave1_selection.json,b1272041db1364831db88d72b114cca8f67e70416c3ea4326f99e5d53e1ea677
127.0,1,,23.0,0.999629556731186,level1,0.5670232134321355,data/raw/wave1_selection.json,b1272041db1364831db88d72b114cca8f67e70416c3ea4326f99e5d53e1ea677
246.0,1,,1.0,0.999355171716742,level1,0.29204526793278374,data/raw/wave1_selection.json,b1272041db1364831db88d72b114cca8f67e70416c3ea4326f99e5d53e1ea677
537.0,1,,2.0,0.9982963794896366,level1,0.4150667695566873,data/raw/wave1_selection.json,b1272041db1364831db88d72b114cca8f67e70416c3ea4326f99e5d53e1ea677
609.0,1,,1.0,0.9996339275740072,level1,0.9136060992873004,data/raw/wave1_selection.json,b1272041db1364831db88d72b114cca8f67e70416c3ea4326f99e5d53e1ea677
902.0,1,,2.0,0.9995635223078481,level1,0.17266369251616495,data/raw/wave1_selection.json,b1272041db1364831db88d72b114cca8f67e70416c3ea4326f99e5d53e1ea677
1125.0,1,,2.0,0.9993304294584783,level1,0.1326582822635826,data/raw/wave1_selection.json,b1272041db1364831db88d72b114cca8f67e70416c3ea4326f99e5d53e1ea677
57.0,1,,2.0,0.9997825108620337,level1,0.5388915058972352,data/raw/wave1_selection.json,b1272041db1364831db88d72b114cca8f67e70416c3ea4326f99e5d53e1ea677
1011.0,1,,22.0,0.9998096031229423,level1,0.47194487504590316,data/raw/wave1_selection.json,b1272041db1364831db88d72b114cca8f67e70416c3ea4326f99e5d53e1ea677
952.0,1,,2.0,0.9996560329281237,level1,0.08466767291628186,data/raw/wave1_selection.json,b1272041db1364831db88d72b114cca8f67e70416c3ea4326f99e5d53e1ea677
638.0,1,,1.0,0.9998978641492825,level1,0.02984837238977845,data/raw/wave1_selection.json,b1272041db1364831db88d72b114cca8f67e70416c3ea4326f99e5d53e1ea677
165.0,1,,1.0,0.9998565038742651,level1,0.1042388471650922,data/raw/wave1_selection.json,b1272041db1364831db88d72b114cca8f67e70416c3ea4326f99e5d53e1ea677
206.0,1,,1.0,0.9995486347676469,level1,0.5056917049438229,data/raw/wave1_selection.json,b1272041db1364831db88d72b114cca8f67e70416c3ea4326f99e5d53e1ea677
951.0,1,,1.0,0.9992253157380152,level1,0.5149857321901428,data/raw/wave1_selection.json,b1272041db1364831db88d72b114cca8f67e70416c3ea4326f99e5d53e1ea677
546.0,1,,2.0,0.9993512584676152,level1,1.247054397168053,data/raw/wave1_selection.json,b1272041db1364831db88d72b114cca8f67e70416c3ea4326f99e5d53e1ea677
970.0,1,,19.0,0.9993061949920211,level1,4.467889937616871,data/raw/wave1_selection.json,b1272041db1364831db88d72b114cca8f67e70416c3ea4326f99e5d53e1ea677
443.0,1,,2.0,0.99883462172265,level1,0.11706010928049103,data/raw/wave1_selection.json,b1272041db1364831db88d72b114cca8f67e70416c3ea4326f99e5d53e1ea677
977.0,1,,2.0,0.9996523702687423,level1,0.2663872864771604,data/raw/wave1_selection.json,b1272041db1364831db88d72b114cca8f67e70416c3ea4326f99e5d53e1ea677
691.0,1,,2.0,0.9997824060387565,level1,0.08176210868700831,data/raw/wave1_selection.json,b1272041db1364831db88d72b114cca8f67e70416c3ea4326f99e5d53e1ea677
24.0,1,,17.0,0.9995472522492865,level1,0.04058558107557879,data/raw/wave1_selection.json,b1272041db1364831db88d72b114cca8f67e70416c3ea4326f99e5d53e1ea677
978.0,1,,21.0,0.9996717276127202,level1,0.6917524986833273,data/raw/wave1_selection.json,b1272041db1364831db88d72b114cca8f67e70416c3ea4326f99e5d53e1ea677
1036.0,1,,2.0,0.9993080659290589,level1,0.649229241222318,data/raw/wave1_selection.json,b1272041db1364831db88d72b114cca8f67e70416c3ea4326f99e5d53e1ea677
1014.0,1,,1.0,0.9997202332816549,level1,0.13266460152325243,data/raw/wave1_selection.json,b1272041db1364831db88d72b114cca8f67e70416c3ea4326f99e5d53e1ea677
1144.0,1,,2.0,0.9992548846828786,level1,1.224919178391778,data/raw/wave1_selection.json,b1272041db1364831db88d72b114cca8f67e70416c3ea4326f99e5d53e1ea677
693.0,1,,1.0,0.9997167263246123,level1,0.016743703739364315,data/raw/wave1_selection.json,b1272041db1364831db88d72b114cca8f67e70416c3ea4326f99e5d53e1ea677
969.0,1,,1.0,0.9986740281848449,level1,2.584067383334973,data/raw/wave1_selection.json,b1272041db1364831db88d72b114cca8f67e70416c3ea4326f99e5d53e1ea677
736.0,1,,12.0,0.9997550387071915,level1,1.91035026772959,data/raw/wave1_selection.json,b1272041db1364831db88d72b114cca8f67e70416c3ea4326f99e5d53e1ea677
1034.0,1,,2.0,0.9998623441781657,level1,0.0860139950348371,data/raw/wave1_selection.json,b1272041db1364831db88d72b114cca8f67e70416c3ea4326f99e5d53e1ea677
296.0,1,,2.0,0.9994260515542389,level1,3.0518789450906185,data/raw/wave1_selection.json,b1272041db1364831db88d72b114cca8f67e70416c3ea4326f99e5d53e1ea677
418.0,1,,2.0,0.999548942708069,level1,0.007113949958080485,data/raw/wave1_selection.json,b1272041db1364831db88d72b114cca8f67e70416c3ea4326f99e5d53e1ea677
242.0,1,,2.0,0.9997055716460301,level1,0.02823796924163731,data/raw/wave1_selection.json,b1272041db1364831db88d72b114cca8f67e70416c3ea4326f99e5d53e1ea677
547.0,1,,2.0,0.9996138612182551,level1,0.13464275723250518,data/raw/wave1_selection.json,b1272041db1364831db88d72b114cca8f67e70416c3ea4326f99e5d53e1ea677
776.0,1,,1.0,0.9995844203022475,level1,1.756402280080153,data/raw/wave1_selection.json,b1272041db1364831db88d72b114cca8f67e70416c3ea4326f99e5d53e1ea677
957.0,1,,2.0,0.9998713629102545,level1,3.20166640014499,data/raw/wave1_selection.json,b1272041db1364831db88d72b114cca8f67e70416c3ea4326f99e5d53e1ea677
533.0,1,,21.0,0.9996925007804353,level1,0.5902905521190198,data/raw/wave1_selection.json,b1272041db1364831db88d72b114cca8f67e70416c3ea4326f99e5d53e1ea677
1061.0,1,,2.0,0.999358345660645,level1,0.4089158882158337,data/raw/wave1_selection.json,b1272041db1364831db88d72b114cca8f67e70416c3ea4326f99e5d53e1ea677
643.0,1,,1.0,0.9999658784019614,level1,1.181445887328624,data/raw/wave1_selection.json,b1272041db1364831db88d72b114cca8f67e70416c3ea4326f99e5d53e1ea677
1076.0,1,,1.0,0.9991662322374825,level1,0.6501270202463727,data/raw/wave1_selection.json,b1272041db1364831db88d72b114cca8f67e70416c3ea4326f99e5d53e1ea677
320.0,1,,18.0,0.9998490727210494,level1,0.7440038273876808,data/raw/wave1_selection.json,b1272041db1364831db88d72b114cca8f67e70416c3ea4326f99e5d53e1ea677
807.0,1,,20.0,0.9993418704381334,level1,0.1407068163321192,data/raw/wave1_selection.json,b1272041db1364831db88d72b114cca8f67e70416c3ea4326f99e5d53e1ea677
729.0,1,,2.0,0.9991946304168058,level1,3.102203028158161,data/raw/wave1_selection.json,b1272041db1364831db88d72b114cca8f67e70416c3ea4326f99e5d53e1ea677
849.0,1,,2.0,0.9995821740987452,level1,1.3177460285066698,data/raw/wave1_selection.json,b1272041db1364831db88d72b114cca8f67e70416c3ea4326f99e5d53e1ea677
525.0,1,,1.0,0.9995082235025969,level1,1.3024226055489736,data/raw/wave1_selection.json,b1272041db1364831db88d72b114cca8f67e70416c3ea4326f99e5d53e1ea677
431.0,1,,2.0,0.9991335704530748,level1,0.9838394991969435,data/raw/wave1_selection.json,b1272041db1364831db88d72b114cca8f67e70416c3ea4326f99e5d53e1ea677
489.0,0,missing_match;unknown_particle,,,,,data/raw/wave1_selection.json,b1272041db1364831db88d72b114cca8f67e70416c3ea4326f99e5d53e1ea677
484.0,1,,20.0,0.9997942934122566,level1,0.5412385559639575,data/raw/wave1_selection.json,b1272041db1364831db88d72b114cca8f67e70416c3ea4326f99e5d53e1ea677
133.0,1,,1.0,0.9989112054257056,level1,1.316204854214373,data/raw/wave1_selection.json,b1272041db1364831db88d72b114cca8f67e70416c3ea4326f99e5d53e1ea677
669.0,1,,1.0,0.9995186680498128,level1,0.2258219196690668,data/raw/wave1_selection.json,b1272041db1364831db88d72b114cca8f67e70416c3ea4326f99e5d53e1ea677
941.0,1,,1.0,0.9994347440677646,level1,1.9304801328900143,data/raw/wave1_selection.json,b1272041db1364831db88d72b114cca8f67e70416c3ea4326f99e5d53e1ea677
7.0,1,,1.0,0.999871360864872,level1,0.18337317413750695,data/raw/wave1_selection.json,b1272041db1364831db88d72b114cca8f67e70416c3ea4326f99e5d53e1ea677
39.0,1,,1.0,0.9988657510279861,level1,1.9204474989500304,data/raw/wave1_selection.json,b1272041db1364831db88d72b114cca8f67e70416c3ea4326f99e5d53e1ea677
911.0,1,,1.0,0.9998984239642038,level1,0.09839799688852416,data/raw/wave1_selection.json,b1272041db1364831db88d72b114cca8f67e70416c3ea4326f99e5d53e1ea677
1104.0,1,,2.0,0.9991443764897879,level1,0.20392988094952919,data/raw/wave1_selection.json,b1272041db1364831db88d72b114cca8f67e70416c3ea4326f99e5d53e1ea677
1139.0,1,,2.0,0.9989885509570945,level1,2.758433518562299,data/raw/wave1_selection.json,b1272041db1364831db88d72b114cca8f67e70416c3ea4326f99e5d53e1ea677
41.0,1,,1.0,0.9995962330536511,level1,0.6192531874046083,data/raw/wave1_selection.json,b1272041db1364831db88d72b114cca8f67e70416c3ea4326f99e5d53e1ea677
1126.0,1,,2.0,0.9986502424537501,level1,1.242602674737814,data/raw/wave1_selection.json,b1272041db1364831db88d72b114cca8f67e70416c3ea4326f99e5d53e1ea677
639.0,1,,11.0,0.9998286991834391,level1,2.4991298205080157,data/raw/wave1_selection.json,b1272041db1364831db88d72b114cca8f67e70416c3ea4326f99e5d53e1ea677
1005.0,0,missing_match;unknown_particle,1.0,0.00013756935468734843,none,,data/raw/wave1_selection.json,b1272041db1364831db88d72b114cca8f67e70416c3ea4326f99e5d53e1ea677
761.0,1,,2.0,0.9993363110477418,level1,0.13565129191106925,data/raw/wave1_selection.json,b1272041db1364831db88d72b114cca8f67e70416c3ea4326f99e5d53e1ea677
1137.0,1,,2.0,0.9993819389730896,level1,0.06877598477956215,data/raw/wave1_selection.json,b1272041db1364831db88d72b114cca8f67e70416c3ea4326f99e5d53e1ea677
427.0,1,,23.0,0.9998450393060694,level1,0.40846993877006116,data/raw/wave1_selection.json,b1272041db1364831db88d72b114cca8f67e70416c3ea4326f99e5d53e1ea677
613.0,1,,22.0,0.998006389962312,level1,0.3821472350121484,data/raw/wave1_selection.json,b1272041db1364831db88d72b114cca8f67e70416c3ea4326f99e5d53e1ea677
572.0,1,,2.0,0.9989174732549801,level1,0.02632900978463406,data/raw/wave1_selection.json,b1272041db1364831db88d72b114cca8f67e70416c3ea4326f99e5d53e1ea677
1.0,1,,1.0,0.9976311308026039,level1,1.2472069971875743,data/raw/wave1_selection.json,b1272041db1364831db88d72b114cca8f67e70416c3ea4326f99e5d53e1ea677
233.0,1,,1.0,0.9996697382325339,level1,0.07431146018038486,data/raw/wave1_selection.json,b1272041db1364831db88d72b114cca8f67e70416c3ea4326f99e5d53e1ea677
331.0,1,,1.0,0.9999182266501905,level1,0.3457254169518821,data/raw/wave1_selection.json,b1272041db1364831db88d72b114cca8f67e70416c3ea4326f99e5d53e1ea677
284.0,1,,1.0,0.9994129975691587,level1,0.0676009854077521,data/raw/wave1_selection.json,b1272041db1364831db88d72b114cca8f67e70416c3ea4326f99e5d53e1ea677
621.0,1,,2.0,0.9993068689752755,level1,1.3723614560517152,data/raw/wave1_selection.json,b1272041db1364831db88d72b114cca8f67e70416c3ea4326f99e5d53e1ea677
727.0,1,,2.0,0.998903994128735,level1,0.023272500396120856,data/raw/wave1_selection.json,b1272041db1364831db88d72b114cca8f67e70416c3ea4326f99e5d53e1ea677
783.0,1,,2.0,0.9991117891480441,level1,0.08399458225251157,data/raw/wave1_selection.json,b1272041db1364831db88d72b114cca8f67e70416c3ea4326f99e5d53e1ea677
144.0,1,,2.0,0.9988672892271678,level1,1.2442153919779988,data/raw/wave1_selection.json,b1272041db1364831db88d72b114cca8f67e70416c3ea4326f99e5d53e1ea677
453.0,1,,22.0,0.9996217989020161,level1,0.7951239199526128,data/raw/wave1_selection.json,b1272041db1364831db88d72b114cca8f67e70416c3ea4326f99e5d53e1ea677
841.0,1,,1.0,0.9995330736555231,level1,1.095935673915266,data/raw/wave1_selection.json,b1272041db1364831db88d72b114cca8f67e70416c3ea4326f99e5d53e1ea677
919.0,1,,22.0,0.9994055735376094,level1,0.043750473399845655,data/raw/wave1_selection.json,b1272041db1364831db88d72b114cca8f67e70416c3ea4326f99e5d53e1ea677
826.0,1,,1.0,0.9998026629787211,level1,0.5128180325130249,data/raw/wave1_selection.json,b1272041db1364831db88d72b114cca8f67e70416c3ea4326f99e5d53e1ea677
895.0,1,,2.0,0.9994910391998201,level1,0.19977811791711175,data/raw/wave1_selection.json,b1272041db1364831db88d72b114cca8f67e70416c3ea4326f99e5d53e1ea677
68.0,1,,2.0,0.9991835078024165,level1,0.10472726503987594,data/raw/wave1_selection.json,b1272041db1364831db88d72b114cca8f67e70416c3ea4326f99e5d53e1ea677
148.0,1,,1.0,0.9988522012705424,level1,1.8944287669448063,data/raw/wave1_selection.json,b1272041db1364831db88d72b114cca8f67e70416c3ea4326f99e5d53e1ea677
732.0,1,,2.0,0.9989179194512409,level1,3.914163335982662,data/raw/wave1_selection.json,b1272041db1364831db88d72b114cca8f67e70416c3ea4326f99e5d53e1ea677
838.0,1,,1.0,0.999224235705756,level1,0.7107187543408132,data/raw/wave1_selection.json,b1272041db1364831db88d72b114cca8f67e70416c3ea4326f99e5d53e1ea677
718.0,1,,18.0,0.999381451304707,level1,0.833148752981561,data/raw/wave1_selection.json,b1272041db1364831db88d72b114cca8f67e70416c3ea4326f99e5d53e1ea677
927.0,1,,2.0,0.9996715602141635,level1,0.21482608559179406,data/raw/wave1_selection.json,b1272041db1364831db88d72b114cca8f67e70416c3ea4326f99e5d53e1ea677
1058.0,1,,16.0,0.9998384707425023,level1,0.6272954262974662,data/raw/wave1_selection.json,b1272041db1364831db88d72b114cca8f67e70416c3ea4326f99e5d53e1ea677
79.0,1,,2.0,0.999296358244897,level1,0.15168123917907134,data/raw/wave1_selection.json,b1272041db1364831db88d72b114cca8f67e70416c3ea4326f99e5d53e1ea677
876.0,1,,1.0,0.9992346237339694,level1,3.027066487336374,data/raw/wave1_selection.json,b1272041db1364831db88d72b114cca8f67e70416c3ea4326f99e5d53e1ea677
528.0,1,,11.0,0.9995593080837815,level1,0.7112840484113391,data/raw/wave1_selection.json,b1272041db1364831db88d72b114cca8f67e70416c3ea4326f99e5d53e1ea677
156.0,1,,19.0,0.9993400277352621,level1,2.6286384690902582,data/raw/wave1_selection.json,b1272041db1364831db88d72b114cca8f67e70416c3ea4326f99e5d53e1ea677
228.0,1,,2.0,0.9989551724935682,level1,0.39191547317746556,data/raw/wave1_selection.json,b1272041db1364831db88d72b114cca8f67e70416c3ea4326f99e5d53e1ea677
503.0,1,,2.0,0.9990720204707317,level1,0.04949467847906856,data/raw/wave1_selection.json,b1272041db1364831db88d72b114cca8f67e70416c3ea4326f99e5d53e1ea677
612.0,1,,1.0,0.9998452332620442,level1,0.10437322619887156,data/raw/wave1_selection.json,b1272041db1364831db88d72b114cca8f67e70416c3ea4326f99e5d53e1ea677
1149.0,1,,1.0,0.9996163232849001,level1,0.11788173353553807,data/raw/wave1_selection.json,b1272041db1364831db88d72b114cca8f67e70416c3ea4326f99e5d53e1ea677
63.0,1,,1.0,0.9989630080491909,level1,3.975141271582286,data/raw/wave1_selection.json,b1272041db1364831db88d72b114cca8f67e70416c3ea4326f99e5d53e1ea677
576.0,1,,2.0,0.9995001237307274,level1,0.16829063758653856,data/raw/wave1_selection.json,b1272041db1364831db88d72b114cca8f67e70416c3ea4326f99e5d53e1ea677
159.0,1,,2.0,0.9998512276793662,level1,0.06417063428605489,data/raw/wave1_selection.json,b1272041db1364831db88d72b114cca8f67e70416c3ea4326f99e5d53e1ea677
601.0,1,,1.0,0.9998251128924341,level1,0.04604671225306418,data/raw/wave1_selection.json,b1272041db1364831db88d72b114cca8f67e70416c3ea4326f99e5d53e1ea677
338.0,1,,1.0,0.998541173893941,level1,1.5582394959905226,data/raw/wave1_selection.json,b1272041db1364831db88d72b114cca8f67e70416c3ea4326f99e5d53e1ea677
62.0,1,,12.0,0.9978796843455516,level1,2.4947925766771637,data/raw/wave1_selection.json,b1272041db1364831db88d72b114cca8f67e70416c3ea4326f99e5d53e1ea677
136.0,1,,21.0,0.9994616660766964,level1,0.4471561732336055,data/raw/wave1_selection.json,b1272041db1364831db88d72b114cca8f67e70416c3ea4326f99e5d53e1ea677
848.0,1,,2.0,0.999844609750947,level1,0.1010099215180846,data/raw/wave1_selection.json,b1272041db1364831db88d72b114cca8f67e70416c3ea4326f99e5d53e1ea677
883.0,1,,1.0,0.9996186007934147,level1,0.05029056365052838,data/raw/wave1_selection.json,b1272041db1364831db88d72b114cca8f67e70416c3ea4326f99e5d53e1ea677
1032.0,1,,2.0,0.9996413126346685,level1,0.6115069550877892,data/raw/wave1_selection.json,b1272041db1364831db88d72b114cca8f67e70416c3ea4326f99e5d53e1ea677
1130.0,1,,2.0,0.9990866195102579,level1,0.10402181743341611,data/raw/wave1_selection.json,b1272041db1364831db88d72b114cca8f67e70416c3ea4326f99e5d53e1ea677
1020.0,1,,22.0,0.9997958654823733,level1,0.32105847729465653,data/raw/wave1_selection.json,b1272041db1364831db88d72b114cca8f67e70416c3ea4326f99e5d53e1ea677
448.0,1,,2.0,0.9998701632094532,level1,0.9861484015766528,data/raw/wave1_selection.json,b1272041db1364831db88d72b114cca8f67e70416c3ea4326f99e5d53e1ea677
536.0,1,,1.0,0.9994730761891129,level1,2.8034344008248877,data/raw/wave1_selection.json,b1272041db1364831db88d72b114cca8f67e70416c3ea4326f99e5d53e1ea677
630.0,1,,1.0,0.9999059953738921,level1,1.9796286575345503,data/raw/wave1_selection.json,b1272041db1364831db88d72b114cca8f67e70416c3ea4326f99e5d53e1ea677
355.0,1,,2.0,0.9999361625939711,level1,0.8282951803659074,data/raw/wave1_selection.json,b1272041db1364831db88d72b114cca8f67e70416c3ea4326f99e5d53e1ea677
467.0,1,,11.0,0.9992388059878349,level1,2.323860642979596,data/raw/wave1_selection.json,b1272041db1364831db88d72b114cca8f67e70416c3ea4326f99e5d53e1ea677
1051.0,1,,1.0,0.9992629862162942,level1,0.2273740321788834,data/raw/wave1_selection.json,b1272041db1364831db88d72b114cca8f67e70416c3ea4326f99e5d53e1ea677
65.0,1,,20.0,0.9995424468615134,level1,1.1240618536558136,data/raw/wave1_selection.json,b1272041db1364831db88d72b114cca8f67e70416c3ea4326f99e5d53e1ea677
164.0,1,,1.0,0.9994288227693077,level1,1.784114024890506,data/raw/wave1_selection.json,b1272041db1364831db88d72b114cca8f67e70416c3ea4326f99e5d53e1ea677
440.0,1,,2.0,0.9995747003069249,level1,0.24139326787243057,data/raw/wave1_selection.json,b1272041db1364831db88d72b114cca8f67e70416c3ea4326f99e5d53e1ea677
372.0,1,,1.0,0.9992968536007911,level1,0.7426512834355667,data/raw/wave1_selection.json,b1272041db1364831db88d72b114cca8f67e70416c3ea4326f99e5d53e1ea677
70.0,1,,2.0,0.9995148291030262,level1,0.020780258855805308,data/raw/wave1_selection.json,b1272041db1364831db88d72b114cca8f67e70416c3ea4326f99e5d53e1ea677
354.0,1,,19.0,0.9998384668824596,level1,0.8245458936673081,data/raw/wave1_selection.json,b1272041db1364831db88d72b114cca8f67e70416c3ea4326f99e5d53e1ea677
662.0,1,,2.0,0.9990841866330841,level1,2.464958355232738,data/raw/wave1_selection.json,b1272041db1364831db88d72b114cca8f67e70416c3ea4326f99e5d53e1ea677
778.0,1,,2.0,0.9998497250464712,level1,0.0006666666222117897,data/raw/wave1_selection.json,b1272041db1364831db88d72b114cca8f67e70416c3ea4326f99e5d53e1ea677
142.0,1,,2.0,0.9996543827935138,level1,0.9913999485733,data/raw/wave1_selection.json,b1272041db1364831db88d72b114cca8f67e70416c3ea4326f99e5d53e1ea677
976.0,1,,1.0,0.9996772190123308,level1,0.206331577834887,data/raw/wave1_selection.json,b1272041db1364831db88d72b114cca8f67e70416c3ea4326f99e5d53e1ea677
575.0,1,,2.0,0.9991087407091139,level1,1.2838458889023674,data/raw/wave1_selection.json,b1272041db1364831db88d72b114cca8f67e70416c3ea4326f99e5d53e1ea677
929.0,1,,1.0,2.1726012442127282e-11,none,0.539469006604701,data/raw/wave1_selection.json,b1272041db1364831db88d72b114cca8f67e70416c3ea4326f99e5d53e1ea677
1122.0,1,,2.0,0.9992319309494617,level1,0.012197241283525598,data/raw/wave1_selection.json,b1272041db1364831db88d72b114cca8f67e70416c3ea4326f99e5d53e1ea677
772.0,1,,2.0,0.9983128325676955,level1,0.5461227540357135,data/raw/wave1_selection.json,b1272041db1364831db88d72b114cca8f67e70416c3ea4326f99e5d53e1ea677
370.0,1,,16.0,0.9992156138302178,level1,0.22871015925504126,data/raw/wave1_selection.json,b1272041db1364831db88d72b114cca8f67e70416c3ea4326f99e5d53e1ea677
523.0,1,,1.0,0.9994008533809658,level1,0.04669390650884594,data/raw/wave1_selection.json,b1272041db1364831db88d72b114cca8f67e70416c3ea4326f99e5d53e1ea677
617.0,1,,1.0,0.9995077744615493,level1,0.022811096043134672,data/raw/wave1_selection.json,b1272041db1364831db88d72b114cca8f67e70416c3ea4326f99e5d53e1ea677
1138.0,1,,22.0,0.9991636406617787,level1,0.588462688427203,data/raw/wave1_selection.json,b1272041db1364831db88d72b114cca8f67e70416c3ea4326f99e5d53e1ea677
901.0,1,,2.0,0.9996404260246472,level1,1.1758478592623247,data/raw/wave1_selection.json,b1272041db1364831db88d72b114cca8f67e70416c3ea4326f99e5d53e1ea677
219.0,1,,2.0,0.9995199952948377,level1,0.14525391741550375,data/raw/wave1_selection.json,b1272041db1364831db88d72b114cca8f67e70416c3ea4326f99e5d53e1ea677
141.0,1,,1.0,0.9992907355510238,level1,1.3339509199887583,data/raw/wave1_selection.json,b1272041db1364831db88d72b114cca8f67e70416c3ea4326f99e5d53e1ea677
401.0,1,,1.0,0.9992896337587515,level1,2.9486493308518553,data/raw/wave1_selection.json,b1272041db1364831db88d72b114cca8f67e70416c3ea4326f99e5d53e1ea677
28.0,1,,2.0,0.9995732426674119,level1,0.6138128245589669,data/raw/wave1_selection.json,b1272041db1364831db88d72b114cca8f67e70416c3ea4326f99e5d53e1ea677
408.0,1,,2.0,0.9996801628733258,level1,0.04806214345919701,data/raw/wave1_selection.json,b1272041db1364831db88d72b114cca8f67e70416c3ea4326f99e5d53e1ea677
157.0,1,,2.0,0.9983232088108206,level1,1.2223889669358965,data/raw/wave1_selection.json,b1272041db1364831db88d72b114cca8f67e70416c3ea4326f99e5d53e1ea677
413.0,1,,2.0,0.999790251263137,level1,0.49172105039604486,data/raw/wave1_selection.json,b1272041db1364831db88d72b114cca8f67e70416c3ea4326f99e5d53e1ea677
522.0,1,,13.0,0.999828551723103,level1,0.04844442989001186,data/raw/wave1_selection.json,b1272041db1364831db88d72b114cca8f67e70416c3ea4326f99e5d53e1ea677
548.0,1,,20.0,0.9997137971508774,level1,0.678644692100212,data/raw/wave1_selection.json,b1272041db1364831db88d72b114cca8f67e70416c3ea4326f99e5d53e1ea677
810.0,1,,1.0,0.999353096354808,level1,0.27349415328160726,data/raw/wave1_selection.json,b1272041db1364831db88d72b114cca8f67e70416c3ea4326f99e5d53e1ea677
907.0,1,,1.0,0.9989709956532177,level1,0.5896134125614305,data/raw/wave1_selection.json,b1272041db1364831db88d72b114cca8f67e70416c3ea4326f99e5d53e1ea677
1017.0,1,,2.0,0.9995692129524861,level1,3.124031196390089,data/raw/wave1_selection.json,b1272041db1364831db88d72b114cca8f67e70416c3ea4326f99e5d53e1ea677
26.0,1,,1.0,0.9993641217008723,level1,0.2796429280970437,data/raw/wave1_selection.json,b1272041db1364831db88d72b114cca8f67e70416c3ea4326f99e5d53e1ea677
512.0,1,,1.0,0.9996378822032294,level1,2.0146899423088236,data/raw/wave1_selection.json,b1272041db1364831db88d72b114cca8f67e70416c3ea4326f99e5d53e1ea677
707.0,1,,1.0,0.9994728759932499,level1,0.015481812852610239,data/raw/wave1_selection.json,b1272041db1364831db88d72b114cca8f67e70416c3ea4326f99e5d53e1ea677
933.0,1,,1.0,0.9987122880672081,level1,1.4420400164341625,data/raw/wave1_selection.json,b1272041db1364831db88d72b114cca8f67e70416c3ea4326f99e5d53e1ea677
925.0,1,,2.0,0.9993925953078343,level1,0.7449221481482963,data/raw/wave1_selection.json,b1272041db1364831db88d72b114cca8f67e70416c3ea4326f99e5d53e1ea677
954.0,1,,2.0,0.9997909711110913,level1,2.3710444891273634,data/raw/wave1_selection.json,b1272041db1364831db88d72b114cca8f67e70416c3ea4326f99e5d53e1ea677
258.0,1,,12.0,0.999794072802025,level1,0.7571154728810319,data/raw/wave1_selection.json,b1272041db1364831db88d72b114cca8f67e70416c3ea4326f99e5d53e1ea677
1112.0,1,,1.0,0.0003363857477277582,none,2.065877190661782,data/raw/wave1_selection.json,b1272041db1364831db88d72b114cca8f67e70416c3ea4326f99e5d53e1ea677
367.0,1,,2.0,0.9996148220805039,level1,0.09220243912941994,data/raw/wave1_selection.json,b1272041db1364831db88d72b114cca8f67e70416c3ea4326f99e5d53e1ea677
101.0,1,,2.0,0.9994525459751478,level1,0.1010808029618509,data/raw/wave1_selection.json,b1272041db1364831db88d72b114cca8f67e70416c3ea4326f99e5d53e1ea677
108.0,1,,11.0,0.9996804142764002,level1,1.3488629513504404,data/raw/wave1_selection.json,b1272041db1364831db88d72b114cca8f67e70416c3ea4326f99e5d53e1ea677
884.0,1,,1.0,0.9995845247154919,level1,0.6748915628764283,data/raw/wave1_selection.json,b1272041db1364831db88d72b114cca8f67e70416c3ea4326f99e5d53e1ea677
1154.0,1,,18.0,0.9998809206522856,level1,1.2234819812761644,data/raw/wave1_selection.json,b1272041db1364831db88d72b114cca8f67e70416c3ea4326f99e5d53e1ea677
651.0,1,,2.0,0.9974166287800535,level1,0.031720344346315814,data/raw/wave1_selection.json,b1272041db1364831db88d72b114cca8f67e70416c3ea4326f99e5d53e1ea677
725.0,1,,1.0,0.9980847629357588,level1,1.9499640067013637,data/raw/wave1_selection.json,b1272041db1364831db88d72b114cca8f67e70416c3ea4326f99e5d53e1ea677
513.0,1,,2.0,0.9995601144524192,level1,2.2708578695553925,data/raw/wave1_selection.json,b1272041db1364831db88d72b114cca8f67e70416c3ea4326f99e5d53e1ea677
100.0,1,,21.0,0.9987423545108234,level1,0.1268294491319485,data/raw/wave1_selection.json,b1272041db1364831db88d72b114cca8f67e70416c3ea4326f99e5d53e1ea677
123.0,1,,19.0,0.9994733700364513,level1,0.41604594323844174,data/raw/wave1_selection.json,b1272041db1364831db88d72b114cca8f67e70416c3ea4326f99e5d53e1ea677
199.0,1,,2.0,0.999625461316955,level1,1.1645507084038698,data/raw/wave1_selection.json,b1272041db1364831db88d72b114cca8f67e70416c3ea4326f99e5d53e1ea677
760.0,1,,1.0,0.9990925177677227,level1,0.0014503116103702206,data/raw/wave1_selection.json,b1272041db1364831db88d72b114cca8f67e70416c3ea4326f99e5d53e1ea677
774.0,1,,1.0,0.9995778316235788,level1,2.284838767273715,data/raw/wave1_selection.json,b1272041db1364831db88d72b114cca8f67e70416c3ea4326f99e5d53e1ea677
582.0,1,,22.0,0.9998744777239451,level1,1.1840915583079408,data/raw/wave1_selection.json,b1272041db1364831db88d72b114cca8f67e70416c3ea4326f99e5d53e1ea677
731.0,1,,1.0,0.9995587178140558,level1,0.2932699972300009,data/raw/wave1_selection.json,b1272041db1364831db88d72b114cca8f67e70416c3ea4326f99e5d53e1ea677
824.0,1,,22.0,0.9993349753319908,level1,0.20662544516587453,data/raw/wave1_selection.json,b1272041db1364831db88d72b114cca8f67e70416c3ea4326f99e5d53e1ea677
465.0,1,,2.0,0.999747529815545,level1,0.008372696447106375,data/raw/wave1_selection.json,b1272041db1364831db88d72b114cca8f67e70416c3ea4326f99e5d53e1ea677
640.0,1,,18.0,0.9997218241165867,level1,1.6430560549158528,data/raw/wave1_selection.json,b1272041db1364831db88d72b114cca8f67e70416c3ea4326f99e5d53e1ea677
446.0,1,,2.0,0.9998129166839116,level1,0.9497034596727675,data/raw/wave1_selection.json,b1272041db1364831db88d72b114cca8f67e70416c3ea4326f99e5d53e1ea677
40.0,1,,1.0,0.999752377754319,level1,1.3117786215101988,data/raw/wave1_selection.json,b1272041db1364831db88d72b114cca8f67e70416c3ea4326f99e5d53e1ea677
22.0,1,,1.0,0.9994113299946115,level1,2.984569003594949,data/raw/wave1_selection.json,b1272041db1364831db88d72b114cca8f67e70416c3ea4326f99e5d53e1ea677
654.0,1,,2.0,0.9989432433301104,level1,1.5536427281347984,data/raw/wave1_selection.json,b1272041db1364831db88d72b114cca8f67e70416c3ea4326f99e5d53e1ea677
19.0,1,,2.0,0.9992823389800359,level1,0.9868545059490509,data/raw/wave1_selection.json,b1272041db1364831db88d72b114cca8f67e70416c3ea4326f99e5d53e1ea677
700.0,1,,1.0,0.9986053635805381,level1,0.6203432381031294,data/raw/wave1_selection.json,b1272041db1364831db88d72b114cca8f67e70416c3ea4326f99e5d53e1ea677
678.0,1,,2.0,0.9999591768327837,level1,0.10104445448218238,data/raw/wave1_selection.json,b1272041db1364831db88d72b114cca8f67e70416c3ea4326f99e5d53e1ea677
121.0,1,,2.0,0.9994893079851429,level1,0.2861345840928164,data/raw/wave1_selection.json,b1272041db1364831db88d72b114cca8f67e70416c3ea4326f99e5d53e1ea677
179.0,1,,1.0,1.0401101742556312e-12,none,0.0896072491885644,data/raw/wave1_selection.json,b1272041db1364831db88d72b114cca8f67e70416c3ea4326f99e5d53e1ea677
567.0,1,,2.0,0.9991771318003039,level1,0.057142892337871336,data/raw/wave1_selection.json,b1272041db1364831db88d72b114cca8f67e70416c3ea4326f99e5d53e1ea677
493.0,1,,15.0,0.9997253591001716,level1,1.953428581808467,data/raw/wave1_selection.json,b1272041db1364831db88d72b114cca8f67e70416c3ea4326f99e5d53e1ea677
73.0,1,,2.0,0.9986007420787902,level1,0.4640411201735283,data/raw/wave1_selection.json,b1272041db1364831db88d72b114cca8f67e70416c3ea4326f99e5d53e1ea677
17.0,1,,2.0,0.9997058915097774,level1,1.0033923090227577,data/raw/wave1_selection.json,b1272041db1364831db88d72b114cca8f67e70416c3ea4326f99e5d53e1ea677
646.0,1,,2.0,0.9992017156434388,level1,2.2315062989767496,data/raw/wave1_selection.json,b1272041db1364831db88d72b114cca8f67e70416c3ea4326f99e5d53e1ea677
934.0,1,,2.0,0.9996775743409809,level1,0.08698039839909515,data/raw/wave1_selection.json,b1272041db1364831db88d72b114cca8f67e70416c3ea4326f99e5d53e1ea677
1135.0,1,,2.0,0.9993399486846408,level1,0.20152546378331967,data/raw/wave1_selection.json,b1272041db1364831db88d72b114cca8f67e70416c3ea4326f99e5d53e1ea677
1155.0,1,,2.0,0.9991599661662571,level1,0.002719873638943083,data/raw/wave1_selection.json,b1272041db1364831db88d72b114cca8f67e70416c3ea4326f99e5d53e1ea677
202.0,1,,2.0,0.9994947455458049,level1,1.9137014935897974,data/raw/wave1_selection.json,b1272041db1364831db88d72b114cca8f67e70416c3ea4326f99e5d53e1ea677
469.0,1,,19.0,0.9992344564687446,level1,0.04011166144461314,data/raw/wave1_selection.json,b1272041db1364831db88d72b114cca8f67e70416c3ea4326f99e5d53e1ea677
1121.0,1,,23.0,0.9996835942220322,level1,1.11681776122563,data/raw/wave1_selection.json,b1272041db1364831db88d72b114cca8f67e70416c3ea4326f99e5d53e1ea677
539.0,1,,2.0,0.999490306498906,level1,0.7149899134799226,data/raw/wave1_selection.json,b1272041db1364831db88d72b114cca8f67e70416c3ea4326f99e5d53e1ea677
44.0,1,,1.0,0.9976783903027621,level1,0.9417852660355245,data/raw/wave1_selection.json,b1272041db1364831db88d72b114cca8f67e70416c3ea4326f99e5d53e1ea677
1101.0,1,,1.0,0.9992115799789641,level1,0.3506844034988519,data/raw/wave1_selection.json,b1272041db1364831db88d72b114cca8f67e70416c3ea4326f99e5d53e1ea677
668.0,1,,1.0,0.9995825373346089,level1,0.027786000941654045,data/raw/wave1_selection.json,b1272041db1364831db88d72b114cca8f67e70416c3ea4326f99e5d53e1ea677
180.0,1,,17.0,0.9996922751904977,level1,0.6990199813752692,data/raw/wave1_selection.json,b1272041db1364831db88d72b114cca8f67e70416c3ea4326f99e5d53e1ea677
620.0,1,,2.0,0.9990193206943968,level1,0.8800124743454935,data/raw/wave1_selection.json,b1272041db1364831db88d72b114cca8f67e70416c3ea4326f99e5d53e1ea677
48.0,1,,2.0,0.9996778980168566,level1,4.69955418207168,data/raw/wave1_selection.json,b1272041db1364831db88d72b114cca8f67e70416c3ea4326f99e5d53e1ea677
288.0,1,,1.0,0.9979981847128206,level1,1.7378642945766412,data/raw/wave1_selection.json,b1272041db1364831db88d72b114cca8f67e70416c3ea4326f99e5d53e1ea677
1023.0,1,,2.0,0.9986704453877825,level1,0.09454383117560236,data/raw/wave1_selection.json,b1272041db1364831db88d72b114cca8f67e70416c3ea4326f99e5d53e1ea677
887.0,1,,2.0,0.9989044646247113,level1,0.5424669968222453,data/raw/wave1_selection.json,b1272041db1364831db88d72b114cca8f67e70416c3ea4326f99e5d53e1ea677
568.0,1,,1.0,0.999593982675347,level1,0.380014235909072,data/raw/wave1_selection.json,b1272041db1364831db88d72b114cca8f67e70416c3ea4326f99e5d53e1ea677
460.0,1,,2.0,0.9998934611982258,level1,0.07859635634324094,data/raw/wave1_selection.json,b1272041db1364831db88d72b114cca8f67e70416c3ea4326f99e5d53e1ea677
140.0,1,,21.0,0.9997745824217684,level1,0.07313612271390363,data/raw/wave1_selection.json,b1272041db1364831db88d72b114cca8f67e70416c3ea4326f99e5d53e1ea677
441.0,1,,1.0,0.9996212859464509,level1,0.15493151733939034,data/raw/wave1_selection.json,b1272041db1364831db88d72b114cca8f67e70416c3ea4326f99e5d53e1ea677
562.0,1,,2.0,0.9996125174798889,level1,0.8844634645928199,data/raw/wave1_selection.json,b1272041db1364831db88d72b114cca8f67e70416c3ea4326f99e5d53e1ea677
992.0,1,,1.0,0.9994975426316658,level1,0.007069141488990568,data/raw/wave1_selection.json,b1272041db1364831db88d72b114cca8f67e70416c3ea4326f99e5d53e1ea677
781.0,1,,2.0,0.9985698520688473,level1,0.17055704318844891,data/raw/wave1_selection.json,b1272041db1364831db88d72b114cca8f67e70416c3ea4326f99e5d53e1ea677
276.0,1,,1.0,0.999246945328224,level1,0.02913975538212084,data/raw/wave1_selection.json,b1272041db1364831db88d72b114cca8f67e70416c3ea4326f99e5d53e1ea677
391.0,1,,23.0,0.9993514942267767,level1,0.15071239387767985,data/raw/wave1_selection.json,b1272041db1364831db88d72b114cca8f67e70416c3ea4326f99e5d53e1ea677
535.0,1,,2.0,0.9988575337773611,level1,0.3888498992231703,data/raw/wave1_selection.json,b1272041db1364831db88d72b114cca8f67e70416c3ea4326f99e5d53e1ea677
1050.0,1,,20.0,0.9990497349949685,level1,1.5331284916955972,data/raw/wave1_selection.json,b1272041db1364831db88d72b114cca8f67e70416c3ea4326f99e5d53e1ea677
300.0,1,,2.0,0.9998029892415659,level1,0.9619584464754599,data/raw/wave1_selection.json,b1272041db1364831db88d72b114cca8f67e70416c3ea4326f99e5d53e1ea677
301.0,1,,1.0,0.9997036394351484,level1,0.014823616588308067,data/raw/wave1_selection.json,b1272041db1364831db88d72b114cca8f67e70416c3ea4326f99e5d53e1ea677
126.0,1,,1.0,0.9998251646954671,level1,0.8900232805366282,data/raw/wave1_selection.json,b1272041db1364831db88d72b114cca8f67e70416c3ea4326f99e5d53e1ea677
526.0,1,,2.0,0.9988447659639237,level1,0.19454252816161338,data/raw/wave1_selection.json,b1272041db1364831db88d72b114cca8f67e70416c3ea4326f99e5d53e1ea677
1082.0,1,,1.0,0.9997917672308119,level1,1.7351371166960479,data/raw/wave1_selection.json,b1272041db1364831db88d72b114cca8f67e70416c3ea4326f99e5d53e1ea677
923.0,1,,1.0,0.9990594382303147,level1,2.601960873102508,data/raw/wave1_selection.json,b1272041db1364831db88d72b114cca8f67e70416c3ea4326f99e5d53e1ea677
163.0,1,,2.0,0.9996096997966109,level1,1.2188001569264812,data/raw/wave1_selection.json,b1272041db1364831db88d72b114cca8f67e70416c3ea4326f99e5d53e1ea677
1134.0,1,,1.0,0.9996413394929236,level1,3.5113812197448393,data/raw/wave1_selection.json,b1272041db1364831db88d72b114cca8f67e70416c3ea4326f99e5d53e1ea677
361.0,1,,2.0,0.9995288831835977,level1,0.2364112701251945,data/raw/wave1_selection.json,b1272041db1364831db88d72b114cca8f67e70416c3ea4326f99e5d53e1ea677
310.0,1,,2.0,0.9989570165215107,level1,0.20648538314153037,data/raw/wave1_selection.json,b1272041db1364831db88d72b114cca8f67e70416c3ea4326f99e5d53e1ea677
851.0,1,,2.0,0.9998636168802773,level1,0.7668092022385427,data/raw/wave1_selection.json,b1272041db1364831db88d72b114cca8f67e70416c3ea4326f99e5d53e1ea677
590.0,1,,1.0,0.9989135360621368,level1,0.032395694203439594,data/raw/wave1_selection.json,b1272041db1364831db88d72b114cca8f67e70416c3ea4326f99e5d53e1ea677
688.0,1,,1.0,0.9995542608970426,level1,0.6199341770064278,data/raw/wave1_selection.json,b1272041db1364831db88d72b114cca8f67e70416c3ea4326f99e5d53e1ea677
540.0,1,,1.0,0.9994124165406056,level1,0.7906077213388716,data/raw/wave1_selection.json,b1272041db1364831db88d72b114cca8f67e70416c3ea4326f99e5d53e1ea677
382.0,1,,2.0,0.9998224155518087,level1,0.10227381275146716,data/raw/wave1_selection.json,b1272041db1364831db88d72b114cca8f67e70416c3ea4326f99e5d53e1ea677
107.0,1,,1.0,0.9998074146835159,level1,0.1482744274153995,data/raw/wave1_selection.json,b1272041db1364831db88d72b114cca8f67e70416c3ea4326f99e5d53e1ea677
303.0,1,,2.0,0.9994069470150315,level1,0.7584870225206937,data/raw/wave1_selection.json,b1272041db1364831db88d72b114cca8f67e70416c3ea4326f99e5d53e1ea677
1100.0,1,,2.0,0.9998982517133332,level1,0.6999578122499435,data/raw/wave1_selection.json,b1272041db1364831db88d72b114cca8f67e70416c3ea4326f99e5d53e1ea677
188.0,1,,22.0,0.9998348052029836,level1,0.23902115420938394,data/raw/wave1_selection.json,b1272041db1364831db88d72b114cca8f67e70416c3ea4326f99e5d53e1ea677
787.0,1,,1.0,0.9989990747772283,level1,0.6583589426639381,data/raw/wave1_selection.json,b1272041db1364831db88d72b114cca8f67e70416c3ea4326f99e5d53e1ea677
175.0,1,,2.0,0.9991195007735366,level1,2.6012279242891307,data/raw/wave1_selection.json,b1272041db1364831db88d72b114cca8f67e70416c3ea4326f99e5d53e1ea677
400.0,0,missing_match;unknown_particle,,,,,data/raw/wave1_selection.json,b1272041db1364831db88d72b114cca8f67e70416c3ea4326f99e5d53e1ea677
86.0,1,,2.0,0.9992624808874725,level1,0.0640838885346763,data/raw/wave1_selection.json,b1272041db1364831db88d72b114cca8f67e70416c3ea4326f99e5d53e1ea677
1078.0,1,,1.0,0.9997741466728858,level1,2.824253726873434,data/raw/wave1_selection.json,b1272041db1364831db88d72b114cca8f67e70416c3ea4326f99e5d53e1ea677
92.0,1,,2.0,0.9996680431760894,level1,0.2968297819068396,data/raw/wave1_selection.json,b1272041db1364831db88d72b114cca8f67e70416c3ea4326f99e5d53e1ea677
170.0,1,,21.0,0.9996320144671642,level1,0.13868367156857553,data/raw/wave1_selection.json,b1272041db1364831db88d72b114cca8f67e70416c3ea4326f99e5d53e1ea677
1096.0,1,,2.0,0.9995922295937686,level1,0.7493318539364562,data/raw/wave1_selection.json,b1272041db1364831db88d72b114cca8f67e70416c3ea4326f99e5d53e1ea677
1124.0,1,,1.0,0.9993267137861337,level1,0.9106415822847898,data/raw/wave1_selection.json,b1272041db1364831db88d72b114cca8f67e70416c3ea4326f99e5d53e1ea677
1105.0,1,,1.0,0.9997675962466642,level1,3.2079490213362907,data/raw/wave1_selection.json,b1272041db1364831db88d72b114cca8f67e70416c3ea4326f99e5d53e1ea677
789.0,1,,2.0,0.9994234915066429,level1,0.5513423736614086,data/raw/wave1_selection.json,b1272041db1364831db88d72b114cca8f67e70416c3ea4326f99e5d53e1ea677
311.0,1,,1.0,0.9993585861295551,level1,1.04999587414167,data/raw/wave1_selection.json,b1272041db1364831db88d72b114cca8f67e70416c3ea4326f99e5d53e1ea677
239.0,1,,1.0,6.90394767022083e-10,none,0.041394367793902306,data/raw/wave1_selection.json,b1272041db1364831db88d72b114cca8f67e70416c3ea4326f99e5d53e1ea677
294.0,1,,2.0,0.9996789273198907,level1,0.6228891860604824,data/raw/wave1_selection.json,b1272041db1364831db88d72b114cca8f67e70416c3ea4326f99e5d53e1ea677
616.0,1,,16.0,0.9995908425947775,level1,0.29251648689061416,data/raw/wave1_selection.json,b1272041db1364831db88d72b114cca8f67e70416c3ea4326f99e5d53e1ea677
619.0,1,,2.0,0.9986042805469337,level1,0.7028888207726754,data/raw/wave1_selection.json,b1272041db1364831db88d72b114cca8f67e70416c3ea4326f99e5d53e1ea677
959.0,1,,2.0,0.9992313814210723,level1,0.03976599016386108,data/raw/wave1_selection.json,b1272041db1364831db88d72b114cca8f67e70416c3ea4326f99e5d53e1ea677
249.0,1,,21.0,0.9991104981284331,level1,0.4540746405056729,data/raw/wave1_selection.json,b1272041db1364831db88d72b114cca8f67e70416c3ea4326f99e5d53e1ea677
974.0,1,,1.0,0.9994474700679682,level1,4.916269964523685,data/raw/wave1_selection.json,b1272041db1364831db88d72b114cca8f67e70416c3ea4326f99e5d53e1ea677
406.0,1,,2.0,0.9990636339924616,level1,0.24284847939733778,data/raw/wave1_selection.json,b1272041db1364831db88d72b114cca8f67e70416c3ea4326f99e5d53e1ea677
250.0,1,,1.0,0.9997996851494023,level1,0.016110104252835405,data/raw/wave1_selection.json,b1272041db1364831db88d72b114cca8f67e70416c3ea4326f99e5d53e1ea677
387.0,1,,1.0,0.9988739325026171,level1,0.5828734708479352,data/raw/wave1_selection.json,b1272041db1364831db88d72b114cca8f67e70416c3ea4326f99e5d53e1ea677
322.0,1,,2.0,0.9989735111238423,level1,0.08093073258022423,data/raw/wave1_selection.json,b1272041db1364831db88d72b114cca8f67e70416c3ea4326f99e5d53e1ea677
706.0,1,,1.0,0.9982271787120781,level1,0.4730593273155851,data/raw/wave1_selection.json,b1272041db1364831db88d72b114cca8f67e70416c3ea4326f99e5d53e1ea677
336.0,1,,22.0,0.9997482914446696,level1,0.21937967767441952,data/raw/wave1_selection.json,b1272041db1364831db88d72b114cca8f67e70416c3ea4326f99e5d53e1ea677
822.0,1,,2.0,0.9992425989029228,level1,1.551272700861993,data/raw/wave1_selection.json,b1272041db1364831db88d72b114cca8f67e70416c3ea4326f99e5d53e1ea677
1152.0,1,,1.0,0.9999338695386978,level1,0.1842526235093839,data/raw/wave1_selection.json,b1272041db1364831db88d72b114cca8f67e70416c3ea4326f99e5d53e1ea677
168.0,1,,1.0,0.9995695984186689,level1,0.05118447054145034,data/raw/wave1_selection.json,b1272041db1364831db88d72b114cca8f67e70416c3ea4326f99e5d53e1ea677
428.0,1,,2.0,0.9983479646999462,level1,0.2189920222474289,data/raw/wave1_selection.json,b1272041db1364831db88d72b114cca8f67e70416c3ea4326f99e5d53e1ea677
524.0,1,,2.0,0.9996764462353688,level1,0.8250811603007246,data/raw/wave1_selection.json,b1272041db1364831db88d72b114cca8f67e70416c3ea4326f99e5d53e1ea677
1091.0,1,,10.0,0.9989046450141918,level1,0.258873428605996,data/raw/wave1_selection.json,b1272041db1364831db88d72b114cca8f67e70416c3ea4326f99e5d53e1ea677
779.0,1,,2.0,0.998307477985729,level1,0.09197262528187562,data/raw/wave1_selection.json,b1272041db1364831db88d72b114cca8f67e70416c3ea4326f99e5d53e1ea677
1094.0,1,,1.0,0.9997246660648592,level1,1.5326667526246165,data/raw/wave1_selection.json,b1272041db1364831db88d72b114cca8f67e70416c3ea4326f99e5d53e1ea677
641.0,1,,20.0,0.9994917628675987,level1,1.7330257361916213,data/raw/wave1_selection.json,b1272041db1364831db88d72b114cca8f67e70416c3ea4326f99e5d53e1ea677
433.0,1,,1.0,0.9993544715168159,level1,0.5194159397879345,data/raw/wave1_selection.json,b1272041db1364831db88d72b114cca8f67e70416c3ea4326f99e5d53e1ea677
507.0,1,,2.0,0.999313101907065,level1,1.0053536808038306,data/raw/wave1_selection.json,b1272041db1364831db88d72b114cca8f67e70416c3ea4326f99e5d53e1ea677
56.0,1,,20.0,0.999889037265868,level1,0.28493682287910105,data/raw/wave1_selection.json,b1272041db1364831db88d72b114cca8f67e70416c3ea4326f99e5d53e1ea677
247.0,1,,2.0,0.9994102536258844,level1,0.8865677455967771,data/raw/wave1_selection.json,b1272041db1364831db88d72b114cca8f67e70416c3ea4326f99e5d53e1ea677
461.0,1,,1.0,0.9998385124334301,level1,0.6834564184490569,data/raw/wave1_selection.json,b1272041db1364831db88d72b114cca8f67e70416c3ea4326f99e5d53e1ea677
566.0,1,,2.0,0.9993913812623545,level1,1.0256043170867966,data/raw/wave1_selection.json,b1272041db1364831db88d72b114cca8f67e70416c3ea4326f99e5d53e1ea677
888.0,1,,2.0,0.9995631076672489,level1,0.03263679435172523,data/raw/wave1_selection.json,b1272041db1364831db88d72b114cca8f67e70416c3ea4326f99e5d53e1ea677
950.0,1,,22.0,0.9992644382250575,level1,0.6319296855175593,data/raw/wave1_selection.json,b1272041db1364831db88d72b114cca8f67e70416c3ea4326f99e5d53e1ea677
1028.0,1,,15.0,0.9993108894924166,level1,0.24904842839567548,data/raw/wave1_selection.json,b1272041db1364831db88d72b114cca8f67e70416c3ea4326f99e5d53e1ea677
658.0,1,,2.0,0.999548523650006,level1,0.028918852796056237,data/raw/wave1_selection.json,b1272041db1364831db88d72b114cca8f67e70416c3ea4326f99e5d53e1ea677
18.0,1,,1.0,0.9998016560759027,level1,0.12100219793949983,data/raw/wave1_selection.json,b1272041db1364831db88d72b114cca8f67e70416c3ea4326f99e5d53e1ea677
389.0,1,,1.0,0.9987154621481377,level1,0.905433566710641,data/raw/wave1_selection.json,b1272041db1364831db88d72b114cca8f67e70416c3ea4326f99e5d53e1ea677
267.0,1,,2.0,0.9997253465677157,level1,0.2134192775658557,data/raw/wave1_selection.json,b1272041db1364831db88d72b114cca8f67e70416c3ea4326f99e5d53e1ea677
349.0,1,,1.0,0.9996073289627225,level1,2.1402839841157344,data/raw/wave1_selection.json,b1272041db1364831db88d72b114cca8f67e70416c3ea4326f99e5d53e1ea677
214.0,1,,1.0,0.9979602168707306,level1,0.533046157535729,data/raw/wave1_selection.json,b1272041db1364831db88d72b114cca8f67e70416c3ea4326f99e5d53e1ea677
602.0,1,,2.0,0.999084128802645,level1,0.07589996044557618,data/raw/wave1_selection.json,b1272041db1364831db88d72b114cca8f67e70416c3ea4326f99e5d53e1ea677
815.0,1,,2.0,0.9992892824535041,level1,0.19470989917191714,data/raw/wave1_selection.json,b1272041db1364831db88d72b114cca8f67e70416c3ea4326f99e5d53e1ea677
939.0,1,,16.0,0.9993711191854617,level1,0.7141526866694131,data/raw/wave1_selection.json,b1272041db1364831db88d72b114cca8f67e70416c3ea4326f99e5d53e1ea677
844.0,1,,1.0,0.9994779777326757,level1,0.08583791713111916,data/raw/wave1_selection.json,b1272041db1364831db88d72b114cca8f67e70416c3ea4326f99e5d53e1ea677
378.0,1,,1.0,0.9995467752038555,level1,0.24995518965090724,data/raw/wave1_selection.json,b1272041db1364831db88d72b114cca8f67e70416c3ea4326f99e5d53e1ea677
109.0,1,,1.0,0.9998345873147739,level1,0.1981326207871467,data/raw/wave1_selection.json,b1272041db1364831db88d72b114cca8f67e70416c3ea4326f99e5d53e1ea677
290.0,1,,2.0,0.9997345918675815,level1,0.7276018286191697,data/raw/wave1_selection.json,b1272041db1364831db88d72b114cca8f67e70416c3ea4326f99e5d53e1ea677
1039.0,1,,2.0,0.9995399847072344,level1,1.0657473028195117,data/raw/wave1_selection.json,b1272041db1364831db88d72b114cca8f67e70416c3ea4326f99e5d53e1ea677
624.0,1,,1.0,0.9992352843369938,level1,1.092093534426904,data/raw/wave1_selection.json,b1272041db1364831db88d72b114cca8f67e70416c3ea4326f99e5d53e1ea677
36.0,1,,13.0,0.9998791092082441,level1,2.3145759969289514,data/raw/wave1_selection.json,b1272041db1364831db88d72b114cca8f67e70416c3ea4326f99e5d53e1ea677
261.0,1,,2.0,0.9997246059874694,level1,0.8795911179328312,data/raw/wave1_selection.json,b1272041db1364831db88d72b114cca8f67e70416c3ea4326f99e5d53e1ea677
811.0,1,,2.0,0.999656872636206,level1,0.9072524295725061,data/raw/wave1_selection.json,b1272041db1364831db88d72b114cca8f67e70416c3ea4326f99e5d53e1ea677
119.0,1,,2.0,0.9991889744127495,level1,0.8192813466270923,data/raw/wave1_selection.json,b1272041db1364831db88d72b114cca8f67e70416c3ea4326f99e5d53e1ea677
245.0,1,,1.0,0.9995339420002946,level1,3.2900299765707794,data/raw/wave1_selection.json,b1272041db1364831db88d72b114cca8f67e70416c3ea4326f99e5d53e1ea677
690.0,1,,2.0,0.9988143412584343,level1,0.14887264169698888,data/raw/wave1_selection.json,b1272041db1364831db88d72b114cca8f67e70416c3ea4326f99e5d53e1ea677
975.0,1,,2.0,0.9998493776985848,level1,1.095762467634019,data/raw/wave1_selection.json,b1272041db1364831db88d72b114cca8f67e70416c3ea4326f99e5d53e1ea677
1140.0,1,,1.0,0.9994278565773465,level1,0.032215653211146146,data/raw/wave1_selection.json,b1272041db1364831db88d72b114cca8f67e70416c3ea4326f99e5d53e1ea677
696.0,1,,2.0,0.9990024070888747,level1,0.15952675207999012,data/raw/wave1_selection.json,b1272041db1364831db88d72b114cca8f67e70416c3ea4326f99e5d53e1ea677
34.0,1,,1.0,0.999720344466971,level1,0.35781289234497743,data/raw/wave1_selection.json,b1272041db1364831db88d72b114cca8f67e70416c3ea4326f99e5d53e1ea677
51.0,1,,2.0,0.999052668761048,level1,0.055632497300445234,data/raw/wave1_selection.json,b1272041db1364831db88d72b114cca8f67e70416c3ea4326f99e5d53e1ea677
962.0,1,,1.0,0.9992852048342463,level1,0.08860855093655362,data/raw/wave1_selection.json,b1272041db1364831db88d72b114cca8f67e70416c3ea4326f99e5d53e1ea677
1095.0,1,,1.0,0.9997042581164003,level1,4.345493640700187,data/raw/wave1_selection.json,b1272041db1364831db88d72b114cca8f67e70416c3ea4326f99e5d53e1ea677
1127.0,1,,2.0,0.9995692040252022,level1,0.3619367671107186,data/raw/wave1_selection.json,b1272041db1364831db88d72b114cca8f67e70416c3ea4326f99e5d53e1ea677
881.0,1,,2.0,0.9997798462659073,level1,0.45257562568097964,data/raw/wave1_selection.json,b1272041db1364831db88d72b114cca8f67e70416c3ea4326f99e5d53e1ea677
94.0,1,,2.0,0.998733911717301,level1,0.8194250836882226,data/raw/wave1_selection.json,b1272041db1364831db88d72b114cca8f67e70416c3ea4326f99e5d53e1ea677
511.0,1,,1.0,0.9997518076530578,level1,0.7946380395530676,data/raw/wave1_selection.json,b1272041db1364831db88d72b114cca8f67e70416c3ea4326f99e5d53e1ea677
482.0,1,,18.0,0.9990392714067846,level1,2.9285701893969427e-05,data/raw/wave1_selection.json,b1272041db1364831db88d72b114cca8f67e70416c3ea4326f99e5d53e1ea677
231.0,1,,21.0,0.9997601462354337,level1,0.5570384889648569,data/raw/wave1_selection.json,b1272041db1364831db88d72b114cca8f67e70416c3ea4326f99e5d53e1ea677
252.0,1,,22.0,0.9999039509380574,level1,0.012968304088019453,data/raw/wave1_selection.json,b1272041db1364831db88d72b114cca8f67e70416c3ea4326f99e5d53e1ea677
989.0,1,,1.0,0.999510908591174,level1,3.948801720533313,data/raw/wave1_selection.json,b1272041db1364831db88d72b114cca8f67e70416c3ea4326f99e5d53e1ea677
1117.0,1,,2.0,0.9985406086024737,level1,0.8718072126718066,data/raw/wave1_selection.json,b1272041db1364831db88d72b114cca8f67e70416c3ea4326f99e5d53e1ea677
1156.0,1,,1.0,0.00038726434848832436,none,0.005490184053266885,data/raw/wave1_selection.json,b1272041db1364831db88d72b114cca8f67e70416c3ea4326f99e5d53e1ea677
581.0,1,,2.0,0.9997648886701921,level1,0.5480412108473588,data/raw/wave1_selection.json,b1272041db1364831db88d72b114cca8f67e70416c3ea4326f99e5d53e1ea677
803.0,1,,1.0,0.9993804048589321,level1,0.5988798800708661,data/raw/wave1_selection.json,b1272041db1364831db88d72b114cca8f67e70416c3ea4326f99e5d53e1ea677
791.0,1,,2.0,0.9999143121620849,level1,0.11031245163259017,data/raw/wave1_selection.json,b1272041db1364831db88d72b114cca8f67e70416c3ea4326f99e5d53e1ea677
583.0,1,,2.0,0.999652618339354,level1,0.9325633338464863,data/raw/wave1_selection.json,b1272041db1364831db88d72b114cca8f67e70416c3ea4326f99e5d53e1ea677
1129.0,1,,2.0,0.9993786472314063,level1,0.2296505322777844,data/raw/wave1_selection.json,b1272041db1364831db88d72b114cca8f67e70416c3ea4326f99e5d53e1ea677
403.0,1,,22.0,0.9989693067385784,level1,0.1533622908314439,data/raw/wave1_selection.json,b1272041db1364831db88d72b114cca8f67e70416c3ea4326f99e5d53e1ea677
573.0,1,,19.0,0.9994362507135509,level1,0.9404825009120705,data/raw/wave1_selection.json,b1272041db1364831db88d72b114cca8f67e70416c3ea4326f99e5d53e1ea677
52.0,1,,2.0,0.9983590189327607,level1,0.214052852638893,data/raw/wave1_selection.json,b1272041db1364831db88d72b114cca8f67e70416c3ea4326f99e5d53e1ea677
295.0,1,,1.0,0.9991704433544765,level1,0.028352749664810863,data/raw/wave1_selection.json,b1272041db1364831db88d72b114cca8f67e70416c3ea4326f99e5d53e1ea677
1015.0,1,,22.0,0.9999110269781749,level1,0.5935049396360047,data/raw/wave1_selection.json,b1272041db1364831db88d72b114cca8f67e70416c3ea4326f99e5d53e1ea677
1088.0,1,,2.0,0.9991560573709154,level1,0.03373102879214308,data/raw/wave1_selection.json,b1272041db1364831db88d72b114cca8f67e70416c3ea4326f99e5d53e1ea677
555.0,1,,1.0,0.9986423071545323,level1,3.2586492467394534,data/raw/wave1_selection.json,b1272041db1364831db88d72b114cca8f67e70416c3ea4326f99e5d53e1ea677
351.0,1,,15.0,0.9995371759969953,level1,0.7255038705054732,data/raw/wave1_selection.json,b1272041db1364831db88d72b114cca8f67e70416c3ea4326f99e5d53e1ea677
900.0,1,,2.0,0.9992848138429924,level1,0.05490432133872576,data/raw/wave1_selection.json,b1272041db1364831db88d72b114cca8f67e70416c3ea4326f99e5d53e1ea677
563.0,1,,2.0,0.9994518280416884,level1,0.04371777423689659,data/raw/wave1_selection.json,b1272041db1364831db88d72b114cca8f67e70416c3ea4326f99e5d53e1ea677
785.0,1,,19.0,0.9996255270079855,level1,4.634004366070462,data/raw/wave1_selection.json,b1272041db1364831db88d72b114cca8f67e70416c3ea4326f99e5d53e1ea677
16.0,1,,18.0,0.9995165012019438,level1,0.2475975870835434,data/raw/wave1_selection.json,b1272041db1364831db88d72b114cca8f67e70416c3ea4326f99e5d53e1ea677
132.0,1,,21.0,0.9993590229656751,level1,0.7547504226750117,data/raw/wave1_selection.json,b1272041db1364831db88d72b114cca8f67e70416c3ea4326f99e5d53e1ea677
215.0,1,,2.0,0.9990359652037858,level1,0.08349498425053178,data/raw/wave1_selection.json,b1272041db1364831db88d72b114cca8f67e70416c3ea4326f99e5d53e1ea677
877.0,1,,2.0,0.9996565850747255,level1,0.42714973994627603,data/raw/wave1_selection.json,b1272041db1364831db88d72b114cca8f67e70416c3ea4326f99e5d53e1ea677
208.0,1,,3.0,0.9990294020658483,level1,1.2787874518351048,data/raw/wave1_selection.json,b1272041db1364831db88d72b114cca8f67e70416c3ea4326f99e5d53e1ea677
984.0,1,,1.0,0.99985764346022,level1,0.010066174639045059,data/raw/wave1_selection.json,b1272041db1364831db88d72b114cca8f67e70416c3ea4326f99e5d53e1ea677
635.0,1,,1.0,0.9990580469589189,level1,0.08286787563702305,data/raw/wave1_selection.json,b1272041db1364831db88d72b114cca8f67e70416c3ea4326f99e5d53e1ea677
657.0,1,,2.0,0.9995742375464827,level1,0.6231252785519142,data/raw/wave1_selection.json,b1272041db1364831db88d72b114cca8f67e70416c3ea4326f99e5d53e1ea677
872.0,1,,2.0,0.9996472310824736,level1,0.6045946244721317,data/raw/wave1_selection.json,b1272041db1364831db88d72b114cca8f67e70416c3ea4326f99e5d53e1ea677
1111.0,1,,1.0,0.00011894575807837875,none,2.560325856000859,data/raw/wave1_selection.json,b1272041db1364831db88d72b114cca8f67e70416c3ea4326f99e5d53e1ea677
960.0,1,,1.0,0.9995428942360322,level1,0.5354450838325749,data/raw/wave1_selection.json,b1272041db1364831db88d72b114cca8f67e70416c3ea4326f99e5d53e1ea677
173.0,1,,2.0,0.9987837492231562,level1,0.2987475798093332,data/raw/wave1_selection.json,b1272041db1364831db88d72b114cca8f67e70416c3ea4326f99e5d53e1ea677
115.0,1,,25.0,0.9997836875862559,level1,0.2114429991799304,data/raw/wave1_selection.json,b1272041db1364831db88d72b114cca8f67e70416c3ea4326f99e5d53e1ea677
982.0,1,,2.0,0.9991326239908971,level1,1.0665495479708733,data/raw/wave1_selection.json,b1272041db1364831db88d72b114cca8f67e70416c3ea4326f99e5d53e1ea677
120.0,1,,1.0,0.999856278177657,level1,0.15719673128569678,data/raw/wave1_selection.json,b1272041db1364831db88d72b114cca8f67e70416c3ea4326f99e5d53e1ea677
1026.0,1,,2.0,0.999217655703182,level1,0.18951594161094126,data/raw/wave1_selection.json,b1272041db1364831db88d72b114cca8f67e70416c3ea4326f99e5d53e1ea677
289.0,1,,22.0,0.9995616845420116,level1,0.27906729336084907,data/raw/wave1_selection.json,b1272041db1364831db88d72b114cca8f67e70416c3ea4326f99e5d53e1ea677
191.0,1,,1.0,0.9986701711586332,level1,3.2514522628278675,data/raw/wave1_selection.json,b1272041db1364831db88d72b114cca8f67e70416c3ea4326f99e5d53e1ea677
737.0,1,,2.0,0.9986367198994691,level1,0.855459599416149,data/raw/wave1_selection.json,b1272041db1364831db88d72b114cca8f67e70416c3ea4326f99e5d53e1ea677
217.0,1,,2.0,0.9988569827961228,level1,0.03933924114502965,data/raw/wave1_selection.json,b1272041db1364831db88d72b114cca8f67e70416c3ea4326f99e5d53e1ea677
182.0,1,,2.0,0.9997338271870195,level1,0.10479355540053728,data/raw/wave1_selection.json,b1272041db1364831db88d72b114cca8f67e70416c3ea4326f99e5d53e1ea677
936.0,1,,3.0,0.9984762290032624,level1,1.8114798925685325,data/raw/wave1_selection.json,b1272041db1364831db88d72b114cca8f67e70416c3ea4326f99e5d53e1ea677
42.0,1,,1.0,0.9987438989827576,level1,0.33839378710815843,data/raw/wave1_selection.json,b1272041db1364831db88d72b114cca8f67e70416c3ea4326f99e5d53e1ea677
845.0,1,,12.0,0.9981178521070845,level1,2.017534258673485,data/raw/wave1_selection.json,b1272041db1364831db88d72b114cca8f67e70416c3ea4326f99e5d53e1ea677
425.0,1,,2.0,0.9992649974024888,level1,0.059565111270399144,data/raw/wave1_selection.json,b1272041db1364831db88d72b114cca8f67e70416c3ea4326f99e5d53e1ea677
627.0,1,,2.0,0.9998810788735243,level1,0.5425837197939,data/raw/wave1_selection.json,b1272041db1364831db88d72b114cca8f67e70416c3ea4326f99e5d53e1ea677
306.0,1,,1.0,3.2601755372048983e-12,none,1.885634482279632,data/raw/wave1_selection.json,b1272041db1364831db88d72b114cca8f67e70416c3ea4326f99e5d53e1ea677
751.0,1,,14.0,0.9997943558794746,level1,2.5839958488751162,data/raw/wave1_selection.json,b1272041db1364831db88d72b114cca8f67e70416c3ea4326f99e5d53e1ea677
679.0,1,,2.0,0.9993880688901202,level1,0.03414365202311332,data/raw/wave1_selection.json,b1272041db1364831db88d72b114cca8f67e70416c3ea4326f99e5d53e1ea677
1098.0,1,,2.0,0.9987649617577995,level1,0.18154208157191554,data/raw/wave1_selection.json,b1272041db1364831db88d72b114cca8f67e70416c3ea4326f99e5d53e1ea677
341.0,1,,1.0,0.9997103266859336,level1,3.013081308950803,data/raw/wave1_selection.json,b1272041db1364831db88d72b114cca8f67e70416c3ea4326f99e5d53e1ea677
166.0,1,,2.0,0.9994966035339384,level1,0.8564512307621261,data/raw/wave1_selection.json,b1272041db1364831db88d72b114cca8f67e70416c3ea4326f99e5d53e1ea677
198.0,1,,2.0,0.9994444301485328,level1,2.8075812223935257,data/raw/wave1_selection.json,b1272041db1364831db88d72b114cca8f67e70416c3ea4326f99e5d53e1ea677
659.0,1,,2.0,0.9995849601215879,level1,0.09690701488546606,data/raw/wave1_selection.json,b1272041db1364831db88d72b114cca8f67e70416c3ea4326f99e5d53e1ea677
274.0,1,,2.0,0.9990715169186986,level1,0.4942154322984567,data/raw/wave1_selection.json,b1272041db1364831db88d72b114cca8f67e70416c3ea4326f99e5d53e1ea677
703.0,1,,1.0,0.9995106599540663,level1,1.8043392515513785,data/raw/wave1_selection.json,b1272041db1364831db88d72b114cca8f67e70416c3ea4326f99e5d53e1ea677
5.0,1,,2.0,0.9994675742704733,level1,1.6520438351449822,data/raw/wave1_selection.json,b1272041db1364831db88d72b114cca8f67e70416c3ea4326f99e5d53e1ea677
104.0,1,,2.0,0.9992227566372889,level1,0.07069779329506895,data/raw/wave1_selection.json,b1272041db1364831db88d72b114cca8f67e70416c3ea4326f99e5d53e1ea677
134.0,1,,1.0,0.9997963984861852,level1,0.5777747845343204,data/raw/wave1_selection.json,b1272041db1364831db88d72b114cca8f67e70416c3ea4326f99e5d53e1ea677
723.0,1,,1.0,0.9993986908876873,level1,2.8767126339510622,data/raw/wave1_selection.json,b1272041db1364831db88d72b114cca8f67e70416c3ea4326f99e5d53e1ea677
788.0,1,,22.0,0.9996066830508892,level1,1.208307156910213,data/raw/wave1_selection.json,b1272041db1364831db88d72b114cca8f67e70416c3ea4326f99e5d53e1ea677
998.0,1,,1.0,0.999030323927394,level1,1.0428680176003178,data/raw/wave1_selection.json,b1272041db1364831db88d72b114cca8f67e70416c3ea4326f99e5d53e1ea677
1035.0,1,,1.0,0.9999013373924709,level1,0.07334813129751402,data/raw/wave1_selection.json,b1272041db1364831db88d72b114cca8f67e70416c3ea4326f99e5d53e1ea677
98.0,1,,11.0,0.9990004857306662,level1,0.0568170533242595,data/raw/wave1_selection.json,b1272041db1364831db88d72b114cca8f67e70416c3ea4326f99e5d53e1ea677
615.0,1,,1.0,0.9996929821397974,level1,0.7786349977955226,data/raw/wave1_selection.json,b1272041db1364831db88d72b114cca8f67e70416c3ea4326f99e5d53e1ea677
697.0,1,,1.0,0.9998083944276613,level1,0.02629056138002038,data/raw/wave1_selection.json,b1272041db1364831db88d72b114cca8f67e70416c3ea4326f99e5d53e1ea677
655.0,1,,20.0,0.9995631100186809,level1,0.9550153769001076,data/raw/wave1_selection.json,b1272041db1364831db88d72b114cca8f67e70416c3ea4326f99e5d53e1ea677
499.0,1,,21.0,0.9990526964810554,level1,0.06768738203901428,data/raw/wave1_selection.json,b1272041db1364831db88d72b114cca8f67e70416c3ea4326f99e5d53e1ea677
816.0,1,,2.0,0.9986397411370461,level1,0.12451794280646594,data/raw/wave1_selection.json,b1272041db1364831db88d72b114cca8f67e70416c3ea4326f99e5d53e1ea677
1069.0,1,,1.0,0.9994605839828005,level1,2.0049792482885866,data/raw/wave1_selection.json,b1272041db1364831db88d72b114cca8f67e70416c3ea4326f99e5d53e1ea677
396.0,1,,2.0,0.9977239554591707,level1,0.13149517729747942,data/raw/wave1_selection.json,b1272041db1364831db88d72b114cca8f67e70416c3ea4326f99e5d53e1ea677
283.0,1,,2.0,0.9990106373659676,level1,0.04165130581917838,data/raw/wave1_selection.json,b1272041db1364831db88d72b114cca8f67e70416c3ea4326f99e5d53e1ea677
607.0,1,,1.0,0.9997248408129366,level1,0.11557058119325743,data/raw/wave1_selection.json,b1272041db1364831db88d72b114cca8f67e70416c3ea4326f99e5d53e1ea677
1123.0,1,,1.0,0.9978702322932317,level1,0.3238543384989452,data/raw/wave1_selection.json,b1272041db1364831db88d72b114cca8f67e70416c3ea4326f99e5d53e1ea677
241.0,1,,2.0,0.9991217485651429,level1,4.518991300396702,data/raw/wave1_selection.json,b1272041db1364831db88d72b114cca8f67e70416c3ea4326f99e5d53e1ea677
1151.0,1,,3.0,0.9986579642706244,level1,0.002282079438440067,data/raw/wave1_selection.json,b1272041db1364831db88d72b114cca8f67e70416c3ea4326f99e5d53e1ea677
1053.0,1,,18.0,0.9997199185029841,level1,0.02999429945064815,data/raw/wave1_selection.json,b1272041db1364831db88d72b114cca8f67e70416c3ea4326f99e5d53e1ea677
329.0,1,,1.0,0.9993059261280861,level1,0.21721902165509804,data/raw/wave1_selection.json,b1272041db1364831db88d72b114cca8f67e70416c3ea4326f99e5d53e1ea677
368.0,1,,2.0,0.9996477649087597,level1,1.0678929501291607,data/raw/wave1_selection.json,b1272041db1364831db88d72b114cca8f67e70416c3ea4326f99e5d53e1ea677
346.0,1,,1.0,0.9997752067428433,level1,0.0550161113547363,data/raw/wave1_selection.json,b1272041db1364831db88d72b114cca8f67e70416c3ea4326f99e5d53e1ea677
587.0,1,,1.0,0.9997704241592845,level1,0.9218676384101453,data/raw/wave1_selection.json,b1272041db1364831db88d72b114cca8f67e70416c3ea4326f99e5d53e1ea677
928.0,1,,17.0,0.9995830927016217,level1,1.0134067385267609,data/raw/wave1_selection.json,b1272041db1364831db88d72b114cca8f67e70416c3ea4326f99e5d53e1ea677
366.0,1,,2.0,0.9993737558654489,level1,0.7847778339622071,data/raw/wave1_selection.json,b1272041db1364831db88d72b114cca8f67e70416c3ea4326f99e5d53e1ea677
95.0,1,,2.0,0.9997319750786706,level1,0.08470639785398155,data/raw/wave1_selection.json,b1272041db1364831db88d72b114cca8f67e70416c3ea4326f99e5d53e1ea677
716.0,1,,2.0,0.9996670720418118,level1,0.061446307544940876,data/raw/wave1_selection.json,b1272041db1364831db88d72b114cca8f67e70416c3ea4326f99e5d53e1ea677
1065.0,1,,21.0,0.9994507871167888,level1,0.31067747466642115,data/raw/wave1_selection.json,b1272041db1364831db88d72b114cca8f67e70416c3ea4326f99e5d53e1ea677
758.0,1,,2.0,0.998639756808246,level1,0.2995270664513661,data/raw/wave1_selection.json,b1272041db1364831db88d72b114cca8f67e70416c3ea4326f99e5d53e1ea677
932.0,1,,20.0,0.9994910013990186,level1,9.121711466496162e-07,data/raw/wave1_selection.json,b1272041db1364831db88d72b114cca8f67e70416c3ea4326f99e5d53e1ea677
257.0,1,,1.0,0.9998332447451999,level1,0.15913423955981162,data/raw/wave1_selection.json,b1272041db1364831db88d72b114cca8f67e70416c3ea4326f99e5d53e1ea677
565.0,1,,1.0,0.9994541152054222,level1,0.3278035148651527,data/raw/wave1_selection.json,b1272041db1364831db88d72b114cca8f67e70416c3ea4326f99e5d53e1ea677
721.0,1,,1.0,0.9993815838745892,level1,0.21008837570814376,data/raw/wave1_selection.json,b1272041db1364831db88d72b114cca8f67e70416c3ea4326f99e5d53e1ea677
54.0,1,,1.0,0.9996564958649411,level1,0.8692902399753155,data/raw/wave1_selection.json,b1272041db1364831db88d72b114cca8f67e70416c3ea4326f99e5d53e1ea677
171.0,1,,1.0,0.9997200597779335,level1,2.793584327720754,data/raw/wave1_selection.json,b1272041db1364831db88d72b114cca8f67e70416c3ea4326f99e5d53e1ea677
264.0,1,,2.0,0.9988566759942848,level1,0.031176785226636396,data/raw/wave1_selection.json,b1272041db1364831db88d72b114cca8f67e70416c3ea4326f99e5d53e1ea677
558.0,1,,15.0,0.9997445812896107,level1,2.136946331634796,data/raw/wave1_selection.json,b1272041db1364831db88d72b114cca8f67e70416c3ea4326f99e5d53e1ea677
183.0,1,,1.0,0.9969703734334328,level1,1.2703182470147953,data/raw/wave1_selection.json,b1272041db1364831db88d72b114cca8f67e70416c3ea4326f99e5d53e1ea677
314.0,1,,1.0,0.9989110856611904,level1,0.11457819986624675,data/raw/wave1_selection.json,b1272041db1364831db88d72b114cca8f67e70416c3ea4326f99e5d53e1ea677
151.0,1,,11.0,0.9993268650296052,level1,1.5976180999578617,data/raw/wave1_selection.json,b1272041db1364831db88d72b114cca8f67e70416c3ea4326f99e5d53e1ea677
847.0,1,,2.0,0.9991711830439525,level1,0.4961295038314836,data/raw/wave1_selection.json,b1272041db1364831db88d72b114cca8f67e70416c3ea4326f99e5d53e1ea677
1031.0,1,,1.0,0.9998974822293258,level1,0.2451869764288206,data/raw/wave1_selection.json,b1272041db1364831db88d72b114cca8f67e70416c3ea4326f99e5d53e1ea677
1128.0,1,,2.0,0.9998028988060539,level1,0.5706088462685848,data/raw/wave1_selection.json,b1272041db1364831db88d72b114cca8f67e70416c3ea4326f99e5d53e1ea677
745.0,1,,2.0,0.9994255395582797,level1,0.011452293461251341,data/raw/wave1_selection.json,b1272041db1364831db88d72b114cca8f67e70416c3ea4326f99e5d53e1ea677
4.0,1,,2.0,0.9995648350722259,level1,1.597259655676675,data/raw/wave1_selection.json,b1272041db1364831db88d72b114cca8f67e70416c3ea4326f99e5d53e1ea677
972.0,1,,2.0,0.9988509598553981,level1,0.8836317822316984,data/raw/wave1_selection.json,b1272041db1364831db88d72b114cca8f67e70416c3ea4326f99e5d53e1ea677
667.0,1,,21.0,0.9993117313587923,level1,0.4974003133166388,data/raw/wave1_selection.json,b1272041db1364831db88d72b114cca8f67e70416c3ea4326f99e5d53e1ea677
742.0,1,,2.0,0.9998774733584986,level1,0.5313443620625947,data/raw/wave1_selection.json,b1272041db1364831db88d72b114cca8f67e70416c3ea4326f99e5d53e1ea677
1141.0,1,,2.0,0.999389775885977,level1,0.07052760198933926,data/raw/wave1_selection.json,b1272041db1364831db88d72b114cca8f67e70416c3ea4326f99e5d53e1ea677
485.0,1,,2.0,0.9983719517567683,level1,3.3082222732124196,data/raw/wave1_selection.json,b1272041db1364831db88d72b114cca8f67e70416c3ea4326f99e5d53e1ea677
224.0,1,,2.0,0.9990822341807299,level1,0.14237359414624637,data/raw/wave1_selection.json,b1272041db1364831db88d72b114cca8f67e70416c3ea4326f99e5d53e1ea677
622.0,1,,1.0,0.9994465882942509,level1,2.498859258100241,data/raw/wave1_selection.json,b1272041db1364831db88d72b114cca8f67e70416c3ea4326f99e5d53e1ea677
735.0,1,,2.0,0.9995560305368556,level1,0.10359065716697112,data/raw/wave1_selection.json,b1272041db1364831db88d72b114cca8f67e70416c3ea4326f99e5d53e1ea677
892.0,1,,1.0,0.9989097174008547,level1,0.4756359493610732,data/raw/wave1_selection.json,b1272041db1364831db88d72b114cca8f67e70416c3ea4326f99e5d53e1ea677
860.0,1,,1.0,0.9998930288921133,level1,0.9560356732110794,data/raw/wave1_selection.json,b1272041db1364831db88d72b114cca8f67e70416c3ea4326f99e5d53e1ea677
1079.0,1,,15.0,0.9996431060935475,level1,1.3505239424700157,data/raw/wave1_selection.json,b1272041db1364831db88d72b114cca8f67e70416c3ea4326f99e5d53e1ea677
741.0,1,,2.0,0.9998410224379852,level1,1.5315198710684665,data/raw/wave1_selection.json,b1272041db1364831db88d72b114cca8f67e70416c3ea4326f99e5d53e1ea677
569.0,1,,1.0,0.9997117170858667,level1,0.367210458965759,data/raw/wave1_selection.json,b1272041db1364831db88d72b114cca8f67e70416c3ea4326f99e5d53e1ea677
14.0,1,,2.0,0.9976659071962808,level1,0.9598910868138791,data/raw/wave1_selection.json,b1272041db1364831db88d72b114cca8f67e70416c3ea4326f99e5d53e1ea677
174.0,1,,1.0,0.9976344509155383,level1,2.9977307148349794,data/raw/wave1_selection.json,b1272041db1364831db88d72b114cca8f67e70416c3ea4326f99e5d53e1ea677
585.0,1,,23.0,0.9996936698919039,level1,0.2566803439151037,data/raw/wave1_selection.json,b1272041db1364831db88d72b114cca8f67e70416c3ea4326f99e5d53e1ea677
611.0,1,,2.0,0.9993905985631902,level1,0.02147252367328027,data/raw/wave1_selection.json,b1272041db1364831db88d72b114cca8f67e70416c3ea4326f99e5d53e1ea677
334.0,1,,2.0,0.9997483171284984,level1,0.08909110957792468,data/raw/wave1_selection.json,b1272041db1364831db88d72b114cca8f67e70416c3ea4326f99e5d53e1ea677
1029.0,1,,2.0,0.9995983790070305,level1,0.2167594379818108,data/raw/wave1_selection.json,b1272041db1364831db88d72b114cca8f67e70416c3ea4326f99e5d53e1ea677
626.0,1,,1.0,8.44273307338928e-11,none,0.7208979056568096,data/raw/wave1_selection.json,b1272041db1364831db88d72b114cca8f67e70416c3ea4326f99e5d53e1ea677
190.0,1,,2.0,0.9988582517047598,level1,1.0587380103765471,data/raw/wave1_selection.json,b1272041db1364831db88d72b114cca8f67e70416c3ea4326f99e5d53e1ea677
255.0,1,,1.0,0.9987046167817095,level1,1.5465580895811273,data/raw/wave1_selection.json,b1272041db1364831db88d72b114cca8f67e70416c3ea4326f99e5d53e1ea677
1022.0,1,,1.0,0.999101200198388,level1,0.3153609251057194,data/raw/wave1_selection.json,b1272041db1364831db88d72b114cca8f67e70416c3ea4326f99e5d53e1ea677
477.0,1,,1.0,0.9994385598099437,level1,0.07351404517733494,data/raw/wave1_selection.json,b1272041db1364831db88d72b114cca8f67e70416c3ea4326f99e5d53e1ea677
647.0,1,,1.0,0.9988001752727701,level1,4.084756902520183,data/raw/wave1_selection.json,b1272041db1364831db88d72b114cca8f67e70416c3ea4326f99e5d53e1ea677
501.0,1,,1.0,0.999377337151603,level1,0.12567581961439445,data/raw/wave1_selection.json,b1272041db1364831db88d72b114cca8f67e70416c3ea4326f99e5d53e1ea677
579.0,1,,2.0,0.9991079068105027,level1,0.23120884663498903,data/raw/wave1_selection.json,b1272041db1364831db88d72b114cca8f67e70416c3ea4326f99e5d53e1ea677
385.0,1,,1.0,0.9992864718227452,level1,1.2253122657406752,data/raw/wave1_selection.json,b1272041db1364831db88d72b114cca8f67e70416c3ea4326f99e5d53e1ea677
344.0,1,,1.0,0.9997969686382643,level1,1.4370563261439668,data/raw/wave1_selection.json,b1272041db1364831db88d72b114cca8f67e70416c3ea4326f99e5d53e1ea677
146.0,1,,21.0,0.9983312716766445,level1,0.310303587546941,data/raw/wave1_selection.json,b1272041db1364831db88d72b114cca8f67e70416c3ea4326f99e5d53e1ea677
961.0,1,,1.0,0.9990650553612866,level1,4.940596743332565,data/raw/wave1_selection.json,b1272041db1364831db88d72b114cca8f67e70416c3ea4326f99e5d53e1ea677
150.0,1,,1.0,0.9981357148305805,level1,2.2906011592281597,data/raw/wave1_selection.json,b1272041db1364831db88d72b114cca8f67e70416c3ea4326f99e5d53e1ea677
369.0,1,,1.0,0.9984639396675895,level1,1.0527511948062793,data/raw/wave1_selection.json,b1272041db1364831db88d72b114cca8f67e70416c3ea4326f99e5d53e1ea677
37.0,1,,2.0,0.9995005207960128,level1,2.4472246271279054,data/raw/wave1_selection.json,b1272041db1364831db88d72b114cca8f67e70416c3ea4326f99e5d53e1ea677
259.0,1,,2.0,0.9995614484690593,level1,0.031919143194349776,data/raw/wave1_selection.json,b1272041db1364831db88d72b114cca8f67e70416c3ea4326f99e5d53e1ea677
527.0,1,,2.0,0.9997173679705796,level1,0.3779903992148401,data/raw/wave1_selection.json,b1272041db1364831db88d72b114cca8f67e70416c3ea4326f99e5d53e1ea677
1027.0,1,,1.0,0.0006587830066087279,none,2.9132132631242516,data/raw/wave1_selection.json,b1272041db1364831db88d72b114cca8f67e70416c3ea4326f99e5d53e1ea677
1059.0,1,,1.0,0.9997008511141253,level1,1.108050410644262,data/raw/wave1_selection.json,b1272041db1364831db88d72b114cca8f67e70416c3ea4326f99e5d53e1ea677
1004.0,1,,22.0,0.9994638676874055,level1,0.609815064675892,data/raw/wave1_selection.json,b1272041db1364831db88d72b114cca8f67e70416c3ea4326f99e5d53e1ea677
1037.0,1,,3.0,0.999659173468679,level1,0.9362181093302195,data/raw/wave1_selection.json,b1272041db1364831db88d72b114cca8f67e70416c3ea4326f99e5d53e1ea677
53.0,1,,1.0,0.9989644027663039,level1,3.363468845937245,data/raw/wave1_selection.json,b1272041db1364831db88d72b114cca8f67e70416c3ea4326f99e5d53e1ea677
253.0,1,,2.0,0.9994041116444159,level1,0.09095291668122217,data/raw/wave1_selection.json,b1272041db1364831db88d72b114cca8f67e70416c3ea4326f99e5d53e1ea677
138.0,1,,2.0,0.9993183672873606,level1,0.6258454441970129,data/raw/wave1_selection.json,b1272041db1364831db88d72b114cca8f67e70416c3ea4326f99e5d53e1ea677
559.0,1,,2.0,0.9989151582430185,level1,0.13191678347832317,data/raw/wave1_selection.json,b1272041db1364831db88d72b114cca8f67e70416c3ea4326f99e5d53e1ea677
32.0,1,,19.0,0.9997452356519265,level1,0.4139496341815326,data/raw/wave1_selection.json,b1272041db1364831db88d72b114cca8f67e70416c3ea4326f99e5d53e1ea677
990.0,1,,2.0,0.9982608818701932,level1,2.572893472710191,data/raw/wave1_selection.json,b1272041db1364831db88d72b114cca8f67e70416c3ea4326f99e5d53e1ea677
432.0,1,,1.0,0.9991005619446957,level1,0.02918700297184689,data/raw/wave1_selection.json,b1272041db1364831db88d72b114cca8f67e70416c3ea4326f99e5d53e1ea677
830.0,1,,2.0,0.9997360938318766,level1,0.07489581481896948,data/raw/wave1_selection.json,b1272041db1364831db88d72b114cca8f67e70416c3ea4326f99e5d53e1ea677
910.0,1,,24.0,0.9991846549167326,level1,1.1046417058957927,data/raw/wave1_selection.json,b1272041db1364831db88d72b114cca8f67e70416c3ea4326f99e5d53e1ea677
853.0,1,,2.0,0.9995841866222845,level1,0.058667221322296056,data/raw/wave1_selection.json,b1272041db1364831db88d72b114cca8f67e70416c3ea4326f99e5d53e1ea677
878.0,1,,2.0,0.9992797130134157,level1,0.055758875385552575,data/raw/wave1_selection.json,b1272041db1364831db88d72b114cca8f67e70416c3ea4326f99e5d53e1ea677
988.0,1,,2.0,0.9994394404434397,level1,0.8796865952386145,data/raw/wave1_selection.json,b1272041db1364831db88d72b114cca8f67e70416c3ea4326f99e5d53e1ea677
167.0,1,,2.0,0.9994220149697106,level1,0.004807304400671484,data/raw/wave1_selection.json,b1272041db1364831db88d72b114cca8f67e70416c3ea4326f99e5d53e1ea677
680.0,1,,1.0,0.9993904859737494,level1,0.4566453856868825,data/raw/wave1_selection.json,b1272041db1364831db88d72b114cca8f67e70416c3ea4326f99e5d53e1ea677
470.0,1,,1.0,0.9987925868068158,level1,0.25874552932624206,data/raw/wave1_selection.json,b1272041db1364831db88d72b114cca8f67e70416c3ea4326f99e5d53e1ea677
733.0,1,,2.0,0.9996641356467585,level1,1.2020540325722007,data/raw/wave1_selection.json,b1272041db1364831db88d72b114cca8f67e70416c3ea4326f99e5d53e1ea677
508.0,1,,1.0,0.998933036658886,level1,1.37641430444427,data/raw/wave1_selection.json,b1272041db1364831db88d72b114cca8f67e70416c3ea4326f99e5d53e1ea677
317.0,1,,20.0,0.9997259065787292,level1,1.5316242480736117,data/raw/wave1_selection.json,b1272041db1364831db88d72b114cca8f67e70416c3ea4326f99e5d53e1ea677
868.0,1,,1.0,0.9993448796991622,level1,1.8841906422878625,data/raw/wave1_selection.json,b1272041db1364831db88d72b114cca8f67e70416c3ea4326f99e5d53e1ea677
514.0,1,,2.0,0.9994911519520303,level1,0.07522725001414525,data/raw/wave1_selection.json,b1272041db1364831db88d72b114cca8f67e70416c3ea4326f99e5d53e1ea677
708.0,1,,1.0,0.9987683158454688,level1,0.05084483752011874,data/raw/wave1_selection.json,b1272041db1364831db88d72b114cca8f67e70416c3ea4326f99e5d53e1ea677
293.0,1,,2.0,0.9996612011473472,level1,0.4490229563965741,data/raw/wave1_selection.json,b1272041db1364831db88d72b114cca8f67e70416c3ea4326f99e5d53e1ea677
149.0,1,,1.0,0.9997635851231478,level1,0.749122228581749,data/raw/wave1_selection.json,b1272041db1364831db88d72b114cca8f67e70416c3ea4326f99e5d53e1ea677
483.0,1,,2.0,0.9993544424355546,level1,1.7492741953959106,data/raw/wave1_selection.json,b1272041db1364831db88d72b114cca8f67e70416c3ea4326f99e5d53e1ea677
195.0,1,,2.0,0.9993977267557511,level1,0.10722340373212375,data/raw/wave1_selection.json,b1272041db1364831db88d72b114cca8f67e70416c3ea4326f99e5d53e1ea677
719.0,1,,19.0,0.9992718590867437,level1,0.9757916343474239,data/raw/wave1_selection.json,b1272041db1364831db88d72b114cca8f67e70416c3ea4326f99e5d53e1ea677
589.0,1,,1.0,0.9993184807044622,level1,1.1619857420679593,data/raw/wave1_selection.json,b1272041db1364831db88d72b114cca8f67e70416c3ea4326f99e5d53e1ea677
759.0,1,,2.0,0.999256753787281,level1,0.2606485198095175,data/raw/wave1_selection.json,b1272041db1364831db88d72b114cca8f67e70416c3ea4326f99e5d53e1ea677
1114.0,1,,2.0,0.9990335577105872,level1,0.2947770632912193,data/raw/wave1_selection.json,b1272041db1364831db88d72b114cca8f67e70416c3ea4326f99e5d53e1ea677
971.0,1,,22.0,0.9996007247403358,level1,0.4001462523314194,data/raw/wave1_selection.json,b1272041db1364831db88d72b114cca8f67e70416c3ea4326f99e5d53e1ea677
25.0,1,,23.0,0.9998354899020836,level1,1.2136937161878216,data/raw/wave1_selection.json,b1272041db1364831db88d72b114cca8f67e70416c3ea4326f99e5d53e1ea677
439.0,1,,2.0,0.9996529392000271,level1,0.463459152628565,data/raw/wave1_selection.json,b1272041db1364831db88d72b114cca8f67e70416c3ea4326f99e5d53e1ea677
444.0,1,,1.0,0.9995179184888561,level1,1.6395741707634952,data/raw/wave1_selection.json,b1272041db1364831db88d72b114cca8f67e70416c3ea4326f99e5d53e1ea677
748.0,1,,1.0,0.9996983125025594,level1,3.7571546813722274,data/raw/wave1_selection.json,b1272041db1364831db88d72b114cca8f67e70416c3ea4326f99e5d53e1ea677
236.0,1,,2.0,0.9998932675642404,level1,3.001950232666703,data/raw/wave1_selection.json,b1272041db1364831db88d72b114cca8f67e70416c3ea4326f99e5d53e1ea677
520.0,1,,24.0,0.9996724887707179,level1,1.0126561936558993,data/raw/wave1_selection.json,b1272041db1364831db88d72b114cca8f67e70416c3ea4326f99e5d53e1ea677
591.0,1,,23.0,0.9996980649215147,level1,0.8782206258492277,data/raw/wave1_selection.json,b1272041db1364831db88d72b114cca8f67e70416c3ea4326f99e5d53e1ea677
597.0,1,,2.0,0.9998009855688924,level1,1.0342822218162664,data/raw/wave1_selection.json,b1272041db1364831db88d72b114cca8f67e70416c3ea4326f99e5d53e1ea677
379.0,1,,2.0,0.9996692228436672,level1,0.10798894481784971,data/raw/wave1_selection.json,b1272041db1364831db88d72b114cca8f67e70416c3ea4326f99e5d53e1ea677
674.0,1,,2.0,0.999159465999614,level1,0.03994239704788709,data/raw/wave1_selection.json,b1272041db1364831db88d72b114cca8f67e70416c3ea4326f99e5d53e1ea677
475.0,1,,11.0,0.9996187006664431,level1,1.2058763311454088,data/raw/wave1_selection.json,b1272041db1364831db88d72b114cca8f67e70416c3ea4326f99e5d53e1ea677
124.0,1,,2.0,0.9990420923159444,level1,4.317202151667843,data/raw/wave1_selection.json,b1272041db1364831db88d72b114cca8f67e70416c3ea4326f99e5d53e1ea677
492.0,1,,2.0,0.9994270048522145,level1,1.8662550556865272,data/raw/wave1_selection.json,b1272041db1364831db88d72b114cca8f67e70416c3ea4326f99e5d53e1ea677
273.0,1,,2.0,0.9999178690882532,level1,0.10434371265925718,data/raw/wave1_selection.json,b1272041db1364831db88d72b114cca8f67e70416c3ea4326f99e5d53e1ea677
649.0,1,,2.0,0.9993128689791365,level1,0.057430490345689277,data/raw/wave1_selection.json,b1272041db1364831db88d72b114cca8f67e70416c3ea4326f99e5d53e1ea677
874.0,1,,2.0,0.9994145244280157,level1,0.055276526626337835,data/raw/wave1_selection.json,b1272041db1364831db88d72b114cca8f67e70416c3ea4326f99e5d53e1ea677
268.0,1,,1.0,0.999670133376828,level1,0.14797929731528894,data/raw/wave1_selection.json,b1272041db1364831db88d72b114cca8f67e70416c3ea4326f99e5d53e1ea677
578.0,1,,1.0,0.999541186257546,level1,1.1414818326124283,data/raw/wave1_selection.json,b1272041db1364831db88d72b114cca8f67e70416c3ea4326f99e5d53e1ea677
45.0,1,,20.0,0.9996875244187684,level1,0.09695259542313125,data/raw/wave1_selection.json,b1272041db1364831db88d72b114cca8f67e70416c3ea4326f99e5d53e1ea677
211.0,1,,1.0,0.9989702483213186,level1,1.3586239079476126,data/raw/wave1_selection.json,b1272041db1364831db88d72b114cca8f67e70416c3ea4326f99e5d53e1ea677
596.0,1,,20.0,0.9994889593890652,level1,0.0738320489857403,data/raw/wave1_selection.json,b1272041db1364831db88d72b114cca8f67e70416c3ea4326f99e5d53e1ea677
752.0,1,,2.0,0.9996367176820081,level1,0.3845418722052372,data/raw/wave1_selection.json,b1272041db1364831db88d72b114cca8f67e70416c3ea4326f99e5d53e1ea677
1057.0,1,,1.0,0.997590381131602,level1,3.220636641930567,data/raw/wave1_selection.json,b1272041db1364831db88d72b114cca8f67e70416c3ea4326f99e5d53e1ea677
1107.0,1,,1.0,0.0010890032213963972,none,45.08874429981042,data/raw/wave1_selection.json,b1272041db1364831db88d72b114cca8f67e70416c3ea4326f99e5d53e1ea677
825.0,1,,3.0,0.999241667909367,level1,0.18011202676539742,data/raw/wave1_selection.json,b1272041db1364831db88d72b114cca8f67e70416c3ea4326f99e5d53e1ea677
204.0,1,,2.0,0.9998188415553814,level1,1.0551446733569922,data/raw/wave1_selection.json,b1272041db1364831db88d72b114cca8f67e70416c3ea4326f99e5d53e1ea677
516.0,1,,2.0,0.9995087551213443,level1,1.3357863660957816,data/raw/wave1_selection.json,b1272041db1364831db88d72b114cca8f67e70416c3ea4326f99e5d53e1ea677
498.0,1,,1.0,0.9992103580807037,level1,2.1064846199171248,data/raw/wave1_selection.json,b1272041db1364831db88d72b114cca8f67e70416c3ea4326f99e5d53e1ea677
1054.0,1,,19.0,0.9994580861534456,level1,0.8293614903993776,data/raw/wave1_selection.json,b1272041db1364831db88d72b114cca8f67e70416c3ea4326f99e5d53e1ea677
899.0,1,,1.0,0.9990946760581099,level1,0.5260991780708099,data/raw/wave1_selection.json,b1272041db1364831db88d72b114cca8f67e70416c3ea4326f99e5d53e1ea677
451.0,1,,2.0,0.9996143334499186,level1,0.10811679910209383,data/raw/wave1_selection.json,b1272041db1364831db88d72b114cca8f67e70416c3ea4326f99e5d53e1ea677
882.0,1,,1.0,0.9982785445949688,level1,0.5863695568598766,data/raw/wave1_selection.json,b1272041db1364831db88d72b114cca8f67e70416c3ea4326f99e5d53e1ea677
67.0,1,,2.0,0.9996719625539006,level1,0.39164609570319964,data/raw/wave1_selection.json,b1272041db1364831db88d72b114cca8f67e70416c3ea4326f99e5d53e1ea677
277.0,1,,22.0,0.9995421200134456,level1,0.08022305308810018,data/raw/wave1_selection.json,b1272041db1364831db88d72b114cca8f67e70416c3ea4326f99e5d53e1ea677
840.0,1,,1.0,0.9998067715676228,level1,2.6188454884885406,data/raw/wave1_selection.json,b1272041db1364831db88d72b114cca8f67e70416c3ea4326f99e5d53e1ea677
821.0,1,,1.0,0.9983266314797072,level1,0.04857370997241465,data/raw/wave1_selection.json,b1272041db1364831db88d72b114cca8f67e70416c3ea4326f99e5d53e1ea677
1092.0,1,,18.0,0.9996353860682432,level1,2.8477986574552587,data/raw/wave1_selection.json,b1272041db1364831db88d72b114cca8f67e70416c3ea4326f99e5d53e1ea677
466.0,1,,1.0,0.9992873123886922,level1,0.11703734578184884,data/raw/wave1_selection.json,b1272041db1364831db88d72b114cca8f67e70416c3ea4326f99e5d53e1ea677
767.0,1,,2.0,0.999633743312081,level1,1.2557024347627612,data/raw/wave1_selection.json,b1272041db1364831db88d72b114cca8f67e70416c3ea4326f99e5d53e1ea677
812.0,1,,2.0,0.9995292389460202,level1,0.6881219213297672,data/raw/wave1_selection.json,b1272041db1364831db88d72b114cca8f67e70416c3ea4326f99e5d53e1ea677
1012.0,1,,22.0,0.9991099203201792,level1,1.044424382943416,data/raw/wave1_selection.json,b1272041db1364831db88d72b114cca8f67e70416c3ea4326f99e5d53e1ea677
256.0,1,,22.0,0.9996673493449044,level1,0.5543475739216845,data/raw/wave1_selection.json,b1272041db1364831db88d72b114cca8f67e70416c3ea4326f99e5d53e1ea677
521.0,1,,1.0,0.9995989216801957,level1,0.35647651064625885,data/raw/wave1_selection.json,b1272041db1364831db88d72b114cca8f67e70416c3ea4326f99e5d53e1ea677
172.0,1,,1.0,0.9990603836373747,level1,0.06813633456825968,data/raw/wave1_selection.json,b1272041db1364831db88d72b114cca8f67e70416c3ea4326f99e5d53e1ea677
873.0,1,,2.0,0.9995601176716103,level1,1.3518562600824857,data/raw/wave1_selection.json,b1272041db1364831db88d72b114cca8f67e70416c3ea4326f99e5d53e1ea677
1115.0,1,,2.0,0.9984536698685424,level1,0.10171145343696934,data/raw/wave1_selection.json,b1272041db1364831db88d72b114cca8f67e70416c3ea4326f99e5d53e1ea677
560.0,1,,2.0,0.9989662114997887,level1,0.10898206227201357,data/raw/wave1_selection.json,b1272041db1364831db88d72b114cca8f67e70416c3ea4326f99e5d53e1ea677
103.0,1,,1.0,0.9991733078439188,level1,0.012351547875167117,data/raw/wave1_selection.json,b1272041db1364831db88d72b114cca8f67e70416c3ea4326f99e5d53e1ea677
833.0,1,,2.0,0.9998803556129074,level1,0.212232831974958,data/raw/wave1_selection.json,b1272041db1364831db88d72b114cca8f67e70416c3ea4326f99e5d53e1ea677
135.0,1,,1.0,0.9995995110894732,level1,0.03862972653767692,data/raw/wave1_selection.json,b1272041db1364831db88d72b114cca8f67e70416c3ea4326f99e5d53e1ea677
130.0,1,,1.0,0.9989083041679955,level1,0.8667609051574657,data/raw/wave1_selection.json,b1272041db1364831db88d72b114cca8f67e70416c3ea4326f99e5d53e1ea677
447.0,1,,1.0,0.998760662509705,level1,0.31640542361787505,data/raw/wave1_selection.json,b1272041db1364831db88d72b114cca8f67e70416c3ea4326f99e5d53e1ea677
896.0,1,,17.0,0.9995806751524661,level1,1.0122871330923233,data/raw/wave1_selection.json,b1272041db1364831db88d72b114cca8f67e70416c3ea4326f99e5d53e1ea677
81.0,1,,2.0,0.9993069213841163,level1,0.003622160464225471,data/raw/wave1_selection.json,b1272041db1364831db88d72b114cca8f67e70416c3ea4326f99e5d53e1ea677
327.0,1,,1.0,0.9998301584057939,level1,1.8670328777073022,data/raw/wave1_selection.json,b1272041db1364831db88d72b114cca8f67e70416c3ea4326f99e5d53e1ea677
147.0,1,,1.0,0.9992492155829037,level1,1.4562799329428846,data/raw/wave1_selection.json,b1272041db1364831db88d72b114cca8f67e70416c3ea4326f99e5d53e1ea677
804.0,1,,24.0,0.9998757706488804,level1,0.319962662552545,data/raw/wave1_selection.json,b1272041db1364831db88d72b114cca8f67e70416c3ea4326f99e5d53e1ea677
875.0,1,,18.0,0.9994148094795653,level1,0.24884161727372797,data/raw/wave1_selection.json,b1272041db1364831db88d72b114cca8f67e70416c3ea4326f99e5d53e1ea677
912.0,1,,1.0,0.9998448913467143,level1,0.30090353007750076,data/raw/wave1_selection.json,b1272041db1364831db88d72b114cca8f67e70416c3ea4326f99e5d53e1ea677
644.0,1,,2.0,0.9989152035055259,level1,0.0212266437911873,data/raw/wave1_selection.json,b1272041db1364831db88d72b114cca8f67e70416c3ea4326f99e5d53e1ea677
116.0,1,,2.0,0.9987299305443734,level1,0.1001462498831395,data/raw/wave1_selection.json,b1272041db1364831db88d72b114cca8f67e70416c3ea4326f99e5d53e1ea677
58.0,1,,1.0,0.9991642589753781,level1,3.0627181050791052,data/raw/wave1_selection.json,b1272041db1364831db88d72b114cca8f67e70416c3ea4326f99e5d53e1ea677
722.0,1,,2.0,0.9994868713921333,level1,0.2749860206067916,data/raw/wave1_selection.json,b1272041db1364831db88d72b114cca8f67e70416c3ea4326f99e5d53e1ea677
1077.0,1,,1.0,0.998981085797741,level1,1.386422490665203,data/raw/wave1_selection.json,b1272041db1364831db88d72b114cca8f67e70416c3ea4326f99e5d53e1ea677
282.0,1,,2.0,0.9994108264366924,level1,0.09428228736511424,data/raw/wave1_selection.json,b1272041db1364831db88d72b114cca8f67e70416c3ea4326f99e5d53e1ea677
1033.0,1,,2.0,0.9996936772872549,level1,0.12443184109954157,data/raw/wave1_selection.json,b1272041db1364831db88d72b114cca8f67e70416c3ea4326f99e5d53e1ea677
717.0,1,,2.0,0.9995142781850729,level1,0.9103624674519674,data/raw/wave1_selection.json,b1272041db1364831db88d72b114cca8f67e70416c3ea4326f99e5d53e1ea677
1161.0,1,,2.0,0.9995806560735945,level1,0.8366122722303875,data/raw/wave1_selection.json,b1272041db1364831db88d72b114cca8f67e70416c3ea4326f99e5d53e1ea677
154.0,1,,16.0,0.9988409710748223,level1,0.9517436328130888,data/raw/wave1_selection.json,b1272041db1364831db88d72b114cca8f67e70416c3ea4326f99e5d53e1ea677
592.0,1,,2.0,0.9992863986111945,level1,0.03571052915150113,data/raw/wave1_selection.json,b1272041db1364831db88d72b114cca8f67e70416c3ea4326f99e5d53e1ea677
1074.0,1,,2.0,0.9991684488183384,level1,0.12654026042559308,data/raw/wave1_selection.json,b1272041db1364831db88d72b114cca8f67e70416c3ea4326f99e5d53e1ea677
348.0,1,,2.0,0.9996099127974236,level1,0.07614301134464464,data/raw/wave1_selection.json,b1272041db1364831db88d72b114cca8f67e70416c3ea4326f99e5d53e1ea677
999.0,1,,2.0,0.9989568629478824,level1,1.0106549920677474,data/raw/wave1_selection.json,b1272041db1364831db88d72b114cca8f67e70416c3ea4326f99e5d53e1ea677
561.0,1,,1.0,0.9979050924095524,level1,2.2297980722236503,data/raw/wave1_selection.json,b1272041db1364831db88d72b114cca8f67e70416c3ea4326f99e5d53e1ea677
506.0,1,,2.0,0.9998268630183184,level1,0.5911311017653985,data/raw/wave1_selection.json,b1272041db1364831db88d72b114cca8f67e70416c3ea4326f99e5d53e1ea677
993.0,1,,2.0,0.9996667613697772,level1,1.1321390491670211,data/raw/wave1_selection.json,b1272041db1364831db88d72b114cca8f67e70416c3ea4326f99e5d53e1ea677
162.0,1,,1.0,0.9998504277745597,level1,0.33353809672602663,data/raw/wave1_selection.json,b1272041db1364831db88d72b114cca8f67e70416c3ea4326f99e5d53e1ea677
519.0,1,,2.0,0.9993942766509218,level1,0.06600241302994501,data/raw/wave1_selection.json,b1272041db1364831db88d72b114cca8f67e70416c3ea4326f99e5d53e1ea677
71.0,0,missing_match;unknown_particle,1.0,0.0013026526793964068,none,,data/raw/wave1_selection.json,b1272041db1364831db88d72b114cca8f67e70416c3ea4326f99e5d53e1ea677
158.0,1,,2.0,0.9994452506461516,level1,0.07476171701835853,data/raw/wave1_selection.json,b1272041db1364831db88d72b114cca8f67e70416c3ea4326f99e5d53e1ea677
316.0,1,,1.0,0.9988551853137742,level1,0.4563647262890268,data/raw/wave1_selection.json,b1272041db1364831db88d72b114cca8f67e70416c3ea4326f99e5d53e1ea677
571.0,1,,2.0,0.9993362248168672,level1,1.6834427181627791,data/raw/wave1_selection.json,b1272041db1364831db88d72b114cca8f67e70416c3ea4326f99e5d53e1ea677
867.0,1,,20.0,0.9996799468293066,level1,0.5613187433414275,data/raw/wave1_selection.json,b1272041db1364831db88d72b114cca8f67e70416c3ea4326f99e5d53e1ea677
377.0,1,,1.0,0.9996906755222419,level1,0.969727758900745,data/raw/wave1_selection.json,b1272041db1364831db88d72b114cca8f67e70416c3ea4326f99e5d53e1ea677
792.0,1,,1.0,0.9997640673682249,level1,0.3527050877834485,data/raw/wave1_selection.json,b1272041db1364831db88d72b114cca8f67e70416c3ea4326f99e5d53e1ea677
552.0,1,,1.0,0.9996651189035048,level1,0.0836622898438474,data/raw/wave1_selection.json,b1272041db1364831db88d72b114cca8f67e70416c3ea4326f99e5d53e1ea677
321.0,1,,2.0,0.9997023917867623,level1,0.16107686575029548,data/raw/wave1_selection.json,b1272041db1364831db88d72b114cca8f67e70416c3ea4326f99e5d53e1ea677
945.0,1,,20.0,0.9997692211469091,level1,0.1151027107590323,data/raw/wave1_selection.json,b1272041db1364831db88d72b114cca8f67e70416c3ea4326f99e5d53e1ea677
796.0,1,,1.0,0.9993770314214993,level1,3.4715780864653905,data/raw/wave1_selection.json,b1272041db1364831db88d72b114cca8f67e70416c3ea4326f99e5d53e1ea677
856.0,1,,21.0,0.9998289349915785,level1,0.6606654640572432,data/raw/wave1_selection.json,b1272041db1364831db88d72b114cca8f67e70416c3ea4326f99e5d53e1ea677
248.0,0,missing_match;unknown_particle,,,,,data/raw/wave1_selection.json,b1272041db1364831db88d72b114cca8f67e70416c3ea4326f99e5d53e1ea677
405.0,1,,3.0,0.998963751363608,level1,1.9303526415347945,data/raw/wave1_selection.json,b1272041db1364831db88d72b114cca8f67e70416c3ea4326f99e5d53e1ea677
965.0,1,,2.0,0.9988845417738209,level1,0.07995284380189817,data/raw/wave1_selection.json,b1272041db1364831db88d72b114cca8f67e70416c3ea4326f99e5d53e1ea677
131.0,1,,1.0,0.9994971093805028,level1,0.07137338541406847,data/raw/wave1_selection.json,b1272041db1364831db88d72b114cca8f67e70416c3ea4326f99e5d53e1ea677
192.0,1,,1.0,0.999759361658655,level1,0.787777142540542,data/raw/wave1_selection.json,b1272041db1364831db88d72b114cca8f67e70416c3ea4326f99e5d53e1ea677
476.0,1,,2.0,0.9984846321152806,level1,1.0440173867055784,data/raw/wave1_selection.json,b1272041db1364831db88d72b114cca8f67e70416c3ea4326f99e5d53e1ea677
1024.0,1,,2.0,0.9998667878749763,level1,0.08591873967869976,data/raw/wave1_selection.json,b1272041db1364831db88d72b114cca8f67e70416c3ea4326f99e5d53e1ea677
456.0,1,,21.0,0.9996234518087102,level1,0.5620593448366448,data/raw/wave1_selection.json,b1272041db1364831db88d72b114cca8f67e70416c3ea4326f99e5d53e1ea677
1120.0,1,,2.0,0.998662580814135,level1,0.013565134490205756,data/raw/wave1_selection.json,b1272041db1364831db88d72b114cca8f67e70416c3ea4326f99e5d53e1ea677
808.0,1,,1.0,0.9993374106639146,level1,1.64849047190777,data/raw/wave1_selection.json,b1272041db1364831db88d72b114cca8f67e70416c3ea4326f99e5d53e1ea677
1145.0,1,,2.0,0.9996045325925526,level1,0.5827003313278419,data/raw/wave1_selection.json,b1272041db1364831db88d72b114cca8f67e70416c3ea4326f99e5d53e1ea677
177.0,1,,2.0,0.9990623774157781,level1,1.4356935844366137,data/raw/wave1_selection.json,b1272041db1364831db88d72b114cca8f67e70416c3ea4326f99e5d53e1ea677
764.0,1,,2.0,0.998220205630557,level1,0.02039512378450601,data/raw/wave1_selection.json,b1272041db1364831db88d72b114cca8f67e70416c3ea4326f99e5d53e1ea677
1045.0,1,,20.0,0.9994134267549695,level1,0.012151056282141073,data/raw/wave1_selection.json,b1272041db1364831db88d72b114cca8f67e70416c3ea4326f99e5d53e1ea677
958.0,1,,2.0,0.9994895724247548,level1,0.41904383129444867,data/raw/wave1_selection.json,b1272041db1364831db88d72b114cca8f67e70416c3ea4326f99e5d53e1ea677
216.0,1,,1.0,0.9997576362002298,level1,0.3763123327160329,data/raw/wave1_selection.json,b1272041db1364831db88d72b114cca8f67e70416c3ea4326f99e5d53e1ea677
85.0,1,,2.0,0.9999206161202824,level1,3.8718048373333276,data/raw/wave1_selection.json,b1272041db1364831db88d72b114cca8f67e70416c3ea4326f99e5d53e1ea677
500.0,1,,1.0,0.9998478279183395,level1,2.184857533373152,data/raw/wave1_selection.json,b1272041db1364831db88d72b114cca8f67e70416c3ea4326f99e5d53e1ea677
634.0,1,,1.0,0.9990900678825422,level1,0.9921125056803755,data/raw/wave1_selection.json,b1272041db1364831db88d72b114cca8f67e70416c3ea4326f99e5d53e1ea677
38.0,1,,1.0,0.9989808948700908,level1,2.7995816169105794,data/raw/wave1_selection.json,b1272041db1364831db88d72b114cca8f67e70416c3ea4326f99e5d53e1ea677
946.0,1,,2.0,0.9992287495074066,level1,0.09063114081358561,data/raw/wave1_selection.json,b1272041db1364831db88d72b114cca8f67e70416c3ea4326f99e5d53e1ea677
903.0,1,,2.0,0.9990635795083298,level1,0.5132002311428936,data/raw/wave1_selection.json,b1272041db1364831db88d72b114cca8f67e70416c3ea4326f99e5d53e1ea677
270.0,1,,1.0,0.9993765927767057,level1,1.4458206156830637,data/raw/wave1_selection.json,b1272041db1364831db88d72b114cca8f67e70416c3ea4326f99e5d53e1ea677
730.0,1,,2.0,0.9981445198823571,level1,0.013903754807926022,data/raw/wave1_selection.json,b1272041db1364831db88d72b114cca8f67e70416c3ea4326f99e5d53e1ea677
324.0,1,,2.0,0.9993213299660217,level1,0.8412400209693778,data/raw/wave1_selection.json,b1272041db1364831db88d72b114cca8f67e70416c3ea4326f99e5d53e1ea677
852.0,1,,1.0,0.9971346447765209,level1,0.5589114905375756,data/raw/wave1_selection.json,b1272041db1364831db88d72b114cca8f67e70416c3ea4326f99e5d53e1ea677
661.0,1,,18.0,0.9994614617118354,level1,1.0392639274723245,data/raw/wave1_selection.json,b1272041db1364831db88d72b114cca8f67e70416c3ea4326f99e5d53e1ea677
773.0,1,,2.0,0.9995487311079309,level1,0.8856177813032,data/raw/wave1_selection.json,b1272041db1364831db88d72b114cca8f67e70416c3ea4326f99e5d53e1ea677
357.0,1,,21.0,0.9997740029784933,level1,0.12384706994153717,data/raw/wave1_selection.json,b1272041db1364831db88d72b114cca8f67e70416c3ea4326f99e5d53e1ea677
914.0,1,,2.0,0.9987571094145826,level1,3.184701728685628,data/raw/wave1_selection.json,b1272041db1364831db88d72b114cca8f67e70416c3ea4326f99e5d53e1ea677
1002.0,0,missing_match;unknown_particle,1.0,0.0005698295700430652,none,,data/raw/wave1_selection.json,b1272041db1364831db88d72b114cca8f67e70416c3ea4326f99e5d53e1ea677
842.0,1,,1.0,0.9994365203553891,level1,0.6696107301991036,data/raw/wave1_selection.json,b1272041db1364831db88d72b114cca8f67e70416c3ea4326f99e5d53e1ea677
1086.0,1,,1.0,0.9992017499610771,level1,0.8289071396067459,data/raw/wave1_selection.json,b1272041db1364831db88d72b114cca8f67e70416c3ea4326f99e5d53e1ea677
692.0,1,,20.0,0.9986856739388312,level1,0.14138588002425456,data/raw/wave1_selection.json,b1272041db1364831db88d72b114cca8f67e70416c3ea4326f99e5d53e1ea677
229.0,1,,2.0,0.9992674791692873,level1,2.473030660203635,data/raw/wave1_selection.json,b1272041db1364831db88d72b114cca8f67e70416c3ea4326f99e5d53e1ea677
699.0,1,,21.0,0.9996918598369494,level1,1.103970174638855,data/raw/wave1_selection.json,b1272041db1364831db88d72b114cca8f67e70416c3ea4326f99e5d53e1ea677
308.0,1,,3.0,0.9987079809865059,level1,4.594991731534051,data/raw/wave1_selection.json,b1272041db1364831db88d72b114cca8f67e70416c3ea4326f99e5d53e1ea677
31.0,1,,23.0,0.9996717146138078,level1,0.11087168009364197,data/raw/wave1_selection.json,b1272041db1364831db88d72b114cca8f67e70416c3ea4326f99e5d53e1ea677
364.0,1,,1.0,0.9987735603864538,level1,4.9017179015397385,data/raw/wave1_selection.json,b1272041db1364831db88d72b114cca8f67e70416c3ea4326f99e5d53e1ea677
49.0,0,missing_match;unknown_particle,,,,,data/raw/wave1_selection.json,b1272041db1364831db88d72b114cca8f67e70416c3ea4326f99e5d53e1ea677
832.0,1,,1.0,0.9979135619213148,level1,2.9944740505187264,data/raw/wave1_selection.json,b1272041db1364831db88d72b114cca8f67e70416c3ea4326f99e5d53e1ea677
415.0,1,,1.0,0.9996768612006508,level1,0.5064613333137563,data/raw/wave1_selection.json,b1272041db1364831db88d72b114cca8f67e70416c3ea4326f99e5d53e1ea677
753.0,1,,2.0,0.9993004794772532,level1,0.262901778479559,data/raw/wave1_selection.json,b1272041db1364831db88d72b114cca8f67e70416c3ea4326f99e5d53e1ea677
393.0,1,,2.0,0.9993546548634622,level1,0.32350058798172415,data/raw/wave1_selection.json,b1272041db1364831db88d72b114cca8f67e70416c3ea4326f99e5d53e1ea677
893.0,1,,2.0,0.9998275488271717,level1,4.477548192134146,data/raw/wave1_selection.json,b1272041db1364831db88d72b114cca8f67e70416c3ea4326f99e5d53e1ea677
967.0,1,,2.0,0.9993262426688969,level1,0.13172756395395274,data/raw/wave1_selection.json,b1272041db1364831db88d72b114cca8f67e70416c3ea4326f99e5d53e1ea677
222.0,1,,23.0,0.9996870860715978,level1,0.18256670547693737,data/raw/wave1_selection.json,b1272041db1364831db88d72b114cca8f67e70416c3ea4326f99e5d53e1ea677
709.0,1,,2.0,0.9997576104664929,level1,0.19459581583588648,data/raw/wave1_selection.json,b1272041db1364831db88d72b114cca8f67e70416c3ea4326f99e5d53e1ea677
1052.0,1,,2.0,0.9997343361163554,level1,0.3010585947967527,data/raw/wave1_selection.json,b1272041db1364831db88d72b114cca8f67e70416c3ea4326f99e5d53e1ea677
531.0,1,,2.0,0.9980389495659578,level1,0.3120964454551839,data/raw/wave1_selection.json,b1272041db1364831db88d72b114cca8f67e70416c3ea4326f99e5d53e1ea677
906.0,1,,2.0,0.9995189903667946,level1,0.20323641731869532,data/raw/wave1_selection.json,b1272041db1364831db88d72b114cca8f67e70416c3ea4326f99e5d53e1ea677
698.0,1,,19.0,0.9996548141731341,level1,0.5193617462502222,data/raw/wave1_selection.json,b1272041db1364831db88d72b114cca8f67e70416c3ea4326f99e5d53e1ea677
795.0,1,,2.0,0.9975748492282167,level1,0.5489310302884955,data/raw/wave1_selection.json,b1272041db1364831db88d72b114cca8f67e70416c3ea4326f99e5d53e1ea677
666.0,1,,1.0,0.9996821555090384,level1,0.6419067448050766,data/raw/wave1_selection.json,b1272041db1364831db88d72b114cca8f67e70416c3ea4326f99e5d53e1ea677
422.0,1,,2.0,0.9994215313740356,level1,0.058790159788302966,data/raw/wave1_selection.json,b1272041db1364831db88d72b114cca8f67e70416c3ea4326f99e5d53e1ea677
541.0,1,,2.0,0.9989473820376299,level1,0.03084517920004401,data/raw/wave1_selection.json,b1272041db1364831db88d72b114cca8f67e70416c3ea4326f99e5d53e1ea677
633.0,1,,2.0,0.9993575285090084,level1,1.2262887142539145,data/raw/wave1_selection.json,b1272041db1364831db88d72b114cca8f67e70416c3ea4326f99e5d53e1ea677
846.0,1,,2.0,0.9980866731515635,level1,0.041085590036386024,data/raw/wave1_selection.json,b1272041db1364831db88d72b114cca8f67e70416c3ea4326f99e5d53e1ea677
994.0,1,,1.0,0.998410994198594,level1,0.0037845334604230787,data/raw/wave1_selection.json,b1272041db1364831db88d72b114cca8f67e70416c3ea4326f99e5d53e1ea677
618.0,1,,2.0,0.9984757125167762,level1,0.02063837738062188,data/raw/wave1_selection.json,b1272041db1364831db88d72b114cca8f67e70416c3ea4326f99e5d53e1ea677
909.0,1,,2.0,0.9982267676490135,level1,1.7540069884533278,data/raw/wave1_selection.json,b1272041db1364831db88d72b114cca8f67e70416c3ea4326f99e5d53e1ea677
1008.0,1,,1.0,0.99936341018229,level1,0.43368520427597596,data/raw/wave1_selection.json,b1272041db1364831db88d72b114cca8f67e70416c3ea4326f99e5d53e1ea677
595.0,1,,2.0,0.999723978060619,level1,0.5761683735523758,data/raw/wave1_selection.json,b1272041db1364831db88d72b114cca8f67e70416c3ea4326f99e5d53e1ea677
517.0,1,,1.0,0.9979811963988711,level1,2.977759318255955,data/raw/wave1_selection.json,b1272041db1364831db88d72b114cca8f67e70416c3ea4326f99e5d53e1ea677
487.0,1,,1.0,0.9987885787830603,level1,1.2293016859576589,data/raw/wave1_selection.json,b1272041db1364831db88d72b114cca8f67e70416c3ea4326f99e5d53e1ea677
352.0,1,,2.0,0.9986846573115545,level1,0.40165472345172704,data/raw/wave1_selection.json,b1272041db1364831db88d72b114cca8f67e70416c3ea4326f99e5d53e1ea677
318.0,1,,2.0,0.9994668181403394,level1,0.11483046941083452,data/raw/wave1_selection.json,b1272041db1364831db88d72b114cca8f67e70416c3ea4326f99e5d53e1ea677
416.0,1,,15.0,0.9994722902788243,level1,1.0658257684523413,data/raw/wave1_selection.json,b1272041db1364831db88d72b114cca8f67e70416c3ea4326f99e5d53e1ea677
905.0,1,,2.0,0.9993650384473106,level1,0.2428376345670653,data/raw/wave1_selection.json,b1272041db1364831db88d72b114cca8f67e70416c3ea4326f99e5d53e1ea677
828.0,1,,2.0,0.999019622293733,level1,0.9488944652897411,data/raw/wave1_selection.json,b1272041db1364831db88d72b114cca8f67e70416c3ea4326f99e5d53e1ea677
181.0,1,,20.0,0.9987869287944644,level1,1.2286746741251713,data/raw/wave1_selection.json,b1272041db1364831db88d72b114cca8f67e70416c3ea4326f99e5d53e1ea677
398.0,1,,2.0,0.999666526370336,level1,0.3822298933016954,data/raw/wave1_selection.json,b1272041db1364831db88d72b114cca8f67e70416c3ea4326f99e5d53e1ea677
223.0,1,,18.0,0.999771016299056,level1,3.531036673352468,data/raw/wave1_selection.json,b1272041db1364831db88d72b114cca8f67e70416c3ea4326f99e5d53e1ea677
35.0,1,,16.0,0.9998339257177215,level1,0.9099954646637474,data/raw/wave1_selection.json,b1272041db1364831db88d72b114cca8f67e70416c3ea4326f99e5d53e1ea677
200.0,1,,2.0,0.9992699342841964,level1,0.9512962936427315,data/raw/wave1_selection.json,b1272041db1364831db88d72b114cca8f67e70416c3ea4326f99e5d53e1ea677
817.0,1,,1.0,0.999784939191312,level1,0.8028559475864033,data/raw/wave1_selection.json,b1272041db1364831db88d72b114cca8f67e70416c3ea4326f99e5d53e1ea677
1044.0,1,,19.0,0.9995034772550163,level1,0.10223802623572263,data/raw/wave1_selection.json,b1272041db1364831db88d72b114cca8f67e70416c3ea4326f99e5d53e1ea677
390.0,1,,2.0,0.9993474972946166,level1,2.0680286604698215,data/raw/wave1_selection.json,b1272041db1364831db88d72b114cca8f67e70416c3ea4326f99e5d53e1ea677
380.0,1,,2.0,0.9994962989855587,level1,0.01674310877820085,data/raw/wave1_selection.json,b1272041db1364831db88d72b114cca8f67e70416c3ea4326f99e5d53e1ea677
281.0,1,,18.0,0.9997895328066235,level1,3.468849601173921,data/raw/wave1_selection.json,b1272041db1364831db88d72b114cca8f67e70416c3ea4326f99e5d53e1ea677
480.0,1,,2.0,0.9998110758497079,level1,2.543659691432507,data/raw/wave1_selection.json,b1272041db1364831db88d72b114cca8f67e70416c3ea4326f99e5d53e1ea677
89.0,1,,1.0,0.9995931524100926,level1,0.9918232888381073,data/raw/wave1_selection.json,b1272041db1364831db88d72b114cca8f67e70416c3ea4326f99e5d53e1ea677
980.0,1,,2.0,0.9996809326097005,level1,1.5722948123348697,data/raw/wave1_selection.json,b1272041db1364831db88d72b114cca8f67e70416c3ea4326f99e5d53e1ea677
414.0,1,,11.0,0.9989675621900552,level1,0.19051271630204092,data/raw/wave1_selection.json,b1272041db1364831db88d72b114cca8f67e70416c3ea4326f99e5d53e1ea677
1071.0,1,,22.0,0.9998061383294122,level1,0.6790218190694429,data/raw/wave1_selection.json,b1272041db1364831db88d72b114cca8f67e70416c3ea4326f99e5d53e1ea677
1146.0,1,,1.0,0.9994335018245426,level1,0.16485916971460227,data/raw/wave1_selection.json,b1272041db1364831db88d72b114cca8f67e70416c3ea4326f99e5d53e1ea677
395.0,1,,2.0,0.9987050219606667,level1,0.42496532150947586,data/raw/wave1_selection.json,b1272041db1364831db88d72b114cca8f67e70416c3ea4326f99e5d53e1ea677
474.0,1,,2.0,0.9998851126513342,level1,1.6304052585860371,data/raw/wave1_selection.json,b1272041db1364831db88d72b114cca8f67e70416c3ea4326f99e5d53e1ea677
529.0,1,,2.0,0.9999323901553774,level1,0.42457563060156855,data/raw/wave1_selection.json,b1272041db1364831db88d72b114cca8f67e70416c3ea4326f99e5d53e1ea677
889.0,1,,2.0,0.9984912650119852,level1,0.7242526929022322,data/raw/wave1_selection.json,b1272041db1364831db88d72b114cca8f67e70416c3ea4326f99e5d53e1ea677
782.0,1,,2.0,0.9985275005441359,level1,1.3560385376140025,data/raw/wave1_selection.json,b1272041db1364831db88d72b114cca8f67e70416c3ea4326f99e5d53e1ea677
801.0,1,,2.0,0.9998646143305233,level1,2.6287977419381767,data/raw/wave1_selection.json,b1272041db1364831db88d72b114cca8f67e70416c3ea4326f99e5d53e1ea677
920.0,1,,2.0,0.998902169481484,level1,0.11123774201261204,data/raw/wave1_selection.json,b1272041db1364831db88d72b114cca8f67e70416c3ea4326f99e5d53e1ea677
1049.0,1,,2.0,0.9995218512237383,level1,0.09530953054176741,data/raw/wave1_selection.json,b1272041db1364831db88d72b114cca8f67e70416c3ea4326f99e5d53e1ea677
386.0,1,,1.0,0.9996235998437275,level1,1.1783204558436353,data/raw/wave1_selection.json,b1272041db1364831db88d72b114cca8f67e70416c3ea4326f99e5d53e1ea677
169.0,1,,1.0,0.9996545107792505,level1,0.041763836259086654,data/raw/wave1_selection.json,b1272041db1364831db88d72b114cca8f67e70416c3ea4326f99e5d53e1ea677
1142.0,1,,21.0,0.9997804449979252,level1,0.02064768492794619,data/raw/wave1_selection.json,b1272041db1364831db88d72b114cca8f67e70416c3ea4326f99e5d53e1ea677
472.0,1,,3.0,0.9989210767756881,level1,2.749575383148104,data/raw/wave1_selection.json,b1272041db1364831db88d72b114cca8f67e70416c3ea4326f99e5d53e1ea677
879.0,1,,2.0,0.999752688390087,level1,0.2783482409243528,data/raw/wave1_selection.json,b1272041db1364831db88d72b114cca8f67e70416c3ea4326f99e5d53e1ea677
1068.0,1,,3.0,0.9996775986420446,level1,0.8015354207796797,data/raw/wave1_selection.json,b1272041db1364831db88d72b114cca8f67e70416c3ea4326f99e5d53e1ea677
353.0,1,,1.0,0.9998597087965195,level1,2.81458793014313,data/raw/wave1_selection.json,b1272041db1364831db88d72b114cca8f67e70416c3ea4326f99e5d53e1ea677
478.0,1,,19.0,0.9998143127046261,level1,0.03729936321992145,data/raw/wave1_selection.json,b1272041db1364831db88d72b114cca8f67e70416c3ea4326f99e5d53e1ea677
586.0,1,,20.0,0.9994154628082613,level1,0.22120105983463767,data/raw/wave1_selection.json,b1272041db1364831db88d72b114cca8f67e70416c3ea4326f99e5d53e1ea677
358.0,1,,1.0,0.9980588179013592,level1,0.7898140189165896,data/raw/wave1_selection.json,b1272041db1364831db88d72b114cca8f67e70416c3ea4326f99e5d53e1ea677
715.0,1,,16.0,0.9999297723691108,level1,0.059526151982355294,data/raw/wave1_selection.json,b1272041db1364831db88d72b114cca8f67e70416c3ea4326f99e5d53e1ea677
376.0,1,,1.0,0.9997598829991209,level1,1.2922256453465901,data/raw/wave1_selection.json,b1272041db1364831db88d72b114cca8f67e70416c3ea4326f99e5d53e1ea677
502.0,1,,2.0,0.999425662146113,level1,0.41804468430890523,data/raw/wave1_selection.json,b1272041db1364831db88d72b114cca8f67e70416c3ea4326f99e5d53e1ea677
1006.0,1,,2.0,0.9994077110692471,level1,0.5382514147174178,data/raw/wave1_selection.json,b1272041db1364831db88d72b114cca8f67e70416c3ea4326f99e5d53e1ea677
29.0,1,,2.0,0.9987065711991298,level1,0.004672921591283164,data/raw/wave1_selection.json,b1272041db1364831db88d72b114cca8f67e70416c3ea4326f99e5d53e1ea677
3.0,1,,1.0,0.9988881348233388,level1,0.757238145450512,data/raw/wave1_selection.json,b1272041db1364831db88d72b114cca8f67e70416c3ea4326f99e5d53e1ea677
710.0,1,,1.0,0.9987028433735473,level1,1.887386903705413,data/raw/wave1_selection.json,b1272041db1364831db88d72b114cca8f67e70416c3ea4326f99e5d53e1ea677
734.0,1,,2.0,0.9995150421106362,level1,0.15144711726169247,data/raw/wave1_selection.json,b1272041db1364831db88d72b114cca8f67e70416c3ea4326f99e5d53e1ea677
798.0,1,,1.0,0.0002352748653793119,none,0.2873806266848475,data/raw/wave1_selection.json,b1272041db1364831db88d72b114cca8f67e70416c3ea4326f99e5d53e1ea677
64.0,1,,2.0,0.9994509092052963,level1,0.16161141342159135,data/raw/wave1_selection.json,b1272041db1364831db88d72b114cca8f67e70416c3ea4326f99e5d53e1ea677
866.0,1,,1.0,0.9993758759786083,level1,2.3233814226521408,data/raw/wave1_selection.json,b1272041db1364831db88d72b114cca8f67e70416c3ea4326f99e5d53e1ea677
1083.0,1,,2.0,0.9991637899050937,level1,0.12748340022049395,data/raw/wave1_selection.json,b1272041db1364831db88d72b114cca8f67e70416c3ea4326f99e5d53e1ea677
713.0,1,,1.0,0.0003844595711386304,none,45.07147034819565,data/raw/wave1_selection.json,b1272041db1364831db88d72b114cca8f67e70416c3ea4326f99e5d53e1ea677
1010.0,1,,22.0,0.9992388678319796,level1,0.4749210008457403,data/raw/wave1_selection.json,b1272041db1364831db88d72b114cca8f67e70416c3ea4326f99e5d53e1ea677
1089.0,1,,1.0,0.9977503047940851,level1,0.7866292558428194,data/raw/wave1_selection.json,b1272041db1364831db88d72b114cca8f67e70416c3ea4326f99e5d53e1ea677
105.0,1,,2.0,0.9997146819429362,level1,0.6045652423069487,data/raw/wave1_selection.json,b1272041db1364831db88d72b114cca8f67e70416c3ea4326f99e5d53e1ea677
530.0,1,,1.0,0.9997807433056363,level1,2.7676338035650874,data/raw/wave1_selection.json,b1272041db1364831db88d72b114cca8f67e70416c3ea4326f99e5d53e1ea677
278.0,1,,2.0,0.9991047373997046,level1,1.9288476554913343,data/raw/wave1_selection.json,b1272041db1364831db88d72b114cca8f67e70416c3ea4326f99e5d53e1ea677
948.0,1,,23.0,0.9993604631584322,level1,0.2780157938617841,data/raw/wave1_selection.json,b1272041db1364831db88d72b114cca8f67e70416c3ea4326f99e5d53e1ea677
935.0,1,,22.0,0.9995476674288537,level1,1.2336389068489266,data/raw/wave1_selection.json,b1272041db1364831db88d72b114cca8f67e70416c3ea4326f99e5d53e1ea677
770.0,1,,1.0,0.9983983314193586,level1,1.2658573656195187,data/raw/wave1_selection.json,b1272041db1364831db88d72b114cca8f67e70416c3ea4326f99e5d53e1ea677
553.0,1,,2.0,0.9998002195637203,level1,0.26671961419338025,data/raw/wave1_selection.json,b1272041db1364831db88d72b114cca8f67e70416c3ea4326f99e5d53e1ea677
490.0,1,,21.0,0.9990881444863988,level1,0.4922538029551724,data/raw/wave1_selection.json,b1272041db1364831db88d72b114cca8f67e70416c3ea4326f99e5d53e1ea677
298.0,1,,21.0,0.9990340044928578,level1,1.2037011105492164,data/raw/wave1_selection.json,b1272041db1364831db88d72b114cca8f67e70416c3ea4326f99e5d53e1ea677
11.0,1,,1.0,0.9998930515511256,level1,0.06910777221359814,data/raw/wave1_selection.json,b1272041db1364831db88d72b114cca8f67e70416c3ea4326f99e5d53e1ea677
15.0,1,,1.0,0.999133704469125,level1,0.5261769796872766,data/raw/wave1_selection.json,b1272041db1364831db88d72b114cca8f67e70416c3ea4326f99e5d53e1ea677
438.0,1,,2.0,0.9996094353720182,level1,0.1224219044351864,data/raw/wave1_selection.json,b1272041db1364831db88d72b114cca8f67e70416c3ea4326f99e5d53e1ea677
254.0,1,,2.0,0.9991530703244752,level1,0.29438991755982924,data/raw/wave1_selection.json,b1272041db1364831db88d72b114cca8f67e70416c3ea4326f99e5d53e1ea677
518.0,1,,22.0,0.9998693255325581,level1,0.07605267757336936,data/raw/wave1_selection.json,b1272041db1364831db88d72b114cca8f67e70416c3ea4326f99e5d53e1ea677
556.0,1,,2.0,0.9995073117499736,level1,0.7216196857990337,data/raw/wave1_selection.json,b1272041db1364831db88d72b114cca8f67e70416c3ea4326f99e5d53e1ea677
750.0,1,,2.0,0.9990828906372435,level1,0.20971865565721742,data/raw/wave1_selection.json,b1272041db1364831db88d72b114cca8f67e70416c3ea4326f99e5d53e1ea677
145.0,1,,2.0,0.9986876336261561,level1,0.2181833541925066,data/raw/wave1_selection.json,b1272041db1364831db88d72b114cca8f67e70416c3ea4326f99e5d53e1ea677
981.0,1,,2.0,0.9997013454501038,level1,0.0035010103744831486,data/raw/wave1_selection.json,b1272041db1364831db88d72b114cca8f67e70416c3ea4326f99e5d53e1ea677
426.0,1,,1.0,0.9990594314958141,level1,0.9720019316237197,data/raw/wave1_selection.json,b1272041db1364831db88d72b114cca8f67e70416c3ea4326f99e5d53e1ea677
880.0,1,,1.0,0.9998396547682673,level1,2.182288840300485,data/raw/wave1_selection.json,b1272041db1364831db88d72b114cca8f67e70416c3ea4326f99e5d53e1ea677
1103.0,1,,1.0,2.239515873057683e-10,none,0.4609958400380843,data/raw/wave1_selection.json,b1272041db1364831db88d72b114cca8f67e70416c3ea4326f99e5d53e1ea677
504.0,1,,12.0,0.9997834753297467,level1,0.9922240123801889,data/raw/wave1_selection.json,b1272041db1364831db88d72b114cca8f67e70416c3ea4326f99e5d53e1ea677
861.0,1,,17.0,0.9998347455528224,level1,2.6670713848760332,data/raw/wave1_selection.json,b1272041db1364831db88d72b114cca8f67e70416c3ea4326f99e5d53e1ea677
637.0,1,,2.0,0.9993916521051336,level1,0.041384975536418796,data/raw/wave1_selection.json,b1272041db1364831db88d72b114cca8f67e70416c3ea4326f99e5d53e1ea677
271.0,1,,2.0,0.9996279839259524,level1,1.024160447128738,data/raw/wave1_selection.json,b1272041db1364831db88d72b114cca8f67e70416c3ea4326f99e5d53e1ea677
394.0,1,,20.0,0.9995803101728777,level1,0.6361515125453164,data/raw/wave1_selection.json,b1272041db1364831db88d72b114cca8f67e70416c3ea4326f99e5d53e1ea677
185.0,1,,2.0,0.9990989686369993,level1,1.1186346099857725,data/raw/wave1_selection.json,b1272041db1364831db88d72b114cca8f67e70416c3ea4326f99e5d53e1ea677
388.0,1,,2.0,0.9990659977014102,level1,0.5848293013115511,data/raw/wave1_selection.json,b1272041db1364831db88d72b114cca8f67e70416c3ea4326f99e5d53e1ea677
554.0,1,,1.0,0.9996491839622532,level1,1.8619541294174766,data/raw/wave1_selection.json,b1272041db1364831db88d72b114cca8f67e70416c3ea4326f99e5d53e1ea677
87.0,1,,22.0,0.9998856695146842,level1,0.9008439917891317,data/raw/wave1_selection.json,b1272041db1364831db88d72b114cca8f67e70416c3ea4326f99e5d53e1ea677
1025.0,1,,2.0,0.9995410201944256,level1,0.015710081638094318,data/raw/wave1_selection.json,b1272041db1364831db88d72b114cca8f67e70416c3ea4326f99e5d53e1ea677
61.0,1,,1.0,0.9994664302301861,level1,0.5838462451076943,data/raw/wave1_selection.json,b1272041db1364831db88d72b114cca8f67e70416c3ea4326f99e5d53e1ea677
685.0,1,,2.0,0.9988280512952106,level1,1.7112264023412587,data/raw/wave1_selection.json,b1272041db1364831db88d72b114cca8f67e70416c3ea4326f99e5d53e1ea677
931.0,1,,1.0,0.9993388717829196,level1,0.5965294682484272,data/raw/wave1_selection.json,b1272041db1364831db88d72b114cca8f67e70416c3ea4326f99e5d53e1ea677
1009.0,0,missing_match;unknown_particle,,,,,data/raw/wave1_selection.json,b1272041db1364831db88d72b114cca8f67e70416c3ea4326f99e5d53e1ea677
411.0,1,,21.0,0.9993787898867874,level1,0.630514947710143,data/raw/wave1_selection.json,b1272041db1364831db88d72b114cca8f67e70416c3ea4326f99e5d53e1ea677
315.0,1,,1.0,0.9996691710137834,level1,0.19633488142632632,data/raw/wave1_selection.json,b1272041db1364831db88d72b114cca8f67e70416c3ea4326f99e5d53e1ea677
424.0,1,,2.0,0.9993223160786096,level1,0.041645219083339874,data/raw/wave1_selection.json,b1272041db1364831db88d72b114cca8f67e70416c3ea4326f99e5d53e1ea677
836.0,1,,2.0,0.9992340005750139,level1,2.7586971370582636,data/raw/wave1_selection.json,b1272041db1364831db88d72b114cca8f67e70416c3ea4326f99e5d53e1ea677
747.0,1,,1.0,0.9988681259032471,level1,0.5234257869510508,data/raw/wave1_selection.json,b1272041db1364831db88d72b114cca8f67e70416c3ea4326f99e5d53e1ea677
1070.0,1,,2.0,0.999260132094621,level1,1.1183794020976154,data/raw/wave1_selection.json,b1272041db1364831db88d72b114cca8f67e70416c3ea4326f99e5d53e1ea677
342.0,1,,1.0,0.9993983562620591,level1,0.03793402048231842,data/raw/wave1_selection.json,b1272041db1364831db88d72b114cca8f67e70416c3ea4326f99e5d53e1ea677
129.0,1,,2.0,0.9997383355630962,level1,0.166897872672136,data/raw/wave1_selection.json,b1272041db1364831db88d72b114cca8f67e70416c3ea4326f99e5d53e1ea677
221.0,1,,2.0,0.9998606484262896,level1,0.01935916594941227,data/raw/wave1_selection.json,b1272041db1364831db88d72b114cca8f67e70416c3ea4326f99e5d53e1ea677
209.0,1,,19.0,0.9997497273122627,level1,0.08361868998133247,data/raw/wave1_selection.json,b1272041db1364831db88d72b114cca8f67e70416c3ea4326f99e5d53e1ea677
90.0,1,,2.0,0.9996528712480566,level1,0.8887420572714693,data/raw/wave1_selection.json,b1272041db1364831db88d72b114cca8f67e70416c3ea4326f99e5d53e1ea677
8.0,1,,1.0,0.9998458687337468,level1,0.006474315403882771,data/raw/wave1_selection.json,b1272041db1364831db88d72b114cca8f67e70416c3ea4326f99e5d53e1ea677
305.0,1,,1.0,0.9996117028644071,level1,2.2804671139580415,data/raw/wave1_selection.json,b1272041db1364831db88d72b114cca8f67e70416c3ea4326f99e5d53e1ea677
122.0,1,,1.0,0.999205301994385,level1,0.8690678555936341,data/raw/wave1_selection.json,b1272041db1364831db88d72b114cca8f67e70416c3ea4326f99e5d53e1ea677
240.0,1,,1.0,0.9998729813606924,level1,0.4601547018445668,data/raw/wave1_selection.json,b1272041db1364831db88d72b114cca8f67e70416c3ea4326f99e5d53e1ea677
739.0,1,,2.0,0.9995346592533257,level1,0.9351886787085674,data/raw/wave1_selection.json,b1272041db1364831db88d72b114cca8f67e70416c3ea4326f99e5d53e1ea677
458.0,1,,2.0,0.9993470448361156,level1,0.05223175578853249,data/raw/wave1_selection.json,b1272041db1364831db88d72b114cca8f67e70416c3ea4326f99e5d53e1ea677
813.0,1,,1.0,0.9990258413248891,level1,0.06034772530089774,data/raw/wave1_selection.json,b1272041db1364831db88d72b114cca8f67e70416c3ea4326f99e5d53e1ea677
577.0,1,,2.0,0.9993116577067205,level1,0.10792543386281686,data/raw/wave1_selection.json,b1272041db1364831db88d72b114cca8f67e70416c3ea4326f99e5d53e1ea677
374.0,1,,1.0,0.9994633432125638,level1,0.14572701629340556,data/raw/wave1_selection.json,b1272041db1364831db88d72b114cca8f67e70416c3ea4326f99e5d53e1ea677
77.0,1,,2.0,0.9998299536852164,level1,3.173630052015489,data/raw/wave1_selection.json,b1272041db1364831db88d72b114cca8f67e70416c3ea4326f99e5d53e1ea677
505.0,0,missing_match;unknown_particle,,,,,data/raw/wave1_selection.json,b1272041db1364831db88d72b114cca8f67e70416c3ea4326f99e5d53e1ea677
997.0,1,,2.0,0.9993384601772702,level1,0.022031990333132204,data/raw/wave1_selection.json,b1272041db1364831db88d72b114cca8f67e70416c3ea4326f99e5d53e1ea677
839.0,1,,22.0,0.9993317961402806,level1,0.1688108570198326,data/raw/wave1_selection.json,b1272041db1364831db88d72b114cca8f67e70416c3ea4326f99e5d53e1ea677
1080.0,1,,1.0,0.9995041453282684,level1,0.8874938876866333,data/raw/wave1_selection.json,b1272041db1364831db88d72b114cca8f67e70416c3ea4326f99e5d53e1ea677
429.0,1,,20.0,0.9999286215118536,level1,0.19398705611439368,data/raw/wave1_selection.json,b1272041db1364831db88d72b114cca8f67e70416c3ea4326f99e5d53e1ea677
543.0,1,,2.0,0.9996379666901071,level1,0.1694042420906654,data/raw/wave1_selection.json,b1272041db1364831db88d72b114cca8f67e70416c3ea4326f99e5d53e1ea677
23.0,1,,1.0,0.9993779986026846,level1,0.8547424545541371,data/raw/wave1_selection.json,b1272041db1364831db88d72b114cca8f67e70416c3ea4326f99e5d53e1ea677
1109.0,1,,2.0,0.9987433481787634,level1,0.026633293917016885,data/raw/wave1_selection.json,b1272041db1364831db88d72b114cca8f67e70416c3ea4326f99e5d53e1ea677
943.0,1,,21.0,0.9988406803341877,level1,0.12210603422005832,data/raw/wave1_selection.json,b1272041db1364831db88d72b114cca8f67e70416c3ea4326f99e5d53e1ea677
794.0,1,,1.0,0.9989379626136049,level1,0.06946406421112586,data/raw/wave1_selection.json,b1272041db1364831db88d72b114cca8f67e70416c3ea4326f99e5d53e1ea677
755.0,1,,2.0,0.9990296182026953,level1,4.032371383601283,data/raw/wave1_selection.json,b1272041db1364831db88d72b114cca8f67e70416c3ea4326f99e5d53e1ea677
940.0,1,,2.0,0.9997901440404656,level1,0.18760571459928857,data/raw/wave1_selection.json,b1272041db1364831db88d72b114cca8f67e70416c3ea4326f99e5d53e1ea677
991.0,1,,1.0,0.9980160210196044,level1,2.3356890971976543,data/raw/wave1_selection.json,b1272041db1364831db88d72b114cca8f67e70416c3ea4326f99e5d53e1ea677
1133.0,1,,2.0,0.9993950290504251,level1,0.5801033613108572,data/raw/wave1_selection.json,b1272041db1364831db88d72b114cca8f67e70416c3ea4326f99e5d53e1ea677
194.0,1,,21.0,0.999293867193578,level1,0.06350676517239369,data/raw/wave1_selection.json,b1272041db1364831db88d72b114cca8f67e70416c3ea4326f99e5d53e1ea677
870.0,1,,1.0,1.002278099399366e-09,none,2.0227797674961248,data/raw/wave1_selection.json,b1272041db1364831db88d72b114cca8f67e70416c3ea4326f99e5d53e1ea677
232.0,1,,1.0,0.9990772521466663,level1,0.5635286081368549,data/raw/wave1_selection.json,b1272041db1364831db88d72b114cca8f67e70416c3ea4326f99e5d53e1ea677
113.0,1,,2.0,0.9996267264986736,level1,0.15797793369445515,data/raw/wave1_selection.json,b1272041db1364831db88d72b114cca8f67e70416c3ea4326f99e5d53e1ea677
1066.0,1,,21.0,0.9992946595500715,level1,0.8377981427785264,data/raw/wave1_selection.json,b1272041db1364831db88d72b114cca8f67e70416c3ea4326f99e5d53e1ea677
430.0,1,,2.0,0.9996646395829915,level1,0.33719832591453386,data/raw/wave1_selection.json,b1272041db1364831db88d72b114cca8f67e70416c3ea4326f99e5d53e1ea677
187.0,1,,3.0,0.9983910009698763,level1,0.290934212728906,data/raw/wave1_selection.json,b1272041db1364831db88d72b114cca8f67e70416c3ea4326f99e5d53e1ea677
660.0,1,,1.0,5.638455075090479e-10,none,0.07277170388089785,data/raw/wave1_selection.json,b1272041db1364831db88d72b114cca8f67e70416c3ea4326f99e5d53e1ea677
786.0,1,,2.0,0.9994741631657033,level1,0.5762686569055181,data/raw/wave1_selection.json,b1272041db1364831db88d72b114cca8f67e70416c3ea4326f99e5d53e1ea677
574.0,1,,1.0,0.9998546102882944,level1,0.05759704684326277,data/raw/wave1_selection.json,b1272041db1364831db88d72b114cca8f67e70416c3ea4326f99e5d53e1ea677
509.0,1,,1.0,0.0002760051987420082,none,0.1599489197663551,data/raw/wave1_selection.json,b1272041db1364831db88d72b114cca8f67e70416c3ea4326f99e5d53e1ea677
83.0,1,,20.0,0.9996322892825884,level1,0.11532126954064788,data/raw/wave1_selection.json,b1272041db1364831db88d72b114cca8f67e70416c3ea4326f99e5d53e1ea677
1159.0,1,,1.0,0.9998709144245448,level1,0.15259809979702,data/raw/wave1_selection.json,b1272041db1364831db88d72b114cca8f67e70416c3ea4326f99e5d53e1ea677
1062.0,1,,22.0,0.9996489140101911,level1,0.7813188231954418,data/raw/wave1_selection.json,b1272041db1364831db88d72b114cca8f67e70416c3ea4326f99e5d53e1ea677
1150.0,1,,2.0,0.9995253962778609,level1,0.39725749644236746,data/raw/wave1_selection.json,b1272041db1364831db88d72b114cca8f67e70416c3ea4326f99e5d53e1ea677
226.0,1,,1.0,0.9989293234295112,level1,0.33246423129627234,data/raw/wave1_selection.json,b1272041db1364831db88d72b114cca8f67e70416c3ea4326f99e5d53e1ea677
885.0,1,,1.0,0.000360872002820837,none,0.1054969744231392,data/raw/wave1_selection.json,b1272041db1364831db88d72b114cca8f67e70416c3ea4326f99e5d53e1ea677
681.0,1,,1.0,0.9998704825624481,level1,3.4506099184469057,data/raw/wave1_selection.json,b1272041db1364831db88d72b114cca8f67e70416c3ea4326f99e5d53e1ea677
450.0,1,,1.0,0.9996599786374724,level1,3.4784136314517315,data/raw/wave1_selection.json,b1272041db1364831db88d72b114cca8f67e70416c3ea4326f99e5d53e1ea677
598.0,1,,1.0,0.9989807184490547,level1,2.2286204393951996,data/raw/wave1_selection.json,b1272041db1364831db88d72b114cca8f67e70416c3ea4326f99e5d53e1ea677
858.0,1,,19.0,0.9991937925779432,level1,2.503144206554701,data/raw/wave1_selection.json,b1272041db1364831db88d72b114cca8f67e70416c3ea4326f99e5d53e1ea677
6.0,1,,1.0,0.9998907751439677,level1,0.774881128797285,data/raw/wave1_selection.json,b1272041db1364831db88d72b114cca8f67e70416c3ea4326f99e5d53e1ea677
225.0,1,,2.0,0.9980145171097796,level1,0.7207966937276253,data/raw/wave1_selection.json,b1272041db1364831db88d72b114cca8f67e70416c3ea4326f99e5d53e1ea677
570.0,1,,1.0,0.9997512178354786,level1,0.14003298525784857,data/raw/wave1_selection.json,b1272041db1364831db88d72b114cca8f67e70416c3ea4326f99e5d53e1ea677
1081.0,1,,11.0,0.9987278436869846,level1,2.3079505941090046,data/raw/wave1_selection.json,b1272041db1364831db88d72b114cca8f67e70416c3ea4326f99e5d53e1ea677
1085.0,1,,2.0,0.9988454823313104,level1,4.7569959894509655,data/raw/wave1_selection.json,b1272041db1364831db88d72b114cca8f67e70416c3ea4326f99e5d53e1ea677
265.0,1,,2.0,0.999150111717354,level1,0.9602527726258689,data/raw/wave1_selection.json,b1272041db1364831db88d72b114cca8f67e70416c3ea4326f99e5d53e1ea677
420.0,1,,1.0,0.999137232830121,level1,0.839548604582398,data/raw/wave1_selection.json,b1272041db1364831db88d72b114cca8f67e70416c3ea4326f99e5d53e1ea677
1116.0,1,,2.0,0.9997634084349256,level1,0.983985651206024,data/raw/wave1_selection.json,b1272041db1364831db88d72b114cca8f67e70416c3ea4326f99e5d53e1ea677
110.0,1,,2.0,0.9991108748977693,level1,0.07621313546062937,data/raw/wave1_selection.json,b1272041db1364831db88d72b114cca8f67e70416c3ea4326f99e5d53e1ea677
78.0,1,,20.0,0.9998454211063976,level1,0.35998096434791843,data/raw/wave1_selection.json,b1272041db1364831db88d72b114cca8f67e70416c3ea4326f99e5d53e1ea677
625.0,1,,2.0,0.9994296503488579,level1,2.6937586090758026,data/raw/wave1_selection.json,b1272041db1364831db88d72b114cca8f67e70416c3ea4326f99e5d53e1ea677
1113.0,1,,18.0,0.9998666387384962,level1,1.7151268914713242,data/raw/wave1_selection.json,b1272041db1364831db88d72b114cca8f67e70416c3ea4326f99e5d53e1ea677
694.0,1,,22.0,0.9997465174873207,level1,0.42655595875973057,data/raw/wave1_selection.json,b1272041db1364831db88d72b114cca8f67e70416c3ea4326f99e5d53e1ea677
1003.0,1,,2.0,0.9998195500098646,level1,0.13522474669188198,data/raw/wave1_selection.json,b1272041db1364831db88d72b114cca8f67e70416c3ea4326f99e5d53e1ea677
153.0,1,,22.0,0.9994759412614957,level1,0.26210072780339666,data/raw/wave1_selection.json,b1272041db1364831db88d72b114cca8f67e70416c3ea4326f99e5d53e1ea677
275.0,1,,2.0,0.9984493464401973,level1,1.1125317056125525,data/raw/wave1_selection.json,b1272041db1364831db88d72b114cca8f67e70416c3ea4326f99e5d53e1ea677
494.0,1,,2.0,0.9992844643653822,level1,0.08818264702787039,data/raw/wave1_selection.json,b1272041db1364831db88d72b114cca8f67e70416c3ea4326f99e5d53e1ea677
384.0,1,,19.0,0.9997550387630174,level1,1.5084050325624616,data/raw/wave1_selection.json,b1272041db1364831db88d72b114cca8f67e70416c3ea4326f99e5d53e1ea677
857.0,1,,2.0,0.9994138886377337,level1,0.9213768814034192,data/raw/wave1_selection.json,b1272041db1364831db88d72b114cca8f67e70416c3ea4326f99e5d53e1ea677
291.0,1,,2.0,0.9988332272847171,level1,1.8010192463241854,data/raw/wave1_selection.json,b1272041db1364831db88d72b114cca8f67e70416c3ea4326f99e5d53e1ea677
1148.0,1,,2.0,0.9990470143388561,level1,2.614574125316434,data/raw/wave1_selection.json,b1272041db1364831db88d72b114cca8f67e70416c3ea4326f99e5d53e1ea677
564.0,1,,2.0,0.999396963545696,level1,0.04306580599079347,data/raw/wave1_selection.json,b1272041db1364831db88d72b114cca8f67e70416c3ea4326f99e5d53e1ea677
21.0,1,,1.0,0.9992113136545319,level1,1.3813247289262451,data/raw/wave1_selection.json,b1272041db1364831db88d72b114cca8f67e70416c3ea4326f99e5d53e1ea677
286.0,1,,2.0,0.9995470376952343,level1,0.9156856105312784,data/raw/wave1_selection.json,b1272041db1364831db88d72b114cca8f67e70416c3ea4326f99e5d53e1ea677
161.0,1,,17.0,0.9998400559894828,level1,0.9377497700455538,data/raw/wave1_selection.json,b1272041db1364831db88d72b114cca8f67e70416c3ea4326f99e5d53e1ea677
1157.0,1,,2.0,0.9996077474545156,level1,1.0129479562768586,data/raw/wave1_selection.json,b1272041db1364831db88d72b114cca8f67e70416c3ea4326f99e5d53e1ea677
820.0,0,missing_match;unknown_particle,,,,,data/raw/wave1_selection.json,b1272041db1364831db88d72b114cca8f67e70416c3ea4326f99e5d53e1ea677
550.0,1,,1.0,0.9991958533832547,level1,0.9154274869469415,data/raw/wave1_selection.json,b1272041db1364831db88d72b114cca8f67e70416c3ea4326f99e5d53e1ea677
114.0,1,,21.0,0.9993478087334056,level1,0.007113453434636912,data/raw/wave1_selection.json,b1272041db1364831db88d72b114cca8f67e70416c3ea4326f99e5d53e1ea677
464.0,1,,2.0,0.9997459126627991,level1,1.0597450643515196,data/raw/wave1_selection.json,b1272041db1364831db88d72b114cca8f67e70416c3ea4326f99e5d53e1ea677
663.0,1,,2.0,0.9995445278890502,level1,1.3556754232491859,data/raw/wave1_selection.json,b1272041db1364831db88d72b114cca8f67e70416c3ea4326f99e5d53e1ea677
1153.0,1,,15.0,0.9991520758414683,level1,2.3959574471805825,data/raw/wave1_selection.json,b1272041db1364831db88d72b114cca8f67e70416c3ea4326f99e5d53e1ea677
287.0,1,,1.0,0.9997588749668794,level1,0.7809080151107479,data/raw/wave1_selection.json,b1272041db1364831db88d72b114cca8f67e70416c3ea4326f99e5d53e1ea677
765.0,1,,2.0,0.9996046014511231,level1,1.1272548577618076,data/raw/wave1_selection.json,b1272041db1364831db88d72b114cca8f67e70416c3ea4326f99e5d53e1ea677
1064.0,1,,2.0,0.9991275029878134,level1,0.5036555715116406,data/raw/wave1_selection.json,b1272041db1364831db88d72b114cca8f67e70416c3ea4326f99e5d53e1ea677
670.0,1,,21.0,0.9997758781192804,level1,0.17029113704866772,data/raw/wave1_selection.json,b1272041db1364831db88d72b114cca8f67e70416c3ea4326f99e5d53e1ea677
442.0,1,,2.0,0.9988933570670705,level1,0.35008416018115335,data/raw/wave1_selection.json,b1272041db1364831db88d72b114cca8f67e70416c3ea4326f99e5d53e1ea677
823.0,1,,2.0,0.9998642214757801,level1,0.3518731274208103,data/raw/wave1_selection.json,b1272041db1364831db88d72b114cca8f67e70416c3ea4326f99e5d53e1ea677
863.0,1,,19.0,0.9993355935485806,level1,0.41593611479293835,data/raw/wave1_selection.json,b1272041db1364831db88d72b114cca8f67e70416c3ea4326f99e5d53e1ea677
323.0,1,,2.0,0.9985824812342484,level1,0.016215261277478007,data/raw/wave1_selection.json,b1272041db1364831db88d72b114cca8f67e70416c3ea4326f99e5d53e1ea677
865.0,1,,2.0,0.9996032945513972,level1,1.173014188953909,data/raw/wave1_selection.json,b1272041db1364831db88d72b114cca8f67e70416c3ea4326f99e5d53e1ea677
1084.0,1,,1.0,2.49359072092914e-09,none,0.7913745442561434,data/raw/wave1_selection.json,b1272041db1364831db88d72b114cca8f67e70416c3ea4326f99e5d53e1ea677
309.0,1,,1.0,0.9994152555869081,level1,3.489068253464617,data/raw/wave1_selection.json,b1272041db1364831db88d72b114cca8f67e70416c3ea4326f99e5d53e1ea677
603.0,1,,2.0,0.9988889918489657,level1,0.5164203405190307,data/raw/wave1_selection.json,b1272041db1364831db88d72b114cca8f67e70416c3ea4326f99e5d53e1ea677
128.0,1,,22.0,0.9991790680768902,level1,0.4232072355888908,data/raw/wave1_selection.json,b1272041db1364831db88d72b114cca8f67e70416c3ea4326f99e5d53e1ea677
272.0,1,,2.0,0.9988803259793201,level1,0.027744880525900874,data/raw/wave1_selection.json,b1272041db1364831db88d72b114cca8f67e70416c3ea4326f99e5d53e1ea677
332.0,1,,2.0,0.9989400166276026,level1,0.3087691679065451,data/raw/wave1_selection.json,b1272041db1364831db88d72b114cca8f67e70416c3ea4326f99e5d53e1ea677
711.0,1,,2.0,0.9984387862554092,level1,1.768672921027551,data/raw/wave1_selection.json,b1272041db1364831db88d72b114cca8f67e70416c3ea4326f99e5d53e1ea677
600.0,1,,1.0,0.999433194914859,level1,0.8681067235389367,data/raw/wave1_selection.json,b1272041db1364831db88d72b114cca8f67e70416c3ea4326f99e5d53e1ea677
434.0,1,,1.0,0.9998428751060243,level1,0.6587750766491354,data/raw/wave1_selection.json,b1272041db1364831db88d72b114cca8f67e70416c3ea4326f99e5d53e1ea677
704.0,1,,2.0,0.9990592173744623,level1,0.11648183640274004,data/raw/wave1_selection.json,b1272041db1364831db88d72b114cca8f67e70416c3ea4326f99e5d53e1ea677
891.0,1,,2.0,0.9992222811530495,level1,0.9206210962028398,data/raw/wave1_selection.json,b1272041db1364831db88d72b114cca8f67e70416c3ea4326f99e5d53e1ea677
69.0,1,,2.0,0.9983255933620306,level1,0.8278119520478677,data/raw/wave1_selection.json,b1272041db1364831db88d72b114cca8f67e70416c3ea4326f99e5d53e1ea677
340.0,1,,2.0,0.9998495483063714,level1,1.0544843971644513,data/raw/wave1_selection.json,b1272041db1364831db88d72b114cca8f67e70416c3ea4326f99e5d53e1ea677
809.0,1,,2.0,0.9992142662863654,level1,3.9222428795510513,data/raw/wave1_selection.json,b1272041db1364831db88d72b114cca8f67e70416c3ea4326f99e5d53e1ea677
0.0,1,,2.0,0.9996797684794285,level1,0.7774090523290507,data/raw/wave1_selection.json,b1272041db1364831db88d72b114cca8f67e70416c3ea4326f99e5d53e1ea677
551.0,1,,1.0,0.9997982241198328,level1,2.1412612252836762,data/raw/wave1_selection.json,b1272041db1364831db88d72b114cca8f67e70416c3ea4326f99e5d53e1ea677
922.0,1,,1.0,0.999270756350363,level1,3.505178204356127,data/raw/wave1_selection.json,b1272041db1364831db88d72b114cca8f67e70416c3ea4326f99e5d53e1ea677
160.0,1,,22.0,0.9996454960083162,level1,0.06217256132619775,data/raw/wave1_selection.json,b1272041db1364831db88d72b114cca8f67e70416c3ea4326f99e5d53e1ea677
419.0,1,,17.0,0.9992018770083044,level1,3.297248449843502,data/raw/wave1_selection.json,b1272041db1364831db88d72b114cca8f67e70416c3ea4326f99e5d53e1ea677
712.0,1,,1.0,0.9997030426524608,level1,1.0350620636491754,data/raw/wave1_selection.json,b1272041db1364831db88d72b114cca8f67e70416c3ea4326f99e5d53e1ea677
326.0,1,,1.0,0.9985360185551326,level1,0.003727079167720028,data/raw/wave1_selection.json,b1272041db1364831db88d72b114cca8f67e70416c3ea4326f99e5d53e1ea677
864.0,1,,2.0,0.999771919391182,level1,0.43486344929054294,data/raw/wave1_selection.json,b1272041db1364831db88d72b114cca8f67e70416c3ea4326f99e5d53e1ea677
687.0,1,,2.0,0.9992210023780684,level1,1.0725380866614966,data/raw/wave1_selection.json,b1272041db1364831db88d72b114cca8f67e70416c3ea4326f99e5d53e1ea677
205.0,1,,2.0,0.9989276294464383,level1,1.1319558358132926,data/raw/wave1_selection.json,b1272041db1364831db88d72b114cca8f67e70416c3ea4326f99e5d53e1ea677
365.0,1,,2.0,0.999595780692768,level1,0.2271975031158517,data/raw/wave1_selection.json,b1272041db1364831db88d72b114cca8f67e70416c3ea4326f99e5d53e1ea677
178.0,1,,2.0,0.9996526471334635,level1,0.4042696648339149,data/raw/wave1_selection.json,b1272041db1364831db88d72b114cca8f67e70416c3ea4326f99e5d53e1ea677
76.0,1,,1.0,0.9997451922516692,level1,0.03173741138284752,data/raw/wave1_selection.json,b1272041db1364831db88d72b114cca8f67e70416c3ea4326f99e5d53e1ea677
196.0,1,,11.0,0.9995266821672409,level1,1.0984765596900588,data/raw/wave1_selection.json,b1272041db1364831db88d72b114cca8f67e70416c3ea4326f99e5d53e1ea677
930.0,1,,2.0,0.9993135231002189,level1,0.032584791700658,data/raw/wave1_selection.json,b1272041db1364831db88d72b114cca8f67e70416c3ea4326f99e5d53e1ea677
46.0,1,,19.0,0.9997387092836094,level1,0.17309869474764045,data/raw/wave1_selection.json,b1272041db1364831db88d72b114cca8f67e70416c3ea4326f99e5d53e1ea677
60.0,1,,2.0,0.9986340182461929,level1,0.35047955420626525,data/raw/wave1_selection.json,b1272041db1364831db88d72b114cca8f67e70416c3ea4326f99e5d53e1ea677
59.0,1,,1.0,0.9980085617895621,level1,2.4166165930680386,data/raw/wave1_selection.json,b1272041db1364831db88d72b114cca8f67e70416c3ea4326f99e5d53e1ea677
1075.0,1,,18.0,0.9993301480172162,level1,0.8250780730571521,data/raw/wave1_selection.json,b1272041db1364831db88d72b114cca8f67e70416c3ea4326f99e5d53e1ea677
515.0,1,,15.0,0.9992315614129972,level1,0.08064548618157213,data/raw/wave1_selection.json,b1272041db1364831db88d72b114cca8f67e70416c3ea4326f99e5d53e1ea677
1055.0,1,,2.0,0.99926490159359,level1,0.6315990918897216,data/raw/wave1_selection.json,b1272041db1364831db88d72b114cca8f67e70416c3ea4326f99e5d53e1ea677
299.0,1,,2.0,0.9993645615902803,level1,0.12707795933984226,data/raw/wave1_selection.json,b1272041db1364831db88d72b114cca8f67e70416c3ea4326f99e5d53e1ea677
313.0,1,,1.0,0.9995744348328187,level1,0.38005823562513863,data/raw/wave1_selection.json,b1272041db1364831db88d72b114cca8f67e70416c3ea4326f99e5d53e1ea677
898.0,1,,1.0,0.9996550772622766,level1,0.4072390392204966,data/raw/wave1_selection.json,b1272041db1364831db88d72b114cca8f67e70416c3ea4326f99e5d53e1ea677
797.0,1,,13.0,0.9996399522586772,level1,0.908680358547348,data/raw/wave1_selection.json,b1272041db1364831db88d72b114cca8f67e70416c3ea4326f99e5d53e1ea677
904.0,1,,2.0,0.9994305020766707,level1,0.09510276210139883,data/raw/wave1_selection.json,b1272041db1364831db88d72b114cca8f67e70416c3ea4326f99e5d53e1ea677
84.0,1,,2.0,0.9993158182226478,level1,1.0636561630279762,data/raw/wave1_selection.json,b1272041db1364831db88d72b114cca8f67e70416c3ea4326f99e5d53e1ea677
763.0,1,,2.0,0.9995789205715216,level1,0.09701509914154961,data/raw/wave1_selection.json,b1272041db1364831db88d72b114cca8f67e70416c3ea4326f99e5d53e1ea677
10.0,1,,20.0,0.9997853397614064,level1,0.29128335301901953,data/raw/wave1_selection.json,b1272041db1364831db88d72b114cca8f67e70416c3ea4326f99e5d53e1ea677
913.0,1,,19.0,0.9997405129473765,level1,0.7053178998924389,data/raw/wave1_selection.json,b1272041db1364831db88d72b114cca8f67e70416c3ea4326f99e5d53e1ea677
1072.0,1,,2.0,0.9984260738362508,level1,0.7239591036970033,data/raw/wave1_selection.json,b1272041db1364831db88d72b114cca8f67e70416c3ea4326f99e5d53e1ea677
102.0,1,,2.0,0.9997962701145859,level1,1.057206716872441,data/raw/wave1_selection.json,b1272041db1364831db88d72b114cca8f67e70416c3ea4326f99e5d53e1ea677
312.0,1,,1.0,0.9989508972205785,level1,0.2410161408467193,data/raw/wave1_selection.json,b1272041db1364831db88d72b114cca8f67e70416c3ea4326f99e5d53e1ea677
1018.0,1,,2.0,0.9995096483181867,level1,0.490229026864905,data/raw/wave1_selection.json,b1272041db1364831db88d72b114cca8f67e70416c3ea4326f99e5d53e1ea677
1048.0,1,,2.0,0.9997771955958453,level1,0.001004563095206579,data/raw/wave1_selection.json,b1272041db1364831db88d72b114cca8f67e70416c3ea4326f99e5d53e1ea677
676.0,1,,2.0,0.999295688248125,level1,0.675648178472267,data/raw/wave1_selection.json,b1272041db1364831db88d72b114cca8f67e70416c3ea4326f99e5d53e1ea677
580.0,1,,22.0,0.9997785762554138,level1,0.3150203943156627,data/raw/wave1_selection.json,b1272041db1364831db88d72b114cca8f67e70416c3ea4326f99e5d53e1ea677
542.0,1,,1.0,0.9996962875206389,level1,3.0266009787243955,data/raw/wave1_selection.json,b1272041db1364831db88d72b114cca8f67e70416c3ea4326f99e5d53e1ea677
13.0,1,,22.0,0.9997905365059805,level1,0.0579180556638222,data/raw/wave1_selection.json,b1272041db1364831db88d72b114cca8f67e70416c3ea4326f99e5d53e1ea677
1041.0,1,,1.0,0.999827276135055,level1,2.2983453484546863,data/raw/wave1_selection.json,b1272041db1364831db88d72b114cca8f67e70416c3ea4326f99e5d53e1ea677
629.0,1,,21.0,0.9995877854233614,level1,0.9053462443018226,data/raw/wave1_selection.json,b1272041db1364831db88d72b114cca8f67e70416c3ea4326f99e5d53e1ea677
653.0,1,,2.0,0.9997157189456753,level1,0.10317119645652094,data/raw/wave1_selection.json,b1272041db1364831db88d72b114cca8f67e70416c3ea4326f99e5d53e1ea677
243.0,1,,2.0,0.9988117059652136,level1,0.3502338339631912,data/raw/wave1_selection.json,b1272041db1364831db88d72b114cca8f67e70416c3ea4326f99e5d53e1ea677
1118.0,1,,19.0,0.9998489392232411,level1,1.3688693525520306,data/raw/wave1_selection.json,b1272041db1364831db88d72b114cca8f67e70416c3ea4326f99e5d53e1ea677
859.0,1,,1.0,0.9970650426553499,level1,0.2552929365956481,data/raw/wave1_selection.json,b1272041db1364831db88d72b114cca8f67e70416c3ea4326f99e5d53e1ea677
335.0,1,,2.0,0.9997037330719294,level1,0.13006094878000374,data/raw/wave1_selection.json,b1272041db1364831db88d72b114cca8f67e70416c3ea4326f99e5d53e1ea677
966.0,1,,2.0,0.9993774242010717,level1,0.29117149435050155,data/raw/wave1_selection.json,b1272041db1364831db88d72b114cca8f67e70416c3ea4326f99e5d53e1ea677
738.0,1,,2.0,0.9994625870674139,level1,1.5662401956083836,data/raw/wave1_selection.json,b1272041db1364831db88d72b114cca8f67e70416c3ea4326f99e5d53e1ea677
392.0,1,,21.0,0.9996854283582047,level1,0.9435126109177774,data/raw/wave1_selection.json,b1272041db1364831db88d72b114cca8f67e70416c3ea4326f99e5d53e1ea677
410.0,1,,2.0,0.9996413100497069,level1,0.3709096432900403,data/raw/wave1_selection.json,b1272041db1364831db88d72b114cca8f67e70416c3ea4326f99e5d53e1ea677
417.0,1,,1.0,0.99945085245839,level1,1.7353162489276786,data/raw/wave1_selection.json,b1272041db1364831db88d72b114cca8f67e70416c3ea4326f99e5d53e1ea677
614.0,1,,1.0,0.9999027326431089,level1,0.05699571882335209,data/raw/wave1_selection.json,b1272041db1364831db88d72b114cca8f67e70416c3ea4326f99e5d53e1ea677
1030.0,1,,17.0,0.9991289583812714,level1,0.3634345627163563,data/raw/wave1_selection.json,b1272041db1364831db88d72b114cca8f67e70416c3ea4326f99e5d53e1ea677
230.0,1,,1.0,0.9998745325352032,level1,1.6823969452951697,data/raw/wave1_selection.json,b1272041db1364831db88d72b114cca8f67e70416c3ea4326f99e5d53e1ea677
1016.0,1,,17.0,0.9996640745703467,level1,0.15911121108009746,data/raw/wave1_selection.json,b1272041db1364831db88d72b114cca8f67e70416c3ea4326f99e5d53e1ea677
471.0,1,,11.0,0.9998337235107084,level1,0.6630327494061851,data/raw/wave1_selection.json,b1272041db1364831db88d72b114cca8f67e70416c3ea4326f99e5d53e1ea677
1001.0,1,,2.0,0.999186868123098,level1,0.33839700594247424,data/raw/wave1_selection.json,b1272041db1364831db88d72b114cca8f67e70416c3ea4326f99e5d53e1ea677
675.0,1,,22.0,0.998887652190417,level1,0.5551891896898707,data/raw/wave1_selection.json,b1272041db1364831db88d72b114cca8f67e70416c3ea4326f99e5d53e1ea677
457.0,1,,2.0,0.9980087241178496,level1,0.11664395962006492,data/raw/wave1_selection.json,b1272041db1364831db88d72b114cca8f67e70416c3ea4326f99e5d53e1ea677
486.0,1,,2.0,0.9995210532219384,level1,0.14947410818472687,data/raw/wave1_selection.json,b1272041db1364831db88d72b114cca8f67e70416c3ea4326f99e5d53e1ea677
532.0,1,,1.0,0.9992175616029211,level1,1.0719505048311277,data/raw/wave1_selection.json,b1272041db1364831db88d72b114cca8f67e70416c3ea4326f99e5d53e1ea677
819.0,1,,1.0,0.9989424179130125,level1,2.201964347755978,data/raw/wave1_selection.json,b1272041db1364831db88d72b114cca8f67e70416c3ea4326f99e5d53e1ea677
1060.0,1,,1.0,0.999483631902394,level1,2.488509010388282,data/raw/wave1_selection.json,b1272041db1364831db88d72b114cca8f67e70416c3ea4326f99e5d53e1ea677
985.0,1,,18.0,0.9995261486058301,level1,0.19892123227945063,data/raw/wave1_selection.json,b1272041db1364831db88d72b114cca8f67e70416c3ea4326f99e5d53e1ea677
684.0,1,,2.0,0.9993130283356617,level1,0.10571903868250032,data/raw/wave1_selection.json,b1272041db1364831db88d72b114cca8f67e70416c3ea4326f99e5d53e1ea677
423.0,1,,2.0,0.9997931035619236,level1,0.9751589840799111,data/raw/wave1_selection.json,b1272041db1364831db88d72b114cca8f67e70416c3ea4326f99e5d53e1ea677
234.0,1,,2.0,0.9998377195040041,level1,1.2271300483760963,data/raw/wave1_selection.json,b1272041db1364831db88d72b114cca8f67e70416c3ea4326f99e5d53e1ea677
152.0,1,,2.0,0.9997439396166651,level1,3.1491750756351724,data/raw/wave1_selection.json,b1272041db1364831db88d72b114cca8f67e70416c3ea4326f99e5d53e1ea677
1073.0,1,,2.0,0.9986424896544349,level1,0.2653313069926001,data/raw/wave1_selection.json,b1272041db1364831db88d72b114cca8f67e70416c3ea4326f99e5d53e1ea677
445.0,1,,2.0,0.9997728113774632,level1,2.832010812149767,data/raw/wave1_selection.json,b1272041db1364831db88d72b114cca8f67e70416c3ea4326f99e5d53e1ea677
210.0,1,,2.0,0.9988153874029722,level1,0.012895072126148465,data/raw/wave1_selection.json,b1272041db1364831db88d72b114cca8f67e70416c3ea4326f99e5d53e1ea677
1013.0,1,,22.0,0.9994052335677928,level1,0.06451188100133519,data/raw/wave1_selection.json,b1272041db1364831db88d72b114cca8f67e70416c3ea4326f99e5d53e1ea677
790.0,1,,2.0,0.999016946071367,level1,0.9555552036086264,data/raw/wave1_selection.json,b1272041db1364831db88d72b114cca8f67e70416c3ea4326f99e5d53e1ea677
197.0,1,,1.0,0.9999118472724003,level1,0.8767132252560944,data/raw/wave1_selection.json,b1272041db1364831db88d72b114cca8f67e70416c3ea4326f99e5d53e1ea677
918.0,1,,2.0,0.9989747182974591,level1,0.4433107000173527,data/raw/wave1_selection.json,b1272041db1364831db88d72b114cca8f67e70416c3ea4326f99e5d53e1ea677
584.0,1,,1.0,0.9997349729914982,level1,0.20280207197429806,data/raw/wave1_selection.json,b1272041db1364831db88d72b114cca8f67e70416c3ea4326f99e5d53e1ea677
610.0,1,,1.0,0.9990946119635848,level1,0.018295864462055673,data/raw/wave1_selection.json,b1272041db1364831db88d72b114cca8f67e70416c3ea4326f99e5d53e1ea677
746.0,1,,2.0,0.9986328418542963,level1,2.9969092426230386,data/raw/wave1_selection.json,b1272041db1364831db88d72b114cca8f67e70416c3ea4326f99e5d53e1ea677
850.0,1,,1.0,0.9995374407279474,level1,2.8318973058847368,data/raw/wave1_selection.json,b1272041db1364831db88d72b114cca8f67e70416c3ea4326f99e5d53e1ea677
455.0,1,,2.0,0.9995461161563801,level1,0.9114994563988582,data/raw/wave1_selection.json,b1272041db1364831db88d72b114cca8f67e70416c3ea4326f99e5d53e1ea677
436.0,1,,1.0,0.9991103042261662,level1,1.2840643198130233,data/raw/wave1_selection.json,b1272041db1364831db88d72b114cca8f67e70416c3ea4326f99e5d53e1ea677
744.0,1,,20.0,0.9996625076359914,level1,0.36232320796005063,data/raw/wave1_selection.json,b1272041db1364831db88d72b114cca8f67e70416c3ea4326f99e5d53e1ea677
407.0,1,,2.0,0.9997336876298063,level1,0.2309560193135412,data/raw/wave1_selection.json,b1272041db1364831db88d72b114cca8f67e70416c3ea4326f99e5d53e1ea677
665.0,1,,2.0,0.9995576388741357,level1,4.908596154716862,data/raw/wave1_selection.json,b1272041db1364831db88d72b114cca8f67e70416c3ea4326f99e5d53e1ea677
908.0,1,,1.0,0.9997580877836328,level1,0.7776324980289065,data/raw/wave1_selection.json,b1272041db1364831db88d72b114cca8f67e70416c3ea4326f99e5d53e1ea677
227.0,1,,1.0,0.9987534449671354,level1,0.0032121450425880425,data/raw/wave1_selection.json,b1272041db1364831db88d72b114cca8f67e70416c3ea4326f99e5d53e1ea677
605.0,1,,1.0,0.9989447477443996,level1,1.8278833140994981,data/raw/wave1_selection.json,b1272041db1364831db88d72b114cca8f67e70416c3ea4326f99e5d53e1ea677
916.0,1,,2.0,0.999759873105737,level1,0.3123080337880162,data/raw/wave1_selection.json,b1272041db1364831db88d72b114cca8f67e70416c3ea4326f99e5d53e1ea677
897.0,1,,1.0,0.0007639659364216633,none,0.040425546521378856,data/raw/wave1_selection.json,b1272041db1364831db88d72b114cca8f67e70416c3ea4326f99e5d53e1ea677
279.0,1,,2.0,0.9985354952640536,level1,0.17490175014853473,data/raw/wave1_selection.json,b1272041db1364831db88d72b114cca8f67e70416c3ea4326f99e5d53e1ea677
97.0,1,,2.0,0.9989209824330888,level1,0.05443809530883576,data/raw/wave1_selection.json,b1272041db1364831db88d72b114cca8f67e70416c3ea4326f99e5d53e1ea677
631.0,1,,2.0,0.9993119317678293,level1,0.9369983219981027,data/raw/wave1_selection.json,b1272041db1364831db88d72b114cca8f67e70416c3ea4326f99e5d53e1ea677
964.0,1,,22.0,0.9992863166144172,level1,0.1852499010545606,data/raw/wave1_selection.json,b1272041db1364831db88d72b114cca8f67e70416c3ea4326f99e5d53e1ea677
319.0,1,,1.0,0.999927272286926,level1,2.56856817855586,data/raw/wave1_selection.json,b1272041db1364831db88d72b114cca8f67e70416c3ea4326f99e5d53e1ea677
93.0,1,,2.0,0.9998707123975069,level1,1.0387545090406314,data/raw/wave1_selection.json,b1272041db1364831db88d72b114cca8f67e70416c3ea4326f99e5d53e1ea677
381.0,0,missing_match;unknown_particle,,,,,data/raw/wave1_selection.json,b1272041db1364831db88d72b114cca8f67e70416c3ea4326f99e5d53e1ea677
27.0,1,,21.0,0.9996526503753094,level1,0.11593372073328084,data/raw/wave1_selection.json,b1272041db1364831db88d72b114cca8f67e70416c3ea4326f99e5d53e1ea677
754.0,1,,2.0,0.9996784993549026,level1,0.6405178774875183,data/raw/wave1_selection.json,b1272041db1364831db88d72b114cca8f67e70416c3ea4326f99e5d53e1ea677
371.0,1,,2.0,0.999133846413576,level1,0.013412603829410267,data/raw/wave1_selection.json,b1272041db1364831db88d72b114cca8f67e70416c3ea4326f99e5d53e1ea677
757.0,1,,18.0,0.9994201945800631,level1,1.2163788651012242,data/raw/wave1_selection.json,b1272041db1364831db88d72b114cca8f67e70416c3ea4326f99e5d53e1ea677
106.0,1,,22.0,0.9989141237962808,level1,0.03730086790899395,data/raw/wave1_selection.json,b1272041db1364831db88d72b114cca8f67e70416c3ea4326f99e5d53e1ea677
337.0,1,,1.0,0.9991002156297139,level1,1.4916090388394188,data/raw/wave1_selection.json,b1272041db1364831db88d72b114cca8f67e70416c3ea4326f99e5d53e1ea677
435.0,1,,2.0,0.9994819608995672,level1,0.01771107856010976,data/raw/wave1_selection.json,b1272041db1364831db88d72b114cca8f67e70416c3ea4326f99e5d53e1ea677
235.0,1,,2.0,0.999931699696272,level1,0.004253648832459982,data/raw/wave1_selection.json,b1272041db1364831db88d72b114cca8f67e70416c3ea4326f99e5d53e1ea677
1042.0,1,,2.0,0.9989235465856611,level1,0.282900687660635,data/raw/wave1_selection.json,b1272041db1364831db88d72b114cca8f67e70416c3ea4326f99e5d53e1ea677
979.0,1,,2.0,0.9996260430038091,level1,0.5036363140235559,data/raw/wave1_selection.json,b1272041db1364831db88d72b114cca8f67e70416c3ea4326f99e5d53e1ea677
799.0,1,,1.0,0.9994046607033055,level1,0.762584931295425,data/raw/wave1_selection.json,b1272041db1364831db88d72b114cca8f67e70416c3ea4326f99e5d53e1ea677
837.0,1,,12.0,0.9996831313233434,level1,0.2814134449838968,data/raw/wave1_selection.json,b1272041db1364831db88d72b114cca8f67e70416c3ea4326f99e5d53e1ea677
280.0,1,,2.0,0.999373753332585,level1,0.21918203974492342,data/raw/wave1_selection.json,b1272041db1364831db88d72b114cca8f67e70416c3ea4326f99e5d53e1ea677
244.0,1,,2.0,0.9992974163180433,level1,0.19778958355579326,data/raw/wave1_selection.json,b1272041db1364831db88d72b114cca8f67e70416c3ea4326f99e5d53e1ea677
672.0,1,,2.0,0.9996097433745064,level1,0.3924073094750213,data/raw/wave1_selection.json,b1272041db1364831db88d72b114cca8f67e70416c3ea4326f99e5d53e1ea677
983.0,1,,1.0,0.9993507884848113,level1,0.31257583744574463,data/raw/wave1_selection.json,b1272041db1364831db88d72b114cca8f67e70416c3ea4326f99e5d53e1ea677
463.0,1,,2.0,0.9991800883304329,level1,1.750461191195223,data/raw/wave1_selection.json,b1272041db1364831db88d72b114cca8f67e70416c3ea4326f99e5d53e1ea677
307.0,1,,1.0,0.9997529412661325,level1,0.09989211679905141,data/raw/wave1_selection.json,b1272041db1364831db88d72b114cca8f67e70416c3ea4326f99e5d53e1ea677
297.0,1,,2.0,0.9984676532914291,level1,0.16887767713561322,data/raw/wave1_selection.json,b1272041db1364831db88d72b114cca8f67e70416c3ea4326f99e5d53e1ea677
628.0,1,,2.0,0.9999302245287198,level1,0.06521473898084469,data/raw/wave1_selection.json,b1272041db1364831db88d72b114cca8f67e70416c3ea4326f99e5d53e1ea677
743.0,1,,2.0,0.9992270314151914,level1,2.7274308731240176,data/raw/wave1_selection.json,b1272041db1364831db88d72b114cca8f67e70416c3ea4326f99e5d53e1ea677
645.0,1,,22.0,0.9999362083921934,level1,0.2254765323356888,data/raw/wave1_selection.json,b1272041db1364831db88d72b114cca8f67e70416c3ea4326f99e5d53e1ea677
238.0,1,,1.0,0.9994006455690803,level1,2.6514945693589813,data/raw/wave1_selection.json,b1272041db1364831db88d72b114cca8f67e70416c3ea4326f99e5d53e1ea677
608.0,1,,2.0,0.9994061989973062,level1,3.56690032569292,data/raw/wave1_selection.json,b1272041db1364831db88d72b114cca8f67e70416c3ea4326f99e5d53e1ea677
339.0,1,,20.0,0.9998729407625033,level1,0.13045547820722447,data/raw/wave1_selection.json,b1272041db1364831db88d72b114cca8f67e70416c3ea4326f99e5d53e1ea677
632.0,1,,1.0,0.9988535299278969,level1,2.1947571073584857,data/raw/wave1_selection.json,b1272041db1364831db88d72b114cca8f67e70416c3ea4326f99e5d53e1ea677
793.0,1,,1.0,2.4567587766566497e-05,none,0.20364964177756684,data/raw/wave1_selection.json,b1272041db1364831db88d72b114cca8f67e70416c3ea4326f99e5d53e1ea677
1110.0,1,,16.0,0.9990106433283957,level1,0.1588978606978731,data/raw/wave1_selection.json,b1272041db1364831db88d72b114cca8f67e70416c3ea4326f99e5d53e1ea677
917.0,1,,1.0,0.9995511264651339,level1,1.0416064257658917,data/raw/wave1_selection.json,b1272041db1364831db88d72b114cca8f67e70416c3ea4326f99e5d53e1ea677
118.0,1,,1.0,0.9996638045017768,level1,0.0902651326602654,data/raw/wave1_selection.json,b1272041db1364831db88d72b114cca8f67e70416c3ea4326f99e5d53e1ea677
1047.0,1,,2.0,0.9996268884243139,level1,0.08785887631374133,data/raw/wave1_selection.json,b1272041db1364831db88d72b114cca8f67e70416c3ea4326f99e5d53e1ea677
91.0,1,,2.0,0.999031205128971,level1,0.0985772219909216,data/raw/wave1_selection.json,b1272041db1364831db88d72b114cca8f67e70416c3ea4326f99e5d53e1ea677
