run_id,accepted,reasons,band_count,lock_quality_Q,structure_tier,d_total_best,selection_config_path,selection_config_hash
511,1,,2.0,0.9997629152500833,level1,0.025798440473383928,data/raw/wave1_selection.json,b1272041db1364831db88d72b114cca8f67e70416c3ea4326f99e5d53e1ea677
259,1,,2.0,0.9995101871926239,level1,0.038022789299427706,data/raw/wave1_selection.json,b1272041db1364831db88d72b114cca8f67e70416c3ea4326f99e5d53e1ea677
1168,0,dof_grade_not_a;policy_rejected,1.0,0.9974122987193746,level1,3.882055281179449,data/raw/wave1_selection.json,b1272041db1364831db88d72b114cca8f67e70416c3ea4326f99e5d53e1ea677
618,0,policy_rejected,1.0,0.9998191186429943,level1,1.2391498563085015,data/raw/wave1_selection.json,b1272041db1364831db88d72b114cca8f67e70416c3ea4326f99e5d53e1ea677
1540,0,policy_rejected,2.0,0.9995302382058401,level1,0.0696363120090911,data/raw/wave1_selection.json,b1272041db1364831db88d72b114cca8f67e70416c3ea4326f99e5d53e1ea677
1724,0,policy_rejected,1.0,0.9997383159695784,level1,0.4754439214455595,data/raw/wave1_selection.json,b1272041db1364831db88d72b114cca8f67e70416c3ea4326f99e5d53e1ea677
396,1,,2.0,0.9997622443401885,level1,0.5490491007377076,data/raw/wave1_selection.json,b1272041db1364831db88d72b114cca8f67e70416c3ea4326f99e5d53e1ea677
1496,1,,1.0,0.9989608248995827,level1,0.08982161133927598,data/raw/wave1_selection.json,b1272041db1364831db88d72b114cca8f67e70416c3ea4326f99e5d53e1ea677
848,1,,1.0,0.9995610302342245,level1,0.9480689714425304,data/raw/wave1_selection.json,b1272041db1364831db88d72b114cca8f67e70416c3ea4326f99e5d53e1ea677
1160,0,policy_rejected,1.0,0.9991978418230428,level1,0.6198186184018153,data/raw/wave1_selection.json,b1272041db1364831db88d72b114cca8f67e70416c3ea4326f99e5d53e1ea677
1631,0,dof_grade_not_a,2.0,0.9999241395202121,level1,0.11725306281867381,data/raw/wave1_selection.json,b1272041db1364831db88d72b114cca8f67e70416c3ea4326f99e5d53e1ea677
702,0,policy_rejected,1.0,0.9998308352151567,level1,0.17164068361197388,data/raw/wave1_selection.json,b1272041db1364831db88d72b114cca8f67e70416c3ea4326f99e5d53e1ea677
377,1,,1.0,0.999337745930687,level1,3.129094468696842,data/raw/wave1_selection.json,b1272041db1364831db88d72b114cca8f67e70416c3ea4326f99e5d53e1ea677
1609,0,policy_rejected,1.0,0.9990418906199459,level1,0.21952825386981273,data/raw/wave1_selection.json,b1272041db1364831db88d72b114cca8f67e70416c3ea4326f99e5d53e1ea677
331,1,,1.0,0.9995890810076697,level1,0.2015993329200474,data/raw/wave1_selection.json,b1272041db1364831db88d72b114cca8f67e70416c3ea4326f99e5d53e1ea677
954,1,,2.0,0.9989221486639269,level1,1.2738165498909524,data/raw/wave1_selection.json,b1272041db1364831db88d72b114cca8f67e70416c3ea4326f99e5d53e1ea677
241,0,policy_rejected,1.0,0.9997229098132938,level1,1.4269277822048354,data/raw/wave1_selection.json,b1272041db1364831db88d72b114cca8f67e70416c3ea4326f99e5d53e1ea677
1357,0,dof_grade_not_a,3.0,0.9984838414836275,level1,0.43200088594283065,data/raw/wave1_selection.json,b1272041db1364831db88d72b114cca8f67e70416c3ea4326f99e5d53e1ea677
1469,1,,1.0,0.9997362361841549,level1,2.3103523364823806,data/raw/wave1_selection.json,b1272041db1364831db88d72b114cca8f67e70416c3ea4326f99e5d53e1ea677
1300,1,,1.0,0.9991130038223892,level1,0.22795555341852083,data/raw/wave1_selection.json,b1272041db1364831db88d72b114cca8f67e70416c3ea4326f99e5d53e1ea677
1702,1,,1.0,0.9992241314510925,level1,0.42882034503931843,data/raw/wave1_selection.json,b1272041db1364831db88d72b114cca8f67e70416c3ea4326f99e5d53e1ea677
48,1,,2.0,0.9997356671901338,level1,0.024272038643199687,data/raw/wave1_selection.json,b1272041db1364831db88d72b114cca8f67e70416c3ea4326f99e5d53e1ea677
1151,0,dof_missing;missing_match;unknown_particle,,,,,data/raw/wave1_selection.json,b1272041db1364831db88d72b114cca8f67e70416c3ea4326f99e5d53e1ea677
1777,1,,3.0,0.9998706482008135,level1,0.06311144484442499,data/raw/wave1_selection.json,b1272041db1364831db88d72b114cca8f67e70416c3ea4326f99e5d53e1ea677
1090,0,dof_grade_not_a,1.0,0.0004920021737899228,none,1.1038780823061098,data/raw/wave1_selection.json,b1272041db1364831db88d72b114cca8f67e70416c3ea4326f99e5d53e1ea677
495,1,,1.0,0.9997522564058983,level1,0.029643430672609578,data/raw/wave1_selection.json,b1272041db1364831db88d72b114cca8f67e70416c3ea4326f99e5d53e1ea677
906,0,policy_rejected,2.0,0.9992405907217761,level1,0.2543131305228984,data/raw/wave1_selection.json,b1272041db1364831db88d72b114cca8f67e70416c3ea4326f99e5d53e1ea677
1105,0,policy_rejected,2.0,0.9997277813033568,level1,0.1304518717387071,data/raw/wave1_selection.json,b1272041db1364831db88d72b114cca8f67e70416c3ea4326f99e5d53e1ea677
568,1,,1.0,0.9997167288153548,level1,0.05103622096545982,data/raw/wave1_selection.json,b1272041db1364831db88d72b114cca8f67e70416c3ea4326f99e5d53e1ea677
117,0,policy_rejected,3.0,0.9992017864566702,level1,0.4325644045743562,data/raw/wave1_selection.json,b1272041db1364831db88d72b114cca8f67e70416c3ea4326f99e5d53e1ea677
1177,0,policy_rejected,2.0,0.9991413502516141,level1,0.6123583286352245,data/raw/wave1_selection.json,b1272041db1364831db88d72b114cca8f67e70416c3ea4326f99e5d53e1ea677
1968,0,policy_rejected,1.0,0.9992159276612058,level1,0.34023111139846024,data/raw/wave1_selection.json,b1272041db1364831db88d72b114cca8f67e70416c3ea4326f99e5d53e1ea677
366,1,,2.0,0.9990387716216356,level1,1.2860232863993355,data/raw/wave1_selection.json,b1272041db1364831db88d72b114cca8f67e70416c3ea4326f99e5d53e1ea677
1795,1,,2.0,0.9995602641433244,level1,0.6857007498099763,data/raw/wave1_selection.json,b1272041db1364831db88d72b114cca8f67e70416c3ea4326f99e5d53e1ea677
1022,0,policy_rejected,2.0,0.9998205226097565,level1,0.2078781755530497,data/raw/wave1_selection.json,b1272041db1364831db88d72b114cca8f67e70416c3ea4326f99e5d53e1ea677
1786,0,dof_grade_not_a;policy_rejected,2.0,0.9995902697475557,level1,0.03448655088783771,data/raw/wave1_selection.json,b1272041db1364831db88d72b114cca8f67e70416c3ea4326f99e5d53e1ea677
860,0,dof_grade_not_a;policy_rejected,1.0,0.9986571702362829,level1,0.12968427567718835,data/raw/wave1_selection.json,b1272041db1364831db88d72b114cca8f67e70416c3ea4326f99e5d53e1ea677
1290,0,dof_missing;missing_match;unknown_particle,,,,,data/raw/wave1_selection.json,b1272041db1364831db88d72b114cca8f67e70416c3ea4326f99e5d53e1ea677
1507,0,dof_grade_not_a,1.0,0.9981988878785875,level1,2.2240691221609086,data/raw/wave1_selection.json,b1272041db1364831db88d72b114cca8f67e70416c3ea4326f99e5d53e1ea677
559,1,,1.0,0.9998353722730026,level1,0.16163268366762995,data/raw/wave1_selection.json,b1272041db1364831db88d72b114cca8f67e70416c3ea4326f99e5d53e1ea677
329,0,policy_rejected,2.0,0.9998528381949979,level1,0.00999080833364048,data/raw/wave1_selection.json,b1272041db1364831db88d72b114cca8f67e70416c3ea4326f99e5d53e1ea677
1759,0,policy_rejected,1.0,0.9997798218147548,level1,0.45577948447401473,data/raw/wave1_selection.json,b1272041db1364831db88d72b114cca8f67e70416c3ea4326f99e5d53e1ea677
962,1,,1.0,0.9991177735715482,level1,1.1699377408385268,data/raw/wave1_selection.json,b1272041db1364831db88d72b114cca8f67e70416c3ea4326f99e5d53e1ea677
1602,0,policy_rejected,1.0,0.9995642470449597,level1,3.61270907907291,data/raw/wave1_selection.json,b1272041db1364831db88d72b114cca8f67e70416c3ea4326f99e5d53e1ea677
686,0,policy_rejected,1.0,0.9994054779578961,level1,1.5676618487229854,data/raw/wave1_selection.json,b1272041db1364831db88d72b114cca8f67e70416c3ea4326f99e5d53e1ea677
1895,0,dof_grade_not_a,2.0,0.9983995987752343,level1,0.3144575658726407,data/raw/wave1_selection.json,b1272041db1364831db88d72b114cca8f67e70416c3ea4326f99e5d53e1ea677
1571,0,policy_rejected,2.0,0.9998698496255395,level1,0.39149006528366903,data/raw/wave1_selection.json,b1272041db1364831db88d72b114cca8f67e70416c3ea4326f99e5d53e1ea677
196,0,policy_rejected,1.0,0.9990802832722269,level1,0.19573220776178588,data/raw/wave1_selection.json,b1272041db1364831db88d72b114cca8f67e70416c3ea4326f99e5d53e1ea677
764,0,dof_grade_not_a,1.0,0.0009338269037166119,none,1.0759958004931007,data/raw/wave1_selection.json,b1272041db1364831db88d72b114cca8f67e70416c3ea4326f99e5d53e1ea677
6,1,,1.0,0.9987944102751173,level1,1.1455960266972511,data/raw/wave1_selection.json,b1272041db1364831db88d72b114cca8f67e70416c3ea4326f99e5d53e1ea677
351,0,policy_rejected,1.0,0.9995906707597371,level1,0.3437127646571798,data/raw/wave1_selection.json,b1272041db1364831db88d72b114cca8f67e70416c3ea4326f99e5d53e1ea677
989,0,dof_grade_not_a,1.0,0.0002932830434374563,none,1.5264910336257422,data/raw/wave1_selection.json,b1272041db1364831db88d72b114cca8f67e70416c3ea4326f99e5d53e1ea677
193,0,dof_grade_not_a,1.0,0.00017290790449613793,none,0.9658010372099436,data/raw/wave1_selection.json,b1272041db1364831db88d72b114cca8f67e70416c3ea4326f99e5d53e1ea677
1056,0,policy_rejected,2.0,0.9996620297525142,level1,0.10543506381883495,data/raw/wave1_selection.json,b1272041db1364831db88d72b114cca8f67e70416c3ea4326f99e5d53e1ea677
17,1,,1.0,0.9987071157131231,level1,0.0522576281548462,data/raw/wave1_selection.json,b1272041db1364831db88d72b114cca8f67e70416c3ea4326f99e5d53e1ea677
1526,0,dof_grade_not_a,2.0,0.999289149537306,level1,0.03195622020109023,data/raw/wave1_selection.json,b1272041db1364831db88d72b114cca8f67e70416c3ea4326f99e5d53e1ea677
1179,1,,2.0,0.9992573547720718,level1,0.15599046570048844,data/raw/wave1_selection.json,b1272041db1364831db88d72b114cca8f67e70416c3ea4326f99e5d53e1ea677
144,1,,1.0,0.9991290553841741,level1,2.8526748965775037,data/raw/wave1_selection.json,b1272041db1364831db88d72b114cca8f67e70416c3ea4326f99e5d53e1ea677
821,1,,2.0,0.9992952148867311,level1,0.8094108297311112,data/raw/wave1_selection.json,b1272041db1364831db88d72b114cca8f67e70416c3ea4326f99e5d53e1ea677
910,0,dof_grade_not_a,2.0,0.9993377574564247,level1,0.35968813522224735,data/raw/wave1_selection.json,b1272041db1364831db88d72b114cca8f67e70416c3ea4326f99e5d53e1ea677
1437,0,policy_rejected,2.0,0.9988086311350786,level1,3.7775936556240644,data/raw/wave1_selection.json,b1272041db1364831db88d72b114cca8f67e70416c3ea4326f99e5d53e1ea677
1517,0,policy_rejected,3.0,0.9990075075461368,level1,0.1503911249281208,data/raw/wave1_selection.json,b1272041db1364831db88d72b114cca8f67e70416c3ea4326f99e5d53e1ea677
704,0,policy_rejected,1.0,0.9989052051959931,level1,0.11674505066274803,data/raw/wave1_selection.json,b1272041db1364831db88d72b114cca8f67e70416c3ea4326f99e5d53e1ea677
339,0,policy_rejected,1.0,0.9995316010928584,level1,0.18270820238194546,data/raw/wave1_selection.json,b1272041db1364831db88d72b114cca8f67e70416c3ea4326f99e5d53e1ea677
1988,1,,2.0,0.9997107737416336,level1,1.1096319240105175,data/raw/wave1_selection.json,b1272041db1364831db88d72b114cca8f67e70416c3ea4326f99e5d53e1ea677
1947,1,,2.0,0.9997451156499975,level1,1.2476317402242292,data/raw/wave1_selection.json,b1272041db1364831db88d72b114cca8f67e70416c3ea4326f99e5d53e1ea677
343,0,policy_rejected,1.0,0.999574338405555,level1,0.1688229436235391,data/raw/wave1_selection.json,b1272041db1364831db88d72b114cca8f67e70416c3ea4326f99e5d53e1ea677
43,1,,1.0,0.9990380521763381,level1,0.6389802165509877,data/raw/wave1_selection.json,b1272041db1364831db88d72b114cca8f67e70416c3ea4326f99e5d53e1ea677
943,0,policy_rejected,2.0,0.9994948454778732,level1,0.09926688026832672,data/raw/wave1_selection.json,b1272041db1364831db88d72b114cca8f67e70416c3ea4326f99e5d53e1ea677
188,1,,1.0,0.9996719897954344,level1,0.4917288802208183,data/raw/wave1_selection.json,b1272041db1364831db88d72b114cca8f67e70416c3ea4326f99e5d53e1ea677
218,0,policy_rejected,1.0,0.9997442153951382,level1,0.5933556005548157,data/raw/wave1_selection.json,b1272041db1364831db88d72b114cca8f67e70416c3ea4326f99e5d53e1ea677
153,0,policy_rejected,2.0,0.9991293431926478,level1,1.1158986533880166,data/raw/wave1_selection.json,b1272041db1364831db88d72b114cca8f67e70416c3ea4326f99e5d53e1ea677
211,1,,1.0,0.9993653194847966,level1,0.4262208293584208,data/raw/wave1_selection.json,b1272041db1364831db88d72b114cca8f67e70416c3ea4326f99e5d53e1ea677
1091,0,dof_grade_not_a,1.0,0.00042661778099796726,none,0.0345834853083319,data/raw/wave1_selection.json,b1272041db1364831db88d72b114cca8f67e70416c3ea4326f99e5d53e1ea677
856,1,,2.0,0.9997168653411321,level1,0.14244361555112656,data/raw/wave1_selection.json,b1272041db1364831db88d72b114cca8f67e70416c3ea4326f99e5d53e1ea677
461,1,,1.0,0.9997309302541627,level1,0.1355501749779922,data/raw/wave1_selection.json,b1272041db1364831db88d72b114cca8f67e70416c3ea4326f99e5d53e1ea677
1404,0,policy_rejected,1.0,0.9997321261096733,level1,0.14648838842340983,data/raw/wave1_selection.json,b1272041db1364831db88d72b114cca8f67e70416c3ea4326f99e5d53e1ea677
801,0,policy_rejected,1.0,0.999061058183856,level1,0.2309457923905414,data/raw/wave1_selection.json,b1272041db1364831db88d72b114cca8f67e70416c3ea4326f99e5d53e1ea677
925,0,policy_rejected,3.0,0.9997710249478357,level1,0.21481542550615282,data/raw/wave1_selection.json,b1272041db1364831db88d72b114cca8f67e70416c3ea4326f99e5d53e1ea677
1883,1,,1.0,0.9999415992312356,level1,0.17094473898110402,data/raw/wave1_selection.json,b1272041db1364831db88d72b114cca8f67e70416c3ea4326f99e5d53e1ea677
284,1,,2.0,0.9996029682752591,level1,0.796748346162573,data/raw/wave1_selection.json,b1272041db1364831db88d72b114cca8f67e70416c3ea4326f99e5d53e1ea677
1825,1,,2.0,0.9993843558054081,level1,0.5807269640589068,data/raw/wave1_selection.json,b1272041db1364831db88d72b114cca8f67e70416c3ea4326f99e5d53e1ea677
99,1,,1.0,0.9994085365344199,level1,0.7080568127444742,data/raw/wave1_selection.json,b1272041db1364831db88d72b114cca8f67e70416c3ea4326f99e5d53e1ea677
777,1,,1.0,0.9996279836984812,level1,0.6568304649476921,data/raw/wave1_selection.json,b1272041db1364831db88d72b114cca8f67e70416c3ea4326f99e5d53e1ea677
92,0,dof_grade_not_a;policy_rejected,1.0,0.9984065672648424,level1,0.613180723378796,data/raw/wave1_selection.json,b1272041db1364831db88d72b114cca8f67e70416c3ea4326f99e5d53e1ea677
1642,0,dof_grade_not_a,2.0,0.9998236665485785,level1,0.09148947396276386,data/raw/wave1_selection.json,b1272041db1364831db88d72b114cca8f67e70416c3ea4326f99e5d53e1ea677
229,1,,2.0,0.9996566548958912,level1,0.12370327475133622,data/raw/wave1_selection.json,b1272041db1364831db88d72b114cca8f67e70416c3ea4326f99e5d53e1ea677
664,1,,2.0,0.9998602748846829,level1,0.05873464422530751,data/raw/wave1_selection.json,b1272041db1364831db88d72b114cca8f67e70416c3ea4326f99e5d53e1ea677
389,1,,3.0,0.9994365557011479,level1,0.8354338229876018,data/raw/wave1_selection.json,b1272041db1364831db88d72b114cca8f67e70416c3ea4326f99e5d53e1ea677
1187,0,dof_grade_not_a;policy_rejected,2.0,0.999720208859153,level1,1.1659750049350108,data/raw/wave1_selection.json,b1272041db1364831db88d72b114cca8f67e70416c3ea4326f99e5d53e1ea677
1375,0,policy_rejected,2.0,0.999666744895801,level1,1.0200270509990954,data/raw/wave1_selection.json,b1272041db1364831db88d72b114cca8f67e70416c3ea4326f99e5d53e1ea677
289,0,dof_grade_not_a;policy_rejected,2.0,0.9987106541164746,level1,0.11840138905329126,data/raw/wave1_selection.json,b1272041db1364831db88d72b114cca8f67e70416c3ea4326f99e5d53e1ea677
496,1,,1.0,0.9995889127044543,level1,0.35657209517139293,data/raw/wave1_selection.json,b1272041db1364831db88d72b114cca8f67e70416c3ea4326f99e5d53e1ea677
978,0,dof_grade_not_a,2.0,0.9997149153857958,level1,0.0031132228443341375,data/raw/wave1_selection.json,b1272041db1364831db88d72b114cca8f67e70416c3ea4326f99e5d53e1ea677
1178,0,policy_rejected,1.0,0.9995093106278379,level1,0.6598193692018077,data/raw/wave1_selection.json,b1272041db1364831db88d72b114cca8f67e70416c3ea4326f99e5d53e1ea677
1274,0,policy_rejected,1.0,0.9994125827080235,level1,0.9293004892069959,data/raw/wave1_selection.json,b1272041db1364831db88d72b114cca8f67e70416c3ea4326f99e5d53e1ea677
176,0,dof_grade_not_a,2.0,0.9985040368022773,level1,0.10435723728215757,data/raw/wave1_selection.json,b1272041db1364831db88d72b114cca8f67e70416c3ea4326f99e5d53e1ea677
1499,0,policy_rejected,2.0,0.9997434786531827,level1,0.47000086933330365,data/raw/wave1_selection.json,b1272041db1364831db88d72b114cca8f67e70416c3ea4326f99e5d53e1ea677
1929,0,dof_grade_not_a,1.0,0.9980646945004349,level1,2.976464251676777,data/raw/wave1_selection.json,b1272041db1364831db88d72b114cca8f67e70416c3ea4326f99e5d53e1ea677
814,0,policy_rejected,1.0,0.9991340988057104,level1,0.31691483135390197,data/raw/wave1_selection.json,b1272041db1364831db88d72b114cca8f67e70416c3ea4326f99e5d53e1ea677
1142,0,policy_rejected,1.0,0.9996271334485146,level1,1.2478763972212377,data/raw/wave1_selection.json,b1272041db1364831db88d72b114cca8f67e70416c3ea4326f99e5d53e1ea677
1172,1,,1.0,0.9995879110207119,level1,0.19570782210730678,data/raw/wave1_selection.json,b1272041db1364831db88d72b114cca8f67e70416c3ea4326f99e5d53e1ea677
796,1,,2.0,0.9994913603048502,level1,0.009564395510890344,data/raw/wave1_selection.json,b1272041db1364831db88d72b114cca8f67e70416c3ea4326f99e5d53e1ea677
1608,1,,1.0,0.9990326904540361,level1,1.0153342977332929,data/raw/wave1_selection.json,b1272041db1364831db88d72b114cca8f67e70416c3ea4326f99e5d53e1ea677
1510,0,policy_rejected,2.0,0.9990749726037043,level1,0.4287212523759567,data/raw/wave1_selection.json,b1272041db1364831db88d72b114cca8f67e70416c3ea4326f99e5d53e1ea677
797,0,dof_grade_not_a,1.0,0.00029793283388432356,none,3.07359549232023,data/raw/wave1_selection.json,b1272041db1364831db88d72b114cca8f67e70416c3ea4326f99e5d53e1ea677
711,0,dof_grade_not_a,2.0,0.9997604592080578,level1,0.05891243977719206,data/raw/wave1_selection.json,b1272041db1364831db88d72b114cca8f67e70416c3ea4326f99e5d53e1ea677
916,0,dof_grade_not_a,2.0,0.999441000475458,level1,0.6687567201141938,data/raw/wave1_selection.json,b1272041db1364831db88d72b114cca8f67e70416c3ea4326f99e5d53e1ea677
1213,0,policy_rejected,2.0,0.9991423180376684,level1,0.8299553481004449,data/raw/wave1_selection.json,b1272041db1364831db88d72b114cca8f67e70416c3ea4326f99e5d53e1ea677
316,0,dof_grade_not_a,2.0,0.999770395281639,level1,1.3019537956584526,data/raw/wave1_selection.json,b1272041db1364831db88d72b114cca8f67e70416c3ea4326f99e5d53e1ea677
812,1,,2.0,0.9994439014347978,level1,1.9201738283188434,data/raw/wave1_selection.json,b1272041db1364831db88d72b114cca8f67e70416c3ea4326f99e5d53e1ea677
1215,1,,3.0,0.9989342557089206,level1,0.23551100322446156,data/raw/wave1_selection.json,b1272041db1364831db88d72b114cca8f67e70416c3ea4326f99e5d53e1ea677
47,1,,2.0,0.9998305348950363,level1,1.6763903661804689,data/raw/wave1_selection.json,b1272041db1364831db88d72b114cca8f67e70416c3ea4326f99e5d53e1ea677
1219,0,policy_rejected,1.0,0.9995380895514538,level1,0.012162109945944168,data/raw/wave1_selection.json,b1272041db1364831db88d72b114cca8f67e70416c3ea4326f99e5d53e1ea677
883,1,,2.0,0.9996405081100631,level1,0.057010650859784975,data/raw/wave1_selection.json,b1272041db1364831db88d72b114cca8f67e70416c3ea4326f99e5d53e1ea677
1304,0,policy_rejected,2.0,0.9994479845108598,level1,0.037377345087422284,data/raw/wave1_selection.json,b1272041db1364831db88d72b114cca8f67e70416c3ea4326f99e5d53e1ea677
808,0,dof_grade_not_a;policy_rejected,2.0,0.998972481882761,level1,0.5129706832343145,data/raw/wave1_selection.json,b1272041db1364831db88d72b114cca8f67e70416c3ea4326f99e5d53e1ea677
1395,1,,3.0,0.9991823064283686,level1,0.02551159968976688,data/raw/wave1_selection.json,b1272041db1364831db88d72b114cca8f67e70416c3ea4326f99e5d53e1ea677
1462,0,policy_rejected,1.0,0.9998281632510735,level1,0.22961626723287984,data/raw/wave1_selection.json,b1272041db1364831db88d72b114cca8f67e70416c3ea4326f99e5d53e1ea677
862,0,policy_rejected,2.0,0.999513610266669,level1,0.47167405094419984,data/raw/wave1_selection.json,b1272041db1364831db88d72b114cca8f67e70416c3ea4326f99e5d53e1ea677
1921,0,policy_rejected,1.0,0.9991138044011119,level1,0.11340172857732111,data/raw/wave1_selection.json,b1272041db1364831db88d72b114cca8f67e70416c3ea4326f99e5d53e1ea677
1826,0,policy_rejected,1.0,0.99909438293098,level1,0.17396976215075435,data/raw/wave1_selection.json,b1272041db1364831db88d72b114cca8f67e70416c3ea4326f99e5d53e1ea677
646,0,dof_grade_not_a;policy_rejected,1.0,0.00042595353604839157,none,0.2855413670584059,data/raw/wave1_selection.json,b1272041db1364831db88d72b114cca8f67e70416c3ea4326f99e5d53e1ea677
1312,1,,2.0,0.9996914732147616,level1,0.3355980362201062,data/raw/wave1_selection.json,b1272041db1364831db88d72b114cca8f67e70416c3ea4326f99e5d53e1ea677
803,0,policy_rejected,2.0,0.999448380941035,level1,0.1469327895012473,data/raw/wave1_selection.json,b1272041db1364831db88d72b114cca8f67e70416c3ea4326f99e5d53e1ea677
1531,0,policy_rejected,1.0,0.9999375239593268,level1,3.7231451252685477,data/raw/wave1_selection.json,b1272041db1364831db88d72b114cca8f67e70416c3ea4326f99e5d53e1ea677
571,0,dof_grade_not_a,1.0,0.9986834708369112,level1,3.078551405954052,data/raw/wave1_selection.json,b1272041db1364831db88d72b114cca8f67e70416c3ea4326f99e5d53e1ea677
214,0,policy_rejected,1.0,0.9996048580615754,level1,0.05907837977304004,data/raw/wave1_selection.json,b1272041db1364831db88d72b114cca8f67e70416c3ea4326f99e5d53e1ea677
258,0,policy_rejected,1.0,0.9993283577880916,level1,0.2860181612566259,data/raw/wave1_selection.json,b1272041db1364831db88d72b114cca8f67e70416c3ea4326f99e5d53e1ea677
1453,0,policy_rejected,2.0,0.9993313684459167,level1,0.5594961373501307,data/raw/wave1_selection.json,b1272041db1364831db88d72b114cca8f67e70416c3ea4326f99e5d53e1ea677
242,1,,1.0,0.9995124310742667,level1,2.6998998960050073,data/raw/wave1_selection.json,b1272041db1364831db88d72b114cca8f67e70416c3ea4326f99e5d53e1ea677
1018,0,policy_rejected,1.0,0.9996091748639688,level1,1.6525602499743957,data/raw/wave1_selection.json,b1272041db1364831db88d72b114cca8f67e70416c3ea4326f99e5d53e1ea677
1697,0,dof_missing;missing_match;unknown_particle,,,,,data/raw/wave1_selection.json,b1272041db1364831db88d72b114cca8f67e70416c3ea4326f99e5d53e1ea677
1135,0,policy_rejected,1.0,0.9992811807921815,level1,0.732869402771307,data/raw/wave1_selection.json,b1272041db1364831db88d72b114cca8f67e70416c3ea4326f99e5d53e1ea677
1679,0,policy_rejected,1.0,0.999133019707116,level1,0.17473192570535973,data/raw/wave1_selection.json,b1272041db1364831db88d72b114cca8f67e70416c3ea4326f99e5d53e1ea677
578,1,,1.0,0.9992816478306322,level1,0.021863931906791527,data/raw/wave1_selection.json,b1272041db1364831db88d72b114cca8f67e70416c3ea4326f99e5d53e1ea677
1206,1,,2.0,0.9997765151758855,level1,0.5681148743395683,data/raw/wave1_selection.json,b1272041db1364831db88d72b114cca8f67e70416c3ea4326f99e5d53e1ea677
1046,0,policy_rejected,2.0,0.9995391305465963,level1,0.32330308055656487,data/raw/wave1_selection.json,b1272041db1364831db88d72b114cca8f67e70416c3ea4326f99e5d53e1ea677
1850,1,,2.0,0.9996874928932165,level1,0.415927299439178,data/raw/wave1_selection.json,b1272041db1364831db88d72b114cca8f67e70416c3ea4326f99e5d53e1ea677
1766,0,policy_rejected,1.0,0.9999558002264791,level1,3.7228267852717303,data/raw/wave1_selection.json,b1272041db1364831db88d72b114cca8f67e70416c3ea4326f99e5d53e1ea677
490,0,dof_grade_not_a,1.0,0.9985327891912416,level1,0.7631234915625513,data/raw/wave1_selection.json,b1272041db1364831db88d72b114cca8f67e70416c3ea4326f99e5d53e1ea677
103,0,policy_rejected,1.0,0.9997056240748456,level1,3.6885527320144744,data/raw/wave1_selection.json,b1272041db1364831db88d72b114cca8f67e70416c3ea4326f99e5d53e1ea677
1272,1,,2.0,0.9993284854773031,level1,1.1370043141899957,data/raw/wave1_selection.json,b1272041db1364831db88d72b114cca8f67e70416c3ea4326f99e5d53e1ea677
759,1,,2.0,0.9992602420136036,level1,0.09819014479524546,data/raw/wave1_selection.json,b1272041db1364831db88d72b114cca8f67e70416c3ea4326f99e5d53e1ea677
792,0,dof_grade_not_a,3.0,0.9996842179116135,level1,0.3052430612378639,data/raw/wave1_selection.json,b1272041db1364831db88d72b114cca8f67e70416c3ea4326f99e5d53e1ea677
394,1,,3.0,0.9992194169285138,level1,1.4256182227190972,data/raw/wave1_selection.json,b1272041db1364831db88d72b114cca8f67e70416c3ea4326f99e5d53e1ea677
1184,0,dof_grade_not_a,2.0,0.9998581030496385,level1,0.20351167452976557,data/raw/wave1_selection.json,b1272041db1364831db88d72b114cca8f67e70416c3ea4326f99e5d53e1ea677
1814,1,,2.0,0.9996239244211806,level1,0.8221637482238849,data/raw/wave1_selection.json,b1272041db1364831db88d72b114cca8f67e70416c3ea4326f99e5d53e1ea677
1655,1,,2.0,0.999499072687582,level1,0.6492371685932147,data/raw/wave1_selection.json,b1272041db1364831db88d72b114cca8f67e70416c3ea4326f99e5d53e1ea677
301,1,,1.0,0.9997234956586133,level1,3.231978196501787,data/raw/wave1_selection.json,b1272041db1364831db88d72b114cca8f67e70416c3ea4326f99e5d53e1ea677
93,0,policy_rejected,1.0,0.999481630874658,level1,1.8687663291233538,data/raw/wave1_selection.json,b1272041db1364831db88d72b114cca8f67e70416c3ea4326f99e5d53e1ea677
1997,0,policy_rejected,2.0,0.9996134984292826,level1,0.11099329297516806,data/raw/wave1_selection.json,b1272041db1364831db88d72b114cca8f67e70416c3ea4326f99e5d53e1ea677
828,0,policy_rejected,2.0,0.9998508055060943,level1,3.555340907046589,data/raw/wave1_selection.json,b1272041db1364831db88d72b114cca8f67e70416c3ea4326f99e5d53e1ea677
665,1,,1.0,0.9989945646479055,level1,2.144500986274946,data/raw/wave1_selection.json,b1272041db1364831db88d72b114cca8f67e70416c3ea4326f99e5d53e1ea677
1447,0,policy_rejected,2.0,0.9994443961827023,level1,3.714081896612243,data/raw/wave1_selection.json,b1272041db1364831db88d72b114cca8f67e70416c3ea4326f99e5d53e1ea677
861,0,dof_grade_not_a;policy_rejected,1.0,7.421985190817449e-05,none,3.756942177030577,data/raw/wave1_selection.json,b1272041db1364831db88d72b114cca8f67e70416c3ea4326f99e5d53e1ea677
1523,1,,2.0,0.9994651775476681,level1,0.6115361288132432,data/raw/wave1_selection.json,b1272041db1364831db88d72b114cca8f67e70416c3ea4326f99e5d53e1ea677
1059,0,dof_grade_not_a,1.0,0.9995848309319019,level1,0.9350120047139391,data/raw/wave1_selection.json,b1272041db1364831db88d72b114cca8f67e70416c3ea4326f99e5d53e1ea677
510,0,dof_grade_not_a,1.0,0.9973289588920946,level1,0.5870895421164213,data/raw/wave1_selection.json,b1272041db1364831db88d72b114cca8f67e70416c3ea4326f99e5d53e1ea677
1368,1,,1.0,0.9994413034194781,level1,0.14961060700648854,data/raw/wave1_selection.json,b1272041db1364831db88d72b114cca8f67e70416c3ea4326f99e5d53e1ea677
1797,0,dof_grade_not_a,2.0,0.9985733659634417,level1,0.06978316343476879,data/raw/wave1_selection.json,b1272041db1364831db88d72b114cca8f67e70416c3ea4326f99e5d53e1ea677
278,0,dof_grade_not_a,1.0,0.0001566639272181247,none,0.9663782612463302,data/raw/wave1_selection.json,b1272041db1364831db88d72b114cca8f67e70416c3ea4326f99e5d53e1ea677
1254,0,policy_rejected,2.0,0.9996463920053237,level1,0.4729974969000824,data/raw/wave1_selection.json,b1272041db1364831db88d72b114cca8f67e70416c3ea4326f99e5d53e1ea677
1613,0,dof_grade_not_a;policy_rejected,1.0,0.9990722802698077,level1,1.08053869369889,data/raw/wave1_selection.json,b1272041db1364831db88d72b114cca8f67e70416c3ea4326f99e5d53e1ea677
116,1,,1.0,0.999524095583014,level1,1.1174171034194362,data/raw/wave1_selection.json,b1272041db1364831db88d72b114cca8f67e70416c3ea4326f99e5d53e1ea677
426,0,policy_rejected,2.0,0.9998441530886576,level1,0.1766579011114066,data/raw/wave1_selection.json,b1272041db1364831db88d72b114cca8f67e70416c3ea4326f99e5d53e1ea677
1162,0,dof_grade_not_a;policy_rejected,1.0,0.00014152622347162442,none,3.942217625677822,data/raw/wave1_selection.json,b1272041db1364831db88d72b114cca8f67e70416c3ea4326f99e5d53e1ea677
742,0,policy_rejected,2.0,0.9995091885613648,level1,0.09467755084407795,data/raw/wave1_selection.json,b1272041db1364831db88d72b114cca8f67e70416c3ea4326f99e5d53e1ea677
1985,0,dof_grade_not_a;policy_rejected,1.0,0.9984941380039873,level1,0.8433777875540717,data/raw/wave1_selection.json,b1272041db1364831db88d72b114cca8f67e70416c3ea4326f99e5d53e1ea677
834,0,policy_rejected,1.0,0.9997630887177366,level1,0.6768364774387803,data/raw/wave1_selection.json,b1272041db1364831db88d72b114cca8f67e70416c3ea4326f99e5d53e1ea677
895,1,,1.0,0.9998615721739195,level1,1.1482300137648551,data/raw/wave1_selection.json,b1272041db1364831db88d72b114cca8f67e70416c3ea4326f99e5d53e1ea677
712,0,policy_rejected,1.0,0.9995586816039856,level1,0.4834586299102767,data/raw/wave1_selection.json,b1272041db1364831db88d72b114cca8f67e70416c3ea4326f99e5d53e1ea677
537,0,dof_grade_not_a,1.0,3.895331187068463e-05,none,0.6895866640206556,data/raw/wave1_selection.json,b1272041db1364831db88d72b114cca8f67e70416c3ea4326f99e5d53e1ea677
222,1,,1.0,0.9998599625761933,level1,0.19887501105624955,data/raw/wave1_selection.json,b1272041db1364831db88d72b114cca8f67e70416c3ea4326f99e5d53e1ea677
1149,0,policy_rejected,2.0,0.9989193707404966,level1,3.8260935165390655,data/raw/wave1_selection.json,b1272041db1364831db88d72b114cca8f67e70416c3ea4326f99e5d53e1ea677
1951,1,,1.0,0.9992429750719869,level1,0.8518773549374171,data/raw/wave1_selection.json,b1272041db1364831db88d72b114cca8f67e70416c3ea4326f99e5d53e1ea677
1136,0,dof_grade_not_a,1.0,3.866096820930191e-05,none,0.026754477441511795,data/raw/wave1_selection.json,b1272041db1364831db88d72b114cca8f67e70416c3ea4326f99e5d53e1ea677
69,0,policy_rejected,1.0,0.9997523988546562,level1,0.06021731979782907,data/raw/wave1_selection.json,b1272041db1364831db88d72b114cca8f67e70416c3ea4326f99e5d53e1ea677
1210,0,dof_grade_not_a,1.0,0.9984151516734355,level1,1.5945350837732564,data/raw/wave1_selection.json,b1272041db1364831db88d72b114cca8f67e70416c3ea4326f99e5d53e1ea677
1874,0,dof_grade_not_a,1.0,0.9974188729262838,level1,1.042147449392629,data/raw/wave1_selection.json,b1272041db1364831db88d72b114cca8f67e70416c3ea4326f99e5d53e1ea677
1877,0,dof_grade_not_a;policy_rejected,1.0,0.9985778238686615,level1,0.06817019979574575,data/raw/wave1_selection.json,b1272041db1364831db88d72b114cca8f67e70416c3ea4326f99e5d53e1ea677
168,0,policy_rejected,1.0,0.9993221960583784,level1,3.579250559407493,data/raw/wave1_selection.json,b1272041db1364831db88d72b114cca8f67e70416c3ea4326f99e5d53e1ea677
494,0,policy_rejected,1.0,0.9991103620899686,level1,0.14944555100369528,data/raw/wave1_selection.json,b1272041db1364831db88d72b114cca8f67e70416c3ea4326f99e5d53e1ea677
213,1,,3.0,0.9989735231779009,level1,0.08121318217573822,data/raw/wave1_selection.json,b1272041db1364831db88d72b114cca8f67e70416c3ea4326f99e5d53e1ea677
1686,1,,1.0,0.9993532647765574,level1,0.6219225984038748,data/raw/wave1_selection.json,b1272041db1364831db88d72b114cca8f67e70416c3ea4326f99e5d53e1ea677
836,1,,2.0,0.9997831271675001,level1,0.31089496595526117,data/raw/wave1_selection.json,b1272041db1364831db88d72b114cca8f67e70416c3ea4326f99e5d53e1ea677
145,0,dof_grade_not_a,1.0,0.00028612110974955235,none,0.03850208808090622,data/raw/wave1_selection.json,b1272041db1364831db88d72b114cca8f67e70416c3ea4326f99e5d53e1ea677
1298,1,,2.0,0.9997460771816572,level1,0.029719799007004857,data/raw/wave1_selection.json,b1272041db1364831db88d72b114cca8f67e70416c3ea4326f99e5d53e1ea677
1607,0,dof_grade_not_a,2.0,0.9993866920386745,level1,0.7679957148593025,data/raw/wave1_selection.json,b1272041db1364831db88d72b114cca8f67e70416c3ea4326f99e5d53e1ea677
630,0,dof_missing;missing_match;unknown_particle,,,,,data/raw/wave1_selection.json,b1272041db1364831db88d72b114cca8f67e70416c3ea4326f99e5d53e1ea677
156,1,,1.0,0.9997740812213681,level1,2.5692653890367385,data/raw/wave1_selection.json,b1272041db1364831db88d72b114cca8f67e70416c3ea4326f99e5d53e1ea677
1244,1,,1.0,0.9996406625238533,level1,3.264637475268127,data/raw/wave1_selection.json,b1272041db1364831db88d72b114cca8f67e70416c3ea4326f99e5d53e1ea677
1855,0,policy_rejected,1.0,0.9994474551044739,level1,0.4531253437916475,data/raw/wave1_selection.json,b1272041db1364831db88d72b114cca8f67e70416c3ea4326f99e5d53e1ea677
212,1,,3.0,0.9994021936980716,level1,0.09184948776301241,data/raw/wave1_selection.json,b1272041db1364831db88d72b114cca8f67e70416c3ea4326f99e5d53e1ea677
1145,1,,3.0,0.999778204991607,level1,0.19734652921088908,data/raw/wave1_selection.json,b1272041db1364831db88d72b114cca8f67e70416c3ea4326f99e5d53e1ea677
1211,0,policy_rejected,1.0,0.9998068269699601,level1,0.11408811377532736,data/raw/wave1_selection.json,b1272041db1364831db88d72b114cca8f67e70416c3ea4326f99e5d53e1ea677
1502,1,,2.0,0.9999270693316461,level1,0.7055420586076788,data/raw/wave1_selection.json,b1272041db1364831db88d72b114cca8f67e70416c3ea4326f99e5d53e1ea677
1958,1,,2.0,0.9997065556821662,level1,0.17884125962317285,data/raw/wave1_selection.json,b1272041db1364831db88d72b114cca8f67e70416c3ea4326f99e5d53e1ea677
1728,0,policy_rejected,1.0,0.999562742943866,level1,3.4083183816168163,data/raw/wave1_selection.json,b1272041db1364831db88d72b114cca8f67e70416c3ea4326f99e5d53e1ea677
1026,1,,1.0,0.9992611255819822,level1,0.16490231675487785,data/raw/wave1_selection.json,b1272041db1364831db88d72b114cca8f67e70416c3ea4326f99e5d53e1ea677
1344,1,,1.0,0.9998812534928524,level1,0.41944111082236873,data/raw/wave1_selection.json,b1272041db1364831db88d72b114cca8f67e70416c3ea4326f99e5d53e1ea677
762,0,dof_grade_not_a;policy_rejected,2.0,0.9984694032663137,level1,0.08032990474175644,data/raw/wave1_selection.json,b1272041db1364831db88d72b114cca8f67e70416c3ea4326f99e5d53e1ea677
1237,0,dof_grade_not_a,1.0,0.9987602480185404,level1,1.326015062699238,data/raw/wave1_selection.json,b1272041db1364831db88d72b114cca8f67e70416c3ea4326f99e5d53e1ea677
748,1,,1.0,0.9990571311788116,level1,1.7701755199560734,data/raw/wave1_selection.json,b1272041db1364831db88d72b114cca8f67e70416c3ea4326f99e5d53e1ea677
1328,0,dof_grade_not_a,1.0,0.00015815418339308406,none,0.11084570630825329,data/raw/wave1_selection.json,b1272041db1364831db88d72b114cca8f67e70416c3ea4326f99e5d53e1ea677
263,0,dof_grade_not_a;policy_rejected,1.0,0.9982070626299429,level1,0.07490229736382534,data/raw/wave1_selection.json,b1272041db1364831db88d72b114cca8f67e70416c3ea4326f99e5d53e1ea677
302,1,,1.0,0.9994820544777947,level1,0.39886117770463064,data/raw/wave1_selection.json,b1272041db1364831db88d72b114cca8f67e70416c3ea4326f99e5d53e1ea677
820,0,dof_grade_not_a,2.0,0.9997952897145211,level1,0.03779634387006089,data/raw/wave1_selection.json,b1272041db1364831db88d72b114cca8f67e70416c3ea4326f99e5d53e1ea677
1722,0,dof_grade_not_a,1.0,0.00024288431147579515,none,1.9712023169399016,data/raw/wave1_selection.json,b1272041db1364831db88d72b114cca8f67e70416c3ea4326f99e5d53e1ea677
1292,1,,1.0,0.999438677060278,level1,0.20127944877441162,data/raw/wave1_selection.json,b1272041db1364831db88d72b114cca8f67e70416c3ea4326f99e5d53e1ea677
76,1,,1.0,0.9996371508512715,level1,3.2883118990844036,data/raw/wave1_selection.json,b1272041db1364831db88d72b114cca8f67e70416c3ea4326f99e5d53e1ea677
530,1,,2.0,0.9992906455187094,level1,0.07919575761072536,data/raw/wave1_selection.json,b1272041db1364831db88d72b114cca8f67e70416c3ea4326f99e5d53e1ea677
499,1,,2.0,0.9996550385687352,level1,0.046508807069822536,data/raw/wave1_selection.json,b1272041db1364831db88d72b114cca8f67e70416c3ea4326f99e5d53e1ea677
298,1,,2.0,0.9997630638972609,level1,0.8952520135474646,data/raw/wave1_selection.json,b1272041db1364831db88d72b114cca8f67e70416c3ea4326f99e5d53e1ea677
1132,0,policy_rejected,1.0,0.9997287118417747,level1,0.26407811739804715,data/raw/wave1_selection.json,b1272041db1364831db88d72b114cca8f67e70416c3ea4326f99e5d53e1ea677
1742,0,dof_grade_not_a,1.0,0.00012436021210208054,none,0.41098534425755157,data/raw/wave1_selection.json,b1272041db1364831db88d72b114cca8f67e70416c3ea4326f99e5d53e1ea677
381,0,policy_rejected,1.0,0.9996834144073433,level1,0.13050682081925472,data/raw/wave1_selection.json,b1272041db1364831db88d72b114cca8f67e70416c3ea4326f99e5d53e1ea677
413,0,dof_grade_not_a,2.0,0.9994846965840037,level1,0.14272551728790575,data/raw/wave1_selection.json,b1272041db1364831db88d72b114cca8f67e70416c3ea4326f99e5d53e1ea677
1778,0,dof_grade_not_a,1.0,4.271130416853477e-12,none,0.09896991222059955,data/raw/wave1_selection.json,b1272041db1364831db88d72b114cca8f67e70416c3ea4326f99e5d53e1ea677
1042,0,dof_grade_not_a,2.0,0.9993525815799976,level1,0.08311122961481213,data/raw/wave1_selection.json,b1272041db1364831db88d72b114cca8f67e70416c3ea4326f99e5d53e1ea677
955,0,policy_rejected,1.0,0.9992529436408647,level1,1.4442030608599028,data/raw/wave1_selection.json,b1272041db1364831db88d72b114cca8f67e70416c3ea4326f99e5d53e1ea677
1423,1,,1.0,0.9995148824943482,level1,0.4492631126912288,data/raw/wave1_selection.json,b1272041db1364831db88d72b114cca8f67e70416c3ea4326f99e5d53e1ea677
1277,1,,2.0,0.9991511331026606,level1,0.008495374075237334,data/raw/wave1_selection.json,b1272041db1364831db88d72b114cca8f67e70416c3ea4326f99e5d53e1ea677
1259,0,policy_rejected,1.0,0.9992128713674571,level1,0.35617104695886004,data/raw/wave1_selection.json,b1272041db1364831db88d72b114cca8f67e70416c3ea4326f99e5d53e1ea677
1713,1,,2.0,0.9990462666254916,level1,0.06822194679444818,data/raw/wave1_selection.json,b1272041db1364831db88d72b114cca8f67e70416c3ea4326f99e5d53e1ea677
1359,1,,1.0,0.9992178989556812,level1,0.23017244099426207,data/raw/wave1_selection.json,b1272041db1364831db88d72b114cca8f67e70416c3ea4326f99e5d53e1ea677
468,0,dof_grade_not_a;policy_rejected,2.0,0.9983916033866305,level1,0.38872344837588446,data/raw/wave1_selection.json,b1272041db1364831db88d72b114cca8f67e70416c3ea4326f99e5d53e1ea677
383,0,dof_missing;missing_match;unknown_particle,,,,,data/raw/wave1_selection.json,b1272041db1364831db88d72b114cca8f67e70416c3ea4326f99e5d53e1ea677
1185,0,policy_rejected,1.0,0.9998169366628211,level1,0.029715016205702334,data/raw/wave1_selection.json,b1272041db1364831db88d72b114cca8f67e70416c3ea4326f99e5d53e1ea677
249,0,dof_grade_not_a,2.0,0.9994726932347058,level1,1.1582248271751878,data/raw/wave1_selection.json,b1272041db1364831db88d72b114cca8f67e70416c3ea4326f99e5d53e1ea677
361,0,policy_rejected,1.0,0.9994172910946454,level1,0.02095472558090308,data/raw/wave1_selection.json,b1272041db1364831db88d72b114cca8f67e70416c3ea4326f99e5d53e1ea677
232,0,dof_grade_not_a,2.0,0.9998980653144459,level1,0.5157063835512441,data/raw/wave1_selection.json,b1272041db1364831db88d72b114cca8f67e70416c3ea4326f99e5d53e1ea677
1831,0,policy_rejected,1.0,0.9994453777850046,level1,0.05930144326746235,data/raw/wave1_selection.json,b1272041db1364831db88d72b114cca8f67e70416c3ea4326f99e5d53e1ea677
40,1,,2.0,0.999641096150137,level1,0.04467504442208406,data/raw/wave1_selection.json,b1272041db1364831db88d72b114cca8f67e70416c3ea4326f99e5d53e1ea677
1675,0,dof_grade_not_a,2.0,0.9985415689113505,level1,2.715603409479883,data/raw/wave1_selection.json,b1272041db1364831db88d72b114cca8f67e70416c3ea4326f99e5d53e1ea677
1408,1,,1.0,0.9996891824691235,level1,0.3058183065672607,data/raw/wave1_selection.json,b1272041db1364831db88d72b114cca8f67e70416c3ea4326f99e5d53e1ea677
1683,1,,1.0,0.9990472538266321,level1,0.4592783696907159,data/raw/wave1_selection.json,b1272041db1364831db88d72b114cca8f67e70416c3ea4326f99e5d53e1ea677
317,0,dof_grade_not_a;policy_rejected,1.0,0.9974061536961187,level1,0.060964934260233784,data/raw/wave1_selection.json,b1272041db1364831db88d72b114cca8f67e70416c3ea4326f99e5d53e1ea677
829,0,policy_rejected,1.0,0.999673174067542,level1,3.1353792452310314,data/raw/wave1_selection.json,b1272041db1364831db88d72b114cca8f67e70416c3ea4326f99e5d53e1ea677
851,0,dof_grade_not_a;policy_rejected,2.0,0.9979521458008631,level1,0.2541108277588901,data/raw/wave1_selection.json,b1272041db1364831db88d72b114cca8f67e70416c3ea4326f99e5d53e1ea677
1464,1,,2.0,0.9988040895887426,level1,0.05072342215762331,data/raw/wave1_selection.json,b1272041db1364831db88d72b114cca8f67e70416c3ea4326f99e5d53e1ea677
1470,1,,2.0,0.9994269014914008,level1,0.0796058764078822,data/raw/wave1_selection.json,b1272041db1364831db88d72b114cca8f67e70416c3ea4326f99e5d53e1ea677
800,0,policy_rejected,1.0,0.9988309953880016,level1,0.6647134076321667,data/raw/wave1_selection.json,b1272041db1364831db88d72b114cca8f67e70416c3ea4326f99e5d53e1ea677
1771,1,,2.0,0.9994365553379795,level1,0.0835039941299229,data/raw/wave1_selection.json,b1272041db1364831db88d72b114cca8f67e70416c3ea4326f99e5d53e1ea677
1913,0,dof_grade_not_a;policy_rejected,1.0,0.0005858158866639038,none,0.10962164767927729,data/raw/wave1_selection.json,b1272041db1364831db88d72b114cca8f67e70416c3ea4326f99e5d53e1ea677
545,0,policy_rejected,2.0,0.9996511960807865,level1,1.347455314101793,data/raw/wave1_selection.json,b1272041db1364831db88d72b114cca8f67e70416c3ea4326f99e5d53e1ea677
1440,1,,1.0,0.9992765487427954,level1,0.42790466302382135,data/raw/wave1_selection.json,b1272041db1364831db88d72b114cca8f67e70416c3ea4326f99e5d53e1ea677
1552,1,,2.0,0.9992131668289833,level1,0.16594978320253048,data/raw/wave1_selection.json,b1272041db1364831db88d72b114cca8f67e70416c3ea4326f99e5d53e1ea677
166,0,policy_rejected,1.0,0.9996774450327744,level1,0.3449264307671584,data/raw/wave1_selection.json,b1272041db1364831db88d72b114cca8f67e70416c3ea4326f99e5d53e1ea677
1073,1,,2.0,0.9987911187318614,level1,0.11517370808043578,data/raw/wave1_selection.json,b1272041db1364831db88d72b114cca8f67e70416c3ea4326f99e5d53e1ea677
866,1,,1.0,0.999682931373298,level1,1.165730524007489,data/raw/wave1_selection.json,b1272041db1364831db88d72b114cca8f67e70416c3ea4326f99e5d53e1ea677
708,0,dof_grade_not_a,2.0,0.9992765157452628,level1,0.4096112594396755,data/raw/wave1_selection.json,b1272041db1364831db88d72b114cca8f67e70416c3ea4326f99e5d53e1ea677
933,0,dof_grade_not_a,2.0,0.9982873410677116,level1,0.07924098521517799,data/raw/wave1_selection.json,b1272041db1364831db88d72b114cca8f67e70416c3ea4326f99e5d53e1ea677
1846,1,,2.0,0.99982226084907,level1,1.0360314721984292,data/raw/wave1_selection.json,b1272041db1364831db88d72b114cca8f67e70416c3ea4326f99e5d53e1ea677
681,0,policy_rejected,3.0,0.9998928841647517,level1,0.003169159920770451,data/raw/wave1_selection.json,b1272041db1364831db88d72b114cca8f67e70416c3ea4326f99e5d53e1ea677
256,1,,2.0,0.9999025529557304,level1,0.44840330118846855,data/raw/wave1_selection.json,b1272041db1364831db88d72b114cca8f67e70416c3ea4326f99e5d53e1ea677
1107,0,dof_grade_not_a,2.0,0.9998075733740953,level1,0.0017722544556979275,data/raw/wave1_selection.json,b1272041db1364831db88d72b114cca8f67e70416c3ea4326f99e5d53e1ea677
1659,1,,1.0,0.999038044455607,level1,0.4915287109490369,data/raw/wave1_selection.json,b1272041db1364831db88d72b114cca8f67e70416c3ea4326f99e5d53e1ea677
1696,0,policy_rejected,2.0,0.9992456205217568,level1,0.1479003547366558,data/raw/wave1_selection.json,b1272041db1364831db88d72b114cca8f67e70416c3ea4326f99e5d53e1ea677
87,1,,1.0,0.9995573647055018,level1,1.0768638990540895,data/raw/wave1_selection.json,b1272041db1364831db88d72b114cca8f67e70416c3ea4326f99e5d53e1ea677
1489,0,dof_grade_not_a;policy_rejected,1.0,0.9982465568849606,level1,0.48843589004468246,data/raw/wave1_selection.json,b1272041db1364831db88d72b114cca8f67e70416c3ea4326f99e5d53e1ea677
570,1,,1.0,0.9996093734632416,level1,3.398966745551675,data/raw/wave1_selection.json,b1272041db1364831db88d72b114cca8f67e70416c3ea4326f99e5d53e1ea677
435,0,policy_rejected,1.0,0.9997176468227856,level1,0.6018073460631179,data/raw/wave1_selection.json,b1272041db1364831db88d72b114cca8f67e70416c3ea4326f99e5d53e1ea677
1309,1,,1.0,0.999512849511354,level1,0.23083068663897574,data/raw/wave1_selection.json,b1272041db1364831db88d72b114cca8f67e70416c3ea4326f99e5d53e1ea677
603,1,,1.0,0.9995660723585945,level1,0.4436872892625882,data/raw/wave1_selection.json,b1272041db1364831db88d72b114cca8f67e70416c3ea4326f99e5d53e1ea677
661,1,,3.0,0.9997901116948376,level1,0.42077496722623436,data/raw/wave1_selection.json,b1272041db1364831db88d72b114cca8f67e70416c3ea4326f99e5d53e1ea677
1082,0,dof_grade_not_a,1.0,0.9985048993834499,level1,1.3067800404406686,data/raw/wave1_selection.json,b1272041db1364831db88d72b114cca8f67e70416c3ea4326f99e5d53e1ea677
1705,0,dof_grade_not_a;policy_rejected,1.0,0.9977738546963121,level1,3.526454363135455,data/raw/wave1_selection.json,b1272041db1364831db88d72b114cca8f67e70416c3ea4326f99e5d53e1ea677
528,0,policy_rejected,2.0,0.9996938484332786,level1,0.3566950301330482,data/raw/wave1_selection.json,b1272041db1364831db88d72b114cca8f67e70416c3ea4326f99e5d53e1ea677
1598,0,policy_rejected,1.0,0.9995835723996153,level1,0.35271581524280404,data/raw/wave1_selection.json,b1272041db1364831db88d72b114cca8f67e70416c3ea4326f99e5d53e1ea677
776,0,dof_grade_not_a;policy_rejected,1.0,0.9986435517262997,level1,0.5387091810645509,data/raw/wave1_selection.json,b1272041db1364831db88d72b114cca8f67e70416c3ea4326f99e5d53e1ea677
358,1,,1.0,0.9992070509456666,level1,0.18021156498236626,data/raw/wave1_selection.json,b1272041db1364831db88d72b114cca8f67e70416c3ea4326f99e5d53e1ea677
1711,0,dof_grade_not_a;policy_rejected,1.0,0.00025667331810570173,none,3.4483295577167055,data/raw/wave1_selection.json,b1272041db1364831db88d72b114cca8f67e70416c3ea4326f99e5d53e1ea677
181,0,dof_grade_not_a,1.0,5.3036541424626966e-05,none,0.714112080862932,data/raw/wave1_selection.json,b1272041db1364831db88d72b114cca8f67e70416c3ea4326f99e5d53e1ea677
1626,1,,1.0,0.9997936980537692,level1,0.10205470879452898,data/raw/wave1_selection.json,b1272041db1364831db88d72b114cca8f67e70416c3ea4326f99e5d53e1ea677
245,0,policy_rejected,1.0,0.9998823725082217,level1,0.04893987473732151,data/raw/wave1_selection.json,b1272041db1364831db88d72b114cca8f67e70416c3ea4326f99e5d53e1ea677
387,0,policy_rejected,1.0,0.9994607512639933,level1,3.7893805737061936,data/raw/wave1_selection.json,b1272041db1364831db88d72b114cca8f67e70416c3ea4326f99e5d53e1ea677
1671,1,,1.0,0.9997591125139789,level1,1.6964639933839336,data/raw/wave1_selection.json,b1272041db1364831db88d72b114cca8f67e70416c3ea4326f99e5d53e1ea677
903,1,,2.0,0.99943247812976,level1,0.05681781057955875,data/raw/wave1_selection.json,b1272041db1364831db88d72b114cca8f67e70416c3ea4326f99e5d53e1ea677
1144,1,,1.0,0.9994942682773701,level1,3.164245809525137,data/raw/wave1_selection.json,b1272041db1364831db88d72b114cca8f67e70416c3ea4326f99e5d53e1ea677
984,0,dof_grade_not_a,1.0,0.9983315663074819,level1,0.27071150764294194,data/raw/wave1_selection.json,b1272041db1364831db88d72b114cca8f67e70416c3ea4326f99e5d53e1ea677
753,0,dof_grade_not_a,1.0,7.870311921998731e-13,none,2.2473627546318644,data/raw/wave1_selection.json,b1272041db1364831db88d72b114cca8f67e70416c3ea4326f99e5d53e1ea677
1918,0,policy_rejected,1.0,0.9993756263416347,level1,0.07280793490639897,data/raw/wave1_selection.json,b1272041db1364831db88d72b114cca8f67e70416c3ea4326f99e5d53e1ea677
397,0,policy_rejected,1.0,0.9998096207310456,level1,0.08591951806800757,data/raw/wave1_selection.json,b1272041db1364831db88d72b114cca8f67e70416c3ea4326f99e5d53e1ea677
908,0,dof_grade_not_a;policy_rejected,1.0,3.706566099927656e-12,none,0.5158196341393502,data/raw/wave1_selection.json,b1272041db1364831db88d72b114cca8f67e70416c3ea4326f99e5d53e1ea677
1362,0,dof_grade_not_a,1.0,9.76232669865304e-05,none,0.13831909872269202,data/raw/wave1_selection.json,b1272041db1364831db88d72b114cca8f67e70416c3ea4326f99e5d53e1ea677
1170,0,policy_rejected,1.0,0.9998742625592744,level1,0.005495807896694655,data/raw/wave1_selection.json,b1272041db1364831db88d72b114cca8f67e70416c3ea4326f99e5d53e1ea677
672,1,,2.0,0.9995936903752013,level1,0.4542414044502417,data/raw/wave1_selection.json,b1272041db1364831db88d72b114cca8f67e70416c3ea4326f99e5d53e1ea677
1824,1,,1.0,0.9989722188903698,level1,0.3304911849754569,data/raw/wave1_selection.json,b1272041db1364831db88d72b114cca8f67e70416c3ea4326f99e5d53e1ea677
1862,1,,2.0,0.9989766661092576,level1,0.4539648438744765,data/raw/wave1_selection.json,b1272041db1364831db88d72b114cca8f67e70416c3ea4326f99e5d53e1ea677
1946,1,,1.0,0.9995096112067823,level1,0.47128821227858037,data/raw/wave1_selection.json,b1272041db1364831db88d72b114cca8f67e70416c3ea4326f99e5d53e1ea677
594,0,dof_grade_not_a,2.0,0.9993032083014456,level1,1.267543879784455,data/raw/wave1_selection.json,b1272041db1364831db88d72b114cca8f67e70416c3ea4326f99e5d53e1ea677
30,0,policy_rejected,1.0,0.9998124875500746,level1,1.3498903490010956,data/raw/wave1_selection.json,b1272041db1364831db88d72b114cca8f67e70416c3ea4326f99e5d53e1ea677
807,0,dof_grade_not_a,2.0,0.9992497570564147,level1,0.06182703576345887,data/raw/wave1_selection.json,b1272041db1364831db88d72b114cca8f67e70416c3ea4326f99e5d53e1ea677
1017,0,dof_grade_not_a;policy_rejected,2.0,0.9996149546629151,level1,0.27357093254763654,data/raw/wave1_selection.json,b1272041db1364831db88d72b114cca8f67e70416c3ea4326f99e5d53e1ea677
778,1,,2.0,0.9996156947186892,level1,0.9127051953512756,data/raw/wave1_selection.json,b1272041db1364831db88d72b114cca8f67e70416c3ea4326f99e5d53e1ea677
1137,0,dof_grade_not_a;policy_rejected,1.0,0.9983018216204659,level1,0.13609587543904103,data/raw/wave1_selection.json,b1272041db1364831db88d72b114cca8f67e70416c3ea4326f99e5d53e1ea677
1032,1,,1.0,0.9993138265955803,level1,0.7897969940081189,data/raw/wave1_selection.json,b1272041db1364831db88d72b114cca8f67e70416c3ea4326f99e5d53e1ea677
266,0,policy_rejected,1.0,0.9989425145905838,level1,0.08044828913004407,data/raw/wave1_selection.json,b1272041db1364831db88d72b114cca8f67e70416c3ea4326f99e5d53e1ea677
1839,1,,1.0,0.9993857347803219,level1,0.35140741361975464,data/raw/wave1_selection.json,b1272041db1364831db88d72b114cca8f67e70416c3ea4326f99e5d53e1ea677
35,0,policy_rejected,1.0,0.9992421195062015,level1,3.52703380952966,data/raw/wave1_selection.json,b1272041db1364831db88d72b114cca8f67e70416c3ea4326f99e5d53e1ea677
881,0,dof_grade_not_a,1.0,0.00017774298686749573,none,0.1285072760497584,data/raw/wave1_selection.json,b1272041db1364831db88d72b114cca8f67e70416c3ea4326f99e5d53e1ea677
1606,0,policy_rejected,2.0,0.9991341097117238,level1,0.3935356575488118,data/raw/wave1_selection.json,b1272041db1364831db88d72b114cca8f67e70416c3ea4326f99e5d53e1ea677
1532,0,dof_grade_not_a,1.0,0.9985586608185933,level1,0.9259499935442755,data/raw/wave1_selection.json,b1272041db1364831db88d72b114cca8f67e70416c3ea4326f99e5d53e1ea677
21,1,,2.0,0.9998117090321844,level1,0.009565872408683965,data/raw/wave1_selection.json,b1272041db1364831db88d72b114cca8f67e70416c3ea4326f99e5d53e1ea677
853,0,policy_rejected,2.0,0.9998539466860886,level1,0.1465731324475642,data/raw/wave1_selection.json,b1272041db1364831db88d72b114cca8f67e70416c3ea4326f99e5d53e1ea677
160,1,,1.0,0.9994816518994328,level1,0.20384393323118646,data/raw/wave1_selection.json,b1272041db1364831db88d72b114cca8f67e70416c3ea4326f99e5d53e1ea677
1879,1,,2.0,0.9994925707140816,level1,1.0624944897008932,data/raw/wave1_selection.json,b1272041db1364831db88d72b114cca8f67e70416c3ea4326f99e5d53e1ea677
634,0,dof_missing;missing_match;unknown_particle,,,,,data/raw/wave1_selection.json,b1272041db1364831db88d72b114cca8f67e70416c3ea4326f99e5d53e1ea677
1729,1,,2.0,0.9996861936880701,level1,0.5807613374068096,data/raw/wave1_selection.json,b1272041db1364831db88d72b114cca8f67e70416c3ea4326f99e5d53e1ea677
1041,1,,1.0,0.9997867234493188,level1,0.4035213342591379,data/raw/wave1_selection.json,b1272041db1364831db88d72b114cca8f67e70416c3ea4326f99e5d53e1ea677
346,1,,2.0,0.9997871638944219,level1,0.9851695189951527,data/raw/wave1_selection.json,b1272041db1364831db88d72b114cca8f67e70416c3ea4326f99e5d53e1ea677
1429,0,policy_rejected,1.0,0.9998765590760106,level1,0.8977745319222551,data/raw/wave1_selection.json,b1272041db1364831db88d72b114cca8f67e70416c3ea4326f99e5d53e1ea677
392,1,,1.0,0.9995293757810536,level1,0.3850008214999734,data/raw/wave1_selection.json,b1272041db1364831db88d72b114cca8f67e70416c3ea4326f99e5d53e1ea677
509,1,,2.0,0.9995789367679782,level1,0.08818226186362817,data/raw/wave1_selection.json,b1272041db1364831db88d72b114cca8f67e70416c3ea4326f99e5d53e1ea677
1490,1,,2.0,0.9997815847139937,level1,0.0027513869449740315,data/raw/wave1_selection.json,b1272041db1364831db88d72b114cca8f67e70416c3ea4326f99e5d53e1ea677
623,0,policy_rejected,1.0,0.9993293237117513,level1,0.05898964268350559,data/raw/wave1_selection.json,b1272041db1364831db88d72b114cca8f67e70416c3ea4326f99e5d53e1ea677
957,1,,1.0,0.9997757592995109,level1,0.09711192214439705,data/raw/wave1_selection.json,b1272041db1364831db88d72b114cca8f67e70416c3ea4326f99e5d53e1ea677
1667,0,dof_grade_not_a,1.0,0.0004992515207921943,none,0.029772237004558395,data/raw/wave1_selection.json,b1272041db1364831db88d72b114cca8f67e70416c3ea4326f99e5d53e1ea677
621,1,,2.0,0.9998335441031663,level1,0.6250798112834309,data/raw/wave1_selection.json,b1272041db1364831db88d72b114cca8f67e70416c3ea4326f99e5d53e1ea677
521,1,,1.0,0.9995842749898002,level1,0.3237760738741283,data/raw/wave1_selection.json,b1272041db1364831db88d72b114cca8f67e70416c3ea4326f99e5d53e1ea677
541,1,,2.0,0.9996911183413945,level1,0.6790667110466654,data/raw/wave1_selection.json,b1272041db1364831db88d72b114cca8f67e70416c3ea4326f99e5d53e1ea677
692,0,dof_missing;missing_match;unknown_particle,,,,,data/raw/wave1_selection.json,b1272041db1364831db88d72b114cca8f67e70416c3ea4326f99e5d53e1ea677
1010,0,dof_grade_not_a,2.0,0.9983753935721482,level1,0.6452495857306466,data/raw/wave1_selection.json,b1272041db1364831db88d72b114cca8f67e70416c3ea4326f99e5d53e1ea677
659,0,policy_rejected,1.0,0.9993857666327687,level1,2.852234442388269,data/raw/wave1_selection.json,b1272041db1364831db88d72b114cca8f67e70416c3ea4326f99e5d53e1ea677
412,0,dof_grade_not_a;policy_rejected,1.0,0.9986007019118889,level1,0.3319075372809251,data/raw/wave1_selection.json,b1272041db1364831db88d72b114cca8f67e70416c3ea4326f99e5d53e1ea677
810,0,dof_grade_not_a,1.0,8.654053523933876e-10,none,0.750395788980216,data/raw/wave1_selection.json,b1272041db1364831db88d72b114cca8f67e70416c3ea4326f99e5d53e1ea677
1078,1,,2.0,0.999585779545158,level1,0.0021225779469378134,data/raw/wave1_selection.json,b1272041db1364831db88d72b114cca8f67e70416c3ea4326f99e5d53e1ea677
459,1,,1.0,0.9996617835330949,level1,3.334831168172293,data/raw/wave1_selection.json,b1272041db1364831db88d72b114cca8f67e70416c3ea4326f99e5d53e1ea677
22,0,dof_grade_not_a,1.0,0.0006398177645757307,none,1.090576243471189,data/raw/wave1_selection.json,b1272041db1364831db88d72b114cca8f67e70416c3ea4326f99e5d53e1ea677
1411,1,,1.0,0.9995434586022269,level1,2.9295548355222625,data/raw/wave1_selection.json,b1272041db1364831db88d72b114cca8f67e70416c3ea4326f99e5d53e1ea677
1617,1,,2.0,0.999540866295365,level1,0.3474099231295247,data/raw/wave1_selection.json,b1272041db1364831db88d72b114cca8f67e70416c3ea4326f99e5d53e1ea677
1200,0,policy_rejected,2.0,0.9993000492899464,level1,0.7528844056778898,data/raw/wave1_selection.json,b1272041db1364831db88d72b114cca8f67e70416c3ea4326f99e5d53e1ea677
1899,0,dof_grade_not_a,1.0,0.9986992902120431,level1,0.11373652187544597,data/raw/wave1_selection.json,b1272041db1364831db88d72b114cca8f67e70416c3ea4326f99e5d53e1ea677
524,1,,1.0,0.9996607523013931,level1,0.11639357410303335,data/raw/wave1_selection.json,b1272041db1364831db88d72b114cca8f67e70416c3ea4326f99e5d53e1ea677
982,1,,2.0,0.9996961263170763,level1,0.8596650221948964,data/raw/wave1_selection.json,b1272041db1364831db88d72b114cca8f67e70416c3ea4326f99e5d53e1ea677
4,1,,1.0,0.9989037908723102,level1,2.9474658760844674,data/raw/wave1_selection.json,b1272041db1364831db88d72b114cca8f67e70416c3ea4326f99e5d53e1ea677
569,1,,2.0,0.9995290835894609,level1,0.03255276234894473,data/raw/wave1_selection.json,b1272041db1364831db88d72b114cca8f67e70416c3ea4326f99e5d53e1ea677
919,0,dof_grade_not_a,1.0,0.9998872758206204,level1,1.225888303831761,data/raw/wave1_selection.json,b1272041db1364831db88d72b114cca8f67e70416c3ea4326f99e5d53e1ea677
1782,1,,2.0,0.9996100818314313,level1,0.179618023019094,data/raw/wave1_selection.json,b1272041db1364831db88d72b114cca8f67e70416c3ea4326f99e5d53e1ea677
1634,0,dof_grade_not_a,2.0,0.9988151944083338,level1,0.11003614849909439,data/raw/wave1_selection.json,b1272041db1364831db88d72b114cca8f67e70416c3ea4326f99e5d53e1ea677
244,0,policy_rejected,1.0,0.999892997889625,level1,0.5474720906252781,data/raw/wave1_selection.json,b1272041db1364831db88d72b114cca8f67e70416c3ea4326f99e5d53e1ea677
1806,1,,1.0,0.9990457858550741,level1,0.9858481378460181,data/raw/wave1_selection.json,b1272041db1364831db88d72b114cca8f67e70416c3ea4326f99e5d53e1ea677
1478,0,dof_grade_not_a,3.0,0.9985890743011948,level1,0.15347412453051928,data/raw/wave1_selection.json,b1272041db1364831db88d72b114cca8f67e70416c3ea4326f99e5d53e1ea677
1335,0,dof_grade_not_a;policy_rejected,1.0,0.9998339925153378,level1,3.914939847350603,data/raw/wave1_selection.json,b1272041db1364831db88d72b114cca8f67e70416c3ea4326f99e5d53e1ea677
1533,1,,1.0,0.9989178655168344,level1,1.095760451211976,data/raw/wave1_selection.json,b1272041db1364831db88d72b114cca8f67e70416c3ea4326f99e5d53e1ea677
705,0,dof_grade_not_a;policy_rejected,1.0,0.9997149780552715,level1,0.05367508577549811,data/raw/wave1_selection.json,b1272041db1364831db88d72b114cca8f67e70416c3ea4326f99e5d53e1ea677
1537,0,dof_grade_not_a,2.0,0.9985455146190302,level1,0.21012745175606953,data/raw/wave1_selection.json,b1272041db1364831db88d72b114cca8f67e70416c3ea4326f99e5d53e1ea677
1802,0,dof_grade_not_a;policy_rejected,2.0,0.9987478734906902,level1,0.05508078687298073,data/raw/wave1_selection.json,b1272041db1364831db88d72b114cca8f67e70416c3ea4326f99e5d53e1ea677
363,1,,1.0,0.9996476408049273,level1,0.5514490791743297,data/raw/wave1_selection.json,b1272041db1364831db88d72b114cca8f67e70416c3ea4326f99e5d53e1ea677
1393,1,,3.0,0.9995768925029173,level1,1.1774316352162406,data/raw/wave1_selection.json,b1272041db1364831db88d72b114cca8f67e70416c3ea4326f99e5d53e1ea677
1732,1,,1.0,0.9994923399766885,level1,0.6647124438653564,data/raw/wave1_selection.json,b1272041db1364831db88d72b114cca8f67e70416c3ea4326f99e5d53e1ea677
1315,0,policy_rejected,2.0,0.9997927353266279,level1,0.557178860094043,data/raw/wave1_selection.json,b1272041db1364831db88d72b114cca8f67e70416c3ea4326f99e5d53e1ea677
1674,1,,2.0,0.9994004487543238,level1,1.0093574119944633,data/raw/wave1_selection.json,b1272041db1364831db88d72b114cca8f67e70416c3ea4326f99e5d53e1ea677
950,1,,2.0,0.9992864179545079,level1,0.5254841627004512,data/raw/wave1_selection.json,b1272041db1364831db88d72b114cca8f67e70416c3ea4326f99e5d53e1ea677
1459,0,policy_rejected,1.0,0.999398314071484,level1,0.14045247495473948,data/raw/wave1_selection.json,b1272041db1364831db88d72b114cca8f67e70416c3ea4326f99e5d53e1ea677
1506,0,dof_grade_not_a,1.0,0.9985122549652613,level1,0.05012196499390705,data/raw/wave1_selection.json,b1272041db1364831db88d72b114cca8f67e70416c3ea4326f99e5d53e1ea677
1837,0,dof_grade_not_a;policy_rejected,2.0,0.9986156313779808,level1,0.08111682022207865,data/raw/wave1_selection.json,b1272041db1364831db88d72b114cca8f67e70416c3ea4326f99e5d53e1ea677
706,1,,2.0,0.9998018905909518,level1,0.07665814126683844,data/raw/wave1_selection.json,b1272041db1364831db88d72b114cca8f67e70416c3ea4326f99e5d53e1ea677
1503,1,,1.0,0.9989801433890371,level1,0.25945630702719125,data/raw/wave1_selection.json,b1272041db1364831db88d72b114cca8f67e70416c3ea4326f99e5d53e1ea677
1584,0,policy_rejected,3.0,0.9994690646542919,level1,0.35615027446165853,data/raw/wave1_selection.json,b1272041db1364831db88d72b114cca8f67e70416c3ea4326f99e5d53e1ea677
1938,1,,1.0,0.9992997503049161,level1,0.6376564057163284,data/raw/wave1_selection.json,b1272041db1364831db88d72b114cca8f67e70416c3ea4326f99e5d53e1ea677
590,1,,2.0,0.9991652566043603,level1,0.662949540741211,data/raw/wave1_selection.json,b1272041db1364831db88d72b114cca8f67e70416c3ea4326f99e5d53e1ea677
1747,0,dof_grade_not_a,1.0,0.9984075048535342,level1,0.7116705473808337,data/raw/wave1_selection.json,b1272041db1364831db88d72b114cca8f67e70416c3ea4326f99e5d53e1ea677
286,0,policy_rejected,1.0,0.9997237765155677,level1,0.17190681532062238,data/raw/wave1_selection.json,b1272041db1364831db88d72b114cca8f67e70416c3ea4326f99e5d53e1ea677
406,0,policy_rejected,1.0,0.9997518539768859,level1,0.1261051123473748,data/raw/wave1_selection.json,b1272041db1364831db88d72b114cca8f67e70416c3ea4326f99e5d53e1ea677
981,1,,1.0,0.9997694975928272,level1,0.8707271263828402,data/raw/wave1_selection.json,b1272041db1364831db88d72b114cca8f67e70416c3ea4326f99e5d53e1ea677
1239,0,dof_grade_not_a,1.0,0.9985900355020948,level1,0.34124628593767253,data/raw/wave1_selection.json,b1272041db1364831db88d72b114cca8f67e70416c3ea4326f99e5d53e1ea677
1574,1,,2.0,0.999186380890547,level1,0.4564796098148691,data/raw/wave1_selection.json,b1272041db1364831db88d72b114cca8f67e70416c3ea4326f99e5d53e1ea677
450,0,dof_grade_not_a,2.0,0.9984871791458018,level1,0.2625423270702173,data/raw/wave1_selection.json,b1272041db1364831db88d72b114cca8f67e70416c3ea4326f99e5d53e1ea677
206,1,,1.0,0.9997242101560606,level1,0.17745243706153432,data/raw/wave1_selection.json,b1272041db1364831db88d72b114cca8f67e70416c3ea4326f99e5d53e1ea677
441,0,dof_grade_not_a,1.0,0.9983201725148314,level1,0.03205458871256541,data/raw/wave1_selection.json,b1272041db1364831db88d72b114cca8f67e70416c3ea4326f99e5d53e1ea677
1068,0,policy_rejected,1.0,0.9993458366239737,level1,0.15333099436668848,data/raw/wave1_selection.json,b1272041db1364831db88d72b114cca8f67e70416c3ea4326f99e5d53e1ea677
608,1,,2.0,0.9996125409123408,level1,0.8776469937815085,data/raw/wave1_selection.json,b1272041db1364831db88d72b114cca8f67e70416c3ea4326f99e5d53e1ea677
1485,1,,2.0,0.9991571294414722,level1,0.09448289988793128,data/raw/wave1_selection.json,b1272041db1364831db88d72b114cca8f67e70416c3ea4326f99e5d53e1ea677
979,0,dof_grade_not_a,2.0,0.9993647961575398,level1,0.027654205846914377,data/raw/wave1_selection.json,b1272041db1364831db88d72b114cca8f67e70416c3ea4326f99e5d53e1ea677
1004,1,,1.0,0.9999852796285559,level1,0.46160575311246704,data/raw/wave1_selection.json,b1272041db1364831db88d72b114cca8f67e70416c3ea4326f99e5d53e1ea677
1164,1,,2.0,0.9994593106967896,level1,0.16888531362229192,data/raw/wave1_selection.json,b1272041db1364831db88d72b114cca8f67e70416c3ea4326f99e5d53e1ea677
850,1,,2.0,0.999399711685576,level1,1.1038550698072438,data/raw/wave1_selection.json,b1272041db1364831db88d72b114cca8f67e70416c3ea4326f99e5d53e1ea677
1133,1,,2.0,0.9994541123602978,level1,0.4019108383129916,data/raw/wave1_selection.json,b1272041db1364831db88d72b114cca8f67e70416c3ea4326f99e5d53e1ea677
293,1,,1.0,0.9998322467873585,level1,0.29459665227016957,data/raw/wave1_selection.json,b1272041db1364831db88d72b114cca8f67e70416c3ea4326f99e5d53e1ea677
1623,1,,2.0,0.9993880888138106,level1,0.08120459497590556,data/raw/wave1_selection.json,b1272041db1364831db88d72b114cca8f67e70416c3ea4326f99e5d53e1ea677
313,1,,1.0,0.999747844089307,level1,0.18914883104256702,data/raw/wave1_selection.json,b1272041db1364831db88d72b114cca8f67e70416c3ea4326f99e5d53e1ea677
433,1,,2.0,0.9995079815451606,level1,0.04524748925184601,data/raw/wave1_selection.json,b1272041db1364831db88d72b114cca8f67e70416c3ea4326f99e5d53e1ea677
1690,0,dof_grade_not_a,2.0,0.9990555659899849,level1,0.025937990081240325,data/raw/wave1_selection.json,b1272041db1364831db88d72b114cca8f67e70416c3ea4326f99e5d53e1ea677
0,0,dof_grade_not_a,3.0,0.9994715245262064,level1,0.09077655338446954,data/raw/wave1_selection.json,b1272041db1364831db88d72b114cca8f67e70416c3ea4326f99e5d53e1ea677
1865,1,,1.0,0.9995431052407261,level1,0.9637360035073348,data/raw/wave1_selection.json,b1272041db1364831db88d72b114cca8f67e70416c3ea4326f99e5d53e1ea677
869,1,,1.0,0.9998423077792673,level1,1.0491924383087774,data/raw/wave1_selection.json,b1272041db1364831db88d72b114cca8f67e70416c3ea4326f99e5d53e1ea677
185,1,,1.0,0.9991062923732003,level1,0.030344715965514548,data/raw/wave1_selection.json,b1272041db1364831db88d72b114cca8f67e70416c3ea4326f99e5d53e1ea677
1758,1,,3.0,0.999546165104031,level1,1.0545845142751982,data/raw/wave1_selection.json,b1272041db1364831db88d72b114cca8f67e70416c3ea4326f99e5d53e1ea677
173,0,policy_rejected,1.0,0.9992912283948516,level1,0.09947615673682515,data/raw/wave1_selection.json,b1272041db1364831db88d72b114cca8f67e70416c3ea4326f99e5d53e1ea677
1840,0,policy_rejected,2.0,0.9996098315871806,level1,0.15189805627006464,data/raw/wave1_selection.json,b1272041db1364831db88d72b114cca8f67e70416c3ea4326f99e5d53e1ea677
624,1,,1.0,0.9996427834644759,level1,0.250833547404752,data/raw/wave1_selection.json,b1272041db1364831db88d72b114cca8f67e70416c3ea4326f99e5d53e1ea677
1028,1,,1.0,0.9994375748194632,level1,0.7112098134505367,data/raw/wave1_selection.json,b1272041db1364831db88d72b114cca8f67e70416c3ea4326f99e5d53e1ea677
554,0,dof_grade_not_a,2.0,0.9996605548381913,level1,0.2299166753361122,data/raw/wave1_selection.json,b1272041db1364831db88d72b114cca8f67e70416c3ea4326f99e5d53e1ea677
529,0,dof_grade_not_a,1.0,8.911180506982001e-05,none,1.1869902157523762,data/raw/wave1_selection.json,b1272041db1364831db88d72b114cca8f67e70416c3ea4326f99e5d53e1ea677
390,0,policy_rejected,2.0,0.9997173555634822,level1,0.6264340767855294,data/raw/wave1_selection.json,b1272041db1364831db88d72b114cca8f67e70416c3ea4326f99e5d53e1ea677
224,1,,1.0,0.9997924483630256,level1,1.8620286406642503,data/raw/wave1_selection.json,b1272041db1364831db88d72b114cca8f67e70416c3ea4326f99e5d53e1ea677
854,1,,1.0,0.9997548729435655,level1,0.9421165838941603,data/raw/wave1_selection.json,b1272041db1364831db88d72b114cca8f67e70416c3ea4326f99e5d53e1ea677
1765,1,,2.0,0.9998229006650176,level1,0.25248026312532823,data/raw/wave1_selection.json,b1272041db1364831db88d72b114cca8f67e70416c3ea4326f99e5d53e1ea677
369,0,dof_grade_not_a,2.0,0.9981096063520032,level1,0.09116611181389819,data/raw/wave1_selection.json,b1272041db1364831db88d72b114cca8f67e70416c3ea4326f99e5d53e1ea677
913,1,,1.0,0.9997658898970896,level1,0.08099043331788294,data/raw/wave1_selection.json,b1272041db1364831db88d72b114cca8f67e70416c3ea4326f99e5d53e1ea677
1601,1,,2.0,0.9995347479198303,level1,1.002918543911321,data/raw/wave1_selection.json,b1272041db1364831db88d72b114cca8f67e70416c3ea4326f99e5d53e1ea677
1539,0,policy_rejected,2.0,0.9989106849906744,level1,0.9344567023554331,data/raw/wave1_selection.json,b1272041db1364831db88d72b114cca8f67e70416c3ea4326f99e5d53e1ea677
956,0,dof_grade_not_a,1.0,0.00018621551307262003,none,0.5690608725982524,data/raw/wave1_selection.json,b1272041db1364831db88d72b114cca8f67e70416c3ea4326f99e5d53e1ea677
1367,0,policy_rejected,2.0,0.9997616513776344,level1,0.23132190658678273,data/raw/wave1_selection.json,b1272041db1364831db88d72b114cca8f67e70416c3ea4326f99e5d53e1ea677
980,0,policy_rejected,1.0,0.9997687457557425,level1,0.8546327745536745,data/raw/wave1_selection.json,b1272041db1364831db88d72b114cca8f67e70416c3ea4326f99e5d53e1ea677
522,0,policy_rejected,2.0,0.9996315709696612,level1,0.5860224017992557,data/raw/wave1_selection.json,b1272041db1364831db88d72b114cca8f67e70416c3ea4326f99e5d53e1ea677
1110,0,dof_grade_not_a;policy_rejected,1.0,0.00026452842521030277,none,0.5664824248901171,data/raw/wave1_selection.json,b1272041db1364831db88d72b114cca8f67e70416c3ea4326f99e5d53e1ea677
1428,1,,1.0,0.9995249617991229,level1,3.681579729921013,data/raw/wave1_selection.json,b1272041db1364831db88d72b114cca8f67e70416c3ea4326f99e5d53e1ea677
1974,1,,2.0,0.9998305012399771,level1,1.0611701488237106,data/raw/wave1_selection.json,b1272041db1364831db88d72b114cca8f67e70416c3ea4326f99e5d53e1ea677
97,1,,2.0,0.9994263510231218,level1,0.12408300331190546,data/raw/wave1_selection.json,b1272041db1364831db88d72b114cca8f67e70416c3ea4326f99e5d53e1ea677
1560,1,,1.0,0.9998082053915546,level1,0.4706475183117399,data/raw/wave1_selection.json,b1272041db1364831db88d72b114cca8f67e70416c3ea4326f99e5d53e1ea677
238,1,,1.0,0.9991806168465468,level1,2.9347599902620036,data/raw/wave1_selection.json,b1272041db1364831db88d72b114cca8f67e70416c3ea4326f99e5d53e1ea677
1266,1,,2.0,0.9990652631678294,level1,1.154872844432203,data/raw/wave1_selection.json,b1272041db1364831db88d72b114cca8f67e70416c3ea4326f99e5d53e1ea677
1074,1,,2.0,0.999807544987797,level1,0.034304910761586024,data/raw/wave1_selection.json,b1272041db1364831db88d72b114cca8f67e70416c3ea4326f99e5d53e1ea677
1416,0,policy_rejected,1.0,0.9991376865059785,level1,0.9402344786588476,data/raw/wave1_selection.json,b1272041db1364831db88d72b114cca8f67e70416c3ea4326f99e5d53e1ea677
1565,0,policy_rejected,1.0,0.9996820328747602,level1,0.4021545625856369,data/raw/wave1_selection.json,b1272041db1364831db88d72b114cca8f67e70416c3ea4326f99e5d53e1ea677
1764,0,dof_grade_not_a;policy_rejected,3.0,0.9991023038319382,level1,0.3983683443877227,data/raw/wave1_selection.json,b1272041db1364831db88d72b114cca8f67e70416c3ea4326f99e5d53e1ea677
1933,1,,1.0,0.9995096818561187,level1,0.04367569092648426,data/raw/wave1_selection.json,b1272041db1364831db88d72b114cca8f67e70416c3ea4326f99e5d53e1ea677
295,0,policy_rejected,2.0,0.9997164184204933,level1,0.10892368952690919,data/raw/wave1_selection.json,b1272041db1364831db88d72b114cca8f67e70416c3ea4326f99e5d53e1ea677
1681,1,,1.0,0.9997475280450312,level1,1.5785482776209867,data/raw/wave1_selection.json,b1272041db1364831db88d72b114cca8f67e70416c3ea4326f99e5d53e1ea677
1661,1,,1.0,0.9991558088606394,level1,0.9230788888973644,data/raw/wave1_selection.json,b1272041db1364831db88d72b114cca8f67e70416c3ea4326f99e5d53e1ea677
1194,0,dof_grade_not_a,2.0,0.9987040918943382,level1,0.5472823532204948,data/raw/wave1_selection.json,b1272041db1364831db88d72b114cca8f67e70416c3ea4326f99e5d53e1ea677
669,1,,1.0,0.9998266987437064,level1,0.2533858848307194,data/raw/wave1_selection.json,b1272041db1364831db88d72b114cca8f67e70416c3ea4326f99e5d53e1ea677
1229,0,dof_grade_not_a,2.0,0.9997296843920649,level1,0.4372257423512013,data/raw/wave1_selection.json,b1272041db1364831db88d72b114cca8f67e70416c3ea4326f99e5d53e1ea677
1823,0,policy_rejected,1.0,0.999680977734744,level1,0.4584641730511979,data/raw/wave1_selection.json,b1272041db1364831db88d72b114cca8f67e70416c3ea4326f99e5d53e1ea677
1610,1,,1.0,0.9995412213830613,level1,0.10870466003238673,data/raw/wave1_selection.json,b1272041db1364831db88d72b114cca8f67e70416c3ea4326f99e5d53e1ea677
674,0,dof_grade_not_a;policy_rejected,1.0,0.9995333477778059,level1,2.293046420695366,data/raw/wave1_selection.json,b1272041db1364831db88d72b114cca8f67e70416c3ea4326f99e5d53e1ea677
1595,0,policy_rejected,1.0,0.9993717668174033,level1,0.1447104405881587,data/raw/wave1_selection.json,b1272041db1364831db88d72b114cca8f67e70416c3ea4326f99e5d53e1ea677
129,0,dof_grade_not_a,1.0,0.9995994758999011,level1,0.150526372473697,data/raw/wave1_selection.json,b1272041db1364831db88d72b114cca8f67e70416c3ea4326f99e5d53e1ea677
897,0,dof_grade_not_a,1.0,0.0002398939235891246,none,0.11850247861422274,data/raw/wave1_selection.json,b1272041db1364831db88d72b114cca8f67e70416c3ea4326f99e5d53e1ea677
353,0,policy_rejected,1.0,0.9995162849681908,level1,0.359620260735865,data/raw/wave1_selection.json,b1272041db1364831db88d72b114cca8f67e70416c3ea4326f99e5d53e1ea677
371,0,dof_grade_not_a;policy_rejected,2.0,0.9987514855166137,level1,0.13856100578597377,data/raw/wave1_selection.json,b1272041db1364831db88d72b114cca8f67e70416c3ea4326f99e5d53e1ea677
1915,0,dof_grade_not_a;policy_rejected,1.0,1.1996837096168204e-05,none,0.09213554539321703,data/raw/wave1_selection.json,b1272041db1364831db88d72b114cca8f67e70416c3ea4326f99e5d53e1ea677
62,1,,1.0,0.9998801096883806,level1,0.1162592143740825,data/raw/wave1_selection.json,b1272041db1364831db88d72b114cca8f67e70416c3ea4326f99e5d53e1ea677
303,0,policy_rejected,1.0,0.9995201003783101,level1,3.9161642259383593,data/raw/wave1_selection.json,b1272041db1364831db88d72b114cca8f67e70416c3ea4326f99e5d53e1ea677
1811,0,policy_rejected,1.0,0.9991861245988755,level1,0.5146008436932779,data/raw/wave1_selection.json,b1272041db1364831db88d72b114cca8f67e70416c3ea4326f99e5d53e1ea677
1737,0,dof_grade_not_a;policy_rejected,1.0,0.00033524350721586907,none,0.22832449744501498,data/raw/wave1_selection.json,b1272041db1364831db88d72b114cca8f67e70416c3ea4326f99e5d53e1ea677
840,0,policy_rejected,1.0,0.9995062511416436,level1,1.4161563174384348,data/raw/wave1_selection.json,b1272041db1364831db88d72b114cca8f67e70416c3ea4326f99e5d53e1ea677
1555,0,dof_grade_not_a,1.0,1.6562521729736367e-10,none,0.17417629531647139,data/raw/wave1_selection.json,b1272041db1364831db88d72b114cca8f67e70416c3ea4326f99e5d53e1ea677
1176,1,,1.0,0.9995065230480638,level1,0.08815690563686292,data/raw/wave1_selection.json,b1272041db1364831db88d72b114cca8f67e70416c3ea4326f99e5d53e1ea677
1352,1,,2.0,0.9997388057039689,level1,0.6441474445852482,data/raw/wave1_selection.json,b1272041db1364831db88d72b114cca8f67e70416c3ea4326f99e5d53e1ea677
627,1,,1.0,0.9993625915154848,level1,0.36353071488231126,data/raw/wave1_selection.json,b1272041db1364831db88d72b114cca8f67e70416c3ea4326f99e5d53e1ea677
96,0,policy_rejected,1.0,0.9997912852471973,level1,0.36499647415003444,data/raw/wave1_selection.json,b1272041db1364831db88d72b114cca8f67e70416c3ea4326f99e5d53e1ea677
1524,1,,1.0,0.9999013167573975,level1,1.163635260435375,data/raw/wave1_selection.json,b1272041db1364831db88d72b114cca8f67e70416c3ea4326f99e5d53e1ea677
888,1,,2.0,0.9989061757266533,level1,0.21575558497840844,data/raw/wave1_selection.json,b1272041db1364831db88d72b114cca8f67e70416c3ea4326f99e5d53e1ea677
174,0,policy_rejected,1.0,0.9988496494102359,level1,0.11789372380265822,data/raw/wave1_selection.json,b1272041db1364831db88d72b114cca8f67e70416c3ea4326f99e5d53e1ea677
1347,1,,2.0,0.9993344897988792,level1,0.3875597451563478,data/raw/wave1_selection.json,b1272041db1364831db88d72b114cca8f67e70416c3ea4326f99e5d53e1ea677
31,0,dof_grade_not_a;policy_rejected,2.0,0.999620630610604,level1,0.02157980828067458,data/raw/wave1_selection.json,b1272041db1364831db88d72b114cca8f67e70416c3ea4326f99e5d53e1ea677
1381,1,,3.0,0.9995998539070556,level1,0.7894226534450689,data/raw/wave1_selection.json,b1272041db1364831db88d72b114cca8f67e70416c3ea4326f99e5d53e1ea677
1941,1,,2.0,0.9996207748648545,level1,0.16090393045481566,data/raw/wave1_selection.json,b1272041db1364831db88d72b114cca8f67e70416c3ea4326f99e5d53e1ea677
1223,0,dof_grade_not_a,1.0,0.00014744482788075185,none,3.2928311262389633,data/raw/wave1_selection.json,b1272041db1364831db88d72b114cca8f67e70416c3ea4326f99e5d53e1ea677
781,0,dof_grade_not_a,2.0,0.9990978092683398,level1,0.5604375651254414,data/raw/wave1_selection.json,b1272041db1364831db88d72b114cca8f67e70416c3ea4326f99e5d53e1ea677
1348,0,policy_rejected,1.0,0.9989184337482545,level1,1.279038849682683,data/raw/wave1_selection.json,b1272041db1364831db88d72b114cca8f67e70416c3ea4326f99e5d53e1ea677
815,0,dof_grade_not_a,2.0,0.9998233605357715,level1,0.11994548840108772,data/raw/wave1_selection.json,b1272041db1364831db88d72b114cca8f67e70416c3ea4326f99e5d53e1ea677
1907,0,policy_rejected,1.0,0.9998907079766655,level1,0.572434970585501,data/raw/wave1_selection.json,b1272041db1364831db88d72b114cca8f67e70416c3ea4326f99e5d53e1ea677
1131,0,policy_rejected,1.0,0.9997577935467117,level1,0.2516267789837328,data/raw/wave1_selection.json,b1272041db1364831db88d72b114cca8f67e70416c3ea4326f99e5d53e1ea677
1519,0,dof_grade_not_a;missing_match;unknown_particle,1.0,0.0011040072073841374,none,,data/raw/wave1_selection.json,b1272041db1364831db88d72b114cca8f67e70416c3ea4326f99e5d53e1ea677
909,1,,2.0,0.999295723776367,level1,0.0625386235492268,data/raw/wave1_selection.json,b1272041db1364831db88d72b114cca8f67e70416c3ea4326f99e5d53e1ea677
464,1,,2.0,0.9997244663332038,level1,0.014689242588511574,data/raw/wave1_selection.json,b1272041db1364831db88d72b114cca8f67e70416c3ea4326f99e5d53e1ea677
1664,1,,3.0,0.9996660161270199,level1,0.05812721343745465,data/raw/wave1_selection.json,b1272041db1364831db88d72b114cca8f67e70416c3ea4326f99e5d53e1ea677
1893,0,dof_missing;missing_match;unknown_particle,,,,,data/raw/wave1_selection.json,b1272041db1364831db88d72b114cca8f67e70416c3ea4326f99e5d53e1ea677
938,1,,2.0,0.9996791743663674,level1,0.10188518560384804,data/raw/wave1_selection.json,b1272041db1364831db88d72b114cca8f67e70416c3ea4326f99e5d53e1ea677
101,0,dof_grade_not_a,1.0,0.00014391221684229214,none,0.016366476121109783,data/raw/wave1_selection.json,b1272041db1364831db88d72b114cca8f67e70416c3ea4326f99e5d53e1ea677
774,0,policy_rejected,3.0,0.9995627000876738,level1,0.1274968217501087,data/raw/wave1_selection.json,b1272041db1364831db88d72b114cca8f67e70416c3ea4326f99e5d53e1ea677
1649,1,,1.0,0.9995964022426311,level1,2.682558457872072,data/raw/wave1_selection.json,b1272041db1364831db88d72b114cca8f67e70416c3ea4326f99e5d53e1ea677
148,0,policy_rejected,1.0,0.9997017156596484,level1,0.48332916822235683,data/raw/wave1_selection.json,b1272041db1364831db88d72b114cca8f67e70416c3ea4326f99e5d53e1ea677
942,0,dof_grade_not_a;policy_rejected,1.0,2.4652528086900998e-05,none,3.594366117056338,data/raw/wave1_selection.json,b1272041db1364831db88d72b114cca8f67e70416c3ea4326f99e5d53e1ea677
1629,0,dof_grade_not_a;policy_rejected,1.0,9.946366033102717e-05,none,1.1140790607718662,data/raw/wave1_selection.json,b1272041db1364831db88d72b114cca8f67e70416c3ea4326f99e5d53e1ea677
45,0,dof_grade_not_a;policy_rejected,2.0,0.9986540235469362,level1,0.08345771966355356,data/raw/wave1_selection.json,b1272041db1364831db88d72b114cca8f67e70416c3ea4326f99e5d53e1ea677
175,0,dof_grade_not_a,1.0,0.0001803241840968019,none,0.2954875033805012,data/raw/wave1_selection.json,b1272041db1364831db88d72b114cca8f67e70416c3ea4326f99e5d53e1ea677
285,1,,2.0,0.9995774978127882,level1,0.05842166143156569,data/raw/wave1_selection.json,b1272041db1364831db88d72b114cca8f67e70416c3ea4326f99e5d53e1ea677
1551,1,,1.0,0.9990026890421654,level1,0.6027210312426279,data/raw/wave1_selection.json,b1272041db1364831db88d72b114cca8f67e70416c3ea4326f99e5d53e1ea677
227,0,dof_grade_not_a;policy_rejected,1.0,0.9983468529727592,level1,0.7715773740842256,data/raw/wave1_selection.json,b1272041db1364831db88d72b114cca8f67e70416c3ea4326f99e5d53e1ea677
882,0,dof_grade_not_a,1.0,0.9985052139101455,level1,2.208606530116128,data/raw/wave1_selection.json,b1272041db1364831db88d72b114cca8f67e70416c3ea4326f99e5d53e1ea677
1961,1,,1.0,0.9995803531444742,level1,0.21007496599248968,data/raw/wave1_selection.json,b1272041db1364831db88d72b114cca8f67e70416c3ea4326f99e5d53e1ea677
1633,0,dof_grade_not_a,1.0,5.138144715246995e-05,none,0.36886242755688536,data/raw/wave1_selection.json,b1272041db1364831db88d72b114cca8f67e70416c3ea4326f99e5d53e1ea677
1384,1,,1.0,0.9995341084354277,level1,0.5020919792635914,data/raw/wave1_selection.json,b1272041db1364831db88d72b114cca8f67e70416c3ea4326f99e5d53e1ea677
1794,1,,1.0,0.9997285343720728,level1,0.5325060324978836,data/raw/wave1_selection.json,b1272041db1364831db88d72b114cca8f67e70416c3ea4326f99e5d53e1ea677
7,0,dof_grade_not_a,2.0,0.9997158123866279,level1,0.49717543150926313,data/raw/wave1_selection.json,b1272041db1364831db88d72b114cca8f67e70416c3ea4326f99e5d53e1ea677
538,1,,1.0,0.9999555951934752,level1,0.6325483468725801,data/raw/wave1_selection.json,b1272041db1364831db88d72b114cca8f67e70416c3ea4326f99e5d53e1ea677
1321,0,policy_rejected,2.0,0.9995755224802616,level1,0.41771164038140224,data/raw/wave1_selection.json,b1272041db1364831db88d72b114cca8f67e70416c3ea4326f99e5d53e1ea677
1973,1,,1.0,0.9998390520150674,level1,0.5472650684061607,data/raw/wave1_selection.json,b1272041db1364831db88d72b114cca8f67e70416c3ea4326f99e5d53e1ea677
1969,1,,1.0,0.9993581075367098,level1,0.2090411665988225,data/raw/wave1_selection.json,b1272041db1364831db88d72b114cca8f67e70416c3ea4326f99e5d53e1ea677
1261,0,policy_rejected,1.0,0.9998182020241071,level1,3.70502313254977,data/raw/wave1_selection.json,b1272041db1364831db88d72b114cca8f67e70416c3ea4326f99e5d53e1ea677
782,0,policy_rejected,1.0,0.9994695432616126,level1,1.5884214716157832,data/raw/wave1_selection.json,b1272041db1364831db88d72b114cca8f67e70416c3ea4326f99e5d53e1ea677
1443,0,dof_grade_not_a,1.0,0.9987175082224837,level1,0.4558607131379741,data/raw/wave1_selection.json,b1272041db1364831db88d72b114cca8f67e70416c3ea4326f99e5d53e1ea677
137,0,policy_rejected,2.0,0.9996016428769304,level1,2.389300058142666,data/raw/wave1_selection.json,b1272041db1364831db88d72b114cca8f67e70416c3ea4326f99e5d53e1ea677
440,1,,1.0,0.9992121802801047,level1,0.3324049849198432,data/raw/wave1_selection.json,b1272041db1364831db88d72b114cca8f67e70416c3ea4326f99e5d53e1ea677
949,1,,1.0,0.9998820876186008,level1,0.07889669711033918,data/raw/wave1_selection.json,b1272041db1364831db88d72b114cca8f67e70416c3ea4326f99e5d53e1ea677
210,1,,2.0,0.9992610750525404,level1,1.0024108765025446,data/raw/wave1_selection.json,b1272041db1364831db88d72b114cca8f67e70416c3ea4326f99e5d53e1ea677
1676,0,policy_rejected,1.0,0.9993753155005604,level1,0.04060270866264875,data/raw/wave1_selection.json,b1272041db1364831db88d72b114cca8f67e70416c3ea4326f99e5d53e1ea677
432,0,dof_grade_not_a;policy_rejected,1.0,0.9974974552090634,level1,0.14293921298040416,data/raw/wave1_selection.json,b1272041db1364831db88d72b114cca8f67e70416c3ea4326f99e5d53e1ea677
660,1,,2.0,0.999135376448048,level1,0.5140931273206659,data/raw/wave1_selection.json,b1272041db1364831db88d72b114cca8f67e70416c3ea4326f99e5d53e1ea677
292,1,,2.0,0.9996238623682463,level1,2.8200240089987996,data/raw/wave1_selection.json,b1272041db1364831db88d72b114cca8f67e70416c3ea4326f99e5d53e1ea677
586,0,dof_grade_not_a;policy_rejected,2.0,0.9984093834390696,level1,0.30371123954296,data/raw/wave1_selection.json,b1272041db1364831db88d72b114cca8f67e70416c3ea4326f99e5d53e1ea677
1541,0,dof_grade_not_a;policy_rejected,1.0,8.530897726857332e-05,none,1.2520323925133587,data/raw/wave1_selection.json,b1272041db1364831db88d72b114cca8f67e70416c3ea4326f99e5d53e1ea677
1175,0,dof_grade_not_a,2.0,0.9991078560138469,level1,0.642822340041467,data/raw/wave1_selection.json,b1272041db1364831db88d72b114cca8f67e70416c3ea4326f99e5d53e1ea677
598,0,dof_grade_not_a,2.0,0.9994640111106561,level1,0.024858895302821652,data/raw/wave1_selection.json,b1272041db1364831db88d72b114cca8f67e70416c3ea4326f99e5d53e1ea677
605,0,dof_grade_not_a,1.0,2.0215060005943203e-05,none,0.17032801019972213,data/raw/wave1_selection.json,b1272041db1364831db88d72b114cca8f67e70416c3ea4326f99e5d53e1ea677
525,0,dof_grade_not_a,1.0,2.1376138141693312e-05,none,0.6035664780434328,data/raw/wave1_selection.json,b1272041db1364831db88d72b114cca8f67e70416c3ea4326f99e5d53e1ea677
666,1,,3.0,0.9989528567018432,level1,0.050585636599093535,data/raw/wave1_selection.json,b1272041db1364831db88d72b114cca8f67e70416c3ea4326f99e5d53e1ea677
1718,0,dof_grade_not_a,2.0,0.9982430209944019,level1,0.04772569255685804,data/raw/wave1_selection.json,b1272041db1364831db88d72b114cca8f67e70416c3ea4326f99e5d53e1ea677
1570,0,dof_grade_not_a,1.0,1.5281030180842424e-14,none,1.2132615633353798,data/raw/wave1_selection.json,b1272041db1364831db88d72b114cca8f67e70416c3ea4326f99e5d53e1ea677
824,1,,1.0,0.9997621885541128,level1,0.27656942244768523,data/raw/wave1_selection.json,b1272041db1364831db88d72b114cca8f67e70416c3ea4326f99e5d53e1ea677
1281,0,policy_rejected,1.0,0.9999230120526336,level1,1.2687983900120159,data/raw/wave1_selection.json,b1272041db1364831db88d72b114cca8f67e70416c3ea4326f99e5d53e1ea677
1563,0,policy_rejected,1.0,0.9992795301938288,level1,0.3239257359607443,data/raw/wave1_selection.json,b1272041db1364831db88d72b114cca8f67e70416c3ea4326f99e5d53e1ea677
816,0,policy_rejected,1.0,0.999648057351436,level1,0.04581585462789415,data/raw/wave1_selection.json,b1272041db1364831db88d72b114cca8f67e70416c3ea4326f99e5d53e1ea677
732,0,policy_rejected,1.0,0.9992615160913997,level1,3.9006132365938697,data/raw/wave1_selection.json,b1272041db1364831db88d72b114cca8f67e70416c3ea4326f99e5d53e1ea677
254,0,policy_rejected,1.0,0.9993660499309932,level1,0.07029883166467422,data/raw/wave1_selection.json,b1272041db1364831db88d72b114cca8f67e70416c3ea4326f99e5d53e1ea677
564,1,,1.0,0.9996866172261663,level1,2.1242957002852134,data/raw/wave1_selection.json,b1272041db1364831db88d72b114cca8f67e70416c3ea4326f99e5d53e1ea677
1498,1,,2.0,0.9996632721379517,level1,0.1189749392205042,data/raw/wave1_selection.json,b1272041db1364831db88d72b114cca8f67e70416c3ea4326f99e5d53e1ea677
1497,0,dof_grade_not_a;policy_rejected,1.0,1.830664749878318e-05,none,0.02749379375020667,data/raw/wave1_selection.json,b1272041db1364831db88d72b114cca8f67e70416c3ea4326f99e5d53e1ea677
1651,1,,1.0,0.9988658184104581,level1,1.1540879758364915,data/raw/wave1_selection.json,b1272041db1364831db88d72b114cca8f67e70416c3ea4326f99e5d53e1ea677
775,0,dof_grade_not_a,3.0,0.9995038531154314,level1,0.19175021930457664,data/raw/wave1_selection.json,b1272041db1364831db88d72b114cca8f67e70416c3ea4326f99e5d53e1ea677
935,0,policy_rejected,1.0,0.9993205488986422,level1,0.4859851908934325,data/raw/wave1_selection.json,b1272041db1364831db88d72b114cca8f67e70416c3ea4326f99e5d53e1ea677
246,0,policy_rejected,1.0,0.9993393019584237,level1,0.5436238422125362,data/raw/wave1_selection.json,b1272041db1364831db88d72b114cca8f67e70416c3ea4326f99e5d53e1ea677
1070,0,dof_grade_not_a,2.0,0.9994959251165528,level1,0.21876743182465164,data/raw/wave1_selection.json,b1272041db1364831db88d72b114cca8f67e70416c3ea4326f99e5d53e1ea677
1445,0,policy_rejected,3.0,0.9998274848277476,level1,0.43139150295361817,data/raw/wave1_selection.json,b1272041db1364831db88d72b114cca8f67e70416c3ea4326f99e5d53e1ea677
1864,0,dof_grade_not_a;policy_rejected,2.0,0.9996666195663715,level1,0.20015341199616882,data/raw/wave1_selection.json,b1272041db1364831db88d72b114cca8f67e70416c3ea4326f99e5d53e1ea677
1509,1,,1.0,0.9987935741497869,level1,1.899248669537572,data/raw/wave1_selection.json,b1272041db1364831db88d72b114cca8f67e70416c3ea4326f99e5d53e1ea677
1262,1,,1.0,0.9992679944086462,level1,0.3895890474403079,data/raw/wave1_selection.json,b1272041db1364831db88d72b114cca8f67e70416c3ea4326f99e5d53e1ea677
872,1,,1.0,0.9999186101734175,level1,0.49807787459611086,data/raw/wave1_selection.json,b1272041db1364831db88d72b114cca8f67e70416c3ea4326f99e5d53e1ea677
656,1,,1.0,0.9993352219334064,level1,0.2626406558679699,data/raw/wave1_selection.json,b1272041db1364831db88d72b114cca8f67e70416c3ea4326f99e5d53e1ea677
296,0,policy_rejected,1.0,0.999354100500223,level1,1.3798075552019222,data/raw/wave1_selection.json,b1272041db1364831db88d72b114cca8f67e70416c3ea4326f99e5d53e1ea677
330,1,,2.0,0.9997353455792627,level1,0.006320312873592654,data/raw/wave1_selection.json,b1272041db1364831db88d72b114cca8f67e70416c3ea4326f99e5d53e1ea677
1397,0,dof_missing;missing_match;unknown_particle,,,,,data/raw/wave1_selection.json,b1272041db1364831db88d72b114cca8f67e70416c3ea4326f99e5d53e1ea677
1088,1,,1.0,0.9988330548699764,level1,0.8601114105682416,data/raw/wave1_selection.json,b1272041db1364831db88d72b114cca8f67e70416c3ea4326f99e5d53e1ea677
915,1,,1.0,0.9994014179639598,level1,2.2191691185415507,data/raw/wave1_selection.json,b1272041db1364831db88d72b114cca8f67e70416c3ea4326f99e5d53e1ea677
1646,0,policy_rejected,1.0,0.9995325146385714,level1,0.6558010926419887,data/raw/wave1_selection.json,b1272041db1364831db88d72b114cca8f67e70416c3ea4326f99e5d53e1ea677
1614,0,dof_grade_not_a,2.0,0.9998977829198984,level1,0.06567110371646524,data/raw/wave1_selection.json,b1272041db1364831db88d72b114cca8f67e70416c3ea4326f99e5d53e1ea677
34,1,,2.0,0.9997671799183652,level1,0.10897315902053571,data/raw/wave1_selection.json,b1272041db1364831db88d72b114cca8f67e70416c3ea4326f99e5d53e1ea677
1195,0,policy_rejected,1.0,0.9988434108795133,level1,0.44393840840411203,data/raw/wave1_selection.json,b1272041db1364831db88d72b114cca8f67e70416c3ea4326f99e5d53e1ea677
362,1,,3.0,0.9997577773178241,level1,1.194835551942412,data/raw/wave1_selection.json,b1272041db1364831db88d72b114cca8f67e70416c3ea4326f99e5d53e1ea677
508,0,dof_grade_not_a;policy_rejected,2.0,0.9986087142405888,level1,0.048999851025001644,data/raw/wave1_selection.json,b1272041db1364831db88d72b114cca8f67e70416c3ea4326f99e5d53e1ea677
1916,1,,2.0,0.9998599367275739,level1,0.01274240592163843,data/raw/wave1_selection.json,b1272041db1364831db88d72b114cca8f67e70416c3ea4326f99e5d53e1ea677
1769,1,,1.0,0.9998999257249682,level1,0.6692463350376705,data/raw/wave1_selection.json,b1272041db1364831db88d72b114cca8f67e70416c3ea4326f99e5d53e1ea677
1644,1,,1.0,0.9995424638271094,level1,1.4077999605499947,data/raw/wave1_selection.json,b1272041db1364831db88d72b114cca8f67e70416c3ea4326f99e5d53e1ea677
750,0,policy_rejected,2.0,0.9996394869860216,level1,0.19866462703338506,data/raw/wave1_selection.json,b1272041db1364831db88d72b114cca8f67e70416c3ea4326f99e5d53e1ea677
1152,0,dof_grade_not_a,2.0,0.9994551169816602,level1,0.06086620489907311,data/raw/wave1_selection.json,b1272041db1364831db88d72b114cca8f67e70416c3ea4326f99e5d53e1ea677
1516,0,policy_rejected,1.0,0.9996328695983141,level1,0.03343944966560676,data/raw/wave1_selection.json,b1272041db1364831db88d72b114cca8f67e70416c3ea4326f99e5d53e1ea677
370,1,,2.0,0.9996397034394459,level1,0.17127943139201623,data/raw/wave1_selection.json,b1272041db1364831db88d72b114cca8f67e70416c3ea4326f99e5d53e1ea677
1834,0,policy_rejected,1.0,0.999781869590755,level1,0.2520959623790391,data/raw/wave1_selection.json,b1272041db1364831db88d72b114cca8f67e70416c3ea4326f99e5d53e1ea677
652,1,,2.0,0.999757064895198,level1,0.03960545286842593,data/raw/wave1_selection.json,b1272041db1364831db88d72b114cca8f67e70416c3ea4326f99e5d53e1ea677
279,1,,1.0,0.999371751600774,level1,0.1475469651226418,data/raw/wave1_selection.json,b1272041db1364831db88d72b114cca8f67e70416c3ea4326f99e5d53e1ea677
1031,0,policy_rejected,1.0,0.9993972121835714,level1,0.08040228660554963,data/raw/wave1_selection.json,b1272041db1364831db88d72b114cca8f67e70416c3ea4326f99e5d53e1ea677
1128,0,dof_grade_not_a,2.0,0.9994144024865049,level1,0.9514885265288914,data/raw/wave1_selection.json,b1272041db1364831db88d72b114cca8f67e70416c3ea4326f99e5d53e1ea677
899,1,,1.0,0.9991709217814554,level1,0.6214075860720119,data/raw/wave1_selection.json,b1272041db1364831db88d72b114cca8f67e70416c3ea4326f99e5d53e1ea677
1330,0,policy_rejected,2.0,0.9997602135312578,level1,0.8250938315320799,data/raw/wave1_selection.json,b1272041db1364831db88d72b114cca8f67e70416c3ea4326f99e5d53e1ea677
1638,1,,1.0,0.9992565694841545,level1,0.19644746111841555,data/raw/wave1_selection.json,b1272041db1364831db88d72b114cca8f67e70416c3ea4326f99e5d53e1ea677
180,0,dof_grade_not_a,1.0,0.9973226431001017,level1,2.339716587028368,data/raw/wave1_selection.json,b1272041db1364831db88d72b114cca8f67e70416c3ea4326f99e5d53e1ea677
993,1,,2.0,0.9989064193735343,level1,0.149789459007027,data/raw/wave1_selection.json,b1272041db1364831db88d72b114cca8f67e70416c3ea4326f99e5d53e1ea677
640,0,dof_grade_not_a,1.0,0.9977642731664728,level1,0.6372034178554656,data/raw/wave1_selection.json,b1272041db1364831db88d72b114cca8f67e70416c3ea4326f99e5d53e1ea677
1768,0,dof_grade_not_a;policy_rejected,2.0,0.9987535308292108,level1,0.1363850761815347,data/raw/wave1_selection.json,b1272041db1364831db88d72b114cca8f67e70416c3ea4326f99e5d53e1ea677
1979,0,policy_rejected,1.0,0.9995061902753057,level1,0.016216886216197948,data/raw/wave1_selection.json,b1272041db1364831db88d72b114cca8f67e70416c3ea4326f99e5d53e1ea677
1739,0,policy_rejected,1.0,0.9991894651251036,level1,0.18554720986132342,data/raw/wave1_selection.json,b1272041db1364831db88d72b114cca8f67e70416c3ea4326f99e5d53e1ea677
445,1,,2.0,0.9992783532965255,level1,0.2954474352276142,data/raw/wave1_selection.json,b1272041db1364831db88d72b114cca8f67e70416c3ea4326f99e5d53e1ea677
1269,1,,1.0,0.9996427207911298,level1,0.29903452574187167,data/raw/wave1_selection.json,b1272041db1364831db88d72b114cca8f67e70416c3ea4326f99e5d53e1ea677
1141,1,,2.0,0.999244293111492,level1,0.002354851152900098,data/raw/wave1_selection.json,b1272041db1364831db88d72b114cca8f67e70416c3ea4326f99e5d53e1ea677
1340,1,,2.0,0.999289531556687,level1,0.5606358992733788,data/raw/wave1_selection.json,b1272041db1364831db88d72b114cca8f67e70416c3ea4326f99e5d53e1ea677
1475,1,,2.0,0.9998913736660135,level1,0.003274114727164178,data/raw/wave1_selection.json,b1272041db1364831db88d72b114cca8f67e70416c3ea4326f99e5d53e1ea677
1039,0,dof_grade_not_a,1.0,0.9981442662192136,level1,0.9572354906382263,data/raw/wave1_selection.json,b1272041db1364831db88d72b114cca8f67e70416c3ea4326f99e5d53e1ea677
1953,1,,2.0,0.9998449695292944,level1,1.2626515019242337,data/raw/wave1_selection.json,b1272041db1364831db88d72b114cca8f67e70416c3ea4326f99e5d53e1ea677
1353,0,policy_rejected,1.0,0.9997206497155318,level1,0.4422728905064865,data/raw/wave1_selection.json,b1272041db1364831db88d72b114cca8f67e70416c3ea4326f99e5d53e1ea677
1900,1,,1.0,0.9990776581188369,level1,0.4120337144915618,data/raw/wave1_selection.json,b1272041db1364831db88d72b114cca8f67e70416c3ea4326f99e5d53e1ea677
1819,1,,1.0,0.9991163333332409,level1,0.04053922398202841,data/raw/wave1_selection.json,b1272041db1364831db88d72b114cca8f67e70416c3ea4326f99e5d53e1ea677
115,0,dof_grade_not_a;policy_rejected,3.0,0.9973051720646852,level1,0.2976567634114403,data/raw/wave1_selection.json,b1272041db1364831db88d72b114cca8f67e70416c3ea4326f99e5d53e1ea677
1442,0,dof_grade_not_a,1.0,0.999923459326954,level1,0.408234812033983,data/raw/wave1_selection.json,b1272041db1364831db88d72b114cca8f67e70416c3ea4326f99e5d53e1ea677
1863,1,,2.0,0.9992842125504553,level1,0.6432893219060103,data/raw/wave1_selection.json,b1272041db1364831db88d72b114cca8f67e70416c3ea4326f99e5d53e1ea677
425,1,,1.0,0.9997152069951571,level1,0.6434069847597949,data/raw/wave1_selection.json,b1272041db1364831db88d72b114cca8f67e70416c3ea4326f99e5d53e1ea677
1869,0,policy_rejected,1.0,0.9993046162174358,level1,0.07285733123808721,data/raw/wave1_selection.json,b1272041db1364831db88d72b114cca8f67e70416c3ea4326f99e5d53e1ea677
105,0,policy_rejected,1.0,0.9991714476268232,level1,1.3546863422531377,data/raw/wave1_selection.json,b1272041db1364831db88d72b114cca8f67e70416c3ea4326f99e5d53e1ea677
1832,1,,3.0,0.9995912881052447,level1,0.0021892656952650293,data/raw/wave1_selection.json,b1272041db1364831db88d72b114cca8f67e70416c3ea4326f99e5d53e1ea677
142,1,,1.0,0.9995270988343362,level1,0.17399868330007612,data/raw/wave1_selection.json,b1272041db1364831db88d72b114cca8f67e70416c3ea4326f99e5d53e1ea677
51,1,,1.0,0.9993804247678759,level1,0.4606369746254501,data/raw/wave1_selection.json,b1272041db1364831db88d72b114cca8f67e70416c3ea4326f99e5d53e1ea677
424,1,,1.0,0.9991712868871545,level1,1.9844996267750294,data/raw/wave1_selection.json,b1272041db1364831db88d72b114cca8f67e70416c3ea4326f99e5d53e1ea677
333,1,,2.0,0.9989701894164081,level1,0.49526072498261187,data/raw/wave1_selection.json,b1272041db1364831db88d72b114cca8f67e70416c3ea4326f99e5d53e1ea677
1972,1,,2.0,0.9996932173141411,level1,0.3813286943194113,data/raw/wave1_selection.json,b1272041db1364831db88d72b114cca8f67e70416c3ea4326f99e5d53e1ea677
1708,0,policy_rejected,1.0,0.9994223819011037,level1,1.697683963115794,data/raw/wave1_selection.json,b1272041db1364831db88d72b114cca8f67e70416c3ea4326f99e5d53e1ea677
823,1,,1.0,0.9988753874349214,level1,0.579993890857314,data/raw/wave1_selection.json,b1272041db1364831db88d72b114cca8f67e70416c3ea4326f99e5d53e1ea677
549,0,dof_grade_not_a,2.0,0.9996654241087292,level1,0.5087210595520699,data/raw/wave1_selection.json,b1272041db1364831db88d72b114cca8f67e70416c3ea4326f99e5d53e1ea677
1360,1,,1.0,0.9988679045655454,level1,1.287247349425079,data/raw/wave1_selection.json,b1272041db1364831db88d72b114cca8f67e70416c3ea4326f99e5d53e1ea677
1203,1,,3.0,0.9998323257264947,level1,0.05450008625832978,data/raw/wave1_selection.json,b1272041db1364831db88d72b114cca8f67e70416c3ea4326f99e5d53e1ea677
454,0,policy_rejected,1.0,0.9994567769182153,level1,0.08131288297812153,data/raw/wave1_selection.json,b1272041db1364831db88d72b114cca8f67e70416c3ea4326f99e5d53e1ea677
1252,0,dof_grade_not_a;policy_rejected,1.0,0.9980237059260528,level1,0.08650558478314738,data/raw/wave1_selection.json,b1272041db1364831db88d72b114cca8f67e70416c3ea4326f99e5d53e1ea677
1856,1,,1.0,0.9996119529193903,level1,1.8124218138789039,data/raw/wave1_selection.json,b1272041db1364831db88d72b114cca8f67e70416c3ea4326f99e5d53e1ea677
120,0,dof_grade_not_a,2.0,0.9995893499205948,level1,0.6816874305743922,data/raw/wave1_selection.json,b1272041db1364831db88d72b114cca8f67e70416c3ea4326f99e5d53e1ea677
891,0,policy_rejected,1.0,0.9988551734871475,level1,1.484389675856102,data/raw/wave1_selection.json,b1272041db1364831db88d72b114cca8f67e70416c3ea4326f99e5d53e1ea677
1689,1,,2.0,0.9997358486029339,level1,2.2730776278461255,data/raw/wave1_selection.json,b1272041db1364831db88d72b114cca8f67e70416c3ea4326f99e5d53e1ea677
1791,0,policy_rejected,1.0,0.9990347866291471,level1,0.5899354613006454,data/raw/wave1_selection.json,b1272041db1364831db88d72b114cca8f67e70416c3ea4326f99e5d53e1ea677
922,1,,1.0,0.9993312574995705,level1,0.2865202816739894,data/raw/wave1_selection.json,b1272041db1364831db88d72b114cca8f67e70416c3ea4326f99e5d53e1ea677
889,0,dof_grade_not_a,1.0,0.00011354895127986204,none,1.1269162923621068,data/raw/wave1_selection.json,b1272041db1364831db88d72b114cca8f67e70416c3ea4326f99e5d53e1ea677
1594,0,policy_rejected,1.0,0.9995509418224187,level1,0.9381808226234003,data/raw/wave1_selection.json,b1272041db1364831db88d72b114cca8f67e70416c3ea4326f99e5d53e1ea677
694,0,policy_rejected,1.0,0.9996792413313823,level1,0.041769459215369516,data/raw/wave1_selection.json,b1272041db1364831db88d72b114cca8f67e70416c3ea4326f99e5d53e1ea677
1695,1,,1.0,0.9995321062096171,level1,0.7573502931324805,data/raw/wave1_selection.json,b1272041db1364831db88d72b114cca8f67e70416c3ea4326f99e5d53e1ea677
324,1,,3.0,0.9997264069652054,level1,0.3682286789356071,data/raw/wave1_selection.json,b1272041db1364831db88d72b114cca8f67e70416c3ea4326f99e5d53e1ea677
1945,0,dof_grade_not_a;policy_rejected,1.0,0.9985484151449022,level1,0.012481908458637251,data/raw/wave1_selection.json,b1272041db1364831db88d72b114cca8f67e70416c3ea4326f99e5d53e1ea677
310,1,,2.0,0.9993121876235809,level1,1.1234654255821968,data/raw/wave1_selection.json,b1272041db1364831db88d72b114cca8f67e70416c3ea4326f99e5d53e1ea677
465,0,policy_rejected,1.0,0.9997525889581865,level1,0.38373476930843436,data/raw/wave1_selection.json,b1272041db1364831db88d72b114cca8f67e70416c3ea4326f99e5d53e1ea677
253,1,,1.0,0.9992054005143476,level1,0.1200291824992684,data/raw/wave1_selection.json,b1272041db1364831db88d72b114cca8f67e70416c3ea4326f99e5d53e1ea677
1224,1,,2.0,0.9992391218136268,level1,1.0222269933649442,data/raw/wave1_selection.json,b1272041db1364831db88d72b114cca8f67e70416c3ea4326f99e5d53e1ea677
1045,0,dof_grade_not_a,1.0,0.0001317750996964135,none,3.1850812322459383,data/raw/wave1_selection.json,b1272041db1364831db88d72b114cca8f67e70416c3ea4326f99e5d53e1ea677
842,0,dof_grade_not_a;missing_match;unknown_particle,1.0,0.0004515509158943731,none,,data/raw/wave1_selection.json,b1272041db1364831db88d72b114cca8f67e70416c3ea4326f99e5d53e1ea677
953,0,policy_rejected,3.0,0.9995335484370483,level1,0.15983694600543452,data/raw/wave1_selection.json,b1272041db1364831db88d72b114cca8f67e70416c3ea4326f99e5d53e1ea677
1504,1,,2.0,0.9992301669327149,level1,0.14936024544684537,data/raw/wave1_selection.json,b1272041db1364831db88d72b114cca8f67e70416c3ea4326f99e5d53e1ea677
1314,1,,2.0,0.9996886778845315,level1,0.012938354541231295,data/raw/wave1_selection.json,b1272041db1364831db88d72b114cca8f67e70416c3ea4326f99e5d53e1ea677
1911,1,,2.0,0.999121696221495,level1,0.10905086701898517,data/raw/wave1_selection.json,b1272041db1364831db88d72b114cca8f67e70416c3ea4326f99e5d53e1ea677
80,1,,2.0,0.9998475592316599,level1,0.043506811162329025,data/raw/wave1_selection.json,b1272041db1364831db88d72b114cca8f67e70416c3ea4326f99e5d53e1ea677
380,0,policy_rejected,2.0,0.9996140641505706,level1,1.0067394131101441,data/raw/wave1_selection.json,b1272041db1364831db88d72b114cca8f67e70416c3ea4326f99e5d53e1ea677
1678,0,dof_grade_not_a,1.0,0.997969442233503,level1,3.1118092642730204,data/raw/wave1_selection.json,b1272041db1364831db88d72b114cca8f67e70416c3ea4326f99e5d53e1ea677
67,1,,2.0,0.9994087046448809,level1,0.5091333950433378,data/raw/wave1_selection.json,b1272041db1364831db88d72b114cca8f67e70416c3ea4326f99e5d53e1ea677
1289,1,,2.0,0.9988231855709039,level1,0.01291887563089182,data/raw/wave1_selection.json,b1272041db1364831db88d72b114cca8f67e70416c3ea4326f99e5d53e1ea677
1527,1,,3.0,0.9992291614826252,level1,0.025945605851359518,data/raw/wave1_selection.json,b1272041db1364831db88d72b114cca8f67e70416c3ea4326f99e5d53e1ea677
1181,1,,2.0,0.9995512162221255,level1,0.04267587594648044,data/raw/wave1_selection.json,b1272041db1364831db88d72b114cca8f67e70416c3ea4326f99e5d53e1ea677
1477,0,dof_grade_not_a,1.0,5.454194934070831e-06,none,0.017691536205138504,data/raw/wave1_selection.json,b1272041db1364831db88d72b114cca8f67e70416c3ea4326f99e5d53e1ea677
111,0,policy_rejected,1.0,0.9992203556940744,level1,3.7952481075475175,data/raw/wave1_selection.json,b1272041db1364831db88d72b114cca8f67e70416c3ea4326f99e5d53e1ea677
1242,0,dof_grade_not_a,1.0,2.6984991446059843e-06,none,1.4895187060240747,data/raw/wave1_selection.json,b1272041db1364831db88d72b114cca8f67e70416c3ea4326f99e5d53e1ea677
622,1,,1.0,0.9994978489568318,level1,2.1468417291579156,data/raw/wave1_selection.json,b1272041db1364831db88d72b114cca8f67e70416c3ea4326f99e5d53e1ea677
184,1,,2.0,0.9998429042019957,level1,0.43423399280866726,data/raw/wave1_selection.json,b1272041db1364831db88d72b114cca8f67e70416c3ea4326f99e5d53e1ea677
1970,1,,3.0,0.9993685709106868,level1,0.8709459299729706,data/raw/wave1_selection.json,b1272041db1364831db88d72b114cca8f67e70416c3ea4326f99e5d53e1ea677
1579,0,policy_rejected,1.0,0.9998006470957382,level1,0.03000982899967564,data/raw/wave1_selection.json,b1272041db1364831db88d72b114cca8f67e70416c3ea4326f99e5d53e1ea677
941,0,policy_rejected,2.0,0.9991754875529718,level1,0.27673857477537966,data/raw/wave1_selection.json,b1272041db1364831db88d72b114cca8f67e70416c3ea4326f99e5d53e1ea677
1053,0,dof_grade_not_a;policy_rejected,2.0,0.9995137745704675,level1,0.34258831191372674,data/raw/wave1_selection.json,b1272041db1364831db88d72b114cca8f67e70416c3ea4326f99e5d53e1ea677
1161,1,,1.0,0.9996836256809489,level1,2.3299288320071416,data/raw/wave1_selection.json,b1272041db1364831db88d72b114cca8f67e70416c3ea4326f99e5d53e1ea677
220,1,,2.0,0.9995887853593461,level1,0.015342039561652119,data/raw/wave1_selection.json,b1272041db1364831db88d72b114cca8f67e70416c3ea4326f99e5d53e1ea677
1065,0,dof_grade_not_a,1.0,2.790160652900521e-05,none,1.2973827981543513,data/raw/wave1_selection.json,b1272041db1364831db88d72b114cca8f67e70416c3ea4326f99e5d53e1ea677
205,0,dof_grade_not_a,3.0,0.9986859072934664,level1,1.2373631863610488,data/raw/wave1_selection.json,b1272041db1364831db88d72b114cca8f67e70416c3ea4326f99e5d53e1ea677
1331,1,,1.0,0.9990087439015659,level1,0.2726837194926519,data/raw/wave1_selection.json,b1272041db1364831db88d72b114cca8f67e70416c3ea4326f99e5d53e1ea677
832,1,,1.0,0.9987778844915318,level1,3.348612762615607,data/raw/wave1_selection.json,b1272041db1364831db88d72b114cca8f67e70416c3ea4326f99e5d53e1ea677
1139,1,,2.0,0.9996101503478072,level1,0.007764136244714232,data/raw/wave1_selection.json,b1272041db1364831db88d72b114cca8f67e70416c3ea4326f99e5d53e1ea677
1284,0,dof_grade_not_a,2.0,0.9994611127740374,level1,0.01423489951530282,data/raw/wave1_selection.json,b1272041db1364831db88d72b114cca8f67e70416c3ea4326f99e5d53e1ea677
592,0,dof_missing;missing_match;unknown_particle,,,,,data/raw/wave1_selection.json,b1272041db1364831db88d72b114cca8f67e70416c3ea4326f99e5d53e1ea677
1648,1,,2.0,0.9993116858605348,level1,0.3414513254274436,data/raw/wave1_selection.json,b1272041db1364831db88d72b114cca8f67e70416c3ea4326f99e5d53e1ea677
1568,1,,1.0,0.9998503306804523,level1,0.08005900966470339,data/raw/wave1_selection.json,b1272041db1364831db88d72b114cca8f67e70416c3ea4326f99e5d53e1ea677
825,1,,1.0,0.9997591028777696,level1,0.5219271144036557,data/raw/wave1_selection.json,b1272041db1364831db88d72b114cca8f67e70416c3ea4326f99e5d53e1ea677
818,0,policy_rejected,2.0,0.9991131240223351,level1,0.13305103956496783,data/raw/wave1_selection.json,b1272041db1364831db88d72b114cca8f67e70416c3ea4326f99e5d53e1ea677
1891,0,dof_grade_not_a,1.0,0.9986181159564187,level1,0.004913565602783992,data/raw/wave1_selection.json,b1272041db1364831db88d72b114cca8f67e70416c3ea4326f99e5d53e1ea677
507,1,,2.0,0.9996215964318387,level1,0.5623926625918124,data/raw/wave1_selection.json,b1272041db1364831db88d72b114cca8f67e70416c3ea4326f99e5d53e1ea677
1124,0,dof_grade_not_a,1.0,1.82684907108164e-12,none,2.7974705640843083,data/raw/wave1_selection.json,b1272041db1364831db88d72b114cca8f67e70416c3ea4326f99e5d53e1ea677
1543,0,policy_rejected,1.0,0.9989362491315829,level1,0.0538590095380308,data/raw/wave1_selection.json,b1272041db1364831db88d72b114cca8f67e70416c3ea4326f99e5d53e1ea677
1500,0,dof_grade_not_a,2.0,0.9980661187561696,level1,0.1357162854856772,data/raw/wave1_selection.json,b1272041db1364831db88d72b114cca8f67e70416c3ea4326f99e5d53e1ea677
446,0,policy_rejected,2.0,0.9997191823792111,level1,0.26232649797673363,data/raw/wave1_selection.json,b1272041db1364831db88d72b114cca8f67e70416c3ea4326f99e5d53e1ea677
531,1,,1.0,0.9997393654271468,level1,3.2560242484658604,data/raw/wave1_selection.json,b1272041db1364831db88d72b114cca8f67e70416c3ea4326f99e5d53e1ea677
1243,1,,2.0,0.9998217333811399,level1,0.8231107199608897,data/raw/wave1_selection.json,b1272041db1364831db88d72b114cca8f67e70416c3ea4326f99e5d53e1ea677
277,0,dof_grade_not_a,1.0,0.9987180597579347,level1,2.0614761714261873,data/raw/wave1_selection.json,b1272041db1364831db88d72b114cca8f67e70416c3ea4326f99e5d53e1ea677
929,0,dof_grade_not_a;policy_rejected,2.0,0.9996942510477445,level1,0.5500803993306519,data/raw/wave1_selection.json,b1272041db1364831db88d72b114cca8f67e70416c3ea4326f99e5d53e1ea677
1645,1,,2.0,0.9997786750401989,level1,0.25791934948801015,data/raw/wave1_selection.json,b1272041db1364831db88d72b114cca8f67e70416c3ea4326f99e5d53e1ea677
1943,0,dof_grade_not_a,1.0,0.00027260556803179167,none,1.1517754773778421,data/raw/wave1_selection.json,b1272041db1364831db88d72b114cca8f67e70416c3ea4326f99e5d53e1ea677
488,1,,1.0,0.9994809850712459,level1,0.36601192533234406,data/raw/wave1_selection.json,b1272041db1364831db88d72b114cca8f67e70416c3ea4326f99e5d53e1ea677
1779,1,,2.0,0.9998156634704601,level1,1.2888324296185683,data/raw/wave1_selection.json,b1272041db1364831db88d72b114cca8f67e70416c3ea4326f99e5d53e1ea677
602,0,dof_grade_not_a;policy_rejected,1.0,0.9987083828907611,level1,3.652233541577666,data/raw/wave1_selection.json,b1272041db1364831db88d72b114cca8f67e70416c3ea4326f99e5d53e1ea677
315,0,dof_grade_not_a;policy_rejected,1.0,0.9979824021813003,level1,1.304437658646562,data/raw/wave1_selection.json,b1272041db1364831db88d72b114cca8f67e70416c3ea4326f99e5d53e1ea677
1578,1,,1.0,0.9995461518753709,level1,0.16458791477060783,data/raw/wave1_selection.json,b1272041db1364831db88d72b114cca8f67e70416c3ea4326f99e5d53e1ea677
976,0,policy_rejected,1.0,0.9989443895986049,level1,0.09246014143849703,data/raw/wave1_selection.json,b1272041db1364831db88d72b114cca8f67e70416c3ea4326f99e5d53e1ea677
722,1,,1.0,0.9995648712623079,level1,0.8668832986558372,data/raw/wave1_selection.json,b1272041db1364831db88d72b114cca8f67e70416c3ea4326f99e5d53e1ea677
802,1,,2.0,0.9994940669459896,level1,0.19390010432199817,data/raw/wave1_selection.json,b1272041db1364831db88d72b114cca8f67e70416c3ea4326f99e5d53e1ea677
1400,1,,2.0,0.9998113029306515,level1,0.9215947196621611,data/raw/wave1_selection.json,b1272041db1364831db88d72b114cca8f67e70416c3ea4326f99e5d53e1ea677
920,1,,1.0,0.9996988484325346,level1,0.5791012145449413,data/raw/wave1_selection.json,b1272041db1364831db88d72b114cca8f67e70416c3ea4326f99e5d53e1ea677
299,1,,1.0,0.9998005915724976,level1,0.9031122288443838,data/raw/wave1_selection.json,b1272041db1364831db88d72b114cca8f67e70416c3ea4326f99e5d53e1ea677
147,1,,2.0,0.9996107664290108,level1,0.13328676150399443,data/raw/wave1_selection.json,b1272041db1364831db88d72b114cca8f67e70416c3ea4326f99e5d53e1ea677
248,0,dof_grade_not_a,1.0,0.9971315735982161,level1,0.6065725152407774,data/raw/wave1_selection.json,b1272041db1364831db88d72b114cca8f67e70416c3ea4326f99e5d53e1ea677
1910,1,,2.0,0.9997401371686185,level1,0.006898579802894583,data/raw/wave1_selection.json,b1272041db1364831db88d72b114cca8f67e70416c3ea4326f99e5d53e1ea677
1361,0,policy_rejected,1.0,0.9997229448083881,level1,0.04661039955930919,data/raw/wave1_selection.json,b1272041db1364831db88d72b114cca8f67e70416c3ea4326f99e5d53e1ea677
1226,1,,2.0,0.9995127774872222,level1,0.6325240913738066,data/raw/wave1_selection.json,b1272041db1364831db88d72b114cca8f67e70416c3ea4326f99e5d53e1ea677
482,1,,1.0,0.9991434735890948,level1,2.5985180931481917,data/raw/wave1_selection.json,b1272041db1364831db88d72b114cca8f67e70416c3ea4326f99e5d53e1ea677
643,1,,1.0,0.999449128711028,level1,0.8606195671251475,data/raw/wave1_selection.json,b1272041db1364831db88d72b114cca8f67e70416c3ea4326f99e5d53e1ea677
128,0,policy_rejected,2.0,0.9997056837753903,level1,0.3914563419514599,data/raw/wave1_selection.json,b1272041db1364831db88d72b114cca8f67e70416c3ea4326f99e5d53e1ea677
518,0,policy_rejected,1.0,0.9988391315180162,level1,0.1169975273250633,data/raw/wave1_selection.json,b1272041db1364831db88d72b114cca8f67e70416c3ea4326f99e5d53e1ea677
1419,0,policy_rejected,2.0,0.9991953798952251,level1,0.31112027096265676,data/raw/wave1_selection.json,b1272041db1364831db88d72b114cca8f67e70416c3ea4326f99e5d53e1ea677
1157,0,policy_rejected,2.0,0.9997222511932653,level1,1.6758569104414298,data/raw/wave1_selection.json,b1272041db1364831db88d72b114cca8f67e70416c3ea4326f99e5d53e1ea677
460,0,policy_rejected,2.0,0.9993329807368673,level1,1.1890841407277233,data/raw/wave1_selection.json,b1272041db1364831db88d72b114cca8f67e70416c3ea4326f99e5d53e1ea677
478,0,dof_grade_not_a;policy_rejected,1.0,0.9972035347308692,level1,3.5756859671431407,data/raw/wave1_selection.json,b1272041db1364831db88d72b114cca8f67e70416c3ea4326f99e5d53e1ea677
1871,0,policy_rejected,1.0,0.9996183580611406,level1,0.09967800401073315,data/raw/wave1_selection.json,b1272041db1364831db88d72b114cca8f67e70416c3ea4326f99e5d53e1ea677
337,0,dof_grade_not_a,1.0,0.0006284215141828583,none,1.0989678070344011,data/raw/wave1_selection.json,b1272041db1364831db88d72b114cca8f67e70416c3ea4326f99e5d53e1ea677
1241,0,dof_grade_not_a,3.0,0.998530123309671,level1,0.01649865427002813,data/raw/wave1_selection.json,b1272041db1364831db88d72b114cca8f67e70416c3ea4326f99e5d53e1ea677
1029,1,,1.0,0.9994526520953901,level1,2.6297289600135403,data/raw/wave1_selection.json,b1272041db1364831db88d72b114cca8f67e70416c3ea4326f99e5d53e1ea677
157,0,dof_grade_not_a,3.0,0.9996979503742728,level1,0.42577838958526576,data/raw/wave1_selection.json,b1272041db1364831db88d72b114cca8f67e70416c3ea4326f99e5d53e1ea677
1898,1,,2.0,0.9997271722154056,level1,0.30585245526135724,data/raw/wave1_selection.json,b1272041db1364831db88d72b114cca8f67e70416c3ea4326f99e5d53e1ea677
1069,1,,1.0,0.9997223130183376,level1,0.8821462596529553,data/raw/wave1_selection.json,b1272041db1364831db88d72b114cca8f67e70416c3ea4326f99e5d53e1ea677
871,0,dof_grade_not_a,1.0,3.3315243343990326e-05,none,1.237840509230967,data/raw/wave1_selection.json,b1272041db1364831db88d72b114cca8f67e70416c3ea4326f99e5d53e1ea677
923,0,policy_rejected,1.0,0.9997287039945411,level1,0.5760795834640117,data/raw/wave1_selection.json,b1272041db1364831db88d72b114cca8f67e70416c3ea4326f99e5d53e1ea677
1338,0,policy_rejected,1.0,0.9996423611215209,level1,0.2178986622101068,data/raw/wave1_selection.json,b1272041db1364831db88d72b114cca8f67e70416c3ea4326f99e5d53e1ea677
1668,1,,1.0,0.9992081972436302,level1,1.242113182996857,data/raw/wave1_selection.json,b1272041db1364831db88d72b114cca8f67e70416c3ea4326f99e5d53e1ea677
250,1,,1.0,0.9997051261303872,level1,0.030936921953156223,data/raw/wave1_selection.json,b1272041db1364831db88d72b114cca8f67e70416c3ea4326f99e5d53e1ea677
1520,0,policy_rejected,1.0,0.9996936631629241,level1,1.5500822113278536,data/raw/wave1_selection.json,b1272041db1364831db88d72b114cca8f67e70416c3ea4326f99e5d53e1ea677
50,1,,1.0,0.9998123814362955,level1,0.10111801539663126,data/raw/wave1_selection.json,b1272041db1364831db88d72b114cca8f67e70416c3ea4326f99e5d53e1ea677
1410,0,dof_grade_not_a,1.0,0.9972266373226083,level1,1.3003130439687074,data/raw/wave1_selection.json,b1272041db1364831db88d72b114cca8f67e70416c3ea4326f99e5d53e1ea677
1582,0,dof_grade_not_a,2.0,0.999603896911279,level1,0.279495792525229,data/raw/wave1_selection.json,b1272041db1364831db88d72b114cca8f67e70416c3ea4326f99e5d53e1ea677
1481,1,,1.0,0.9995858412347789,level1,0.05689008462201155,data/raw/wave1_selection.json,b1272041db1364831db88d72b114cca8f67e70416c3ea4326f99e5d53e1ea677
833,0,dof_missing;missing_match;unknown_particle,,,,,data/raw/wave1_selection.json,b1272041db1364831db88d72b114cca8f67e70416c3ea4326f99e5d53e1ea677
805,1,,2.0,0.9995896180654684,level1,3.342420645252643,data/raw/wave1_selection.json,b1272041db1364831db88d72b114cca8f67e70416c3ea4326f99e5d53e1ea677
262,0,policy_rejected,1.0,0.999665782061052,level1,0.3641405513057298,data/raw/wave1_selection.json,b1272041db1364831db88d72b114cca8f67e70416c3ea4326f99e5d53e1ea677
1912,0,dof_grade_not_a,2.0,0.9997413914795704,level1,0.6590195972176228,data/raw/wave1_selection.json,b1272041db1364831db88d72b114cca8f67e70416c3ea4326f99e5d53e1ea677
1025,0,dof_grade_not_a,1.0,1.15354672684555e-07,none,0.49980648901936503,data/raw/wave1_selection.json,b1272041db1364831db88d72b114cca8f67e70416c3ea4326f99e5d53e1ea677
551,1,,2.0,0.9996263942928981,level1,0.004497209910058717,data/raw/wave1_selection.json,b1272041db1364831db88d72b114cca8f67e70416c3ea4326f99e5d53e1ea677
1867,1,,1.0,0.9991674518203164,level1,1.2303874389806244,data/raw/wave1_selection.json,b1272041db1364831db88d72b114cca8f67e70416c3ea4326f99e5d53e1ea677
448,1,,1.0,0.9994674168425068,level1,0.22713875842870934,data/raw/wave1_selection.json,b1272041db1364831db88d72b114cca8f67e70416c3ea4326f99e5d53e1ea677
1600,1,,1.0,0.9992412657489432,level1,2.2046067187827534,data/raw/wave1_selection.json,b1272041db1364831db88d72b114cca8f67e70416c3ea4326f99e5d53e1ea677
930,1,,2.0,0.9996918973548866,level1,1.277201166295726,data/raw/wave1_selection.json,b1272041db1364831db88d72b114cca8f67e70416c3ea4326f99e5d53e1ea677
1402,1,,1.0,0.999752025683971,level1,0.1274989826042112,data/raw/wave1_selection.json,b1272041db1364831db88d72b114cca8f67e70416c3ea4326f99e5d53e1ea677
1561,1,,2.0,0.9991595070018248,level1,0.7966110329539665,data/raw/wave1_selection.json,b1272041db1364831db88d72b114cca8f67e70416c3ea4326f99e5d53e1ea677
44,1,,1.0,0.9994310265538218,level1,0.5937943723102844,data/raw/wave1_selection.json,b1272041db1364831db88d72b114cca8f67e70416c3ea4326f99e5d53e1ea677
338,0,policy_rejected,1.0,0.9996544519920942,level1,0.6021043192631912,data/raw/wave1_selection.json,b1272041db1364831db88d72b114cca8f67e70416c3ea4326f99e5d53e1ea677
701,0,policy_rejected,2.0,0.9994135358433066,level1,0.04415730564606521,data/raw/wave1_selection.json,b1272041db1364831db88d72b114cca8f67e70416c3ea4326f99e5d53e1ea677
786,1,,2.0,0.9993733595612717,level1,0.5575864081835739,data/raw/wave1_selection.json,b1272041db1364831db88d72b114cca8f67e70416c3ea4326f99e5d53e1ea677
1355,0,dof_grade_not_a,2.0,0.9995598577444533,level1,0.06526385169472233,data/raw/wave1_selection.json,b1272041db1364831db88d72b114cca8f67e70416c3ea4326f99e5d53e1ea677
723,0,policy_rejected,2.0,0.9995789119604828,level1,1.379044461698519,data/raw/wave1_selection.json,b1272041db1364831db88d72b114cca8f67e70416c3ea4326f99e5d53e1ea677
1931,0,policy_rejected,1.0,0.9998336795623963,level1,0.2330254686162421,data/raw/wave1_selection.json,b1272041db1364831db88d72b114cca8f67e70416c3ea4326f99e5d53e1ea677
896,1,,2.0,0.9998743974222761,level1,0.6612017188227994,data/raw/wave1_selection.json,b1272041db1364831db88d72b114cca8f67e70416c3ea4326f99e5d53e1ea677
474,1,,3.0,0.9989948380848834,level1,0.5579790973401996,data/raw/wave1_selection.json,b1272041db1364831db88d72b114cca8f67e70416c3ea4326f99e5d53e1ea677
374,1,,1.0,0.9992709184654991,level1,1.0749520266019315,data/raw/wave1_selection.json,b1272041db1364831db88d72b114cca8f67e70416c3ea4326f99e5d53e1ea677
1615,1,,1.0,0.999315735976952,level1,0.8336513542116144,data/raw/wave1_selection.json,b1272041db1364831db88d72b114cca8f67e70416c3ea4326f99e5d53e1ea677
532,1,,2.0,0.9997865426057139,level1,0.1437529221784902,data/raw/wave1_selection.json,b1272041db1364831db88d72b114cca8f67e70416c3ea4326f99e5d53e1ea677
932,1,,2.0,0.9992740479630973,level1,0.640497372869808,data/raw/wave1_selection.json,b1272041db1364831db88d72b114cca8f67e70416c3ea4326f99e5d53e1ea677
601,0,policy_rejected,1.0,0.9992268062348519,level1,0.9288876369481672,data/raw/wave1_selection.json,b1272041db1364831db88d72b114cca8f67e70416c3ea4326f99e5d53e1ea677
1276,1,,3.0,0.9993583231501773,level1,0.37467292929505097,data/raw/wave1_selection.json,b1272041db1364831db88d72b114cca8f67e70416c3ea4326f99e5d53e1ea677
336,0,dof_grade_not_a,1.0,0.9986369304528866,level1,0.19487439396016198,data/raw/wave1_selection.json,b1272041db1364831db88d72b114cca8f67e70416c3ea4326f99e5d53e1ea677
612,0,dof_grade_not_a;policy_rejected,1.0,0.998391203502395,level1,0.0687034500129639,data/raw/wave1_selection.json,b1272041db1364831db88d72b114cca8f67e70416c3ea4326f99e5d53e1ea677
1559,0,dof_grade_not_a,1.0,0.9995551831317756,level1,3.097254083758188,data/raw/wave1_selection.json,b1272041db1364831db88d72b114cca8f67e70416c3ea4326f99e5d53e1ea677
581,1,,2.0,0.9994623752854873,level1,0.8606185763866661,data/raw/wave1_selection.json,b1272041db1364831db88d72b114cca8f67e70416c3ea4326f99e5d53e1ea677
1235,1,,2.0,0.9997326402228359,level1,0.5745907835831202,data/raw/wave1_selection.json,b1272041db1364831db88d72b114cca8f67e70416c3ea4326f99e5d53e1ea677
859,1,,2.0,0.9994278061727964,level1,1.07423647452544,data/raw/wave1_selection.json,b1272041db1364831db88d72b114cca8f67e70416c3ea4326f99e5d53e1ea677
443,1,,1.0,0.9993710601765301,level1,0.14318261397243956,data/raw/wave1_selection.json,b1272041db1364831db88d72b114cca8f67e70416c3ea4326f99e5d53e1ea677
1326,1,,2.0,0.9999153224653089,level1,0.09467324910653203,data/raw/wave1_selection.json,b1272041db1364831db88d72b114cca8f67e70416c3ea4326f99e5d53e1ea677
119,0,policy_rejected,1.0,0.99890305762565,level1,0.5623125615382896,data/raw/wave1_selection.json,b1272041db1364831db88d72b114cca8f67e70416c3ea4326f99e5d53e1ea677
1016,1,,1.0,0.9998415535223732,level1,1.336493383175329,data/raw/wave1_selection.json,b1272041db1364831db88d72b114cca8f67e70416c3ea4326f99e5d53e1ea677
680,1,,1.0,0.9996145997921698,level1,0.05346936748346605,data/raw/wave1_selection.json,b1272041db1364831db88d72b114cca8f67e70416c3ea4326f99e5d53e1ea677
1166,0,dof_grade_not_a,1.0,0.0009330127366205382,none,0.025016815416194244,data/raw/wave1_selection.json,b1272041db1364831db88d72b114cca8f67e70416c3ea4326f99e5d53e1ea677
1919,0,dof_missing;missing_match;unknown_particle,,,,,data/raw/wave1_selection.json,b1272041db1364831db88d72b114cca8f67e70416c3ea4326f99e5d53e1ea677
1538,1,,1.0,0.9991283395164477,level1,0.3952851372357458,data/raw/wave1_selection.json,b1272041db1364831db88d72b114cca8f67e70416c3ea4326f99e5d53e1ea677
234,1,,2.0,0.9992113140945745,level1,0.08204702215905994,data/raw/wave1_selection.json,b1272041db1364831db88d72b114cca8f67e70416c3ea4326f99e5d53e1ea677
1479,0,policy_rejected,1.0,0.9992455307635897,level1,3.647269916327299,data/raw/wave1_selection.json,b1272041db1364831db88d72b114cca8f67e70416c3ea4326f99e5d53e1ea677
1621,1,,3.0,0.9996361082138074,level1,0.7077174838831907,data/raw/wave1_selection.json,b1272041db1364831db88d72b114cca8f67e70416c3ea4326f99e5d53e1ea677
1780,0,policy_rejected,1.0,0.9997119073651366,level1,0.03322797164514745,data/raw/wave1_selection.json,b1272041db1364831db88d72b114cca8f67e70416c3ea4326f99e5d53e1ea677
291,1,,2.0,0.9996657657430058,level1,0.5157190244080185,data/raw/wave1_selection.json,b1272041db1364831db88d72b114cca8f67e70416c3ea4326f99e5d53e1ea677
341,0,dof_grade_not_a,2.0,0.997924405645653,level1,1.1724956362144026,data/raw/wave1_selection.json,b1272041db1364831db88d72b114cca8f67e70416c3ea4326f99e5d53e1ea677
1275,1,,3.0,0.999391171122762,level1,0.3969304272207597,data/raw/wave1_selection.json,b1272041db1364831db88d72b114cca8f67e70416c3ea4326f99e5d53e1ea677
1398,0,dof_grade_not_a,1.0,0.9986731769783769,level1,0.6019226749465958,data/raw/wave1_selection.json,b1272041db1364831db88d72b114cca8f67e70416c3ea4326f99e5d53e1ea677
1670,0,dof_grade_not_a,3.0,0.9986273156771384,level1,0.02518779270892036,data/raw/wave1_selection.json,b1272041db1364831db88d72b114cca8f67e70416c3ea4326f99e5d53e1ea677
1320,0,policy_rejected,1.0,0.9991005945008138,level1,0.24070572148235825,data/raw/wave1_selection.json,b1272041db1364831db88d72b114cca8f67e70416c3ea4326f99e5d53e1ea677
283,0,dof_grade_not_a,1.0,0.0004030504862677651,none,0.26722473636500643,data/raw/wave1_selection.json,b1272041db1364831db88d72b114cca8f67e70416c3ea4326f99e5d53e1ea677
1660,0,policy_rejected,1.0,0.9991142279769155,level1,0.01599171006680478,data/raw/wave1_selection.json,b1272041db1364831db88d72b114cca8f67e70416c3ea4326f99e5d53e1ea677
838,1,,1.0,0.9998529050121405,level1,0.3851197026366295,data/raw/wave1_selection.json,b1272041db1364831db88d72b114cca8f67e70416c3ea4326f99e5d53e1ea677
438,0,policy_rejected,1.0,0.998751502695942,level1,2.8672228810925726,data/raw/wave1_selection.json,b1272041db1364831db88d72b114cca8f67e70416c3ea4326f99e5d53e1ea677
1405,1,,1.0,0.9996662664042537,level1,0.525105493395773,data/raw/wave1_selection.json,b1272041db1364831db88d72b114cca8f67e70416c3ea4326f99e5d53e1ea677
1775,1,,1.0,0.9996386574222732,level1,3.1165579619534762,data/raw/wave1_selection.json,b1272041db1364831db88d72b114cca8f67e70416c3ea4326f99e5d53e1ea677
1605,1,,2.0,0.9995097616625924,level1,0.29586493820675547,data/raw/wave1_selection.json,b1272041db1364831db88d72b114cca8f67e70416c3ea4326f99e5d53e1ea677
884,1,,2.0,0.9995346570586047,level1,0.01586910135327147,data/raw/wave1_selection.json,b1272041db1364831db88d72b114cca8f67e70416c3ea4326f99e5d53e1ea677
523,0,dof_grade_not_a,2.0,0.9997099911332654,level1,0.6462146881614558,data/raw/wave1_selection.json,b1272041db1364831db88d72b114cca8f67e70416c3ea4326f99e5d53e1ea677
1886,1,,3.0,0.9997544529649872,level1,1.077435680644693,data/raw/wave1_selection.json,b1272041db1364831db88d72b114cca8f67e70416c3ea4326f99e5d53e1ea677
639,0,dof_grade_not_a;policy_rejected,1.0,0.9987575321966567,level1,0.322266139177337,data/raw/wave1_selection.json,b1272041db1364831db88d72b114cca8f67e70416c3ea4326f99e5d53e1ea677
1062,1,,1.0,0.9990199651580749,level1,3.373412624219575,data/raw/wave1_selection.json,b1272041db1364831db88d72b114cca8f67e70416c3ea4326f99e5d53e1ea677
579,0,dof_grade_not_a;policy_rejected,1.0,0.999783526254706,level1,0.09107728922306466,data/raw/wave1_selection.json,b1272041db1364831db88d72b114cca8f67e70416c3ea4326f99e5d53e1ea677
628,0,policy_rejected,1.0,0.9998714222235953,level1,3.762114184178857,data/raw/wave1_selection.json,b1272041db1364831db88d72b114cca8f67e70416c3ea4326f99e5d53e1ea677
547,0,dof_grade_not_a,2.0,0.9989754869944681,level1,0.045122987297539524,data/raw/wave1_selection.json,b1272041db1364831db88d72b114cca8f67e70416c3ea4326f99e5d53e1ea677
1334,0,dof_grade_not_a,1.0,0.9981092122513324,level1,0.19743072449022478,data/raw/wave1_selection.json,b1272041db1364831db88d72b114cca8f67e70416c3ea4326f99e5d53e1ea677
1928,0,dof_grade_not_a;policy_rejected,1.0,0.9987364702737512,level1,0.10019119399808701,data/raw/wave1_selection.json,b1272041db1364831db88d72b114cca8f67e70416c3ea4326f99e5d53e1ea677
1480,0,policy_rejected,1.0,0.9996440745943455,level1,3.716852775131472,data/raw/wave1_selection.json,b1272041db1364831db88d72b114cca8f67e70416c3ea4326f99e5d53e1ea677
1096,0,policy_rejected,2.0,0.9996064225726671,level1,0.8600766034992342,data/raw/wave1_selection.json,b1272041db1364831db88d72b114cca8f67e70416c3ea4326f99e5d53e1ea677
751,0,policy_rejected,1.0,0.9988160107339995,level1,0.03973667150439024,data/raw/wave1_selection.json,b1272041db1364831db88d72b114cca8f67e70416c3ea4326f99e5d53e1ea677
718,0,dof_grade_not_a;policy_rejected,1.0,0.0011626326950289253,none,1.1361634267945588,data/raw/wave1_selection.json,b1272041db1364831db88d72b114cca8f67e70416c3ea4326f99e5d53e1ea677
845,0,dof_grade_not_a,2.0,0.9994740927141827,level1,0.2896305075184697,data/raw/wave1_selection.json,b1272041db1364831db88d72b114cca8f67e70416c3ea4326f99e5d53e1ea677
1438,0,dof_grade_not_a;policy_rejected,1.0,0.9978418834813549,level1,0.09120255997594999,data/raw/wave1_selection.json,b1272041db1364831db88d72b114cca8f67e70416c3ea4326f99e5d53e1ea677
1327,0,policy_rejected,1.0,0.9991483788510543,level1,0.3240437757304178,data/raw/wave1_selection.json,b1272041db1364831db88d72b114cca8f67e70416c3ea4326f99e5d53e1ea677
589,1,,1.0,0.9993785543969684,level1,0.9402483504875812,data/raw/wave1_selection.json,b1272041db1364831db88d72b114cca8f67e70416c3ea4326f99e5d53e1ea677
439,1,,2.0,0.999752128905594,level1,0.04483288525836831,data/raw/wave1_selection.json,b1272041db1364831db88d72b114cca8f67e70416c3ea4326f99e5d53e1ea677
1750,1,,1.0,0.9989044349693509,level1,0.45183445106015835,data/raw/wave1_selection.json,b1272041db1364831db88d72b114cca8f67e70416c3ea4326f99e5d53e1ea677
1207,1,,1.0,0.9995368668135717,level1,1.0499238708030423,data/raw/wave1_selection.json,b1272041db1364831db88d72b114cca8f67e70416c3ea4326f99e5d53e1ea677
595,1,,1.0,0.9997379789833205,level1,0.4094903397288381,data/raw/wave1_selection.json,b1272041db1364831db88d72b114cca8f67e70416c3ea4326f99e5d53e1ea677
1804,0,policy_rejected,1.0,0.9993231876345091,level1,1.1702716349546856,data/raw/wave1_selection.json,b1272041db1364831db88d72b114cca8f67e70416c3ea4326f99e5d53e1ea677
1454,0,dof_grade_not_a,1.0,0.0008508146227138698,none,0.551868404271051,data/raw/wave1_selection.json,b1272041db1364831db88d72b114cca8f67e70416c3ea4326f99e5d53e1ea677
772,0,dof_grade_not_a,2.0,0.998726587404607,level1,0.011161507480639411,data/raw/wave1_selection.json,b1272041db1364831db88d72b114cca8f67e70416c3ea4326f99e5d53e1ea677
1345,1,,1.0,0.9994580333717867,level1,0.1682758180689622,data/raw/wave1_selection.json,b1272041db1364831db88d72b114cca8f67e70416c3ea4326f99e5d53e1ea677
1089,0,dof_grade_not_a;policy_rejected,1.0,2.1394101147509648e-05,none,1.404042948459569,data/raw/wave1_selection.json,b1272041db1364831db88d72b114cca8f67e70416c3ea4326f99e5d53e1ea677
746,1,,2.0,0.9997786036663876,level1,0.018367903360536314,data/raw/wave1_selection.json,b1272041db1364831db88d72b114cca8f67e70416c3ea4326f99e5d53e1ea677
1757,0,dof_grade_not_a,2.0,0.9993251442088975,level1,0.05729807754502936,data/raw/wave1_selection.json,b1272041db1364831db88d72b114cca8f67e70416c3ea4326f99e5d53e1ea677
835,0,dof_grade_not_a,1.0,0.9983952223743178,level1,0.05583916380535838,data/raw/wave1_selection.json,b1272041db1364831db88d72b114cca8f67e70416c3ea4326f99e5d53e1ea677
265,1,,2.0,0.9998734807753481,level1,0.08823680436272079,data/raw/wave1_selection.json,b1272041db1364831db88d72b114cca8f67e70416c3ea4326f99e5d53e1ea677
57,1,,1.0,0.9993820386517277,level1,0.3176597055850532,data/raw/wave1_selection.json,b1272041db1364831db88d72b114cca8f67e70416c3ea4326f99e5d53e1ea677
136,0,policy_rejected,1.0,0.9995968493692062,level1,0.006677341155484616,data/raw/wave1_selection.json,b1272041db1364831db88d72b114cca8f67e70416c3ea4326f99e5d53e1ea677
388,0,dof_grade_not_a,2.0,0.9997468833719267,level1,0.7533126624767722,data/raw/wave1_selection.json,b1272041db1364831db88d72b114cca8f67e70416c3ea4326f99e5d53e1ea677
1735,0,dof_grade_not_a,1.0,0.00039484477999333933,none,0.22330964566902897,data/raw/wave1_selection.json,b1272041db1364831db88d72b114cca8f67e70416c3ea4326f99e5d53e1ea677
1171,0,policy_rejected,1.0,0.9992137904357213,level1,0.43358243457611756,data/raw/wave1_selection.json,b1272041db1364831db88d72b114cca8f67e70416c3ea4326f99e5d53e1ea677
275,0,policy_rejected,1.0,0.9997024341728001,level1,3.8074563382254367,data/raw/wave1_selection.json,b1272041db1364831db88d72b114cca8f67e70416c3ea4326f99e5d53e1ea677
1847,1,,1.0,0.9998673302686024,level1,0.8458425928052505,data/raw/wave1_selection.json,b1272041db1364831db88d72b114cca8f67e70416c3ea4326f99e5d53e1ea677
1471,1,,1.0,0.9992710110999149,level1,0.07568361581054225,data/raw/wave1_selection.json,b1272041db1364831db88d72b114cca8f67e70416c3ea4326f99e5d53e1ea677
1858,0,dof_grade_not_a,3.0,0.9989469468349346,level1,1.1212407765359729,data/raw/wave1_selection.json,b1272041db1364831db88d72b114cca8f67e70416c3ea4326f99e5d53e1ea677
1990,0,policy_rejected,2.0,0.9998487132616078,level1,0.5280828493972362,data/raw/wave1_selection.json,b1272041db1364831db88d72b114cca8f67e70416c3ea4326f99e5d53e1ea677
16,1,,2.0,0.999234959977001,level1,0.04075655912828668,data/raw/wave1_selection.json,b1272041db1364831db88d72b114cca8f67e70416c3ea4326f99e5d53e1ea677
1577,1,,2.0,0.9992460661368273,level1,0.748273022335053,data/raw/wave1_selection.json,b1272041db1364831db88d72b114cca8f67e70416c3ea4326f99e5d53e1ea677
557,1,,2.0,0.9997857185554268,level1,0.9589260408878215,data/raw/wave1_selection.json,b1272041db1364831db88d72b114cca8f67e70416c3ea4326f99e5d53e1ea677
931,1,,1.0,0.9994059910610495,level1,0.0695414271024454,data/raw/wave1_selection.json,b1272041db1364831db88d72b114cca8f67e70416c3ea4326f99e5d53e1ea677
78,1,,2.0,0.9997927607167428,level1,2.656745476662726,data/raw/wave1_selection.json,b1272041db1364831db88d72b114cca8f67e70416c3ea4326f99e5d53e1ea677
756,1,,1.0,0.9992347254166146,level1,0.1960099574663338,data/raw/wave1_selection.json,b1272041db1364831db88d72b114cca8f67e70416c3ea4326f99e5d53e1ea677
1688,1,,2.0,0.9997341703068782,level1,1.7424786943760662,data/raw/wave1_selection.json,b1272041db1364831db88d72b114cca8f67e70416c3ea4326f99e5d53e1ea677
70,0,dof_grade_not_a;policy_rejected,1.0,0.9986803623991086,level1,0.372959360270407,data/raw/wave1_selection.json,b1272041db1364831db88d72b114cca8f67e70416c3ea4326f99e5d53e1ea677
1640,0,dof_grade_not_a,3.0,0.9980553657996032,level1,0.024211176515776218,data/raw/wave1_selection.json,b1272041db1364831db88d72b114cca8f67e70416c3ea4326f99e5d53e1ea677
382,0,dof_grade_not_a,1.0,0.9979261042042341,level1,0.08202249699437797,data/raw/wave1_selection.json,b1272041db1364831db88d72b114cca8f67e70416c3ea4326f99e5d53e1ea677
1267,1,,1.0,0.9999061345593941,level1,2.704975645251214,data/raw/wave1_selection.json,b1272041db1364831db88d72b114cca8f67e70416c3ea4326f99e5d53e1ea677
290,1,,2.0,0.9996690296035741,level1,0.28160781741962837,data/raw/wave1_selection.json,b1272041db1364831db88d72b114cca8f67e70416c3ea4326f99e5d53e1ea677
1704,0,policy_rejected,1.0,0.9998374660284381,level1,0.8990002607099984,data/raw/wave1_selection.json,b1272041db1364831db88d72b114cca8f67e70416c3ea4326f99e5d53e1ea677
1356,0,dof_grade_not_a,1.0,0.9985915840509265,level1,3.948368524581569,data/raw/wave1_selection.json,b1272041db1364831db88d72b114cca8f67e70416c3ea4326f99e5d53e1ea677
967,0,dof_grade_not_a,3.0,0.9997246759408157,level1,0.08653683372438492,data/raw/wave1_selection.json,b1272041db1364831db88d72b114cca8f67e70416c3ea4326f99e5d53e1ea677
332,1,,1.0,0.9995429914450839,level1,2.8881755610608137,data/raw/wave1_selection.json,b1272041db1364831db88d72b114cca8f67e70416c3ea4326f99e5d53e1ea677
697,1,,1.0,0.999686770554184,level1,2.803407494716027,data/raw/wave1_selection.json,b1272041db1364831db88d72b114cca8f67e70416c3ea4326f99e5d53e1ea677
894,1,,1.0,0.9999146336037907,level1,0.8022997913850078,data/raw/wave1_selection.json,b1272041db1364831db88d72b114cca8f67e70416c3ea4326f99e5d53e1ea677
520,0,policy_rejected,1.0,0.9995359335449643,level1,0.01254447943639207,data/raw/wave1_selection.json,b1272041db1364831db88d72b114cca8f67e70416c3ea4326f99e5d53e1ea677
1983,1,,2.0,0.9997767259723307,level1,0.2991949411658607,data/raw/wave1_selection.json,b1272041db1364831db88d72b114cca8f67e70416c3ea4326f99e5d53e1ea677
470,0,dof_grade_not_a;policy_rejected,1.0,0.9975677532251166,level1,0.061357581621409356,data/raw/wave1_selection.json,b1272041db1364831db88d72b114cca8f67e70416c3ea4326f99e5d53e1ea677
870,0,policy_rejected,2.0,0.9992559759969424,level1,0.21206608593112672,data/raw/wave1_selection.json,b1272041db1364831db88d72b114cca8f67e70416c3ea4326f99e5d53e1ea677
1079,1,,1.0,0.999546252674748,level1,0.29609197668309484,data/raw/wave1_selection.json,b1272041db1364831db88d72b114cca8f67e70416c3ea4326f99e5d53e1ea677
1173,0,policy_rejected,1.0,0.9993436518978253,level1,0.7913988383860114,data/raw/wave1_selection.json,b1272041db1364831db88d72b114cca8f67e70416c3ea4326f99e5d53e1ea677
990,0,dof_grade_not_a,1.0,1.74055593598085e-05,none,1.1505867236975222,data/raw/wave1_selection.json,b1272041db1364831db88d72b114cca8f67e70416c3ea4326f99e5d53e1ea677
274,1,,1.0,0.9988963544480661,level1,0.24247141678653233,data/raw/wave1_selection.json,b1272041db1364831db88d72b114cca8f67e70416c3ea4326f99e5d53e1ea677
683,0,policy_rejected,1.0,0.9997122075067235,level1,0.4207158976428097,data/raw/wave1_selection.json,b1272041db1364831db88d72b114cca8f67e70416c3ea4326f99e5d53e1ea677
876,0,dof_grade_not_a,3.0,0.9992675861900758,level1,0.26389512360298956,data/raw/wave1_selection.json,b1272041db1364831db88d72b114cca8f67e70416c3ea4326f99e5d53e1ea677
1446,1,,2.0,0.9989275205055523,level1,0.5800684485891373,data/raw/wave1_selection.json,b1272041db1364831db88d72b114cca8f67e70416c3ea4326f99e5d53e1ea677
455,0,dof_grade_not_a;policy_rejected,1.0,0.9981892116510366,level1,0.18316944516830558,data/raw/wave1_selection.json,b1272041db1364831db88d72b114cca8f67e70416c3ea4326f99e5d53e1ea677
1700,1,,2.0,0.9996324942793707,level1,1.044240909878821,data/raw/wave1_selection.json,b1272041db1364831db88d72b114cca8f67e70416c3ea4326f99e5d53e1ea677
1547,0,policy_rejected,2.0,0.9994051108107213,level1,0.46225097092497264,data/raw/wave1_selection.json,b1272041db1364831db88d72b114cca8f67e70416c3ea4326f99e5d53e1ea677
1639,0,dof_grade_not_a,2.0,0.9985611215699561,level1,0.07124637081256055,data/raw/wave1_selection.json,b1272041db1364831db88d72b114cca8f67e70416c3ea4326f99e5d53e1ea677
1264,0,dof_grade_not_a,1.0,9.778498225109915e-14,none,0.5829387439217772,data/raw/wave1_selection.json,b1272041db1364831db88d72b114cca8f67e70416c3ea4326f99e5d53e1ea677
1483,1,,1.0,0.9995507629319003,level1,0.0066301152391407174,data/raw/wave1_selection.json,b1272041db1364831db88d72b114cca8f67e70416c3ea4326f99e5d53e1ea677
1870,0,policy_rejected,2.0,0.9993379071204862,level1,0.528506429383118,data/raw/wave1_selection.json,b1272041db1364831db88d72b114cca8f67e70416c3ea4326f99e5d53e1ea677
719,0,policy_rejected,1.0,0.99981611938664,level1,0.09915456847422166,data/raw/wave1_selection.json,b1272041db1364831db88d72b114cca8f67e70416c3ea4326f99e5d53e1ea677
1431,0,policy_rejected,2.0,0.9994678223267244,level1,0.01950103934996451,data/raw/wave1_selection.json,b1272041db1364831db88d72b114cca8f67e70416c3ea4326f99e5d53e1ea677
1522,0,policy_rejected,1.0,0.9994192014819138,level1,0.3127511719214021,data/raw/wave1_selection.json,b1272041db1364831db88d72b114cca8f67e70416c3ea4326f99e5d53e1ea677
727,1,,1.0,0.9996791520947785,level1,1.0772102737939917,data/raw/wave1_selection.json,b1272041db1364831db88d72b114cca8f67e70416c3ea4326f99e5d53e1ea677
1283,1,,2.0,0.9998525889441673,level1,0.05542177189156629,data/raw/wave1_selection.json,b1272041db1364831db88d72b114cca8f67e70416c3ea4326f99e5d53e1ea677
1399,0,dof_grade_not_a,3.0,0.999723291713342,level1,0.09636070572731993,data/raw/wave1_selection.json,b1272041db1364831db88d72b114cca8f67e70416c3ea4326f99e5d53e1ea677
342,0,dof_grade_not_a,3.0,0.9984104075212674,level1,0.011843643163129572,data/raw/wave1_selection.json,b1272041db1364831db88d72b114cca8f67e70416c3ea4326f99e5d53e1ea677
1889,0,policy_rejected,1.0,0.9996218578011525,level1,0.7988646244113519,data/raw/wave1_selection.json,b1272041db1364831db88d72b114cca8f67e70416c3ea4326f99e5d53e1ea677
1721,0,dof_grade_not_a;policy_rejected,2.0,0.9997167947976734,level1,0.4800257906658096,data/raw/wave1_selection.json,b1272041db1364831db88d72b114cca8f67e70416c3ea4326f99e5d53e1ea677
1011,1,,2.0,0.9998687186895604,level1,0.008737578025248313,data/raw/wave1_selection.json,b1272041db1364831db88d72b114cca8f67e70416c3ea4326f99e5d53e1ea677
90,1,,2.0,0.9989025531183479,level1,1.0934374573303545,data/raw/wave1_selection.json,b1272041db1364831db88d72b114cca8f67e70416c3ea4326f99e5d53e1ea677
1468,0,dof_grade_not_a;policy_rejected,1.0,5.1827494623106455e-06,none,0.06657056508573193,data/raw/wave1_selection.json,b1272041db1364831db88d72b114cca8f67e70416c3ea4326f99e5d53e1ea677
1115,0,policy_rejected,1.0,0.9995072207507417,level1,0.05987575025310551,data/raw/wave1_selection.json,b1272041db1364831db88d72b114cca8f67e70416c3ea4326f99e5d53e1ea677
539,1,,2.0,0.9998677891478164,level1,0.9190488489771556,data/raw/wave1_selection.json,b1272041db1364831db88d72b114cca8f67e70416c3ea4326f99e5d53e1ea677
1937,0,dof_grade_not_a,1.0,0.9998358675292103,level1,1.0510715425408115,data/raw/wave1_selection.json,b1272041db1364831db88d72b114cca8f67e70416c3ea4326f99e5d53e1ea677
631,1,,2.0,0.9999409733971475,level1,1.0649319404305129,data/raw/wave1_selection.json,b1272041db1364831db88d72b114cca8f67e70416c3ea4326f99e5d53e1ea677
1492,0,dof_grade_not_a;policy_rejected,1.0,1.0747087564953151e-05,none,0.08199394060020104,data/raw/wave1_selection.json,b1272041db1364831db88d72b114cca8f67e70416c3ea4326f99e5d53e1ea677
974,1,,1.0,0.9992966892940598,level1,2.86734132113294,data/raw/wave1_selection.json,b1272041db1364831db88d72b114cca8f67e70416c3ea4326f99e5d53e1ea677
423,0,policy_rejected,1.0,0.9995359483350473,level1,1.2874891388751804,data/raw/wave1_selection.json,b1272041db1364831db88d72b114cca8f67e70416c3ea4326f99e5d53e1ea677
1389,1,,2.0,0.9999024826963135,level1,1.0104207369789624,data/raw/wave1_selection.json,b1272041db1364831db88d72b114cca8f67e70416c3ea4326f99e5d53e1ea677
42,0,dof_grade_not_a,1.0,0.9982939549894234,level1,2.6242029432898506,data/raw/wave1_selection.json,b1272041db1364831db88d72b114cca8f67e70416c3ea4326f99e5d53e1ea677
183,0,policy_rejected,1.0,0.999332482157828,level1,0.05988581333713697,data/raw/wave1_selection.json,b1272041db1364831db88d72b114cca8f67e70416c3ea4326f99e5d53e1ea677
1427,1,,3.0,0.9995649888339966,level1,0.2785517134699424,data/raw/wave1_selection.json,b1272041db1364831db88d72b114cca8f67e70416c3ea4326f99e5d53e1ea677
1906,1,,2.0,0.9993139529366942,level1,0.2297875365774903,data/raw/wave1_selection.json,b1272041db1364831db88d72b114cca8f67e70416c3ea4326f99e5d53e1ea677
1112,0,dof_grade_not_a,3.0,0.9989391422480858,level1,0.8608803342605602,data/raw/wave1_selection.json,b1272041db1364831db88d72b114cca8f67e70416c3ea4326f99e5d53e1ea677
502,0,dof_grade_not_a;policy_rejected,2.0,0.9978129599999602,level1,0.14918485530815126,data/raw/wave1_selection.json,b1272041db1364831db88d72b114cca8f67e70416c3ea4326f99e5d53e1ea677
1103,0,policy_rejected,1.0,0.9995295397168699,level1,0.9150138007498624,data/raw/wave1_selection.json,b1272041db1364831db88d72b114cca8f67e70416c3ea4326f99e5d53e1ea677
1566,0,dof_grade_not_a;policy_rejected,1.0,0.9986175876040015,level1,0.01041961323950532,data/raw/wave1_selection.json,b1272041db1364831db88d72b114cca8f67e70416c3ea4326f99e5d53e1ea677
226,1,,3.0,0.999872795353275,level1,0.4526926719230587,data/raw/wave1_selection.json,b1272041db1364831db88d72b114cca8f67e70416c3ea4326f99e5d53e1ea677
1873,1,,2.0,0.9988828290705694,level1,0.17412926129353773,data/raw/wave1_selection.json,b1272041db1364831db88d72b114cca8f67e70416c3ea4326f99e5d53e1ea677
102,0,policy_rejected,1.0,0.9995990408924761,level1,0.02669445977685363,data/raw/wave1_selection.json,b1272041db1364831db88d72b114cca8f67e70416c3ea4326f99e5d53e1ea677
1251,0,policy_rejected,1.0,0.999641315338181,level1,0.04285604018096087,data/raw/wave1_selection.json,b1272041db1364831db88d72b114cca8f67e70416c3ea4326f99e5d53e1ea677
1774,0,dof_grade_not_a;policy_rejected,1.0,0.9981955942763235,level1,0.716765235932347,data/raw/wave1_selection.json,b1272041db1364831db88d72b114cca8f67e70416c3ea4326f99e5d53e1ea677
1790,1,,2.0,0.9998864565868025,level1,1.1833549301898594,data/raw/wave1_selection.json,b1272041db1364831db88d72b114cca8f67e70416c3ea4326f99e5d53e1ea677
566,0,policy_rejected,1.0,0.9992531053527707,level1,0.028244191587783678,data/raw/wave1_selection.json,b1272041db1364831db88d72b114cca8f67e70416c3ea4326f99e5d53e1ea677
1845,1,,2.0,0.998993833741478,level1,0.0023917689601357845,data/raw/wave1_selection.json,b1272041db1364831db88d72b114cca8f67e70416c3ea4326f99e5d53e1ea677
839,0,dof_grade_not_a,3.0,0.9999224238258778,level1,0.15748323154194602,data/raw/wave1_selection.json,b1272041db1364831db88d72b114cca8f67e70416c3ea4326f99e5d53e1ea677
937,1,,2.0,0.9989879061339133,level1,0.004574899838917397,data/raw/wave1_selection.json,b1272041db1364831db88d72b114cca8f67e70416c3ea4326f99e5d53e1ea677
1734,1,,2.0,0.9994859967546451,level1,0.40336057417744603,data/raw/wave1_selection.json,b1272041db1364831db88d72b114cca8f67e70416c3ea4326f99e5d53e1ea677
1808,0,policy_rejected,1.0,0.9997716312240156,level1,3.9754723343452762,data/raw/wave1_selection.json,b1272041db1364831db88d72b114cca8f67e70416c3ea4326f99e5d53e1ea677
755,1,,1.0,0.9988003715831119,level1,0.5899198875040202,data/raw/wave1_selection.json,b1272041db1364831db88d72b114cca8f67e70416c3ea4326f99e5d53e1ea677
1077,0,dof_grade_not_a,1.0,0.9986766750035921,level1,2.015756413212168,data/raw/wave1_selection.json,b1272041db1364831db88d72b114cca8f67e70416c3ea4326f99e5d53e1ea677
1364,0,dof_grade_not_a;policy_rejected,1.0,0.9985873911472332,level1,2.5524914043754197,data/raw/wave1_selection.json,b1272041db1364831db88d72b114cca8f67e70416c3ea4326f99e5d53e1ea677
121,0,dof_grade_not_a,1.0,0.9987031478742361,level1,0.19262245291258745,data/raw/wave1_selection.json,b1272041db1364831db88d72b114cca8f67e70416c3ea4326f99e5d53e1ea677
588,1,,1.0,0.999492474301346,level1,0.7217905484104876,data/raw/wave1_selection.json,b1272041db1364831db88d72b114cca8f67e70416c3ea4326f99e5d53e1ea677
1730,0,policy_rejected,1.0,0.9997253280786412,level1,0.12130033162331871,data/raw/wave1_selection.json,b1272041db1364831db88d72b114cca8f67e70416c3ea4326f99e5d53e1ea677
1119,1,,1.0,0.999790738661171,level1,2.973757398208083,data/raw/wave1_selection.json,b1272041db1364831db88d72b114cca8f67e70416c3ea4326f99e5d53e1ea677
1908,0,policy_rejected,1.0,0.9990235340317941,level1,1.9430448023477727,data/raw/wave1_selection.json,b1272041db1364831db88d72b114cca8f67e70416c3ea4326f99e5d53e1ea677
1058,0,policy_rejected,1.0,0.9989166755562084,level1,0.4496126316692491,data/raw/wave1_selection.json,b1272041db1364831db88d72b114cca8f67e70416c3ea4326f99e5d53e1ea677
1341,0,policy_rejected,1.0,0.9999695252566827,level1,0.6049394174506052,data/raw/wave1_selection.json,b1272041db1364831db88d72b114cca8f67e70416c3ea4326f99e5d53e1ea677
1851,0,policy_rejected,1.0,0.9996757278737474,level1,0.2738511186614905,data/raw/wave1_selection.json,b1272041db1364831db88d72b114cca8f67e70416c3ea4326f99e5d53e1ea677
471,1,,1.0,0.9995207141889364,level1,2.4444651797767394,data/raw/wave1_selection.json,b1272041db1364831db88d72b114cca8f67e70416c3ea4326f99e5d53e1ea677
995,0,dof_grade_not_a,3.0,0.9991006289432358,level1,0.5052516617869116,data/raw/wave1_selection.json,b1272041db1364831db88d72b114cca8f67e70416c3ea4326f99e5d53e1ea677
1020,0,policy_rejected,1.0,0.9990876628354012,level1,1.4130003771333226,data/raw/wave1_selection.json,b1272041db1364831db88d72b114cca8f67e70416c3ea4326f99e5d53e1ea677
944,0,policy_rejected,2.0,0.9998791599930514,level1,2.8696195286717416,data/raw/wave1_selection.json,b1272041db1364831db88d72b114cca8f67e70416c3ea4326f99e5d53e1ea677
1785,0,dof_grade_not_a,1.0,0.9966534014808218,level1,0.884514285013868,data/raw/wave1_selection.json,b1272041db1364831db88d72b114cca8f67e70416c3ea4326f99e5d53e1ea677
804,0,policy_rejected,1.0,0.9997414733722768,level1,0.4502974306567554,data/raw/wave1_selection.json,b1272041db1364831db88d72b114cca8f67e70416c3ea4326f99e5d53e1ea677
1960,0,dof_grade_not_a,1.0,0.9981398265872953,level1,0.6219542320114542,data/raw/wave1_selection.json,b1272041db1364831db88d72b114cca8f67e70416c3ea4326f99e5d53e1ea677
1122,0,policy_rejected,1.0,0.9996541125607653,level1,0.9722847726771514,data/raw/wave1_selection.json,b1272041db1364831db88d72b114cca8f67e70416c3ea4326f99e5d53e1ea677
1387,0,policy_rejected,2.0,0.9988941629316932,level1,0.35667356948884205,data/raw/wave1_selection.json,b1272041db1364831db88d72b114cca8f67e70416c3ea4326f99e5d53e1ea677
1234,0,dof_grade_not_a,1.0,0.9985649118470131,level1,0.1550364224068551,data/raw/wave1_selection.json,b1272041db1364831db88d72b114cca8f67e70416c3ea4326f99e5d53e1ea677
1549,1,,2.0,0.9995754146967423,level1,0.23101513581641225,data/raw/wave1_selection.json,b1272041db1364831db88d72b114cca8f67e70416c3ea4326f99e5d53e1ea677
515,0,dof_grade_not_a,1.0,0.9981035373931103,level1,0.2013103537378831,data/raw/wave1_selection.json,b1272041db1364831db88d72b114cca8f67e70416c3ea4326f99e5d53e1ea677
1054,1,,1.0,0.9991567886477748,level1,0.5246233146259377,data/raw/wave1_selection.json,b1272041db1364831db88d72b114cca8f67e70416c3ea4326f99e5d53e1ea677
1394,0,dof_missing;missing_match;unknown_particle,,,,,data/raw/wave1_selection.json,b1272041db1364831db88d72b114cca8f67e70416c3ea4326f99e5d53e1ea677
1731,1,,1.0,0.9988034865382094,level1,0.2094406926853067,data/raw/wave1_selection.json,b1272041db1364831db88d72b114cca8f67e70416c3ea4326f99e5d53e1ea677
309,1,,2.0,0.9992972685786243,level1,0.41662882230180037,data/raw/wave1_selection.json,b1272041db1364831db88d72b114cca8f67e70416c3ea4326f99e5d53e1ea677
1980,0,dof_grade_not_a,1.0,0.9984425874838088,level1,1.2298006265099732,data/raw/wave1_selection.json,b1272041db1364831db88d72b114cca8f67e70416c3ea4326f99e5d53e1ea677
679,0,dof_grade_not_a,2.0,0.9993033528323757,level1,0.07952059262252098,data/raw/wave1_selection.json,b1272041db1364831db88d72b114cca8f67e70416c3ea4326f99e5d53e1ea677
1095,1,,1.0,0.9993706044518641,level1,3.1846726168442503,data/raw/wave1_selection.json,b1272041db1364831db88d72b114cca8f67e70416c3ea4326f99e5d53e1ea677
1703,0,policy_rejected,1.0,0.999443460084637,level1,0.46285102102636816,data/raw/wave1_selection.json,b1272041db1364831db88d72b114cca8f67e70416c3ea4326f99e5d53e1ea677
55,1,,2.0,0.9994894166444109,level1,1.3561463156926963,data/raw/wave1_selection.json,b1272041db1364831db88d72b114cca8f67e70416c3ea4326f99e5d53e1ea677
1246,0,policy_rejected,2.0,0.9997482088062991,level1,0.11685176607870401,data/raw/wave1_selection.json,b1272041db1364831db88d72b114cca8f67e70416c3ea4326f99e5d53e1ea677
1903,0,policy_rejected,1.0,0.9997648387869819,level1,0.3277335776151098,data/raw/wave1_selection.json,b1272041db1364831db88d72b114cca8f67e70416c3ea4326f99e5d53e1ea677
811,1,,2.0,0.9994983013515264,level1,0.08880104933799854,data/raw/wave1_selection.json,b1272041db1364831db88d72b114cca8f67e70416c3ea4326f99e5d53e1ea677
204,0,dof_grade_not_a,2.0,0.9996537919935257,level1,0.05236549219086333,data/raw/wave1_selection.json,b1272041db1364831db88d72b114cca8f67e70416c3ea4326f99e5d53e1ea677
449,1,,3.0,0.9993505095468371,level1,0.05005757616571005,data/raw/wave1_selection.json,b1272041db1364831db88d72b114cca8f67e70416c3ea4326f99e5d53e1ea677
2,0,dof_grade_not_a;policy_rejected,1.0,0.9984469342098677,level1,0.14436383697090746,data/raw/wave1_selection.json,b1272041db1364831db88d72b114cca8f67e70416c3ea4326f99e5d53e1ea677
879,0,policy_rejected,1.0,0.9990966362338981,level1,0.07999792900004346,data/raw/wave1_selection.json,b1272041db1364831db88d72b114cca8f67e70416c3ea4326f99e5d53e1ea677
878,1,,2.0,0.9994612878520667,level1,0.7114129326967292,data/raw/wave1_selection.json,b1272041db1364831db88d72b114cca8f67e70416c3ea4326f99e5d53e1ea677
104,1,,1.0,0.9996884503645809,level1,0.41520371349320045,data/raw/wave1_selection.json,b1272041db1364831db88d72b114cca8f67e70416c3ea4326f99e5d53e1ea677
1218,0,dof_grade_not_a,2.0,0.9996388148911994,level1,0.9912173068223552,data/raw/wave1_selection.json,b1272041db1364831db88d72b114cca8f67e70416c3ea4326f99e5d53e1ea677
798,1,,1.0,0.999507733560876,level1,0.22083528195824606,data/raw/wave1_selection.json,b1272041db1364831db88d72b114cca8f67e70416c3ea4326f99e5d53e1ea677
1432,1,,1.0,0.999384419734261,level1,0.07626686712442722,data/raw/wave1_selection.json,b1272041db1364831db88d72b114cca8f67e70416c3ea4326f99e5d53e1ea677
550,1,,1.0,0.9992827917934687,level1,0.44513986824299695,data/raw/wave1_selection.json,b1272041db1364831db88d72b114cca8f67e70416c3ea4326f99e5d53e1ea677
1369,1,,2.0,0.9997609858383094,level1,0.7889220506022234,data/raw/wave1_selection.json,b1272041db1364831db88d72b114cca8f67e70416c3ea4326f99e5d53e1ea677
375,1,,1.0,0.9991051949485757,level1,0.8049208593337764,data/raw/wave1_selection.json,b1272041db1364831db88d72b114cca8f67e70416c3ea4326f99e5d53e1ea677
1752,1,,2.0,0.9994848737110692,level1,0.13351339332433745,data/raw/wave1_selection.json,b1272041db1364831db88d72b114cca8f67e70416c3ea4326f99e5d53e1ea677
671,1,,2.0,0.9995279787725402,level1,0.5294826060147803,data/raw/wave1_selection.json,b1272041db1364831db88d72b114cca8f67e70416c3ea4326f99e5d53e1ea677
1167,1,,1.0,0.9997144774837907,level1,0.007585434060360064,data/raw/wave1_selection.json,b1272041db1364831db88d72b114cca8f67e70416c3ea4326f99e5d53e1ea677
735,0,policy_rejected,2.0,0.9993067233367906,level1,0.017343397526566398,data/raw/wave1_selection.json,b1272041db1364831db88d72b114cca8f67e70416c3ea4326f99e5d53e1ea677
1653,1,,2.0,0.9993015413636905,level1,1.110974113902583,data/raw/wave1_selection.json,b1272041db1364831db88d72b114cca8f67e70416c3ea4326f99e5d53e1ea677
1111,1,,1.0,0.998850601948989,level1,0.9065510346724437,data/raw/wave1_selection.json,b1272041db1364831db88d72b114cca8f67e70416c3ea4326f99e5d53e1ea677
411,0,policy_rejected,1.0,0.9988474426403198,level1,3.7237151433628486,data/raw/wave1_selection.json,b1272041db1364831db88d72b114cca8f67e70416c3ea4326f99e5d53e1ea677
1101,0,policy_rejected,3.0,0.9995083125218879,level1,0.34156668628110953,data/raw/wave1_selection.json,b1272041db1364831db88d72b114cca8f67e70416c3ea4326f99e5d53e1ea677
780,1,,2.0,0.9995581889257498,level1,0.15492864825356498,data/raw/wave1_selection.json,b1272041db1364831db88d72b114cca8f67e70416c3ea4326f99e5d53e1ea677
247,0,dof_grade_not_a,1.0,5.663094475336535e-05,none,0.9837243361364684,data/raw/wave1_selection.json,b1272041db1364831db88d72b114cca8f67e70416c3ea4326f99e5d53e1ea677
109,1,,1.0,0.9995345915098318,level1,0.1118201816059866,data/raw/wave1_selection.json,b1272041db1364831db88d72b114cca8f67e70416c3ea4326f99e5d53e1ea677
385,1,,1.0,0.9996555570728615,level1,1.7102284033143254,data/raw/wave1_selection.json,b1272041db1364831db88d72b114cca8f67e70416c3ea4326f99e5d53e1ea677
767,1,,2.0,0.9996845728746173,level1,0.28547635672618626,data/raw/wave1_selection.json,b1272041db1364831db88d72b114cca8f67e70416c3ea4326f99e5d53e1ea677
1349,1,,1.0,0.9997429958897144,level1,0.5317947406068458,data/raw/wave1_selection.json,b1272041db1364831db88d72b114cca8f67e70416c3ea4326f99e5d53e1ea677
1035,1,,1.0,0.9998881275727939,level1,0.5307455926418151,data/raw/wave1_selection.json,b1272041db1364831db88d72b114cca8f67e70416c3ea4326f99e5d53e1ea677
161,1,,2.0,0.9996519886326194,level1,0.03548526509029403,data/raw/wave1_selection.json,b1272041db1364831db88d72b114cca8f67e70416c3ea4326f99e5d53e1ea677
837,0,policy_rejected,1.0,0.9993223908244947,level1,0.1780620058193794,data/raw/wave1_selection.json,b1272041db1364831db88d72b114cca8f67e70416c3ea4326f99e5d53e1ea677
1591,1,,1.0,0.9992182866247745,level1,3.88731586142684,data/raw/wave1_selection.json,b1272041db1364831db88d72b114cca8f67e70416c3ea4326f99e5d53e1ea677
398,0,dof_grade_not_a,1.0,0.00011571235952950254,none,0.036370332874280396,data/raw/wave1_selection.json,b1272041db1364831db88d72b114cca8f67e70416c3ea4326f99e5d53e1ea677
1628,0,policy_rejected,3.0,0.9994925452735645,level1,0.6509299566356714,data/raw/wave1_selection.json,b1272041db1364831db88d72b114cca8f67e70416c3ea4326f99e5d53e1ea677
1950,1,,1.0,0.9992812919271006,level1,0.6776180245106111,data/raw/wave1_selection.json,b1272041db1364831db88d72b114cca8f67e70416c3ea4326f99e5d53e1ea677
1057,0,policy_rejected,2.0,0.9998113301787585,level1,3.519122890108773,data/raw/wave1_selection.json,b1272041db1364831db88d72b114cca8f67e70416c3ea4326f99e5d53e1ea677
1515,0,dof_grade_not_a,1.0,0.9983586243790018,level1,0.7482775360861235,data/raw/wave1_selection.json,b1272041db1364831db88d72b114cca8f67e70416c3ea4326f99e5d53e1ea677
921,0,dof_grade_not_a,2.0,0.9981064440502944,level1,0.053710581814459465,data/raw/wave1_selection.json,b1272041db1364831db88d72b114cca8f67e70416c3ea4326f99e5d53e1ea677
1117,0,policy_rejected,1.0,0.9996337137082842,level1,0.0854451745709685,data/raw/wave1_selection.json,b1272041db1364831db88d72b114cca8f67e70416c3ea4326f99e5d53e1ea677
422,1,,2.0,0.9996499755813844,level1,0.17387295872253986,data/raw/wave1_selection.json,b1272041db1364831db88d72b114cca8f67e70416c3ea4326f99e5d53e1ea677
1914,1,,1.0,0.9990334644227469,level1,0.286551040781634,data/raw/wave1_selection.json,b1272041db1364831db88d72b114cca8f67e70416c3ea4326f99e5d53e1ea677
761,0,policy_rejected,1.0,0.9996014877414013,level1,0.018336349190398088,data/raw/wave1_selection.json,b1272041db1364831db88d72b114cca8f67e70416c3ea4326f99e5d53e1ea677
644,0,policy_rejected,2.0,0.9997006880411972,level1,0.30475324417489646,data/raw/wave1_selection.json,b1272041db1364831db88d72b114cca8f67e70416c3ea4326f99e5d53e1ea677
703,0,policy_rejected,1.0,0.9989939203547106,level1,0.16613365933866422,data/raw/wave1_selection.json,b1272041db1364831db88d72b114cca8f67e70416c3ea4326f99e5d53e1ea677
1665,1,,2.0,0.9994539095825632,level1,0.9960940341115944,data/raw/wave1_selection.json,b1272041db1364831db88d72b114cca8f67e70416c3ea4326f99e5d53e1ea677
998,1,,2.0,0.9991969289923808,level1,0.09450682788732559,data/raw/wave1_selection.json,b1272041db1364831db88d72b114cca8f67e70416c3ea4326f99e5d53e1ea677
503,1,,1.0,0.9989060035012431,level1,0.4749455329244513,data/raw/wave1_selection.json,b1272041db1364831db88d72b114cca8f67e70416c3ea4326f99e5d53e1ea677
322,1,,1.0,0.9996330849349001,level1,0.6565946366702784,data/raw/wave1_selection.json,b1272041db1364831db88d72b114cca8f67e70416c3ea4326f99e5d53e1ea677
267,1,,1.0,0.9998231357023498,level1,0.39300777362835154,data/raw/wave1_selection.json,b1272041db1364831db88d72b114cca8f67e70416c3ea4326f99e5d53e1ea677
574,1,,1.0,0.9993886899759851,level1,0.07534412540710772,data/raw/wave1_selection.json,b1272041db1364831db88d72b114cca8f67e70416c3ea4326f99e5d53e1ea677
1821,0,policy_rejected,1.0,0.9991271066442473,level1,0.25828221302862786,data/raw/wave1_selection.json,b1272041db1364831db88d72b114cca8f67e70416c3ea4326f99e5d53e1ea677
1557,1,,1.0,0.999134405038775,level1,0.36796630173445033,data/raw/wave1_selection.json,b1272041db1364831db88d72b114cca8f67e70416c3ea4326f99e5d53e1ea677
728,0,dof_grade_not_a,2.0,0.999631712594597,level1,0.09745789905084408,data/raw/wave1_selection.json,b1272041db1364831db88d72b114cca8f67e70416c3ea4326f99e5d53e1ea677
86,0,dof_grade_not_a;policy_rejected,1.0,0.9987198696792735,level1,0.6547847811695475,data/raw/wave1_selection.json,b1272041db1364831db88d72b114cca8f67e70416c3ea4326f99e5d53e1ea677
788,0,policy_rejected,1.0,0.9988961980968819,level1,0.039800683503320285,data/raw/wave1_selection.json,b1272041db1364831db88d72b114cca8f67e70416c3ea4326f99e5d53e1ea677
133,0,dof_grade_not_a,1.0,0.9968719524609398,level1,0.07914126561717716,data/raw/wave1_selection.json,b1272041db1364831db88d72b114cca8f67e70416c3ea4326f99e5d53e1ea677
544,1,,1.0,0.9991547353162215,level1,0.05031011665804761,data/raw/wave1_selection.json,b1272041db1364831db88d72b114cca8f67e70416c3ea4326f99e5d53e1ea677
573,0,policy_rejected,1.0,0.9989724493458235,level1,0.13024937319833743,data/raw/wave1_selection.json,b1272041db1364831db88d72b114cca8f67e70416c3ea4326f99e5d53e1ea677
926,1,,1.0,0.9988926602576501,level1,0.08169920461002692,data/raw/wave1_selection.json,b1272041db1364831db88d72b114cca8f67e70416c3ea4326f99e5d53e1ea677
228,0,policy_rejected,1.0,0.9998572329434577,level1,0.12943380476415614,data/raw/wave1_selection.json,b1272041db1364831db88d72b114cca8f67e70416c3ea4326f99e5d53e1ea677
1611,1,,2.0,0.9991125457157175,level1,0.3271170281441402,data/raw/wave1_selection.json,b1272041db1364831db88d72b114cca8f67e70416c3ea4326f99e5d53e1ea677
1575,0,dof_grade_not_a,3.0,0.9990966788036088,level1,0.3572749501362734,data/raw/wave1_selection.json,b1272041db1364831db88d72b114cca8f67e70416c3ea4326f99e5d53e1ea677
1827,1,,2.0,0.9993364059354999,level1,0.13255402154891963,data/raw/wave1_selection.json,b1272041db1364831db88d72b114cca8f67e70416c3ea4326f99e5d53e1ea677
74,0,policy_rejected,1.0,0.99932990012043,level1,1.654141704958585,data/raw/wave1_selection.json,b1272041db1364831db88d72b114cca8f67e70416c3ea4326f99e5d53e1ea677
1733,1,,1.0,0.999022211290782,level1,0.8405786919421424,data/raw/wave1_selection.json,b1272041db1364831db88d72b114cca8f67e70416c3ea4326f99e5d53e1ea677
1922,1,,1.0,0.999860821178635,level1,0.6015027213856387,data/raw/wave1_selection.json,b1272041db1364831db88d72b114cca8f67e70416c3ea4326f99e5d53e1ea677
914,1,,2.0,0.9990267904270741,level1,0.05209179495816412,data/raw/wave1_selection.json,b1272041db1364831db88d72b114cca8f67e70416c3ea4326f99e5d53e1ea677
1358,0,policy_rejected,1.0,0.9997005276142744,level1,0.17478435963039343,data/raw/wave1_selection.json,b1272041db1364831db88d72b114cca8f67e70416c3ea4326f99e5d53e1ea677
1554,0,dof_grade_not_a;missing_match;unknown_particle,1.0,0.00023658347721975393,none,,data/raw/wave1_selection.json,b1272041db1364831db88d72b114cca8f67e70416c3ea4326f99e5d53e1ea677
1654,0,policy_rejected,1.0,0.9996576733964398,level1,0.46355286488157416,data/raw/wave1_selection.json,b1272041db1364831db88d72b114cca8f67e70416c3ea4326f99e5d53e1ea677
599,1,,1.0,0.9995811212245492,level1,1.0515138045281753,data/raw/wave1_selection.json,b1272041db1364831db88d72b114cca8f67e70416c3ea4326f99e5d53e1ea677
1461,1,,2.0,0.9991445741555354,level1,0.5346238898458722,data/raw/wave1_selection.json,b1272041db1364831db88d72b114cca8f67e70416c3ea4326f99e5d53e1ea677
1412,1,,1.0,0.9988767550581451,level1,0.06391911504323297,data/raw/wave1_selection.json,b1272041db1364831db88d72b114cca8f67e70416c3ea4326f99e5d53e1ea677
73,0,policy_rejected,2.0,0.9999308767234911,level1,0.22207003144824872,data/raw/wave1_selection.json,b1272041db1364831db88d72b114cca8f67e70416c3ea4326f99e5d53e1ea677
1518,0,dof_grade_not_a;policy_rejected,1.0,0.9981533646756787,level1,0.08503465174827222,data/raw/wave1_selection.json,b1272041db1364831db88d72b114cca8f67e70416c3ea4326f99e5d53e1ea677
1717,0,dof_grade_not_a,2.0,0.9985037322910753,level1,1.1576167540794353,data/raw/wave1_selection.json,b1272041db1364831db88d72b114cca8f67e70416c3ea4326f99e5d53e1ea677
418,1,,3.0,0.9998141571279612,level1,0.9332123537601292,data/raw/wave1_selection.json,b1272041db1364831db88d72b114cca8f67e70416c3ea4326f99e5d53e1ea677
721,1,,1.0,0.9992892465840294,level1,0.10019193299359593,data/raw/wave1_selection.json,b1272041db1364831db88d72b114cca8f67e70416c3ea4326f99e5d53e1ea677
1377,1,,1.0,0.9996722432748987,level1,0.06592833860179036,data/raw/wave1_selection.json,b1272041db1364831db88d72b114cca8f67e70416c3ea4326f99e5d53e1ea677
1597,0,dof_grade_not_a;policy_rejected,1.0,0.9976561422088842,level1,2.724015336799241,data/raw/wave1_selection.json,b1272041db1364831db88d72b114cca8f67e70416c3ea4326f99e5d53e1ea677
1652,1,,1.0,0.999385334154109,level1,0.4723708872543042,data/raw/wave1_selection.json,b1272041db1364831db88d72b114cca8f67e70416c3ea4326f99e5d53e1ea677
1935,1,,1.0,0.9988521004580715,level1,0.23567773853247154,data/raw/wave1_selection.json,b1272041db1364831db88d72b114cca8f67e70416c3ea4326f99e5d53e1ea677
1225,1,,1.0,0.9999340402236411,level1,0.07324094211265164,data/raw/wave1_selection.json,b1272041db1364831db88d72b114cca8f67e70416c3ea4326f99e5d53e1ea677
1745,1,,3.0,0.9991793875261136,level1,0.6551968470001145,data/raw/wave1_selection.json,b1272041db1364831db88d72b114cca8f67e70416c3ea4326f99e5d53e1ea677
863,0,policy_rejected,2.0,0.9998081176980613,level1,0.041757295412135464,data/raw/wave1_selection.json,b1272041db1364831db88d72b114cca8f67e70416c3ea4326f99e5d53e1ea677
1255,0,dof_grade_not_a,1.0,0.9983599107067291,level1,0.8470252817492997,data/raw/wave1_selection.json,b1272041db1364831db88d72b114cca8f67e70416c3ea4326f99e5d53e1ea677
1148,1,,1.0,0.9997184413082528,level1,0.6065858761707074,data/raw/wave1_selection.json,b1272041db1364831db88d72b114cca8f67e70416c3ea4326f99e5d53e1ea677
1019,1,,2.0,0.9988724876901356,level1,0.14792372036793655,data/raw/wave1_selection.json,b1272041db1364831db88d72b114cca8f67e70416c3ea4326f99e5d53e1ea677
1232,0,dof_grade_not_a;policy_rejected,1.0,0.998575701871144,level1,0.2037714661557105,data/raw/wave1_selection.json,b1272041db1364831db88d72b114cca8f67e70416c3ea4326f99e5d53e1ea677
1755,1,,1.0,0.9988693058905601,level1,0.14437661512472075,data/raw/wave1_selection.json,b1272041db1364831db88d72b114cca8f67e70416c3ea4326f99e5d53e1ea677
905,0,dof_grade_not_a;policy_rejected,1.0,0.9969377011844475,level1,0.641850295581497,data/raw/wave1_selection.json,b1272041db1364831db88d72b114cca8f67e70416c3ea4326f99e5d53e1ea677
14,0,dof_grade_not_a;policy_rejected,1.0,0.9985416670664834,level1,0.22781095212189112,data/raw/wave1_selection.json,b1272041db1364831db88d72b114cca8f67e70416c3ea4326f99e5d53e1ea677
82,1,,2.0,0.9997797914239227,level1,0.14070742026550748,data/raw/wave1_selection.json,b1272041db1364831db88d72b114cca8f67e70416c3ea4326f99e5d53e1ea677
179,0,dof_grade_not_a,1.0,6.38732095289711e-05,none,2.252670083866491,data/raw/wave1_selection.json,b1272041db1364831db88d72b114cca8f67e70416c3ea4326f99e5d53e1ea677
580,0,policy_rejected,1.0,0.9990687907900013,level1,0.8921847522605023,data/raw/wave1_selection.json,b1272041db1364831db88d72b114cca8f67e70416c3ea4326f99e5d53e1ea677
1318,1,,2.0,0.9997577081145358,level1,0.6956658417733725,data/raw/wave1_selection.json,b1272041db1364831db88d72b114cca8f67e70416c3ea4326f99e5d53e1ea677
1964,1,,2.0,0.9993472890374989,level1,2.2191400630429974,data/raw/wave1_selection.json,b1272041db1364831db88d72b114cca8f67e70416c3ea4326f99e5d53e1ea677
1548,0,dof_grade_not_a;policy_rejected,2.0,0.9986337206299097,level1,0.001910414720598026,data/raw/wave1_selection.json,b1272041db1364831db88d72b114cca8f67e70416c3ea4326f99e5d53e1ea677
819,1,,2.0,0.9998372100606401,level1,0.21832156823356846,data/raw/wave1_selection.json,b1272041db1364831db88d72b114cca8f67e70416c3ea4326f99e5d53e1ea677
927,0,policy_rejected,1.0,0.9992760912200735,level1,0.16222050444448685,data/raw/wave1_selection.json,b1272041db1364831db88d72b114cca8f67e70416c3ea4326f99e5d53e1ea677
1525,1,,1.0,0.9992940079346614,level1,0.4251481551347736,data/raw/wave1_selection.json,b1272041db1364831db88d72b114cca8f67e70416c3ea4326f99e5d53e1ea677
1955,0,policy_rejected,1.0,0.9994622753503108,level1,0.14554765836301534,data/raw/wave1_selection.json,b1272041db1364831db88d72b114cca8f67e70416c3ea4326f99e5d53e1ea677
94,1,,1.0,0.9991892449819703,level1,1.116682382665886,data/raw/wave1_selection.json,b1272041db1364831db88d72b114cca8f67e70416c3ea4326f99e5d53e1ea677
687,0,policy_rejected,1.0,0.9993589369137158,level1,0.09483655214753624,data/raw/wave1_selection.json,b1272041db1364831db88d72b114cca8f67e70416c3ea4326f99e5d53e1ea677
1994,0,dof_grade_not_a;policy_rejected,1.0,0.9986221306955807,level1,0.22424805471503959,data/raw/wave1_selection.json,b1272041db1364831db88d72b114cca8f67e70416c3ea4326f99e5d53e1ea677
647,1,,1.0,0.9996143967650878,level1,0.38956170635346266,data/raw/wave1_selection.json,b1272041db1364831db88d72b114cca8f67e70416c3ea4326f99e5d53e1ea677
901,0,policy_rejected,3.0,0.9998173620703954,level1,0.4686043012139592,data/raw/wave1_selection.json,b1272041db1364831db88d72b114cca8f67e70416c3ea4326f99e5d53e1ea677
1829,1,,1.0,0.9997412441037546,level1,0.02797117006763142,data/raw/wave1_selection.json,b1272041db1364831db88d72b114cca8f67e70416c3ea4326f99e5d53e1ea677
203,0,dof_grade_not_a,1.0,9.137731236664243e-05,none,3.4816632424168406,data/raw/wave1_selection.json,b1272041db1364831db88d72b114cca8f67e70416c3ea4326f99e5d53e1ea677
1536,1,,2.0,0.9997639199540389,level1,0.7131007616256904,data/raw/wave1_selection.json,b1272041db1364831db88d72b114cca8f67e70416c3ea4326f99e5d53e1ea677
1725,1,,2.0,0.9990323103167921,level1,0.023356517166087654,data/raw/wave1_selection.json,b1272041db1364831db88d72b114cca8f67e70416c3ea4326f99e5d53e1ea677
23,1,,2.0,0.9992809712377628,level1,0.9984548086155678,data/raw/wave1_selection.json,b1272041db1364831db88d72b114cca8f67e70416c3ea4326f99e5d53e1ea677
300,1,,1.0,0.9997268077099727,level1,0.9235462613272422,data/raw/wave1_selection.json,b1272041db1364831db88d72b114cca8f67e70416c3ea4326f99e5d53e1ea677
1421,1,,1.0,0.9994309913156442,level1,0.020777247230572265,data/raw/wave1_selection.json,b1272041db1364831db88d72b114cca8f67e70416c3ea4326f99e5d53e1ea677
1072,0,dof_grade_not_a,1.0,1.825390518878958e-05,none,0.6996130880193436,data/raw/wave1_selection.json,b1272041db1364831db88d72b114cca8f67e70416c3ea4326f99e5d53e1ea677
610,0,policy_rejected,1.0,0.9991706980072127,level1,0.3817193213411292,data/raw/wave1_selection.json,b1272041db1364831db88d72b114cca8f67e70416c3ea4326f99e5d53e1ea677
635,1,,1.0,0.9995375638008377,level1,0.3950669428310954,data/raw/wave1_selection.json,b1272041db1364831db88d72b114cca8f67e70416c3ea4326f99e5d53e1ea677
1337,0,policy_rejected,1.0,0.9998680776496877,level1,0.8951654628278195,data/raw/wave1_selection.json,b1272041db1364831db88d72b114cca8f67e70416c3ea4326f99e5d53e1ea677
1202,0,dof_grade_not_a,1.0,0.9987849402752179,level1,2.9450448332477475,data/raw/wave1_selection.json,b1272041db1364831db88d72b114cca8f67e70416c3ea4326f99e5d53e1ea677
498,0,dof_grade_not_a;policy_rejected,1.0,0.9982947312683779,level1,0.04889052270364595,data/raw/wave1_selection.json,b1272041db1364831db88d72b114cca8f67e70416c3ea4326f99e5d53e1ea677
1658,1,,3.0,0.9991052227062421,level1,0.03411418264714572,data/raw/wave1_selection.json,b1272041db1364831db88d72b114cca8f67e70416c3ea4326f99e5d53e1ea677
1723,0,policy_rejected,2.0,0.9995266921665592,level1,0.2268644165313549,data/raw/wave1_selection.json,b1272041db1364831db88d72b114cca8f67e70416c3ea4326f99e5d53e1ea677
822,0,dof_grade_not_a;policy_rejected,2.0,0.9984991664968335,level1,0.07421094485963262,data/raw/wave1_selection.json,b1272041db1364831db88d72b114cca8f67e70416c3ea4326f99e5d53e1ea677
1581,0,policy_rejected,1.0,0.9993178178986891,level1,1.0064646551178384,data/raw/wave1_selection.json,b1272041db1364831db88d72b114cca8f67e70416c3ea4326f99e5d53e1ea677
831,0,policy_rejected,3.0,0.999861162331515,level1,0.47054304231523036,data/raw/wave1_selection.json,b1272041db1364831db88d72b114cca8f67e70416c3ea4326f99e5d53e1ea677
1491,0,dof_grade_not_a,1.0,1.853037219090386e-05,none,0.5972052553800895,data/raw/wave1_selection.json,b1272041db1364831db88d72b114cca8f67e70416c3ea4326f99e5d53e1ea677
806,0,policy_rejected,1.0,0.9989271074677172,level1,0.08377402290817307,data/raw/wave1_selection.json,b1272041db1364831db88d72b114cca8f67e70416c3ea4326f99e5d53e1ea677
744,1,,2.0,0.9995519837122709,level1,0.6100548936600364,data/raw/wave1_selection.json,b1272041db1364831db88d72b114cca8f67e70416c3ea4326f99e5d53e1ea677
1585,0,dof_grade_not_a,2.0,0.999610734640627,level1,0.2245126635734922,data/raw/wave1_selection.json,b1272041db1364831db88d72b114cca8f67e70416c3ea4326f99e5d53e1ea677
3,1,,2.0,0.9990946489639224,level1,0.07210438555791272,data/raw/wave1_selection.json,b1272041db1364831db88d72b114cca8f67e70416c3ea4326f99e5d53e1ea677
1476,1,,2.0,0.999884195223013,level1,2.6500930729953502,data/raw/wave1_selection.json,b1272041db1364831db88d72b114cca8f67e70416c3ea4326f99e5d53e1ea677
1227,0,policy_rejected,1.0,0.9995560215723979,level1,0.6006843409287718,data/raw/wave1_selection.json,b1272041db1364831db88d72b114cca8f67e70416c3ea4326f99e5d53e1ea677
1169,1,,2.0,0.9996857377290062,level1,0.05622425858364693,data/raw/wave1_selection.json,b1272041db1364831db88d72b114cca8f67e70416c3ea4326f99e5d53e1ea677
1282,0,policy_rejected,1.0,0.9993712182212737,level1,3.533813569761862,data/raw/wave1_selection.json,b1272041db1364831db88d72b114cca8f67e70416c3ea4326f99e5d53e1ea677
1366,1,,1.0,0.9997274443561791,level1,0.3482045727265146,data/raw/wave1_selection.json,b1272041db1364831db88d72b114cca8f67e70416c3ea4326f99e5d53e1ea677
469,1,,2.0,0.9995845342771755,level1,0.8967698598065761,data/raw/wave1_selection.json,b1272041db1364831db88d72b114cca8f67e70416c3ea4326f99e5d53e1ea677
1966,1,,2.0,0.9995406514942794,level1,0.4651839353808468,data/raw/wave1_selection.json,b1272041db1364831db88d72b114cca8f67e70416c3ea4326f99e5d53e1ea677
1746,1,,1.0,0.9997076626873137,level1,0.04623277707534382,data/raw/wave1_selection.json,b1272041db1364831db88d72b114cca8f67e70416c3ea4326f99e5d53e1ea677
287,0,policy_rejected,1.0,0.9987180997815973,level1,0.038117922412547765,data/raw/wave1_selection.json,b1272041db1364831db88d72b114cca8f67e70416c3ea4326f99e5d53e1ea677
280,1,,1.0,0.9994139450030047,level1,0.06210160795796602,data/raw/wave1_selection.json,b1272041db1364831db88d72b114cca8f67e70416c3ea4326f99e5d53e1ea677
504,0,policy_rejected,1.0,0.9991671205464072,level1,1.0368071738055054,data/raw/wave1_selection.json,b1272041db1364831db88d72b114cca8f67e70416c3ea4326f99e5d53e1ea677
1694,1,,1.0,0.9995349781274929,level1,0.1021323230159353,data/raw/wave1_selection.json,b1272041db1364831db88d72b114cca8f67e70416c3ea4326f99e5d53e1ea677
917,0,policy_rejected,1.0,0.999872341097673,level1,0.4205812753941858,data/raw/wave1_selection.json,b1272041db1364831db88d72b114cca8f67e70416c3ea4326f99e5d53e1ea677
959,0,policy_rejected,2.0,0.9998972670522748,level1,3.930890586991095,data/raw/wave1_selection.json,b1272041db1364831db88d72b114cca8f67e70416c3ea4326f99e5d53e1ea677
620,0,policy_rejected,1.0,0.9996093985612515,level1,1.2662352074588294,data/raw/wave1_selection.json,b1272041db1364831db88d72b114cca8f67e70416c3ea4326f99e5d53e1ea677
904,1,,2.0,0.9995023930148226,level1,0.2109412053811755,data/raw/wave1_selection.json,b1272041db1364831db88d72b114cca8f67e70416c3ea4326f99e5d53e1ea677
1709,0,policy_rejected,1.0,0.9996610393783264,level1,0.607533658070467,data/raw/wave1_selection.json,b1272041db1364831db88d72b114cca8f67e70416c3ea4326f99e5d53e1ea677
191,1,,1.0,0.9993206014755048,level1,0.752342736255237,data/raw/wave1_selection.json,b1272041db1364831db88d72b114cca8f67e70416c3ea4326f99e5d53e1ea677
1265,0,policy_rejected,2.0,0.9993055970923403,level1,0.0044951873876235325,data/raw/wave1_selection.json,b1272041db1364831db88d72b114cca8f67e70416c3ea4326f99e5d53e1ea677
24,0,policy_rejected,1.0,0.9995439099160136,level1,1.0387418760359453,data/raw/wave1_selection.json,b1272041db1364831db88d72b114cca8f67e70416c3ea4326f99e5d53e1ea677
966,0,policy_rejected,1.0,0.9999782068317841,level1,0.13643939811868977,data/raw/wave1_selection.json,b1272041db1364831db88d72b114cca8f67e70416c3ea4326f99e5d53e1ea677
257,0,dof_grade_not_a,1.0,0.9970272843394662,level1,1.0413390546652923,data/raw/wave1_selection.json,b1272041db1364831db88d72b114cca8f67e70416c3ea4326f99e5d53e1ea677
1798,1,,1.0,0.999755626609659,level1,0.8268627687724429,data/raw/wave1_selection.json,b1272041db1364831db88d72b114cca8f67e70416c3ea4326f99e5d53e1ea677
1843,1,,1.0,0.9992801833609439,level1,1.2538963198701256,data/raw/wave1_selection.json,b1272041db1364831db88d72b114cca8f67e70416c3ea4326f99e5d53e1ea677
1637,0,policy_rejected,1.0,0.9994995580208209,level1,0.41558615961034456,data/raw/wave1_selection.json,b1272041db1364831db88d72b114cca8f67e70416c3ea4326f99e5d53e1ea677
754,0,dof_grade_not_a,1.0,6.430786298507002e-13,none,0.4806952749755142,data/raw/wave1_selection.json,b1272041db1364831db88d72b114cca8f67e70416c3ea4326f99e5d53e1ea677
577,0,dof_grade_not_a,1.0,0.999589182605068,level1,1.6642858202857158,data/raw/wave1_selection.json,b1272041db1364831db88d72b114cca8f67e70416c3ea4326f99e5d53e1ea677
690,1,,1.0,0.9996107985035404,level1,1.7124491113775433,data/raw/wave1_selection.json,b1272041db1364831db88d72b114cca8f67e70416c3ea4326f99e5d53e1ea677
1420,1,,1.0,0.9997751805054174,level1,0.5855318684133749,data/raw/wave1_selection.json,b1272041db1364831db88d72b114cca8f67e70416c3ea4326f99e5d53e1ea677
684,1,,1.0,0.9998029738972694,level1,3.2313370992887593,data/raw/wave1_selection.json,b1272041db1364831db88d72b114cca8f67e70416c3ea4326f99e5d53e1ea677
1253,1,,2.0,0.9995648168923276,level1,0.005717089939540052,data/raw/wave1_selection.json,b1272041db1364831db88d72b114cca8f67e70416c3ea4326f99e5d53e1ea677
1401,0,dof_grade_not_a,1.0,1.316534849296023e-09,none,0.18288010391771353,data/raw/wave1_selection.json,b1272041db1364831db88d72b114cca8f67e70416c3ea4326f99e5d53e1ea677
1957,0,dof_grade_not_a,1.0,0.9987312388830242,level1,1.5753736612188443,data/raw/wave1_selection.json,b1272041db1364831db88d72b114cca8f67e70416c3ea4326f99e5d53e1ea677
1890,1,,1.0,0.9993179124411442,level1,0.228530174073489,data/raw/wave1_selection.json,b1272041db1364831db88d72b114cca8f67e70416c3ea4326f99e5d53e1ea677
1085,1,,1.0,0.9995142559350395,level1,1.70962098601894,data/raw/wave1_selection.json,b1272041db1364831db88d72b114cca8f67e70416c3ea4326f99e5d53e1ea677
135,0,policy_rejected,1.0,0.9994684055433726,level1,0.11210537727894435,data/raw/wave1_selection.json,b1272041db1364831db88d72b114cca8f67e70416c3ea4326f99e5d53e1ea677
5,1,,1.0,0.9994784881725536,level1,0.7494323395283864,data/raw/wave1_selection.json,b1272041db1364831db88d72b114cca8f67e70416c3ea4326f99e5d53e1ea677
741,0,policy_rejected,2.0,0.9998344678702151,level1,0.44500485976663456,data/raw/wave1_selection.json,b1272041db1364831db88d72b114cca8f67e70416c3ea4326f99e5d53e1ea677
27,0,policy_rejected,1.0,0.9994666273345474,level1,0.061194315646763156,data/raw/wave1_selection.json,b1272041db1364831db88d72b114cca8f67e70416c3ea4326f99e5d53e1ea677
747,1,,3.0,0.9997841294135847,level1,0.9255189304827034,data/raw/wave1_selection.json,b1272041db1364831db88d72b114cca8f67e70416c3ea4326f99e5d53e1ea677
10,1,,2.0,0.9997202004966501,level1,0.03564907971754592,data/raw/wave1_selection.json,b1272041db1364831db88d72b114cca8f67e70416c3ea4326f99e5d53e1ea677
1982,1,,2.0,0.999783074966666,level1,0.6159785612577473,data/raw/wave1_selection.json,b1272041db1364831db88d72b114cca8f67e70416c3ea4326f99e5d53e1ea677
1208,0,dof_grade_not_a,1.0,0.001165827591296266,none,0.254112610529578,data/raw/wave1_selection.json,b1272041db1364831db88d72b114cca8f67e70416c3ea4326f99e5d53e1ea677
892,0,dof_grade_not_a,2.0,0.9997846039854218,level1,0.009667558206648278,data/raw/wave1_selection.json,b1272041db1364831db88d72b114cca8f67e70416c3ea4326f99e5d53e1ea677
1329,1,,3.0,0.9992921952631965,level1,0.16510715441488033,data/raw/wave1_selection.json,b1272041db1364831db88d72b114cca8f67e70416c3ea4326f99e5d53e1ea677
698,0,dof_grade_not_a,2.0,0.9979598459673408,level1,0.9110889774264408,data/raw/wave1_selection.json,b1272041db1364831db88d72b114cca8f67e70416c3ea4326f99e5d53e1ea677
1182,0,policy_rejected,2.0,0.9995510179248903,level1,0.030458338984724137,data/raw/wave1_selection.json,b1272041db1364831db88d72b114cca8f67e70416c3ea4326f99e5d53e1ea677
1998,0,policy_rejected,1.0,0.9989694457145348,level1,0.09159029747921997,data/raw/wave1_selection.json,b1272041db1364831db88d72b114cca8f67e70416c3ea4326f99e5d53e1ea677
172,0,dof_grade_not_a,1.0,0.9986171484454427,level1,0.9363509287883085,data/raw/wave1_selection.json,b1272041db1364831db88d72b114cca8f67e70416c3ea4326f99e5d53e1ea677
1772,0,policy_rejected,1.0,0.9992364368709826,level1,0.5203106685979291,data/raw/wave1_selection.json,b1272041db1364831db88d72b114cca8f67e70416c3ea4326f99e5d53e1ea677
983,0,dof_grade_not_a,1.0,0.9987470955747412,level1,3.478710579564485,data/raw/wave1_selection.json,b1272041db1364831db88d72b114cca8f67e70416c3ea4326f99e5d53e1ea677
139,1,,1.0,0.999959114982639,level1,0.827363431789611,data/raw/wave1_selection.json,b1272041db1364831db88d72b114cca8f67e70416c3ea4326f99e5d53e1ea677
269,1,,2.0,0.9995834197079901,level1,0.42957919297256675,data/raw/wave1_selection.json,b1272041db1364831db88d72b114cca8f67e70416c3ea4326f99e5d53e1ea677
975,1,,1.0,0.9997079639700074,level1,0.07425406914364442,data/raw/wave1_selection.json,b1272041db1364831db88d72b114cca8f67e70416c3ea4326f99e5d53e1ea677
1740,0,policy_rejected,1.0,0.9995539732181566,level1,1.6439199144608025,data/raw/wave1_selection.json,b1272041db1364831db88d72b114cca8f67e70416c3ea4326f99e5d53e1ea677
154,1,,1.0,0.9996761197397831,level1,1.5747148163212619,data/raw/wave1_selection.json,b1272041db1364831db88d72b114cca8f67e70416c3ea4326f99e5d53e1ea677
1450,1,,2.0,0.999643462368003,level1,0.10838959266233976,data/raw/wave1_selection.json,b1272041db1364831db88d72b114cca8f67e70416c3ea4326f99e5d53e1ea677
1505,0,dof_grade_not_a,2.0,0.999657982312737,level1,0.14237227175255235,data/raw/wave1_selection.json,b1272041db1364831db88d72b114cca8f67e70416c3ea4326f99e5d53e1ea677
1350,0,policy_rejected,1.0,0.9995420617942395,level1,1.386480377891991,data/raw/wave1_selection.json,b1272041db1364831db88d72b114cca8f67e70416c3ea4326f99e5d53e1ea677
1278,1,,2.0,0.9990951420306986,level1,0.7016151073824216,data/raw/wave1_selection.json,b1272041db1364831db88d72b114cca8f67e70416c3ea4326f99e5d53e1ea677
1894,0,policy_rejected,1.0,0.9994838046211859,level1,0.13818091774546068,data/raw/wave1_selection.json,b1272041db1364831db88d72b114cca8f67e70416c3ea4326f99e5d53e1ea677
1396,1,,1.0,0.9996875448296382,level1,0.5328752202035665,data/raw/wave1_selection.json,b1272041db1364831db88d72b114cca8f67e70416c3ea4326f99e5d53e1ea677
1761,1,,1.0,0.9997709389849964,level1,3.1032249983387388,data/raw/wave1_selection.json,b1272041db1364831db88d72b114cca8f67e70416c3ea4326f99e5d53e1ea677
1892,0,dof_grade_not_a;missing_match;unknown_particle,1.0,0.0006988832078754884,none,,data/raw/wave1_selection.json,b1272041db1364831db88d72b114cca8f67e70416c3ea4326f99e5d53e1ea677
572,1,,2.0,0.9995552220498991,level1,2.5184694375765204,data/raw/wave1_selection.json,b1272041db1364831db88d72b114cca8f67e70416c3ea4326f99e5d53e1ea677
992,1,,2.0,0.9999247385122546,level1,0.01641083111229895,data/raw/wave1_selection.json,b1272041db1364831db88d72b114cca8f67e70416c3ea4326f99e5d53e1ea677
632,0,policy_rejected,2.0,0.9994042002706159,level1,0.20108870429704023,data/raw/wave1_selection.json,b1272041db1364831db88d72b114cca8f67e70416c3ea4326f99e5d53e1ea677
710,0,policy_rejected,1.0,0.9993553836367397,level1,3.172487977583733,data/raw/wave1_selection.json,b1272041db1364831db88d72b114cca8f67e70416c3ea4326f99e5d53e1ea677
113,1,,1.0,0.9998669928066313,level1,0.6758677141652784,data/raw/wave1_selection.json,b1272041db1364831db88d72b114cca8f67e70416c3ea4326f99e5d53e1ea677
130,0,policy_rejected,3.0,0.9997822009102442,level1,0.1284700232882488,data/raw/wave1_selection.json,b1272041db1364831db88d72b114cca8f67e70416c3ea4326f99e5d53e1ea677
199,0,policy_rejected,2.0,0.9997732684782091,level1,0.20849137038362214,data/raw/wave1_selection.json,b1272041db1364831db88d72b114cca8f67e70416c3ea4326f99e5d53e1ea677
230,0,dof_grade_not_a,1.0,3.420489610807176e-05,none,0.005643933087120456,data/raw/wave1_selection.json,b1272041db1364831db88d72b114cca8f67e70416c3ea4326f99e5d53e1ea677
405,1,,2.0,0.9998806423161934,level1,0.02913490641729875,data/raw/wave1_selection.json,b1272041db1364831db88d72b114cca8f67e70416c3ea4326f99e5d53e1ea677
359,1,,2.0,0.9995676722001571,level1,0.07174068268519164,data/raw/wave1_selection.json,b1272041db1364831db88d72b114cca8f67e70416c3ea4326f99e5d53e1ea677
1875,1,,1.0,0.9997339269361685,level1,0.24031014548449378,data/raw/wave1_selection.json,b1272041db1364831db88d72b114cca8f67e70416c3ea4326f99e5d53e1ea677
997,0,policy_rejected,1.0,0.9993973354705822,level1,0.805508269483063,data/raw/wave1_selection.json,b1272041db1364831db88d72b114cca8f67e70416c3ea4326f99e5d53e1ea677
1763,1,,1.0,0.9999367425983845,level1,0.08457317876186017,data/raw/wave1_selection.json,b1272041db1364831db88d72b114cca8f67e70416c3ea4326f99e5d53e1ea677
678,1,,1.0,0.9992210952509548,level1,0.11539106823045074,data/raw/wave1_selection.json,b1272041db1364831db88d72b114cca8f67e70416c3ea4326f99e5d53e1ea677
1130,0,policy_rejected,2.0,0.9996784130124975,level1,0.11977047367431319,data/raw/wave1_selection.json,b1272041db1364831db88d72b114cca8f67e70416c3ea4326f99e5d53e1ea677
1544,0,dof_grade_not_a,1.0,0.9987424702596396,level1,0.7954323437283771,data/raw/wave1_selection.json,b1272041db1364831db88d72b114cca8f67e70416c3ea4326f99e5d53e1ea677
1959,1,,1.0,0.9998462748105408,level1,0.3364933961168805,data/raw/wave1_selection.json,b1272041db1364831db88d72b114cca8f67e70416c3ea4326f99e5d53e1ea677
765,0,policy_rejected,1.0,0.9994477143789186,level1,0.26698590550238804,data/raw/wave1_selection.json,b1272041db1364831db88d72b114cca8f67e70416c3ea4326f99e5d53e1ea677
1092,1,,2.0,0.9991349397409854,level1,0.32618586919072534,data/raw/wave1_selection.json,b1272041db1364831db88d72b114cca8f67e70416c3ea4326f99e5d53e1ea677
75,0,policy_rejected,2.0,0.9995043152674511,level1,0.05643080811896968,data/raw/wave1_selection.json,b1272041db1364831db88d72b114cca8f67e70416c3ea4326f99e5d53e1ea677
1776,0,policy_rejected,1.0,0.9995193821765423,level1,0.12142534692383113,data/raw/wave1_selection.json,b1272041db1364831db88d72b114cca8f67e70416c3ea4326f99e5d53e1ea677
273,1,,1.0,0.9988870260927459,level1,0.15744180008527225,data/raw/wave1_selection.json,b1272041db1364831db88d72b114cca8f67e70416c3ea4326f99e5d53e1ea677
1339,1,,2.0,0.9995623543676744,level1,0.18783916244321572,data/raw/wave1_selection.json,b1272041db1364831db88d72b114cca8f67e70416c3ea4326f99e5d53e1ea677
1465,0,dof_grade_not_a;policy_rejected,1.0,0.0001486498265107622,none,0.42446112357026045,data/raw/wave1_selection.json,b1272041db1364831db88d72b114cca8f67e70416c3ea4326f99e5d53e1ea677
1635,0,dof_grade_not_a;policy_rejected,1.0,0.9978433761760787,level1,3.0690288475485477,data/raw/wave1_selection.json,b1272041db1364831db88d72b114cca8f67e70416c3ea4326f99e5d53e1ea677
407,1,,1.0,0.9993592089880725,level1,3.009374798020842,data/raw/wave1_selection.json,b1272041db1364831db88d72b114cca8f67e70416c3ea4326f99e5d53e1ea677
1783,0,dof_grade_not_a;policy_rejected,1.0,0.0012758917097863314,none,0.12738047131548777,data/raw/wave1_selection.json,b1272041db1364831db88d72b114cca8f67e70416c3ea4326f99e5d53e1ea677
151,1,,1.0,0.9993119370947525,level1,0.9799372385031482,data/raw/wave1_selection.json,b1272041db1364831db88d72b114cca8f67e70416c3ea4326f99e5d53e1ea677
38,0,dof_grade_not_a,2.0,0.9975842937966742,level1,3.248781067040628,data/raw/wave1_selection.json,b1272041db1364831db88d72b114cca8f67e70416c3ea4326f99e5d53e1ea677
952,1,,2.0,0.9997633545632927,level1,0.20123523257529233,data/raw/wave1_selection.json,b1272041db1364831db88d72b114cca8f67e70416c3ea4326f99e5d53e1ea677
1293,0,dof_grade_not_a,2.0,0.998302827707856,level1,0.7624585787866686,data/raw/wave1_selection.json,b1272041db1364831db88d72b114cca8f67e70416c3ea4326f99e5d53e1ea677
843,1,,1.0,0.9992960654172925,level1,0.19364779887839612,data/raw/wave1_selection.json,b1272041db1364831db88d72b114cca8f67e70416c3ea4326f99e5d53e1ea677
736,0,policy_rejected,1.0,0.9994458709089161,level1,3.437639286123606,data/raw/wave1_selection.json,b1272041db1364831db88d72b114cca8f67e70416c3ea4326f99e5d53e1ea677
132,1,,2.0,0.9990246717183849,level1,0.02054886123628117,data/raw/wave1_selection.json,b1272041db1364831db88d72b114cca8f67e70416c3ea4326f99e5d53e1ea677
654,1,,1.0,0.9997966613319886,level1,0.07010241833162559,data/raw/wave1_selection.json,b1272041db1364831db88d72b114cca8f67e70416c3ea4326f99e5d53e1ea677
1287,0,policy_rejected,1.0,0.9997450547682111,level1,0.5909397586604025,data/raw/wave1_selection.json,b1272041db1364831db88d72b114cca8f67e70416c3ea4326f99e5d53e1ea677
239,1,,2.0,0.9996416706890385,level1,1.1786527885673663,data/raw/wave1_selection.json,b1272041db1364831db88d72b114cca8f67e70416c3ea4326f99e5d53e1ea677
1363,1,,1.0,0.9997760679291907,level1,1.1973646991317508,data/raw/wave1_selection.json,b1272041db1364831db88d72b114cca8f67e70416c3ea4326f99e5d53e1ea677
1762,1,,2.0,0.9997947642085111,level1,0.36064810655290175,data/raw/wave1_selection.json,b1272041db1364831db88d72b114cca8f67e70416c3ea4326f99e5d53e1ea677
1986,0,policy_rejected,1.0,0.9994492539536296,level1,0.03493678670126377,data/raw/wave1_selection.json,b1272041db1364831db88d72b114cca8f67e70416c3ea4326f99e5d53e1ea677
355,0,policy_rejected,1.0,0.9990554190466358,level1,3.502895191971046,data/raw/wave1_selection.json,b1272041db1364831db88d72b114cca8f67e70416c3ea4326f99e5d53e1ea677
1650,1,,2.0,0.999609895117797,level1,0.4615985199543225,data/raw/wave1_selection.json,b1272041db1364831db88d72b114cca8f67e70416c3ea4326f99e5d53e1ea677
1962,0,dof_grade_not_a;policy_rejected,1.0,0.0006044884792637483,none,0.16360991795527904,data/raw/wave1_selection.json,b1272041db1364831db88d72b114cca8f67e70416c3ea4326f99e5d53e1ea677
1789,1,,3.0,0.9993115951048641,level1,0.7453688878391169,data/raw/wave1_selection.json,b1272041db1364831db88d72b114cca8f67e70416c3ea4326f99e5d53e1ea677
403,1,,2.0,0.9997380895831726,level1,0.6032793509408702,data/raw/wave1_selection.json,b1272041db1364831db88d72b114cca8f67e70416c3ea4326f99e5d53e1ea677
1940,1,,1.0,0.9995974705462881,level1,0.12151978169601368,data/raw/wave1_selection.json,b1272041db1364831db88d72b114cca8f67e70416c3ea4326f99e5d53e1ea677
414,1,,2.0,0.9994842028225243,level1,0.17764955904700624,data/raw/wave1_selection.json,b1272041db1364831db88d72b114cca8f67e70416c3ea4326f99e5d53e1ea677
999,1,,1.0,0.9990916431629429,level1,1.971135502886476,data/raw/wave1_selection.json,b1272041db1364831db88d72b114cca8f67e70416c3ea4326f99e5d53e1ea677
844,0,dof_grade_not_a,1.0,0.9984093849873042,level1,2.5959044217047844,data/raw/wave1_selection.json,b1272041db1364831db88d72b114cca8f67e70416c3ea4326f99e5d53e1ea677
1488,0,dof_grade_not_a,1.0,0.998632010715347,level1,0.14312264467193309,data/raw/wave1_selection.json,b1272041db1364831db88d72b114cca8f67e70416c3ea4326f99e5d53e1ea677
1861,0,dof_grade_not_a,3.0,0.9977619458362508,level1,1.6822063958896727,data/raw/wave1_selection.json,b1272041db1364831db88d72b114cca8f67e70416c3ea4326f99e5d53e1ea677
85,0,policy_rejected,1.0,0.9988780757171849,level1,0.8059446926405517,data/raw/wave1_selection.json,b1272041db1364831db88d72b114cca8f67e70416c3ea4326f99e5d53e1ea677
847,1,,2.0,0.9997818684362724,level1,0.7964989455458125,data/raw/wave1_selection.json,b1272041db1364831db88d72b114cca8f67e70416c3ea4326f99e5d53e1ea677
1828,0,policy_rejected,1.0,0.999881524131714,level1,0.07117289362756746,data/raw/wave1_selection.json,b1272041db1364831db88d72b114cca8f67e70416c3ea4326f99e5d53e1ea677
1726,0,policy_rejected,2.0,0.9993415953707074,level1,0.3548309082022517,data/raw/wave1_selection.json,b1272041db1364831db88d72b114cca8f67e70416c3ea4326f99e5d53e1ea677
852,0,dof_grade_not_a,2.0,0.9996879739860729,level1,0.21482308357648172,data/raw/wave1_selection.json,b1272041db1364831db88d72b114cca8f67e70416c3ea4326f99e5d53e1ea677
1249,1,,1.0,0.9997368230311402,level1,1.0148042075065267,data/raw/wave1_selection.json,b1272041db1364831db88d72b114cca8f67e70416c3ea4326f99e5d53e1ea677
487,0,policy_rejected,1.0,0.9991115949661254,level1,3.983581287364186,data/raw/wave1_selection.json,b1272041db1364831db88d72b114cca8f67e70416c3ea4326f99e5d53e1ea677
548,0,policy_rejected,1.0,0.999299694315668,level1,0.9849479224505207,data/raw/wave1_selection.json,b1272041db1364831db88d72b114cca8f67e70416c3ea4326f99e5d53e1ea677
638,1,,2.0,0.9997668831703271,level1,0.0465251814694954,data/raw/wave1_selection.json,b1272041db1364831db88d72b114cca8f67e70416c3ea4326f99e5d53e1ea677
1673,1,,3.0,0.9997583374168478,level1,0.04447355406782724,data/raw/wave1_selection.json,b1272041db1364831db88d72b114cca8f67e70416c3ea4326f99e5d53e1ea677
1999,1,,1.0,0.9989342751871276,level1,0.488952251552375,data/raw/wave1_selection.json,b1272041db1364831db88d72b114cca8f67e70416c3ea4326f99e5d53e1ea677
1433,0,dof_grade_not_a;policy_rejected,2.0,0.9992785139798949,level1,0.3379316674022808,data/raw/wave1_selection.json,b1272041db1364831db88d72b114cca8f67e70416c3ea4326f99e5d53e1ea677
367,0,policy_rejected,2.0,0.9996203299528791,level1,0.21280259592993572,data/raw/wave1_selection.json,b1272041db1364831db88d72b114cca8f67e70416c3ea4326f99e5d53e1ea677
320,1,,2.0,0.9989521268873086,level1,1.0969810779232,data/raw/wave1_selection.json,b1272041db1364831db88d72b114cca8f67e70416c3ea4326f99e5d53e1ea677
625,1,,2.0,0.9993935508611128,level1,0.08685696807858018,data/raw/wave1_selection.json,b1272041db1364831db88d72b114cca8f67e70416c3ea4326f99e5d53e1ea677
325,0,dof_grade_not_a;policy_rejected,1.0,0.9979316808000865,level1,2.312278241386096,data/raw/wave1_selection.json,b1272041db1364831db88d72b114cca8f67e70416c3ea4326f99e5d53e1ea677
1301,1,,2.0,0.9998373788663698,level1,0.09232932196117724,data/raw/wave1_selection.json,b1272041db1364831db88d72b114cca8f67e70416c3ea4326f99e5d53e1ea677
164,0,dof_grade_not_a,2.0,0.9974428496451363,level1,0.5306311235693303,data/raw/wave1_selection.json,b1272041db1364831db88d72b114cca8f67e70416c3ea4326f99e5d53e1ea677
1727,0,dof_grade_not_a,1.0,0.0019759065928378738,none,0.13490523975157714,data/raw/wave1_selection.json,b1272041db1364831db88d72b114cca8f67e70416c3ea4326f99e5d53e1ea677
1008,1,,1.0,0.9996650244715377,level1,0.36060539731314195,data/raw/wave1_selection.json,b1272041db1364831db88d72b114cca8f67e70416c3ea4326f99e5d53e1ea677
1009,1,,1.0,0.9995105893726803,level1,0.24576842447437902,data/raw/wave1_selection.json,b1272041db1364831db88d72b114cca8f67e70416c3ea4326f99e5d53e1ea677
584,0,dof_missing;missing_match;unknown_particle,,,,,data/raw/wave1_selection.json,b1272041db1364831db88d72b114cca8f67e70416c3ea4326f99e5d53e1ea677
533,0,policy_rejected,1.0,0.999672690162122,level1,0.5120302569323293,data/raw/wave1_selection.json,b1272041db1364831db88d72b114cca8f67e70416c3ea4326f99e5d53e1ea677
251,1,,1.0,0.9997325151950128,level1,0.23956795161728428,data/raw/wave1_selection.json,b1272041db1364831db88d72b114cca8f67e70416c3ea4326f99e5d53e1ea677
885,1,,1.0,0.9987121587383613,level1,0.13777703040742972,data/raw/wave1_selection.json,b1272041db1364831db88d72b114cca8f67e70416c3ea4326f99e5d53e1ea677
1576,1,,2.0,0.9988993409315157,level1,0.7247377804360637,data/raw/wave1_selection.json,b1272041db1364831db88d72b114cca8f67e70416c3ea4326f99e5d53e1ea677
714,0,policy_rejected,2.0,0.9995700723060538,level1,3.4165171559348297,data/raw/wave1_selection.json,b1272041db1364831db88d72b114cca8f67e70416c3ea4326f99e5d53e1ea677
189,0,dof_grade_not_a;policy_rejected,1.0,0.9983775259948486,level1,0.2112475238752627,data/raw/wave1_selection.json,b1272041db1364831db88d72b114cca8f67e70416c3ea4326f99e5d53e1ea677
237,0,policy_rejected,1.0,0.9995139823780309,level1,0.12399065766009292,data/raw/wave1_selection.json,b1272041db1364831db88d72b114cca8f67e70416c3ea4326f99e5d53e1ea677
994,1,,2.0,0.9993726747281252,level1,1.279450580301035,data/raw/wave1_selection.json,b1272041db1364831db88d72b114cca8f67e70416c3ea4326f99e5d53e1ea677
305,0,policy_rejected,2.0,0.9991738061242633,level1,0.16263591093410562,data/raw/wave1_selection.json,b1272041db1364831db88d72b114cca8f67e70416c3ea4326f99e5d53e1ea677
311,0,dof_grade_not_a,3.0,0.9991206708018673,level1,0.06625138816015556,data/raw/wave1_selection.json,b1272041db1364831db88d72b114cca8f67e70416c3ea4326f99e5d53e1ea677
749,0,policy_rejected,2.0,0.9991508611117139,level1,0.19066882097770535,data/raw/wave1_selection.json,b1272041db1364831db88d72b114cca8f67e70416c3ea4326f99e5d53e1ea677
726,1,,1.0,0.9996128139898018,level1,1.070131881493413,data/raw/wave1_selection.json,b1272041db1364831db88d72b114cca8f67e70416c3ea4326f99e5d53e1ea677
1805,0,dof_grade_not_a,1.0,0.99873249699156,level1,2.761451259284954,data/raw/wave1_selection.json,b1272041db1364831db88d72b114cca8f67e70416c3ea4326f99e5d53e1ea677
707,1,,2.0,0.9996173525433031,level1,1.2067073260940686,data/raw/wave1_selection.json,b1272041db1364831db88d72b114cca8f67e70416c3ea4326f99e5d53e1ea677
1444,1,,1.0,0.9991533804366853,level1,1.1254336972282977,data/raw/wave1_selection.json,b1272041db1364831db88d72b114cca8f67e70416c3ea4326f99e5d53e1ea677
1448,0,policy_rejected,1.0,0.9995758545273844,level1,0.08365249630898226,data/raw/wave1_selection.json,b1272041db1364831db88d72b114cca8f67e70416c3ea4326f99e5d53e1ea677
106,0,dof_grade_not_a,2.0,0.9992494009866179,level1,0.45211238760167605,data/raw/wave1_selection.json,b1272041db1364831db88d72b114cca8f67e70416c3ea4326f99e5d53e1ea677
514,0,dof_grade_not_a;policy_rejected,1.0,0.9985746310728867,level1,0.12956541926086432,data/raw/wave1_selection.json,b1272041db1364831db88d72b114cca8f67e70416c3ea4326f99e5d53e1ea677
260,0,policy_rejected,1.0,0.9995099627838909,level1,0.6849680285010595,data/raw/wave1_selection.json,b1272041db1364831db88d72b114cca8f67e70416c3ea4326f99e5d53e1ea677
1061,1,,2.0,0.9997363836788248,level1,0.15524752309504702,data/raw/wave1_selection.json,b1272041db1364831db88d72b114cca8f67e70416c3ea4326f99e5d53e1ea677
215,1,,1.0,0.9994324398119908,level1,0.5681109666158078,data/raw/wave1_selection.json,b1272041db1364831db88d72b114cca8f67e70416c3ea4326f99e5d53e1ea677
77,1,,1.0,0.9995070191749903,level1,0.4466756281662244,data/raw/wave1_selection.json,b1272041db1364831db88d72b114cca8f67e70416c3ea4326f99e5d53e1ea677
1052,1,,1.0,0.9999347525918355,level1,3.87819826359008,data/raw/wave1_selection.json,b1272041db1364831db88d72b114cca8f67e70416c3ea4326f99e5d53e1ea677
1657,1,,1.0,0.998806108188894,level1,1.3953557234644196,data/raw/wave1_selection.json,b1272041db1364831db88d72b114cca8f67e70416c3ea4326f99e5d53e1ea677
1550,0,policy_rejected,1.0,0.9988738390863403,level1,0.8556372988120855,data/raw/wave1_selection.json,b1272041db1364831db88d72b114cca8f67e70416c3ea4326f99e5d53e1ea677
235,1,,1.0,0.9995512931782033,level1,0.14719644171215548,data/raw/wave1_selection.json,b1272041db1364831db88d72b114cca8f67e70416c3ea4326f99e5d53e1ea677
587,1,,2.0,0.9998181873837447,level1,0.917063876941028,data/raw/wave1_selection.json,b1272041db1364831db88d72b114cca8f67e70416c3ea4326f99e5d53e1ea677
1306,1,,2.0,0.999849330081889,level1,0.15508605629827918,data/raw/wave1_selection.json,b1272041db1364831db88d72b114cca8f67e70416c3ea4326f99e5d53e1ea677
1715,0,policy_rejected,1.0,0.999577838276229,level1,0.07249260458358374,data/raw/wave1_selection.json,b1272041db1364831db88d72b114cca8f67e70416c3ea4326f99e5d53e1ea677
15,0,dof_grade_not_a;policy_rejected,1.0,0.998203196029919,level1,0.152885321570493,data/raw/wave1_selection.json,b1272041db1364831db88d72b114cca8f67e70416c3ea4326f99e5d53e1ea677
1622,0,policy_rejected,1.0,0.9994114420982831,level1,0.9621900330214743,data/raw/wave1_selection.json,b1272041db1364831db88d72b114cca8f67e70416c3ea4326f99e5d53e1ea677
867,0,policy_rejected,1.0,0.9994270985762642,level1,0.21986882835518626,data/raw/wave1_selection.json,b1272041db1364831db88d72b114cca8f67e70416c3ea4326f99e5d53e1ea677
673,0,dof_grade_not_a;policy_rejected,1.0,0.9976232546140472,level1,3.8801963326980387,data/raw/wave1_selection.json,b1272041db1364831db88d72b114cca8f67e70416c3ea4326f99e5d53e1ea677
1147,0,policy_rejected,2.0,0.9995714793924504,level1,0.24928759450712262,data/raw/wave1_selection.json,b1272041db1364831db88d72b114cca8f67e70416c3ea4326f99e5d53e1ea677
1816,1,,2.0,0.9998746779146374,level1,0.04479692130406044,data/raw/wave1_selection.json,b1272041db1364831db88d72b114cca8f67e70416c3ea4326f99e5d53e1ea677
1183,0,policy_rejected,1.0,0.999505687922935,level1,0.30033112353112695,data/raw/wave1_selection.json,b1272041db1364831db88d72b114cca8f67e70416c3ea4326f99e5d53e1ea677
335,1,,3.0,0.9996215067165982,level1,0.7345689672980213,data/raw/wave1_selection.json,b1272041db1364831db88d72b114cca8f67e70416c3ea4326f99e5d53e1ea677
368,1,,1.0,0.999000545079447,level1,1.2430028777111628,data/raw/wave1_selection.json,b1272041db1364831db88d72b114cca8f67e70416c3ea4326f99e5d53e1ea677
350,0,policy_rejected,1.0,0.9994161185379674,level1,0.9144471871555292,data/raw/wave1_selection.json,b1272041db1364831db88d72b114cca8f67e70416c3ea4326f99e5d53e1ea677
583,1,,2.0,0.998995294456644,level1,0.019209433015811704,data/raw/wave1_selection.json,b1272041db1364831db88d72b114cca8f67e70416c3ea4326f99e5d53e1ea677
1627,1,,1.0,0.9992817673954318,level1,1.091139044886105,data/raw/wave1_selection.json,b1272041db1364831db88d72b114cca8f67e70416c3ea4326f99e5d53e1ea677
1143,1,,1.0,0.999250440188347,level1,1.5741917467903948,data/raw/wave1_selection.json,b1272041db1364831db88d72b114cca8f67e70416c3ea4326f99e5d53e1ea677
911,1,,1.0,0.9998140014714777,level1,0.08792217404155579,data/raw/wave1_selection.json,b1272041db1364831db88d72b114cca8f67e70416c3ea4326f99e5d53e1ea677
1677,0,policy_rejected,1.0,0.9991494550958233,level1,0.4131928292017655,data/raw/wave1_selection.json,b1272041db1364831db88d72b114cca8f67e70416c3ea4326f99e5d53e1ea677
1425,1,,2.0,0.999201820188285,level1,0.0530954351380882,data/raw/wave1_selection.json,b1272041db1364831db88d72b114cca8f67e70416c3ea4326f99e5d53e1ea677
1247,1,,2.0,0.9989327838106367,level1,0.07969335720613657,data/raw/wave1_selection.json,b1272041db1364831db88d72b114cca8f67e70416c3ea4326f99e5d53e1ea677
1,0,policy_rejected,2.0,0.9993918692610073,level1,0.4876039064159746,data/raw/wave1_selection.json,b1272041db1364831db88d72b114cca8f67e70416c3ea4326f99e5d53e1ea677
304,0,dof_grade_not_a,2.0,0.9985504911351792,level1,1.7177583446120988,data/raw/wave1_selection.json,b1272041db1364831db88d72b114cca8f67e70416c3ea4326f99e5d53e1ea677
318,1,,2.0,0.999486424314012,level1,0.007126650367810048,data/raw/wave1_selection.json,b1272041db1364831db88d72b114cca8f67e70416c3ea4326f99e5d53e1ea677
877,1,,2.0,0.9995741843424153,level1,0.36110378094705103,data/raw/wave1_selection.json,b1272041db1364831db88d72b114cca8f67e70416c3ea4326f99e5d53e1ea677
1666,0,dof_grade_not_a,1.0,4.991309637614996e-05,none,0.05029779432837213,data/raw/wave1_selection.json,b1272041db1364831db88d72b114cca8f67e70416c3ea4326f99e5d53e1ea677
729,0,policy_rejected,1.0,0.999063559972599,level1,0.12557637454423684,data/raw/wave1_selection.json,b1272041db1364831db88d72b114cca8f67e70416c3ea4326f99e5d53e1ea677
1691,0,policy_rejected,1.0,0.9997480921233081,level1,0.9259784587402148,data/raw/wave1_selection.json,b1272041db1364831db88d72b114cca8f67e70416c3ea4326f99e5d53e1ea677
1302,0,policy_rejected,1.0,0.999579712605059,level1,1.540435724495644,data/raw/wave1_selection.json,b1272041db1364831db88d72b114cca8f67e70416c3ea4326f99e5d53e1ea677
1809,1,,1.0,0.9989825760846724,level1,0.5445694797715183,data/raw/wave1_selection.json,b1272041db1364831db88d72b114cca8f67e70416c3ea4326f99e5d53e1ea677
1063,0,dof_grade_not_a;policy_rejected,2.0,0.999906302479765,level1,0.07800749339974901,data/raw/wave1_selection.json,b1272041db1364831db88d72b114cca8f67e70416c3ea4326f99e5d53e1ea677
1457,0,dof_grade_not_a,1.0,0.9956171644631862,level1,2.8415740952808592,data/raw/wave1_selection.json,b1272041db1364831db88d72b114cca8f67e70416c3ea4326f99e5d53e1ea677
393,1,,1.0,0.9993145295778597,level1,3.5654864567256808,data/raw/wave1_selection.json,b1272041db1364831db88d72b114cca8f67e70416c3ea4326f99e5d53e1ea677
516,1,,1.0,0.9993621377694332,level1,0.49951429901618377,data/raw/wave1_selection.json,b1272041db1364831db88d72b114cca8f67e70416c3ea4326f99e5d53e1ea677
988,1,,2.0,0.9997443825419384,level1,0.2793895383031534,data/raw/wave1_selection.json,b1272041db1364831db88d72b114cca8f67e70416c3ea4326f99e5d53e1ea677
604,0,policy_rejected,1.0,0.9990404186662887,level1,3.5311938805880603,data/raw/wave1_selection.json,b1272041db1364831db88d72b114cca8f67e70416c3ea4326f99e5d53e1ea677
158,0,dof_grade_not_a;policy_rejected,1.0,0.9986989009770173,level1,0.10788254210587737,data/raw/wave1_selection.json,b1272041db1364831db88d72b114cca8f67e70416c3ea4326f99e5d53e1ea677
451,1,,2.0,0.9998976383436403,level1,0.06268612794627772,data/raw/wave1_selection.json,b1272041db1364831db88d72b114cca8f67e70416c3ea4326f99e5d53e1ea677
65,0,dof_grade_not_a,1.0,5.434306156921586e-05,none,0.3561842832518724,data/raw/wave1_selection.json,b1272041db1364831db88d72b114cca8f67e70416c3ea4326f99e5d53e1ea677
771,1,,1.0,0.999593002525175,level1,2.700736934105259,data/raw/wave1_selection.json,b1272041db1364831db88d72b114cca8f67e70416c3ea4326f99e5d53e1ea677
1163,0,policy_rejected,2.0,0.9996935275571248,level1,0.09078560997381255,data/raw/wave1_selection.json,b1272041db1364831db88d72b114cca8f67e70416c3ea4326f99e5d53e1ea677
306,0,dof_grade_not_a;policy_rejected,1.0,0.998201757593514,level1,0.20251741524941946,data/raw/wave1_selection.json,b1272041db1364831db88d72b114cca8f67e70416c3ea4326f99e5d53e1ea677
985,0,dof_grade_not_a,1.0,0.0005474843355821587,none,0.0043080013922974034,data/raw/wave1_selection.json,b1272041db1364831db88d72b114cca8f67e70416c3ea4326f99e5d53e1ea677
221,0,dof_grade_not_a,3.0,0.999430247553518,level1,0.015790652884187666,data/raw/wave1_selection.json,b1272041db1364831db88d72b114cca8f67e70416c3ea4326f99e5d53e1ea677
475,0,dof_grade_not_a,1.0,0.0002786398376340357,none,0.056585255268298454,data/raw/wave1_selection.json,b1272041db1364831db88d72b114cca8f67e70416c3ea4326f99e5d53e1ea677
1037,1,,2.0,0.9996494698956695,level1,0.128489864328855,data/raw/wave1_selection.json,b1272041db1364831db88d72b114cca8f67e70416c3ea4326f99e5d53e1ea677
32,1,,1.0,0.9997825490683745,level1,2.0949430320880764,data/raw/wave1_selection.json,b1272041db1364831db88d72b114cca8f67e70416c3ea4326f99e5d53e1ea677
124,1,,2.0,0.9996666401573807,level1,0.6623715287897333,data/raw/wave1_selection.json,b1272041db1364831db88d72b114cca8f67e70416c3ea4326f99e5d53e1ea677
1458,0,dof_grade_not_a;policy_rejected,1.0,0.9974391352144775,level1,0.28301368416986533,data/raw/wave1_selection.json,b1272041db1364831db88d72b114cca8f67e70416c3ea4326f99e5d53e1ea677
202,1,,2.0,0.9995543743334129,level1,0.6947064784369502,data/raw/wave1_selection.json,b1272041db1364831db88d72b114cca8f67e70416c3ea4326f99e5d53e1ea677
886,1,,2.0,0.999866318335028,level1,0.4606273362455078,data/raw/wave1_selection.json,b1272041db1364831db88d72b114cca8f67e70416c3ea4326f99e5d53e1ea677
1373,0,policy_rejected,2.0,0.999811147951406,level1,0.017925552801858962,data/raw/wave1_selection.json,b1272041db1364831db88d72b114cca8f67e70416c3ea4326f99e5d53e1ea677
1236,1,,1.0,0.9996489826971069,level1,0.029987136609755324,data/raw/wave1_selection.json,b1272041db1364831db88d72b114cca8f67e70416c3ea4326f99e5d53e1ea677
1603,1,,2.0,0.9996495023801576,level1,0.055980429350485965,data/raw/wave1_selection.json,b1272041db1364831db88d72b114cca8f67e70416c3ea4326f99e5d53e1ea677
352,0,dof_grade_not_a,2.0,0.9998782459239159,level1,0.18853703785771547,data/raw/wave1_selection.json,b1272041db1364831db88d72b114cca8f67e70416c3ea4326f99e5d53e1ea677
1977,0,dof_grade_not_a,1.0,0.9984511811864248,level1,2.8509352179532454,data/raw/wave1_selection.json,b1272041db1364831db88d72b114cca8f67e70416c3ea4326f99e5d53e1ea677
1682,1,,1.0,0.9990764933337671,level1,0.42333920583303664,data/raw/wave1_selection.json,b1272041db1364831db88d72b114cca8f67e70416c3ea4326f99e5d53e1ea677
1383,1,,1.0,0.9998922874236659,level1,0.5166525553995561,data/raw/wave1_selection.json,b1272041db1364831db88d72b114cca8f67e70416c3ea4326f99e5d53e1ea677
8,0,policy_rejected,1.0,0.9995387644832996,level1,3.6840454258595443,data/raw/wave1_selection.json,b1272041db1364831db88d72b114cca8f67e70416c3ea4326f99e5d53e1ea677
1374,0,dof_grade_not_a,2.0,0.9994854031992939,level1,0.29707562976414903,data/raw/wave1_selection.json,b1272041db1364831db88d72b114cca8f67e70416c3ea4326f99e5d53e1ea677
1586,1,,1.0,0.9998074378178984,level1,0.6627491330017978,data/raw/wave1_selection.json,b1272041db1364831db88d72b114cca8f67e70416c3ea4326f99e5d53e1ea677
349,0,dof_grade_not_a,1.0,0.9991371854107183,level1,3.0889648615517573,data/raw/wave1_selection.json,b1272041db1364831db88d72b114cca8f67e70416c3ea4326f99e5d53e1ea677
561,0,dof_grade_not_a,2.0,0.9990166912416586,level1,0.9256582061387877,data/raw/wave1_selection.json,b1272041db1364831db88d72b114cca8f67e70416c3ea4326f99e5d53e1ea677
1743,0,policy_rejected,1.0,0.999426584223566,level1,0.13848200074345324,data/raw/wave1_selection.json,b1272041db1364831db88d72b114cca8f67e70416c3ea4326f99e5d53e1ea677
1589,0,policy_rejected,1.0,0.9989950213321577,level1,0.26770668577981804,data/raw/wave1_selection.json,b1272041db1364831db88d72b114cca8f67e70416c3ea4326f99e5d53e1ea677
1380,0,dof_grade_not_a;policy_rejected,2.0,0.9984498783170923,level1,0.014712603352876219,data/raw/wave1_selection.json,b1272041db1364831db88d72b114cca8f67e70416c3ea4326f99e5d53e1ea677
1604,0,policy_rejected,2.0,0.9993086198999064,level1,0.5507552396414902,data/raw/wave1_selection.json,b1272041db1364831db88d72b114cca8f67e70416c3ea4326f99e5d53e1ea677
252,0,dof_grade_not_a,2.0,0.9997120988690097,level1,0.0871873073203204,data/raw/wave1_selection.json,b1272041db1364831db88d72b114cca8f67e70416c3ea4326f99e5d53e1ea677
513,1,,2.0,0.9997963065180338,level1,0.7494116915700174,data/raw/wave1_selection.json,b1272041db1364831db88d72b114cca8f67e70416c3ea4326f99e5d53e1ea677
1386,0,dof_grade_not_a;policy_rejected,2.0,0.9986007042871106,level1,1.5232364976676362,data/raw/wave1_selection.json,b1272041db1364831db88d72b114cca8f67e70416c3ea4326f99e5d53e1ea677
1948,0,dof_grade_not_a,1.0,0.9985877938844673,level1,0.1500756187969854,data/raw/wave1_selection.json,b1272041db1364831db88d72b114cca8f67e70416c3ea4326f99e5d53e1ea677
236,0,policy_rejected,1.0,0.9995060207000385,level1,1.2477739968222579,data/raw/wave1_selection.json,b1272041db1364831db88d72b114cca8f67e70416c3ea4326f99e5d53e1ea677
1043,1,,2.0,0.9988343846606916,level1,0.0410335862241604,data/raw/wave1_selection.json,b1272041db1364831db88d72b114cca8f67e70416c3ea4326f99e5d53e1ea677
268,1,,2.0,0.9995202286367271,level1,1.0236392070388818,data/raw/wave1_selection.json,b1272041db1364831db88d72b114cca8f67e70416c3ea4326f99e5d53e1ea677
1087,1,,2.0,0.999745059137763,level1,1.0090015426407963,data/raw/wave1_selection.json,b1272041db1364831db88d72b114cca8f67e70416c3ea4326f99e5d53e1ea677
420,0,policy_rejected,1.0,0.9993083732979599,level1,1.0724701749176555,data/raw/wave1_selection.json,b1272041db1364831db88d72b114cca8f67e70416c3ea4326f99e5d53e1ea677
1932,0,dof_grade_not_a,1.0,0.9986584943832687,level1,0.49026672298665386,data/raw/wave1_selection.json,b1272041db1364831db88d72b114cca8f67e70416c3ea4326f99e5d53e1ea677
890,1,,1.0,0.9990508792349377,level1,3.044476579850774,data/raw/wave1_selection.json,b1272041db1364831db88d72b114cca8f67e70416c3ea4326f99e5d53e1ea677
1838,0,policy_rejected,2.0,0.9992552464371515,level1,0.3724675429172657,data/raw/wave1_selection.json,b1272041db1364831db88d72b114cca8f67e70416c3ea4326f99e5d53e1ea677
653,0,policy_rejected,1.0,0.9994159840549696,level1,2.9454939051501965,data/raw/wave1_selection.json,b1272041db1364831db88d72b114cca8f67e70416c3ea4326f99e5d53e1ea677
1055,0,dof_grade_not_a;policy_rejected,1.0,0.9983357681047563,level1,1.3569312707178125,data/raw/wave1_selection.json,b1272041db1364831db88d72b114cca8f67e70416c3ea4326f99e5d53e1ea677
716,0,policy_rejected,1.0,0.9995440084938956,level1,0.7242951175234975,data/raw/wave1_selection.json,b1272041db1364831db88d72b114cca8f67e70416c3ea4326f99e5d53e1ea677
1007,0,dof_grade_not_a,2.0,0.9993463753156965,level1,0.31741421311922174,data/raw/wave1_selection.json,b1272041db1364831db88d72b114cca8f67e70416c3ea4326f99e5d53e1ea677
192,0,policy_rejected,2.0,0.9994551256968164,level1,0.15407626864809662,data/raw/wave1_selection.json,b1272041db1364831db88d72b114cca8f67e70416c3ea4326f99e5d53e1ea677
344,1,,1.0,0.9992060899536116,level1,0.06478500986328693,data/raw/wave1_selection.json,b1272041db1364831db88d72b114cca8f67e70416c3ea4326f99e5d53e1ea677
1084,0,dof_grade_not_a,1.0,0.9987917600451048,level1,2.8701834904908266,data/raw/wave1_selection.json,b1272041db1364831db88d72b114cca8f67e70416c3ea4326f99e5d53e1ea677
1014,0,policy_rejected,1.0,0.9996944445767404,level1,1.0114824449258824,data/raw/wave1_selection.json,b1272041db1364831db88d72b114cca8f67e70416c3ea4326f99e5d53e1ea677
1588,0,policy_rejected,1.0,0.9987978284580005,level1,1.435228064947721,data/raw/wave1_selection.json,b1272041db1364831db88d72b114cca8f67e70416c3ea4326f99e5d53e1ea677
996,1,,1.0,0.9998109301110732,level1,1.310608018640555,data/raw/wave1_selection.json,b1272041db1364831db88d72b114cca8f67e70416c3ea4326f99e5d53e1ea677
1434,0,policy_rejected,1.0,0.9997758626399299,level1,0.3699576406680794,data/raw/wave1_selection.json,b1272041db1364831db88d72b114cca8f67e70416c3ea4326f99e5d53e1ea677
562,1,,2.0,0.9996376441565612,level1,1.1344853174476932,data/raw/wave1_selection.json,b1272041db1364831db88d72b114cca8f67e70416c3ea4326f99e5d53e1ea677
1153,0,dof_grade_not_a,2.0,0.9986714815029225,level1,0.8613946953887233,data/raw/wave1_selection.json,b1272041db1364831db88d72b114cca8f67e70416c3ea4326f99e5d53e1ea677
1285,1,,2.0,0.9998224121193351,level1,1.188063116912472,data/raw/wave1_selection.json,b1272041db1364831db88d72b114cca8f67e70416c3ea4326f99e5d53e1ea677
779,1,,2.0,0.9994753101273331,level1,0.5834173118291376,data/raw/wave1_selection.json,b1272041db1364831db88d72b114cca8f67e70416c3ea4326f99e5d53e1ea677
1860,1,,2.0,0.9992676367811774,level1,0.4069543475363784,data/raw/wave1_selection.json,b1272041db1364831db88d72b114cca8f67e70416c3ea4326f99e5d53e1ea677
323,1,,2.0,0.9994996190254708,level1,0.560805097459753,data/raw/wave1_selection.json,b1272041db1364831db88d72b114cca8f67e70416c3ea4326f99e5d53e1ea677
794,0,policy_rejected,1.0,0.9997696682631768,level1,1.1910384291131781,data/raw/wave1_selection.json,b1272041db1364831db88d72b114cca8f67e70416c3ea4326f99e5d53e1ea677
783,1,,1.0,0.9998015486849496,level1,0.8754702343270614,data/raw/wave1_selection.json,b1272041db1364831db88d72b114cca8f67e70416c3ea4326f99e5d53e1ea677
1596,0,dof_grade_not_a,2.0,0.9996925223511266,level1,0.10210545175789199,data/raw/wave1_selection.json,b1272041db1364831db88d72b114cca8f67e70416c3ea4326f99e5d53e1ea677
713,1,,2.0,0.9997836282491084,level1,3.731329602433513,data/raw/wave1_selection.json,b1272041db1364831db88d72b114cca8f67e70416c3ea4326f99e5d53e1ea677
122,0,dof_grade_not_a,1.0,1.946406599678299e-05,none,0.12323792390748199,data/raw/wave1_selection.json,b1272041db1364831db88d72b114cca8f67e70416c3ea4326f99e5d53e1ea677
1260,0,policy_rejected,1.0,0.9998638227781685,level1,0.5317658849215621,data/raw/wave1_selection.json,b1272041db1364831db88d72b114cca8f67e70416c3ea4326f99e5d53e1ea677
657,0,policy_rejected,2.0,0.9991534366383162,level1,0.5352391751586976,data/raw/wave1_selection.json,b1272041db1364831db88d72b114cca8f67e70416c3ea4326f99e5d53e1ea677
492,0,policy_rejected,1.0,0.9989231437287972,level1,2.7922204713889722,data/raw/wave1_selection.json,b1272041db1364831db88d72b114cca8f67e70416c3ea4326f99e5d53e1ea677
401,0,policy_rejected,2.0,0.9990792706231942,level1,0.001507706212305309,data/raw/wave1_selection.json,b1272041db1364831db88d72b114cca8f67e70416c3ea4326f99e5d53e1ea677
874,0,dof_grade_not_a,3.0,0.9991224715019298,level1,1.1649260934885184,data/raw/wave1_selection.json,b1272041db1364831db88d72b114cca8f67e70416c3ea4326f99e5d53e1ea677
1760,0,policy_rejected,1.0,0.9992845566550663,level1,0.28413343617244424,data/raw/wave1_selection.json,b1272041db1364831db88d72b114cca8f67e70416c3ea4326f99e5d53e1ea677
1992,1,,1.0,0.9998260271959333,level1,0.8811863922034308,data/raw/wave1_selection.json,b1272041db1364831db88d72b114cca8f67e70416c3ea4326f99e5d53e1ea677
855,1,,1.0,0.9994400091798689,level1,0.7659254549735525,data/raw/wave1_selection.json,b1272041db1364831db88d72b114cca8f67e70416c3ea4326f99e5d53e1ea677
615,0,dof_grade_not_a;policy_rejected,2.0,0.9986260123176951,level1,0.9909784843007099,data/raw/wave1_selection.json,b1272041db1364831db88d72b114cca8f67e70416c3ea4326f99e5d53e1ea677
294,1,,2.0,0.9996590286462858,level1,0.6064899458982411,data/raw/wave1_selection.json,b1272041db1364831db88d72b114cca8f67e70416c3ea4326f99e5d53e1ea677
1624,1,,2.0,0.999637785535441,level1,2.8927586489367743,data/raw/wave1_selection.json,b1272041db1364831db88d72b114cca8f67e70416c3ea4326f99e5d53e1ea677
1698,0,dof_grade_not_a;policy_rejected,1.0,0.9986883971282939,level1,0.060965249903486805,data/raw/wave1_selection.json,b1272041db1364831db88d72b114cca8f67e70416c3ea4326f99e5d53e1ea677
165,0,dof_grade_not_a,1.0,0.0006008230315183802,none,1.3674779771260936,data/raw/wave1_selection.json,b1272041db1364831db88d72b114cca8f67e70416c3ea4326f99e5d53e1ea677
733,1,,2.0,0.9997042241702542,level1,3.575902628204866,data/raw/wave1_selection.json,b1272041db1364831db88d72b114cca8f67e70416c3ea4326f99e5d53e1ea677
1217,1,,2.0,0.9991206916402838,level1,0.03672658733183762,data/raw/wave1_selection.json,b1272041db1364831db88d72b114cca8f67e70416c3ea4326f99e5d53e1ea677
410,1,,1.0,0.9994459227564316,level1,0.4049586729201244,data/raw/wave1_selection.json,b1272041db1364831db88d72b114cca8f67e70416c3ea4326f99e5d53e1ea677
1150,0,dof_grade_not_a,2.0,0.9998123338837297,level1,0.20614052707719033,data/raw/wave1_selection.json,b1272041db1364831db88d72b114cca8f67e70416c3ea4326f99e5d53e1ea677
540,0,dof_grade_not_a;policy_rejected,1.0,0.9974072265143864,level1,0.06759166574938942,data/raw/wave1_selection.json,b1272041db1364831db88d72b114cca8f67e70416c3ea4326f99e5d53e1ea677
112,1,,1.0,0.9996222679771218,level1,1.0106512871242455,data/raw/wave1_selection.json,b1272041db1364831db88d72b114cca8f67e70416c3ea4326f99e5d53e1ea677
71,0,dof_grade_not_a;policy_rejected,1.0,0.99865036237624,level1,0.16034667226435434,data/raw/wave1_selection.json,b1272041db1364831db88d72b114cca8f67e70416c3ea4326f99e5d53e1ea677
1641,0,dof_grade_not_a,1.0,4.2519086808600826e-05,none,0.10942537441149336,data/raw/wave1_selection.json,b1272041db1364831db88d72b114cca8f67e70416c3ea4326f99e5d53e1ea677
1030,0,policy_rejected,1.0,0.9989035785139837,level1,1.527607081723928,data/raw/wave1_selection.json,b1272041db1364831db88d72b114cca8f67e70416c3ea4326f99e5d53e1ea677
1126,1,,1.0,0.9991959046400882,level1,0.23943706176407697,data/raw/wave1_selection.json,b1272041db1364831db88d72b114cca8f67e70416c3ea4326f99e5d53e1ea677
162,0,policy_rejected,2.0,0.9996310936708124,level1,0.03135903621602463,data/raw/wave1_selection.json,b1272041db1364831db88d72b114cca8f67e70416c3ea4326f99e5d53e1ea677
1647,0,policy_rejected,1.0,0.9990225108716263,level1,0.16088401546077277,data/raw/wave1_selection.json,b1272041db1364831db88d72b114cca8f67e70416c3ea4326f99e5d53e1ea677
95,0,dof_grade_not_a,2.0,0.9984658452963462,level1,0.8817020249400763,data/raw/wave1_selection.json,b1272041db1364831db88d72b114cca8f67e70416c3ea4326f99e5d53e1ea677
763,0,policy_rejected,1.0,0.9995377967761243,level1,0.6319008295105356,data/raw/wave1_selection.json,b1272041db1364831db88d72b114cca8f67e70416c3ea4326f99e5d53e1ea677
1413,0,dof_grade_not_a;policy_rejected,1.0,0.9987155371791852,level1,0.037702717494208615,data/raw/wave1_selection.json,b1272041db1364831db88d72b114cca8f67e70416c3ea4326f99e5d53e1ea677
1205,0,dof_grade_not_a,1.0,0.9982243306152966,level1,0.020209195195816657,data/raw/wave1_selection.json,b1272041db1364831db88d72b114cca8f67e70416c3ea4326f99e5d53e1ea677
1975,1,,2.0,0.9998315689099987,level1,0.0753539297410619,data/raw/wave1_selection.json,b1272041db1364831db88d72b114cca8f67e70416c3ea4326f99e5d53e1ea677
1848,0,policy_rejected,1.0,0.9998255872478168,level1,0.08613322312888841,data/raw/wave1_selection.json,b1272041db1364831db88d72b114cca8f67e70416c3ea4326f99e5d53e1ea677
25,1,,2.0,0.9993890827275278,level1,0.5710795601732569,data/raw/wave1_selection.json,b1272041db1364831db88d72b114cca8f67e70416c3ea4326f99e5d53e1ea677
152,0,policy_rejected,1.0,0.9996236292923002,level1,0.06582921560426597,data/raw/wave1_selection.json,b1272041db1364831db88d72b114cca8f67e70416c3ea4326f99e5d53e1ea677
1530,0,policy_rejected,1.0,0.9987826079338923,level1,0.06241805395969737,data/raw/wave1_selection.json,b1272041db1364831db88d72b114cca8f67e70416c3ea4326f99e5d53e1ea677
1672,1,,1.0,0.9988597390446996,level1,0.9106495446450151,data/raw/wave1_selection.json,b1272041db1364831db88d72b114cca8f67e70416c3ea4326f99e5d53e1ea677
1484,0,policy_rejected,1.0,0.9997187506494146,level1,0.0061108593472310796,data/raw/wave1_selection.json,b1272041db1364831db88d72b114cca8f67e70416c3ea4326f99e5d53e1ea677
1189,0,dof_missing;missing_match;unknown_particle,,,,,data/raw/wave1_selection.json,b1272041db1364831db88d72b114cca8f67e70416c3ea4326f99e5d53e1ea677
900,0,dof_grade_not_a,1.0,0.0001483103374724987,none,2.5590714375773653,data/raw/wave1_selection.json,b1272041db1364831db88d72b114cca8f67e70416c3ea4326f99e5d53e1ea677
813,1,,3.0,0.9994052286498808,level1,0.08444218631115863,data/raw/wave1_selection.json,b1272041db1364831db88d72b114cca8f67e70416c3ea4326f99e5d53e1ea677
364,0,policy_rejected,1.0,0.9997489021304807,level1,3.456227327537728,data/raw/wave1_selection.json,b1272041db1364831db88d72b114cca8f67e70416c3ea4326f99e5d53e1ea677
348,1,,1.0,0.998805051178262,level1,1.3463772061352504,data/raw/wave1_selection.json,b1272041db1364831db88d72b114cca8f67e70416c3ea4326f99e5d53e1ea677
1322,0,policy_rejected,1.0,0.9990595476361027,level1,0.5015110090565933,data/raw/wave1_selection.json,b1272041db1364831db88d72b114cca8f67e70416c3ea4326f99e5d53e1ea677
1719,0,policy_rejected,1.0,0.9999055030867713,level1,0.3563294456367068,data/raw/wave1_selection.json,b1272041db1364831db88d72b114cca8f67e70416c3ea4326f99e5d53e1ea677
1849,1,,1.0,0.9994240429406971,level1,2.1552892122355374,data/raw/wave1_selection.json,b1272041db1364831db88d72b114cca8f67e70416c3ea4326f99e5d53e1ea677
131,1,,2.0,0.9999278343492893,level1,0.45768021487041866,data/raw/wave1_selection.json,b1272041db1364831db88d72b114cca8f67e70416c3ea4326f99e5d53e1ea677
1033,1,,3.0,0.9995868732834566,level1,0.019096336299427776,data/raw/wave1_selection.json,b1272041db1364831db88d72b114cca8f67e70416c3ea4326f99e5d53e1ea677
66,0,dof_grade_not_a,1.0,0.9982637289608721,level1,1.2321639803917956,data/raw/wave1_selection.json,b1272041db1364831db88d72b114cca8f67e70416c3ea4326f99e5d53e1ea677
791,1,,1.0,0.999395525386737,level1,3.6421509723924466,data/raw/wave1_selection.json,b1272041db1364831db88d72b114cca8f67e70416c3ea4326f99e5d53e1ea677
501,1,,1.0,0.9997886904774823,level1,0.04253048548012178,data/raw/wave1_selection.json,b1272041db1364831db88d72b114cca8f67e70416c3ea4326f99e5d53e1ea677
563,1,,1.0,0.9997267762975732,level1,1.5656253934374766,data/raw/wave1_selection.json,b1272041db1364831db88d72b114cca8f67e70416c3ea4326f99e5d53e1ea677
1000,0,dof_grade_not_a,1.0,6.1227329452765124e-06,none,0.6497477598680328,data/raw/wave1_selection.json,b1272041db1364831db88d72b114cca8f67e70416c3ea4326f99e5d53e1ea677
1305,0,policy_rejected,1.0,0.9997175237112462,level1,0.6396831680211305,data/raw/wave1_selection.json,b1272041db1364831db88d72b114cca8f67e70416c3ea4326f99e5d53e1ea677
264,0,policy_rejected,1.0,0.9993778024113819,level1,0.006080382053318238,data/raw/wave1_selection.json,b1272041db1364831db88d72b114cca8f67e70416c3ea4326f99e5d53e1ea677
1736,0,policy_rejected,1.0,0.9992118021636556,level1,0.999213365359553,data/raw/wave1_selection.json,b1272041db1364831db88d72b114cca8f67e70416c3ea4326f99e5d53e1ea677
934,1,,1.0,0.9994126477755648,level1,0.010968833475776072,data/raw/wave1_selection.json,b1272041db1364831db88d72b114cca8f67e70416c3ea4326f99e5d53e1ea677
1263,0,policy_rejected,1.0,0.9996933955498302,level1,0.6676120534129367,data/raw/wave1_selection.json,b1272041db1364831db88d72b114cca8f67e70416c3ea4326f99e5d53e1ea677
696,1,,1.0,0.9994656219014999,level1,1.206300222808335,data/raw/wave1_selection.json,b1272041db1364831db88d72b114cca8f67e70416c3ea4326f99e5d53e1ea677
1767,0,policy_rejected,1.0,0.9994326741776484,level1,0.43455401225446155,data/raw/wave1_selection.json,b1272041db1364831db88d72b114cca8f67e70416c3ea4326f99e5d53e1ea677
1815,1,,2.0,0.9994081837539367,level1,0.30295453435227404,data/raw/wave1_selection.json,b1272041db1364831db88d72b114cca8f67e70416c3ea4326f99e5d53e1ea677
555,1,,1.0,0.9994286289892158,level1,1.2094991422711594,data/raw/wave1_selection.json,b1272041db1364831db88d72b114cca8f67e70416c3ea4326f99e5d53e1ea677
1001,0,dof_grade_not_a;policy_rejected,1.0,0.9985480249708822,level1,0.09855139222897595,data/raw/wave1_selection.json,b1272041db1364831db88d72b114cca8f67e70416c3ea4326f99e5d53e1ea677
841,1,,2.0,0.999306947425508,level1,0.3732101613394973,data/raw/wave1_selection.json,b1272041db1364831db88d72b114cca8f67e70416c3ea4326f99e5d53e1ea677
1174,0,dof_grade_not_a,1.0,0.9987286774788303,level1,0.2179004410699859,data/raw/wave1_selection.json,b1272041db1364831db88d72b114cca8f67e70416c3ea4326f99e5d53e1ea677
939,0,dof_grade_not_a;policy_rejected,1.0,1.6116751531202647e-12,none,0.07674536933136346,data/raw/wave1_selection.json,b1272041db1364831db88d72b114cca8f67e70416c3ea4326f99e5d53e1ea677
1965,0,policy_rejected,1.0,0.9991199151389285,level1,0.45913673250863146,data/raw/wave1_selection.json,b1272041db1364831db88d72b114cca8f67e70416c3ea4326f99e5d53e1ea677
1316,0,dof_grade_not_a,1.0,0.9987889705673217,level1,0.13883604004849617,data/raw/wave1_selection.json,b1272041db1364831db88d72b114cca8f67e70416c3ea4326f99e5d53e1ea677
1230,0,dof_grade_not_a,2.0,0.9992310610037941,level1,0.08649489552871271,data/raw/wave1_selection.json,b1272041db1364831db88d72b114cca8f67e70416c3ea4326f99e5d53e1ea677
1687,1,,1.0,0.9989022631317537,level1,1.1525503290958286,data/raw/wave1_selection.json,b1272041db1364831db88d72b114cca8f67e70416c3ea4326f99e5d53e1ea677
1830,0,dof_grade_not_a,2.0,0.9992918276521857,level1,0.67658031068379,data/raw/wave1_selection.json,b1272041db1364831db88d72b114cca8f67e70416c3ea4326f99e5d53e1ea677
427,1,,1.0,0.9995437412464905,level1,0.6759692845564139,data/raw/wave1_selection.json,b1272041db1364831db88d72b114cca8f67e70416c3ea4326f99e5d53e1ea677
61,0,dof_grade_not_a,1.0,0.9983726499755031,level1,0.0858693017065209,data/raw/wave1_selection.json,b1272041db1364831db88d72b114cca8f67e70416c3ea4326f99e5d53e1ea677
1071,1,,1.0,0.9996984163341214,level1,0.18910694002552203,data/raw/wave1_selection.json,b1272041db1364831db88d72b114cca8f67e70416c3ea4326f99e5d53e1ea677
1382,1,,2.0,0.9998730460396559,level1,0.2058066012096734,data/raw/wave1_selection.json,b1272041db1364831db88d72b114cca8f67e70416c3ea4326f99e5d53e1ea677
391,1,,2.0,0.9998077510269842,level1,3.408433660718875,data/raw/wave1_selection.json,b1272041db1364831db88d72b114cca8f67e70416c3ea4326f99e5d53e1ea677
1165,0,policy_rejected,2.0,0.9989766689791034,level1,0.296561135447962,data/raw/wave1_selection.json,b1272041db1364831db88d72b114cca8f67e70416c3ea4326f99e5d53e1ea677
1993,1,,1.0,0.9992054507999529,level1,0.0373182564227286,data/raw/wave1_selection.json,b1272041db1364831db88d72b114cca8f67e70416c3ea4326f99e5d53e1ea677
1616,1,,2.0,0.9991149845647818,level1,0.06538533129229428,data/raw/wave1_selection.json,b1272041db1364831db88d72b114cca8f67e70416c3ea4326f99e5d53e1ea677
28,1,,1.0,0.9993524038595201,level1,0.23500576587485789,data/raw/wave1_selection.json,b1272041db1364831db88d72b114cca8f67e70416c3ea4326f99e5d53e1ea677
1942,0,dof_grade_not_a,1.0,0.9987255167610041,level1,0.8749810246007586,data/raw/wave1_selection.json,b1272041db1364831db88d72b114cca8f67e70416c3ea4326f99e5d53e1ea677
1542,1,,2.0,0.9993942345885047,level1,0.07683182446336022,data/raw/wave1_selection.json,b1272041db1364831db88d72b114cca8f67e70416c3ea4326f99e5d53e1ea677
1801,1,,2.0,0.9994723880680098,level1,0.9735627896632804,data/raw/wave1_selection.json,b1272041db1364831db88d72b114cca8f67e70416c3ea4326f99e5d53e1ea677
209,0,policy_rejected,2.0,0.9995042575067286,level1,0.5865103089798644,data/raw/wave1_selection.json,b1272041db1364831db88d72b114cca8f67e70416c3ea4326f99e5d53e1ea677
1273,1,,1.0,0.9990305461756943,level1,2.7527885089070465,data/raw/wave1_selection.json,b1272041db1364831db88d72b114cca8f67e70416c3ea4326f99e5d53e1ea677
1599,1,,2.0,0.999753612020466,level1,0.05838118583237911,data/raw/wave1_selection.json,b1272041db1364831db88d72b114cca8f67e70416c3ea4326f99e5d53e1ea677
477,1,,1.0,0.9995430556614339,level1,3.4705026719832444,data/raw/wave1_selection.json,b1272041db1364831db88d72b114cca8f67e70416c3ea4326f99e5d53e1ea677
1741,1,,2.0,0.9994987883491201,level1,0.09270871654582649,data/raw/wave1_selection.json,b1272041db1364831db88d72b114cca8f67e70416c3ea4326f99e5d53e1ea677
789,1,,3.0,0.9995039699387979,level1,0.3752070241124227,data/raw/wave1_selection.json,b1272041db1364831db88d72b114cca8f67e70416c3ea4326f99e5d53e1ea677
817,1,,2.0,0.9995090424575017,level1,2.5961134111571864,data/raw/wave1_selection.json,b1272041db1364831db88d72b114cca8f67e70416c3ea4326f99e5d53e1ea677
1456,1,,1.0,0.9994894037423117,level1,0.020353003192937633,data/raw/wave1_selection.json,b1272041db1364831db88d72b114cca8f67e70416c3ea4326f99e5d53e1ea677
1853,0,policy_rejected,1.0,0.999488587500149,level1,0.2810818663927884,data/raw/wave1_selection.json,b1272041db1364831db88d72b114cca8f67e70416c3ea4326f99e5d53e1ea677
527,0,policy_rejected,2.0,0.9996385160407533,level1,0.26136848744842267,data/raw/wave1_selection.json,b1272041db1364831db88d72b114cca8f67e70416c3ea4326f99e5d53e1ea677
314,0,policy_rejected,1.0,0.998860274310219,level1,0.15074589012836073,data/raw/wave1_selection.json,b1272041db1364831db88d72b114cca8f67e70416c3ea4326f99e5d53e1ea677
1978,1,,2.0,0.9995377640894186,level1,0.12796037664079082,data/raw/wave1_selection.json,b1272041db1364831db88d72b114cca8f67e70416c3ea4326f99e5d53e1ea677
419,1,,1.0,0.9998044103559561,level1,0.055773051711344224,data/raw/wave1_selection.json,b1272041db1364831db88d72b114cca8f67e70416c3ea4326f99e5d53e1ea677
1324,0,dof_grade_not_a,1.0,0.9983302543489171,level1,0.7935634618981795,data/raw/wave1_selection.json,b1272041db1364831db88d72b114cca8f67e70416c3ea4326f99e5d53e1ea677
1934,1,,1.0,0.9998389343418974,level1,0.6674355504188194,data/raw/wave1_selection.json,b1272041db1364831db88d72b114cca8f67e70416c3ea4326f99e5d53e1ea677
223,0,policy_rejected,2.0,0.9997077325615864,level1,0.1030021712332571,data/raw/wave1_selection.json,b1272041db1364831db88d72b114cca8f67e70416c3ea4326f99e5d53e1ea677
312,1,,1.0,0.9994457281794187,level1,0.029585060510377195,data/raw/wave1_selection.json,b1272041db1364831db88d72b114cca8f67e70416c3ea4326f99e5d53e1ea677
1370,0,policy_rejected,2.0,0.9998868310661222,level1,0.0007343487316390636,data/raw/wave1_selection.json,b1272041db1364831db88d72b114cca8f67e70416c3ea4326f99e5d53e1ea677
1193,0,dof_grade_not_a,1.0,0.9978231157617646,level1,3.402424422252512,data/raw/wave1_selection.json,b1272041db1364831db88d72b114cca8f67e70416c3ea4326f99e5d53e1ea677
1125,0,dof_grade_not_a,1.0,0.9985563285828968,level1,0.5462271681257609,data/raw/wave1_selection.json,b1272041db1364831db88d72b114cca8f67e70416c3ea4326f99e5d53e1ea677
1038,1,,2.0,0.9996616881365732,level1,0.001219704375605434,data/raw/wave1_selection.json,b1272041db1364831db88d72b114cca8f67e70416c3ea4326f99e5d53e1ea677
140,0,policy_rejected,1.0,0.999106111870375,level1,0.521864066453399,data/raw/wave1_selection.json,b1272041db1364831db88d72b114cca8f67e70416c3ea4326f99e5d53e1ea677
68,1,,2.0,0.9992236918414733,level1,0.37242198593079934,data/raw/wave1_selection.json,b1272041db1364831db88d72b114cca8f67e70416c3ea4326f99e5d53e1ea677
1291,0,policy_rejected,1.0,0.9988324420191489,level1,0.19765068924698614,data/raw/wave1_selection.json,b1272041db1364831db88d72b114cca8f67e70416c3ea4326f99e5d53e1ea677
1744,0,policy_rejected,2.0,0.999732633291375,level1,3.5670958165720537,data/raw/wave1_selection.json,b1272041db1364831db88d72b114cca8f67e70416c3ea4326f99e5d53e1ea677
167,0,dof_grade_not_a;policy_rejected,1.0,0.001596646903266509,none,1.3298983560033841,data/raw/wave1_selection.json,b1272041db1364831db88d72b114cca8f67e70416c3ea4326f99e5d53e1ea677
1204,1,,1.0,0.9999306925384915,level1,2.679763042023712,data/raw/wave1_selection.json,b1272041db1364831db88d72b114cca8f67e70416c3ea4326f99e5d53e1ea677
1926,0,policy_rejected,1.0,0.9990347987109295,level1,3.4666665571111186,data/raw/wave1_selection.json,b1272041db1364831db88d72b114cca8f67e70416c3ea4326f99e5d53e1ea677
108,1,,2.0,0.999523507533254,level1,0.9178057349364241,data/raw/wave1_selection.json,b1272041db1364831db88d72b114cca8f67e70416c3ea4326f99e5d53e1ea677
416,0,dof_grade_not_a,2.0,0.9993141331669683,level1,0.022602037369917314,data/raw/wave1_selection.json,b1272041db1364831db88d72b114cca8f67e70416c3ea4326f99e5d53e1ea677
737,0,policy_rejected,2.0,0.9993560895203489,level1,3.7724221288757787,data/raw/wave1_selection.json,b1272041db1364831db88d72b114cca8f67e70416c3ea4326f99e5d53e1ea677
1572,0,dof_missing;missing_match;unknown_particle,,,,,data/raw/wave1_selection.json,b1272041db1364831db88d72b114cca8f67e70416c3ea4326f99e5d53e1ea677
1114,0,dof_grade_not_a;policy_rejected,1.0,0.9983354489939528,level1,0.1887451423751644,data/raw/wave1_selection.json,b1272041db1364831db88d72b114cca8f67e70416c3ea4326f99e5d53e1ea677
1564,1,,2.0,0.9997913295581263,level1,0.3436939993153069,data/raw/wave1_selection.json,b1272041db1364831db88d72b114cca8f67e70416c3ea4326f99e5d53e1ea677
849,0,dof_grade_not_a,3.0,0.9998557979524645,level1,0.12966466200558813,data/raw/wave1_selection.json,b1272041db1364831db88d72b114cca8f67e70416c3ea4326f99e5d53e1ea677
26,1,,1.0,0.9991320076225201,level1,3.0861967254601077,data/raw/wave1_selection.json,b1272041db1364831db88d72b114cca8f67e70416c3ea4326f99e5d53e1ea677
1876,1,,3.0,0.9996646069061682,level1,0.3979191786308746,data/raw/wave1_selection.json,b1272041db1364831db88d72b114cca8f67e70416c3ea4326f99e5d53e1ea677
738,1,,2.0,0.9991091830638207,level1,0.11788450204231093,data/raw/wave1_selection.json,b1272041db1364831db88d72b114cca8f67e70416c3ea4326f99e5d53e1ea677
535,1,,2.0,0.9996915114599638,level1,0.3046749405108373,data/raw/wave1_selection.json,b1272041db1364831db88d72b114cca8f67e70416c3ea4326f99e5d53e1ea677
1250,1,,2.0,0.9990494618005745,level1,0.5451722138522225,data/raw/wave1_selection.json,b1272041db1364831db88d72b114cca8f67e70416c3ea4326f99e5d53e1ea677
960,0,policy_rejected,1.0,0.9997148624713238,level1,0.08095839347604278,data/raw/wave1_selection.json,b1272041db1364831db88d72b114cca8f67e70416c3ea4326f99e5d53e1ea677
1093,0,policy_rejected,1.0,0.9994573566866161,level1,1.451684826283152,data/raw/wave1_selection.json,b1272041db1364831db88d72b114cca8f67e70416c3ea4326f99e5d53e1ea677
1102,1,,2.0,0.9991166683496482,level1,0.07500935249981258,data/raw/wave1_selection.json,b1272041db1364831db88d72b114cca8f67e70416c3ea4326f99e5d53e1ea677
1436,0,policy_rejected,1.0,0.9999296173642233,level1,0.4002658881982275,data/raw/wave1_selection.json,b1272041db1364831db88d72b114cca8f67e70416c3ea4326f99e5d53e1ea677
543,0,dof_grade_not_a;policy_rejected,1.0,0.9964327744284966,level1,3.053351793332415,data/raw/wave1_selection.json,b1272041db1364831db88d72b114cca8f67e70416c3ea4326f99e5d53e1ea677
141,0,dof_grade_not_a,1.0,0.9957715237993819,level1,1.448557596072126,data/raw/wave1_selection.json,b1272041db1364831db88d72b114cca8f67e70416c3ea4326f99e5d53e1ea677
700,0,dof_grade_not_a,1.0,6.482052677472008e-05,none,0.9746341379471846,data/raw/wave1_selection.json,b1272041db1364831db88d72b114cca8f67e70416c3ea4326f99e5d53e1ea677
740,1,,1.0,0.9997084405975006,level1,0.5391336420288805,data/raw/wave1_selection.json,b1272041db1364831db88d72b114cca8f67e70416c3ea4326f99e5d53e1ea677
591,0,policy_rejected,1.0,0.9994134493853492,level1,0.19789742188068504,data/raw/wave1_selection.json,b1272041db1364831db88d72b114cca8f67e70416c3ea4326f99e5d53e1ea677
1508,1,,2.0,0.9996481350229758,level1,0.003157360136854033,data/raw/wave1_selection.json,b1272041db1364831db88d72b114cca8f67e70416c3ea4326f99e5d53e1ea677
609,0,policy_rejected,2.0,0.9998523828684953,level1,0.19603019234924746,data/raw/wave1_selection.json,b1272041db1364831db88d72b114cca8f67e70416c3ea4326f99e5d53e1ea677
865,1,,1.0,0.9997941934946147,level1,3.030743107975231,data/raw/wave1_selection.json,b1272041db1364831db88d72b114cca8f67e70416c3ea4326f99e5d53e1ea677
1793,1,,3.0,0.9999067847254268,level1,0.22347500994208322,data/raw/wave1_selection.json,b1272041db1364831db88d72b114cca8f67e70416c3ea4326f99e5d53e1ea677
991,1,,1.0,0.9995849624414551,level1,0.0187889459342507,data/raw/wave1_selection.json,b1272041db1364831db88d72b114cca8f67e70416c3ea4326f99e5d53e1ea677
1852,0,dof_grade_not_a;policy_rejected,2.0,0.9986365552390233,level1,1.2578159249218426,data/raw/wave1_selection.json,b1272041db1364831db88d72b114cca8f67e70416c3ea4326f99e5d53e1ea677
1984,0,policy_rejected,1.0,0.9998121576733241,level1,0.7836921530373602,data/raw/wave1_selection.json,b1272041db1364831db88d72b114cca8f67e70416c3ea4326f99e5d53e1ea677
691,1,,2.0,0.9996524380398952,level1,0.11973913940521655,data/raw/wave1_selection.json,b1272041db1364831db88d72b114cca8f67e70416c3ea4326f99e5d53e1ea677
720,0,policy_rejected,1.0,0.9997320841406268,level1,0.08656320448957956,data/raw/wave1_selection.json,b1272041db1364831db88d72b114cca8f67e70416c3ea4326f99e5d53e1ea677
542,0,dof_grade_not_a,1.0,0.9976778491984225,level1,2.8445651152717533,data/raw/wave1_selection.json,b1272041db1364831db88d72b114cca8f67e70416c3ea4326f99e5d53e1ea677
1546,0,dof_grade_not_a;policy_rejected,1.0,1.50082651932097e-05,none,0.5172369804254339,data/raw/wave1_selection.json,b1272041db1364831db88d72b114cca8f67e70416c3ea4326f99e5d53e1ea677
357,0,policy_rejected,2.0,0.9990767799024841,level1,0.7888220024471118,data/raw/wave1_selection.json,b1272041db1364831db88d72b114cca8f67e70416c3ea4326f99e5d53e1ea677
731,0,policy_rejected,1.0,0.9994949457506025,level1,0.07837300754067385,data/raw/wave1_selection.json,b1272041db1364831db88d72b114cca8f67e70416c3ea4326f99e5d53e1ea677
546,1,,1.0,0.9998368878218681,level1,0.5399866900033325,data/raw/wave1_selection.json,b1272041db1364831db88d72b114cca8f67e70416c3ea4326f99e5d53e1ea677
650,1,,2.0,0.9999050329596884,level1,0.6258610995468201,data/raw/wave1_selection.json,b1272041db1364831db88d72b114cca8f67e70416c3ea4326f99e5d53e1ea677
1100,0,dof_grade_not_a;policy_rejected,2.0,0.9992855065649248,level1,0.08999269875018487,data/raw/wave1_selection.json,b1272041db1364831db88d72b114cca8f67e70416c3ea4326f99e5d53e1ea677
667,1,,2.0,0.9993659068229201,level1,0.015319901893599198,data/raw/wave1_selection.json,b1272041db1364831db88d72b114cca8f67e70416c3ea4326f99e5d53e1ea677
491,1,,1.0,0.9999100209879307,level1,0.02630920409227232,data/raw/wave1_selection.json,b1272041db1364831db88d72b114cca8f67e70416c3ea4326f99e5d53e1ea677
1636,0,policy_rejected,1.0,0.9996322081541532,level1,0.10728336668477637,data/raw/wave1_selection.json,b1272041db1364831db88d72b114cca8f67e70416c3ea4326f99e5d53e1ea677
773,1,,2.0,0.9992990175200175,level1,0.26181505028820595,data/raw/wave1_selection.json,b1272041db1364831db88d72b114cca8f67e70416c3ea4326f99e5d53e1ea677
1121,1,,2.0,0.9997265443247603,level1,0.8903674009816255,data/raw/wave1_selection.json,b1272041db1364831db88d72b114cca8f67e70416c3ea4326f99e5d53e1ea677
233,1,,2.0,0.9995899559264786,level1,0.12801290543973887,data/raw/wave1_selection.json,b1272041db1364831db88d72b114cca8f67e70416c3ea4326f99e5d53e1ea677
1424,1,,1.0,0.999826331311655,level1,3.2577917650736015,data/raw/wave1_selection.json,b1272041db1364831db88d72b114cca8f67e70416c3ea4326f99e5d53e1ea677
1619,1,,1.0,0.9988950845068482,level1,0.47509926320073526,data/raw/wave1_selection.json,b1272041db1364831db88d72b114cca8f67e70416c3ea4326f99e5d53e1ea677
655,0,policy_rejected,1.0,0.9994698492882258,level1,0.20653462335643616,data/raw/wave1_selection.json,b1272041db1364831db88d72b114cca8f67e70416c3ea4326f99e5d53e1ea677
1472,1,,1.0,0.9997413423612133,level1,1.2331812202272903,data/raw/wave1_selection.json,b1272041db1364831db88d72b114cca8f67e70416c3ea4326f99e5d53e1ea677
651,0,dof_grade_not_a,1.0,0.0008323920538173614,none,0.5624615065846148,data/raw/wave1_selection.json,b1272041db1364831db88d72b114cca8f67e70416c3ea4326f99e5d53e1ea677
91,1,,1.0,0.9998761960374116,level1,0.10350055591248872,data/raw/wave1_selection.json,b1272041db1364831db88d72b114cca8f67e70416c3ea4326f99e5d53e1ea677
436,1,,1.0,0.9996944032357873,level1,1.2801190795732749,data/raw/wave1_selection.json,b1272041db1364831db88d72b114cca8f67e70416c3ea4326f99e5d53e1ea677
745,1,,2.0,0.9996367369892609,level1,0.2890164830491923,data/raw/wave1_selection.json,b1272041db1364831db88d72b114cca8f67e70416c3ea4326f99e5d53e1ea677
961,1,,1.0,0.9997204686179184,level1,0.9950367068321129,data/raw/wave1_selection.json,b1272041db1364831db88d72b114cca8f67e70416c3ea4326f99e5d53e1ea677
918,1,,1.0,0.999232068835493,level1,0.1642534095248868,data/raw/wave1_selection.json,b1272041db1364831db88d72b114cca8f67e70416c3ea4326f99e5d53e1ea677
512,0,dof_grade_not_a,1.0,0.9986788060399134,level1,0.2423775469207547,data/raw/wave1_selection.json,b1272041db1364831db88d72b114cca8f67e70416c3ea4326f99e5d53e1ea677
378,1,,3.0,0.9993943466823902,level1,0.0489259683512323,data/raw/wave1_selection.json,b1272041db1364831db88d72b114cca8f67e70416c3ea4326f99e5d53e1ea677
1027,1,,2.0,0.9993280688884827,level1,0.8885322500407725,data/raw/wave1_selection.json,b1272041db1364831db88d72b114cca8f67e70416c3ea4326f99e5d53e1ea677
41,0,policy_rejected,2.0,0.9995643408071585,level1,0.7567852625321473,data/raw/wave1_selection.json,b1272041db1364831db88d72b114cca8f67e70416c3ea4326f99e5d53e1ea677
676,0,policy_rejected,1.0,0.9989676352954469,level1,0.07703530809882224,data/raw/wave1_selection.json,b1272041db1364831db88d72b114cca8f67e70416c3ea4326f99e5d53e1ea677
1773,0,policy_rejected,1.0,0.9998303165243315,level1,0.8294013348059847,data/raw/wave1_selection.json,b1272041db1364831db88d72b114cca8f67e70416c3ea4326f99e5d53e1ea677
880,1,,3.0,0.9998510241737412,level1,0.3077072490243912,data/raw/wave1_selection.json,b1272041db1364831db88d72b114cca8f67e70416c3ea4326f99e5d53e1ea677
768,1,,1.0,0.9992026406395037,level1,0.12127901621802255,data/raw/wave1_selection.json,b1272041db1364831db88d72b114cca8f67e70416c3ea4326f99e5d53e1ea677
428,0,dof_grade_not_a;policy_rejected,1.0,0.9977653338712901,level1,0.1625596876496027,data/raw/wave1_selection.json,b1272041db1364831db88d72b114cca8f67e70416c3ea4326f99e5d53e1ea677
1191,1,,1.0,0.9992274652525893,level1,1.7369145951542828,data/raw/wave1_selection.json,b1272041db1364831db88d72b114cca8f67e70416c3ea4326f99e5d53e1ea677
190,1,,1.0,0.99901841573341,level1,0.5622558438872137,data/raw/wave1_selection.json,b1272041db1364831db88d72b114cca8f67e70416c3ea4326f99e5d53e1ea677
219,0,policy_rejected,2.0,0.9999258572545564,level1,0.011666666277780208,data/raw/wave1_selection.json,b1272041db1364831db88d72b114cca8f67e70416c3ea4326f99e5d53e1ea677
951,1,,1.0,0.9997920158330071,level1,0.06682712551922229,data/raw/wave1_selection.json,b1272041db1364831db88d72b114cca8f67e70416c3ea4326f99e5d53e1ea677
1590,1,,2.0,0.9996043656541023,level1,1.2590582440472475,data/raw/wave1_selection.json,b1272041db1364831db88d72b114cca8f67e70416c3ea4326f99e5d53e1ea677
1221,0,dof_grade_not_a;policy_rejected,1.0,0.00014237459205496394,none,1.2558980394410213,data/raw/wave1_selection.json,b1272041db1364831db88d72b114cca8f67e70416c3ea4326f99e5d53e1ea677
1714,1,,1.0,0.9993634979421002,level1,0.6483757880649591,data/raw/wave1_selection.json,b1272041db1364831db88d72b114cca8f67e70416c3ea4326f99e5d53e1ea677
662,1,,1.0,0.9997693082317839,level1,0.3211431409618983,data/raw/wave1_selection.json,b1272041db1364831db88d72b114cca8f67e70416c3ea4326f99e5d53e1ea677
1567,1,,2.0,0.9991154031222655,level1,0.8034652479009947,data/raw/wave1_selection.json,b1272041db1364831db88d72b114cca8f67e70416c3ea4326f99e5d53e1ea677
1049,1,,1.0,0.9996711907275171,level1,0.6101966229934472,data/raw/wave1_selection.json,b1272041db1364831db88d72b114cca8f67e70416c3ea4326f99e5d53e1ea677
1716,0,dof_grade_not_a;policy_rejected,1.0,0.00018087666548461702,none,0.2686068566759544,data/raw/wave1_selection.json,b1272041db1364831db88d72b114cca8f67e70416c3ea4326f99e5d53e1ea677
1415,0,dof_grade_not_a,1.0,0.9985004509687591,level1,2.6810502109474807,data/raw/wave1_selection.json,b1272041db1364831db88d72b114cca8f67e70416c3ea4326f99e5d53e1ea677
462,0,dof_grade_not_a,1.0,4.364804720374542e-09,none,1.2887094415645244,data/raw/wave1_selection.json,b1272041db1364831db88d72b114cca8f67e70416c3ea4326f99e5d53e1ea677
1390,0,dof_grade_not_a,2.0,0.999686549172994,level1,0.07686124405231284,data/raw/wave1_selection.json,b1272041db1364831db88d72b114cca8f67e70416c3ea4326f99e5d53e1ea677
642,1,,2.0,0.9995340826765661,level1,0.5435046413284355,data/raw/wave1_selection.json,b1272041db1364831db88d72b114cca8f67e70416c3ea4326f99e5d53e1ea677
1656,1,,2.0,0.9995861920947196,level1,0.5255766884120852,data/raw/wave1_selection.json,b1272041db1364831db88d72b114cca8f67e70416c3ea4326f99e5d53e1ea677
1286,0,dof_grade_not_a;policy_rejected,2.0,0.9997541121362983,level1,0.026180027794003018,data/raw/wave1_selection.json,b1272041db1364831db88d72b114cca8f67e70416c3ea4326f99e5d53e1ea677
787,1,,1.0,0.9994505694467581,level1,1.0813870499306342,data/raw/wave1_selection.json,b1272041db1364831db88d72b114cca8f67e70416c3ea4326f99e5d53e1ea677
463,1,,2.0,0.9998052590204668,level1,0.871567617198321,data/raw/wave1_selection.json,b1272041db1364831db88d72b114cca8f67e70416c3ea4326f99e5d53e1ea677
1905,0,dof_grade_not_a,2.0,0.9987232791857716,level1,0.21949682924307196,data/raw/wave1_selection.json,b1272041db1364831db88d72b114cca8f67e70416c3ea4326f99e5d53e1ea677
484,0,dof_grade_not_a;policy_rejected,1.0,0.0016379365619040738,none,0.1466326298891168,data/raw/wave1_selection.json,b1272041db1364831db88d72b114cca8f67e70416c3ea4326f99e5d53e1ea677
964,0,policy_rejected,1.0,0.9996048172795354,level1,0.5363708348241943,data/raw/wave1_selection.json,b1272041db1364831db88d72b114cca8f67e70416c3ea4326f99e5d53e1ea677
1842,1,,2.0,0.9988986887217564,level1,0.5267986666628927,data/raw/wave1_selection.json,b1272041db1364831db88d72b114cca8f67e70416c3ea4326f99e5d53e1ea677
1134,1,,2.0,0.9996205710588537,level1,0.03845496143090377,data/raw/wave1_selection.json,b1272041db1364831db88d72b114cca8f67e70416c3ea4326f99e5d53e1ea677
1099,1,,2.0,0.9995476764355327,level1,0.6153234675621801,data/raw/wave1_selection.json,b1272041db1364831db88d72b114cca8f67e70416c3ea4326f99e5d53e1ea677
1501,1,,2.0,0.9995569864468817,level1,1.1228168856337961,data/raw/wave1_selection.json,b1272041db1364831db88d72b114cca8f67e70416c3ea4326f99e5d53e1ea677
261,0,dof_grade_not_a;policy_rejected,1.0,0.00010574735369003557,none,0.2574295930482582,data/raw/wave1_selection.json,b1272041db1364831db88d72b114cca8f67e70416c3ea4326f99e5d53e1ea677
216,0,policy_rejected,1.0,0.9993959885539234,level1,1.4339335128606645,data/raw/wave1_selection.json,b1272041db1364831db88d72b114cca8f67e70416c3ea4326f99e5d53e1ea677
493,1,,2.0,0.9999081587144565,level1,0.6606621136953624,data/raw/wave1_selection.json,b1272041db1364831db88d72b114cca8f67e70416c3ea4326f99e5d53e1ea677
36,1,,1.0,0.9998112408732182,level1,0.3080981060633924,data/raw/wave1_selection.json,b1272041db1364831db88d72b114cca8f67e70416c3ea4326f99e5d53e1ea677
1140,0,policy_rejected,1.0,0.9998158097955049,level1,0.308630608475797,data/raw/wave1_selection.json,b1272041db1364831db88d72b114cca8f67e70416c3ea4326f99e5d53e1ea677
757,1,,1.0,0.9995335337688154,level1,3.8961849991907624,data/raw/wave1_selection.json,b1272041db1364831db88d72b114cca8f67e70416c3ea4326f99e5d53e1ea677
13,0,policy_rejected,1.0,0.9991497797960375,level1,0.18342331416576668,data/raw/wave1_selection.json,b1272041db1364831db88d72b114cca8f67e70416c3ea4326f99e5d53e1ea677
143,0,dof_grade_not_a,2.0,0.9993627646544174,level1,0.08551818211204514,data/raw/wave1_selection.json,b1272041db1364831db88d72b114cca8f67e70416c3ea4326f99e5d53e1ea677
965,0,policy_rejected,1.0,0.9997024930593944,level1,0.17621896712603188,data/raw/wave1_selection.json,b1272041db1364831db88d72b114cca8f67e70416c3ea4326f99e5d53e1ea677
1422,1,,1.0,0.999012077328207,level1,0.6720152950852751,data/raw/wave1_selection.json,b1272041db1364831db88d72b114cca8f67e70416c3ea4326f99e5d53e1ea677
373,1,,1.0,0.9989028436680661,level1,1.4454096877295204,data/raw/wave1_selection.json,b1272041db1364831db88d72b114cca8f67e70416c3ea4326f99e5d53e1ea677
633,1,,2.0,0.9999231266031264,level1,0.02499508785728803,data/raw/wave1_selection.json,b1272041db1364831db88d72b114cca8f67e70416c3ea4326f99e5d53e1ea677
447,0,dof_grade_not_a,2.0,0.9995328753523752,level1,0.5080702257694135,data/raw/wave1_selection.json,b1272041db1364831db88d72b114cca8f67e70416c3ea4326f99e5d53e1ea677
505,1,,1.0,0.9994792419400994,level1,1.1634345685521799,data/raw/wave1_selection.json,b1272041db1364831db88d72b114cca8f67e70416c3ea4326f99e5d53e1ea677
1493,1,,2.0,0.9992770479257617,level1,0.27974633000724053,data/raw/wave1_selection.json,b1272041db1364831db88d72b114cca8f67e70416c3ea4326f99e5d53e1ea677
826,1,,2.0,0.9994001988832867,level1,2.4507015614649337,data/raw/wave1_selection.json,b1272041db1364831db88d72b114cca8f67e70416c3ea4326f99e5d53e1ea677
637,1,,2.0,0.9991178605815103,level1,0.3722170423891387,data/raw/wave1_selection.json,b1272041db1364831db88d72b114cca8f67e70416c3ea4326f99e5d53e1ea677
1901,1,,2.0,0.9998875780737748,level1,0.09907701854615399,data/raw/wave1_selection.json,b1272041db1364831db88d72b114cca8f67e70416c3ea4326f99e5d53e1ea677
519,0,dof_grade_not_a;policy_rejected,1.0,0.9986903472388345,level1,1.675286924247131,data/raw/wave1_selection.json,b1272041db1364831db88d72b114cca8f67e70416c3ea4326f99e5d53e1ea677
288,0,dof_grade_not_a;policy_rejected,1.0,0.00012617245756444816,none,0.018477134743485533,data/raw/wave1_selection.json,b1272041db1364831db88d72b114cca8f67e70416c3ea4326f99e5d53e1ea677
940,0,dof_grade_not_a;policy_rejected,2.0,0.999562004885948,level1,0.5515216889492757,data/raw/wave1_selection.json,b1272041db1364831db88d72b114cca8f67e70416c3ea4326f99e5d53e1ea677
1699,0,policy_rejected,1.0,0.9994190429144696,level1,0.20331627601898758,data/raw/wave1_selection.json,b1272041db1364831db88d72b114cca8f67e70416c3ea4326f99e5d53e1ea677
1923,0,policy_rejected,1.0,0.9997853355123878,level1,0.10107204947319956,data/raw/wave1_selection.json,b1272041db1364831db88d72b114cca8f67e70416c3ea4326f99e5d53e1ea677
395,1,,2.0,0.9998956989096782,level1,1.372888996355566,data/raw/wave1_selection.json,b1272041db1364831db88d72b114cca8f67e70416c3ea4326f99e5d53e1ea677
1822,0,dof_grade_not_a,2.0,0.9983176747330386,level1,2.234121347293926,data/raw/wave1_selection.json,b1272041db1364831db88d72b114cca8f67e70416c3ea4326f99e5d53e1ea677
945,0,dof_grade_not_a,2.0,0.9993516978532667,level1,0.34911890038313736,data/raw/wave1_selection.json,b1272041db1364831db88d72b114cca8f67e70416c3ea4326f99e5d53e1ea677
1455,0,dof_grade_not_a,2.0,0.9997321248326201,level1,0.1382399290352008,data/raw/wave1_selection.json,b1272041db1364831db88d72b114cca8f67e70416c3ea4326f99e5d53e1ea677
1106,0,policy_rejected,1.0,0.9996498988602645,level1,3.436097788463405,data/raw/wave1_selection.json,b1272041db1364831db88d72b114cca8f67e70416c3ea4326f99e5d53e1ea677
1270,1,,2.0,0.9989626271957512,level1,3.452033657796661,data/raw/wave1_selection.json,b1272041db1364831db88d72b114cca8f67e70416c3ea4326f99e5d53e1ea677
467,1,,2.0,0.9997798684439642,level1,0.06069999855142471,data/raw/wave1_selection.json,b1272041db1364831db88d72b114cca8f67e70416c3ea4326f99e5d53e1ea677
1788,1,,2.0,0.9990782008768814,level1,0.7988104780339775,data/raw/wave1_selection.json,b1272041db1364831db88d72b114cca8f67e70416c3ea4326f99e5d53e1ea677
1006,1,,3.0,0.9996659994189446,level1,0.09705154225896666,data/raw/wave1_selection.json,b1272041db1364831db88d72b114cca8f67e70416c3ea4326f99e5d53e1ea677
340,0,policy_rejected,1.0,0.9996464381612481,level1,3.4057200247427986,data/raw/wave1_selection.json,b1272041db1364831db88d72b114cca8f67e70416c3ea4326f99e5d53e1ea677
1796,0,policy_rejected,2.0,0.999514599602917,level1,0.26093057239069223,data/raw/wave1_selection.json,b1272041db1364831db88d72b114cca8f67e70416c3ea4326f99e5d53e1ea677
1495,0,dof_grade_not_a,1.0,0.00012277058473233638,none,0.9530585404840349,data/raw/wave1_selection.json,b1272041db1364831db88d72b114cca8f67e70416c3ea4326f99e5d53e1ea677
1521,0,policy_rejected,1.0,0.9994399180642844,level1,1.2934147276167194,data/raw/wave1_selection.json,b1272041db1364831db88d72b114cca8f67e70416c3ea4326f99e5d53e1ea677
177,1,,1.0,0.999611992433221,level1,0.14083264454763872,data/raw/wave1_selection.json,b1272041db1364831db88d72b114cca8f67e70416c3ea4326f99e5d53e1ea677
1012,0,policy_rejected,1.0,0.999254592671742,level1,0.30106300463123215,data/raw/wave1_selection.json,b1272041db1364831db88d72b114cca8f67e70416c3ea4326f99e5d53e1ea677
63,0,policy_rejected,1.0,0.9994213674609641,level1,0.43854292214571844,data/raw/wave1_selection.json,b1272041db1364831db88d72b114cca8f67e70416c3ea4326f99e5d53e1ea677
1159,1,,1.0,0.9994944509317211,level1,3.120262231324594,data/raw/wave1_selection.json,b1272041db1364831db88d72b114cca8f67e70416c3ea4326f99e5d53e1ea677
1048,1,,1.0,0.9994029433329552,level1,0.8402779564860964,data/raw/wave1_selection.json,b1272041db1364831db88d72b114cca8f67e70416c3ea4326f99e5d53e1ea677
1882,0,policy_rejected,1.0,0.9998803333217453,level1,0.13750886074970323,data/raw/wave1_selection.json,b1272041db1364831db88d72b114cca8f67e70416c3ea4326f99e5d53e1ea677
1810,1,,2.0,0.9992145738653084,level1,0.6009806029019678,data/raw/wave1_selection.json,b1272041db1364831db88d72b114cca8f67e70416c3ea4326f99e5d53e1ea677
1487,1,,1.0,0.9996162405003158,level1,0.2272289765523382,data/raw/wave1_selection.json,b1272041db1364831db88d72b114cca8f67e70416c3ea4326f99e5d53e1ea677
1738,0,dof_grade_not_a,1.0,8.291821066836976e-07,none,1.0090355024987507,data/raw/wave1_selection.json,b1272041db1364831db88d72b114cca8f67e70416c3ea4326f99e5d53e1ea677
1336,1,,1.0,0.999846988831805,level1,0.47390883160259606,data/raw/wave1_selection.json,b1272041db1364831db88d72b114cca8f67e70416c3ea4326f99e5d53e1ea677
1630,0,dof_missing;missing_match;unknown_particle,,,,,data/raw/wave1_selection.json,b1272041db1364831db88d72b114cca8f67e70416c3ea4326f99e5d53e1ea677
553,0,policy_rejected,1.0,0.9998505072109829,level1,0.6561126709388736,data/raw/wave1_selection.json,b1272041db1364831db88d72b114cca8f67e70416c3ea4326f99e5d53e1ea677
517,1,,2.0,0.9995098630068388,level1,0.7883291334763014,data/raw/wave1_selection.json,b1272041db1364831db88d72b114cca8f67e70416c3ea4326f99e5d53e1ea677
399,0,dof_grade_not_a;policy_rejected,1.0,0.9983249618245924,level1,1.2002486806501103,data/raw/wave1_selection.json,b1272041db1364831db88d72b114cca8f67e70416c3ea4326f99e5d53e1ea677
146,0,dof_grade_not_a;policy_rejected,2.0,0.9984499956409832,level1,0.36624520358366297,data/raw/wave1_selection.json,b1272041db1364831db88d72b114cca8f67e70416c3ea4326f99e5d53e1ea677
793,1,,2.0,0.9995184876025819,level1,0.05968732550781887,data/raw/wave1_selection.json,b1272041db1364831db88d72b114cca8f67e70416c3ea4326f99e5d53e1ea677
1902,1,,1.0,0.9997339441800426,level1,0.260794843973503,data/raw/wave1_selection.json,b1272041db1364831db88d72b114cca8f67e70416c3ea4326f99e5d53e1ea677
53,1,,1.0,0.9998418455750948,level1,1.8912507509374545,data/raw/wave1_selection.json,b1272041db1364831db88d72b114cca8f67e70416c3ea4326f99e5d53e1ea677
1127,0,policy_rejected,1.0,0.9988930727593703,level1,0.3213779466207297,data/raw/wave1_selection.json,b1272041db1364831db88d72b114cca8f67e70416c3ea4326f99e5d53e1ea677
1528,0,dof_grade_not_a;policy_rejected,2.0,0.9997351053883244,level1,1.229061088729273,data/raw/wave1_selection.json,b1272041db1364831db88d72b114cca8f67e70416c3ea4326f99e5d53e1ea677
1692,0,dof_grade_not_a,1.0,0.0004257836073705369,none,0.1332134483357315,data/raw/wave1_selection.json,b1272041db1364831db88d72b114cca8f67e70416c3ea4326f99e5d53e1ea677
526,1,,2.0,0.9993020461860549,level1,0.5116642150953055,data/raw/wave1_selection.json,b1272041db1364831db88d72b114cca8f67e70416c3ea4326f99e5d53e1ea677
207,1,,2.0,0.9994661803927231,level1,0.31431369528432906,data/raw/wave1_selection.json,b1272041db1364831db88d72b114cca8f67e70416c3ea4326f99e5d53e1ea677
1996,0,dof_grade_not_a,2.0,0.9998880072428488,level1,0.1395712003672043,data/raw/wave1_selection.json,b1272041db1364831db88d72b114cca8f67e70416c3ea4326f99e5d53e1ea677
1620,1,,1.0,0.9993398728536117,level1,3.130884562455776,data/raw/wave1_selection.json,b1272041db1364831db88d72b114cca8f67e70416c3ea4326f99e5d53e1ea677
1754,1,,2.0,0.9993203161464634,level1,0.04949120501271624,data/raw/wave1_selection.json,b1272041db1364831db88d72b114cca8f67e70416c3ea4326f99e5d53e1ea677
606,0,policy_rejected,2.0,0.9994968478085138,level1,0.04895913203469953,data/raw/wave1_selection.json,b1272041db1364831db88d72b114cca8f67e70416c3ea4326f99e5d53e1ea677
928,0,dof_grade_not_a,1.0,0.997845195207169,level1,0.9908813179559192,data/raw/wave1_selection.json,b1272041db1364831db88d72b114cca8f67e70416c3ea4326f99e5d53e1ea677
485,1,,1.0,0.9991333862085369,level1,0.9735157858828108,data/raw/wave1_selection.json,b1272041db1364831db88d72b114cca8f67e70416c3ea4326f99e5d53e1ea677
415,1,,2.0,0.9992886423410601,level1,0.6064644606878733,data/raw/wave1_selection.json,b1272041db1364831db88d72b114cca8f67e70416c3ea4326f99e5d53e1ea677
593,1,,2.0,0.9994847668762661,level1,0.28158476281186245,data/raw/wave1_selection.json,b1272041db1364831db88d72b114cca8f67e70416c3ea4326f99e5d53e1ea677
970,1,,1.0,0.999255081256081,level1,0.6443879367805964,data/raw/wave1_selection.json,b1272041db1364831db88d72b114cca8f67e70416c3ea4326f99e5d53e1ea677
1372,0,dof_missing;missing_match;unknown_particle,,,,,data/raw/wave1_selection.json,b1272041db1364831db88d72b114cca8f67e70416c3ea4326f99e5d53e1ea677
1015,1,,2.0,0.9994006224526208,level1,0.14486633014667286,data/raw/wave1_selection.json,b1272041db1364831db88d72b114cca8f67e70416c3ea4326f99e5d53e1ea677
186,1,,2.0,0.9997402503725231,level1,0.4062280265412707,data/raw/wave1_selection.json,b1272041db1364831db88d72b114cca8f67e70416c3ea4326f99e5d53e1ea677
1449,1,,2.0,0.9995723325140677,level1,0.4875140560710169,data/raw/wave1_selection.json,b1272041db1364831db88d72b114cca8f67e70416c3ea4326f99e5d53e1ea677
947,0,policy_rejected,1.0,0.9996103902217541,level1,0.12043741273041733,data/raw/wave1_selection.json,b1272041db1364831db88d72b114cca8f67e70416c3ea4326f99e5d53e1ea677
1044,1,,2.0,0.9991738249827958,level1,0.051199664394374705,data/raw/wave1_selection.json,b1272041db1364831db88d72b114cca8f67e70416c3ea4326f99e5d53e1ea677
169,0,dof_grade_not_a,1.0,7.847750010097193e-06,none,0.5991198517915517,data/raw/wave1_selection.json,b1272041db1364831db88d72b114cca8f67e70416c3ea4326f99e5d53e1ea677
734,1,,1.0,0.9997699932023837,level1,1.0453025269259701,data/raw/wave1_selection.json,b1272041db1364831db88d72b114cca8f67e70416c3ea4326f99e5d53e1ea677
376,0,dof_grade_not_a;policy_rejected,2.0,0.9985989001624626,level1,1.4152239283477597,data/raw/wave1_selection.json,b1272041db1364831db88d72b114cca8f67e70416c3ea4326f99e5d53e1ea677
1342,1,,1.0,0.9993215129426875,level1,0.12745527421924882,data/raw/wave1_selection.json,b1272041db1364831db88d72b114cca8f67e70416c3ea4326f99e5d53e1ea677
1944,1,,2.0,0.999598344750899,level1,0.3307671169616648,data/raw/wave1_selection.json,b1272041db1364831db88d72b114cca8f67e70416c3ea4326f99e5d53e1ea677
1467,1,,1.0,0.9988453598793141,level1,0.19531116515629562,data/raw/wave1_selection.json,b1272041db1364831db88d72b114cca8f67e70416c3ea4326f99e5d53e1ea677
384,0,dof_grade_not_a,1.0,3.455546738006192e-13,none,0.8514152794292292,data/raw/wave1_selection.json,b1272041db1364831db88d72b114cca8f67e70416c3ea4326f99e5d53e1ea677
476,0,policy_rejected,2.0,0.9990476241697457,level1,0.03603684767926592,data/raw/wave1_selection.json,b1272041db1364831db88d72b114cca8f67e70416c3ea4326f99e5d53e1ea677
1573,0,policy_rejected,1.0,0.9989693932724435,level1,0.5076198760679983,data/raw/wave1_selection.json,b1272041db1364831db88d72b114cca8f67e70416c3ea4326f99e5d53e1ea677
1751,0,dof_grade_not_a,1.0,0.9987801231182133,level1,0.47907291203090463,data/raw/wave1_selection.json,b1272041db1364831db88d72b114cca8f67e70416c3ea4326f99e5d53e1ea677
1662,0,policy_rejected,2.0,0.9997076824725993,level1,0.62380925620636,data/raw/wave1_selection.json,b1272041db1364831db88d72b114cca8f67e70416c3ea4326f99e5d53e1ea677
18,1,,3.0,0.99907690624535,level1,0.12727453987875756,data/raw/wave1_selection.json,b1272041db1364831db88d72b114cca8f67e70416c3ea4326f99e5d53e1ea677
89,0,policy_rejected,1.0,0.9989536684267813,level1,0.44252361774763216,data/raw/wave1_selection.json,b1272041db1364831db88d72b114cca8f67e70416c3ea4326f99e5d53e1ea677
969,0,policy_rejected,1.0,0.9995039388323764,level1,0.11419656119345005,data/raw/wave1_selection.json,b1272041db1364831db88d72b114cca8f67e70416c3ea4326f99e5d53e1ea677
1116,1,,2.0,0.9997945291094723,level1,0.4457297600095206,data/raw/wave1_selection.json,b1272041db1364831db88d72b114cca8f67e70416c3ea4326f99e5d53e1ea677
1180,0,policy_rejected,1.0,0.9989958088119114,level1,0.1421694049276828,data/raw/wave1_selection.json,b1272041db1364831db88d72b114cca8f67e70416c3ea4326f99e5d53e1ea677
809,0,policy_rejected,1.0,0.9995277786705212,level1,0.37176751572154976,data/raw/wave1_selection.json,b1272041db1364831db88d72b114cca8f67e70416c3ea4326f99e5d53e1ea677
480,0,dof_grade_not_a,1.0,0.9983911011703158,level1,1.0274281831428764,data/raw/wave1_selection.json,b1272041db1364831db88d72b114cca8f67e70416c3ea4326f99e5d53e1ea677
567,1,,1.0,0.9991756471316368,level1,0.45085585982879,data/raw/wave1_selection.json,b1272041db1364831db88d72b114cca8f67e70416c3ea4326f99e5d53e1ea677
1310,1,,1.0,0.9994863074400064,level1,0.06923534630755945,data/raw/wave1_selection.json,b1272041db1364831db88d72b114cca8f67e70416c3ea4326f99e5d53e1ea677
1086,0,dof_grade_not_a;policy_rejected,2.0,0.9973346713927732,level1,0.5548080865063977,data/raw/wave1_selection.json,b1272041db1364831db88d72b114cca8f67e70416c3ea4326f99e5d53e1ea677
645,1,,1.0,0.9993473598947566,level1,1.166076515130789,data/raw/wave1_selection.json,b1272041db1364831db88d72b114cca8f67e70416c3ea4326f99e5d53e1ea677
1297,0,policy_rejected,3.0,0.9993836110270831,level1,0.49515374549487534,data/raw/wave1_selection.json,b1272041db1364831db88d72b114cca8f67e70416c3ea4326f99e5d53e1ea677
663,1,,2.0,0.9994596552006157,level1,0.7565004209571273,data/raw/wave1_selection.json,b1272041db1364831db88d72b114cca8f67e70416c3ea4326f99e5d53e1ea677
898,0,dof_grade_not_a,2.0,0.9995388890595837,level1,0.01512518189749395,data/raw/wave1_selection.json,b1272041db1364831db88d72b114cca8f67e70416c3ea4326f99e5d53e1ea677
170,0,policy_rejected,1.0,0.9988443692214637,level1,3.4170632103293683,data/raw/wave1_selection.json,b1272041db1364831db88d72b114cca8f67e70416c3ea4326f99e5d53e1ea677
658,1,,2.0,0.9998280961813738,level1,0.1333199538900303,data/raw/wave1_selection.json,b1272041db1364831db88d72b114cca8f67e70416c3ea4326f99e5d53e1ea677
689,0,dof_grade_not_a;policy_rejected,2.0,0.9992622847864399,level1,0.01734776375507206,data/raw/wave1_selection.json,b1272041db1364831db88d72b114cca8f67e70416c3ea4326f99e5d53e1ea677
1569,0,policy_rejected,1.0,0.9998353177808577,level1,0.009654992017235981,data/raw/wave1_selection.json,b1272041db1364831db88d72b114cca8f67e70416c3ea4326f99e5d53e1ea677
1365,1,,2.0,0.9988466939995237,level1,0.46630055013026,data/raw/wave1_selection.json,b1272041db1364831db88d72b114cca8f67e70416c3ea4326f99e5d53e1ea677
46,0,policy_rejected,1.0,0.9992902765456225,level1,0.19959774970402056,data/raw/wave1_selection.json,b1272041db1364831db88d72b114cca8f67e70416c3ea4326f99e5d53e1ea677
636,0,policy_rejected,1.0,0.9994746576076436,level1,0.47966329140224523,data/raw/wave1_selection.json,b1272041db1364831db88d72b114cca8f67e70416c3ea4326f99e5d53e1ea677
1186,1,,1.0,0.9993169509402156,level1,0.5194417586852743,data/raw/wave1_selection.json,b1272041db1364831db88d72b114cca8f67e70416c3ea4326f99e5d53e1ea677
1051,0,policy_rejected,1.0,0.9998681451638324,level1,0.19187160293761088,data/raw/wave1_selection.json,b1272041db1364831db88d72b114cca8f67e70416c3ea4326f99e5d53e1ea677
486,1,,3.0,0.9989913481161944,level1,0.05170354791481558,data/raw/wave1_selection.json,b1272041db1364831db88d72b114cca8f67e70416c3ea4326f99e5d53e1ea677
1460,1,,1.0,0.9995315032999184,level1,0.09205179794136824,data/raw/wave1_selection.json,b1272041db1364831db88d72b114cca8f67e70416c3ea4326f99e5d53e1ea677
497,0,policy_rejected,1.0,0.9995988956081366,level1,0.7188136582118633,data/raw/wave1_selection.json,b1272041db1364831db88d72b114cca8f67e70416c3ea4326f99e5d53e1ea677
1233,0,policy_rejected,1.0,0.9992072462983099,level1,0.015346955821767117,data/raw/wave1_selection.json,b1272041db1364831db88d72b114cca8f67e70416c3ea4326f99e5d53e1ea677
946,0,policy_rejected,1.0,0.999509263107236,level1,0.48651681356554527,data/raw/wave1_selection.json,b1272041db1364831db88d72b114cca8f67e70416c3ea4326f99e5d53e1ea677
1451,1,,1.0,0.9996747647529198,level1,3.6172151776392334,data/raw/wave1_selection.json,b1272041db1364831db88d72b114cca8f67e70416c3ea4326f99e5d53e1ea677
225,0,policy_rejected,1.0,0.999515883990907,level1,1.4545180858493907,data/raw/wave1_selection.json,b1272041db1364831db88d72b114cca8f67e70416c3ea4326f99e5d53e1ea677
1118,1,,2.0,0.9994375236922528,level1,0.8459934664001785,data/raw/wave1_selection.json,b1272041db1364831db88d72b114cca8f67e70416c3ea4326f99e5d53e1ea677
688,1,,2.0,0.999746919119978,level1,0.4156249715535633,data/raw/wave1_selection.json,b1272041db1364831db88d72b114cca8f67e70416c3ea4326f99e5d53e1ea677
1930,0,policy_rejected,1.0,0.9989573532323033,level1,0.6936824920631762,data/raw/wave1_selection.json,b1272041db1364831db88d72b114cca8f67e70416c3ea4326f99e5d53e1ea677
1463,0,dof_grade_not_a,1.0,0.9978522273829618,level1,0.18933964068867987,data/raw/wave1_selection.json,b1272041db1364831db88d72b114cca8f67e70416c3ea4326f99e5d53e1ea677
134,1,,2.0,0.9994721297123697,level1,0.6235133452988191,data/raw/wave1_selection.json,b1272041db1364831db88d72b114cca8f67e70416c3ea4326f99e5d53e1ea677
1414,1,,2.0,0.9992941972466861,level1,0.9793177905169723,data/raw/wave1_selection.json,b1272041db1364831db88d72b114cca8f67e70416c3ea4326f99e5d53e1ea677
1971,0,policy_rejected,1.0,0.9992192542123297,level1,0.12634702459132555,data/raw/wave1_selection.json,b1272041db1364831db88d72b114cca8f67e70416c3ea4326f99e5d53e1ea677
1545,0,dof_grade_not_a,1.0,0.9988003136100676,level1,3.803718067314107,data/raw/wave1_selection.json,b1272041db1364831db88d72b114cca8f67e70416c3ea4326f99e5d53e1ea677
321,1,,1.0,0.9990671133576189,level1,0.8178334808866644,data/raw/wave1_selection.json,b1272041db1364831db88d72b114cca8f67e70416c3ea4326f99e5d53e1ea677
1268,0,dof_grade_not_a,1.0,0.0010563443961764277,none,2.032592341870386,data/raw/wave1_selection.json,b1272041db1364831db88d72b114cca8f67e70416c3ea4326f99e5d53e1ea677
456,0,dof_grade_not_a;policy_rejected,2.0,0.9987560569461558,level1,0.014882446170586325,data/raw/wave1_selection.json,b1272041db1364831db88d72b114cca8f67e70416c3ea4326f99e5d53e1ea677
1685,0,policy_rejected,1.0,0.9993762611077727,level1,0.1366082966695928,data/raw/wave1_selection.json,b1272041db1364831db88d72b114cca8f67e70416c3ea4326f99e5d53e1ea677
83,1,,2.0,0.9998444520075347,level1,0.9120548882270029,data/raw/wave1_selection.json,b1272041db1364831db88d72b114cca8f67e70416c3ea4326f99e5d53e1ea677
1220,1,,2.0,0.9997008301282131,level1,3.9766082051695935,data/raw/wave1_selection.json,b1272041db1364831db88d72b114cca8f67e70416c3ea4326f99e5d53e1ea677
1987,0,dof_grade_not_a;policy_rejected,1.0,0.9987395482650854,level1,0.4456018571466058,data/raw/wave1_selection.json,b1272041db1364831db88d72b114cca8f67e70416c3ea4326f99e5d53e1ea677
769,1,,1.0,0.9993776681357669,level1,0.017462926084569508,data/raw/wave1_selection.json,b1272041db1364831db88d72b114cca8f67e70416c3ea4326f99e5d53e1ea677
1075,1,,2.0,0.9997348211107508,level1,1.3090040988855887,data/raw/wave1_selection.json,b1272041db1364831db88d72b114cca8f67e70416c3ea4326f99e5d53e1ea677
1897,0,dof_grade_not_a;policy_rejected,1.0,9.66587712293781e-05,none,0.543694430420386,data/raw/wave1_selection.json,b1272041db1364831db88d72b114cca8f67e70416c3ea4326f99e5d53e1ea677
118,0,dof_grade_not_a,1.0,0.9985480384489374,level1,0.6727177842912763,data/raw/wave1_selection.json,b1272041db1364831db88d72b114cca8f67e70416c3ea4326f99e5d53e1ea677
182,1,,2.0,0.9998528002383251,level1,0.06064421438711659,data/raw/wave1_selection.json,b1272041db1364831db88d72b114cca8f67e70416c3ea4326f99e5d53e1ea677
1002,0,dof_grade_not_a;policy_rejected,1.0,2.1965294312629508e-10,none,0.7361711523382871,data/raw/wave1_selection.json,b1272041db1364831db88d72b114cca8f67e70416c3ea4326f99e5d53e1ea677
1313,0,policy_rejected,3.0,0.9988827717399508,level1,0.22479181084027233,data/raw/wave1_selection.json,b1272041db1364831db88d72b114cca8f67e70416c3ea4326f99e5d53e1ea677
98,0,policy_rejected,1.0,0.9996592491923806,level1,0.04200677237993292,data/raw/wave1_selection.json,b1272041db1364831db88d72b114cca8f67e70416c3ea4326f99e5d53e1ea677
307,1,,2.0,0.998830600821864,level1,3.756979451151041,data/raw/wave1_selection.json,b1272041db1364831db88d72b114cca8f67e70416c3ea4326f99e5d53e1ea677
565,0,policy_rejected,1.0,0.9995654773208867,level1,0.3158112127612593,data/raw/wave1_selection.json,b1272041db1364831db88d72b114cca8f67e70416c3ea4326f99e5d53e1ea677
54,0,policy_rejected,1.0,0.999597402045652,level1,0.034710132305797274,data/raw/wave1_selection.json,b1272041db1364831db88d72b114cca8f67e70416c3ea4326f99e5d53e1ea677
347,1,,1.0,0.9998091422521433,level1,0.7938502518074741,data/raw/wave1_selection.json,b1272041db1364831db88d72b114cca8f67e70416c3ea4326f99e5d53e1ea677
1896,0,dof_grade_not_a,1.0,0.00020022643962029713,none,0.03205416775891417,data/raw/wave1_selection.json,b1272041db1364831db88d72b114cca8f67e70416c3ea4326f99e5d53e1ea677
64,1,,2.0,0.9995448962251524,level1,1.0571257501012037,data/raw/wave1_selection.json,b1272041db1364831db88d72b114cca8f67e70416c3ea4326f99e5d53e1ea677
1407,0,dof_grade_not_a;policy_rejected,1.0,0.0004114867031260935,none,0.8360807777391941,data/raw/wave1_selection.json,b1272041db1364831db88d72b114cca8f67e70416c3ea4326f99e5d53e1ea677
272,0,policy_rejected,1.0,0.9997111128094099,level1,0.05015061816415643,data/raw/wave1_selection.json,b1272041db1364831db88d72b114cca8f67e70416c3ea4326f99e5d53e1ea677
1094,0,policy_rejected,1.0,0.9995229374881803,level1,0.2737109238763105,data/raw/wave1_selection.json,b1272041db1364831db88d72b114cca8f67e70416c3ea4326f99e5d53e1ea677
1076,0,dof_grade_not_a,2.0,0.9990002520280584,level1,0.05520528329589383,data/raw/wave1_selection.json,b1272041db1364831db88d72b114cca8f67e70416c3ea4326f99e5d53e1ea677
489,0,dof_grade_not_a;policy_rejected,1.0,0.0014640708206405213,none,0.24258791474121372,data/raw/wave1_selection.json,b1272041db1364831db88d72b114cca8f67e70416c3ea4326f99e5d53e1ea677
1770,1,,1.0,0.9992850803577318,level1,0.37470391084319643,data/raw/wave1_selection.json,b1272041db1364831db88d72b114cca8f67e70416c3ea4326f99e5d53e1ea677
1080,1,,1.0,0.9998281590432673,level1,0.9513829010076378,data/raw/wave1_selection.json,b1272041db1364831db88d72b114cca8f67e70416c3ea4326f99e5d53e1ea677
56,1,,1.0,0.9992311754459753,level1,0.12253862437307081,data/raw/wave1_selection.json,b1272041db1364831db88d72b114cca8f67e70416c3ea4326f99e5d53e1ea677
1949,1,,2.0,0.9996295039937018,level1,0.032028821966186505,data/raw/wave1_selection.json,b1272041db1364831db88d72b114cca8f67e70416c3ea4326f99e5d53e1ea677
1529,0,dof_grade_not_a,3.0,0.9990343395208027,level1,0.07898186651696687,data/raw/wave1_selection.json,b1272041db1364831db88d72b114cca8f67e70416c3ea4326f99e5d53e1ea677
1583,0,policy_rejected,3.0,0.999576298531574,level1,0.026103313347414933,data/raw/wave1_selection.json,b1272041db1364831db88d72b114cca8f67e70416c3ea4326f99e5d53e1ea677
1214,1,,1.0,0.9990357782857444,level1,0.21631633509209178,data/raw/wave1_selection.json,b1272041db1364831db88d72b114cca8f67e70416c3ea4326f99e5d53e1ea677
1643,0,policy_rejected,2.0,0.9996132493953931,level1,0.1625015002499901,data/raw/wave1_selection.json,b1272041db1364831db88d72b114cca8f67e70416c3ea4326f99e5d53e1ea677
1720,1,,2.0,0.999197817340534,level1,0.04716136525677191,data/raw/wave1_selection.json,b1272041db1364831db88d72b114cca8f67e70416c3ea4326f99e5d53e1ea677
556,0,policy_rejected,1.0,0.9995923877648252,level1,0.525021264832629,data/raw/wave1_selection.json,b1272041db1364831db88d72b114cca8f67e70416c3ea4326f99e5d53e1ea677
1976,1,,2.0,0.9989415258725666,level1,0.0237457256072557,data/raw/wave1_selection.json,b1272041db1364831db88d72b114cca8f67e70416c3ea4326f99e5d53e1ea677
1924,0,policy_rejected,1.0,0.9995794907023003,level1,0.049035896274101966,data/raw/wave1_selection.json,b1272041db1364831db88d72b114cca8f67e70416c3ea4326f99e5d53e1ea677
1003,0,policy_rejected,1.0,0.9994866787633072,level1,0.02057503139616582,data/raw/wave1_selection.json,b1272041db1364831db88d72b114cca8f67e70416c3ea4326f99e5d53e1ea677
125,0,policy_rejected,2.0,0.9998240455284566,level1,0.0677335812226622,data/raw/wave1_selection.json,b1272041db1364831db88d72b114cca8f67e70416c3ea4326f99e5d53e1ea677
308,1,,2.0,0.9993174313270492,level1,0.051425346928733205,data/raw/wave1_selection.json,b1272041db1364831db88d72b114cca8f67e70416c3ea4326f99e5d53e1ea677
675,1,,1.0,0.9991794092021844,level1,0.4987854993738166,data/raw/wave1_selection.json,b1272041db1364831db88d72b114cca8f67e70416c3ea4326f99e5d53e1ea677
893,1,,2.0,0.9988156828879046,level1,0.4965938941340211,data/raw/wave1_selection.json,b1272041db1364831db88d72b114cca8f67e70416c3ea4326f99e5d53e1ea677
1097,0,dof_grade_not_a,3.0,0.9997237564772206,level1,0.20269808654604024,data/raw/wave1_selection.json,b1272041db1364831db88d72b114cca8f67e70416c3ea4326f99e5d53e1ea677
37,1,,3.0,0.9990137134344316,level1,0.6459151156367906,data/raw/wave1_selection.json,b1272041db1364831db88d72b114cca8f67e70416c3ea4326f99e5d53e1ea677
626,1,,2.0,0.9998388668078685,level1,0.038388192693527924,data/raw/wave1_selection.json,b1272041db1364831db88d72b114cca8f67e70416c3ea4326f99e5d53e1ea677
613,0,policy_rejected,1.0,0.9991880266248323,level1,0.35369705975352245,data/raw/wave1_selection.json,b1272041db1364831db88d72b114cca8f67e70416c3ea4326f99e5d53e1ea677
973,1,,1.0,0.9997669851637803,level1,1.306216000679544,data/raw/wave1_selection.json,b1272041db1364831db88d72b114cca8f67e70416c3ea4326f99e5d53e1ea677
49,0,dof_grade_not_a;policy_rejected,1.0,0.9987593211262054,level1,3.7269913522300846,data/raw/wave1_selection.json,b1272041db1364831db88d72b114cca8f67e70416c3ea4326f99e5d53e1ea677
1888,1,,1.0,0.999592724278185,level1,0.12280411539422477,data/raw/wave1_selection.json,b1272041db1364831db88d72b114cca8f67e70416c3ea4326f99e5d53e1ea677
619,0,policy_rejected,1.0,0.9998867608345757,level1,0.21225586338720706,data/raw/wave1_selection.json,b1272041db1364831db88d72b114cca8f67e70416c3ea4326f99e5d53e1ea677
1155,0,policy_rejected,1.0,0.9996673464237161,level1,0.09699486895336684,data/raw/wave1_selection.json,b1272041db1364831db88d72b114cca8f67e70416c3ea4326f99e5d53e1ea677
1154,1,,2.0,0.9997016893603203,level1,0.07055291723405865,data/raw/wave1_selection.json,b1272041db1364831db88d72b114cca8f67e70416c3ea4326f99e5d53e1ea677
400,1,,2.0,0.9997644968427183,level1,0.9708590448325968,data/raw/wave1_selection.json,b1272041db1364831db88d72b114cca8f67e70416c3ea4326f99e5d53e1ea677
1113,1,,1.0,0.9995197936351284,level1,0.9505449502626447,data/raw/wave1_selection.json,b1272041db1364831db88d72b114cca8f67e70416c3ea4326f99e5d53e1ea677
1963,0,dof_grade_not_a;policy_rejected,2.0,0.9989000644966792,level1,0.304536626182113,data/raw/wave1_selection.json,b1272041db1364831db88d72b114cca8f67e70416c3ea4326f99e5d53e1ea677
1418,1,,1.0,0.9993190330244782,level1,0.49907133509284934,data/raw/wave1_selection.json,b1272041db1364831db88d72b114cca8f67e70416c3ea4326f99e5d53e1ea677
458,0,policy_rejected,1.0,0.9996984006192102,level1,0.3028173421145518,data/raw/wave1_selection.json,b1272041db1364831db88d72b114cca8f67e70416c3ea4326f99e5d53e1ea677
150,0,policy_rejected,1.0,0.9995737184145661,level1,0.07761916344761471,data/raw/wave1_selection.json,b1272041db1364831db88d72b114cca8f67e70416c3ea4326f99e5d53e1ea677
243,0,dof_grade_not_a,1.0,0.9986231405902153,level1,0.5665106216017359,data/raw/wave1_selection.json,b1272041db1364831db88d72b114cca8f67e70416c3ea4326f99e5d53e1ea677
29,1,,1.0,0.9989645341932022,level1,2.598328497583577,data/raw/wave1_selection.json,b1272041db1364831db88d72b114cca8f67e70416c3ea4326f99e5d53e1ea677
52,0,dof_grade_not_a,1.0,0.00011684294162472096,none,0.5845547818818754,data/raw/wave1_selection.json,b1272041db1364831db88d72b114cca8f67e70416c3ea4326f99e5d53e1ea677
345,0,policy_rejected,1.0,0.9996536949705128,level1,1.5853914754869491,data/raw/wave1_selection.json,b1272041db1364831db88d72b114cca8f67e70416c3ea4326f99e5d53e1ea677
1859,1,,2.0,0.9988858322329608,level1,0.17652183853913705,data/raw/wave1_selection.json,b1272041db1364831db88d72b114cca8f67e70416c3ea4326f99e5d53e1ea677
1989,1,,3.0,0.9995089518435646,level1,0.0723251089534956,data/raw/wave1_selection.json,b1272041db1364831db88d72b114cca8f67e70416c3ea4326f99e5d53e1ea677
770,0,policy_rejected,1.0,0.9996148145018257,level1,0.01768244505793907,data/raw/wave1_selection.json,b1272041db1364831db88d72b114cca8f67e70416c3ea4326f99e5d53e1ea677
473,1,,1.0,0.9994667631582494,level1,0.8320686942643669,data/raw/wave1_selection.json,b1272041db1364831db88d72b114cca8f67e70416c3ea4326f99e5d53e1ea677
159,1,,1.0,0.999758785008023,level1,2.583456816827155,data/raw/wave1_selection.json,b1272041db1364831db88d72b114cca8f67e70416c3ea4326f99e5d53e1ea677
902,1,,1.0,0.9989754906072112,level1,0.21522478769897294,data/raw/wave1_selection.json,b1272041db1364831db88d72b114cca8f67e70416c3ea4326f99e5d53e1ea677
276,0,dof_grade_not_a;policy_rejected,1.0,0.9978759631929272,level1,0.5627675934482169,data/raw/wave1_selection.json,b1272041db1364831db88d72b114cca8f67e70416c3ea4326f99e5d53e1ea677
1707,1,,1.0,0.9996396893929419,level1,0.10031946499361363,data/raw/wave1_selection.json,b1272041db1364831db88d72b114cca8f67e70416c3ea4326f99e5d53e1ea677
1927,1,,2.0,0.999606437983383,level1,0.14867950435533883,data/raw/wave1_selection.json,b1272041db1364831db88d72b114cca8f67e70416c3ea4326f99e5d53e1ea677
442,0,dof_grade_not_a,2.0,0.9986090808054697,level1,1.128059202181011,data/raw/wave1_selection.json,b1272041db1364831db88d72b114cca8f67e70416c3ea4326f99e5d53e1ea677
1435,0,policy_rejected,2.0,0.9998842428850139,level1,0.8659652658295611,data/raw/wave1_selection.json,b1272041db1364831db88d72b114cca8f67e70416c3ea4326f99e5d53e1ea677
39,1,,2.0,0.9998266347959113,level1,0.21778944311054477,data/raw/wave1_selection.json,b1272041db1364831db88d72b114cca8f67e70416c3ea4326f99e5d53e1ea677
1904,0,policy_rejected,1.0,0.9996826518847214,level1,0.3376061154131303,data/raw/wave1_selection.json,b1272041db1364831db88d72b114cca8f67e70416c3ea4326f99e5d53e1ea677
1799,0,dof_grade_not_a,2.0,0.9986187456705129,level1,0.0900959403301368,data/raw/wave1_selection.json,b1272041db1364831db88d72b114cca8f67e70416c3ea4326f99e5d53e1ea677
444,0,dof_grade_not_a,2.0,0.9986996483754365,level1,0.04880425382391609,data/raw/wave1_selection.json,b1272041db1364831db88d72b114cca8f67e70416c3ea4326f99e5d53e1ea677
1231,0,policy_rejected,1.0,0.9988044195451792,level1,0.0454735566131587,data/raw/wave1_selection.json,b1272041db1364831db88d72b114cca8f67e70416c3ea4326f99e5d53e1ea677
1351,0,policy_rejected,1.0,0.9991727374436334,level1,0.41357428946425795,data/raw/wave1_selection.json,b1272041db1364831db88d72b114cca8f67e70416c3ea4326f99e5d53e1ea677
1800,0,policy_rejected,2.0,0.9995807858268956,level1,3.3763217600681106,data/raw/wave1_selection.json,b1272041db1364831db88d72b114cca8f67e70416c3ea4326f99e5d53e1ea677
1343,1,,1.0,0.9994415536823054,level1,1.2985070710497708,data/raw/wave1_selection.json,b1272041db1364831db88d72b114cca8f67e70416c3ea4326f99e5d53e1ea677
936,0,policy_rejected,1.0,0.9994286488761658,level1,0.38745110981372083,data/raw/wave1_selection.json,b1272041db1364831db88d72b114cca8f67e70416c3ea4326f99e5d53e1ea677
1385,0,dof_grade_not_a,2.0,0.9998240472093999,level1,1.0324650439295648,data/raw/wave1_selection.json,b1272041db1364831db88d72b114cca8f67e70416c3ea4326f99e5d53e1ea677
1625,1,,3.0,0.999301768022331,level1,0.21686613037524852,data/raw/wave1_selection.json,b1272041db1364831db88d72b114cca8f67e70416c3ea4326f99e5d53e1ea677
1920,1,,1.0,0.9998015612594614,level1,0.007711745557206138,data/raw/wave1_selection.json,b1272041db1364831db88d72b114cca8f67e70416c3ea4326f99e5d53e1ea677
1333,0,dof_grade_not_a,1.0,0.9978809096394191,level1,3.0591532040423393,data/raw/wave1_selection.json,b1272041db1364831db88d72b114cca8f67e70416c3ea4326f99e5d53e1ea677
1417,0,policy_rejected,1.0,0.9996315087337262,level1,0.584295411657044,data/raw/wave1_selection.json,b1272041db1364831db88d72b114cca8f67e70416c3ea4326f99e5d53e1ea677
1784,0,policy_rejected,2.0,0.9994705567361364,level1,0.20005970666468054,data/raw/wave1_selection.json,b1272041db1364831db88d72b114cca8f67e70416c3ea4326f99e5d53e1ea677
611,1,,1.0,0.9998411914642542,level1,0.4575887916205589,data/raw/wave1_selection.json,b1272041db1364831db88d72b114cca8f67e70416c3ea4326f99e5d53e1ea677
506,1,,2.0,0.9995104822900114,level1,0.21386283030685946,data/raw/wave1_selection.json,b1272041db1364831db88d72b114cca8f67e70416c3ea4326f99e5d53e1ea677
1098,0,policy_rejected,1.0,0.9996757596063636,level1,0.1187861670404608,data/raw/wave1_selection.json,b1272041db1364831db88d72b114cca8f67e70416c3ea4326f99e5d53e1ea677
1050,0,policy_rejected,2.0,0.999663558418243,level1,0.24199820660006158,data/raw/wave1_selection.json,b1272041db1364831db88d72b114cca8f67e70416c3ea4326f99e5d53e1ea677
1807,1,,2.0,0.9998216231367147,level1,0.9087914732819887,data/raw/wave1_selection.json,b1272041db1364831db88d72b114cca8f67e70416c3ea4326f99e5d53e1ea677
1279,0,dof_grade_not_a,1.0,1.370716411749895e-05,none,3.300830541305639,data/raw/wave1_selection.json,b1272041db1364831db88d72b114cca8f67e70416c3ea4326f99e5d53e1ea677
1881,1,,2.0,0.9995260028498894,level1,1.1682467803358003,data/raw/wave1_selection.json,b1272041db1364831db88d72b114cca8f67e70416c3ea4326f99e5d53e1ea677
201,1,,2.0,0.9990147202183631,level1,0.1524925586461387,data/raw/wave1_selection.json,b1272041db1364831db88d72b114cca8f67e70416c3ea4326f99e5d53e1ea677
668,1,,2.0,0.9993255487406235,level1,0.081939185761216,data/raw/wave1_selection.json,b1272041db1364831db88d72b114cca8f67e70416c3ea4326f99e5d53e1ea677
1909,1,,1.0,0.9992066841634486,level1,0.0985497198290087,data/raw/wave1_selection.json,b1272041db1364831db88d72b114cca8f67e70416c3ea4326f99e5d53e1ea677
457,1,,2.0,0.9996179656443495,level1,1.0681533993607941,data/raw/wave1_selection.json,b1272041db1364831db88d72b114cca8f67e70416c3ea4326f99e5d53e1ea677
1104,0,dof_grade_not_a,1.0,0.998213387493844,level1,3.672725930863706,data/raw/wave1_selection.json,b1272041db1364831db88d72b114cca8f67e70416c3ea4326f99e5d53e1ea677
1081,1,,3.0,0.9997062451750475,level1,0.9108148319767133,data/raw/wave1_selection.json,b1272041db1364831db88d72b114cca8f67e70416c3ea4326f99e5d53e1ea677
472,0,dof_grade_not_a,1.0,0.00011807542888003702,none,0.22005741599884887,data/raw/wave1_selection.json,b1272041db1364831db88d72b114cca8f67e70416c3ea4326f99e5d53e1ea677
924,0,dof_grade_not_a,2.0,0.9997398650486373,level1,1.0225397548401436,data/raw/wave1_selection.json,b1272041db1364831db88d72b114cca8f67e70416c3ea4326f99e5d53e1ea677
1308,1,,2.0,0.9992103547201736,level1,0.9385574094697801,data/raw/wave1_selection.json,b1272041db1364831db88d72b114cca8f67e70416c3ea4326f99e5d53e1ea677
1228,0,dof_grade_not_a;policy_rejected,1.0,0.9988097547663978,level1,0.5321298989191344,data/raw/wave1_selection.json,b1272041db1364831db88d72b114cca8f67e70416c3ea4326f99e5d53e1ea677
972,1,,1.0,0.9989543340030749,level1,0.26257850192632526,data/raw/wave1_selection.json,b1272041db1364831db88d72b114cca8f67e70416c3ea4326f99e5d53e1ea677
827,0,dof_grade_not_a,2.0,0.9986629324684287,level1,0.7666408807786271,data/raw/wave1_selection.json,b1272041db1364831db88d72b114cca8f67e70416c3ea4326f99e5d53e1ea677
582,0,policy_rejected,2.0,0.9998505719181663,level1,0.03735888781602762,data/raw/wave1_selection.json,b1272041db1364831db88d72b114cca8f67e70416c3ea4326f99e5d53e1ea677
386,0,dof_grade_not_a,2.0,0.9997634691426232,level1,0.38563068155340957,data/raw/wave1_selection.json,b1272041db1364831db88d72b114cca8f67e70416c3ea4326f99e5d53e1ea677
1209,0,dof_grade_not_a,2.0,0.999732256539336,level1,0.9741905281659786,data/raw/wave1_selection.json,b1272041db1364831db88d72b114cca8f67e70416c3ea4326f99e5d53e1ea677
326,1,,2.0,0.9997805907543332,level1,0.05241372773190801,data/raw/wave1_selection.json,b1272041db1364831db88d72b114cca8f67e70416c3ea4326f99e5d53e1ea677
1158,1,,2.0,0.9997591839047036,level1,0.4119624506351256,data/raw/wave1_selection.json,b1272041db1364831db88d72b114cca8f67e70416c3ea4326f99e5d53e1ea677
536,1,,2.0,0.9990456622498767,level1,0.5080010588732004,data/raw/wave1_selection.json,b1272041db1364831db88d72b114cca8f67e70416c3ea4326f99e5d53e1ea677
682,1,,2.0,0.9995426103810142,level1,0.20218011989101212,data/raw/wave1_selection.json,b1272041db1364831db88d72b114cca8f67e70416c3ea4326f99e5d53e1ea677
466,1,,1.0,0.9993438850460477,level1,1.2346922637653843,data/raw/wave1_selection.json,b1272041db1364831db88d72b114cca8f67e70416c3ea4326f99e5d53e1ea677
1756,0,dof_grade_not_a,3.0,0.9998197281382069,level1,0.07100012698333326,data/raw/wave1_selection.json,b1272041db1364831db88d72b114cca8f67e70416c3ea4326f99e5d53e1ea677
1706,1,,2.0,0.9998646689761223,level1,1.8477127562287148,data/raw/wave1_selection.json,b1272041db1364831db88d72b114cca8f67e70416c3ea4326f99e5d53e1ea677
730,1,,2.0,0.9996826616632424,level1,0.3163275032983289,data/raw/wave1_selection.json,b1272041db1364831db88d72b114cca8f67e70416c3ea4326f99e5d53e1ea677
1868,1,,1.0,0.9995751994551391,level1,1.3097632283412268,data/raw/wave1_selection.json,b1272041db1364831db88d72b114cca8f67e70416c3ea4326f99e5d53e1ea677
534,1,,2.0,0.9996828423073796,level1,0.4422727448863587,data/raw/wave1_selection.json,b1272041db1364831db88d72b114cca8f67e70416c3ea4326f99e5d53e1ea677
1749,1,,1.0,0.9997852707213536,level1,0.3852288163651874,data/raw/wave1_selection.json,b1272041db1364831db88d72b114cca8f67e70416c3ea4326f99e5d53e1ea677
760,0,dof_grade_not_a,1.0,0.9985601340716247,level1,0.27041558798615367,data/raw/wave1_selection.json,b1272041db1364831db88d72b114cca8f67e70416c3ea4326f99e5d53e1ea677
1618,0,dof_grade_not_a,1.0,0.00027405760397050986,none,1.8496342000365675,data/raw/wave1_selection.json,b1272041db1364831db88d72b114cca8f67e70416c3ea4326f99e5d53e1ea677
138,1,,3.0,0.9997618160541907,level1,0.07324561341886017,data/raw/wave1_selection.json,b1272041db1364831db88d72b114cca8f67e70416c3ea4326f99e5d53e1ea677
187,0,dof_grade_not_a;missing_match;unknown_particle,1.0,0.000167168332353135,none,,data/raw/wave1_selection.json,b1272041db1364831db88d72b114cca8f67e70416c3ea4326f99e5d53e1ea677
360,0,dof_grade_not_a,3.0,0.999393388405048,level1,0.08446479677677723,data/raw/wave1_selection.json,b1272041db1364831db88d72b114cca8f67e70416c3ea4326f99e5d53e1ea677
1192,1,,2.0,0.9989609240637345,level1,0.07037644998118704,data/raw/wave1_selection.json,b1272041db1364831db88d72b114cca8f67e70416c3ea4326f99e5d53e1ea677
1083,0,policy_rejected,3.0,0.999050656648138,level1,0.3665880027804022,data/raw/wave1_selection.json,b1272041db1364831db88d72b114cca8f67e70416c3ea4326f99e5d53e1ea677
912,0,dof_grade_not_a,3.0,0.9987511142953778,level1,0.03397074493060339,data/raw/wave1_selection.json,b1272041db1364831db88d72b114cca8f67e70416c3ea4326f99e5d53e1ea677
1593,1,,1.0,0.9995721513086115,level1,0.051261467291284966,data/raw/wave1_selection.json,b1272041db1364831db88d72b114cca8f67e70416c3ea4326f99e5d53e1ea677
1680,0,dof_grade_not_a,1.0,0.9987272720735412,level1,1.7488479102880206,data/raw/wave1_selection.json,b1272041db1364831db88d72b114cca8f67e70416c3ea4326f99e5d53e1ea677
58,1,,1.0,0.9994647725487046,level1,0.6498489391792717,data/raw/wave1_selection.json,b1272041db1364831db88d72b114cca8f67e70416c3ea4326f99e5d53e1ea677
404,0,dof_grade_not_a,2.0,0.9994413927002476,level1,0.04922066301558932,data/raw/wave1_selection.json,b1272041db1364831db88d72b114cca8f67e70416c3ea4326f99e5d53e1ea677
60,0,policy_rejected,1.0,0.9992833270770521,level1,0.08370024277166199,data/raw/wave1_selection.json,b1272041db1364831db88d72b114cca8f67e70416c3ea4326f99e5d53e1ea677
200,0,dof_grade_not_a,2.0,0.9989043306491109,level1,0.0625927481481342,data/raw/wave1_selection.json,b1272041db1364831db88d72b114cca8f67e70416c3ea4326f99e5d53e1ea677
1271,1,,2.0,0.9988185131731037,level1,0.11661012441513202,data/raw/wave1_selection.json,b1272041db1364831db88d72b114cca8f67e70416c3ea4326f99e5d53e1ea677
1307,1,,1.0,0.9993380335157326,level1,0.8882094912716282,data/raw/wave1_selection.json,b1272041db1364831db88d72b114cca8f67e70416c3ea4326f99e5d53e1ea677
1120,1,,1.0,0.9998303698330319,level1,0.17462195570755956,data/raw/wave1_selection.json,b1272041db1364831db88d72b114cca8f67e70416c3ea4326f99e5d53e1ea677
1060,0,policy_rejected,1.0,0.9997095926316831,level1,0.4018373270903601,data/raw/wave1_selection.json,b1272041db1364831db88d72b114cca8f67e70416c3ea4326f99e5d53e1ea677
217,1,,3.0,0.9997989172379219,level1,2.056853819314639,data/raw/wave1_selection.json,b1272041db1364831db88d72b114cca8f67e70416c3ea4326f99e5d53e1ea677
1023,0,dof_grade_not_a;policy_rejected,2.0,0.9992461878937264,level1,0.06277093193072711,data/raw/wave1_selection.json,b1272041db1364831db88d72b114cca8f67e70416c3ea4326f99e5d53e1ea677
1452,0,dof_grade_not_a,2.0,0.9996796334607417,level1,0.4923705270292137,data/raw/wave1_selection.json,b1272041db1364831db88d72b114cca8f67e70416c3ea4326f99e5d53e1ea677
1844,0,policy_rejected,1.0,0.9996394280078404,level1,1.540846379991538,data/raw/wave1_selection.json,b1272041db1364831db88d72b114cca8f67e70416c3ea4326f99e5d53e1ea677
334,0,policy_rejected,2.0,0.9995276027066919,level1,0.18637972512068032,data/raw/wave1_selection.json,b1272041db1364831db88d72b114cca8f67e70416c3ea4326f99e5d53e1ea677
1047,0,dof_grade_not_a,1.0,0.0003001496171941089,none,0.6866322811683768,data/raw/wave1_selection.json,b1272041db1364831db88d72b114cca8f67e70416c3ea4326f99e5d53e1ea677
1710,0,policy_rejected,1.0,0.9997534017265064,level1,0.5222475358775251,data/raw/wave1_selection.json,b1272041db1364831db88d72b114cca8f67e70416c3ea4326f99e5d53e1ea677
1474,0,dof_grade_not_a,1.0,0.0006538654059605221,none,1.9531879198406001,data/raw/wave1_selection.json,b1272041db1364831db88d72b114cca8f67e70416c3ea4326f99e5d53e1ea677
402,1,,1.0,0.99952913982668,level1,1.2545523612984995,data/raw/wave1_selection.json,b1272041db1364831db88d72b114cca8f67e70416c3ea4326f99e5d53e1ea677
695,1,,2.0,0.9996952877026277,level1,1.2163070563692813,data/raw/wave1_selection.json,b1272041db1364831db88d72b114cca8f67e70416c3ea4326f99e5d53e1ea677
1034,1,,2.0,0.9996885824710048,level1,0.664480169850659,data/raw/wave1_selection.json,b1272041db1364831db88d72b114cca8f67e70416c3ea4326f99e5d53e1ea677
1592,0,dof_grade_not_a,2.0,0.9997488899908208,level1,0.36572807127718465,data/raw/wave1_selection.json,b1272041db1364831db88d72b114cca8f67e70416c3ea4326f99e5d53e1ea677
1857,0,policy_rejected,1.0,0.999045151524824,level1,1.2126198145738027,data/raw/wave1_selection.json,b1272041db1364831db88d72b114cca8f67e70416c3ea4326f99e5d53e1ea677
963,0,policy_rejected,1.0,0.9989035543246436,level1,2.50278106786095,data/raw/wave1_selection.json,b1272041db1364831db88d72b114cca8f67e70416c3ea4326f99e5d53e1ea677
1311,0,dof_grade_not_a,2.0,0.9987473563140821,level1,0.06832595261925424,data/raw/wave1_selection.json,b1272041db1364831db88d72b114cca8f67e70416c3ea4326f99e5d53e1ea677
799,0,policy_rejected,2.0,0.9993930907257109,level1,1.2012470307501062,data/raw/wave1_selection.json,b1272041db1364831db88d72b114cca8f67e70416c3ea4326f99e5d53e1ea677
1956,0,policy_rejected,1.0,0.9988028659689459,level1,0.09166778106477984,data/raw/wave1_selection.json,b1272041db1364831db88d72b114cca8f67e70416c3ea4326f99e5d53e1ea677
431,0,dof_grade_not_a;policy_rejected,1.0,0.9982087318304712,level1,0.9586170772138313,data/raw/wave1_selection.json,b1272041db1364831db88d72b114cca8f67e70416c3ea4326f99e5d53e1ea677
1108,0,dof_grade_not_a,1.0,0.9984953039365583,level1,0.44105621163145137,data/raw/wave1_selection.json,b1272041db1364831db88d72b114cca8f67e70416c3ea4326f99e5d53e1ea677
670,0,dof_grade_not_a,2.0,0.9996858487136362,level1,0.8892651768781364,data/raw/wave1_selection.json,b1272041db1364831db88d72b114cca8f67e70416c3ea4326f99e5d53e1ea677
1835,1,,1.0,0.9999241204540542,level1,0.2130241558991848,data/raw/wave1_selection.json,b1272041db1364831db88d72b114cca8f67e70416c3ea4326f99e5d53e1ea677
452,1,,1.0,0.9999492113828926,level1,0.7843390467830442,data/raw/wave1_selection.json,b1272041db1364831db88d72b114cca8f67e70416c3ea4326f99e5d53e1ea677
1553,1,,2.0,0.9998177963879292,level1,0.004596486809976144,data/raw/wave1_selection.json,b1272041db1364831db88d72b114cca8f67e70416c3ea4326f99e5d53e1ea677
1884,0,policy_rejected,1.0,0.9987808095255513,level1,0.08518821282706163,data/raw/wave1_selection.json,b1272041db1364831db88d72b114cca8f67e70416c3ea4326f99e5d53e1ea677
255,1,,2.0,0.9995619642725463,level1,0.20704880364758133,data/raw/wave1_selection.json,b1272041db1364831db88d72b114cca8f67e70416c3ea4326f99e5d53e1ea677
1663,0,policy_rejected,1.0,0.9991726317082511,level1,1.301975126901237,data/raw/wave1_selection.json,b1272041db1364831db88d72b114cca8f67e70416c3ea4326f99e5d53e1ea677
231,1,,2.0,0.9998168211872734,level1,0.2716550583924282,data/raw/wave1_selection.json,b1272041db1364831db88d72b114cca8f67e70416c3ea4326f99e5d53e1ea677
1354,1,,1.0,0.9989610328701416,level1,1.3554280044572253,data/raw/wave1_selection.json,b1272041db1364831db88d72b114cca8f67e70416c3ea4326f99e5d53e1ea677
1512,1,,2.0,0.9991289527229544,level1,0.11900293771116263,data/raw/wave1_selection.json,b1272041db1364831db88d72b114cca8f67e70416c3ea4326f99e5d53e1ea677
1841,1,,1.0,0.9991618212460275,level1,0.16504133516529024,data/raw/wave1_selection.json,b1272041db1364831db88d72b114cca8f67e70416c3ea4326f99e5d53e1ea677
171,1,,1.0,0.9993468491665477,level1,0.9385422953819298,data/raw/wave1_selection.json,b1272041db1364831db88d72b114cca8f67e70416c3ea4326f99e5d53e1ea677
1792,1,,1.0,0.9996147125592766,level1,0.6927180365760626,data/raw/wave1_selection.json,b1272041db1364831db88d72b114cca8f67e70416c3ea4326f99e5d53e1ea677
319,1,,1.0,0.9998016058533957,level1,0.2949860298338068,data/raw/wave1_selection.json,b1272041db1364831db88d72b114cca8f67e70416c3ea4326f99e5d53e1ea677
785,1,,2.0,0.9998237282138291,level1,0.48356982675514554,data/raw/wave1_selection.json,b1272041db1364831db88d72b114cca8f67e70416c3ea4326f99e5d53e1ea677
1303,1,,1.0,0.9992490106524262,level1,0.5337964296203834,data/raw/wave1_selection.json,b1272041db1364831db88d72b114cca8f67e70416c3ea4326f99e5d53e1ea677
1295,0,dof_missing;missing_match;unknown_particle,,,,,data/raw/wave1_selection.json,b1272041db1364831db88d72b114cca8f67e70416c3ea4326f99e5d53e1ea677
195,0,policy_rejected,1.0,0.9997392710527169,level1,0.9281860434803925,data/raw/wave1_selection.json,b1272041db1364831db88d72b114cca8f67e70416c3ea4326f99e5d53e1ea677
907,1,,1.0,0.9994410228349616,level1,0.9334606035513148,data/raw/wave1_selection.json,b1272041db1364831db88d72b114cca8f67e70416c3ea4326f99e5d53e1ea677
1917,0,dof_grade_not_a,1.0,9.98777894818112e-11,none,0.736222929006238,data/raw/wave1_selection.json,b1272041db1364831db88d72b114cca8f67e70416c3ea4326f99e5d53e1ea677
699,0,dof_grade_not_a;policy_rejected,3.0,0.9994429560633477,level1,0.6331441808951962,data/raw/wave1_selection.json,b1272041db1364831db88d72b114cca8f67e70416c3ea4326f99e5d53e1ea677
1880,1,,2.0,0.9997710865724599,level1,0.18712246785754924,data/raw/wave1_selection.json,b1272041db1364831db88d72b114cca8f67e70416c3ea4326f99e5d53e1ea677
1040,1,,2.0,0.9992191394639341,level1,0.05205114715898006,data/raw/wave1_selection.json,b1272041db1364831db88d72b114cca8f67e70416c3ea4326f99e5d53e1ea677
1925,1,,2.0,0.9989180468911882,level1,1.2517116225225269,data/raw/wave1_selection.json,b1272041db1364831db88d72b114cca8f67e70416c3ea4326f99e5d53e1ea677
1587,0,dof_grade_not_a,2.0,0.999418039228291,level1,0.004365361593913428,data/raw/wave1_selection.json,b1272041db1364831db88d72b114cca8f67e70416c3ea4326f99e5d53e1ea677
752,0,dof_grade_not_a,1.0,0.999760856427917,level1,0.38366389670198003,data/raw/wave1_selection.json,b1272041db1364831db88d72b114cca8f67e70416c3ea4326f99e5d53e1ea677
677,1,,2.0,0.9998531386343497,level1,0.007127907257439323,data/raw/wave1_selection.json,b1272041db1364831db88d72b114cca8f67e70416c3ea4326f99e5d53e1ea677
857,0,policy_rejected,1.0,0.99976510054052,level1,0.34738637775075776,data/raw/wave1_selection.json,b1272041db1364831db88d72b114cca8f67e70416c3ea4326f99e5d53e1ea677
59,0,dof_grade_not_a,2.0,0.9992627549940614,level1,0.08377510560375044,data/raw/wave1_selection.json,b1272041db1364831db88d72b114cca8f67e70416c3ea4326f99e5d53e1ea677
127,1,,1.0,0.9995183200579522,level1,0.5246343282682923,data/raw/wave1_selection.json,b1272041db1364831db88d72b114cca8f67e70416c3ea4326f99e5d53e1ea677
1196,0,policy_rejected,2.0,0.9996176201704761,level1,0.20295106890162928,data/raw/wave1_selection.json,b1272041db1364831db88d72b114cca8f67e70416c3ea4326f99e5d53e1ea677
500,0,dof_grade_not_a,2.0,0.9994076562098204,level1,0.5957104381792092,data/raw/wave1_selection.json,b1272041db1364831db88d72b114cca8f67e70416c3ea4326f99e5d53e1ea677
1482,1,,1.0,0.9997027150657545,level1,0.14946288976342972,data/raw/wave1_selection.json,b1272041db1364831db88d72b114cca8f67e70416c3ea4326f99e5d53e1ea677
648,0,dof_grade_not_a,2.0,0.9994150249427493,level1,0.04428785691424341,data/raw/wave1_selection.json,b1272041db1364831db88d72b114cca8f67e70416c3ea4326f99e5d53e1ea677
607,1,,1.0,0.9994935036526147,level1,0.6748067791731053,data/raw/wave1_selection.json,b1272041db1364831db88d72b114cca8f67e70416c3ea4326f99e5d53e1ea677
1248,1,,2.0,0.9998153734170028,level1,0.5207879707469067,data/raw/wave1_selection.json,b1272041db1364831db88d72b114cca8f67e70416c3ea4326f99e5d53e1ea677
1319,0,dof_missing;missing_match;unknown_particle,,,,,data/raw/wave1_selection.json,b1272041db1364831db88d72b114cca8f67e70416c3ea4326f99e5d53e1ea677
987,0,policy_rejected,1.0,0.999696291723322,level1,1.5157516649499103,data/raw/wave1_selection.json,b1272041db1364831db88d72b114cca8f67e70416c3ea4326f99e5d53e1ea677
1197,1,,2.0,0.9998922430834206,level1,0.6523394199880502,data/raw/wave1_selection.json,b1272041db1364831db88d72b114cca8f67e70416c3ea4326f99e5d53e1ea677
1781,0,dof_grade_not_a;policy_rejected,1.0,0.00043425240789812005,none,0.3742708431432316,data/raw/wave1_selection.json,b1272041db1364831db88d72b114cca8f67e70416c3ea4326f99e5d53e1ea677
1833,0,dof_grade_not_a,2.0,0.9998329575232922,level1,0.2538802956380216,data/raw/wave1_selection.json,b1272041db1364831db88d72b114cca8f67e70416c3ea4326f99e5d53e1ea677
1005,0,dof_grade_not_a;policy_rejected,1.0,0.9985424855990397,level1,0.06817434654315037,data/raw/wave1_selection.json,b1272041db1364831db88d72b114cca8f67e70416c3ea4326f99e5d53e1ea677
1188,0,policy_rejected,1.0,0.9995940871385492,level1,0.2618807832079433,data/raw/wave1_selection.json,b1272041db1364831db88d72b114cca8f67e70416c3ea4326f99e5d53e1ea677
1878,0,policy_rejected,2.0,0.9991096360313411,level1,0.5860135494662178,data/raw/wave1_selection.json,b1272041db1364831db88d72b114cca8f67e70416c3ea4326f99e5d53e1ea677
795,1,,2.0,0.9997424613394037,level1,0.7940163164078702,data/raw/wave1_selection.json,b1272041db1364831db88d72b114cca8f67e70416c3ea4326f99e5d53e1ea677
1693,0,dof_grade_not_a,2.0,0.9988473732707864,level1,0.03318929601445861,data/raw/wave1_selection.json,b1272041db1364831db88d72b114cca8f67e70416c3ea4326f99e5d53e1ea677
1280,1,,1.0,0.9998229454075901,level1,0.028343318291418576,data/raw/wave1_selection.json,b1272041db1364831db88d72b114cca8f67e70416c3ea4326f99e5d53e1ea677
766,1,,2.0,0.9996641784380924,level1,0.9124434414632543,data/raw/wave1_selection.json,b1272041db1364831db88d72b114cca8f67e70416c3ea4326f99e5d53e1ea677
198,1,,2.0,0.9994985737427442,level1,0.038045612239087284,data/raw/wave1_selection.json,b1272041db1364831db88d72b114cca8f67e70416c3ea4326f99e5d53e1ea677
1392,0,dof_missing;missing_match;unknown_particle,,,,,data/raw/wave1_selection.json,b1272041db1364831db88d72b114cca8f67e70416c3ea4326f99e5d53e1ea677
1441,0,policy_rejected,1.0,0.9993495034319331,level1,2.0335979338201096,data/raw/wave1_selection.json,b1272041db1364831db88d72b114cca8f67e70416c3ea4326f99e5d53e1ea677
1494,1,,2.0,0.9997617697146212,level1,0.23719628276012455,data/raw/wave1_selection.json,b1272041db1364831db88d72b114cca8f67e70416c3ea4326f99e5d53e1ea677
1981,0,policy_rejected,1.0,0.999401706593136,level1,3.508080909919191,data/raw/wave1_selection.json,b1272041db1364831db88d72b114cca8f67e70416c3ea4326f99e5d53e1ea677
709,1,,2.0,0.9990294546496061,level1,0.3612170358726371,data/raw/wave1_selection.json,b1272041db1364831db88d72b114cca8f67e70416c3ea4326f99e5d53e1ea677
1887,1,,1.0,0.9988863188506328,level1,0.07498280975086143,data/raw/wave1_selection.json,b1272041db1364831db88d72b114cca8f67e70416c3ea4326f99e5d53e1ea677
1013,0,policy_rejected,1.0,0.9998757457978906,level1,0.9276781321232199,data/raw/wave1_selection.json,b1272041db1364831db88d72b114cca8f67e70416c3ea4326f99e5d53e1ea677
1036,1,,1.0,0.9996566981449629,level1,0.10194293026857154,data/raw/wave1_selection.json,b1272041db1364831db88d72b114cca8f67e70416c3ea4326f99e5d53e1ea677
1466,1,,1.0,0.9999601987526241,level1,0.1099765755011754,data/raw/wave1_selection.json,b1272041db1364831db88d72b114cca8f67e70416c3ea4326f99e5d53e1ea677
868,1,,1.0,0.9998212588456685,level1,1.2324112255862922,data/raw/wave1_selection.json,b1272041db1364831db88d72b114cca8f67e70416c3ea4326f99e5d53e1ea677
1021,0,policy_rejected,1.0,0.9997885867184837,level1,0.1426630393733692,data/raw/wave1_selection.json,b1272041db1364831db88d72b114cca8f67e70416c3ea4326f99e5d53e1ea677
1323,1,,1.0,0.9992886650706949,level1,0.09886732237109278,data/raw/wave1_selection.json,b1272041db1364831db88d72b114cca8f67e70416c3ea4326f99e5d53e1ea677
576,1,,2.0,0.9996981715812658,level1,0.39946259156821934,data/raw/wave1_selection.json,b1272041db1364831db88d72b114cca8f67e70416c3ea4326f99e5d53e1ea677
693,1,,1.0,0.9991557890466982,level1,3.9034026893298615,data/raw/wave1_selection.json,b1272041db1364831db88d72b114cca8f67e70416c3ea4326f99e5d53e1ea677
1406,1,,1.0,0.9995032533733464,level1,1.9548679647566054,data/raw/wave1_selection.json,b1272041db1364831db88d72b114cca8f67e70416c3ea4326f99e5d53e1ea677
1409,0,dof_grade_not_a;policy_rejected,1.0,0.998201129348408,level1,0.49899437587337114,data/raw/wave1_selection.json,b1272041db1364831db88d72b114cca8f67e70416c3ea4326f99e5d53e1ea677
1024,1,,1.0,0.9998264620974707,level1,0.22113352496221106,data/raw/wave1_selection.json,b1272041db1364831db88d72b114cca8f67e70416c3ea4326f99e5d53e1ea677
1939,0,policy_rejected,1.0,0.9988615097634902,level1,0.2022404499183968,data/raw/wave1_selection.json,b1272041db1364831db88d72b114cca8f67e70416c3ea4326f99e5d53e1ea677
430,1,,2.0,0.999491850595042,level1,0.04731017287816376,data/raw/wave1_selection.json,b1272041db1364831db88d72b114cca8f67e70416c3ea4326f99e5d53e1ea677
1535,0,dof_grade_not_a,3.0,0.9986353765341572,level1,0.09675212863549351,data/raw/wave1_selection.json,b1272041db1364831db88d72b114cca8f67e70416c3ea4326f99e5d53e1ea677
858,0,dof_grade_not_a,1.0,0.9976932326415969,level1,2.5363676006816305,data/raw/wave1_selection.json,b1272041db1364831db88d72b114cca8f67e70416c3ea4326f99e5d53e1ea677
1240,1,,1.0,0.9992398423157375,level1,1.912526500373683,data/raw/wave1_selection.json,b1272041db1364831db88d72b114cca8f67e70416c3ea4326f99e5d53e1ea677
429,1,,2.0,0.9995115583503541,level1,0.8968190782810167,data/raw/wave1_selection.json,b1272041db1364831db88d72b114cca8f67e70416c3ea4326f99e5d53e1ea677
887,1,,2.0,0.9999040722900668,level1,1.277154964366996,data/raw/wave1_selection.json,b1272041db1364831db88d72b114cca8f67e70416c3ea4326f99e5d53e1ea677
641,1,,1.0,0.9998658510111889,level1,2.8773713471314353,data/raw/wave1_selection.json,b1272041db1364831db88d72b114cca8f67e70416c3ea4326f99e5d53e1ea677
1201,1,,2.0,0.9994815369092835,level1,0.11168898556621853,data/raw/wave1_selection.json,b1272041db1364831db88d72b114cca8f67e70416c3ea4326f99e5d53e1ea677
724,0,dof_missing;missing_match;unknown_particle,,,,,data/raw/wave1_selection.json,b1272041db1364831db88d72b114cca8f67e70416c3ea4326f99e5d53e1ea677
1199,1,,2.0,0.9994568225212512,level1,0.2833719666570709,data/raw/wave1_selection.json,b1272041db1364831db88d72b114cca8f67e70416c3ea4326f99e5d53e1ea677
968,0,dof_grade_not_a;policy_rejected,1.0,0.00039109760002777776,none,0.014470643303529492,data/raw/wave1_selection.json,b1272041db1364831db88d72b114cca8f67e70416c3ea4326f99e5d53e1ea677
437,1,,2.0,0.9999135795138583,level1,1.2326350139247046,data/raw/wave1_selection.json,b1272041db1364831db88d72b114cca8f67e70416c3ea4326f99e5d53e1ea677
1580,1,,1.0,0.9999489713172053,level1,2.09172839491357,data/raw/wave1_selection.json,b1272041db1364831db88d72b114cca8f67e70416c3ea4326f99e5d53e1ea677
758,1,,2.0,0.9989595518313954,level1,0.8995060054426792,data/raw/wave1_selection.json,b1272041db1364831db88d72b114cca8f67e70416c3ea4326f99e5d53e1ea677
575,1,,1.0,0.9996613228882942,level1,0.2096556798068894,data/raw/wave1_selection.json,b1272041db1364831db88d72b114cca8f67e70416c3ea4326f99e5d53e1ea677
830,0,dof_grade_not_a,2.0,0.9991367323113994,level1,0.945569165269454,data/raw/wave1_selection.json,b1272041db1364831db88d72b114cca8f67e70416c3ea4326f99e5d53e1ea677
1936,1,,2.0,0.9997228178186592,level1,0.19745101985097893,data/raw/wave1_selection.json,b1272041db1364831db88d72b114cca8f67e70416c3ea4326f99e5d53e1ea677
1753,0,policy_rejected,2.0,0.9998809078549006,level1,0.44039601159471753,data/raw/wave1_selection.json,b1272041db1364831db88d72b114cca8f67e70416c3ea4326f99e5d53e1ea677
1701,0,dof_grade_not_a;policy_rejected,1.0,0.9981757735443234,level1,1.564973906834204,data/raw/wave1_selection.json,b1272041db1364831db88d72b114cca8f67e70416c3ea4326f99e5d53e1ea677
552,0,policy_rejected,1.0,0.9997571110077949,level1,0.22754801061634725,data/raw/wave1_selection.json,b1272041db1364831db88d72b114cca8f67e70416c3ea4326f99e5d53e1ea677
1430,0,policy_rejected,1.0,0.999603976026047,level1,0.8727827978144749,data/raw/wave1_selection.json,b1272041db1364831db88d72b114cca8f67e70416c3ea4326f99e5d53e1ea677
596,1,,1.0,0.9994793245491295,level1,2.3024031223798387,data/raw/wave1_selection.json,b1272041db1364831db88d72b114cca8f67e70416c3ea4326f99e5d53e1ea677
1803,0,policy_rejected,1.0,0.9995501234607399,level1,0.10907728403076067,data/raw/wave1_selection.json,b1272041db1364831db88d72b114cca8f67e70416c3ea4326f99e5d53e1ea677
409,1,,1.0,0.9995170419623696,level1,0.8243148418274159,data/raw/wave1_selection.json,b1272041db1364831db88d72b114cca8f67e70416c3ea4326f99e5d53e1ea677
1129,0,policy_rejected,1.0,0.9998528314593923,level1,0.29085707349143103,data/raw/wave1_selection.json,b1272041db1364831db88d72b114cca8f67e70416c3ea4326f99e5d53e1ea677
1391,1,,1.0,0.9993270442305223,level1,2.2354727734527216,data/raw/wave1_selection.json,b1272041db1364831db88d72b114cca8f67e70416c3ea4326f99e5d53e1ea677
1473,1,,1.0,0.9994476638356826,level1,0.22495524604353295,data/raw/wave1_selection.json,b1272041db1364831db88d72b114cca8f67e70416c3ea4326f99e5d53e1ea677
1379,0,policy_rejected,1.0,0.9994591048672973,level1,3.443595950464041,data/raw/wave1_selection.json,b1272041db1364831db88d72b114cca8f67e70416c3ea4326f99e5d53e1ea677
356,0,dof_grade_not_a;policy_rejected,1.0,0.9965910245803786,level1,0.17134664514422254,data/raw/wave1_selection.json,b1272041db1364831db88d72b114cca8f67e70416c3ea4326f99e5d53e1ea677
19,0,policy_rejected,2.0,0.9999255232706177,level1,0.09307469317313326,data/raw/wave1_selection.json,b1272041db1364831db88d72b114cca8f67e70416c3ea4326f99e5d53e1ea677
1967,0,dof_grade_not_a,2.0,0.9994112649284366,level1,1.0419706030865479,data/raw/wave1_selection.json,b1272041db1364831db88d72b114cca8f67e70416c3ea4326f99e5d53e1ea677
958,1,,1.0,0.9997356976565452,level1,0.2812086368791464,data/raw/wave1_selection.json,b1272041db1364831db88d72b114cca8f67e70416c3ea4326f99e5d53e1ea677
1258,0,dof_grade_not_a,1.0,1.9701293421385096e-05,none,0.07216792529720095,data/raw/wave1_selection.json,b1272041db1364831db88d72b114cca8f67e70416c3ea4326f99e5d53e1ea677
114,0,dof_grade_not_a,1.0,0.9985275795399335,level1,0.06478589113035496,data/raw/wave1_selection.json,b1272041db1364831db88d72b114cca8f67e70416c3ea4326f99e5d53e1ea677
1991,1,,2.0,0.9993605775114428,level1,0.7087268653183072,data/raw/wave1_selection.json,b1272041db1364831db88d72b114cca8f67e70416c3ea4326f99e5d53e1ea677
408,0,policy_rejected,1.0,0.9990333913952201,level1,0.08379557026204476,data/raw/wave1_selection.json,b1272041db1364831db88d72b114cca8f67e70416c3ea4326f99e5d53e1ea677
1294,1,,1.0,0.9997245115644172,level1,0.35089673095518154,data/raw/wave1_selection.json,b1272041db1364831db88d72b114cca8f67e70416c3ea4326f99e5d53e1ea677
421,0,policy_rejected,1.0,0.9995328052470324,level1,1.0975086334163742,data/raw/wave1_selection.json,b1272041db1364831db88d72b114cca8f67e70416c3ea4326f99e5d53e1ea677
88,0,policy_rejected,1.0,0.9989989184329515,level1,0.1102515215316558,data/raw/wave1_selection.json,b1272041db1364831db88d72b114cca8f67e70416c3ea4326f99e5d53e1ea677
1632,0,policy_rejected,2.0,0.9995741447286511,level1,0.618002747399908,data/raw/wave1_selection.json,b1272041db1364831db88d72b114cca8f67e70416c3ea4326f99e5d53e1ea677
327,1,,1.0,0.9992635967366632,level1,0.08408688331180274,data/raw/wave1_selection.json,b1272041db1364831db88d72b114cca8f67e70416c3ea4326f99e5d53e1ea677
1812,0,dof_grade_not_a,1.0,1.1106100763670523e-08,none,0.22134301628856787,data/raw/wave1_selection.json,b1272041db1364831db88d72b114cca8f67e70416c3ea4326f99e5d53e1ea677
1325,0,dof_grade_not_a;policy_rejected,1.0,0.0006476377767126306,none,1.0545287284853133,data/raw/wave1_selection.json,b1272041db1364831db88d72b114cca8f67e70416c3ea4326f99e5d53e1ea677
873,0,policy_rejected,2.0,0.9995335249651859,level1,0.415009431499685,data/raw/wave1_selection.json,b1272041db1364831db88d72b114cca8f67e70416c3ea4326f99e5d53e1ea677
1257,0,policy_rejected,1.0,0.9996649233734928,level1,1.6720706772643155,data/raw/wave1_selection.json,b1272041db1364831db88d72b114cca8f67e70416c3ea4326f99e5d53e1ea677
1813,0,policy_rejected,2.0,0.9995458014192748,level1,0.31277048357432036,data/raw/wave1_selection.json,b1272041db1364831db88d72b114cca8f67e70416c3ea4326f99e5d53e1ea677
614,0,policy_rejected,1.0,0.9995149233550552,level1,0.21052384932984058,data/raw/wave1_selection.json,b1272041db1364831db88d72b114cca8f67e70416c3ea4326f99e5d53e1ea677
1317,1,,2.0,0.9997429553067946,level1,0.30572316458721166,data/raw/wave1_selection.json,b1272041db1364831db88d72b114cca8f67e70416c3ea4326f99e5d53e1ea677
1439,1,,1.0,0.9994132860348818,level1,0.6728732517816844,data/raw/wave1_selection.json,b1272041db1364831db88d72b114cca8f67e70416c3ea4326f99e5d53e1ea677
1486,1,,1.0,0.9999490657155126,level1,0.2008147647600439,data/raw/wave1_selection.json,b1272041db1364831db88d72b114cca8f67e70416c3ea4326f99e5d53e1ea677
1514,0,dof_grade_not_a,2.0,0.999712497752434,level1,0.021376960772457775,data/raw/wave1_selection.json,b1272041db1364831db88d72b114cca8f67e70416c3ea4326f99e5d53e1ea677
12,0,dof_grade_not_a,1.0,0.9997798078841914,level1,0.08718791629619754,data/raw/wave1_selection.json,b1272041db1364831db88d72b114cca8f67e70416c3ea4326f99e5d53e1ea677
282,0,dof_grade_not_a,1.0,0.9982273450901261,level1,0.7196492060116937,data/raw/wave1_selection.json,b1272041db1364831db88d72b114cca8f67e70416c3ea4326f99e5d53e1ea677
616,0,dof_grade_not_a;policy_rejected,1.0,0.9986321710436377,level1,0.5585505803327268,data/raw/wave1_selection.json,b1272041db1364831db88d72b114cca8f67e70416c3ea4326f99e5d53e1ea677
1388,1,,1.0,0.999279386517172,level1,0.3401764137092454,data/raw/wave1_selection.json,b1272041db1364831db88d72b114cca8f67e70416c3ea4326f99e5d53e1ea677
617,0,policy_rejected,3.0,0.9994292239978461,level1,0.030583380735414434,data/raw/wave1_selection.json,b1272041db1364831db88d72b114cca8f67e70416c3ea4326f99e5d53e1ea677
1296,0,dof_grade_not_a,1.0,0.9994043643918801,level1,3.1215109646162986,data/raw/wave1_selection.json,b1272041db1364831db88d72b114cca8f67e70416c3ea4326f99e5d53e1ea677
846,0,dof_grade_not_a,1.0,0.00010920422146132024,none,0.6468518761671899,data/raw/wave1_selection.json,b1272041db1364831db88d72b114cca8f67e70416c3ea4326f99e5d53e1ea677
986,0,dof_grade_not_a,1.0,0.9985335986038488,level1,1.008454047661835,data/raw/wave1_selection.json,b1272041db1364831db88d72b114cca8f67e70416c3ea4326f99e5d53e1ea677
479,1,,2.0,0.9996044835043802,level1,0.01371357731431753,data/raw/wave1_selection.json,b1272041db1364831db88d72b114cca8f67e70416c3ea4326f99e5d53e1ea677
354,1,,2.0,0.9993735870652403,level1,0.08498890630022068,data/raw/wave1_selection.json,b1272041db1364831db88d72b114cca8f67e70416c3ea4326f99e5d53e1ea677
240,0,dof_grade_not_a,1.0,0.9980751921664344,level1,0.20012361496909226,data/raw/wave1_selection.json,b1272041db1364831db88d72b114cca8f67e70416c3ea4326f99e5d53e1ea677
1371,1,,1.0,0.9994342389037039,level1,0.03808240297942822,data/raw/wave1_selection.json,b1272041db1364831db88d72b114cca8f67e70416c3ea4326f99e5d53e1ea677
875,0,dof_grade_not_a,1.0,0.9974320749025627,level1,0.04183655366181094,data/raw/wave1_selection.json,b1272041db1364831db88d72b114cca8f67e70416c3ea4326f99e5d53e1ea677
948,1,,1.0,0.9991996033064882,level1,3.3888058600597093,data/raw/wave1_selection.json,b1272041db1364831db88d72b114cca8f67e70416c3ea4326f99e5d53e1ea677
585,0,policy_rejected,2.0,0.9997639507780293,level1,1.6082002002999538,data/raw/wave1_selection.json,b1272041db1364831db88d72b114cca8f67e70416c3ea4326f99e5d53e1ea677
483,1,,2.0,0.9995737879727665,level1,0.37953478980511757,data/raw/wave1_selection.json,b1272041db1364831db88d72b114cca8f67e70416c3ea4326f99e5d53e1ea677
100,0,dof_grade_not_a;policy_rejected,1.0,0.00023912462439213298,none,0.6587277824127242,data/raw/wave1_selection.json,b1272041db1364831db88d72b114cca8f67e70416c3ea4326f99e5d53e1ea677
1238,0,policy_rejected,1.0,0.9997598147216893,level1,0.217944777801382,data/raw/wave1_selection.json,b1272041db1364831db88d72b114cca8f67e70416c3ea4326f99e5d53e1ea677
1066,1,,1.0,0.9991441142906365,level1,0.052932368251883945,data/raw/wave1_selection.json,b1272041db1364831db88d72b114cca8f67e70416c3ea4326f99e5d53e1ea677
560,1,,1.0,0.9996332670326169,level1,0.04154653347422765,data/raw/wave1_selection.json,b1272041db1364831db88d72b114cca8f67e70416c3ea4326f99e5d53e1ea677
1123,0,policy_rejected,1.0,0.9991875970342952,level1,3.5933449262665484,data/raw/wave1_selection.json,b1272041db1364831db88d72b114cca8f67e70416c3ea4326f99e5d53e1ea677
743,0,dof_grade_not_a;policy_rejected,1.0,2.7073885708534272e-05,none,0.3007158486428053,data/raw/wave1_selection.json,b1272041db1364831db88d72b114cca8f67e70416c3ea4326f99e5d53e1ea677
649,1,,1.0,0.9991781597344364,level1,3.1210135612995424,data/raw/wave1_selection.json,b1272041db1364831db88d72b114cca8f67e70416c3ea4326f99e5d53e1ea677
178,0,policy_rejected,2.0,0.9998685927189271,level1,0.12570086310747874,data/raw/wave1_selection.json,b1272041db1364831db88d72b114cca8f67e70416c3ea4326f99e5d53e1ea677
1222,1,,1.0,0.9996730292914654,level1,0.4223070793846428,data/raw/wave1_selection.json,b1272041db1364831db88d72b114cca8f67e70416c3ea4326f99e5d53e1ea677
1426,0,dof_grade_not_a;missing_match;unknown_particle,1.0,0.0007325446643447373,none,,data/raw/wave1_selection.json,b1272041db1364831db88d72b114cca8f67e70416c3ea4326f99e5d53e1ea677
864,0,dof_grade_not_a,2.0,0.9972082549412377,level1,0.9950169029923608,data/raw/wave1_selection.json,b1272041db1364831db88d72b114cca8f67e70416c3ea4326f99e5d53e1ea677
1212,0,policy_rejected,1.0,0.9998569153690658,level1,1.1428313578614595,data/raw/wave1_selection.json,b1272041db1364831db88d72b114cca8f67e70416c3ea4326f99e5d53e1ea677
434,1,,2.0,0.9997108452464218,level1,0.5879504969031512,data/raw/wave1_selection.json,b1272041db1364831db88d72b114cca8f67e70416c3ea4326f99e5d53e1ea677
365,1,,2.0,0.9995368600198862,level1,0.7089617994582291,data/raw/wave1_selection.json,b1272041db1364831db88d72b114cca8f67e70416c3ea4326f99e5d53e1ea677
1513,1,,1.0,0.9996351457564888,level1,0.2403449796551674,data/raw/wave1_selection.json,b1272041db1364831db88d72b114cca8f67e70416c3ea4326f99e5d53e1ea677
558,0,policy_rejected,1.0,0.99904062834003,level1,0.07801908891375003,data/raw/wave1_selection.json,b1272041db1364831db88d72b114cca8f67e70416c3ea4326f99e5d53e1ea677
1216,1,,1.0,0.9991232668091992,level1,0.11805319634133524,data/raw/wave1_selection.json,b1272041db1364831db88d72b114cca8f67e70416c3ea4326f99e5d53e1ea677
1712,1,,1.0,0.999527592231837,level1,0.09402716264932001,data/raw/wave1_selection.json,b1272041db1364831db88d72b114cca8f67e70416c3ea4326f99e5d53e1ea677
1995,0,policy_rejected,1.0,0.9987924666122473,level1,0.28077297869226947,data/raw/wave1_selection.json,b1272041db1364831db88d72b114cca8f67e70416c3ea4326f99e5d53e1ea677
1866,0,dof_grade_not_a,1.0,0.9985311489837988,level1,1.8714329121417257,data/raw/wave1_selection.json,b1272041db1364831db88d72b114cca8f67e70416c3ea4326f99e5d53e1ea677
79,0,dof_grade_not_a;policy_rejected,1.0,0.9987782340954845,level1,0.40539350897376436,data/raw/wave1_selection.json,b1272041db1364831db88d72b114cca8f67e70416c3ea4326f99e5d53e1ea677
1067,1,,1.0,0.9992946525645668,level1,2.4305231334738377,data/raw/wave1_selection.json,b1272041db1364831db88d72b114cca8f67e70416c3ea4326f99e5d53e1ea677
194,1,,2.0,0.9997789675133537,level1,0.9055687121266021,data/raw/wave1_selection.json,b1272041db1364831db88d72b114cca8f67e70416c3ea4326f99e5d53e1ea677
126,0,policy_rejected,1.0,0.9992793665329415,level1,0.8311336496818861,data/raw/wave1_selection.json,b1272041db1364831db88d72b114cca8f67e70416c3ea4326f99e5d53e1ea677
208,0,dof_grade_not_a,3.0,0.9989440500973765,level1,0.03975119950622448,data/raw/wave1_selection.json,b1272041db1364831db88d72b114cca8f67e70416c3ea4326f99e5d53e1ea677
1403,0,policy_rejected,1.0,0.9997562864624719,level1,0.7201618126612762,data/raw/wave1_selection.json,b1272041db1364831db88d72b114cca8f67e70416c3ea4326f99e5d53e1ea677
110,1,,1.0,0.9990752830605903,level1,0.7461098161945191,data/raw/wave1_selection.json,b1272041db1364831db88d72b114cca8f67e70416c3ea4326f99e5d53e1ea677
281,1,,2.0,0.9998285946661511,level1,0.17031107998963113,data/raw/wave1_selection.json,b1272041db1364831db88d72b114cca8f67e70416c3ea4326f99e5d53e1ea677
971,0,dof_grade_not_a,2.0,0.9990458068680222,level1,1.1988408510971456,data/raw/wave1_selection.json,b1272041db1364831db88d72b114cca8f67e70416c3ea4326f99e5d53e1ea677
1156,1,,1.0,0.9993562948569135,level1,1.1823927067887716,data/raw/wave1_selection.json,b1272041db1364831db88d72b114cca8f67e70416c3ea4326f99e5d53e1ea677
725,0,dof_grade_not_a;policy_rejected,1.0,0.9986052055080568,level1,0.4307371819284196,data/raw/wave1_selection.json,b1272041db1364831db88d72b114cca8f67e70416c3ea4326f99e5d53e1ea677
715,0,policy_rejected,1.0,0.9993568294729254,level1,0.6308772594035071,data/raw/wave1_selection.json,b1272041db1364831db88d72b114cca8f67e70416c3ea4326f99e5d53e1ea677
1556,0,dof_grade_not_a,2.0,0.9986520129233971,level1,1.693204477839793,data/raw/wave1_selection.json,b1272041db1364831db88d72b114cca8f67e70416c3ea4326f99e5d53e1ea677
1299,0,policy_rejected,1.0,0.9991142226989213,level1,1.2950706368309814,data/raw/wave1_selection.json,b1272041db1364831db88d72b114cca8f67e70416c3ea4326f99e5d53e1ea677
1954,0,dof_grade_not_a,1.0,4.754251529701916e-06,none,0.3920501904207682,data/raw/wave1_selection.json,b1272041db1364831db88d72b114cca8f67e70416c3ea4326f99e5d53e1ea677
600,1,,2.0,0.9995278570996428,level1,1.067019326513406,data/raw/wave1_selection.json,b1272041db1364831db88d72b114cca8f67e70416c3ea4326f99e5d53e1ea677
1190,0,policy_rejected,1.0,0.9995011850808799,level1,0.8870020281998828,data/raw/wave1_selection.json,b1272041db1364831db88d72b114cca8f67e70416c3ea4326f99e5d53e1ea677
1885,1,,2.0,0.9990001538108799,level1,1.2952635920681825,data/raw/wave1_selection.json,b1272041db1364831db88d72b114cca8f67e70416c3ea4326f99e5d53e1ea677
453,1,,2.0,0.9998361543570919,level1,0.6191753745949872,data/raw/wave1_selection.json,b1272041db1364831db88d72b114cca8f67e70416c3ea4326f99e5d53e1ea677
271,1,,1.0,0.9995466573104282,level1,0.9091200023108512,data/raw/wave1_selection.json,b1272041db1364831db88d72b114cca8f67e70416c3ea4326f99e5d53e1ea677
1376,1,,1.0,0.9992298596849474,level1,0.5849779715007325,data/raw/wave1_selection.json,b1272041db1364831db88d72b114cca8f67e70416c3ea4326f99e5d53e1ea677
20,1,,2.0,0.9989325026200192,level1,1.1608543714041546,data/raw/wave1_selection.json,b1272041db1364831db88d72b114cca8f67e70416c3ea4326f99e5d53e1ea677
784,0,dof_grade_not_a,2.0,0.9994264449630084,level1,0.04992349500127527,data/raw/wave1_selection.json,b1272041db1364831db88d72b114cca8f67e70416c3ea4326f99e5d53e1ea677
1669,1,,1.0,0.9993021121048006,level1,0.19341842741454252,data/raw/wave1_selection.json,b1272041db1364831db88d72b114cca8f67e70416c3ea4326f99e5d53e1ea677
739,0,policy_rejected,1.0,0.9995634064617208,level1,0.8035028749649714,data/raw/wave1_selection.json,b1272041db1364831db88d72b114cca8f67e70416c3ea4326f99e5d53e1ea677
1198,1,,1.0,0.9995303208080388,level1,0.08261033086947195,data/raw/wave1_selection.json,b1272041db1364831db88d72b114cca8f67e70416c3ea4326f99e5d53e1ea677
1872,1,,2.0,0.9995167511283795,level1,0.9659679173954935,data/raw/wave1_selection.json,b1272041db1364831db88d72b114cca8f67e70416c3ea4326f99e5d53e1ea677
84,0,dof_grade_not_a,1.0,0.00022110024687095343,none,0.8159875917006353,data/raw/wave1_selection.json,b1272041db1364831db88d72b114cca8f67e70416c3ea4326f99e5d53e1ea677
1245,1,,1.0,0.99922240768577,level1,0.1103946779802697,data/raw/wave1_selection.json,b1272041db1364831db88d72b114cca8f67e70416c3ea4326f99e5d53e1ea677
1562,0,dof_grade_not_a;policy_rejected,1.0,0.9986456378641386,level1,0.6894194386860258,data/raw/wave1_selection.json,b1272041db1364831db88d72b114cca8f67e70416c3ea4326f99e5d53e1ea677
597,0,policy_rejected,1.0,0.9996608430814115,level1,3.460330324896698,data/raw/wave1_selection.json,b1272041db1364831db88d72b114cca8f67e70416c3ea4326f99e5d53e1ea677
81,1,,1.0,0.9988410875413711,level1,0.27869111365235005,data/raw/wave1_selection.json,b1272041db1364831db88d72b114cca8f67e70416c3ea4326f99e5d53e1ea677
1748,0,policy_rejected,1.0,0.9991107329072811,level1,0.026916373061671415,data/raw/wave1_selection.json,b1272041db1364831db88d72b114cca8f67e70416c3ea4326f99e5d53e1ea677
372,0,policy_rejected,2.0,0.9994882419044573,level1,1.6362286972377116,data/raw/wave1_selection.json,b1272041db1364831db88d72b114cca8f67e70416c3ea4326f99e5d53e1ea677
1288,0,dof_grade_not_a;policy_rejected,1.0,0.998655024096324,level1,2.7417747212741737,data/raw/wave1_selection.json,b1272041db1364831db88d72b114cca8f67e70416c3ea4326f99e5d53e1ea677
1787,0,policy_rejected,2.0,0.9995506380882944,level1,0.14691685610276933,data/raw/wave1_selection.json,b1272041db1364831db88d72b114cca8f67e70416c3ea4326f99e5d53e1ea677
163,0,policy_rejected,2.0,0.9998456779990681,level1,0.4011046532965115,data/raw/wave1_selection.json,b1272041db1364831db88d72b114cca8f67e70416c3ea4326f99e5d53e1ea677
1684,0,policy_rejected,2.0,0.9995347393083501,level1,0.24943022767046574,data/raw/wave1_selection.json,b1272041db1364831db88d72b114cca8f67e70416c3ea4326f99e5d53e1ea677
297,1,,2.0,0.9993175579780363,level1,0.22904400454781268,data/raw/wave1_selection.json,b1272041db1364831db88d72b114cca8f67e70416c3ea4326f99e5d53e1ea677
270,0,dof_grade_not_a,3.0,0.9997881612144264,level1,0.22157810076843784,data/raw/wave1_selection.json,b1272041db1364831db88d72b114cca8f67e70416c3ea4326f99e5d53e1ea677
1064,0,dof_missing;missing_match;unknown_particle,,,,,data/raw/wave1_selection.json,b1272041db1364831db88d72b114cca8f67e70416c3ea4326f99e5d53e1ea677
149,1,,1.0,0.9993230744015605,level1,0.8773208400892996,data/raw/wave1_selection.json,b1272041db1364831db88d72b114cca8f67e70416c3ea4326f99e5d53e1ea677
1854,0,policy_rejected,2.0,0.999621086597634,level1,0.5076089874130318,data/raw/wave1_selection.json,b1272041db1364831db88d72b114cca8f67e70416c3ea4326f99e5d53e1ea677
72,0,dof_grade_not_a,2.0,0.9988153218102211,level1,0.045553559488928946,data/raw/wave1_selection.json,b1272041db1364831db88d72b114cca8f67e70416c3ea4326f99e5d53e1ea677
1511,0,dof_grade_not_a;policy_rejected,1.0,0.0003165115451026703,none,0.6435704242143198,data/raw/wave1_selection.json,b1272041db1364831db88d72b114cca8f67e70416c3ea4326f99e5d53e1ea677
155,0,policy_rejected,1.0,0.9995353563218874,level1,1.3499847020010267,data/raw/wave1_selection.json,b1272041db1364831db88d72b114cca8f67e70416c3ea4326f99e5d53e1ea677
1109,1,,2.0,0.9994715072571637,level1,0.5514609717795437,data/raw/wave1_selection.json,b1272041db1364831db88d72b114cca8f67e70416c3ea4326f99e5d53e1ea677
481,1,,1.0,0.9993697156268059,level1,0.15395405990114883,data/raw/wave1_selection.json,b1272041db1364831db88d72b114cca8f67e70416c3ea4326f99e5d53e1ea677
1836,1,,1.0,0.9997750737447592,level1,0.455097563200783,data/raw/wave1_selection.json,b1272041db1364831db88d72b114cca8f67e70416c3ea4326f99e5d53e1ea677
417,1,,2.0,0.9988390416065134,level1,0.39538050509223327,data/raw/wave1_selection.json,b1272041db1364831db88d72b114cca8f67e70416c3ea4326f99e5d53e1ea677
107,0,dof_grade_not_a,1.0,0.9986955576882097,level1,1.070869089913104,data/raw/wave1_selection.json,b1272041db1364831db88d72b114cca8f67e70416c3ea4326f99e5d53e1ea677
1378,1,,2.0,0.9994990284802864,level1,1.1088753285607345,data/raw/wave1_selection.json,b1272041db1364831db88d72b114cca8f67e70416c3ea4326f99e5d53e1ea677
1817,1,,1.0,0.9989913919801273,level1,0.8281059340631386,data/raw/wave1_selection.json,b1272041db1364831db88d72b114cca8f67e70416c3ea4326f99e5d53e1ea677
1256,0,dof_grade_not_a,1.0,0.9982542955021082,level1,0.9909217629692666,data/raw/wave1_selection.json,b1272041db1364831db88d72b114cca8f67e70416c3ea4326f99e5d53e1ea677
1332,0,policy_rejected,1.0,0.9991769730383068,level1,1.5613973506860277,data/raw/wave1_selection.json,b1272041db1364831db88d72b114cca8f67e70416c3ea4326f99e5d53e1ea677
1558,1,,1.0,0.9992411492665948,level1,3.38976481500783,data/raw/wave1_selection.json,b1272041db1364831db88d72b114cca8f67e70416c3ea4326f99e5d53e1ea677
1820,1,,1.0,0.9996950122138565,level1,1.0096243653458483,data/raw/wave1_selection.json,b1272041db1364831db88d72b114cca8f67e70416c3ea4326f99e5d53e1ea677
123,1,,2.0,0.9993982196476209,level1,0.20116072882398467,data/raw/wave1_selection.json,b1272041db1364831db88d72b114cca8f67e70416c3ea4326f99e5d53e1ea677
1612,0,dof_grade_not_a,2.0,0.9993539391906315,level1,0.09897640502047399,data/raw/wave1_selection.json,b1272041db1364831db88d72b114cca8f67e70416c3ea4326f99e5d53e1ea677
629,0,policy_rejected,1.0,0.9991252242326477,level1,0.17984868440100873,data/raw/wave1_selection.json,b1272041db1364831db88d72b114cca8f67e70416c3ea4326f99e5d53e1ea677
1146,1,,1.0,0.999644017901559,level1,1.1961202286939907,data/raw/wave1_selection.json,b1272041db1364831db88d72b114cca8f67e70416c3ea4326f99e5d53e1ea677
9,0,dof_grade_not_a,1.0,0.9981224139681497,level1,0.43694667405117404,data/raw/wave1_selection.json,b1272041db1364831db88d72b114cca8f67e70416c3ea4326f99e5d53e1ea677
1952,1,,2.0,0.9998204369346398,level1,0.0011729271765386323,data/raw/wave1_selection.json,b1272041db1364831db88d72b114cca8f67e70416c3ea4326f99e5d53e1ea677
685,1,,2.0,0.9997742763937617,level1,1.2412222114388762,data/raw/wave1_selection.json,b1272041db1364831db88d72b114cca8f67e70416c3ea4326f99e5d53e1ea677
197,1,,2.0,0.999932161243228,level1,1.1413152836767035,data/raw/wave1_selection.json,b1272041db1364831db88d72b114cca8f67e70416c3ea4326f99e5d53e1ea677
1138,1,,2.0,0.9990710126685062,level1,0.05426359264340821,data/raw/wave1_selection.json,b1272041db1364831db88d72b114cca8f67e70416c3ea4326f99e5d53e1ea677
1346,0,policy_rejected,2.0,0.9992114686665414,level1,0.20951130034962212,data/raw/wave1_selection.json,b1272041db1364831db88d72b114cca8f67e70416c3ea4326f99e5d53e1ea677
790,1,,2.0,0.999524040462901,level1,0.1449736269375425,data/raw/wave1_selection.json,b1272041db1364831db88d72b114cca8f67e70416c3ea4326f99e5d53e1ea677
977,1,,2.0,0.9999274484864227,level1,0.12359855182008782,data/raw/wave1_selection.json,b1272041db1364831db88d72b114cca8f67e70416c3ea4326f99e5d53e1ea677
33,0,dof_grade_not_a,1.0,1.3142890565735081e-12,none,0.5482998130850089,data/raw/wave1_selection.json,b1272041db1364831db88d72b114cca8f67e70416c3ea4326f99e5d53e1ea677
328,0,dof_grade_not_a,2.0,0.9986682368879098,level1,0.11106434577871595,data/raw/wave1_selection.json,b1272041db1364831db88d72b114cca8f67e70416c3ea4326f99e5d53e1ea677
379,0,policy_rejected,1.0,0.9994723191139729,level1,1.155525629149151,data/raw/wave1_selection.json,b1272041db1364831db88d72b114cca8f67e70416c3ea4326f99e5d53e1ea677
717,0,policy_rejected,1.0,0.999022800863909,level1,3.739916502200836,data/raw/wave1_selection.json,b1272041db1364831db88d72b114cca8f67e70416c3ea4326f99e5d53e1ea677
1818,0,policy_rejected,1.0,0.9996579679339778,level1,3.4993971157060297,data/raw/wave1_selection.json,b1272041db1364831db88d72b114cca8f67e70416c3ea4326f99e5d53e1ea677
1534,0,policy_rejected,1.0,0.9990653324626351,level1,0.6209346238906545,data/raw/wave1_selection.json,b1272041db1364831db88d72b114cca8f67e70416c3ea4326f99e5d53e1ea677
11,1,,1.0,0.9991425342810167,level1,1.055238170993189,data/raw/wave1_selection.json,b1272041db1364831db88d72b114cca8f67e70416c3ea4326f99e5d53e1ea677
