best_target,reason,run_id,s2_state,structure_tier
pion,filters,0.0,none,level1
pion,filters,1.0,none,level1
pion,filters,2.0,none,level1
pion,filters,3.0,none,level1
pion,filters,4.0,none,none
pion,filters,5.0,none,level1
pion,filters,6.0,none,level1
pion,filters,7.0,none,level1
pion,filters,8.0,none,none
pion,filters,9.0,none,level1
pion,filters,10.0,none,none
pion,filters,11.0,none,level1
pion,filters,12.0,none,level1
pion,filters,13.0,none,level1
pion,filters,14.0,none,level1
pion,filters,15.0,none,level2
pion,filters,16.0,none,level1
pion,filters,17.0,none,level1
pion,filters,18.0,none,level1
pion,filters,19.0,none,level2
pion,filters,20.0,none,level1
pion,filters,21.0,none,level1
pion,filters,22.0,none,level1
pion,filters,23.0,none,level1
pion,filters,24.0,none,level1
pion,filters,25.0,none,level1
pion,filters,26.0,none,level1
pion,filters,27.0,none,level1
pion,filters,28.0,none,level1
pion,filters,29.0,none,none
pion,filters,30.0,latent,level2
pion,filters,31.0,none,level1
pion,filters,32.0,none,level2
pion,filters,33.0,none,level1
pion,filters,34.0,none,none
pion,filters,35.0,none,level1
pion,filters,36.0,none,level1
pion,filters,37.0,none,level1
pion,filters,38.0,none,level1
pion,filters,39.0,none,level1
pion,filters,40.0,none,level1
pion,filters,41.0,none,level1
pion,filters,42.0,none,level1
pion,filters,43.0,none,level1
pion,filters,44.0,none,level1
pion,filters,45.0,none,level1
pion,filters,46.0,none,level1
pion,filters,47.0,none,level1
pion,filters,48.0,none,level1
pion,filters,49.0,none,level1
pion,filters,50.0,none,level1
pion,filters,51.0,none,level1
pion,filters,52.0,none,level1
pion,filters,53.0,none,level1
pion,filters,54.0,none,level1
pion,filters,55.0,none,level1
pion,filters,56.0,none,level1
pion,filters,57.0,none,level1
pion,filters,58.0,none,none
pion,filters,59.0,none,level1
pion,filters,60.0,none,level1
pion,filters,61.0,latent,none
pion,filters,62.0,none,level1
pion,filters,63.0,none,level1
pion,filters,64.0,none,level1
pion,filters,65.0,none,level1
pion,filters,66.0,latent,none
pion,filters,67.0,none,level1
pion,filters,68.0,latent,none
pion,filters,69.0,none,level1
pion,filters,70.0,none,level1
pion,filters,71.0,none,level1
pion,filters,72.0,none,level1
pion,filters,73.0,none,none
pion,filters,74.0,latent,none
pion,filters,75.0,structural,none
pion,filters,76.0,none,level1
pion,filters,77.0,none,level1
pion,filters,78.0,latent,none
pion,filters,79.0,none,level1
pion,filters,80.0,none,level2
pion,filters,81.0,none,level1
pion,filters,82.0,none,level1
pion,filters,83.0,none,level1
pion,filters,84.0,none,level1
pion,filters,85.0,none,level1
pion,filters,86.0,none,level1
pion,filters,87.0,none,level2
pion,filters,88.0,latent,level2
pion,filters,89.0,none,level1
pion,filters,90.0,none,level1
pion,filters,91.0,none,level1
pion,filters,92.0,none,none
pion,filters,93.0,none,level2
pion,filters,94.0,none,level1
pion,filters,95.0,none,level1
pion,filters,96.0,none,level1
pion,filters,97.0,none,level2
pion,filters,98.0,none,level1
pion,filters,99.0,none,level1
pion,filters,100.0,none,level1
pion,filters,101.0,none,level2
pion,filters,102.0,none,level1
pion,filters,103.0,none,level1
pion,filters,104.0,none,level2
pion,filters,105.0,none,level1
pion,filters,106.0,none,level1
pion,filters,107.0,none,level1
pion,filters,108.0,none,level1
pion,filters,109.0,none,level1
pion,filters,110.0,none,level1
pion,filters,111.0,none,level1
pion,filters,112.0,none,level1
pion,filters,113.0,none,none
pion,filters,114.0,none,level1
pion,filters,115.0,none,level1
pion,filters,116.0,none,level1
pion,filters,117.0,none,level1
pion,filters,118.0,none,none
pion,filters,119.0,none,level1
pion,filters,120.0,none,level1
pion,filters,121.0,none,level1
pion,filters,122.0,none,level1
pion,filters,123.0,none,level1
pion,filters,124.0,none,level1
pion,filters,125.0,none,level1
pion,filters,126.0,none,level1
pion,filters,127.0,none,level2
pion,filters,128.0,none,level2
pion,filters,129.0,none,level1
pion,filters,130.0,latent,none
pion,filters,131.0,none,level1
pion,filters,132.0,none,none
pion,filters,133.0,none,none
pion,filters,134.0,none,level1
pion,filters,135.0,none,level1
pion,filters,136.0,none,level1
pion,filters,137.0,none,level1
pion,filters,138.0,none,level2
pion,filters,139.0,none,level1
pion,filters,140.0,none,none
pion,filters,141.0,none,level1
pion,filters,142.0,none,level1
pion,filters,143.0,none,level1
pion,filters,144.0,none,none
pion,filters,145.0,none,none
pion,filters,146.0,none,level1
pion,filters,147.0,none,level1
pion,filters,148.0,none,level1
pion,filters,149.0,none,level1
pion,filters,150.0,none,none
pion,filters,151.0,none,level1
pion,filters,152.0,none,level1
pion,filters,153.0,none,none
pion,filters,154.0,none,level1
pion,filters,155.0,none,level1
pion,filters,156.0,none,level1
pion,filters,157.0,none,level1
pion,filters,158.0,none,level1
pion,filters,159.0,none,level1
pion,filters,160.0,none,level1
pion,filters,161.0,none,level1
pion,filters,162.0,none,level1
pion,filters,163.0,none,level1
pion,filters,164.0,none,level1
pion,filters,165.0,none,level1
pion,filters,166.0,none,level1
pion,filters,167.0,none,level1
pion,filters,168.0,none,level1
pion,filters,169.0,none,level1
pion,filters,170.0,none,level1
pion,filters,171.0,none,level1
pion,filters,172.0,none,level1
pion,filters,173.0,none,level1
pion,filters,174.0,none,none
pion,filters,175.0,none,level1
pion,filters,176.0,none,level1
pion,filters,177.0,none,level1
pion,filters,178.0,none,level1
pion,filters,179.0,none,level1
pion,filters,180.0,none,none
pion,filters,181.0,structural,none
pion,filters,182.0,none,level1
pion,filters,183.0,none,level1
pion,filters,184.0,none,none
pion,filters,185.0,none,level1
pion,filters,186.0,none,none
pion,filters,187.0,none,level1
pion,filters,188.0,none,level1
pion,filters,189.0,none,none
pion,filters,190.0,none,level2
pion,filters,191.0,none,none
pion,filters,192.0,none,level1
pion,filters,193.0,none,level1
pion,filters,194.0,none,level1
pion,filters,195.0,none,level1
pion,filters,196.0,none,level1
pion,filters,197.0,none,level1
pion,filters,198.0,latent,none
pion,filters,199.0,none,level1
pion,filters,200.0,none,level1
pion,filters,201.0,none,level1
pion,filters,202.0,none,level1
pion,filters,203.0,none,level1
pion,filters,204.0,none,level1
pion,filters,205.0,none,level1
pion,filters,206.0,none,level1
pion,filters,207.0,none,level1
pion,filters,208.0,none,level1
pion,filters,209.0,structural,none
pion,filters,210.0,none,level1
pion,filters,211.0,none,level1
pion,filters,212.0,none,level1
pion,filters,213.0,none,none
pion,filters,214.0,none,level1
pion,filters,215.0,none,level1
pion,filters,216.0,none,level1
pion,filters,217.0,none,none
pion,filters,218.0,none,level1
pion,filters,219.0,none,level1
pion,filters,220.0,none,none
pion,filters,221.0,none,level2
pion,filters,222.0,none,level1
pion,filters,223.0,none,none
pion,filters,224.0,none,level2
pion,filters,225.0,latent,none
pion,filters,226.0,none,none
pion,filters,227.0,none,level1
pion,filters,228.0,none,level1
pion,filters,229.0,none,level2
pion,filters,230.0,none,level1
pion,filters,231.0,none,level1
pion,filters,232.0,none,level1
pion,filters,233.0,none,level1
pion,filters,234.0,none,none
pion,filters,235.0,latent,none
pion,filters,236.0,structural,level3
pion,filters,237.0,none,level1
pion,filters,238.0,none,level1
pion,filters,239.0,none,level1
pion,filters,240.0,none,level1
pion,filters,241.0,none,level1
pion,filters,242.0,none,level1
pion,filters,243.0,none,level1
pion,filters,244.0,none,level1
pion,filters,245.0,none,level1
pion,filters,246.0,none,level1
pion,filters,247.0,none,level1
pion,filters,248.0,none,level1
pion,filters,249.0,none,level1
pion,filters,250.0,none,level1
pion,filters,251.0,none,level1
pion,filters,252.0,none,level1
pion,filters,253.0,none,level1
pion,filters,254.0,none,level2
pion,filters,255.0,none,level1
pion,filters,256.0,none,level1
pion,filters,257.0,none,level1
pion,filters,258.0,none,level1
pion,filters,259.0,none,level1
pion,filters,260.0,none,level1
pion,filters,261.0,none,level1
pion,filters,262.0,none,level1
pion,filters,263.0,none,none
pion,filters,264.0,none,level1
pion,filters,265.0,none,level1
pion,filters,266.0,none,level1
pion,filters,267.0,none,level1
pion,filters,268.0,none,level1
pion,filters,269.0,none,level1
pion,filters,270.0,none,level1
pion,filters,271.0,none,level1
pion,filters,272.0,none,level1
pion,filters,273.0,none,level1
pion,filters,274.0,none,level1
pion,filters,275.0,none,level1
pion,filters,276.0,none,level1
pion,filters,277.0,none,level1
pion,filters,278.0,latent,none
pion,filters,279.0,none,none
pion,filters,280.0,none,level1
pion,filters,281.0,none,level1
pion,filters,282.0,none,level1
pion,filters,283.0,none,level1
pion,filters,284.0,none,level1
pion,filters,285.0,none,none
pion,filters,286.0,none,level1
pion,filters,287.0,none,level1
pion,filters,288.0,none,level1
pion,filters,289.0,none,level1
pion,filters,290.0,none,level2
pion,filters,291.0,none,level1
pion,filters,292.0,none,level1
pion,filters,293.0,none,level1
pion,filters,294.0,none,level1
pion,filters,295.0,none,level1
pion,filters,296.0,none,level1
pion,filters,297.0,none,level1
pion,filters,298.0,none,level1
pion,filters,299.0,none,level1
pion,filters,300.0,none,none
pion,filters,301.0,none,level1
pion,filters,302.0,none,level1
pion,filters,303.0,none,level1
pion,filters,304.0,none,level1
pion,filters,305.0,none,level1
pion,filters,306.0,none,level1
pion,filters,307.0,none,level1
pion,filters,308.0,none,level1
pion,filters,309.0,none,level1
pion,filters,310.0,structural,none
pion,filters,311.0,none,level1
pion,filters,312.0,none,level2
pion,filters,313.0,none,level2
pion,filters,314.0,none,level1
pion,filters,315.0,none,level1
pion,filters,316.0,none,level1
pion,filters,317.0,none,level1
pion,filters,318.0,none,level2
pion,filters,319.0,none,level1
pion,filters,320.0,none,level1
pion,filters,321.0,latent,none
pion,filters,322.0,none,level1
pion,filters,323.0,none,level1
pion,filters,324.0,none,level1
pion,filters,325.0,none,level1
pion,filters,326.0,none,level1
pion,filters,327.0,none,level1
pion,filters,328.0,none,level1
pion,filters,329.0,none,level1
pion,filters,330.0,none,level1
pion,filters,331.0,none,level1
pion,filters,332.0,none,level1
pion,filters,333.0,none,level1
pion,filters,334.0,none,level1
pion,filters,335.0,none,level2
pion,filters,336.0,none,none
pion,filters,337.0,none,level2
pion,filters,338.0,structural,none
pion,filters,339.0,none,none
pion,filters,340.0,none,level1
pion,filters,341.0,none,level1
pion,filters,342.0,none,level1
pion,filters,343.0,none,level1
pion,filters,344.0,none,level2
pion,filters,345.0,none,level1
pion,filters,346.0,none,none
pion,filters,347.0,none,level1
pion,filters,348.0,none,level1
pion,filters,349.0,none,level1
pion,filters,350.0,none,level1
pion,filters,351.0,none,level2
pion,filters,352.0,none,level1
pion,filters,353.0,none,none
pion,filters,354.0,none,level1
pion,filters,355.0,none,level1
pion,filters,356.0,none,level1
pion,filters,357.0,none,level1
pion,filters,358.0,none,level1
pion,filters,359.0,none,level1
pion,filters,360.0,none,level1
pion,filters,361.0,none,level1
pion,filters,362.0,none,level1
pion,filters,363.0,none,level1
pion,filters,364.0,none,level1
pion,filters,365.0,none,level1
pion,filters,366.0,none,none
pion,filters,367.0,none,level1
pion,filters,368.0,none,none
pion,filters,369.0,none,level1
pion,filters,370.0,none,none
pion,filters,371.0,none,level1
pion,filters,372.0,none,level1
pion,filters,373.0,none,level1
pion,filters,374.0,none,level1
pion,filters,375.0,none,level1
pion,filters,376.0,none,none
pion,filters,377.0,none,level1
pion,filters,378.0,none,level1
pion,filters,379.0,none,level1
pion,filters,380.0,none,level1
pion,filters,381.0,none,level1
pion,filters,382.0,none,none
pion,filters,383.0,none,level1
pion,filters,384.0,none,level1
pion,filters,385.0,none,level1
pion,filters,386.0,none,level1
pion,filters,387.0,none,level1
pion,filters,388.0,none,level1
pion,filters,389.0,none,level1
pion,filters,390.0,none,level1
pion,filters,391.0,none,level1
pion,filters,392.0,none,none
pion,filters,393.0,none,level1
pion,filters,394.0,none,none
pion,filters,395.0,none,level1
pion,filters,396.0,none,level1
pion,filters,397.0,none,level1
pion,filters,398.0,none,level1
pion,filters,399.0,none,level1
pion,filters,400.0,none,level1
pion,filters,401.0,none,level1
pion,filters,402.0,none,level1
pion,filters,403.0,none,level1
pion,filters,404.0,none,level1
pion,filters,405.0,none,level1
pion,filters,406.0,none,level1
pion,filters,407.0,structural,none
pion,filters,408.0,none,level1
pion,filters,409.0,none,none
pion,filters,410.0,none,level1
pion,filters,411.0,none,none
pion,filters,412.0,none,level1
pion,filters,413.0,none,level1
pion,filters,414.0,none,level1
pion,filters,415.0,none,level1
pion,filters,416.0,none,level1
pion,filters,417.0,none,level1
pion,filters,418.0,none,level2
pion,filters,419.0,none,none
pion,filters,420.0,none,none
pion,filters,421.0,none,level1
pion,filters,422.0,none,level1
pion,filters,423.0,none,level1
pion,filters,424.0,none,none
pion,filters,425.0,none,level1
pion,filters,426.0,none,level1
pion,filters,427.0,none,level1
pion,filters,428.0,none,level2
pion,filters,429.0,latent,none
pion,filters,430.0,none,level1
pion,filters,431.0,none,none
pion,filters,432.0,none,level1
pion,filters,433.0,none,level1
pion,filters,434.0,none,level1
pion,filters,435.0,none,level1
pion,filters,436.0,none,none
pion,filters,437.0,none,level1
pion,filters,438.0,none,level1
pion,filters,439.0,none,level1
pion,filters,440.0,none,level1
pion,filters,441.0,none,level1
pion,filters,442.0,none,level2
pion,filters,443.0,none,level1
pion,filters,444.0,none,level1
pion,filters,445.0,none,none
pion,filters,446.0,none,level1
pion,filters,447.0,none,level1
pion,filters,448.0,none,level1
pion,filters,449.0,none,level1
pion,filters,450.0,none,level1
pion,filters,451.0,none,level1
pion,filters,452.0,none,level1
pion,filters,453.0,none,level1
pion,filters,454.0,none,level1
pion,filters,455.0,none,level2
pion,filters,456.0,none,level1
pion,filters,457.0,none,level1
pion,filters,458.0,none,level1
pion,filters,459.0,none,level1
pion,filters,460.0,none,level1
pion,filters,461.0,none,none
pion,filters,462.0,none,level1
pion,filters,463.0,none,level1
pion,filters,464.0,none,level1
pion,filters,465.0,latent,none
pion,filters,466.0,none,level1
pion,filters,467.0,none,level1
pion,filters,468.0,none,level1
pion,filters,469.0,none,level1
pion,filters,470.0,none,level1
pion,filters,471.0,none,level1
pion,filters,472.0,none,level1
pion,filters,473.0,none,none
pion,filters,474.0,none,level1
pion,filters,475.0,none,level1
pion,filters,476.0,none,none
pion,filters,477.0,none,none
pion,filters,478.0,none,level1
pion,filters,479.0,none,level1
pion,filters,480.0,none,level1
pion,filters,481.0,none,level1
pion,filters,482.0,none,level1
pion,filters,483.0,none,level1
pion,filters,484.0,none,level1
pion,filters,485.0,none,level1
pion,filters,486.0,none,level1
pion,filters,487.0,none,level1
pion,filters,488.0,none,level1
pion,filters,489.0,none,none
pion,filters,490.0,none,level2
pion,filters,491.0,none,level1
pion,filters,492.0,none,none
pion,filters,493.0,none,level1
pion,filters,494.0,none,level1
pion,filters,495.0,none,level1
pion,filters,496.0,none,level1
pion,filters,497.0,none,level1
pion,filters,498.0,none,level1
pion,filters,499.0,none,level1
pion,filters,500.0,none,level1
pion,filters,501.0,none,level1
pion,filters,502.0,none,level1
pion,filters,503.0,none,level1
pion,filters,504.0,none,level1
pion,filters,505.0,none,level1
pion,filters,506.0,none,none
pion,filters,507.0,none,level1
pion,filters,508.0,none,level1
pion,filters,509.0,none,level1
pion,filters,510.0,none,level1
pion,filters,511.0,none,level1
pion,filters,512.0,none,none
pion,filters,513.0,none,level1
pion,filters,514.0,none,level1
pion,filters,515.0,none,level1
pion,filters,516.0,none,level1
pion,filters,517.0,none,level1
pion,filters,518.0,none,level1
pion,filters,519.0,none,level1
pion,filters,520.0,none,level1
pion,filters,521.0,none,level1
pion,filters,522.0,none,level1
pion,filters,523.0,none,level1
pion,filters,524.0,none,level1
pion,filters,525.0,none,level1
pion,filters,526.0,none,none
pion,filters,527.0,none,level1
pion,filters,528.0,none,none
pion,filters,529.0,none,level1
pion,filters,530.0,none,level1
pion,filters,531.0,none,none
pion,filters,532.0,none,level1
pion,filters,533.0,none,level1
pion,filters,534.0,none,level1
pion,filters,535.0,latent,none
pion,filters,536.0,none,level1
pion,filters,537.0,none,none
pion,filters,538.0,none,level1
pion,filters,539.0,none,level1
pion,filters,540.0,none,level1
pion,filters,541.0,none,none
pion,filters,542.0,none,level1
pion,filters,543.0,none,level1
pion,filters,544.0,none,level1
pion,filters,545.0,none,level1
pion,filters,546.0,latent,none
pion,filters,547.0,none,level1
pion,filters,548.0,none,level1
pion,filters,549.0,none,level1
pion,filters,550.0,none,level1
pion,filters,551.0,structural,none
pion,filters,552.0,none,level1
pion,filters,553.0,none,none
pion,filters,554.0,none,level2
pion,filters,555.0,structural,none
pion,filters,556.0,none,level1
pion,filters,557.0,none,level1
pion,filters,558.0,none,level1
pion,filters,559.0,none,level1
pion,filters,560.0,none,level1
pion,filters,561.0,none,level1
pion,filters,562.0,none,level1
pion,filters,563.0,none,none
pion,filters,564.0,none,level1
pion,filters,565.0,none,level1
pion,filters,566.0,none,level1
pion,filters,567.0,none,level1
pion,filters,568.0,none,level1
pion,filters,569.0,none,level1
pion,filters,570.0,none,level1
pion,filters,571.0,none,level1
pion,filters,572.0,none,level1
pion,filters,573.0,none,level2
pion,filters,574.0,none,level1
pion,filters,575.0,none,level1
pion,filters,576.0,none,level1
pion,filters,577.0,none,level1
pion,filters,578.0,none,none
pion,filters,579.0,none,none
pion,filters,580.0,none,level2
pion,filters,581.0,none,level1
pion,filters,582.0,none,level1
pion,filters,583.0,none,level1
pion,filters,584.0,none,level1
pion,filters,585.0,none,level1
pion,filters,586.0,none,level1
pion,filters,587.0,none,level1
pion,filters,588.0,none,level1
pion,filters,589.0,none,level1
pion,filters,590.0,none,level1
pion,filters,591.0,none,level1
pion,filters,592.0,none,level1
pion,filters,593.0,none,level1
pion,filters,594.0,none,level1
pion,filters,595.0,none,level1
pion,filters,596.0,none,level1
pion,filters,597.0,none,level1
pion,filters,598.0,none,level1
pion,filters,599.0,none,level1
pion,filters,600.0,none,level1
pion,filters,601.0,none,level1
pion,filters,602.0,none,level1
pion,filters,603.0,structural,none
pion,filters,604.0,none,level1
pion,filters,605.0,none,none
pion,filters,606.0,none,level1
pion,filters,607.0,none,level1
pion,filters,608.0,none,none
pion,filters,609.0,structural,none
pion,filters,610.0,none,level1
pion,filters,611.0,none,level1
pion,filters,612.0,none,level1
pion,filters,613.0,none,level1
pion,filters,614.0,none,level1
pion,filters,615.0,structural,level3
pion,filters,616.0,none,none
pion,filters,617.0,none,level1
pion,filters,618.0,none,level1
pion,filters,619.0,latent,none
pion,filters,620.0,none,level1
pion,filters,621.0,none,level2
pion,filters,622.0,structural,none
pion,filters,623.0,none,level1
pion,filters,624.0,none,level1
pion,filters,625.0,none,level1
pion,filters,626.0,none,level1
pion,filters,627.0,none,level1
pion,filters,628.0,none,none
pion,filters,629.0,none,level1
pion,filters,630.0,none,level1
pion,filters,631.0,none,level1
pion,filters,632.0,none,level1
pion,filters,633.0,none,level1
pion,filters,634.0,none,level1
pion,filters,635.0,none,level1
pion,filters,636.0,none,level1
pion,filters,637.0,none,level1
pion,filters,638.0,none,level1
pion,filters,639.0,none,level2
pion,filters,640.0,none,level1
pion,filters,641.0,none,level1
pion,filters,642.0,none,level1
pion,filters,643.0,none,level1
pion,filters,644.0,none,level1
pion,filters,645.0,none,level2
pion,filters,646.0,none,level1
pion,filters,647.0,none,level1
pion,filters,648.0,none,level1
pion,filters,649.0,none,level1
pion,filters,650.0,structural,none
pion,filters,651.0,none,level1
pion,filters,652.0,none,level1
pion,filters,653.0,none,level1
pion,filters,654.0,none,level1
pion,filters,655.0,none,level2
pion,filters,656.0,none,level1
pion,filters,657.0,none,level1
pion,filters,658.0,none,level1
pion,filters,659.0,none,level1
pion,filters,660.0,none,level1
pion,filters,661.0,none,level1
pion,filters,662.0,none,level1
pion,filters,663.0,none,level1
pion,filters,664.0,none,level1
pion,filters,665.0,none,level1
pion,filters,666.0,none,level1
pion,filters,667.0,none,level1
pion,filters,668.0,none,level1
pion,filters,669.0,none,level1
pion,filters,670.0,none,level1
pion,filters,671.0,none,level1
pion,filters,672.0,structural,none
pion,filters,673.0,structural,none
pion,filters,674.0,none,level1
pion,filters,675.0,none,level1
pion,filters,676.0,none,none
pion,filters,677.0,none,level1
pion,filters,678.0,none,level1
pion,filters,679.0,none,level1
pion,filters,680.0,none,none
pion,filters,681.0,none,level1
pion,filters,682.0,none,level1
pion,filters,683.0,none,none
pion,filters,684.0,none,level1
pion,filters,685.0,none,level1
pion,filters,686.0,none,level1
pion,filters,687.0,none,level1
pion,filters,688.0,none,none
pion,filters,689.0,none,level1
pion,filters,690.0,none,none
pion,filters,691.0,none,level1
pion,filters,692.0,none,level1
pion,filters,693.0,none,level1
pion,filters,694.0,none,level1
pion,filters,695.0,none,none
pion,filters,696.0,none,level1
pion,filters,697.0,none,level1
pion,filters,698.0,none,level1
pion,filters,699.0,none,none
pion,filters,700.0,none,level1
pion,filters,701.0,none,level1
pion,filters,702.0,none,level1
pion,filters,703.0,structural,none
pion,filters,704.0,none,level1
pion,filters,705.0,none,level1
pion,filters,706.0,none,level1
pion,filters,707.0,none,none
pion,filters,708.0,none,level1
pion,filters,709.0,none,none
pion,filters,710.0,none,level1
pion,filters,711.0,none,level1
pion,filters,712.0,none,none
pion,filters,713.0,none,level1
pion,filters,714.0,none,level1
pion,filters,715.0,none,level1
pion,filters,716.0,none,level1
pion,filters,717.0,none,none
pion,filters,718.0,none,level1
pion,filters,719.0,none,level1
pion,filters,720.0,none,level1
pion,filters,721.0,none,level1
pion,filters,722.0,none,level1
pion,filters,723.0,none,level1
pion,filters,724.0,none,level1
pion,filters,725.0,none,level2
pion,filters,726.0,none,level1
pion,filters,727.0,none,level1
pion,filters,728.0,none,level1
pion,filters,729.0,none,none
pion,filters,730.0,none,level1
pion,filters,731.0,structural,level3
pion,filters,732.0,none,level2
pion,filters,733.0,none,level1
pion,filters,734.0,none,level1
pion,filters,735.0,none,none
pion,filters,736.0,none,level1
pion,filters,737.0,none,level1
pion,filters,738.0,none,level1
pion,filters,739.0,none,level1
pion,filters,740.0,latent,none
pion,filters,741.0,none,level1
pion,filters,742.0,none,level1
pion,filters,743.0,none,level1
pion,filters,744.0,none,level1
pion,filters,745.0,none,level1
pion,filters,746.0,none,level1
pion,filters,747.0,none,level1
pion,filters,748.0,none,level1
pion,filters,749.0,none,level1
pion,filters,750.0,none,level1
pion,filters,751.0,none,level1
pion,filters,752.0,none,level1
pion,filters,753.0,none,level1
pion,filters,754.0,none,level2
pion,filters,755.0,none,level1
pion,filters,756.0,none,none
pion,filters,757.0,none,level1
pion,filters,758.0,none,level1
pion,filters,759.0,none,level1
pion,filters,760.0,none,level1
pion,filters,761.0,latent,none
pion,filters,762.0,none,level2
pion,filters,763.0,none,level1
pion,filters,764.0,none,level1
pion,filters,765.0,none,level1
pion,filters,766.0,none,level1
pion,filters,767.0,none,level1
pion,filters,768.0,none,level1
pion,filters,769.0,none,level1
pion,filters,770.0,none,level1
pion,filters,771.0,none,level1
pion,filters,772.0,none,none
pion,filters,773.0,none,level1
pion,filters,774.0,none,level2
pion,filters,775.0,none,level1
pion,filters,776.0,none,level1
pion,filters,777.0,latent,level2
pion,filters,778.0,latent,none
pion,filters,779.0,none,level1
pion,filters,780.0,none,level1
pion,filters,781.0,none,level1
pion,filters,782.0,none,level1
pion,filters,783.0,none,level1
pion,filters,784.0,none,level1
pion,filters,785.0,none,none
pion,filters,786.0,none,level1
pion,filters,787.0,none,level1
pion,filters,788.0,none,level1
pion,filters,789.0,none,level1
pion,filters,790.0,none,none
pion,filters,791.0,latent,level2
pion,filters,792.0,none,level1
pion,filters,793.0,none,level1
pion,filters,794.0,none,level1
pion,filters,795.0,none,level1
pion,filters,796.0,none,level1
pion,filters,797.0,none,level1
pion,filters,798.0,none,level1
pion,filters,799.0,none,level2
pion,filters,800.0,none,level1
pion,filters,801.0,none,level1
pion,filters,802.0,none,level1
pion,filters,803.0,none,level1
pion,filters,804.0,none,level1
pion,filters,805.0,none,none
pion,filters,806.0,none,none
pion,filters,807.0,latent,none
pion,filters,808.0,structural,none
pion,filters,809.0,none,level1
pion,filters,810.0,none,level1
pion,filters,811.0,none,level1
pion,filters,812.0,none,level1
pion,filters,813.0,none,level1
pion,filters,814.0,none,level1
pion,filters,815.0,none,level1
pion,filters,816.0,none,none
pion,filters,817.0,none,level1
pion,filters,818.0,none,level1
pion,filters,819.0,none,level2
pion,filters,820.0,none,level1
pion,filters,821.0,none,level1
pion,filters,822.0,none,none
pion,filters,823.0,none,level1
pion,filters,824.0,structural,none
pion,filters,825.0,none,level1
pion,filters,826.0,none,level1
pion,filters,827.0,none,level1
pion,filters,828.0,none,level1
pion,filters,829.0,none,level1
pion,filters,830.0,latent,none
pion,filters,831.0,latent,none
pion,filters,832.0,none,level1
pion,filters,833.0,none,level1
pion,filters,834.0,latent,none
pion,filters,835.0,none,level1
pion,filters,836.0,none,level1
pion,filters,837.0,none,none
pion,filters,838.0,none,level1
pion,filters,839.0,none,level1
pion,filters,840.0,none,none
pion,filters,841.0,none,level1
pion,filters,842.0,structural,none
pion,filters,843.0,none,none
pion,filters,844.0,none,none
pion,filters,845.0,none,level1
pion,filters,846.0,none,level1
pion,filters,847.0,none,level1
pion,filters,848.0,none,level1
pion,filters,849.0,none,level1
pion,filters,850.0,none,level1
pion,filters,851.0,none,level1
pion,filters,852.0,none,level1
pion,filters,853.0,none,level1
pion,filters,854.0,none,level1
pion,filters,855.0,none,level1
pion,filters,856.0,none,level1
pion,filters,857.0,none,none
pion,filters,858.0,none,level1
pion,filters,859.0,none,level1
pion,filters,860.0,none,level1
pion,filters,861.0,none,level1
pion,filters,862.0,none,level1
pion,filters,863.0,none,level1
pion,filters,864.0,none,level1
pion,filters,865.0,none,level1
pion,filters,866.0,none,none
pion,filters,867.0,none,level1
pion,filters,868.0,none,level1
pion,filters,869.0,none,level1
pion,filters,870.0,none,level1
pion,filters,871.0,none,level1
pion,filters,872.0,none,level1
pion,filters,873.0,none,level1
pion,filters,874.0,none,level1
pion,filters,875.0,none,level1
pion,filters,876.0,none,none
pion,filters,877.0,none,level1
pion,filters,878.0,none,level1
pion,filters,879.0,none,level1
pion,filters,880.0,none,level1
pion,filters,881.0,latent,level2
pion,filters,882.0,none,none
pion,filters,883.0,none,level1
pion,filters,884.0,none,level1
pion,filters,885.0,none,level1
pion,filters,886.0,none,level1
pion,filters,887.0,latent,level2
pion,filters,888.0,none,level1
pion,filters,889.0,none,level1
pion,filters,890.0,none,level1
pion,filters,891.0,none,none
pion,filters,892.0,none,level1
pion,filters,893.0,none,level2
pion,filters,894.0,none,level1
pion,filters,895.0,none,level1
pion,filters,896.0,none,level2
pion,filters,897.0,none,level1
pion,filters,898.0,none,level1
pion,filters,899.0,none,level1
pion,filters,900.0,none,level1
pion,filters,901.0,none,level1
pion,filters,902.0,none,level1
pion,filters,903.0,none,level1
pion,filters,904.0,none,level1
pion,filters,905.0,none,level1
pion,filters,906.0,none,none
pion,filters,907.0,none,level1
pion,filters,908.0,none,level1
pion,filters,909.0,none,level1
pion,filters,910.0,none,level2
pion,filters,911.0,none,level2
pion,filters,912.0,none,level1
pion,filters,913.0,none,level1
pion,filters,914.0,none,none
pion,filters,915.0,structural,none
pion,filters,916.0,none,level1
pion,filters,917.0,none,level2
pion,filters,918.0,none,level1
pion,filters,919.0,none,level1
pion,filters,920.0,none,level1
pion,filters,921.0,none,level1
pion,filters,922.0,none,level1
pion,filters,923.0,none,level1
pion,filters,924.0,none,level1
pion,filters,925.0,none,none
pion,filters,926.0,none,level1
pion,filters,927.0,none,level1
pion,filters,928.0,none,level1
pion,filters,929.0,none,level1
pion,filters,930.0,none,level1
pion,filters,931.0,none,level1
pion,filters,932.0,none,level1
pion,filters,933.0,none,level1
pion,filters,934.0,none,level1
pion,filters,935.0,none,level1
pion,filters,936.0,none,level1
pion,filters,937.0,none,level1
pion,filters,938.0,none,level1
pion,filters,939.0,none,level1
pion,filters,940.0,none,level1
pion,filters,941.0,none,level1
pion,filters,942.0,none,level1
pion,filters,943.0,none,level2
pion,filters,944.0,none,level1
pion,filters,945.0,none,level1
pion,filters,946.0,none,level1
pion,filters,947.0,none,level1
pion,filters,948.0,none,level1
pion,filters,949.0,none,level1
pion,filters,950.0,none,level1
pion,filters,951.0,none,level1
pion,filters,952.0,none,level1
pion,filters,953.0,none,level1
pion,filters,954.0,none,level1
pion,filters,955.0,none,level1
pion,filters,956.0,latent,none
pion,filters,957.0,none,level1
pion,filters,958.0,none,none
pion,filters,959.0,structural,none
pion,filters,960.0,none,none
pion,filters,961.0,none,level2
pion,filters,962.0,none,level1
pion,filters,963.0,none,level1
pion,filters,964.0,none,level1
pion,filters,965.0,none,level1
pion,filters,966.0,none,level1
pion,filters,967.0,none,level1
pion,filters,968.0,none,level1
pion,filters,969.0,none,level2
pion,filters,970.0,none,level1
pion,filters,971.0,none,level1
pion,filters,972.0,none,level1
pion,filters,973.0,none,level1
pion,filters,974.0,none,level1
pion,filters,975.0,none,level1
pion,filters,976.0,none,level1
pion,filters,977.0,latent,none
pion,filters,978.0,none,level1
pion,filters,979.0,none,level1
pion,filters,980.0,none,level1
pion,filters,981.0,none,level1
pion,filters,982.0,none,level1
pion,filters,983.0,none,level1
pion,filters,984.0,none,level1
pion,filters,985.0,none,none
pion,filters,986.0,none,level1
pion,filters,987.0,latent,none
pion,filters,988.0,none,level1
pion,filters,989.0,none,level1
pion,filters,990.0,none,level1
pion,filters,991.0,none,level1
pion,filters,992.0,none,level1
pion,filters,993.0,none,none
pion,filters,994.0,none,level1
pion,filters,995.0,none,level1
pion,filters,996.0,none,level1
pion,filters,997.0,none,level1
pion,filters,998.0,none,level1
pion,filters,999.0,none,level1
pion,filters,1000.0,none,level1
pion,filters,1001.0,none,level1
pion,filters,1002.0,none,level1
pion,filters,1003.0,none,level1
pion,filters,1004.0,none,level1
pion,filters,1005.0,none,level1
pion,filters,1006.0,none,level1
pion,filters,1007.0,none,level1
pion,filters,1008.0,none,level2
pion,filters,1009.0,none,level1
pion,filters,1010.0,none,none
pion,filters,1011.0,none,level1
pion,filters,1012.0,none,level1
pion,filters,1013.0,none,level1
pion,filters,1014.0,none,level1
pion,filters,1015.0,none,none
pion,filters,1016.0,none,level1
pion,filters,1017.0,none,level1
pion,filters,1018.0,none,level1
pion,filters,1019.0,none,none
pion,filters,1020.0,none,level1
pion,filters,1021.0,latent,none
pion,filters,1022.0,none,level1
pion,filters,1023.0,none,level1
pion,filters,1024.0,none,level1
pion,filters,1025.0,none,level1
pion,filters,1026.0,structural,none
pion,filters,1027.0,none,none
pion,filters,1028.0,none,level1
pion,filters,1029.0,none,level1
pion,filters,1030.0,none,level1
pion,filters,1031.0,none,level1
pion,filters,1032.0,none,level1
pion,filters,1033.0,none,level1
pion,filters,1034.0,none,level1
pion,filters,1035.0,none,level2
pion,filters,1036.0,none,level1
pion,filters,1037.0,none,level1
pion,filters,1038.0,none,level2
pion,filters,1039.0,none,level1
pion,filters,1040.0,none,level1
pion,filters,1041.0,none,level1
pion,filters,1042.0,none,level1
pion,filters,1043.0,structural,none
pion,filters,1044.0,none,level1
pion,filters,1045.0,structural,none
pion,filters,1046.0,none,level1
pion,filters,1047.0,latent,none
pion,filters,1048.0,none,level1
pion,filters,1049.0,none,level1
pion,filters,1050.0,none,level1
pion,filters,1051.0,none,level1
pion,filters,1052.0,none,level1
pion,filters,1053.0,none,level1
pion,filters,1054.0,latent,level2
pion,filters,1055.0,none,level1
pion,filters,1056.0,none,level1
pion,filters,1057.0,none,level1
pion,filters,1058.0,none,level1
pion,filters,1059.0,latent,none
pion,filters,1060.0,none,level1
pion,filters,1061.0,none,level1
pion,filters,1062.0,none,level1
pion,filters,1063.0,none,level2
pion,filters,1064.0,none,level1
pion,filters,1065.0,none,level2
pion,filters,1066.0,none,level1
pion,filters,1067.0,none,level1
pion,filters,1068.0,none,level1
pion,filters,1069.0,none,level1
pion,filters,1070.0,none,level1
pion,filters,1071.0,none,level1
pion,filters,1072.0,latent,none
pion,filters,1073.0,none,level1
pion,filters,1074.0,none,level1
pion,filters,1075.0,none,level1
pion,filters,1076.0,none,level1
pion,filters,1077.0,none,level1
pion,filters,1078.0,none,level1
pion,filters,1079.0,none,level1
pion,filters,1080.0,none,level1
pion,filters,1081.0,none,level1
pion,filters,1082.0,none,none
pion,filters,1083.0,none,level1
pion,filters,1084.0,none,level1
pion,filters,1085.0,none,level1
pion,filters,1086.0,none,level1
pion,filters,1087.0,none,none
pion,filters,1088.0,none,none
pion,filters,1089.0,none,level1
pion,filters,1090.0,none,level1
pion,filters,1091.0,none,level1
pion,filters,1092.0,none,none
pion,filters,1093.0,none,level1
pion,filters,1094.0,none,level1
pion,filters,1095.0,none,level2
pion,filters,1096.0,structural,level3
pion,filters,1097.0,none,level1
pion,filters,1098.0,latent,none
pion,filters,1099.0,none,level1
pion,filters,1100.0,none,level1
pion,filters,1101.0,none,level1
pion,filters,1102.0,none,level1
pion,filters,1103.0,none,none
pion,filters,1104.0,none,level2
pion,filters,1105.0,none,level1
pion,filters,1106.0,none,level1
pion,filters,1107.0,none,level1
pion,filters,1108.0,none,level1
pion,filters,1109.0,none,level1
pion,filters,1110.0,none,level1
pion,filters,1111.0,none,level1
pion,filters,1112.0,none,level1
pion,filters,1113.0,none,level1
pion,filters,1114.0,none,none
pion,filters,1115.0,none,level1
pion,filters,1116.0,none,none
pion,filters,1117.0,none,level1
pion,filters,1118.0,none,level1
pion,filters,1119.0,none,level1
pion,filters,1120.0,none,level1
pion,filters,1121.0,latent,none
pion,filters,1122.0,none,level1
pion,filters,1123.0,none,level2
pion,filters,1124.0,none,level1
pion,filters,1125.0,none,level1
pion,filters,1126.0,none,none
pion,filters,1127.0,none,level1
pion,filters,1128.0,none,level1
pion,filters,1129.0,none,level1
pion,filters,1130.0,none,level1
pion,filters,1131.0,structural,none
pion,filters,1132.0,latent,none
pion,filters,1133.0,none,level1
pion,filters,1134.0,none,level1
pion,filters,1135.0,none,level1
pion,filters,1136.0,none,level1
pion,filters,1137.0,none,level1
pion,filters,1138.0,none,level1
pion,filters,1139.0,none,level1
pion,filters,1140.0,none,level1
pion,filters,1141.0,none,level1
pion,filters,1142.0,none,level1
pion,filters,1143.0,none,level1
pion,filters,1144.0,none,level1
pion,filters,1145.0,structural,none
pion,filters,1146.0,none,level1
pion,filters,1147.0,none,level1
pion,filters,1148.0,none,level1
pion,filters,1149.0,none,level1
pion,filters,1150.0,none,level1
pion,filters,1151.0,none,level1
pion,filters,1152.0,none,level1
pion,filters,1153.0,none,level1
pion,filters,1154.0,none,level1
pion,filters,1155.0,none,level1
pion,filters,1156.0,none,level1
pion,filters,1157.0,latent,none
pion,filters,1158.0,none,level1
pion,filters,1159.0,none,level2
pion,filters,1160.0,none,none
pion,filters,1161.0,none,level1
pion,filters,1162.0,none,level2
pion,filters,1163.0,none,level1
pion,filters,1164.0,none,level1
pion,filters,1165.0,none,level1
pion,filters,1166.0,none,none
pion,filters,1167.0,none,level1
pion,filters,1168.0,none,level1
pion,filters,1169.0,none,level1
pion,filters,1170.0,none,level1
pion,filters,1171.0,none,level1
pion,filters,1172.0,none,level1
pion,filters,1173.0,none,level1
pion,filters,1174.0,none,level1
pion,filters,1175.0,none,none
pion,filters,1176.0,none,level1
pion,filters,1177.0,none,level1
pion,filters,1178.0,none,level1
pion,filters,1179.0,none,none
pion,filters,1180.0,none,level1
pion,filters,1181.0,none,none
pion,filters,1182.0,none,level1
pion,filters,1183.0,none,level1
pion,filters,1184.0,none,level1
pion,filters,1185.0,none,level1
pion,filters,1186.0,structural,level3
pion,filters,1187.0,none,level1
pion,filters,1188.0,none,level1
pion,filters,1189.0,none,level1
pion,filters,1190.0,none,level1
pion,filters,1191.0,none,level1
pion,filters,1192.0,none,level1
pion,filters,1193.0,none,level1
pion,filters,1194.0,none,level1
pion,filters,1195.0,none,level2
pion,filters,1196.0,none,level1
pion,filters,1197.0,none,level1
pion,filters,1198.0,none,none
pion,filters,1199.0,none,level1
pion,filters,1200.0,none,none
pion,filters,1201.0,none,level1
pion,filters,1202.0,none,none
pion,filters,1203.0,none,none
pion,filters,1204.0,none,level1
pion,filters,1205.0,none,level1
pion,filters,1206.0,none,level1
pion,filters,1207.0,none,level1
pion,filters,1208.0,none,level1
pion,filters,1209.0,none,level2
pion,filters,1210.0,structural,none
pion,filters,1211.0,none,none
pion,filters,1212.0,none,level1
pion,filters,1213.0,structural,none
pion,filters,1214.0,none,level1
pion,filters,1215.0,none,none
pion,filters,1216.0,none,level1
pion,filters,1217.0,none,level1
pion,filters,1218.0,none,level1
pion,filters,1219.0,none,level2
pion,filters,1220.0,none,level1
pion,filters,1221.0,none,level1
pion,filters,1222.0,none,level1
pion,filters,1223.0,none,level1
pion,filters,1224.0,none,level1
pion,filters,1225.0,none,level1
pion,filters,1226.0,none,level1
pion,filters,1227.0,none,level1
pion,filters,1228.0,none,level1
pion,filters,1229.0,none,level1
pion,filters,1230.0,none,level1
pion,filters,1231.0,none,none
pion,filters,1232.0,none,none
pion,filters,1233.0,none,level1
pion,filters,1234.0,none,level1
pion,filters,1235.0,structural,none
pion,filters,1236.0,none,level1
pion,filters,1237.0,none,level1
pion,filters,1238.0,none,level1
pion,filters,1239.0,structural,none
pion,filters,1240.0,none,level1
pion,filters,1241.0,none,level1
pion,filters,1242.0,none,level2
pion,filters,1243.0,none,level1
pion,filters,1244.0,none,level1
pion,filters,1245.0,none,level1
pion,filters,1246.0,none,level1
pion,filters,1247.0,none,level2
pion,filters,1248.0,none,level1
pion,filters,1249.0,none,level1
pion,filters,1250.0,none,level1
pion,filters,1251.0,none,level1
pion,filters,1252.0,none,level1
pion,filters,1253.0,none,level1
pion,filters,1254.0,none,level1
pion,filters,1255.0,none,level1
pion,filters,1256.0,none,level1
pion,filters,1257.0,none,level1
pion,filters,1258.0,none,level1
pion,filters,1259.0,latent,level2
pion,filters,1260.0,none,level1
pion,filters,1261.0,latent,none
pion,filters,1262.0,none,none
pion,filters,1263.0,none,level1
pion,filters,1264.0,none,level1
pion,filters,1265.0,none,level1
pion,filters,1266.0,none,level1
pion,filters,1267.0,none,level2
pion,filters,1268.0,structural,none
pion,filters,1269.0,none,level1
pion,filters,1270.0,none,level1
pion,filters,1271.0,none,level1
pion,filters,1272.0,none,level1
pion,filters,1273.0,none,level1
pion,filters,1274.0,none,level1
pion,filters,1275.0,none,level1
pion,filters,1276.0,none,level1
pion,filters,1277.0,none,level1
pion,filters,1278.0,none,level1
pion,filters,1279.0,none,level1
pion,filters,1280.0,none,level1
pion,filters,1281.0,none,level2
pion,filters,1282.0,none,level1
pion,filters,1283.0,none,level1
pion,filters,1284.0,none,level1
pion,filters,1285.0,none,level1
pion,filters,1286.0,none,level1
pion,filters,1287.0,none,none
pion,filters,1288.0,none,level1
pion,filters,1289.0,none,level1
pion,filters,1290.0,none,level1
pion,filters,1291.0,none,level1
pion,filters,1292.0,none,level1
pion,filters,1293.0,none,none
pion,filters,1294.0,none,level1
pion,filters,1295.0,none,level1
pion,filters,1296.0,none,level1
pion,filters,1297.0,none,level1
pion,filters,1298.0,none,level1
pion,filters,1299.0,none,level1
pion,filters,1300.0,none,level1
pion,filters,1301.0,none,level1
pion,filters,1302.0,none,level1
pion,filters,1303.0,none,level2
pion,filters,1304.0,none,level1
pion,filters,1305.0,none,level1
pion,filters,1306.0,none,level1
pion,filters,1307.0,none,level1
pion,filters,1308.0,none,level1
pion,filters,1309.0,none,level1
pion,filters,1310.0,none,level1
pion,filters,1311.0,none,level2
pion,filters,1312.0,none,level1
pion,filters,1313.0,none,level1
pion,filters,1314.0,none,level1
pion,filters,1315.0,none,level1
pion,filters,1316.0,none,none
pion,filters,1317.0,none,level1
pion,filters,1318.0,none,level1
pion,filters,1319.0,none,level1
pion,filters,1320.0,none,none
pion,filters,1321.0,none,level2
pion,filters,1322.0,none,level1
pion,filters,1323.0,latent,none
pion,filters,1324.0,none,level1
pion,filters,1325.0,none,level1
pion,filters,1326.0,none,level1
pion,filters,1327.0,none,level1
pion,filters,1328.0,none,level1
pion,filters,1329.0,none,level2
pion,filters,1330.0,none,level1
pion,filters,1331.0,none,level2
pion,filters,1332.0,none,level1
pion,filters,1333.0,none,level1
pion,filters,1334.0,none,level1
pion,filters,1335.0,none,level1
pion,filters,1336.0,none,level1
pion,filters,1337.0,none,level1
pion,filters,1338.0,none,none
pion,filters,1339.0,none,level1
pion,filters,1340.0,none,none
pion,filters,1341.0,none,level1
pion,filters,1342.0,none,level1
pion,filters,1343.0,none,level1
pion,filters,1344.0,none,level1
pion,filters,1345.0,none,level1
pion,filters,1346.0,none,level1
pion,filters,1347.0,none,level2
pion,filters,1348.0,none,level1
pion,filters,1349.0,none,level1
pion,filters,1350.0,none,level2
pion,filters,1351.0,latent,none
pion,filters,1352.0,none,level1
pion,filters,1353.0,latent,none
pion,filters,1354.0,none,level1
pion,filters,1355.0,none,level1
pion,filters,1356.0,none,level1
pion,filters,1357.0,none,level2
pion,filters,1358.0,none,level1
pion,filters,1359.0,none,none
pion,filters,1360.0,none,level1
pion,filters,1361.0,none,level1
pion,filters,1362.0,none,level1
pion,filters,1363.0,none,level1
pion,filters,1364.0,none,level1
pion,filters,1365.0,none,level1
pion,filters,1366.0,none,level1
pion,filters,1367.0,none,level1
pion,filters,1368.0,none,level1
pion,filters,1369.0,none,level1
pion,filters,1370.0,none,level1
pion,filters,1371.0,none,none
pion,filters,1372.0,none,level1
pion,filters,1373.0,none,level1
pion,filters,1374.0,none,level1
pion,filters,1375.0,none,level1
pion,filters,1376.0,latent,none
pion,filters,1377.0,none,level1
pion,filters,1378.0,none,level1
pion,filters,1379.0,none,level1
pion,filters,1380.0,none,none
pion,filters,1381.0,none,level1
pion,filters,1382.0,none,level1
pion,filters,1383.0,none,level1
pion,filters,1384.0,none,level1
pion,filters,1385.0,none,level1
pion,filters,1386.0,structural,none
pion,filters,1387.0,none,none
pion,filters,1388.0,none,level1
pion,filters,1389.0,none,level1
pion,filters,1390.0,none,level1
pion,filters,1391.0,none,level1
pion,filters,1392.0,none,none
pion,filters,1393.0,none,level1
pion,filters,1394.0,none,level1
pion,filters,1395.0,none,level1
pion,filters,1396.0,none,level1
pion,filters,1397.0,none,level1
pion,filters,1398.0,none,level1
pion,filters,1399.0,none,level1
pion,filters,1400.0,none,none
pion,filters,1401.0,none,level1
pion,filters,1402.0,none,level1
pion,filters,1403.0,latent,none
pion,filters,1404.0,none,level1
pion,filters,1405.0,none,level1
pion,filters,1406.0,none,level1
pion,filters,1407.0,none,level1
pion,filters,1408.0,latent,none
pion,filters,1409.0,none,level1
pion,filters,1410.0,none,level2
pion,filters,1411.0,none,level1
pion,filters,1412.0,none,level2
pion,filters,1413.0,latent,level2
pion,filters,1414.0,none,level1
pion,filters,1415.0,none,level1
pion,filters,1416.0,none,level1
pion,filters,1417.0,none,none
pion,filters,1418.0,none,level1
pion,filters,1419.0,none,level1
pion,filters,1420.0,none,level1
pion,filters,1421.0,none,level1
pion,filters,1422.0,none,none
pion,filters,1423.0,none,level1
pion,filters,1424.0,none,level1
pion,filters,1425.0,none,level1
pion,filters,1426.0,none,level1
pion,filters,1427.0,none,level1
pion,filters,1428.0,none,level1
pion,filters,1429.0,none,level1
pion,filters,1430.0,none,level1
pion,filters,1431.0,none,level1
pion,filters,1432.0,none,level1
pion,filters,1433.0,none,level1
pion,filters,1434.0,none,level2
pion,filters,1435.0,none,level1
pion,filters,1436.0,none,level1
pion,filters,1437.0,none,level1
pion,filters,1438.0,none,level2
pion,filters,1439.0,none,level1
pion,filters,1440.0,none,level1
pion,filters,1441.0,none,level1
pion,filters,1442.0,none,level1
pion,filters,1443.0,none,level1
pion,filters,1444.0,none,level1
pion,filters,1445.0,none,level1
pion,filters,1446.0,none,level1
pion,filters,1447.0,none,level1
pion,filters,1448.0,latent,none
pion,filters,1449.0,none,level1
pion,filters,1450.0,none,none
pion,filters,1451.0,none,level1
pion,filters,1452.0,none,level1
pion,filters,1453.0,none,level1
pion,filters,1454.0,none,level1
pion,filters,1455.0,none,level1
pion,filters,1456.0,none,level1
pion,filters,1457.0,none,level1
pion,filters,1458.0,none,level1
pion,filters,1459.0,none,level1
pion,filters,1460.0,none,level1
pion,filters,1461.0,none,level1
pion,filters,1462.0,none,level1
pion,filters,1463.0,none,level1
pion,filters,1464.0,none,level1
pion,filters,1465.0,none,level1
pion,filters,1466.0,none,level1
pion,filters,1467.0,none,level1
pion,filters,1468.0,none,level1
pion,filters,1469.0,none,level2
pion,filters,1470.0,none,level1
pion,filters,1471.0,none,level1
pion,filters,1472.0,none,level1
pion,filters,1473.0,structural,none
pion,filters,1474.0,none,level1
pion,filters,1475.0,none,level2
pion,filters,1476.0,none,level1
pion,filters,1477.0,none,level1
pion,filters,1478.0,none,level1
pion,filters,1479.0,none,level1
pion,filters,1480.0,none,none
pion,filters,1481.0,none,level1
pion,filters,1482.0,none,none
pion,filters,1483.0,none,level1
pion,filters,1484.0,none,level1
pion,filters,1485.0,none,level1
pion,filters,1486.0,none,level1
pion,filters,1487.0,none,level1
pion,filters,1488.0,none,level1
pion,filters,1489.0,none,level1
pion,filters,1490.0,none,level2
pion,filters,1491.0,none,level1
pion,filters,1492.0,none,level1
pion,filters,1493.0,none,level1
pion,filters,1494.0,none,level1
pion,filters,1495.0,none,level1
pion,filters,1496.0,none,level1
pion,filters,1497.0,none,level1
pion,filters,1498.0,latent,none
pion,filters,1499.0,none,level1
pion,filters,1500.0,none,none
pion,filters,1501.0,latent,none
pion,filters,1502.0,none,level1
pion,filters,1503.0,none,none
pion,filters,1504.0,none,level1
pion,filters,1505.0,none,none
pion,filters,1506.0,none,level1
pion,filters,1507.0,none,level1
pion,filters,1508.0,none,level1
pion,filters,1509.0,none,level1
pion,filters,1510.0,none,level1
pion,filters,1511.0,none,level1
pion,filters,1512.0,none,level1
pion,filters,1513.0,none,level1
pion,filters,1514.0,none,level1
pion,filters,1515.0,none,level1
pion,filters,1516.0,none,level1
pion,filters,1517.0,none,level2
pion,filters,1518.0,none,level2
pion,filters,1519.0,none,level1
pion,filters,1520.0,none,none
pion,filters,1521.0,none,level1
pion,filters,1522.0,none,level1
pion,filters,1523.0,none,level1
pion,filters,1524.0,none,level1
pion,filters,1525.0,none,none
pion,filters,1526.0,none,level1
pion,filters,1527.0,none,none
pion,filters,1528.0,none,level1
pion,filters,1529.0,none,level1
pion,filters,1530.0,none,level1
pion,filters,1531.0,none,level1
pion,filters,1532.0,none,level1
pion,filters,1533.0,none,level1
pion,filters,1534.0,none,level1
pion,filters,1535.0,none,level1
pion,filters,1536.0,none,level1
pion,filters,1537.0,none,level1
pion,filters,1538.0,none,level1
pion,filters,1539.0,structural,none
pion,filters,1540.0,none,level1
pion,filters,1541.0,none,level1
pion,filters,1542.0,none,level1
pion,filters,1543.0,none,level1
pion,filters,1544.0,latent,none
pion,filters,1545.0,none,level1
pion,filters,1546.0,structural,none
pion,filters,1547.0,none,level1
pion,filters,1548.0,none,level1
pion,filters,1549.0,none,level1
pion,filters,1550.0,none,level1
pion,filters,1551.0,none,level1
pion,filters,1552.0,none,level1
pion,filters,1553.0,none,level1
pion,filters,1554.0,none,level1
pion,filters,1555.0,none,level1
pion,filters,1556.0,none,level1
pion,filters,1557.0,none,level1
pion,filters,1558.0,none,level1
pion,filters,1559.0,none,level1
pion,filters,1560.0,none,level1
pion,filters,1561.0,none,none
pion,filters,1562.0,none,level1
pion,filters,1563.0,none,level1
pion,filters,1564.0,none,level1
pion,filters,1565.0,none,level1
pion,filters,1566.0,none,level1
pion,filters,1567.0,none,level1
pion,filters,1568.0,none,level1
pion,filters,1569.0,none,level1
pion,filters,1570.0,none,level1
pion,filters,1571.0,none,level1
pion,filters,1572.0,none,level1
pion,filters,1573.0,none,level1
pion,filters,1574.0,none,level1
pion,filters,1575.0,latent,none
pion,filters,1576.0,none,level1
pion,filters,1577.0,none,level2
pion,filters,1578.0,none,level1
pion,filters,1579.0,none,level2
pion,filters,1580.0,none,level1
pion,filters,1581.0,none,level1
pion,filters,1582.0,none,level1
pion,filters,1583.0,none,level1
pion,filters,1584.0,none,level1
pion,filters,1585.0,none,level1
pion,filters,1586.0,none,level1
pion,filters,1587.0,none,level1
pion,filters,1588.0,none,level2
pion,filters,1589.0,none,level1
pion,filters,1590.0,none,none
pion,filters,1591.0,none,level1
pion,filters,1592.0,none,level1
pion,filters,1593.0,none,level1
pion,filters,1594.0,none,level1
pion,filters,1595.0,none,level1
pion,filters,1596.0,none,level1
pion,filters,1597.0,none,level1
pion,filters,1598.0,latent,none
pion,filters,1599.0,none,level1
pion,filters,1600.0,none,level1
pion,filters,1601.0,none,level2
pion,filters,1602.0,none,level1
pion,filters,1603.0,structural,none
pion,filters,1604.0,none,level1
pion,filters,1605.0,none,level1
pion,filters,1606.0,none,level1
pion,filters,1607.0,none,level1
pion,filters,1608.0,none,level1
pion,filters,1609.0,none,level1
pion,filters,1610.0,none,none
pion,filters,1611.0,none,level1
pion,filters,1612.0,none,level1
pion,filters,1613.0,none,none
pion,filters,1614.0,none,level1
pion,filters,1615.0,none,level1
pion,filters,1616.0,none,level1
pion,filters,1617.0,none,level1
pion,filters,1618.0,none,level1
pion,filters,1619.0,latent,none
pion,filters,1620.0,latent,none
pion,filters,1621.0,latent,none
pion,filters,1622.0,none,level1
pion,filters,1623.0,none,level2
pion,filters,1624.0,none,none
pion,filters,1625.0,none,level1
pion,filters,1626.0,none,level1
pion,filters,1627.0,none,level1
pion,filters,1628.0,none,level1
pion,filters,1629.0,none,level1
pion,filters,1630.0,none,level1
pion,filters,1631.0,none,level1
pion,filters,1632.0,latent,none
pion,filters,1633.0,none,level1
pion,filters,1634.0,none,level1
pion,filters,1635.0,none,level1
pion,filters,1636.0,none,level1
pion,filters,1637.0,none,level1
pion,filters,1638.0,none,level1
pion,filters,1639.0,none,level1
pion,filters,1640.0,none,level1
pion,filters,1641.0,none,level1
pion,filters,1642.0,none,level1
pion,filters,1643.0,none,level1
pion,filters,1644.0,none,level1
pion,filters,1645.0,none,level1
pion,filters,1646.0,none,level1
pion,filters,1647.0,none,level1
pion,filters,1648.0,none,level1
pion,filters,1649.0,none,level1
pion,filters,1650.0,none,level1
pion,filters,1651.0,none,level1
pion,filters,1652.0,none,level1
pion,filters,1653.0,none,level2
pion,filters,1654.0,none,level1
pion,filters,1655.0,none,level1
pion,filters,1656.0,none,level1
pion,filters,1657.0,none,level1
pion,filters,1658.0,none,level1
pion,filters,1659.0,none,level1
pion,filters,1660.0,none,none
pion,filters,1661.0,none,level1
pion,filters,1662.0,none,level1
pion,filters,1663.0,latent,level2
pion,filters,1664.0,none,level1
pion,filters,1665.0,none,level1
pion,filters,1666.0,none,none
pion,filters,1667.0,none,level1
pion,filters,1668.0,none,level2
pion,filters,1669.0,none,level1
pion,filters,1670.0,none,level1
pion,filters,1671.0,none,none
pion,filters,1672.0,none,none
pion,filters,1673.0,none,none
pion,filters,1674.0,none,level1
pion,filters,1675.0,none,level1
pion,filters,1676.0,none,none
pion,filters,1677.0,none,none
pion,filters,1678.0,none,level1
pion,filters,1679.0,none,level1
pion,filters,1680.0,none,level1
pion,filters,1681.0,none,level1
pion,filters,1682.0,none,level1
pion,filters,1683.0,none,level1
pion,filters,1684.0,none,level1
pion,filters,1685.0,none,level1
pion,filters,1686.0,none,level1
pion,filters,1687.0,none,level1
pion,filters,1688.0,none,level1
pion,filters,1689.0,none,level2
pion,filters,1690.0,none,level1
pion,filters,1691.0,none,level1
pion,filters,1692.0,latent,none
pion,filters,1693.0,none,level1
pion,filters,1694.0,none,level1
pion,filters,1695.0,none,level1
pion,filters,1696.0,none,none
pion,filters,1697.0,none,level1
pion,filters,1698.0,none,level1
pion,filters,1699.0,none,level1
pion,filters,1700.0,structural,none
pion,filters,1701.0,none,level1
pion,filters,1702.0,none,level1
pion,filters,1703.0,none,none
pion,filters,1704.0,none,level1
pion,filters,1705.0,none,level1
pion,filters,1706.0,none,level1
pion,filters,1707.0,none,level2
pion,filters,1708.0,latent,none
pion,filters,1709.0,none,level1
pion,filters,1710.0,none,level1
pion,filters,1711.0,none,level1
pion,filters,1712.0,none,level1
pion,filters,1713.0,none,level1
pion,filters,1714.0,none,level2
pion,filters,1715.0,none,level1
pion,filters,1716.0,none,level1
pion,filters,1717.0,none,level1
pion,filters,1718.0,none,level1
pion,filters,1719.0,none,level1
pion,filters,1720.0,none,level1
pion,filters,1721.0,none,level1
pion,filters,1722.0,none,level1
pion,filters,1723.0,none,level1
pion,filters,1724.0,none,level1
pion,filters,1725.0,none,level1
pion,filters,1726.0,none,level1
pion,filters,1727.0,none,level1
pion,filters,1728.0,none,none
pion,filters,1729.0,none,none
pion,filters,1730.0,none,level1
pion,filters,1731.0,none,none
pion,filters,1732.0,none,none
pion,filters,1733.0,none,level1
pion,filters,1734.0,none,level1
pion,filters,1735.0,none,level1
pion,filters,1736.0,none,level1
pion,filters,1737.0,none,level1
pion,filters,1738.0,none,level1
pion,filters,1739.0,none,level1
pion,filters,1740.0,none,level1
pion,filters,1741.0,none,level2
pion,filters,1742.0,none,level1
pion,filters,1743.0,none,level1
pion,filters,1744.0,none,level1
pion,filters,1745.0,none,level1
pion,filters,1746.0,none,level1
pion,filters,1747.0,none,level1
pion,filters,1748.0,none,level1
pion,filters,1749.0,none,level2
pion,filters,1750.0,none,level1
pion,filters,1751.0,none,level1
pion,filters,1752.0,none,level1
pion,filters,1753.0,none,level1
pion,filters,1754.0,latent,none
pion,filters,1755.0,none,level1
pion,filters,1756.0,none,level1
pion,filters,1757.0,none,level1
pion,filters,1758.0,none,level1
pion,filters,1759.0,none,level1
pion,filters,1760.0,latent,none
pion,filters,1761.0,latent,none
pion,filters,1762.0,none,level1
pion,filters,1763.0,none,level1
pion,filters,1764.0,none,level1
pion,filters,1765.0,none,level1
pion,filters,1766.0,none,level1
pion,filters,1767.0,none,level1
pion,filters,1768.0,none,level1
pion,filters,1769.0,none,level1
pion,filters,1770.0,none,level1
pion,filters,1771.0,none,level1
pion,filters,1772.0,none,level1
pion,filters,1773.0,none,level1
pion,filters,1774.0,none,level1
pion,filters,1775.0,none,level1
pion,filters,1776.0,none,level1
pion,filters,1777.0,none,level1
pion,filters,1778.0,none,level1
pion,filters,1779.0,none,level1
pion,filters,1780.0,none,level2
pion,filters,1781.0,none,level1
pion,filters,1782.0,none,level1
pion,filters,1783.0,none,level1
pion,filters,1784.0,none,level1
pion,filters,1785.0,none,level1
pion,filters,1786.0,none,none
pion,filters,1787.0,none,level1
pion,filters,1788.0,none,level1
pion,filters,1789.0,none,level1
pion,filters,1790.0,none,level1
pion,filters,1791.0,none,none
pion,filters,1792.0,none,level1
pion,filters,1793.0,none,level1
pion,filters,1794.0,none,level1
pion,filters,1795.0,none,level1
pion,filters,1796.0,none,level2
pion,filters,1797.0,none,level1
pion,filters,1798.0,none,level2
pion,filters,1799.0,none,level1
pion,filters,1800.0,none,level1
pion,filters,1801.0,none,none
pion,filters,1802.0,none,level1
pion,filters,1803.0,none,level1
pion,filters,1804.0,none,level1
pion,filters,1805.0,none,level1
pion,filters,1806.0,none,level1
pion,filters,1807.0,none,level1
pion,filters,1808.0,none,none
pion,filters,1809.0,none,level2
pion,filters,1810.0,none,level1
pion,filters,1811.0,none,level1
pion,filters,1812.0,none,level2
pion,filters,1813.0,none,level1
pion,filters,1814.0,none,level1
pion,filters,1815.0,none,level1
pion,filters,1816.0,structural,none
pion,filters,1817.0,latent,none
pion,filters,1818.0,none,level1
pion,filters,1819.0,none,none
pion,filters,1820.0,none,level1
pion,filters,1821.0,none,level1
pion,filters,1822.0,none,level1
pion,filters,1823.0,none,level1
pion,filters,1824.0,none,level1
pion,filters,1825.0,none,level1
pion,filters,1826.0,none,level1
pion,filters,1827.0,none,level1
pion,filters,1828.0,none,level1
pion,filters,1829.0,none,level1
pion,filters,1830.0,none,level1
pion,filters,1831.0,none,level1
pion,filters,1832.0,none,level1
pion,filters,1833.0,none,level1
pion,filters,1834.0,none,level1
pion,filters,1835.0,none,level1
pion,filters,1836.0,none,level1
pion,filters,1837.0,none,level1
pion,filters,1838.0,structural,none
pion,filters,1839.0,none,level1
pion,filters,1840.0,latent,none
pion,filters,1841.0,none,level1
pion,filters,1842.0,none,level1
pion,filters,1843.0,none,level1
pion,filters,1844.0,none,level1
pion,filters,1845.0,none,level2
pion,filters,1846.0,none,level1
pion,filters,1847.0,none,level1
pion,filters,1848.0,none,level1
pion,filters,1849.0,none,level1
pion,filters,1850.0,none,level1
pion,filters,1851.0,none,level1
pion,filters,1852.0,none,level1
pion,filters,1853.0,none,level1
pion,filters,1854.0,none,level1
pion,filters,1855.0,none,level1
pion,filters,1856.0,latent,none
pion,filters,1857.0,none,level1
pion,filters,1858.0,none,level1
pion,filters,1859.0,none,level1
pion,filters,1860.0,none,none
pion,filters,1861.0,none,none
pion,filters,1862.0,none,level1
pion,filters,1863.0,none,level1
pion,filters,1864.0,none,level1
pion,filters,1865.0,none,level1
pion,filters,1866.0,none,level1
pion,filters,1867.0,none,level1
pion,filters,1868.0,none,level2
pion,filters,1869.0,none,level1
pion,filters,1870.0,none,level1
pion,filters,1871.0,none,level1
pion,filters,1872.0,none,level1
pion,filters,1873.0,none,level1
pion,filters,1874.0,none,level1
pion,filters,1875.0,none,level1
pion,filters,1876.0,none,level1
pion,filters,1877.0,none,level1
pion,filters,1878.0,none,level1
pion,filters,1879.0,none,level1
pion,filters,1880.0,none,level1
pion,filters,1881.0,none,level2
pion,filters,1882.0,none,level1
pion,filters,1883.0,none,level1
pion,filters,1884.0,none,level1
pion,filters,1885.0,none,level2
pion,filters,1886.0,none,level1
pion,filters,1887.0,none,level1
pion,filters,1888.0,none,none
pion,filters,1889.0,none,level1
pion,filters,1890.0,none,level1
pion,filters,1891.0,none,level1
pion,filters,1892.0,none,level1
pion,filters,1893.0,none,level1
pion,filters,1894.0,none,level1
pion,filters,1895.0,none,level1
pion,filters,1896.0,none,level1
pion,filters,1897.0,none,level1
pion,filters,1898.0,none,level1
pion,filters,1899.0,none,level1
pion,filters,1900.0,none,level1
pion,filters,1901.0,latent,none
pion,filters,1902.0,none,level1
pion,filters,1903.0,none,level1
pion,filters,1904.0,none,level1
pion,filters,1905.0,none,level1
pion,filters,1906.0,none,level1
pion,filters,1907.0,none,level1
pion,filters,1908.0,none,level1
pion,filters,1909.0,none,level1
pion,filters,1910.0,none,level1
pion,filters,1911.0,none,level1
pion,filters,1912.0,none,level1
pion,filters,1913.0,none,level1
pion,filters,1914.0,none,level1
pion,filters,1915.0,none,level1
pion,filters,1916.0,none,level1
pion,filters,1917.0,none,level1
pion,filters,1918.0,none,level1
pion,filters,1919.0,none,level2
pion,filters,1920.0,none,level1
pion,filters,1921.0,none,level1
pion,filters,1922.0,none,level1
pion,filters,1923.0,none,level1
pion,filters,1924.0,none,level1
pion,filters,1925.0,none,level1
pion,filters,1926.0,none,level1
pion,filters,1927.0,none,level2
pion,filters,1928.0,structural,none
pion,filters,1929.0,none,level1
pion,filters,1930.0,latent,none
pion,filters,1931.0,none,none
pion,filters,1932.0,structural,none
pion,filters,1933.0,none,level1
pion,filters,1934.0,none,level2
pion,filters,1935.0,none,level1
pion,filters,1936.0,none,level1
pion,filters,1937.0,none,level1
pion,filters,1938.0,none,level1
pion,filters,1939.0,none,level1
pion,filters,1940.0,none,level1
pion,filters,1941.0,none,level1
pion,filters,1942.0,none,level1
pion,filters,1943.0,none,none
pion,filters,1944.0,none,level2
pion,filters,1945.0,none,level2
pion,filters,1946.0,none,level1
pion,filters,1947.0,none,level1
pion,filters,1948.0,none,level1
pion,filters,1949.0,none,level1
pion,filters,1950.0,none,level1
pion,filters,1951.0,none,level1
pion,filters,1952.0,none,level1
pion,filters,1953.0,none,level1
pion,filters,1954.0,none,level1
pion,filters,1955.0,none,level1
pion,filters,1956.0,none,level1
pion,filters,1957.0,none,level1
pion,filters,1958.0,none,none
pion,filters,1959.0,none,level1
pion,filters,1960.0,none,level1
pion,filters,1961.0,none,level1
pion,filters,1962.0,none,none
pion,filters,1963.0,none,level1
pion,filters,1964.0,none,level1
pion,filters,1965.0,none,level1
pion,filters,1966.0,none,level1
pion,filters,1967.0,none,level1
pion,filters,1968.0,none,level1
pion,filters,1969.0,none,level1
pion,filters,1970.0,none,level1
pion,filters,1971.0,none,level1
pion,filters,1972.0,none,level1
pion,filters,1973.0,structural,none
pion,filters,1974.0,none,level1
pion,filters,1975.0,none,level1
pion,filters,1976.0,none,level1
pion,filters,1977.0,none,level1
pion,filters,1978.0,none,level1
pion,filters,1979.0,none,level1
pion,filters,1980.0,none,level1
pion,filters,1981.0,none,level1
pion,filters,1982.0,none,level1
pion,filters,1983.0,none,level1
pion,filters,1984.0,none,none
pion,filters,1985.0,none,level1
pion,filters,1986.0,none,level2
pion,filters,1987.0,none,level1
pion,filters,1988.0,none,level1
pion,filters,1989.0,none,level2
pion,filters,1990.0,none,level1
pion,filters,1991.0,none,level1
pion,filters,1992.0,none,level1
pion,filters,1993.0,none,level1
pion,filters,1994.0,none,level2
pion,filters,1995.0,none,level1
pion,filters,1996.0,latent,none
pion,filters,1997.0,none,level1
pion,filters,1998.0,none,none
pion,filters,1999.0,none,level1
pion,filters,0.0,none,level1
pion,filters,1.0,none,level1
pion,filters,2.0,none,level1
pion,filters,3.0,none,level1
pion,filters,4.0,none,none
pion,filters,5.0,none,level1
pion,filters,6.0,none,level1
pion,filters,7.0,none,level1
pion,filters,8.0,none,none
pion,filters,9.0,none,level1
pion,filters,10.0,none,none
pion,filters,11.0,none,level1
pion,filters,12.0,none,level1
pion,filters,13.0,none,level1
pion,filters,14.0,none,level1
pion,filters,15.0,none,level2
pion,filters,16.0,none,level1
pion,filters,17.0,none,level1
pion,filters,18.0,none,level1
pion,filters,19.0,none,level2
pion,filters,20.0,none,level1
pion,filters,21.0,none,level1
pion,filters,22.0,none,level1
pion,filters,23.0,none,level1
pion,filters,24.0,none,level1
pion,filters,25.0,none,level1
pion,filters,26.0,none,level1
pion,filters,27.0,none,level1
pion,filters,28.0,none,level1
pion,filters,29.0,none,none
pion,filters,30.0,latent,level2
pion,filters,31.0,none,level1
pion,filters,32.0,none,level2
pion,filters,33.0,none,level1
pion,filters,34.0,none,none
pion,filters,35.0,none,level1
pion,filters,36.0,none,level1
pion,filters,37.0,none,level1
pion,filters,38.0,none,level1
pion,filters,39.0,none,level1
pion,filters,40.0,none,level1
pion,filters,41.0,none,level1
pion,filters,42.0,none,level1
pion,filters,43.0,none,level1
pion,filters,44.0,none,level1
pion,filters,45.0,none,level1
pion,filters,46.0,none,level1
pion,filters,47.0,none,level1
pion,filters,48.0,none,level1
pion,filters,49.0,none,level1
pion,filters,50.0,none,level1
pion,filters,51.0,none,level1
pion,filters,52.0,none,level1
pion,filters,53.0,none,level1
pion,filters,54.0,none,level1
pion,filters,55.0,none,level1
pion,filters,56.0,none,level1
pion,filters,57.0,none,level1
pion,filters,58.0,none,none
pion,filters,59.0,none,level1
pion,filters,60.0,none,level1
pion,filters,61.0,latent,none
pion,filters,62.0,none,level1
pion,filters,63.0,none,level1
pion,filters,64.0,none,level1
pion,filters,65.0,none,level1
pion,filters,66.0,latent,none
pion,filters,67.0,none,level1
pion,filters,68.0,latent,none
pion,filters,69.0,none,level1
pion,filters,70.0,none,level1
pion,filters,71.0,none,level1
pion,filters,72.0,none,level1
pion,filters,73.0,none,none
pion,filters,74.0,latent,none
pion,filters,75.0,structural,none
pion,filters,76.0,none,level1
pion,filters,77.0,none,level1
pion,filters,78.0,latent,none
pion,filters,79.0,none,level1
pion,filters,80.0,none,level2
pion,filters,81.0,none,level1
pion,filters,82.0,none,level1
pion,filters,83.0,none,level1
pion,filters,84.0,none,level1
pion,filters,85.0,none,level1
pion,filters,86.0,none,level1
pion,filters,87.0,none,level2
pion,filters,88.0,latent,level2
pion,filters,89.0,none,level1
pion,filters,90.0,none,level1
pion,filters,91.0,none,level1
pion,filters,92.0,none,none
pion,filters,93.0,none,level2
pion,filters,94.0,none,level1
pion,filters,95.0,none,level1
pion,filters,96.0,none,level1
pion,filters,97.0,none,level2
pion,filters,98.0,none,level1
pion,filters,99.0,none,level1
pion,filters,100.0,none,level1
pion,filters,101.0,none,level2
pion,filters,102.0,none,level1
pion,filters,103.0,none,level1
pion,filters,104.0,none,level2
pion,filters,105.0,none,level1
pion,filters,106.0,none,level1
pion,filters,107.0,none,level1
pion,filters,108.0,none,level1
pion,filters,109.0,none,level1
pion,filters,110.0,none,level1
pion,filters,111.0,none,level1
pion,filters,112.0,none,level1
pion,filters,113.0,none,none
pion,filters,114.0,none,level1
pion,filters,115.0,none,level1
pion,filters,116.0,none,level1
pion,filters,117.0,none,level1
pion,filters,118.0,none,none
pion,filters,119.0,none,level1
pion,filters,120.0,none,level1
pion,filters,121.0,none,level1
pion,filters,122.0,none,level1
pion,filters,123.0,none,level1
pion,filters,124.0,none,level1
pion,filters,125.0,none,level1
pion,filters,126.0,none,level1
pion,filters,127.0,none,level2
pion,filters,128.0,none,level2
pion,filters,129.0,none,level1
pion,filters,130.0,latent,none
pion,filters,131.0,none,level1
pion,filters,132.0,none,none
pion,filters,133.0,none,none
pion,filters,134.0,none,level1
pion,filters,135.0,none,level1
pion,filters,136.0,none,level1
pion,filters,137.0,none,level1
pion,filters,138.0,none,level2
pion,filters,139.0,none,level1
pion,filters,140.0,none,none
pion,filters,141.0,none,level1
pion,filters,142.0,none,level1
pion,filters,143.0,none,level1
pion,filters,144.0,none,none
pion,filters,145.0,none,none
pion,filters,146.0,none,level1
pion,filters,147.0,none,level1
pion,filters,148.0,none,level1
pion,filters,149.0,none,level1
pion,filters,150.0,none,none
pion,filters,151.0,none,level1
pion,filters,152.0,none,level1
pion,filters,153.0,none,none
pion,filters,154.0,none,level1
pion,filters,155.0,none,level1
pion,filters,156.0,none,level1
pion,filters,157.0,none,level1
pion,filters,158.0,none,level1
pion,filters,159.0,none,level1
pion,filters,160.0,none,level1
pion,filters,161.0,none,level1
pion,filters,162.0,none,level1
pion,filters,163.0,none,level1
pion,filters,164.0,none,level1
pion,filters,165.0,none,level1
pion,filters,166.0,none,level1
pion,filters,167.0,none,level1
pion,filters,168.0,none,level1
pion,filters,169.0,none,level1
pion,filters,170.0,none,level1
pion,filters,171.0,none,level1
pion,filters,172.0,none,level1
pion,filters,173.0,none,level1
pion,filters,174.0,none,none
pion,filters,175.0,none,level1
pion,filters,176.0,none,level1
pion,filters,177.0,none,level1
pion,filters,178.0,none,level1
pion,filters,179.0,none,level1
pion,filters,180.0,none,none
pion,filters,181.0,structural,none
pion,filters,182.0,none,level1
pion,filters,183.0,none,level1
pion,filters,184.0,none,none
pion,filters,185.0,none,level1
pion,filters,186.0,none,none
pion,filters,187.0,none,level1
pion,filters,188.0,none,level1
pion,filters,189.0,none,none
pion,filters,190.0,none,level2
pion,filters,191.0,none,none
pion,filters,192.0,none,level1
pion,filters,193.0,none,level1
pion,filters,194.0,none,level1
pion,filters,195.0,none,level1
pion,filters,196.0,none,level1
pion,filters,197.0,none,level1
pion,filters,198.0,latent,none
pion,filters,199.0,none,level1
pion,filters,200.0,none,level1
pion,filters,201.0,none,level1
pion,filters,202.0,none,level1
pion,filters,203.0,none,level1
pion,filters,204.0,none,level1
pion,filters,205.0,none,level1
pion,filters,206.0,none,level1
pion,filters,207.0,none,level1
pion,filters,208.0,none,level1
pion,filters,209.0,structural,none
pion,filters,210.0,none,level1
pion,filters,211.0,none,level1
pion,filters,212.0,none,level1
pion,filters,213.0,none,none
pion,filters,214.0,none,level1
pion,filters,215.0,none,level1
pion,filters,216.0,none,level1
pion,filters,217.0,none,none
pion,filters,218.0,none,level1
pion,filters,219.0,none,level1
pion,filters,220.0,none,none
pion,filters,221.0,none,level2
pion,filters,222.0,none,level1
pion,filters,223.0,none,none
pion,filters,224.0,none,level2
pion,filters,225.0,latent,none
pion,filters,226.0,none,none
pion,filters,227.0,none,level1
pion,filters,228.0,none,level1
pion,filters,229.0,none,level2
pion,filters,230.0,none,level1
pion,filters,231.0,none,level1
pion,filters,232.0,none,level1
pion,filters,233.0,none,level1
pion,filters,234.0,none,none
pion,filters,235.0,latent,none
pion,filters,236.0,structural,level3
pion,filters,237.0,none,level1
pion,filters,238.0,none,level1
pion,filters,239.0,none,level1
pion,filters,240.0,none,level1
pion,filters,241.0,none,level1
pion,filters,242.0,none,level1
pion,filters,243.0,none,level1
pion,filters,244.0,none,level1
pion,filters,245.0,none,level1
pion,filters,246.0,none,level1
pion,filters,247.0,none,level1
pion,filters,248.0,none,level1
pion,filters,249.0,none,level1
pion,filters,250.0,none,level1
pion,filters,251.0,none,level1
pion,filters,252.0,none,level1
pion,filters,253.0,none,level1
pion,filters,254.0,none,level2
pion,filters,255.0,none,level1
pion,filters,256.0,none,level1
pion,filters,257.0,none,level1
pion,filters,258.0,none,level1
pion,filters,259.0,none,level1
pion,filters,260.0,none,level1
pion,filters,261.0,none,level1
pion,filters,262.0,none,level1
pion,filters,263.0,none,none
pion,filters,264.0,none,level1
pion,filters,265.0,none,level1
pion,filters,266.0,none,level1
pion,filters,267.0,none,level1
pion,filters,268.0,none,level1
pion,filters,269.0,none,level1
pion,filters,270.0,none,level1
pion,filters,271.0,none,level1
pion,filters,272.0,none,level1
pion,filters,273.0,none,level1
pion,filters,274.0,none,level1
pion,filters,275.0,none,level1
pion,filters,276.0,none,level1
pion,filters,277.0,none,level1
pion,filters,278.0,latent,none
pion,filters,279.0,none,none
pion,filters,280.0,none,level1
pion,filters,281.0,none,level1
pion,filters,282.0,none,level1
pion,filters,283.0,none,level1
pion,filters,284.0,none,level1
pion,filters,285.0,none,none
pion,filters,286.0,none,level1
pion,filters,287.0,none,level1
pion,filters,288.0,none,level1
pion,filters,289.0,none,level1
pion,filters,290.0,none,level2
pion,filters,291.0,none,level1
pion,filters,292.0,none,level1
pion,filters,293.0,none,level1
pion,filters,294.0,none,level1
pion,filters,295.0,none,level1
pion,filters,296.0,none,level1
pion,filters,297.0,none,level1
pion,filters,298.0,none,level1
pion,filters,299.0,none,level1
pion,filters,300.0,none,none
pion,filters,301.0,none,level1
pion,filters,302.0,none,level1
pion,filters,303.0,none,level1
pion,filters,304.0,none,level1
pion,filters,305.0,none,level1
pion,filters,306.0,none,level1
pion,filters,307.0,none,level1
pion,filters,308.0,none,level1
pion,filters,309.0,none,level1
pion,filters,310.0,structural,none
pion,filters,311.0,none,level1
pion,filters,312.0,none,level2
pion,filters,313.0,none,level2
pion,filters,314.0,none,level1
pion,filters,315.0,none,level1
pion,filters,316.0,none,level1
pion,filters,317.0,none,level1
pion,filters,318.0,none,level2
pion,filters,319.0,none,level1
pion,filters,320.0,none,level1
pion,filters,321.0,latent,none
pion,filters,322.0,none,level1
pion,filters,323.0,none,level1
pion,filters,324.0,none,level1
pion,filters,325.0,none,level1
pion,filters,326.0,none,level1
pion,filters,327.0,none,level1
pion,filters,328.0,none,level1
pion,filters,329.0,none,level1
pion,filters,330.0,none,level1
pion,filters,331.0,none,level1
pion,filters,332.0,none,level1
pion,filters,333.0,none,level1
pion,filters,334.0,none,level1
pion,filters,335.0,none,level2
pion,filters,336.0,none,none
pion,filters,337.0,none,level2
pion,filters,338.0,structural,none
pion,filters,339.0,none,none
pion,filters,340.0,none,level1
pion,filters,341.0,none,level1
pion,filters,342.0,none,level1
pion,filters,343.0,none,level1
pion,filters,344.0,none,level2
pion,filters,345.0,none,level1
pion,filters,346.0,none,none
pion,filters,347.0,none,level1
pion,filters,348.0,none,level1
pion,filters,349.0,none,level1
pion,filters,350.0,none,level1
pion,filters,351.0,none,level2
pion,filters,352.0,none,level1
pion,filters,353.0,none,none
pion,filters,354.0,none,level1
pion,filters,355.0,none,level1
pion,filters,356.0,none,level1
pion,filters,357.0,none,level1
pion,filters,358.0,none,level1
pion,filters,359.0,none,level1
pion,filters,360.0,none,level1
pion,filters,361.0,none,level1
pion,filters,362.0,none,level1
pion,filters,363.0,none,level1
pion,filters,364.0,none,level1
pion,filters,365.0,none,level1
pion,filters,366.0,none,none
pion,filters,367.0,none,level1
pion,filters,368.0,none,none
pion,filters,369.0,none,level1
pion,filters,370.0,none,none
pion,filters,371.0,none,level1
pion,filters,372.0,none,level1
pion,filters,373.0,none,level1
pion,filters,374.0,none,level1
pion,filters,375.0,none,level1
pion,filters,376.0,none,none
pion,filters,377.0,none,level1
pion,filters,378.0,none,level1
pion,filters,379.0,none,level1
pion,filters,380.0,none,level1
pion,filters,381.0,none,level1
pion,filters,382.0,none,none
pion,filters,383.0,none,level1
pion,filters,384.0,none,level1
pion,filters,385.0,none,level1
pion,filters,386.0,none,level1
pion,filters,387.0,none,level1
pion,filters,388.0,none,level1
pion,filters,389.0,none,level1
pion,filters,390.0,none,level1
pion,filters,391.0,none,level1
pion,filters,392.0,none,none
pion,filters,393.0,none,level1
pion,filters,394.0,none,none
pion,filters,395.0,none,level1
pion,filters,396.0,none,level1
pion,filters,397.0,none,level1
pion,filters,398.0,none,level1
pion,filters,399.0,none,level1
pion,filters,400.0,none,level1
pion,filters,401.0,none,level1
pion,filters,402.0,none,level1
pion,filters,403.0,none,level1
pion,filters,404.0,none,level1
pion,filters,405.0,none,level1
pion,filters,406.0,none,level1
pion,filters,407.0,structural,none
pion,filters,408.0,none,level1
pion,filters,409.0,none,none
pion,filters,410.0,none,level1
pion,filters,411.0,none,none
pion,filters,412.0,none,level1
pion,filters,413.0,none,level1
pion,filters,414.0,none,level1
pion,filters,415.0,none,level1
pion,filters,416.0,none,level1
pion,filters,417.0,none,level1
pion,filters,418.0,none,level2
pion,filters,419.0,none,none
pion,filters,420.0,none,none
pion,filters,421.0,none,level1
pion,filters,422.0,none,level1
pion,filters,423.0,none,level1
pion,filters,424.0,none,none
pion,filters,425.0,none,level1
pion,filters,426.0,none,level1
pion,filters,427.0,none,level1
pion,filters,428.0,none,level2
pion,filters,429.0,latent,none
pion,filters,430.0,none,level1
pion,filters,431.0,none,none
pion,filters,432.0,none,level1
pion,filters,433.0,none,level1
pion,filters,434.0,none,level1
pion,filters,435.0,none,level1
pion,filters,436.0,none,none
pion,filters,437.0,none,level1
pion,filters,438.0,none,level1
pion,filters,439.0,none,level1
pion,filters,440.0,none,level1
pion,filters,441.0,none,level1
pion,filters,442.0,none,level2
pion,filters,443.0,none,level1
pion,filters,444.0,none,level1
pion,filters,445.0,none,none
pion,filters,446.0,none,level1
pion,filters,447.0,none,level1
pion,filters,448.0,none,level1
pion,filters,449.0,none,level1
pion,filters,450.0,none,level1
pion,filters,451.0,none,level1
pion,filters,452.0,none,level1
pion,filters,453.0,none,level1
pion,filters,454.0,none,level1
pion,filters,455.0,none,level2
pion,filters,456.0,none,level1
pion,filters,457.0,none,level1
pion,filters,458.0,none,level1
pion,filters,459.0,none,level1
pion,filters,460.0,none,level1
pion,filters,461.0,none,none
pion,filters,462.0,none,level1
pion,filters,463.0,none,level1
pion,filters,464.0,none,level1
pion,filters,465.0,latent,none
pion,filters,466.0,none,level1
pion,filters,467.0,none,level1
pion,filters,468.0,none,level1
pion,filters,469.0,none,level1
pion,filters,470.0,none,level1
pion,filters,471.0,none,level1
pion,filters,472.0,none,level1
pion,filters,473.0,none,none
pion,filters,474.0,none,level1
pion,filters,475.0,none,level1
pion,filters,476.0,none,none
pion,filters,477.0,none,none
pion,filters,478.0,none,level1
pion,filters,479.0,none,level1
pion,filters,480.0,none,level1
pion,filters,481.0,none,level1
pion,filters,482.0,none,level1
pion,filters,483.0,none,level1
pion,filters,484.0,none,level1
pion,filters,485.0,none,level1
pion,filters,486.0,none,level1
pion,filters,487.0,none,level1
pion,filters,488.0,none,level1
pion,filters,489.0,none,none
pion,filters,490.0,none,level2
pion,filters,491.0,none,level1
pion,filters,492.0,none,none
pion,filters,493.0,none,level1
pion,filters,494.0,none,level1
pion,filters,495.0,none,level1
pion,filters,496.0,none,level1
pion,filters,497.0,none,level1
pion,filters,498.0,none,level1
pion,filters,499.0,none,level1
pion,filters,500.0,none,level1
pion,filters,501.0,none,level1
pion,filters,502.0,none,level1
pion,filters,503.0,none,level1
pion,filters,504.0,none,level1
pion,filters,505.0,none,level1
pion,filters,506.0,none,none
pion,filters,507.0,none,level1
pion,filters,508.0,none,level1
pion,filters,509.0,none,level1
pion,filters,510.0,none,level1
pion,filters,511.0,none,level1
pion,filters,512.0,none,none
pion,filters,513.0,none,level1
pion,filters,514.0,none,level1
pion,filters,515.0,none,level1
pion,filters,516.0,none,level1
pion,filters,517.0,none,level1
pion,filters,518.0,none,level1
pion,filters,519.0,none,level1
pion,filters,520.0,none,level1
pion,filters,521.0,none,level1
pion,filters,522.0,none,level1
pion,filters,523.0,none,level1
pion,filters,524.0,none,level1
pion,filters,525.0,none,level1
pion,filters,526.0,none,none
pion,filters,527.0,none,level1
pion,filters,528.0,none,none
pion,filters,529.0,none,level1
pion,filters,530.0,none,level1
pion,filters,531.0,none,none
pion,filters,532.0,none,level1
pion,filters,533.0,none,level1
pion,filters,534.0,none,level1
pion,filters,535.0,latent,none
pion,filters,536.0,none,level1
pion,filters,537.0,none,none
pion,filters,538.0,none,level1
pion,filters,539.0,none,level1
pion,filters,540.0,none,level1
pion,filters,541.0,none,none
pion,filters,542.0,none,level1
pion,filters,543.0,none,level1
pion,filters,544.0,none,level1
pion,filters,545.0,none,level1
pion,filters,546.0,latent,none
pion,filters,547.0,none,level1
pion,filters,548.0,none,level1
pion,filters,549.0,none,level1
pion,filters,550.0,none,level1
pion,filters,551.0,structural,none
pion,filters,552.0,none,level1
pion,filters,553.0,none,none
pion,filters,554.0,none,level2
pion,filters,555.0,structural,none
pion,filters,556.0,none,level1
pion,filters,557.0,none,level1
pion,filters,558.0,none,level1
pion,filters,559.0,none,level1
pion,filters,560.0,none,level1
pion,filters,561.0,none,level1
pion,filters,562.0,none,level1
pion,filters,563.0,none,none
pion,filters,564.0,none,level1
pion,filters,565.0,none,level1
pion,filters,566.0,none,level1
pion,filters,567.0,none,level1
pion,filters,568.0,none,level1
pion,filters,569.0,none,level1
pion,filters,570.0,none,level1
pion,filters,571.0,none,level1
pion,filters,572.0,none,level1
pion,filters,573.0,none,level2
pion,filters,574.0,none,level1
pion,filters,575.0,none,level1
pion,filters,576.0,none,level1
pion,filters,577.0,none,level1
pion,filters,578.0,none,none
pion,filters,579.0,none,none
pion,filters,580.0,none,level2
pion,filters,581.0,none,level1
pion,filters,582.0,none,level1
pion,filters,583.0,none,level1
pion,filters,584.0,none,level1
pion,filters,585.0,none,level1
pion,filters,586.0,none,level1
pion,filters,587.0,none,level1
pion,filters,588.0,none,level1
pion,filters,589.0,none,level1
pion,filters,590.0,none,level1
pion,filters,591.0,none,level1
pion,filters,592.0,none,level1
pion,filters,593.0,none,level1
pion,filters,594.0,none,level1
pion,filters,595.0,none,level1
pion,filters,596.0,none,level1
pion,filters,597.0,none,level1
pion,filters,598.0,none,level1
pion,filters,599.0,none,level1
pion,filters,600.0,none,level1
pion,filters,601.0,none,level1
pion,filters,602.0,none,level1
pion,filters,603.0,structural,none
pion,filters,604.0,none,level1
pion,filters,605.0,none,none
pion,filters,606.0,none,level1
pion,filters,607.0,none,level1
pion,filters,608.0,none,none
pion,filters,609.0,structural,none
pion,filters,610.0,none,level1
pion,filters,611.0,none,level1
pion,filters,612.0,none,level1
pion,filters,613.0,none,level1
pion,filters,614.0,none,level1
pion,filters,615.0,structural,level3
pion,filters,616.0,none,none
pion,filters,617.0,none,level1
pion,filters,618.0,none,level1
pion,filters,619.0,latent,none
pion,filters,620.0,none,level1
pion,filters,621.0,none,level2
pion,filters,622.0,structural,none
pion,filters,623.0,none,level1
pion,filters,624.0,none,level1
pion,filters,625.0,none,level1
pion,filters,626.0,none,level1
pion,filters,627.0,none,level1
pion,filters,628.0,none,none
pion,filters,629.0,none,level1
pion,filters,630.0,none,level1
pion,filters,631.0,none,level1
pion,filters,632.0,none,level1
pion,filters,633.0,none,level1
pion,filters,634.0,none,level1
pion,filters,635.0,none,level1
pion,filters,636.0,none,level1
pion,filters,637.0,none,level1
pion,filters,638.0,none,level1
pion,filters,639.0,none,level2
pion,filters,640.0,none,level1
pion,filters,641.0,none,level1
pion,filters,642.0,none,level1
pion,filters,643.0,none,level1
pion,filters,644.0,none,level1
pion,filters,645.0,none,level2
pion,filters,646.0,none,level1
pion,filters,647.0,none,level1
pion,filters,648.0,none,level1
pion,filters,649.0,none,level1
pion,filters,650.0,structural,none
pion,filters,651.0,none,level1
pion,filters,652.0,none,level1
pion,filters,653.0,none,level1
pion,filters,654.0,none,level1
pion,filters,655.0,none,level2
pion,filters,656.0,none,level1
pion,filters,657.0,none,level1
pion,filters,658.0,none,level1
pion,filters,659.0,none,level1
pion,filters,660.0,none,level1
pion,filters,661.0,none,level1
pion,filters,662.0,none,level1
pion,filters,663.0,none,level1
pion,filters,664.0,none,level1
pion,filters,665.0,none,level1
pion,filters,666.0,none,level1
pion,filters,667.0,none,level1
pion,filters,668.0,none,level1
pion,filters,669.0,none,level1
pion,filters,670.0,none,level1
pion,filters,671.0,none,level1
pion,filters,672.0,structural,none
pion,filters,673.0,structural,none
pion,filters,674.0,none,level1
pion,filters,675.0,none,level1
pion,filters,676.0,none,none
pion,filters,677.0,none,level1
pion,filters,678.0,none,level1
pion,filters,679.0,none,level1
pion,filters,680.0,none,none
pion,filters,681.0,none,level1
pion,filters,682.0,none,level1
pion,filters,683.0,none,none
pion,filters,684.0,none,level1
pion,filters,685.0,none,level1
pion,filters,686.0,none,level1
pion,filters,687.0,none,level1
pion,filters,688.0,none,none
pion,filters,689.0,none,level1
pion,filters,690.0,none,none
pion,filters,691.0,none,level1
pion,filters,692.0,none,level1
pion,filters,693.0,none,level1
pion,filters,694.0,none,level1
pion,filters,695.0,none,none
pion,filters,696.0,none,level1
pion,filters,697.0,none,level1
pion,filters,698.0,none,level1
pion,filters,699.0,none,none
pion,filters,700.0,none,level1
pion,filters,701.0,none,level1
pion,filters,702.0,none,level1
pion,filters,703.0,structural,none
pion,filters,704.0,none,level1
pion,filters,705.0,none,level1
pion,filters,706.0,none,level1
pion,filters,707.0,none,none
pion,filters,708.0,none,level1
pion,filters,709.0,none,none
pion,filters,710.0,none,level1
pion,filters,711.0,none,level1
pion,filters,712.0,none,none
pion,filters,713.0,none,level1
pion,filters,714.0,none,level1
pion,filters,715.0,none,level1
pion,filters,716.0,none,level1
pion,filters,717.0,none,none
pion,filters,718.0,none,level1
pion,filters,719.0,none,level1
pion,filters,720.0,none,level1
pion,filters,721.0,none,level1
pion,filters,722.0,none,level1
pion,filters,723.0,none,level1
pion,filters,724.0,none,level1
pion,filters,725.0,none,level2
pion,filters,726.0,none,level1
pion,filters,727.0,none,level1
pion,filters,728.0,none,level1
pion,filters,729.0,none,none
pion,filters,730.0,none,level1
pion,filters,731.0,structural,level3
pion,filters,732.0,none,level2
pion,filters,733.0,none,level1
pion,filters,734.0,none,level1
pion,filters,735.0,none,none
pion,filters,736.0,none,level1
pion,filters,737.0,none,level1
pion,filters,738.0,none,level1
pion,filters,739.0,none,level1
pion,filters,740.0,latent,none
pion,filters,741.0,none,level1
pion,filters,742.0,none,level1
pion,filters,743.0,none,level1
pion,filters,744.0,none,level1
pion,filters,745.0,none,level1
pion,filters,746.0,none,level1
pion,filters,747.0,none,level1
pion,filters,748.0,none,level1
pion,filters,749.0,none,level1
pion,filters,750.0,none,level1
pion,filters,751.0,none,level1
pion,filters,752.0,none,level1
pion,filters,753.0,none,level1
pion,filters,754.0,none,level2
pion,filters,755.0,none,level1
pion,filters,756.0,none,none
pion,filters,757.0,none,level1
pion,filters,758.0,none,level1
pion,filters,759.0,none,level1
pion,filters,760.0,none,level1
pion,filters,761.0,latent,none
pion,filters,762.0,none,level2
pion,filters,763.0,none,level1
pion,filters,764.0,none,level1
pion,filters,765.0,none,level1
pion,filters,766.0,none,level1
pion,filters,767.0,none,level1
pion,filters,768.0,none,level1
pion,filters,769.0,none,level1
pion,filters,770.0,none,level1
pion,filters,771.0,none,level1
pion,filters,772.0,none,none
pion,filters,773.0,none,level1
pion,filters,774.0,none,level2
pion,filters,775.0,none,level1
pion,filters,776.0,none,level1
pion,filters,777.0,latent,level2
pion,filters,778.0,latent,none
pion,filters,779.0,none,level1
pion,filters,780.0,none,level1
pion,filters,781.0,none,level1
pion,filters,782.0,none,level1
pion,filters,783.0,none,level1
pion,filters,784.0,none,level1
pion,filters,785.0,none,none
pion,filters,786.0,none,level1
pion,filters,787.0,none,level1
pion,filters,788.0,none,level1
pion,filters,789.0,none,level1
pion,filters,790.0,none,none
pion,filters,791.0,latent,level2
pion,filters,792.0,none,level1
pion,filters,793.0,none,level1
pion,filters,794.0,none,level1
pion,filters,795.0,none,level1
pion,filters,796.0,none,level1
pion,filters,797.0,none,level1
pion,filters,798.0,none,level1
pion,filters,799.0,none,level2
pion,filters,800.0,none,level1
pion,filters,801.0,none,level1
pion,filters,802.0,none,level1
pion,filters,803.0,none,level1
pion,filters,804.0,none,level1
pion,filters,805.0,none,none
pion,filters,806.0,none,none
pion,filters,807.0,latent,none
pion,filters,808.0,structural,none
pion,filters,809.0,none,level1
pion,filters,810.0,none,level1
pion,filters,811.0,none,level1
pion,filters,812.0,none,level1
pion,filters,813.0,none,level1
pion,filters,814.0,none,level1
pion,filters,815.0,none,level1
pion,filters,816.0,none,none
pion,filters,817.0,none,level1
pion,filters,818.0,none,level1
pion,filters,819.0,none,level2
pion,filters,820.0,none,level1
pion,filters,821.0,none,level1
pion,filters,822.0,none,none
pion,filters,823.0,none,level1
pion,filters,824.0,structural,none
pion,filters,825.0,none,level1
pion,filters,826.0,none,level1
pion,filters,827.0,none,level1
pion,filters,828.0,none,level1
pion,filters,829.0,none,level1
pion,filters,830.0,latent,none
pion,filters,831.0,latent,none
pion,filters,832.0,none,level1
pion,filters,833.0,none,level1
pion,filters,834.0,latent,none
pion,filters,835.0,none,level1
pion,filters,836.0,none,level1
pion,filters,837.0,none,none
pion,filters,838.0,none,level1
pion,filters,839.0,none,level1
pion,filters,840.0,none,none
pion,filters,841.0,none,level1
pion,filters,842.0,structural,none
pion,filters,843.0,none,none
pion,filters,844.0,none,none
pion,filters,845.0,none,level1
pion,filters,846.0,none,level1
pion,filters,847.0,none,level1
pion,filters,848.0,none,level1
pion,filters,849.0,none,level1
pion,filters,850.0,none,level1
pion,filters,851.0,none,level1
pion,filters,852.0,none,level1
pion,filters,853.0,none,level1
pion,filters,854.0,none,level1
pion,filters,855.0,none,level1
pion,filters,856.0,none,level1
pion,filters,857.0,none,none
pion,filters,858.0,none,level1
pion,filters,859.0,none,level1
pion,filters,860.0,none,level1
pion,filters,861.0,none,level1
pion,filters,862.0,none,level1
pion,filters,863.0,none,level1
pion,filters,864.0,none,level1
pion,filters,865.0,none,level1
pion,filters,866.0,none,none
pion,filters,867.0,none,level1
pion,filters,868.0,none,level1
pion,filters,869.0,none,level1
pion,filters,870.0,none,level1
pion,filters,871.0,none,level1
pion,filters,872.0,none,level1
pion,filters,873.0,none,level1
pion,filters,874.0,none,level1
pion,filters,875.0,none,level1
pion,filters,876.0,none,none
pion,filters,877.0,none,level1
pion,filters,878.0,none,level1
pion,filters,879.0,none,level1
pion,filters,880.0,none,level1
pion,filters,881.0,latent,level2
pion,filters,882.0,none,none
pion,filters,883.0,none,level1
pion,filters,884.0,none,level1
pion,filters,885.0,none,level1
pion,filters,886.0,none,level1
pion,filters,887.0,latent,level2
pion,filters,888.0,none,level1
pion,filters,889.0,none,level1
pion,filters,890.0,none,level1
pion,filters,891.0,none,none
pion,filters,892.0,none,level1
pion,filters,893.0,none,level2
pion,filters,894.0,none,level1
pion,filters,895.0,none,level1
pion,filters,896.0,none,level2
pion,filters,897.0,none,level1
pion,filters,898.0,none,level1
pion,filters,899.0,none,level1
pion,filters,900.0,none,level1
pion,filters,901.0,none,level1
pion,filters,902.0,none,level1
pion,filters,903.0,none,level1
pion,filters,904.0,none,level1
pion,filters,905.0,none,level1
pion,filters,906.0,none,none
pion,filters,907.0,none,level1
pion,filters,908.0,none,level1
pion,filters,909.0,none,level1
pion,filters,910.0,none,level2
pion,filters,911.0,none,level2
pion,filters,912.0,none,level1
pion,filters,913.0,none,level1
pion,filters,914.0,none,none
pion,filters,915.0,structural,none
pion,filters,916.0,none,level1
pion,filters,917.0,none,level2
pion,filters,918.0,none,level1
pion,filters,919.0,none,level1
pion,filters,920.0,none,level1
pion,filters,921.0,none,level1
pion,filters,922.0,none,level1
pion,filters,923.0,none,level1
pion,filters,924.0,none,level1
pion,filters,925.0,none,none
pion,filters,926.0,none,level1
pion,filters,927.0,none,level1
pion,filters,928.0,none,level1
pion,filters,929.0,none,level1
pion,filters,930.0,none,level1
pion,filters,931.0,none,level1
pion,filters,932.0,none,level1
pion,filters,933.0,none,level1
pion,filters,934.0,none,level1
pion,filters,935.0,none,level1
pion,filters,936.0,none,level1
pion,filters,937.0,none,level1
pion,filters,938.0,none,level1
pion,filters,939.0,none,level1
pion,filters,940.0,none,level1
pion,filters,941.0,none,level1
pion,filters,942.0,none,level1
pion,filters,943.0,none,level2
pion,filters,944.0,none,level1
pion,filters,945.0,none,level1
pion,filters,946.0,none,level1
pion,filters,947.0,none,level1
pion,filters,948.0,none,level1
pion,filters,949.0,none,level1
pion,filters,950.0,none,level1
pion,filters,951.0,none,level1
pion,filters,952.0,none,level1
pion,filters,953.0,none,level1
pion,filters,954.0,none,level1
pion,filters,955.0,none,level1
pion,filters,956.0,latent,none
pion,filters,957.0,none,level1
pion,filters,958.0,none,none
pion,filters,959.0,structural,none
pion,filters,960.0,none,none
pion,filters,961.0,none,level2
pion,filters,962.0,none,level1
pion,filters,963.0,none,level1
pion,filters,964.0,none,level1
pion,filters,965.0,none,level1
pion,filters,966.0,none,level1
pion,filters,967.0,none,level1
pion,filters,968.0,none,level1
pion,filters,969.0,none,level2
pion,filters,970.0,none,level1
pion,filters,971.0,none,level1
pion,filters,972.0,none,level1
pion,filters,973.0,none,level1
pion,filters,974.0,none,level1
pion,filters,975.0,none,level1
pion,filters,976.0,none,level1
pion,filters,977.0,latent,none
pion,filters,978.0,none,level1
pion,filters,979.0,none,level1
pion,filters,980.0,none,level1
pion,filters,981.0,none,level1
pion,filters,982.0,none,level1
pion,filters,983.0,none,level1
pion,filters,984.0,none,level1
pion,filters,985.0,none,none
pion,filters,986.0,none,level1
pion,filters,987.0,latent,none
pion,filters,988.0,none,level1
pion,filters,989.0,none,level1
pion,filters,990.0,none,level1
pion,filters,991.0,none,level1
pion,filters,992.0,none,level1
pion,filters,993.0,none,none
pion,filters,994.0,none,level1
pion,filters,995.0,none,level1
pion,filters,996.0,none,level1
pion,filters,997.0,none,level1
pion,filters,998.0,none,level1
pion,filters,999.0,none,level1
pion,filters,1000.0,none,level1
pion,filters,1001.0,none,level1
pion,filters,1002.0,none,level1
pion,filters,1003.0,none,level1
pion,filters,1004.0,none,level1
pion,filters,1005.0,none,level1
pion,filters,1006.0,none,level1
pion,filters,1007.0,none,level1
pion,filters,1008.0,none,level2
pion,filters,1009.0,none,level1
pion,filters,1010.0,none,none
pion,filters,1011.0,none,level1
pion,filters,1012.0,none,level1
pion,filters,1013.0,none,level1
pion,filters,1014.0,none,level1
pion,filters,1015.0,none,none
pion,filters,1016.0,none,level1
pion,filters,1017.0,none,level1
pion,filters,1018.0,none,level1
pion,filters,1019.0,none,none
pion,filters,1020.0,none,level1
pion,filters,1021.0,latent,none
pion,filters,1022.0,none,level1
pion,filters,1023.0,none,level1
pion,filters,1024.0,none,level1
pion,filters,1025.0,none,level1
pion,filters,1026.0,structural,none
pion,filters,1027.0,none,none
pion,filters,1028.0,none,level1
pion,filters,1029.0,none,level1
pion,filters,1030.0,none,level1
pion,filters,1031.0,none,level1
pion,filters,1032.0,none,level1
pion,filters,1033.0,none,level1
pion,filters,1034.0,none,level1
pion,filters,1035.0,none,level2
pion,filters,1036.0,none,level1
pion,filters,1037.0,none,level1
pion,filters,1038.0,none,level2
pion,filters,1039.0,none,level1
pion,filters,1040.0,none,level1
pion,filters,1041.0,none,level1
pion,filters,1042.0,none,level1
pion,filters,1043.0,structural,none
pion,filters,1044.0,none,level1
pion,filters,1045.0,structural,none
pion,filters,1046.0,none,level1
pion,filters,1047.0,latent,none
pion,filters,1048.0,none,level1
pion,filters,1049.0,none,level1
pion,filters,1050.0,none,level1
pion,filters,1051.0,none,level1
pion,filters,1052.0,none,level1
pion,filters,1053.0,none,level1
pion,filters,1054.0,latent,level2
pion,filters,1055.0,none,level1
pion,filters,1056.0,none,level1
pion,filters,1057.0,none,level1
pion,filters,1058.0,none,level1
pion,filters,1059.0,latent,none
pion,filters,1060.0,none,level1
pion,filters,1061.0,none,level1
pion,filters,1062.0,none,level1
pion,filters,1063.0,none,level2
pion,filters,1064.0,none,level1
pion,filters,1065.0,none,level2
pion,filters,1066.0,none,level1
pion,filters,1067.0,none,level1
pion,filters,1068.0,none,level1
pion,filters,1069.0,none,level1
pion,filters,1070.0,none,level1
pion,filters,1071.0,none,level1
pion,filters,1072.0,latent,none
pion,filters,1073.0,none,level1
pion,filters,1074.0,none,level1
pion,filters,1075.0,none,level1
pion,filters,1076.0,none,level1
pion,filters,1077.0,none,level1
pion,filters,1078.0,none,level1
pion,filters,1079.0,none,level1
pion,filters,1080.0,none,level1
pion,filters,1081.0,none,level1
pion,filters,1082.0,none,none
pion,filters,1083.0,none,level1
pion,filters,1084.0,none,level1
pion,filters,1085.0,none,level1
pion,filters,1086.0,none,level1
pion,filters,1087.0,none,none
pion,filters,1088.0,none,none
pion,filters,1089.0,none,level1
pion,filters,1090.0,none,level1
pion,filters,1091.0,none,level1
pion,filters,1092.0,none,none
pion,filters,1093.0,none,level1
pion,filters,1094.0,none,level1
pion,filters,1095.0,none,level2
pion,filters,1096.0,structural,level3
pion,filters,1097.0,none,level1
pion,filters,1098.0,latent,none
pion,filters,1099.0,none,level1
pion,filters,1100.0,none,level1
pion,filters,1101.0,none,level1
pion,filters,1102.0,none,level1
pion,filters,1103.0,none,none
pion,filters,1104.0,none,level2
pion,filters,1105.0,none,level1
pion,filters,1106.0,none,level1
pion,filters,1107.0,none,level1
pion,filters,1108.0,none,level1
pion,filters,1109.0,none,level1
pion,filters,1110.0,none,level1
pion,filters,1111.0,none,level1
pion,filters,1112.0,none,level1
pion,filters,1113.0,none,level1
pion,filters,1114.0,none,none
pion,filters,1115.0,none,level1
pion,filters,1116.0,none,none
pion,filters,1117.0,none,level1
pion,filters,1118.0,none,level1
pion,filters,1119.0,none,level1
pion,filters,1120.0,none,level1
pion,filters,1121.0,latent,none
pion,filters,1122.0,none,level1
pion,filters,1123.0,none,level2
pion,filters,1124.0,none,level1
pion,filters,1125.0,none,level1
pion,filters,1126.0,none,none
pion,filters,1127.0,none,level1
pion,filters,1128.0,none,level1
pion,filters,1129.0,none,level1
pion,filters,1130.0,none,level1
pion,filters,1131.0,structural,none
pion,filters,1132.0,latent,none
pion,filters,1133.0,none,level1
pion,filters,1134.0,none,level1
pion,filters,1135.0,none,level1
pion,filters,1136.0,none,level1
pion,filters,1137.0,none,level1
pion,filters,1138.0,none,level1
pion,filters,1139.0,none,level1
pion,filters,1140.0,none,level1
pion,filters,1141.0,none,level1
pion,filters,1142.0,none,level1
pion,filters,1143.0,none,level1
pion,filters,1144.0,none,level1
pion,filters,1145.0,structural,none
pion,filters,1146.0,none,level1
pion,filters,1147.0,none,level1
pion,filters,1148.0,none,level1
pion,filters,1149.0,none,level1
pion,filters,1150.0,none,level1
pion,filters,1151.0,none,level1
pion,filters,1152.0,none,level1
pion,filters,1153.0,none,level1
pion,filters,1154.0,none,level1
pion,filters,1155.0,none,level1
pion,filters,1156.0,none,level1
pion,filters,1157.0,latent,none
pion,filters,1158.0,none,level1
pion,filters,1159.0,none,level2
pion,filters,1160.0,none,none
pion,filters,1161.0,none,level1
pion,filters,1162.0,none,level2
pion,filters,1163.0,none,level1
pion,filters,1164.0,none,level1
pion,filters,1165.0,none,level1
pion,filters,1166.0,none,none
pion,filters,1167.0,none,level1
pion,filters,1168.0,none,level1
pion,filters,1169.0,none,level1
pion,filters,1170.0,none,level1
pion,filters,1171.0,none,level1
pion,filters,1172.0,none,level1
pion,filters,1173.0,none,level1
pion,filters,1174.0,none,level1
pion,filters,1175.0,none,none
pion,filters,1176.0,none,level1
pion,filters,1177.0,none,level1
pion,filters,1178.0,none,level1
pion,filters,1179.0,none,none
pion,filters,1180.0,none,level1
pion,filters,1181.0,none,none
pion,filters,1182.0,none,level1
pion,filters,1183.0,none,level1
pion,filters,1184.0,none,level1
pion,filters,1185.0,none,level1
pion,filters,1186.0,structural,level3
pion,filters,1187.0,none,level1
pion,filters,1188.0,none,level1
pion,filters,1189.0,none,level1
pion,filters,1190.0,none,level1
pion,filters,1191.0,none,level1
pion,filters,1192.0,none,level1
pion,filters,1193.0,none,level1
pion,filters,1194.0,none,level1
pion,filters,1195.0,none,level2
pion,filters,1196.0,none,level1
pion,filters,1197.0,none,level1
pion,filters,1198.0,none,none
pion,filters,1199.0,none,level1
pion,filters,1200.0,none,none
pion,filters,1201.0,none,level1
pion,filters,1202.0,none,none
pion,filters,1203.0,none,none
pion,filters,1204.0,none,level1
pion,filters,1205.0,none,level1
pion,filters,1206.0,none,level1
pion,filters,1207.0,none,level1
pion,filters,1208.0,none,level1
pion,filters,1209.0,none,level2
pion,filters,1210.0,structural,none
pion,filters,1211.0,none,none
pion,filters,1212.0,none,level1
pion,filters,1213.0,structural,none
pion,filters,1214.0,none,level1
pion,filters,1215.0,none,none
pion,filters,1216.0,none,level1
pion,filters,1217.0,none,level1
pion,filters,1218.0,none,level1
pion,filters,1219.0,none,level2
pion,filters,1220.0,none,level1
pion,filters,1221.0,none,level1
pion,filters,1222.0,none,level1
pion,filters,1223.0,none,level1
pion,filters,1224.0,none,level1
pion,filters,1225.0,none,level1
pion,filters,1226.0,none,level1
pion,filters,1227.0,none,level1
pion,filters,1228.0,none,level1
pion,filters,1229.0,none,level1
pion,filters,1230.0,none,level1
pion,filters,1231.0,none,none
pion,filters,1232.0,none,none
pion,filters,1233.0,none,level1
pion,filters,1234.0,none,level1
pion,filters,1235.0,structural,none
pion,filters,1236.0,none,level1
pion,filters,1237.0,none,level1
pion,filters,1238.0,none,level1
pion,filters,1239.0,structural,none
pion,filters,1240.0,none,level1
pion,filters,1241.0,none,level1
pion,filters,1242.0,none,level2
pion,filters,1243.0,none,level1
pion,filters,1244.0,none,level1
pion,filters,1245.0,none,level1
pion,filters,1246.0,none,level1
pion,filters,1247.0,none,level2
pion,filters,1248.0,none,level1
pion,filters,1249.0,none,level1
pion,filters,1250.0,none,level1
pion,filters,1251.0,none,level1
pion,filters,1252.0,none,level1
pion,filters,1253.0,none,level1
pion,filters,1254.0,none,level1
pion,filters,1255.0,none,level1
pion,filters,1256.0,none,level1
pion,filters,1257.0,none,level1
pion,filters,1258.0,none,level1
pion,filters,1259.0,latent,level2
pion,filters,1260.0,none,level1
pion,filters,1261.0,latent,none
pion,filters,1262.0,none,none
pion,filters,1263.0,none,level1
pion,filters,1264.0,none,level1
pion,filters,1265.0,none,level1
pion,filters,1266.0,none,level1
pion,filters,1267.0,none,level2
pion,filters,1268.0,structural,none
pion,filters,1269.0,none,level1
pion,filters,1270.0,none,level1
pion,filters,1271.0,none,level1
pion,filters,1272.0,none,level1
pion,filters,1273.0,none,level1
pion,filters,1274.0,none,level1
pion,filters,1275.0,none,level1
pion,filters,1276.0,none,level1
pion,filters,1277.0,none,level1
pion,filters,1278.0,none,level1
pion,filters,1279.0,none,level1
pion,filters,1280.0,none,level1
pion,filters,1281.0,none,level2
pion,filters,1282.0,none,level1
pion,filters,1283.0,none,level1
pion,filters,1284.0,none,level1
pion,filters,1285.0,none,level1
pion,filters,1286.0,none,level1
pion,filters,1287.0,none,none
pion,filters,1288.0,none,level1
pion,filters,1289.0,none,level1
pion,filters,1290.0,none,level1
pion,filters,1291.0,none,level1
pion,filters,1292.0,none,level1
pion,filters,1293.0,none,none
pion,filters,1294.0,none,level1
pion,filters,1295.0,none,level1
pion,filters,1296.0,none,level1
pion,filters,1297.0,none,level1
pion,filters,1298.0,none,level1
pion,filters,1299.0,none,level1
pion,filters,1300.0,none,level1
pion,filters,1301.0,none,level1
pion,filters,1302.0,none,level1
pion,filters,1303.0,none,level2
pion,filters,1304.0,none,level1
pion,filters,1305.0,none,level1
pion,filters,1306.0,none,level1
pion,filters,1307.0,none,level1
pion,filters,1308.0,none,level1
pion,filters,1309.0,none,level1
pion,filters,1310.0,none,level1
pion,filters,1311.0,none,level2
pion,filters,1312.0,none,level1
pion,filters,1313.0,none,level1
pion,filters,1314.0,none,level1
pion,filters,1315.0,none,level1
pion,filters,1316.0,none,none
pion,filters,1317.0,none,level1
pion,filters,1318.0,none,level1
pion,filters,1319.0,none,level1
pion,filters,1320.0,none,none
pion,filters,1321.0,none,level2
pion,filters,1322.0,none,level1
pion,filters,1323.0,latent,none
pion,filters,1324.0,none,level1
pion,filters,1325.0,none,level1
pion,filters,1326.0,none,level1
pion,filters,1327.0,none,level1
pion,filters,1328.0,none,level1
pion,filters,1329.0,none,level2
pion,filters,1330.0,none,level1
pion,filters,1331.0,none,level2
pion,filters,1332.0,none,level1
pion,filters,1333.0,none,level1
pion,filters,1334.0,none,level1
pion,filters,1335.0,none,level1
pion,filters,1336.0,none,level1
pion,filters,1337.0,none,level1
pion,filters,1338.0,none,none
pion,filters,1339.0,none,level1
pion,filters,1340.0,none,none
pion,filters,1341.0,none,level1
pion,filters,1342.0,none,level1
pion,filters,1343.0,none,level1
pion,filters,1344.0,none,level1
pion,filters,1345.0,none,level1
pion,filters,1346.0,none,level1
pion,filters,1347.0,none,level2
pion,filters,1348.0,none,level1
pion,filters,1349.0,none,level1
pion,filters,1350.0,none,level2
pion,filters,1351.0,latent,none
pion,filters,1352.0,none,level1
pion,filters,1353.0,latent,none
pion,filters,1354.0,none,level1
pion,filters,1355.0,none,level1
pion,filters,1356.0,none,level1
pion,filters,1357.0,none,level2
pion,filters,1358.0,none,level1
pion,filters,1359.0,none,none
pion,filters,1360.0,none,level1
pion,filters,1361.0,none,level1
pion,filters,1362.0,none,level1
pion,filters,1363.0,none,level1
pion,filters,1364.0,none,level1
pion,filters,1365.0,none,level1
pion,filters,1366.0,none,level1
pion,filters,1367.0,none,level1
pion,filters,1368.0,none,level1
pion,filters,1369.0,none,level1
pion,filters,1370.0,none,level1
pion,filters,1371.0,none,none
pion,filters,1372.0,none,level1
pion,filters,1373.0,none,level1
pion,filters,1374.0,none,level1
pion,filters,1375.0,none,level1
pion,filters,1376.0,latent,none
pion,filters,1377.0,none,level1
pion,filters,1378.0,none,level1
pion,filters,1379.0,none,level1
pion,filters,1380.0,none,none
pion,filters,1381.0,none,level1
pion,filters,1382.0,none,level1
pion,filters,1383.0,none,level1
pion,filters,1384.0,none,level1
pion,filters,1385.0,none,level1
pion,filters,1386.0,structural,none
pion,filters,1387.0,none,none
pion,filters,1388.0,none,level1
pion,filters,1389.0,none,level1
pion,filters,1390.0,none,level1
pion,filters,1391.0,none,level1
pion,filters,1392.0,none,none
pion,filters,1393.0,none,level1
pion,filters,1394.0,none,level1
pion,filters,1395.0,none,level1
pion,filters,1396.0,none,level1
pion,filters,1397.0,none,level1
pion,filters,1398.0,none,level1
pion,filters,1399.0,none,level1
pion,filters,1400.0,none,none
pion,filters,1401.0,none,level1
pion,filters,1402.0,none,level1
pion,filters,1403.0,latent,none
pion,filters,1404.0,none,level1
pion,filters,1405.0,none,level1
pion,filters,1406.0,none,level1
pion,filters,1407.0,none,level1
pion,filters,1408.0,latent,none
pion,filters,1409.0,none,level1
pion,filters,1410.0,none,level2
pion,filters,1411.0,none,level1
pion,filters,1412.0,none,level2
pion,filters,1413.0,latent,level2
pion,filters,1414.0,none,level1
pion,filters,1415.0,none,level1
pion,filters,1416.0,none,level1
pion,filters,1417.0,none,none
pion,filters,1418.0,none,level1
pion,filters,1419.0,none,level1
pion,filters,1420.0,none,level1
pion,filters,1421.0,none,level1
pion,filters,1422.0,none,none
pion,filters,1423.0,none,level1
pion,filters,1424.0,none,level1
pion,filters,1425.0,none,level1
pion,filters,1426.0,none,level1
pion,filters,1427.0,none,level1
pion,filters,1428.0,none,level1
pion,filters,1429.0,none,level1
pion,filters,1430.0,none,level1
pion,filters,1431.0,none,level1
pion,filters,1432.0,none,level1
pion,filters,1433.0,none,level1
pion,filters,1434.0,none,level2
pion,filters,1435.0,none,level1
pion,filters,1436.0,none,level1
pion,filters,1437.0,none,level1
pion,filters,1438.0,none,level2
pion,filters,1439.0,none,level1
pion,filters,1440.0,none,level1
pion,filters,1441.0,none,level1
pion,filters,1442.0,none,level1
pion,filters,1443.0,none,level1
pion,filters,1444.0,none,level1
pion,filters,1445.0,none,level1
pion,filters,1446.0,none,level1
pion,filters,1447.0,none,level1
pion,filters,1448.0,latent,none
pion,filters,1449.0,none,level1
pion,filters,1450.0,none,none
pion,filters,1451.0,none,level1
pion,filters,1452.0,none,level1
pion,filters,1453.0,none,level1
pion,filters,1454.0,none,level1
pion,filters,1455.0,none,level1
pion,filters,1456.0,none,level1
pion,filters,1457.0,none,level1
pion,filters,1458.0,none,level1
pion,filters,1459.0,none,level1
pion,filters,1460.0,none,level1
pion,filters,1461.0,none,level1
pion,filters,1462.0,none,level1
pion,filters,1463.0,none,level1
pion,filters,1464.0,none,level1
pion,filters,1465.0,none,level1
pion,filters,1466.0,none,level1
pion,filters,1467.0,none,level1
pion,filters,1468.0,none,level1
pion,filters,1469.0,none,level2
pion,filters,1470.0,none,level1
pion,filters,1471.0,none,level1
pion,filters,1472.0,none,level1
pion,filters,1473.0,structural,none
pion,filters,1474.0,none,level1
pion,filters,1475.0,none,level2
pion,filters,1476.0,none,level1
pion,filters,1477.0,none,level1
pion,filters,1478.0,none,level1
pion,filters,1479.0,none,level1
pion,filters,1480.0,none,none
pion,filters,1481.0,none,level1
pion,filters,1482.0,none,none
pion,filters,1483.0,none,level1
pion,filters,1484.0,none,level1
pion,filters,1485.0,none,level1
pion,filters,1486.0,none,level1
pion,filters,1487.0,none,level1
pion,filters,1488.0,none,level1
pion,filters,1489.0,none,level1
pion,filters,1490.0,none,level2
pion,filters,1491.0,none,level1
pion,filters,1492.0,none,level1
pion,filters,1493.0,none,level1
pion,filters,1494.0,none,level1
pion,filters,1495.0,none,level1
pion,filters,1496.0,none,level1
pion,filters,1497.0,none,level1
pion,filters,1498.0,latent,none
pion,filters,1499.0,none,level1
pion,filters,1500.0,none,none
pion,filters,1501.0,latent,none
pion,filters,1502.0,none,level1
pion,filters,1503.0,none,none
pion,filters,1504.0,none,level1
pion,filters,1505.0,none,none
pion,filters,1506.0,none,level1
pion,filters,1507.0,none,level1
pion,filters,1508.0,none,level1
pion,filters,1509.0,none,level1
pion,filters,1510.0,none,level1
pion,filters,1511.0,none,level1
pion,filters,1512.0,none,level1
pion,filters,1513.0,none,level1
pion,filters,1514.0,none,level1
pion,filters,1515.0,none,level1
pion,filters,1516.0,none,level1
pion,filters,1517.0,none,level2
pion,filters,1518.0,none,level2
pion,filters,1519.0,none,level1
pion,filters,1520.0,none,none
pion,filters,1521.0,none,level1
pion,filters,1522.0,none,level1
pion,filters,1523.0,none,level1
pion,filters,1524.0,none,level1
pion,filters,1525.0,none,none
pion,filters,1526.0,none,level1
pion,filters,1527.0,none,none
pion,filters,1528.0,none,level1
pion,filters,1529.0,none,level1
pion,filters,1530.0,none,level1
pion,filters,1531.0,none,level1
pion,filters,1532.0,none,level1
pion,filters,1533.0,none,level1
pion,filters,1534.0,none,level1
pion,filters,1535.0,none,level1
pion,filters,1536.0,none,level1
pion,filters,1537.0,none,level1
pion,filters,1538.0,none,level1
pion,filters,1539.0,structural,none
pion,filters,1540.0,none,level1
pion,filters,1541.0,none,level1
pion,filters,1542.0,none,level1
pion,filters,1543.0,none,level1
pion,filters,1544.0,latent,none
pion,filters,1545.0,none,level1
pion,filters,1546.0,structural,none
pion,filters,1547.0,none,level1
pion,filters,1548.0,none,level1
pion,filters,1549.0,none,level1
pion,filters,1550.0,none,level1
pion,filters,1551.0,none,level1
pion,filters,1552.0,none,level1
pion,filters,1553.0,none,level1
pion,filters,1554.0,none,level1
pion,filters,1555.0,none,level1
pion,filters,1556.0,none,level1
pion,filters,1557.0,none,level1
pion,filters,1558.0,none,level1
pion,filters,1559.0,none,level1
pion,filters,1560.0,none,level1
pion,filters,1561.0,none,none
pion,filters,1562.0,none,level1
pion,filters,1563.0,none,level1
pion,filters,1564.0,none,level1
pion,filters,1565.0,none,level1
pion,filters,1566.0,none,level1
pion,filters,1567.0,none,level1
pion,filters,1568.0,none,level1
pion,filters,1569.0,none,level1
pion,filters,1570.0,none,level1
pion,filters,1571.0,none,level1
pion,filters,1572.0,none,level1
pion,filters,1573.0,none,level1
pion,filters,1574.0,none,level1
pion,filters,1575.0,latent,none
pion,filters,1576.0,none,level1
pion,filters,1577.0,none,level2
pion,filters,1578.0,none,level1
pion,filters,1579.0,none,level2
pion,filters,1580.0,none,level1
pion,filters,1581.0,none,level1
pion,filters,1582.0,none,level1
pion,filters,1583.0,none,level1
pion,filters,1584.0,none,level1
pion,filters,1585.0,none,level1
pion,filters,1586.0,none,level1
pion,filters,1587.0,none,level1
pion,filters,1588.0,none,level2
pion,filters,1589.0,none,level1
pion,filters,1590.0,none,none
pion,filters,1591.0,none,level1
pion,filters,1592.0,none,level1
pion,filters,1593.0,none,level1
pion,filters,1594.0,none,level1
pion,filters,1595.0,none,level1
pion,filters,1596.0,none,level1
pion,filters,1597.0,none,level1
pion,filters,1598.0,latent,none
pion,filters,1599.0,none,level1
pion,filters,1600.0,none,level1
pion,filters,1601.0,none,level2
pion,filters,1602.0,none,level1
pion,filters,1603.0,structural,none
pion,filters,1604.0,none,level1
pion,filters,1605.0,none,level1
pion,filters,1606.0,none,level1
pion,filters,1607.0,none,level1
pion,filters,1608.0,none,level1
pion,filters,1609.0,none,level1
pion,filters,1610.0,none,none
pion,filters,1611.0,none,level1
pion,filters,1612.0,none,level1
pion,filters,1613.0,none,none
pion,filters,1614.0,none,level1
pion,filters,1615.0,none,level1
pion,filters,1616.0,none,level1
pion,filters,1617.0,none,level1
pion,filters,1618.0,none,level1
pion,filters,1619.0,latent,none
pion,filters,1620.0,latent,none
pion,filters,1621.0,latent,none
pion,filters,1622.0,none,level1
pion,filters,1623.0,none,level2
pion,filters,1624.0,none,none
pion,filters,1625.0,none,level1
pion,filters,1626.0,none,level1
pion,filters,1627.0,none,level1
pion,filters,1628.0,none,level1
pion,filters,1629.0,none,level1
pion,filters,1630.0,none,level1
pion,filters,1631.0,none,level1
pion,filters,1632.0,latent,none
pion,filters,1633.0,none,level1
pion,filters,1634.0,none,level1
pion,filters,1635.0,none,level1
pion,filters,1636.0,none,level1
pion,filters,1637.0,none,level1
pion,filters,1638.0,none,level1
pion,filters,1639.0,none,level1
pion,filters,1640.0,none,level1
pion,filters,1641.0,none,level1
pion,filters,1642.0,none,level1
pion,filters,1643.0,none,level1
pion,filters,1644.0,none,level1
pion,filters,1645.0,none,level1
pion,filters,1646.0,none,level1
pion,filters,1647.0,none,level1
pion,filters,1648.0,none,level1
pion,filters,1649.0,none,level1
pion,filters,1650.0,none,level1
pion,filters,1651.0,none,level1
pion,filters,1652.0,none,level1
pion,filters,1653.0,none,level2
pion,filters,1654.0,none,level1
pion,filters,1655.0,none,level1
pion,filters,1656.0,none,level1
pion,filters,1657.0,none,level1
pion,filters,1658.0,none,level1
pion,filters,1659.0,none,level1
pion,filters,1660.0,none,none
pion,filters,1661.0,none,level1
pion,filters,1662.0,none,level1
pion,filters,1663.0,latent,level2
pion,filters,1664.0,none,level1
pion,filters,1665.0,none,level1
pion,filters,1666.0,none,none
pion,filters,1667.0,none,level1
pion,filters,1668.0,none,level2
pion,filters,1669.0,none,level1
pion,filters,1670.0,none,level1
pion,filters,1671.0,none,none
pion,filters,1672.0,none,none
pion,filters,1673.0,none,none
pion,filters,1674.0,none,level1
pion,filters,1675.0,none,level1
pion,filters,1676.0,none,none
pion,filters,1677.0,none,none
pion,filters,1678.0,none,level1
pion,filters,1679.0,none,level1
pion,filters,1680.0,none,level1
pion,filters,1681.0,none,level1
pion,filters,1682.0,none,level1
pion,filters,1683.0,none,level1
pion,filters,1684.0,none,level1
pion,filters,1685.0,none,level1
pion,filters,1686.0,none,level1
pion,filters,1687.0,none,level1
pion,filters,1688.0,none,level1
pion,filters,1689.0,none,level2
pion,filters,1690.0,none,level1
pion,filters,1691.0,none,level1
pion,filters,1692.0,latent,none
pion,filters,1693.0,none,level1
pion,filters,1694.0,none,level1
pion,filters,1695.0,none,level1
pion,filters,1696.0,none,none
pion,filters,1697.0,none,level1
pion,filters,1698.0,none,level1
pion,filters,1699.0,none,level1
pion,filters,1700.0,structural,none
pion,filters,1701.0,none,level1
pion,filters,1702.0,none,level1
pion,filters,1703.0,none,none
pion,filters,1704.0,none,level1
pion,filters,1705.0,none,level1
pion,filters,1706.0,none,level1
pion,filters,1707.0,none,level2
pion,filters,1708.0,latent,none
pion,filters,1709.0,none,level1
pion,filters,1710.0,none,level1
pion,filters,1711.0,none,level1
pion,filters,1712.0,none,level1
pion,filters,1713.0,none,level1
pion,filters,1714.0,none,level2
pion,filters,1715.0,none,level1
pion,filters,1716.0,none,level1
pion,filters,1717.0,none,level1
pion,filters,1718.0,none,level1
pion,filters,1719.0,none,level1
pion,filters,1720.0,none,level1
pion,filters,1721.0,none,level1
pion,filters,1722.0,none,level1
pion,filters,1723.0,none,level1
pion,filters,1724.0,none,level1
pion,filters,1725.0,none,level1
pion,filters,1726.0,none,level1
pion,filters,1727.0,none,level1
pion,filters,1728.0,none,none
pion,filters,1729.0,none,none
pion,filters,1730.0,none,level1
pion,filters,1731.0,none,none
pion,filters,1732.0,none,none
pion,filters,1733.0,none,level1
pion,filters,1734.0,none,level1
pion,filters,1735.0,none,level1
pion,filters,1736.0,none,level1
pion,filters,1737.0,none,level1
pion,filters,1738.0,none,level1
pion,filters,1739.0,none,level1
pion,filters,1740.0,none,level1
pion,filters,1741.0,none,level2
pion,filters,1742.0,none,level1
pion,filters,1743.0,none,level1
pion,filters,1744.0,none,level1
pion,filters,1745.0,none,level1
pion,filters,1746.0,none,level1
pion,filters,1747.0,none,level1
pion,filters,1748.0,none,level1
pion,filters,1749.0,none,level2
pion,filters,1750.0,none,level1
pion,filters,1751.0,none,level1
pion,filters,1752.0,none,level1
pion,filters,1753.0,none,level1
pion,filters,1754.0,latent,none
pion,filters,1755.0,none,level1
pion,filters,1756.0,none,level1
pion,filters,1757.0,none,level1
pion,filters,1758.0,none,level1
pion,filters,1759.0,none,level1
pion,filters,1760.0,latent,none
pion,filters,1761.0,latent,none
pion,filters,1762.0,none,level1
pion,filters,1763.0,none,level1
pion,filters,1764.0,none,level1
pion,filters,1765.0,none,level1
pion,filters,1766.0,none,level1
pion,filters,1767.0,none,level1
pion,filters,1768.0,none,level1
pion,filters,1769.0,none,level1
pion,filters,1770.0,none,level1
pion,filters,1771.0,none,level1
pion,filters,1772.0,none,level1
pion,filters,1773.0,none,level1
pion,filters,1774.0,none,level1
pion,filters,1775.0,none,level1
pion,filters,1776.0,none,level1
pion,filters,1777.0,none,level1
pion,filters,1778.0,none,level1
pion,filters,1779.0,none,level1
pion,filters,1780.0,none,level2
pion,filters,1781.0,none,level1
pion,filters,1782.0,none,level1
pion,filters,1783.0,none,level1
pion,filters,1784.0,none,level1
pion,filters,1785.0,none,level1
pion,filters,1786.0,none,none
pion,filters,1787.0,none,level1
pion,filters,1788.0,none,level1
pion,filters,1789.0,none,level1
pion,filters,1790.0,none,level1
pion,filters,1791.0,none,none
pion,filters,1792.0,none,level1
pion,filters,1793.0,none,level1
pion,filters,1794.0,none,level1
pion,filters,1795.0,none,level1
pion,filters,1796.0,none,level2
pion,filters,1797.0,none,level1
pion,filters,1798.0,none,level2
pion,filters,1799.0,none,level1
pion,filters,1800.0,none,level1
pion,filters,1801.0,none,none
pion,filters,1802.0,none,level1
pion,filters,1803.0,none,level1
pion,filters,1804.0,none,level1
pion,filters,1805.0,none,level1
pion,filters,1806.0,none,level1
pion,filters,1807.0,none,level1
pion,filters,1808.0,none,none
pion,filters,1809.0,none,level2
pion,filters,1810.0,none,level1
pion,filters,1811.0,none,level1
pion,filters,1812.0,none,level2
pion,filters,1813.0,none,level1
pion,filters,1814.0,none,level1
pion,filters,1815.0,none,level1
pion,filters,1816.0,structural,none
pion,filters,1817.0,latent,none
pion,filters,1818.0,none,level1
pion,filters,1819.0,none,none
pion,filters,1820.0,none,level1
pion,filters,1821.0,none,level1
pion,filters,1822.0,none,level1
pion,filters,1823.0,none,level1
pion,filters,1824.0,none,level1
pion,filters,1825.0,none,level1
pion,filters,1826.0,none,level1
pion,filters,1827.0,none,level1
pion,filters,1828.0,none,level1
pion,filters,1829.0,none,level1
pion,filters,1830.0,none,level1
pion,filters,1831.0,none,level1
pion,filters,1832.0,none,level1
pion,filters,1833.0,none,level1
pion,filters,1834.0,none,level1
pion,filters,1835.0,none,level1
pion,filters,1836.0,none,level1
pion,filters,1837.0,none,level1
pion,filters,1838.0,structural,none
pion,filters,1839.0,none,level1
pion,filters,1840.0,latent,none
pion,filters,1841.0,none,level1
pion,filters,1842.0,none,level1
pion,filters,1843.0,none,level1
pion,filters,1844.0,none,level1
pion,filters,1845.0,none,level2
pion,filters,1846.0,none,level1
pion,filters,1847.0,none,level1
pion,filters,1848.0,none,level1
pion,filters,1849.0,none,level1
pion,filters,1850.0,none,level1
pion,filters,1851.0,none,level1
pion,filters,1852.0,none,level1
pion,filters,1853.0,none,level1
pion,filters,1854.0,none,level1
pion,filters,1855.0,none,level1
pion,filters,1856.0,latent,none
pion,filters,1857.0,none,level1
pion,filters,1858.0,none,level1
pion,filters,1859.0,none,level1
pion,filters,1860.0,none,none
pion,filters,1861.0,none,none
pion,filters,1862.0,none,level1
pion,filters,1863.0,none,level1
pion,filters,1864.0,none,level1
pion,filters,1865.0,none,level1
pion,filters,1866.0,none,level1
pion,filters,1867.0,none,level1
pion,filters,1868.0,none,level2
pion,filters,1869.0,none,level1
pion,filters,1870.0,none,level1
pion,filters,1871.0,none,level1
pion,filters,1872.0,none,level1
pion,filters,1873.0,none,level1
pion,filters,1874.0,none,level1
pion,filters,1875.0,none,level1
pion,filters,1876.0,none,level1
pion,filters,1877.0,none,level1
pion,filters,1878.0,none,level1
pion,filters,1879.0,none,level1
pion,filters,1880.0,none,level1
pion,filters,1881.0,none,level2
pion,filters,1882.0,none,level1
pion,filters,1883.0,none,level1
pion,filters,1884.0,none,level1
pion,filters,1885.0,none,level2
pion,filters,1886.0,none,level1
pion,filters,1887.0,none,level1
pion,filters,1888.0,none,none
pion,filters,1889.0,none,level1
pion,filters,1890.0,none,level1
pion,filters,1891.0,none,level1
pion,filters,1892.0,none,level1
pion,filters,1893.0,none,level1
pion,filters,1894.0,none,level1
pion,filters,1895.0,none,level1
pion,filters,1896.0,none,level1
pion,filters,1897.0,none,level1
pion,filters,1898.0,none,level1
pion,filters,1899.0,none,level1
pion,filters,1900.0,none,level1
pion,filters,1901.0,latent,none
pion,filters,1902.0,none,level1
pion,filters,1903.0,none,level1
pion,filters,1904.0,none,level1
pion,filters,1905.0,none,level1
pion,filters,1906.0,none,level1
pion,filters,1907.0,none,level1
pion,filters,1908.0,none,level1
pion,filters,1909.0,none,level1
pion,filters,1910.0,none,level1
pion,filters,1911.0,none,level1
pion,filters,1912.0,none,level1
pion,filters,1913.0,none,level1
pion,filters,1914.0,none,level1
pion,filters,1915.0,none,level1
pion,filters,1916.0,none,level1
pion,filters,1917.0,none,level1
pion,filters,1918.0,none,level1
pion,filters,1919.0,none,level2
pion,filters,1920.0,none,level1
pion,filters,1921.0,none,level1
pion,filters,1922.0,none,level1
pion,filters,1923.0,none,level1
pion,filters,1924.0,none,level1
pion,filters,1925.0,none,level1
pion,filters,1926.0,none,level1
pion,filters,1927.0,none,level2
pion,filters,1928.0,structural,none
pion,filters,1929.0,none,level1
pion,filters,1930.0,latent,none
pion,filters,1931.0,none,none
pion,filters,1932.0,structural,none
pion,filters,1933.0,none,level1
pion,filters,1934.0,none,level2
pion,filters,1935.0,none,level1
pion,filters,1936.0,none,level1
pion,filters,1937.0,none,level1
pion,filters,1938.0,none,level1
pion,filters,1939.0,none,level1
pion,filters,1940.0,none,level1
pion,filters,1941.0,none,level1
pion,filters,1942.0,none,level1
pion,filters,1943.0,none,none
pion,filters,1944.0,none,level2
pion,filters,1945.0,none,level2
pion,filters,1946.0,none,level1
pion,filters,1947.0,none,level1
pion,filters,1948.0,none,level1
pion,filters,1949.0,none,level1
pion,filters,1950.0,none,level1
pion,filters,1951.0,none,level1
pion,filters,1952.0,none,level1
pion,filters,1953.0,none,level1
pion,filters,1954.0,none,level1
pion,filters,1955.0,none,level1
pion,filters,1956.0,none,level1
pion,filters,1957.0,none,level1
pion,filters,1958.0,none,none
pion,filters,1959.0,none,level1
pion,filters,1960.0,none,level1
pion,filters,1961.0,none,level1
pion,filters,1962.0,none,none
pion,filters,1963.0,none,level1
pion,filters,1964.0,none,level1
pion,filters,1965.0,none,level1
pion,filters,1966.0,none,level1
pion,filters,1967.0,none,level1
pion,filters,1968.0,none,level1
pion,filters,1969.0,none,level1
pion,filters,1970.0,none,level1
pion,filters,1971.0,none,level1
pion,filters,1972.0,none,level1
pion,filters,1973.0,structural,none
pion,filters,1974.0,none,level1
pion,filters,1975.0,none,level1
pion,filters,1976.0,none,level1
pion,filters,1977.0,none,level1
pion,filters,1978.0,none,level1
pion,filters,1979.0,none,level1
pion,filters,1980.0,none,level1
pion,filters,1981.0,none,level1
pion,filters,1982.0,none,level1
pion,filters,1983.0,none,level1
pion,filters,1984.0,none,none
pion,filters,1985.0,none,level1
pion,filters,1986.0,none,level2
pion,filters,1987.0,none,level1
pion,filters,1988.0,none,level1
pion,filters,1989.0,none,level2
pion,filters,1990.0,none,level1
pion,filters,1991.0,none,level1
pion,filters,1992.0,none,level1
pion,filters,1993.0,none,level1
pion,filters,1994.0,none,level2
pion,filters,1995.0,none,level1
pion,filters,1996.0,latent,none
pion,filters,1997.0,none,level1
pion,filters,1998.0,none,none
pion,filters,1999.0,none,level1
