run_id,best_target,best_d_total,structure_tier,s2_state,band_count_structural,band_count,lock_quality_Q,lock_quality_S1,lock_quality_S2,reasons,selection_config_path,selection_config_hash
259,delta_1920,0.038022789299427706,level1,none,2.0,2.0,0.9995101871926239,0.00014871301033491256,0.0003410997970412842,,data/raw/wave1_selection.json,b1272041db1364831db88d72b114cca8f67e70416c3ea4326f99e5d53e1ea677
1168,lambda_c_2765,3.882055281179449,level1,latent,1.0,1.0,0.9974122987193746,0.00044547771845302543,0.0021422235621724097,dof_grade_not_a;policy_rejected,data/raw/wave1_selection.json,b1272041db1364831db88d72b114cca8f67e70416c3ea4326f99e5d53e1ea677
618,lambda_c_2765,1.2391498563085015,level1,none,1.0,1.0,0.9998191186429943,4.1612413363968184e-05,0.000139268943641782,policy_rejected,data/raw/wave1_selection.json,b1272041db1364831db88d72b114cca8f67e70416c3ea4326f99e5d53e1ea677
1540,delta_1930,0.0696363120090911,level1,none,2.0,2.0,0.9995302382058401,0.00031720618859367106,0.00015255560556633174,policy_rejected,data/raw/wave1_selection.json,b1272041db1364831db88d72b114cca8f67e70416c3ea4326f99e5d53e1ea677
1724,lambda_c_2765,0.4754439214455595,level1,none,1.0,1.0,0.9997383159695784,9.506469793970468e-05,0.00016661933248186657,policy_rejected,data/raw/wave1_selection.json,b1272041db1364831db88d72b114cca8f67e70416c3ea4326f99e5d53e1ea677
1496,sigma_1775,0.08982161133927598,level1,none,1.0,1.0,0.9989608248995827,0.0002463374606056182,0.0007928376398115977,,data/raw/wave1_selection.json,b1272041db1364831db88d72b114cca8f67e70416c3ea4326f99e5d53e1ea677
1160,lambda_c_2765,0.6198186184018153,level1,none,1.0,1.0,0.9991978418230428,0.0004366173300360074,0.0003655408469212121,policy_rejected,data/raw/wave1_selection.json,b1272041db1364831db88d72b114cca8f67e70416c3ea4326f99e5d53e1ea677
1631,delta_1920,0.11725306281867381,level1,none,2.0,2.0,0.9999241395202121,1.470003794077069e-05,6.116044184702514e-05,dof_grade_not_a,data/raw/wave1_selection.json,b1272041db1364831db88d72b114cca8f67e70416c3ea4326f99e5d53e1ea677
1609,delta_1600,0.21952825386981273,level1,none,1.0,1.0,0.9990418906199459,0.00020783440600770042,0.0007502749740464306,policy_rejected,data/raw/wave1_selection.json,b1272041db1364831db88d72b114cca8f67e70416c3ea4326f99e5d53e1ea677
241,lambda_c_2625,1.4269277822048354,level1,none,1.0,1.0,0.9997229098132938,5.643720348852058e-05,0.0002206529832176311,policy_rejected,data/raw/wave1_selection.json,b1272041db1364831db88d72b114cca8f67e70416c3ea4326f99e5d53e1ea677
1469,lambda_c,2.3103523364823806,level1,none,1.0,1.0,0.9997362361841549,0.00018453003859490917,7.923377725019958e-05,,data/raw/wave1_selection.json,b1272041db1364831db88d72b114cca8f67e70416c3ea4326f99e5d53e1ea677
1300,delta_1620,0.22795555341852083,level1,none,1.0,1.0,0.9991130038223892,0.0001344483692935971,0.0007525478083173125,,data/raw/wave1_selection.json,b1272041db1364831db88d72b114cca8f67e70416c3ea4326f99e5d53e1ea677
1702,sigma_1775,0.42882034503931843,level1,none,1.0,1.0,0.9992241314510925,0.00021027455082144695,0.0005655939980862198,,data/raw/wave1_selection.json,b1272041db1364831db88d72b114cca8f67e70416c3ea4326f99e5d53e1ea677
48,delta_1920,0.024272038643199687,level1,none,2.0,2.0,0.9997356671901338,0.0001939058650742633,7.042694479199302e-05,,data/raw/wave1_selection.json,b1272041db1364831db88d72b114cca8f67e70416c3ea4326f99e5d53e1ea677
1090,lambda_c,1.1038780823061098,none,latent,1.0,1.0,0.0004920021737899228,0.9983427177990348,0.0011652800271752036,dof_grade_not_a,data/raw/wave1_selection.json,b1272041db1364831db88d72b114cca8f67e70416c3ea4326f99e5d53e1ea677
495,delta_1900,0.029643430672609578,level1,none,1.0,1.0,0.9997522564058983,1.8946484449500217e-05,0.0002287971096523533,,data/raw/wave1_selection.json,b1272041db1364831db88d72b114cca8f67e70416c3ea4326f99e5d53e1ea677
1105,delta_1930,0.1304518717387071,level1,none,2.0,2.0,0.9997277813033568,5.699630014165045e-05,0.00021522239650158555,policy_rejected,data/raw/wave1_selection.json,b1272041db1364831db88d72b114cca8f67e70416c3ea4326f99e5d53e1ea677
117,lambda_c_2765,0.4325644045743562,level1,none,3.0,3.0,0.9992017864566702,0.0004605570863641785,0.00033765645696539953,policy_rejected,data/raw/wave1_selection.json,b1272041db1364831db88d72b114cca8f67e70416c3ea4326f99e5d53e1ea677
1968,delta_1600,0.34023111139846024,level1,none,1.0,1.0,0.9992159276612058,0.00011335428226031213,0.0006707180565338309,policy_rejected,data/raw/wave1_selection.json,b1272041db1364831db88d72b114cca8f67e70416c3ea4326f99e5d53e1ea677
1022,delta_1930,0.2078781755530497,level1,none,2.0,2.0,0.9998205226097565,2.6024074646945313e-05,0.0001534533155965694,policy_rejected,data/raw/wave1_selection.json,b1272041db1364831db88d72b114cca8f67e70416c3ea4326f99e5d53e1ea677
1786,delta_1930,0.03448655088783771,level1,none,2.0,2.0,0.9995902697475557,6.340839214880067e-05,0.00034632186029556246,dof_grade_not_a;policy_rejected,data/raw/wave1_selection.json,b1272041db1364831db88d72b114cca8f67e70416c3ea4326f99e5d53e1ea677
1507,xi_c_plus,2.2240691221609086,level1,latent,1.0,1.0,0.9981988878785875,0.0002809010066640819,0.0015202111147485482,dof_grade_not_a,data/raw/wave1_selection.json,b1272041db1364831db88d72b114cca8f67e70416c3ea4326f99e5d53e1ea677
962,xi_c_plus,1.1699377408385268,level1,none,1.0,1.0,0.9991177735715482,0.00019278525667404834,0.0006894411717776947,,data/raw/wave1_selection.json,b1272041db1364831db88d72b114cca8f67e70416c3ea4326f99e5d53e1ea677
1602,lambda_c_2765,3.61270907907291,level1,none,1.0,1.0,0.9995642470449597,7.838307079518301e-05,0.0003573698842450996,policy_rejected,data/raw/wave1_selection.json,b1272041db1364831db88d72b114cca8f67e70416c3ea4326f99e5d53e1ea677
686,lambda_c_2595,1.5676618487229854,level1,none,1.0,1.0,0.9994054779578961,0.00025968598284468444,0.0003348360592593008,policy_rejected,data/raw/wave1_selection.json,b1272041db1364831db88d72b114cca8f67e70416c3ea4326f99e5d53e1ea677
196,delta_1600,0.19573220776178588,level1,none,1.0,1.0,0.9990802832722269,0.0004128925632582753,0.000506824164514813,policy_rejected,data/raw/wave1_selection.json,b1272041db1364831db88d72b114cca8f67e70416c3ea4326f99e5d53e1ea677
351,nucleon_1720,0.3437127646571798,level1,none,1.0,1.0,0.9995906707597371,0.0003360246110426629,7.330462922021142e-05,policy_rejected,data/raw/wave1_selection.json,b1272041db1364831db88d72b114cca8f67e70416c3ea4326f99e5d53e1ea677
989,xi_c_plus,1.5264910336257422,none,latent,1.0,1.0,0.0002932830434374563,0.9972872139553631,0.0024195030011993834,dof_grade_not_a,data/raw/wave1_selection.json,b1272041db1364831db88d72b114cca8f67e70416c3ea4326f99e5d53e1ea677
17,delta_1950,0.0522576281548462,level1,latent,1.0,1.0,0.9987071157131231,1.1523986204662544e-05,0.0012813603006722517,,data/raw/wave1_selection.json,b1272041db1364831db88d72b114cca8f67e70416c3ea4326f99e5d53e1ea677
1526,delta_1920,0.03195622020109023,level1,none,2.0,2.0,0.999289149537306,0.00014234672428428046,0.0005685037384097312,dof_grade_not_a,data/raw/wave1_selection.json,b1272041db1364831db88d72b114cca8f67e70416c3ea4326f99e5d53e1ea677
1179,xi_c_2645,0.15599046570048844,level1,none,2.0,2.0,0.9992573547720718,0.0002024792531153135,0.0005401659748129067,,data/raw/wave1_selection.json,b1272041db1364831db88d72b114cca8f67e70416c3ea4326f99e5d53e1ea677
1437,lambda_c_2765,3.7775936556240644,level1,none,2.0,2.0,0.9988086311350786,0.0009611369218175706,0.000230231943103775,policy_rejected,data/raw/wave1_selection.json,b1272041db1364831db88d72b114cca8f67e70416c3ea4326f99e5d53e1ea677
339,delta_1600,0.18270820238194546,level1,none,1.0,1.0,0.9995316010928584,0.00019909783254865745,0.00026930107459284595,policy_rejected,data/raw/wave1_selection.json,b1272041db1364831db88d72b114cca8f67e70416c3ea4326f99e5d53e1ea677
343,delta_1950,0.1688229436235391,level1,none,1.0,1.0,0.999574338405555,0.00027900213101643315,0.000146659463428731,policy_rejected,data/raw/wave1_selection.json,b1272041db1364831db88d72b114cca8f67e70416c3ea4326f99e5d53e1ea677
43,lambda_c,0.6389802165509877,level1,none,1.0,1.0,0.9990380521763381,9.868343689174601e-05,0.0008632643867701706,,data/raw/wave1_selection.json,b1272041db1364831db88d72b114cca8f67e70416c3ea4326f99e5d53e1ea677
943,delta_1930,0.09926688026832672,level1,none,2.0,2.0,0.9994948454778732,0.00043437142350858087,7.078309861821561e-05,policy_rejected,data/raw/wave1_selection.json,b1272041db1364831db88d72b114cca8f67e70416c3ea4326f99e5d53e1ea677
1091,delta_1910,0.0345834853083319,none,none,1.0,1.0,0.00042661778099796726,0.9993407207932138,0.0002326614257881515,dof_grade_not_a,data/raw/wave1_selection.json,b1272041db1364831db88d72b114cca8f67e70416c3ea4326f99e5d53e1ea677
856,delta_1950,0.14244361555112656,level1,none,2.0,2.0,0.9997168653411321,0.00013934747494380453,0.00014378718392404826,,data/raw/wave1_selection.json,b1272041db1364831db88d72b114cca8f67e70416c3ea4326f99e5d53e1ea677
461,lambda_c_2860,0.1355501749779922,level1,none,1.0,1.0,0.9997309302541627,5.4358504024334154e-05,0.00021471124181307065,,data/raw/wave1_selection.json,b1272041db1364831db88d72b114cca8f67e70416c3ea4326f99e5d53e1ea677
1404,delta_1600,0.14648838842340983,level1,none,1.0,1.0,0.9997321261096733,0.00018523757446048828,8.263631586608311e-05,policy_rejected,data/raw/wave1_selection.json,b1272041db1364831db88d72b114cca8f67e70416c3ea4326f99e5d53e1ea677
801,lambda_c_2765,0.2309457923905414,level1,none,1.0,1.0,0.999061058183856,0.0001724021435817367,0.0007665396725623158,policy_rejected,data/raw/wave1_selection.json,b1272041db1364831db88d72b114cca8f67e70416c3ea4326f99e5d53e1ea677
1883,delta_1950,0.17094473898110402,level1,none,1.0,1.0,0.9999415992312356,1.164678513348846e-05,4.675398363083587e-05,,data/raw/wave1_selection.json,b1272041db1364831db88d72b114cca8f67e70416c3ea4326f99e5d53e1ea677
284,lambda_c,0.796748346162573,level1,none,2.0,2.0,0.9996029682752591,6.655628758846722e-05,0.0003304754371525553,,data/raw/wave1_selection.json,b1272041db1364831db88d72b114cca8f67e70416c3ea4326f99e5d53e1ea677
92,delta_1600,0.613180723378796,level1,none,1.0,1.0,0.9984065672648424,0.001001040888523976,0.0005923918466334121,dof_grade_not_a;policy_rejected,data/raw/wave1_selection.json,b1272041db1364831db88d72b114cca8f67e70416c3ea4326f99e5d53e1ea677
1642,delta_1920,0.09148947396276386,level1,none,2.0,2.0,0.9998236665485785,5.438058908759532e-05,0.00012195286233392402,dof_grade_not_a,data/raw/wave1_selection.json,b1272041db1364831db88d72b114cca8f67e70416c3ea4326f99e5d53e1ea677
664,delta_1910,0.05873464422530751,level1,none,2.0,2.0,0.9998602748846829,5.092222015027903e-05,8.880289516666065e-05,,data/raw/wave1_selection.json,b1272041db1364831db88d72b114cca8f67e70416c3ea4326f99e5d53e1ea677
1187,lambda_c_2625,1.1659750049350108,level1,none,2.0,2.0,0.999720208859153,5.1991520431059e-05,0.0002277996204159442,dof_grade_not_a;policy_rejected,data/raw/wave1_selection.json,b1272041db1364831db88d72b114cca8f67e70416c3ea4326f99e5d53e1ea677
496,lambda_c,0.35657209517139293,level1,none,1.0,1.0,0.9995889127044543,0.00010788534717834517,0.0003032019483673618,,data/raw/wave1_selection.json,b1272041db1364831db88d72b114cca8f67e70416c3ea4326f99e5d53e1ea677
1178,lambda_c_2765,0.6598193692018077,level1,none,1.0,1.0,0.9995093106278379,3.50216574133612e-05,0.00045566771474876195,policy_rejected,data/raw/wave1_selection.json,b1272041db1364831db88d72b114cca8f67e70416c3ea4326f99e5d53e1ea677
1274,lambda_c_2765,0.9293004892069959,level1,none,1.0,1.0,0.9994125827080235,0.00012635564562313753,0.00046106164635344936,policy_rejected,data/raw/wave1_selection.json,b1272041db1364831db88d72b114cca8f67e70416c3ea4326f99e5d53e1ea677
1929,lambda_c,2.976464251676777,level1,none,1.0,1.0,0.9980646945004349,0.0017535491723646253,0.00018175632720058513,dof_grade_not_a,data/raw/wave1_selection.json,b1272041db1364831db88d72b114cca8f67e70416c3ea4326f99e5d53e1ea677
814,delta_1600,0.31691483135390197,level1,none,1.0,1.0,0.9991340988057104,0.0007352767567805393,0.00013062443750906901,policy_rejected,data/raw/wave1_selection.json,b1272041db1364831db88d72b114cca8f67e70416c3ea4326f99e5d53e1ea677
1142,lambda_c_2765,1.2478763972212377,level1,none,1.0,1.0,0.9996271334485146,0.00023536719827310404,0.0001374993532125116,policy_rejected,data/raw/wave1_selection.json,b1272041db1364831db88d72b114cca8f67e70416c3ea4326f99e5d53e1ea677
1172,delta_1930,0.19570782210730678,level1,none,1.0,1.0,0.9995879110207119,0.00032611258262123385,8.59763966667195e-05,,data/raw/wave1_selection.json,b1272041db1364831db88d72b114cca8f67e70416c3ea4326f99e5d53e1ea677
796,delta_1920,0.009564395510890344,level1,none,2.0,2.0,0.9994913603048502,9.269814207694462e-05,0.0004159415530729235,,data/raw/wave1_selection.json,b1272041db1364831db88d72b114cca8f67e70416c3ea4326f99e5d53e1ea677
1608,lambda_c,1.0153342977332929,level1,none,1.0,1.0,0.9990326904540361,0.0002328156693857905,0.0007344938765781067,,data/raw/wave1_selection.json,b1272041db1364831db88d72b114cca8f67e70416c3ea4326f99e5d53e1ea677
797,lambda_c,3.07359549232023,none,none,1.0,1.0,0.00029793283388432356,0.9988545966801922,0.0008474704859232762,dof_grade_not_a,data/raw/wave1_selection.json,b1272041db1364831db88d72b114cca8f67e70416c3ea4326f99e5d53e1ea677
711,delta_1920,0.05891243977719206,level1,none,2.0,2.0,0.9997604592080578,4.824117041955002e-05,0.00019129962152279417,dof_grade_not_a,data/raw/wave1_selection.json,b1272041db1364831db88d72b114cca8f67e70416c3ea4326f99e5d53e1ea677
1213,lambda_c_2765,0.8299553481004449,level1,none,2.0,2.0,0.9991423180376684,0.0007854746350365353,7.220732729517886e-05,policy_rejected,data/raw/wave1_selection.json,b1272041db1364831db88d72b114cca8f67e70416c3ea4326f99e5d53e1ea677
812,xi_c_plus,1.9201738283188434,level1,none,2.0,2.0,0.9994439014347978,3.5975478046710494e-05,0.0005201230871554691,,data/raw/wave1_selection.json,b1272041db1364831db88d72b114cca8f67e70416c3ea4326f99e5d53e1ea677
1215,lambda_c,0.23551100322446156,level1,none,3.0,3.0,0.9989342557089206,6.672964577169732e-05,0.0009990146453076481,,data/raw/wave1_selection.json,b1272041db1364831db88d72b114cca8f67e70416c3ea4326f99e5d53e1ea677
1219,nucleon_1720,0.012162109945944168,level1,none,1.0,1.0,0.9995380895514538,0.00031276283782850233,0.00014914761071755308,policy_rejected,data/raw/wave1_selection.json,b1272041db1364831db88d72b114cca8f67e70416c3ea4326f99e5d53e1ea677
883,delta_1950,0.057010650859784975,level1,none,2.0,2.0,0.9996405081100631,8.584970835865308e-05,0.0002736421815783241,,data/raw/wave1_selection.json,b1272041db1364831db88d72b114cca8f67e70416c3ea4326f99e5d53e1ea677
1395,delta_1950,0.02551159968976688,level1,none,3.0,3.0,0.9991823064283686,0.00012377739672031173,0.0006939161749111527,,data/raw/wave1_selection.json,b1272041db1364831db88d72b114cca8f67e70416c3ea4326f99e5d53e1ea677
1462,omega_baryon,0.22961626723287984,level1,none,1.0,1.0,0.9998281632510735,0.00012262442886192332,4.921232006440218e-05,policy_rejected,data/raw/wave1_selection.json,b1272041db1364831db88d72b114cca8f67e70416c3ea4326f99e5d53e1ea677
1921,delta_1600,0.11340172857732111,level1,none,1.0,1.0,0.9991138044011119,0.0006454411297944774,0.00024075446909373047,policy_rejected,data/raw/wave1_selection.json,b1272041db1364831db88d72b114cca8f67e70416c3ea4326f99e5d53e1ea677
1826,nucleon_1720,0.17396976215075435,level1,none,1.0,1.0,0.99909438293098,0.0001628056545834895,0.0007428114144365886,policy_rejected,data/raw/wave1_selection.json,b1272041db1364831db88d72b114cca8f67e70416c3ea4326f99e5d53e1ea677
1531,lambda_c_2765,3.7231451252685477,level1,none,1.0,1.0,0.9999375239593268,2.950626330566595e-05,3.296977736771083e-05,policy_rejected,data/raw/wave1_selection.json,b1272041db1364831db88d72b114cca8f67e70416c3ea4326f99e5d53e1ea677
571,xi_c_plus,3.078551405954052,level1,none,1.0,1.0,0.9986834708369112,0.0003726575870409221,0.0009438715760479096,dof_grade_not_a,data/raw/wave1_selection.json,b1272041db1364831db88d72b114cca8f67e70416c3ea4326f99e5d53e1ea677
214,nucleon_1720,0.05907837977304004,level1,none,1.0,1.0,0.9996048580615754,9.822704579505688e-05,0.00029691489262946444,policy_rejected,data/raw/wave1_selection.json,b1272041db1364831db88d72b114cca8f67e70416c3ea4326f99e5d53e1ea677
242,lambda_c,2.6998998960050073,level1,none,1.0,1.0,0.9995124310742667,7.125717480898841e-05,0.0004163117509243554,,data/raw/wave1_selection.json,b1272041db1364831db88d72b114cca8f67e70416c3ea4326f99e5d53e1ea677
1018,lambda_c_2765,1.6525602499743957,level1,none,1.0,1.0,0.9996091748639688,0.0003316286532916214,5.919648273944193e-05,policy_rejected,data/raw/wave1_selection.json,b1272041db1364831db88d72b114cca8f67e70416c3ea4326f99e5d53e1ea677
1135,lambda_c_2765,0.732869402771307,level1,none,1.0,1.0,0.9992811807921815,0.00035683509257105527,0.0003619841152473704,policy_rejected,data/raw/wave1_selection.json,b1272041db1364831db88d72b114cca8f67e70416c3ea4326f99e5d53e1ea677
1679,delta_1950,0.17473192570535973,level1,none,1.0,1.0,0.999133019707116,0.00018309719407329502,0.0006838830988107645,policy_rejected,data/raw/wave1_selection.json,b1272041db1364831db88d72b114cca8f67e70416c3ea4326f99e5d53e1ea677
578,xi_c_2645,0.021863931906791527,level1,none,1.0,1.0,0.9992816478306322,0.00032377699956335614,0.0003945751698044341,,data/raw/wave1_selection.json,b1272041db1364831db88d72b114cca8f67e70416c3ea4326f99e5d53e1ea677
1766,lambda_c_2765,3.7228267852717303,level1,none,1.0,1.0,0.9999558002264791,1.3239879127613814e-05,3.09598943931429e-05,policy_rejected,data/raw/wave1_selection.json,b1272041db1364831db88d72b114cca8f67e70416c3ea4326f99e5d53e1ea677
490,sigma_1775,0.7631234915625513,level1,none,1.0,1.0,0.9985327891912416,0.00089918016988545,0.0005680306388728365,dof_grade_not_a,data/raw/wave1_selection.json,b1272041db1364831db88d72b114cca8f67e70416c3ea4326f99e5d53e1ea677
103,lambda_c_2765,3.6885527320144744,level1,none,1.0,1.0,0.9997056240748456,8.312605472815354e-05,0.00021124987042617658,policy_rejected,data/raw/wave1_selection.json,b1272041db1364831db88d72b114cca8f67e70416c3ea4326f99e5d53e1ea677
759,delta_1920,0.09819014479524546,level1,none,2.0,2.0,0.9992602420136036,0.00016316444719715524,0.0005765935391991364,,data/raw/wave1_selection.json,b1272041db1364831db88d72b114cca8f67e70416c3ea4326f99e5d53e1ea677
1184,delta_1950,0.20351167452976557,level1,none,2.0,2.0,0.9998581030496385,2.186204292632925e-05,0.00012003490743510869,dof_grade_not_a,data/raw/wave1_selection.json,b1272041db1364831db88d72b114cca8f67e70416c3ea4326f99e5d53e1ea677
301,xi_c_plus,3.231978196501787,level1,none,1.0,1.0,0.9997234956586133,5.7278637757528004e-05,0.00021922570362945296,,data/raw/wave1_selection.json,b1272041db1364831db88d72b114cca8f67e70416c3ea4326f99e5d53e1ea677
1997,delta_1930,0.11099329297516806,level1,none,2.0,2.0,0.9996134984292826,6.346043566663166e-05,0.000323041135050952,policy_rejected,data/raw/wave1_selection.json,b1272041db1364831db88d72b114cca8f67e70416c3ea4326f99e5d53e1ea677
828,lambda_c_2765,3.555340907046589,level1,none,2.0,2.0,0.9998508055060943,2.915087334230919e-05,0.00012004362056350477,policy_rejected,data/raw/wave1_selection.json,b1272041db1364831db88d72b114cca8f67e70416c3ea4326f99e5d53e1ea677
665,lambda_c,2.144500986274946,level1,none,1.0,1.0,0.9989945646479055,0.0004971593273823728,0.0005082760247120282,,data/raw/wave1_selection.json,b1272041db1364831db88d72b114cca8f67e70416c3ea4326f99e5d53e1ea677
861,lambda_c_2765,3.756942177030577,none,latent,1.0,1.0,7.421985190817449e-05,0.9977375263615708,0.002188253786521092,dof_grade_not_a;policy_rejected,data/raw/wave1_selection.json,b1272041db1364831db88d72b114cca8f67e70416c3ea4326f99e5d53e1ea677
510,lambda_c_2860,0.5870895421164213,level1,latent,1.0,1.0,0.9973289588920946,0.0012942074051680798,0.0013768337027372148,dof_grade_not_a,data/raw/wave1_selection.json,b1272041db1364831db88d72b114cca8f67e70416c3ea4326f99e5d53e1ea677
1368,delta_1900,0.14961060700648854,level1,none,1.0,1.0,0.9994413034194781,0.00010464839326842418,0.00045404818725354993,,data/raw/wave1_selection.json,b1272041db1364831db88d72b114cca8f67e70416c3ea4326f99e5d53e1ea677
116,sigma_1775,1.1174171034194362,level1,none,1.0,1.0,0.999524095583014,0.00041354795588166533,6.235646110431491e-05,,data/raw/wave1_selection.json,b1272041db1364831db88d72b114cca8f67e70416c3ea4326f99e5d53e1ea677
1162,lambda_c_2765,3.942217625677822,none,none,1.0,1.0,0.00014152622347162442,0.9990155731624236,0.0008429006141046556,dof_grade_not_a;policy_rejected,data/raw/wave1_selection.json,b1272041db1364831db88d72b114cca8f67e70416c3ea4326f99e5d53e1ea677
712,delta_1600,0.4834586299102767,level1,none,1.0,1.0,0.9995586816039856,9.214837520321812e-05,0.0003491700208109394,policy_rejected,data/raw/wave1_selection.json,b1272041db1364831db88d72b114cca8f67e70416c3ea4326f99e5d53e1ea677
537,lambda_c,0.6895866640206556,none,latent,1.0,1.0,3.895331187068463e-05,0.9978995661457245,0.00206148054240461,dof_grade_not_a,data/raw/wave1_selection.json,b1272041db1364831db88d72b114cca8f67e70416c3ea4326f99e5d53e1ea677
222,lambda_c,0.19887501105624955,level1,none,1.0,1.0,0.9998599625761933,2.892549052574793e-05,0.00011111193328095684,,data/raw/wave1_selection.json,b1272041db1364831db88d72b114cca8f67e70416c3ea4326f99e5d53e1ea677
1149,lambda_c_2765,3.8260935165390655,level1,none,2.0,2.0,0.9989193707404966,0.00012913696597620792,0.000951492293527267,policy_rejected,data/raw/wave1_selection.json,b1272041db1364831db88d72b114cca8f67e70416c3ea4326f99e5d53e1ea677
69,lambda_c_2765,0.06021731979782907,level1,none,1.0,1.0,0.9997523988546562,7.428096005241959e-05,0.00017332018529150905,policy_rejected,data/raw/wave1_selection.json,b1272041db1364831db88d72b114cca8f67e70416c3ea4326f99e5d53e1ea677
1877,delta_1920,0.06817019979574575,level1,none,1.0,1.0,0.9985778238686615,0.0011419706288611617,0.000280205502477292,dof_grade_not_a;policy_rejected,data/raw/wave1_selection.json,b1272041db1364831db88d72b114cca8f67e70416c3ea4326f99e5d53e1ea677
168,lambda_c_2765,3.579250559407493,level1,none,1.0,1.0,0.9993221960583784,8.694495815280929e-05,0.0005908589834688345,policy_rejected,data/raw/wave1_selection.json,b1272041db1364831db88d72b114cca8f67e70416c3ea4326f99e5d53e1ea677
494,delta_1600,0.14944555100369528,level1,none,1.0,1.0,0.9991103620899686,0.0006793083863248287,0.00021032952370662278,policy_rejected,data/raw/wave1_selection.json,b1272041db1364831db88d72b114cca8f67e70416c3ea4326f99e5d53e1ea677
213,delta_1910,0.08121318217573822,level1,none,3.0,3.0,0.9989735231779009,8.704333120192996e-05,0.0009394334908971134,,data/raw/wave1_selection.json,b1272041db1364831db88d72b114cca8f67e70416c3ea4326f99e5d53e1ea677
1686,xi_c_2645,0.6219225984038748,level1,none,1.0,1.0,0.9993532647765574,0.0005461410414453795,0.00010059418199708706,,data/raw/wave1_selection.json,b1272041db1364831db88d72b114cca8f67e70416c3ea4326f99e5d53e1ea677
1298,delta_1920,0.029719799007004857,level1,none,2.0,2.0,0.9997460771816572,8.859738485267537e-05,0.00016532543349013934,,data/raw/wave1_selection.json,b1272041db1364831db88d72b114cca8f67e70416c3ea4326f99e5d53e1ea677
156,lambda_c,2.5692653890367385,level1,none,1.0,1.0,0.9997740812213681,3.744672844007775e-05,0.0001884720501916349,,data/raw/wave1_selection.json,b1272041db1364831db88d72b114cca8f67e70416c3ea4326f99e5d53e1ea677
1244,lambda_c,3.264637475268127,level1,none,1.0,1.0,0.9996406625238533,6.183129729006127e-05,0.0002975061788567148,,data/raw/wave1_selection.json,b1272041db1364831db88d72b114cca8f67e70416c3ea4326f99e5d53e1ea677
1855,lambda_c_2625,0.4531253437916475,level1,none,1.0,1.0,0.9994474551044739,8.543368374059438e-05,0.00046711121178548887,policy_rejected,data/raw/wave1_selection.json,b1272041db1364831db88d72b114cca8f67e70416c3ea4326f99e5d53e1ea677
212,delta_1950,0.09184948776301241,level1,none,3.0,3.0,0.9994021936980716,6.761445828474775e-05,0.0005301918436436762,,data/raw/wave1_selection.json,b1272041db1364831db88d72b114cca8f67e70416c3ea4326f99e5d53e1ea677
1145,delta_1900,0.19734652921088908,level1,none,3.0,3.0,0.999778204991607,0.00011905094480390409,0.0001027440635891572,,data/raw/wave1_selection.json,b1272041db1364831db88d72b114cca8f67e70416c3ea4326f99e5d53e1ea677
1211,omega_baryon,0.11408811377532736,level1,none,1.0,1.0,0.9998068269699601,7.215706485007829e-05,0.00012101596518983735,policy_rejected,data/raw/wave1_selection.json,b1272041db1364831db88d72b114cca8f67e70416c3ea4326f99e5d53e1ea677
1958,delta_1950,0.17884125962317285,level1,none,2.0,2.0,0.9997065556821662,9.869615050678246e-05,0.0001947481673270175,,data/raw/wave1_selection.json,b1272041db1364831db88d72b114cca8f67e70416c3ea4326f99e5d53e1ea677
1728,lambda_c_2765,3.4083183816168163,level1,none,1.0,1.0,0.999562742943866,5.2708253247027065e-05,0.000384548802886759,policy_rejected,data/raw/wave1_selection.json,b1272041db1364831db88d72b114cca8f67e70416c3ea4326f99e5d53e1ea677
1344,lambda_c_2860,0.41944111082236873,level1,none,1.0,1.0,0.9998812534928524,3.65188394285758e-05,8.222766771901727e-05,,data/raw/wave1_selection.json,b1272041db1364831db88d72b114cca8f67e70416c3ea4326f99e5d53e1ea677
762,delta_1920,0.08032990474175644,level1,none,2.0,2.0,0.9984694032663137,0.0013712174996648539,0.00015937923402140595,dof_grade_not_a;policy_rejected,data/raw/wave1_selection.json,b1272041db1364831db88d72b114cca8f67e70416c3ea4326f99e5d53e1ea677
1237,lambda_c,1.326015062699238,level1,none,1.0,1.0,0.9987602480185404,0.0007661197105924369,0.00047363227086715003,dof_grade_not_a,data/raw/wave1_selection.json,b1272041db1364831db88d72b114cca8f67e70416c3ea4326f99e5d53e1ea677
263,omega_baryon,0.07490229736382534,level1,latent,1.0,1.0,0.9982070626299429,0.00021399754487810613,0.0015789398251790246,dof_grade_not_a;policy_rejected,data/raw/wave1_selection.json,b1272041db1364831db88d72b114cca8f67e70416c3ea4326f99e5d53e1ea677
302,sigma_1775,0.39886117770463064,level1,none,1.0,1.0,0.9994820544777947,0.00035296847720459946,0.00016497704500073525,,data/raw/wave1_selection.json,b1272041db1364831db88d72b114cca8f67e70416c3ea4326f99e5d53e1ea677
820,delta_1900,0.03779634387006089,level1,none,2.0,2.0,0.9997952897145211,0.00012138924799171737,8.332103748716452e-05,dof_grade_not_a,data/raw/wave1_selection.json,b1272041db1364831db88d72b114cca8f67e70416c3ea4326f99e5d53e1ea677
1292,delta_1950,0.20127944877441162,level1,none,1.0,1.0,0.999438677060278,0.00010048064797254399,0.0004608422917495116,,data/raw/wave1_selection.json,b1272041db1364831db88d72b114cca8f67e70416c3ea4326f99e5d53e1ea677
76,lambda_c,3.2883118990844036,level1,none,1.0,1.0,0.9996371508512715,2.333231290735956e-05,0.0003395168358210504,,data/raw/wave1_selection.json,b1272041db1364831db88d72b114cca8f67e70416c3ea4326f99e5d53e1ea677
499,delta_1910,0.046508807069822536,level1,none,2.0,2.0,0.9996550385687352,4.6456670539011e-05,0.0002985047607258964,,data/raw/wave1_selection.json,b1272041db1364831db88d72b114cca8f67e70416c3ea4326f99e5d53e1ea677
1132,nucleon_1720,0.26407811739804715,level1,none,1.0,1.0,0.9997287118417747,0.00016395308569261999,0.00010733507253266455,policy_rejected,data/raw/wave1_selection.json,b1272041db1364831db88d72b114cca8f67e70416c3ea4326f99e5d53e1ea677
381,omega_baryon,0.13050682081925472,level1,none,1.0,1.0,0.9996834144073433,9.26254867496435e-05,0.00022396010590697323,policy_rejected,data/raw/wave1_selection.json,b1272041db1364831db88d72b114cca8f67e70416c3ea4326f99e5d53e1ea677
413,delta_1900,0.14272551728790575,level1,none,2.0,2.0,0.9994846965840037,0.00018590419589438624,0.00032939922010197524,dof_grade_not_a,data/raw/wave1_selection.json,b1272041db1364831db88d72b114cca8f67e70416c3ea4326f99e5d53e1ea677
1778,delta_1950,0.09896991222059955,none,structural,1.0,1.0,4.271130416853477e-12,3.6159904809010533e-06,0.999996384005248,dof_grade_not_a,data/raw/wave1_selection.json,b1272041db1364831db88d72b114cca8f67e70416c3ea4326f99e5d53e1ea677
1042,delta_1900,0.08311122961481213,level1,none,2.0,2.0,0.9993525815799976,8.91225051845522e-05,0.0005582959148178867,dof_grade_not_a,data/raw/wave1_selection.json,b1272041db1364831db88d72b114cca8f67e70416c3ea4326f99e5d53e1ea677
1423,sigma_1775,0.4492631126912288,level1,none,1.0,1.0,0.9995148824943482,0.0001161437650864569,0.0003689737405652568,,data/raw/wave1_selection.json,b1272041db1364831db88d72b114cca8f67e70416c3ea4326f99e5d53e1ea677
1277,lambda_c,0.008495374075237334,level1,none,2.0,2.0,0.9991511331026606,0.00036895543253654344,0.00047991146480283746,,data/raw/wave1_selection.json,b1272041db1364831db88d72b114cca8f67e70416c3ea4326f99e5d53e1ea677
1259,delta_1600,0.35617104695886004,level1,none,1.0,1.0,0.9992128713674571,0.0006932000571500233,9.392857539278856e-05,policy_rejected,data/raw/wave1_selection.json,b1272041db1364831db88d72b114cca8f67e70416c3ea4326f99e5d53e1ea677
1713,delta_1920,0.06822194679444818,level1,none,2.0,2.0,0.9990462666254916,0.00027640315497220617,0.0006773302195362019,,data/raw/wave1_selection.json,b1272041db1364831db88d72b114cca8f67e70416c3ea4326f99e5d53e1ea677
1185,delta_1910,0.029715016205702334,level1,none,1.0,1.0,0.9998169366628211,0.00010473815974349209,7.83251774352857e-05,policy_rejected,data/raw/wave1_selection.json,b1272041db1364831db88d72b114cca8f67e70416c3ea4326f99e5d53e1ea677
361,delta_1950,0.02095472558090308,level1,none,1.0,1.0,0.9994172910946454,0.00023822152507343712,0.00034448738028101396,policy_rejected,data/raw/wave1_selection.json,b1272041db1364831db88d72b114cca8f67e70416c3ea4326f99e5d53e1ea677
1831,nucleon_1720,0.05930144326746235,level1,none,1.0,1.0,0.9994453777850046,0.00013121611972425793,0.0004234060952711579,policy_rejected,data/raw/wave1_selection.json,b1272041db1364831db88d72b114cca8f67e70416c3ea4326f99e5d53e1ea677
40,delta_1900,0.04467504442208406,level1,none,2.0,2.0,0.999641096150137,8.163356875678941e-05,0.00027727028110621283,,data/raw/wave1_selection.json,b1272041db1364831db88d72b114cca8f67e70416c3ea4326f99e5d53e1ea677
1408,lambda_c_2860,0.3058183065672607,level1,none,1.0,1.0,0.9996891824691235,0.00020877999113497254,0.00010203753974157042,,data/raw/wave1_selection.json,b1272041db1364831db88d72b114cca8f67e70416c3ea4326f99e5d53e1ea677
1683,sigma_1775,0.4592783696907159,level1,none,1.0,1.0,0.9990472538266321,0.0007926439945605858,0.0001601021788074746,,data/raw/wave1_selection.json,b1272041db1364831db88d72b114cca8f67e70416c3ea4326f99e5d53e1ea677
317,delta_1600,0.060964934260233784,level1,none,1.0,1.0,0.9974061536961187,0.002576280358964726,1.7565944916425767e-05,dof_grade_not_a;policy_rejected,data/raw/wave1_selection.json,b1272041db1364831db88d72b114cca8f67e70416c3ea4326f99e5d53e1ea677
829,lambda_c,3.1353792452310314,level1,none,1.0,1.0,0.999673174067542,0.0001777851906634853,0.00014904074179444694,policy_rejected,data/raw/wave1_selection.json,b1272041db1364831db88d72b114cca8f67e70416c3ea4326f99e5d53e1ea677
851,lambda_c_2765,0.2541108277588901,level1,none,2.0,2.0,0.9979521458008631,0.0013156703674011064,0.0007321838317356765,dof_grade_not_a;policy_rejected,data/raw/wave1_selection.json,b1272041db1364831db88d72b114cca8f67e70416c3ea4326f99e5d53e1ea677
1470,delta_1950,0.0796058764078822,level1,none,2.0,2.0,0.9994269014914008,0.00028418226743865945,0.0002889162411604466,,data/raw/wave1_selection.json,b1272041db1364831db88d72b114cca8f67e70416c3ea4326f99e5d53e1ea677
800,nucleon_1720,0.6647134076321667,level1,none,1.0,1.0,0.9988309953880016,0.0007947916135927724,0.000374212998405569,policy_rejected,data/raw/wave1_selection.json,b1272041db1364831db88d72b114cca8f67e70416c3ea4326f99e5d53e1ea677
1771,delta_1950,0.0835039941299229,level1,none,2.0,2.0,0.9994365553379795,0.0003088227454032378,0.0002546219166172293,,data/raw/wave1_selection.json,b1272041db1364831db88d72b114cca8f67e70416c3ea4326f99e5d53e1ea677
166,delta_1600,0.3449264307671584,level1,none,1.0,1.0,0.9996774450327744,0.00019269682411673908,0.00012985814310890784,policy_rejected,data/raw/wave1_selection.json,b1272041db1364831db88d72b114cca8f67e70416c3ea4326f99e5d53e1ea677
1073,delta_1900,0.11517370808043578,level1,none,2.0,2.0,0.9987911187318614,0.000255546390917008,0.0009533348772217181,,data/raw/wave1_selection.json,b1272041db1364831db88d72b114cca8f67e70416c3ea4326f99e5d53e1ea677
933,delta_1910,0.07924098521517799,level1,latent,2.0,2.0,0.9982873410677116,0.00022475083331038694,0.0014879080989782113,dof_grade_not_a,data/raw/wave1_selection.json,b1272041db1364831db88d72b114cca8f67e70416c3ea4326f99e5d53e1ea677
1846,lambda_c,1.0360314721984292,level1,none,2.0,2.0,0.99982226084907,4.868605230361075e-05,0.0001290530986264792,,data/raw/wave1_selection.json,b1272041db1364831db88d72b114cca8f67e70416c3ea4326f99e5d53e1ea677
681,delta_1930,0.003169159920770451,level1,none,3.0,3.0,0.9998928841647517,1.873991809791428e-05,8.837591715025152e-05,policy_rejected,data/raw/wave1_selection.json,b1272041db1364831db88d72b114cca8f67e70416c3ea4326f99e5d53e1ea677
1107,delta_1920,0.0017722544556979275,level1,none,2.0,2.0,0.9998075733740953,5.229124502105505e-05,0.0001401353808838811,dof_grade_not_a,data/raw/wave1_selection.json,b1272041db1364831db88d72b114cca8f67e70416c3ea4326f99e5d53e1ea677
570,lambda_c,3.398966745551675,level1,none,1.0,1.0,0.9996093734632416,0.00019418741759128852,0.0001964391191670182,,data/raw/wave1_selection.json,b1272041db1364831db88d72b114cca8f67e70416c3ea4326f99e5d53e1ea677
1082,sigma_1775,1.3067800404406686,level1,none,1.0,1.0,0.9985048993834499,0.0009358006256775372,0.0005592999908724991,dof_grade_not_a,data/raw/wave1_selection.json,b1272041db1364831db88d72b114cca8f67e70416c3ea4326f99e5d53e1ea677
1705,lambda_c_2765,3.526454363135455,level1,latent,1.0,1.0,0.9977738546963121,0.00028213396802288267,0.0019440113356649434,dof_grade_not_a;policy_rejected,data/raw/wave1_selection.json,b1272041db1364831db88d72b114cca8f67e70416c3ea4326f99e5d53e1ea677
528,lambda_c_2765,0.3566950301330482,level1,none,2.0,2.0,0.9996938484332786,9.01946615778247e-05,0.0002159569051436826,policy_rejected,data/raw/wave1_selection.json,b1272041db1364831db88d72b114cca8f67e70416c3ea4326f99e5d53e1ea677
776,lambda_c,0.5387091810645509,level1,none,1.0,1.0,0.9986435517262997,0.0011275891723159796,0.0002288591013842522,dof_grade_not_a;policy_rejected,data/raw/wave1_selection.json,b1272041db1364831db88d72b114cca8f67e70416c3ea4326f99e5d53e1ea677
358,xi_c_plus,0.18021156498236626,level1,none,1.0,1.0,0.9992070509456666,0.0003231210847750938,0.00046982796955830005,,data/raw/wave1_selection.json,b1272041db1364831db88d72b114cca8f67e70416c3ea4326f99e5d53e1ea677
1711,lambda_c_2765,3.4483295577167055,none,latent,1.0,1.0,0.00025667331810570173,0.9985477538969278,0.0011955727849666338,dof_grade_not_a;policy_rejected,data/raw/wave1_selection.json,b1272041db1364831db88d72b114cca8f67e70416c3ea4326f99e5d53e1ea677
181,sigma_1775,0.714112080862932,none,none,1.0,1.0,5.3036541424626966e-05,0.9994519901798675,0.0004949732787078188,dof_grade_not_a,data/raw/wave1_selection.json,b1272041db1364831db88d72b114cca8f67e70416c3ea4326f99e5d53e1ea677
245,lambda_c_2625,0.04893987473732151,level1,none,1.0,1.0,0.9998823725082217,6.825583358272267e-05,4.9371658195755784e-05,policy_rejected,data/raw/wave1_selection.json,b1272041db1364831db88d72b114cca8f67e70416c3ea4326f99e5d53e1ea677
387,lambda_c_2765,3.7893805737061936,level1,none,1.0,1.0,0.9994607512639933,0.0004256528466323573,0.00011359588937439813,policy_rejected,data/raw/wave1_selection.json,b1272041db1364831db88d72b114cca8f67e70416c3ea4326f99e5d53e1ea677
903,delta_1920,0.05681781057955875,level1,none,2.0,2.0,0.99943247812976,0.0003934137561220923,0.00017410811411798096,,data/raw/wave1_selection.json,b1272041db1364831db88d72b114cca8f67e70416c3ea4326f99e5d53e1ea677
753,lambda_c,2.2473627546318644,none,structural,1.0,1.0,7.870311921998731e-13,1.6126678914872193e-07,0.9999998387324237,dof_grade_not_a,data/raw/wave1_selection.json,b1272041db1364831db88d72b114cca8f67e70416c3ea4326f99e5d53e1ea677
397,delta_1900,0.08591951806800757,level1,none,1.0,1.0,0.9998096207310456,0.00010529435811884357,8.508491083554909e-05,policy_rejected,data/raw/wave1_selection.json,b1272041db1364831db88d72b114cca8f67e70416c3ea4326f99e5d53e1ea677
1170,delta_1600,0.005495807896694655,level1,none,1.0,1.0,0.9998742625592744,5.494288721784161e-05,7.079455350788644e-05,policy_rejected,data/raw/wave1_selection.json,b1272041db1364831db88d72b114cca8f67e70416c3ea4326f99e5d53e1ea677
30,lambda_c_2765,1.3498903490010956,level1,none,1.0,1.0,0.9998124875500746,7.796855698264028e-05,0.00010954389294280599,policy_rejected,data/raw/wave1_selection.json,b1272041db1364831db88d72b114cca8f67e70416c3ea4326f99e5d53e1ea677
807,delta_1950,0.06182703576345887,level1,none,2.0,2.0,0.9992497570564147,0.00035625849738186186,0.0003939844462035107,dof_grade_not_a,data/raw/wave1_selection.json,b1272041db1364831db88d72b114cca8f67e70416c3ea4326f99e5d53e1ea677
1137,lambda_c_2765,0.13609587543904103,level1,none,1.0,1.0,0.9983018216204659,0.001016830407444004,0.0006813479720899954,dof_grade_not_a;policy_rejected,data/raw/wave1_selection.json,b1272041db1364831db88d72b114cca8f67e70416c3ea4326f99e5d53e1ea677
1032,lambda_c_2860,0.7897969940081189,level1,none,1.0,1.0,0.9993138265955803,0.0004409778259260304,0.0002451955784936715,,data/raw/wave1_selection.json,b1272041db1364831db88d72b114cca8f67e70416c3ea4326f99e5d53e1ea677
1839,sigma_1775,0.35140741361975464,level1,none,1.0,1.0,0.9993857347803219,0.00026294379107162294,0.0003513214286065906,,data/raw/wave1_selection.json,b1272041db1364831db88d72b114cca8f67e70416c3ea4326f99e5d53e1ea677
35,lambda_c_2765,3.52703380952966,level1,none,1.0,1.0,0.9992421195062015,0.0006008142194109733,0.00015706627438770072,policy_rejected,data/raw/wave1_selection.json,b1272041db1364831db88d72b114cca8f67e70416c3ea4326f99e5d53e1ea677
21,delta_1950,0.009565872408683965,level1,none,2.0,2.0,0.9998117090321844,4.679695992466541e-05,0.00014149400789078355,,data/raw/wave1_selection.json,b1272041db1364831db88d72b114cca8f67e70416c3ea4326f99e5d53e1ea677
1041,lambda_c_2860,0.4035213342591379,level1,none,1.0,1.0,0.9997867234493188,5.7106032609157255e-05,0.00015617051807196927,,data/raw/wave1_selection.json,b1272041db1364831db88d72b114cca8f67e70416c3ea4326f99e5d53e1ea677
1429,lambda_c_2765,0.8977745319222551,level1,none,1.0,1.0,0.9998765590760106,2.589776368424866e-05,9.754316030507433e-05,policy_rejected,data/raw/wave1_selection.json,b1272041db1364831db88d72b114cca8f67e70416c3ea4326f99e5d53e1ea677
509,delta_1900,0.08818226186362817,level1,none,2.0,2.0,0.9995789367679782,0.00014114808672633755,0.0002799151452955848,,data/raw/wave1_selection.json,b1272041db1364831db88d72b114cca8f67e70416c3ea4326f99e5d53e1ea677
1490,delta_1910,0.0027513869449740315,level1,none,2.0,2.0,0.9997815847139937,9.466053853015464e-05,0.0001237547474761912,,data/raw/wave1_selection.json,b1272041db1364831db88d72b114cca8f67e70416c3ea4326f99e5d53e1ea677
623,delta_1900,0.05898964268350559,level1,none,1.0,1.0,0.9993293237117513,0.00025064241551603795,0.0004200338727327117,policy_rejected,data/raw/wave1_selection.json,b1272041db1364831db88d72b114cca8f67e70416c3ea4326f99e5d53e1ea677
957,lambda_c,0.09711192214439705,level1,none,1.0,1.0,0.9997757592995109,7.265473863396961e-05,0.00015158596185510355,,data/raw/wave1_selection.json,b1272041db1364831db88d72b114cca8f67e70416c3ea4326f99e5d53e1ea677
1667,delta_1910,0.029772237004558395,none,none,1.0,1.0,0.0004992515207921943,0.9992710747659364,0.0002296737132711397,dof_grade_not_a,data/raw/wave1_selection.json,b1272041db1364831db88d72b114cca8f67e70416c3ea4326f99e5d53e1ea677
521,sigma_1775,0.3237760738741283,level1,none,1.0,1.0,0.9995842749898002,0.0003056845393757751,0.0001100404708240865,,data/raw/wave1_selection.json,b1272041db1364831db88d72b114cca8f67e70416c3ea4326f99e5d53e1ea677
541,lambda_c,0.6790667110466654,level1,none,2.0,2.0,0.9996911183413945,0.00014135475710725783,0.00016752690149836764,,data/raw/wave1_selection.json,b1272041db1364831db88d72b114cca8f67e70416c3ea4326f99e5d53e1ea677
659,lambda_c,2.852234442388269,level1,none,1.0,1.0,0.9993857666327687,0.0004728805297152016,0.00014135283751600883,policy_rejected,data/raw/wave1_selection.json,b1272041db1364831db88d72b114cca8f67e70416c3ea4326f99e5d53e1ea677
412,lambda_c_2765,0.3319075372809251,level1,latent,1.0,1.0,0.9986007019118889,0.0001741512336427886,0.0012251468544683638,dof_grade_not_a;policy_rejected,data/raw/wave1_selection.json,b1272041db1364831db88d72b114cca8f67e70416c3ea4326f99e5d53e1ea677
810,lambda_c,0.750395788980216,none,structural,1.0,1.0,8.654053523933876e-10,0.0008877058184092684,0.9991122933161852,dof_grade_not_a,data/raw/wave1_selection.json,b1272041db1364831db88d72b114cca8f67e70416c3ea4326f99e5d53e1ea677
1078,delta_1920,0.0021225779469378134,level1,none,2.0,2.0,0.999585779545158,0.00019945229328123515,0.0002147681615607476,,data/raw/wave1_selection.json,b1272041db1364831db88d72b114cca8f67e70416c3ea4326f99e5d53e1ea677
1411,lambda_c,2.9295548355222625,level1,none,1.0,1.0,0.9995434586022269,0.00015481798525990948,0.00030172341251318864,,data/raw/wave1_selection.json,b1272041db1364831db88d72b114cca8f67e70416c3ea4326f99e5d53e1ea677
1200,nucleon_1720,0.7528844056778898,level1,none,2.0,2.0,0.9993000492899464,0.0005666729949712617,0.00013327771508199417,policy_rejected,data/raw/wave1_selection.json,b1272041db1364831db88d72b114cca8f67e70416c3ea4326f99e5d53e1ea677
569,delta_1950,0.03255276234894473,level1,none,2.0,2.0,0.9995290835894609,0.00010108846521103246,0.00036982794532795793,,data/raw/wave1_selection.json,b1272041db1364831db88d72b114cca8f67e70416c3ea4326f99e5d53e1ea677
1634,delta_1920,0.11003614849909439,level1,latent,2.0,2.0,0.9988151944083338,4.707789934748029e-05,0.0011377276923189693,dof_grade_not_a,data/raw/wave1_selection.json,b1272041db1364831db88d72b114cca8f67e70416c3ea4326f99e5d53e1ea677
244,lambda_c_2765,0.5474720906252781,level1,none,1.0,1.0,0.999892997889625,2.7304540627815717e-05,7.969756974715253e-05,policy_rejected,data/raw/wave1_selection.json,b1272041db1364831db88d72b114cca8f67e70416c3ea4326f99e5d53e1ea677
1806,xi_c_plus,0.9858481378460181,level1,none,1.0,1.0,0.9990457858550741,0.0002882122794393896,0.0006660018654865549,,data/raw/wave1_selection.json,b1272041db1364831db88d72b114cca8f67e70416c3ea4326f99e5d53e1ea677
1478,delta_1950,0.15347412453051928,level1,none,3.0,3.0,0.9985890743011948,0.001209549876912647,0.00020137582189252529,dof_grade_not_a,data/raw/wave1_selection.json,b1272041db1364831db88d72b114cca8f67e70416c3ea4326f99e5d53e1ea677
1335,lambda_c_2765,3.914939847350603,level1,none,1.0,1.0,0.9998339925153378,5.548775265224004e-05,0.00011051973201003122,dof_grade_not_a;policy_rejected,data/raw/wave1_selection.json,b1272041db1364831db88d72b114cca8f67e70416c3ea4326f99e5d53e1ea677
705,delta_1600,0.05367508577549811,level1,none,1.0,1.0,0.9997149780552715,0.00024115851927980673,4.386342544859151e-05,dof_grade_not_a;policy_rejected,data/raw/wave1_selection.json,b1272041db1364831db88d72b114cca8f67e70416c3ea4326f99e5d53e1ea677
1802,delta_1930,0.05508078687298073,level1,none,2.0,2.0,0.9987478734906902,0.0003789267649939922,0.0008731997443157665,dof_grade_not_a;policy_rejected,data/raw/wave1_selection.json,b1272041db1364831db88d72b114cca8f67e70416c3ea4326f99e5d53e1ea677
1506,lambda_c,0.05012196499390705,level1,none,1.0,1.0,0.9985122549652613,0.0012975303191234174,0.00019021471561525324,dof_grade_not_a,data/raw/wave1_selection.json,b1272041db1364831db88d72b114cca8f67e70416c3ea4326f99e5d53e1ea677
1837,delta_1930,0.08111682022207865,level1,latent,2.0,2.0,0.9986156313779808,0.00015865260787003635,0.001225716014149285,dof_grade_not_a;policy_rejected,data/raw/wave1_selection.json,b1272041db1364831db88d72b114cca8f67e70416c3ea4326f99e5d53e1ea677
706,delta_1950,0.07665814126683844,level1,none,2.0,2.0,0.9998018905909518,0.00013075032211830692,6.735908692993355e-05,,data/raw/wave1_selection.json,b1272041db1364831db88d72b114cca8f67e70416c3ea4326f99e5d53e1ea677
286,delta_1600,0.17190681532062238,level1,none,1.0,1.0,0.9997237765155677,5.928671866740417e-05,0.00021693676576500426,policy_rejected,data/raw/wave1_selection.json,b1272041db1364831db88d72b114cca8f67e70416c3ea4326f99e5d53e1ea677
406,nucleon_1720,0.1261051123473748,level1,none,1.0,1.0,0.9997518539768859,0.0001804660727586555,6.767995035542733e-05,policy_rejected,data/raw/wave1_selection.json,b1272041db1364831db88d72b114cca8f67e70416c3ea4326f99e5d53e1ea677
1239,lambda_c,0.34124628593767253,level1,latent,1.0,1.0,0.9985900355020948,0.00020127124063828379,0.001208693257267014,dof_grade_not_a,data/raw/wave1_selection.json,b1272041db1364831db88d72b114cca8f67e70416c3ea4326f99e5d53e1ea677
441,delta_1700,0.03205458871256541,level1,latent,1.0,1.0,0.9983201725148314,0.00029271080259080047,0.0013871166825778648,dof_grade_not_a,data/raw/wave1_selection.json,b1272041db1364831db88d72b114cca8f67e70416c3ea4326f99e5d53e1ea677
1068,lambda_c_2765,0.15333099436668848,level1,none,1.0,1.0,0.9993458366239737,0.0005805261785134634,7.36371975128817e-05,policy_rejected,data/raw/wave1_selection.json,b1272041db1364831db88d72b114cca8f67e70416c3ea4326f99e5d53e1ea677
1485,delta_1920,0.09448289988793128,level1,none,2.0,2.0,0.9991571294414722,0.0003226803842066607,0.0005201901743212839,,data/raw/wave1_selection.json,b1272041db1364831db88d72b114cca8f67e70416c3ea4326f99e5d53e1ea677
979,delta_1910,0.027654205846914377,level1,none,2.0,2.0,0.9993647961575398,5.673207254333408e-05,0.0005784717699168492,dof_grade_not_a,data/raw/wave1_selection.json,b1272041db1364831db88d72b114cca8f67e70416c3ea4326f99e5d53e1ea677
1164,delta_1950,0.16888531362229192,level1,none,2.0,2.0,0.9994593106967896,0.00013376105378656763,0.0004069282494238865,,data/raw/wave1_selection.json,b1272041db1364831db88d72b114cca8f67e70416c3ea4326f99e5d53e1ea677
850,lambda_c,1.1038550698072438,level1,none,2.0,2.0,0.999399711685576,0.00031784548965547055,0.00028244282476858057,,data/raw/wave1_selection.json,b1272041db1364831db88d72b114cca8f67e70416c3ea4326f99e5d53e1ea677
293,xi_c_2645,0.29459665227016957,level1,none,1.0,1.0,0.9998322467873585,6.094217372451031e-05,0.00010681103891695857,,data/raw/wave1_selection.json,b1272041db1364831db88d72b114cca8f67e70416c3ea4326f99e5d53e1ea677
1623,delta_1950,0.08120459497590556,level1,none,2.0,2.0,0.9993880888138106,0.00014614477204906817,0.00046576641414071765,,data/raw/wave1_selection.json,b1272041db1364831db88d72b114cca8f67e70416c3ea4326f99e5d53e1ea677
1690,delta_1950,0.025937990081240325,level1,none,2.0,2.0,0.9990555659899849,0.00029540882574196205,0.0006490251842730091,dof_grade_not_a,data/raw/wave1_selection.json,b1272041db1364831db88d72b114cca8f67e70416c3ea4326f99e5d53e1ea677
0,delta_1950,0.09077655338446954,level1,none,3.0,3.0,0.9994715245262064,0.000278658351155013,0.0002498171226385156,dof_grade_not_a,data/raw/wave1_selection.json,b1272041db1364831db88d72b114cca8f67e70416c3ea4326f99e5d53e1ea677
173,delta_1600,0.09947615673682515,level1,none,1.0,1.0,0.9992912283948516,0.0004743181996193594,0.0002344534055288945,policy_rejected,data/raw/wave1_selection.json,b1272041db1364831db88d72b114cca8f67e70416c3ea4326f99e5d53e1ea677
529,xi_c_prime_2575,1.1869902157523762,none,none,1.0,1.0,8.911180506982001e-05,0.9993819657805826,0.0005289224143475077,dof_grade_not_a,data/raw/wave1_selection.json,b1272041db1364831db88d72b114cca8f67e70416c3ea4326f99e5d53e1ea677
224,xi_c_plus,1.8620286406642503,level1,none,1.0,1.0,0.9997924483630256,0.00014440966643161686,6.31419705427158e-05,,data/raw/wave1_selection.json,b1272041db1364831db88d72b114cca8f67e70416c3ea4326f99e5d53e1ea677
1765,delta_1900,0.25248026312532823,level1,none,2.0,2.0,0.9998229006650176,3.902964097126138e-05,0.00013806969401128816,,data/raw/wave1_selection.json,b1272041db1364831db88d72b114cca8f67e70416c3ea4326f99e5d53e1ea677
369,delta_1900,0.09116611181389819,level1,latent,2.0,2.0,0.9981096063520032,0.00023209871182091571,0.001658294936175776,dof_grade_not_a,data/raw/wave1_selection.json,b1272041db1364831db88d72b114cca8f67e70416c3ea4326f99e5d53e1ea677
913,delta_1700,0.08099043331788294,level1,none,1.0,1.0,0.9997658898970896,0.0001514592768272458,8.265082608335826e-05,,data/raw/wave1_selection.json,b1272041db1364831db88d72b114cca8f67e70416c3ea4326f99e5d53e1ea677
1539,lambda_c_2765,0.9344567023554331,level1,none,2.0,2.0,0.9989106849906744,0.00044005907231623576,0.0006492559370093125,policy_rejected,data/raw/wave1_selection.json,b1272041db1364831db88d72b114cca8f67e70416c3ea4326f99e5d53e1ea677
1367,lambda_c_2765,0.23132190658678273,level1,none,2.0,2.0,0.9997616513776344,4.8643636832730526e-05,0.00018970498553290248,policy_rejected,data/raw/wave1_selection.json,b1272041db1364831db88d72b114cca8f67e70416c3ea4326f99e5d53e1ea677
980,lambda_c_2765,0.8546327745536745,level1,none,1.0,1.0,0.9997687457557425,0.00010883116025727081,0.00012242308400030595,policy_rejected,data/raw/wave1_selection.json,b1272041db1364831db88d72b114cca8f67e70416c3ea4326f99e5d53e1ea677
1110,delta_1600,0.5664824248901171,none,latent,1.0,1.0,0.00026452842521030277,0.9977971618555186,0.0019383097192710794,dof_grade_not_a;policy_rejected,data/raw/wave1_selection.json,b1272041db1364831db88d72b114cca8f67e70416c3ea4326f99e5d53e1ea677
1428,lambda_c,3.681579729921013,level1,none,1.0,1.0,0.9995249617991229,0.00026217980015243555,0.00021285840072468706,,data/raw/wave1_selection.json,b1272041db1364831db88d72b114cca8f67e70416c3ea4326f99e5d53e1ea677
238,lambda_c,2.9347599902620036,level1,none,1.0,1.0,0.9991806168465468,7.59823318471408e-05,0.0007434008216061415,,data/raw/wave1_selection.json,b1272041db1364831db88d72b114cca8f67e70416c3ea4326f99e5d53e1ea677
1074,delta_1900,0.034304910761586024,level1,none,2.0,2.0,0.999807544987797,0.0001382951121879119,5.4159900015162604e-05,,data/raw/wave1_selection.json,b1272041db1364831db88d72b114cca8f67e70416c3ea4326f99e5d53e1ea677
1565,delta_1600,0.4021545625856369,level1,none,1.0,1.0,0.9996820328747602,0.0002091844451151493,0.00010878268012455402,policy_rejected,data/raw/wave1_selection.json,b1272041db1364831db88d72b114cca8f67e70416c3ea4326f99e5d53e1ea677
1933,delta_1950,0.04367569092648426,level1,none,1.0,1.0,0.9995096818561187,3.027787845468274e-05,0.0004600402654267983,,data/raw/wave1_selection.json,b1272041db1364831db88d72b114cca8f67e70416c3ea4326f99e5d53e1ea677
295,delta_1930,0.10892368952690919,level1,none,2.0,2.0,0.9997164184204933,7.405318705258587e-05,0.00020952839245417696,policy_rejected,data/raw/wave1_selection.json,b1272041db1364831db88d72b114cca8f67e70416c3ea4326f99e5d53e1ea677
1681,xi_c_plus,1.5785482776209867,level1,none,1.0,1.0,0.9997475280450312,7.224774219866693e-05,0.00018022421277021333,,data/raw/wave1_selection.json,b1272041db1364831db88d72b114cca8f67e70416c3ea4326f99e5d53e1ea677
669,xi_c_2645,0.2533858848307194,level1,none,1.0,1.0,0.9998266987437064,3.844029556615252e-05,0.00013486096072753243,,data/raw/wave1_selection.json,b1272041db1364831db88d72b114cca8f67e70416c3ea4326f99e5d53e1ea677
1595,delta_1900,0.1447104405881587,level1,none,1.0,1.0,0.9993717668174033,0.0005608548395599972,6.737834303681478e-05,policy_rejected,data/raw/wave1_selection.json,b1272041db1364831db88d72b114cca8f67e70416c3ea4326f99e5d53e1ea677
353,delta_1600,0.359620260735865,level1,none,1.0,1.0,0.9995162849681908,0.0002502723387671678,0.00023344269304206825,policy_rejected,data/raw/wave1_selection.json,b1272041db1364831db88d72b114cca8f67e70416c3ea4326f99e5d53e1ea677
371,delta_1930,0.13856100578597377,level1,none,2.0,2.0,0.9987514855166137,0.0002518832856901206,0.0009966311976961262,dof_grade_not_a;policy_rejected,data/raw/wave1_selection.json,b1272041db1364831db88d72b114cca8f67e70416c3ea4326f99e5d53e1ea677
303,lambda_c_2765,3.9161642259383593,level1,none,1.0,1.0,0.9995201003783101,8.212291357147262e-05,0.00039777670811844894,policy_rejected,data/raw/wave1_selection.json,b1272041db1364831db88d72b114cca8f67e70416c3ea4326f99e5d53e1ea677
1811,lambda_c_2625,0.5146008436932779,level1,none,1.0,1.0,0.9991861245988755,0.0001925614242229305,0.0006213139769016205,policy_rejected,data/raw/wave1_selection.json,b1272041db1364831db88d72b114cca8f67e70416c3ea4326f99e5d53e1ea677
1737,lambda_c_2625,0.22832449744501498,none,latent,1.0,1.0,0.00033524350721586907,0.9978157141430356,0.0018490423497485259,dof_grade_not_a;policy_rejected,data/raw/wave1_selection.json,b1272041db1364831db88d72b114cca8f67e70416c3ea4326f99e5d53e1ea677
840,lambda_c_2765,1.4161563174384348,level1,none,1.0,1.0,0.9995062511416436,0.00011325472859883662,0.00038049412975770555,policy_rejected,data/raw/wave1_selection.json,b1272041db1364831db88d72b114cca8f67e70416c3ea4326f99e5d53e1ea677
1555,delta_1950,0.17417629531647139,none,structural,1.0,1.0,1.6562521729736367e-10,0.0009726395707056368,0.9990273602636692,dof_grade_not_a,data/raw/wave1_selection.json,b1272041db1364831db88d72b114cca8f67e70416c3ea4326f99e5d53e1ea677
1176,delta_1950,0.08815690563686292,level1,none,1.0,1.0,0.9995065230480638,5.199949051605351e-05,0.0004414774614202856,,data/raw/wave1_selection.json,b1272041db1364831db88d72b114cca8f67e70416c3ea4326f99e5d53e1ea677
96,lambda_c_2765,0.36499647415003444,level1,none,1.0,1.0,0.9997912852471973,3.755502114332709e-05,0.00017115973165944572,policy_rejected,data/raw/wave1_selection.json,b1272041db1364831db88d72b114cca8f67e70416c3ea4326f99e5d53e1ea677
174,nucleon_1720,0.11789372380265822,level1,none,1.0,1.0,0.9988496494102359,0.0002922942544992924,0.0008580563352646914,policy_rejected,data/raw/wave1_selection.json,b1272041db1364831db88d72b114cca8f67e70416c3ea4326f99e5d53e1ea677
1348,delta_1900,1.279038849682683,level1,none,1.0,1.0,0.9989184337482545,0.001009653586032601,7.191266571289887e-05,policy_rejected,data/raw/wave1_selection.json,b1272041db1364831db88d72b114cca8f67e70416c3ea4326f99e5d53e1ea677
815,delta_1950,0.11994548840108772,level1,none,2.0,2.0,0.9998233605357715,4.9811807345579016e-05,0.00012682765688298197,dof_grade_not_a,data/raw/wave1_selection.json,b1272041db1364831db88d72b114cca8f67e70416c3ea4326f99e5d53e1ea677
1131,lambda_c_2765,0.2516267789837328,level1,none,1.0,1.0,0.9997577935467117,5.540742486851588e-05,0.000186799028419824,policy_rejected,data/raw/wave1_selection.json,b1272041db1364831db88d72b114cca8f67e70416c3ea4326f99e5d53e1ea677
909,delta_1910,0.0625386235492268,level1,none,2.0,2.0,0.999295723776367,0.0006358034441145761,6.847277951824279e-05,,data/raw/wave1_selection.json,b1272041db1364831db88d72b114cca8f67e70416c3ea4326f99e5d53e1ea677
464,delta_1900,0.014689242588511574,level1,none,2.0,2.0,0.9997244663332038,0.0001688164877890789,0.00010671717900700354,,data/raw/wave1_selection.json,b1272041db1364831db88d72b114cca8f67e70416c3ea4326f99e5d53e1ea677
1664,delta_1910,0.05812721343745465,level1,none,3.0,3.0,0.9996660161270199,0.00012431580074798366,0.00020966807223225594,,data/raw/wave1_selection.json,b1272041db1364831db88d72b114cca8f67e70416c3ea4326f99e5d53e1ea677
1649,lambda_c,2.682558457872072,level1,none,1.0,1.0,0.9995964022426311,0.00032727279469377295,7.63249626751192e-05,,data/raw/wave1_selection.json,b1272041db1364831db88d72b114cca8f67e70416c3ea4326f99e5d53e1ea677
942,lambda_c_2765,3.594366117056338,none,none,1.0,1.0,2.4652528086900998e-05,0.9995563720603277,0.0004189754115854483,dof_grade_not_a;policy_rejected,data/raw/wave1_selection.json,b1272041db1364831db88d72b114cca8f67e70416c3ea4326f99e5d53e1ea677
45,delta_1930,0.08345771966355356,level1,none,2.0,2.0,0.9986540235469362,0.0006563300009128188,0.0006896464521508747,dof_grade_not_a;policy_rejected,data/raw/wave1_selection.json,b1272041db1364831db88d72b114cca8f67e70416c3ea4326f99e5d53e1ea677
175,lambda_c_2860,0.2954875033805012,none,latent,1.0,1.0,0.0001803241840968019,0.9962726707348699,0.003547005081033206,dof_grade_not_a,data/raw/wave1_selection.json,b1272041db1364831db88d72b114cca8f67e70416c3ea4326f99e5d53e1ea677
285,delta_1910,0.05842166143156569,level1,none,2.0,2.0,0.9995774978127882,8.308593055207463e-05,0.0003394162566597069,,data/raw/wave1_selection.json,b1272041db1364831db88d72b114cca8f67e70416c3ea4326f99e5d53e1ea677
227,lambda_c_2765,0.7715773740842256,level1,none,1.0,1.0,0.9983468529727592,0.0015464390449069774,0.00010670798233395109,dof_grade_not_a;policy_rejected,data/raw/wave1_selection.json,b1272041db1364831db88d72b114cca8f67e70416c3ea4326f99e5d53e1ea677
882,xi_c_plus,2.208606530116128,level1,latent,1.0,1.0,0.9985052139101455,0.0001285918920153805,0.0013661941978391613,dof_grade_not_a,data/raw/wave1_selection.json,b1272041db1364831db88d72b114cca8f67e70416c3ea4326f99e5d53e1ea677
1794,sigma_c_2455,0.5325060324978836,level1,none,1.0,1.0,0.9997285343720728,3.577035906698639e-05,0.0002356952688603027,,data/raw/wave1_selection.json,b1272041db1364831db88d72b114cca8f67e70416c3ea4326f99e5d53e1ea677
1321,lambda_c_2595,0.41771164038140224,level1,none,2.0,2.0,0.9995755224802616,0.0004032475717124279,2.122994802600006e-05,policy_rejected,data/raw/wave1_selection.json,b1272041db1364831db88d72b114cca8f67e70416c3ea4326f99e5d53e1ea677
1261,lambda_c_2765,3.70502313254977,level1,none,1.0,1.0,0.9998182020241071,2.912731651362959e-05,0.00015267065937920284,policy_rejected,data/raw/wave1_selection.json,b1272041db1364831db88d72b114cca8f67e70416c3ea4326f99e5d53e1ea677
782,lambda_c_2765,1.5884214716157832,level1,none,1.0,1.0,0.9994695432616126,0.00040331169790389207,0.00012714504048338908,policy_rejected,data/raw/wave1_selection.json,b1272041db1364831db88d72b114cca8f67e70416c3ea4326f99e5d53e1ea677
1443,sigma_1775,0.4558607131379741,level1,none,1.0,1.0,0.9987175082224837,0.000559890768199713,0.0007226010093165434,dof_grade_not_a,data/raw/wave1_selection.json,b1272041db1364831db88d72b114cca8f67e70416c3ea4326f99e5d53e1ea677
1676,delta_1600,0.04060270866264875,level1,none,1.0,1.0,0.9993753155005604,0.0006074896616357237,1.719483780398008e-05,policy_rejected,data/raw/wave1_selection.json,b1272041db1364831db88d72b114cca8f67e70416c3ea4326f99e5d53e1ea677
432,delta_1600,0.14293921298040416,level1,latent,1.0,1.0,0.9974974552090634,0.0014034972698444542,0.001099047521092214,dof_grade_not_a;policy_rejected,data/raw/wave1_selection.json,b1272041db1364831db88d72b114cca8f67e70416c3ea4326f99e5d53e1ea677
292,lambda_c,2.8200240089987996,level1,none,2.0,2.0,0.9996238623682463,1.0861865449695553e-05,0.0003652757663039076,,data/raw/wave1_selection.json,b1272041db1364831db88d72b114cca8f67e70416c3ea4326f99e5d53e1ea677
598,delta_1950,0.024858895302821652,level1,none,2.0,2.0,0.9994640111106561,0.00043725584863690993,9.873304070701227e-05,dof_grade_not_a,data/raw/wave1_selection.json,b1272041db1364831db88d72b114cca8f67e70416c3ea4326f99e5d53e1ea677
1718,delta_1920,0.04772569255685804,level1,none,2.0,2.0,0.9982430209944019,0.0009888944253424652,0.0007680845802556668,dof_grade_not_a,data/raw/wave1_selection.json,b1272041db1364831db88d72b114cca8f67e70416c3ea4326f99e5d53e1ea677
1281,lambda_c_2765,1.2687983900120159,level1,none,1.0,1.0,0.9999230120526336,3.091570766619933e-05,4.607223970008425e-05,policy_rejected,data/raw/wave1_selection.json,b1272041db1364831db88d72b114cca8f67e70416c3ea4326f99e5d53e1ea677
1563,lambda_c_2765,0.3239257359607443,level1,none,1.0,1.0,0.9992795301938288,0.0003729770758489681,0.00034749273032226325,policy_rejected,data/raw/wave1_selection.json,b1272041db1364831db88d72b114cca8f67e70416c3ea4326f99e5d53e1ea677
816,delta_1600,0.04581585462789415,level1,none,1.0,1.0,0.999648057351436,0.00011434372692020057,0.00023759892164378435,policy_rejected,data/raw/wave1_selection.json,b1272041db1364831db88d72b114cca8f67e70416c3ea4326f99e5d53e1ea677
732,lambda_c_2765,3.9006132365938697,level1,none,1.0,1.0,0.9992615160913997,0.00016605706629639844,0.0005724268423038508,policy_rejected,data/raw/wave1_selection.json,b1272041db1364831db88d72b114cca8f67e70416c3ea4326f99e5d53e1ea677
254,delta_1600,0.07029883166467422,level1,none,1.0,1.0,0.9993660499309932,0.00014391469256765644,0.00049003537643901,policy_rejected,data/raw/wave1_selection.json,b1272041db1364831db88d72b114cca8f67e70416c3ea4326f99e5d53e1ea677
564,lambda_c,2.1242957002852134,level1,none,1.0,1.0,0.9996866172261663,5.2965310525507385e-05,0.0002604174633082086,,data/raw/wave1_selection.json,b1272041db1364831db88d72b114cca8f67e70416c3ea4326f99e5d53e1ea677
1498,delta_1950,0.1189749392205042,level1,none,2.0,2.0,0.9996632721379517,9.179241302708511e-05,0.0002449354490213438,,data/raw/wave1_selection.json,b1272041db1364831db88d72b114cca8f67e70416c3ea4326f99e5d53e1ea677
1651,lambda_c_2860,1.1540879758364915,level1,none,1.0,1.0,0.9988658184104581,0.00028667114921255107,0.0008475104403294194,,data/raw/wave1_selection.json,b1272041db1364831db88d72b114cca8f67e70416c3ea4326f99e5d53e1ea677
935,delta_1600,0.4859851908934325,level1,none,1.0,1.0,0.9993205488986422,0.000258566570979973,0.00042088453037783833,policy_rejected,data/raw/wave1_selection.json,b1272041db1364831db88d72b114cca8f67e70416c3ea4326f99e5d53e1ea677
1070,delta_1950,0.21876743182465164,level1,none,2.0,2.0,0.9994959251165528,0.00021648126390243767,0.00028759361954468205,dof_grade_not_a,data/raw/wave1_selection.json,b1272041db1364831db88d72b114cca8f67e70416c3ea4326f99e5d53e1ea677
1864,delta_1930,0.20015341199616882,level1,none,2.0,2.0,0.9996666195663715,5.6557107074014315e-05,0.00027682332655440953,dof_grade_not_a;policy_rejected,data/raw/wave1_selection.json,b1272041db1364831db88d72b114cca8f67e70416c3ea4326f99e5d53e1ea677
1509,lambda_c,1.899248669537572,level1,latent,1.0,1.0,0.9987935741497869,0.00016227667086659095,0.001044149179346539,,data/raw/wave1_selection.json,b1272041db1364831db88d72b114cca8f67e70416c3ea4326f99e5d53e1ea677
872,lambda_c,0.49807787459611086,level1,none,1.0,1.0,0.9999186101734175,2.295309713561437e-05,5.8436729446973704e-05,,data/raw/wave1_selection.json,b1272041db1364831db88d72b114cca8f67e70416c3ea4326f99e5d53e1ea677
296,lambda_c_2765,1.3798075552019222,level1,none,1.0,1.0,0.999354100500223,0.00020713675584994642,0.00043876274392687067,policy_rejected,data/raw/wave1_selection.json,b1272041db1364831db88d72b114cca8f67e70416c3ea4326f99e5d53e1ea677
330,delta_1950,0.006320312873592654,level1,none,2.0,2.0,0.9997353455792627,4.2984658657174524e-05,0.0002216697620800446,,data/raw/wave1_selection.json,b1272041db1364831db88d72b114cca8f67e70416c3ea4326f99e5d53e1ea677
915,lambda_c,2.2191691185415507,level1,none,1.0,1.0,0.9994014179639598,0.0001054543313830544,0.0004931277046571957,,data/raw/wave1_selection.json,b1272041db1364831db88d72b114cca8f67e70416c3ea4326f99e5d53e1ea677
1646,lambda_c_2765,0.6558010926419887,level1,none,1.0,1.0,0.9995325146385714,8.683560373603635e-05,0.00038064975769240675,policy_rejected,data/raw/wave1_selection.json,b1272041db1364831db88d72b114cca8f67e70416c3ea4326f99e5d53e1ea677
34,delta_1950,0.10897315902053571,level1,none,2.0,2.0,0.9997671799183652,0.00017511635430574713,5.7703727329132156e-05,,data/raw/wave1_selection.json,b1272041db1364831db88d72b114cca8f67e70416c3ea4326f99e5d53e1ea677
1195,lambda_c_2625,0.44393840840411203,level1,latent,1.0,1.0,0.9988434108795133,0.00011684807154701865,0.0010397410489396154,policy_rejected,data/raw/wave1_selection.json,b1272041db1364831db88d72b114cca8f67e70416c3ea4326f99e5d53e1ea677
508,delta_1930,0.048999851025001644,level1,none,2.0,2.0,0.9986087142405888,0.0008632702977610242,0.0005280154616499364,dof_grade_not_a;policy_rejected,data/raw/wave1_selection.json,b1272041db1364831db88d72b114cca8f67e70416c3ea4326f99e5d53e1ea677
750,delta_1930,0.19866462703338506,level1,none,2.0,2.0,0.9996394869860216,0.00013945928204006576,0.00022105373193829865,policy_rejected,data/raw/wave1_selection.json,b1272041db1364831db88d72b114cca8f67e70416c3ea4326f99e5d53e1ea677
1516,lambda_c_2765,0.03343944966560676,level1,none,1.0,1.0,0.9996328695983141,7.075108736134361e-05,0.0002963793143245749,policy_rejected,data/raw/wave1_selection.json,b1272041db1364831db88d72b114cca8f67e70416c3ea4326f99e5d53e1ea677
1834,lambda_c_2765,0.2520959623790391,level1,none,1.0,1.0,0.999781869590755,4.453598552595428e-05,0.00017359442371894012,policy_rejected,data/raw/wave1_selection.json,b1272041db1364831db88d72b114cca8f67e70416c3ea4326f99e5d53e1ea677
279,lambda_c,0.1475469651226418,level1,none,1.0,1.0,0.999371751600774,0.00016434910085461543,0.0004638992983713578,,data/raw/wave1_selection.json,b1272041db1364831db88d72b114cca8f67e70416c3ea4326f99e5d53e1ea677
1979,omega_baryon,0.016216886216197948,level1,none,1.0,1.0,0.9995061902753057,0.0004256581606118078,6.815156408240308e-05,policy_rejected,data/raw/wave1_selection.json,b1272041db1364831db88d72b114cca8f67e70416c3ea4326f99e5d53e1ea677
1739,delta_1930,0.18554720986132342,level1,none,1.0,1.0,0.9991894651251036,4.7866178278307236e-05,0.0007626686966179801,policy_rejected,data/raw/wave1_selection.json,b1272041db1364831db88d72b114cca8f67e70416c3ea4326f99e5d53e1ea677
1141,delta_1950,0.002354851152900098,level1,none,2.0,2.0,0.999244293111492,0.0001102834975182356,0.000645423390989745,,data/raw/wave1_selection.json,b1272041db1364831db88d72b114cca8f67e70416c3ea4326f99e5d53e1ea677
1475,xi_c_plus,0.003274114727164178,level1,none,2.0,2.0,0.9998913736660135,2.204378751469265e-05,8.658254647171444e-05,,data/raw/wave1_selection.json,b1272041db1364831db88d72b114cca8f67e70416c3ea4326f99e5d53e1ea677
1039,lambda_c,0.9572354906382263,level1,latent,1.0,1.0,0.9981442662192136,0.00045690672443134903,0.0013988270563550247,dof_grade_not_a,data/raw/wave1_selection.json,b1272041db1364831db88d72b114cca8f67e70416c3ea4326f99e5d53e1ea677
105,lambda_c_2765,1.3546863422531377,level1,none,1.0,1.0,0.9991714476268232,0.0002759953252328232,0.0005525570479438913,policy_rejected,data/raw/wave1_selection.json,b1272041db1364831db88d72b114cca8f67e70416c3ea4326f99e5d53e1ea677
1832,delta_1920,0.0021892656952650293,level1,none,3.0,3.0,0.9995912881052447,6.304164578210782e-05,0.0003456702489732514,,data/raw/wave1_selection.json,b1272041db1364831db88d72b114cca8f67e70416c3ea4326f99e5d53e1ea677
142,lambda_c,0.17399868330007612,level1,none,1.0,1.0,0.9995270988343362,7.846570434387027e-05,0.0003944354613199827,,data/raw/wave1_selection.json,b1272041db1364831db88d72b114cca8f67e70416c3ea4326f99e5d53e1ea677
424,lambda_c,1.9844996267750294,level1,none,1.0,1.0,0.9991712868871545,0.00016559242987634727,0.0006631206829691439,,data/raw/wave1_selection.json,b1272041db1364831db88d72b114cca8f67e70416c3ea4326f99e5d53e1ea677
1708,lambda_c,1.697683963115794,level1,none,1.0,1.0,0.9994223819011037,0.00019031157143688365,0.00038730652745936007,policy_rejected,data/raw/wave1_selection.json,b1272041db1364831db88d72b114cca8f67e70416c3ea4326f99e5d53e1ea677
1203,delta_1900,0.05450008625832978,level1,none,3.0,3.0,0.9998323257264947,2.9311487469744994e-05,0.00013836278603540408,,data/raw/wave1_selection.json,b1272041db1364831db88d72b114cca8f67e70416c3ea4326f99e5d53e1ea677
454,delta_1900,0.08131288297812153,level1,none,1.0,1.0,0.9994567769182153,0.00047047958976996723,7.274349201476952e-05,policy_rejected,data/raw/wave1_selection.json,b1272041db1364831db88d72b114cca8f67e70416c3ea4326f99e5d53e1ea677
1856,lambda_c,1.8124218138789039,level1,none,1.0,1.0,0.9996119529193903,5.838004500674459e-05,0.0003296670356029907,,data/raw/wave1_selection.json,b1272041db1364831db88d72b114cca8f67e70416c3ea4326f99e5d53e1ea677
891,lambda_c_2765,1.484389675856102,level1,none,1.0,1.0,0.9988551734871475,0.00018984637037560055,0.0009549801424768758,policy_rejected,data/raw/wave1_selection.json,b1272041db1364831db88d72b114cca8f67e70416c3ea4326f99e5d53e1ea677
1689,lambda_c,2.2730776278461255,level1,none,2.0,2.0,0.9997358486029339,0.00010963115309811849,0.00015452024396810942,,data/raw/wave1_selection.json,b1272041db1364831db88d72b114cca8f67e70416c3ea4326f99e5d53e1ea677
1791,lambda_c_2765,0.5899354613006454,level1,none,1.0,1.0,0.9990347866291471,0.00013241927359041207,0.0008327940972626724,policy_rejected,data/raw/wave1_selection.json,b1272041db1364831db88d72b114cca8f67e70416c3ea4326f99e5d53e1ea677
922,lambda_c,0.2865202816739894,level1,none,1.0,1.0,0.9993312574995705,0.00043722712570520064,0.00023151537472405187,,data/raw/wave1_selection.json,b1272041db1364831db88d72b114cca8f67e70416c3ea4326f99e5d53e1ea677
694,lambda_c_2625,0.041769459215369516,level1,none,1.0,1.0,0.9996792413313823,0.0002025234041650146,0.00011823526445272625,policy_rejected,data/raw/wave1_selection.json,b1272041db1364831db88d72b114cca8f67e70416c3ea4326f99e5d53e1ea677
1945,delta_1900,0.012481908458637251,level1,none,1.0,1.0,0.9985484151449022,0.0013592835012036133,9.230135389423938e-05,dof_grade_not_a;policy_rejected,data/raw/wave1_selection.json,b1272041db1364831db88d72b114cca8f67e70416c3ea4326f99e5d53e1ea677
465,delta_1600,0.38373476930843436,level1,none,1.0,1.0,0.9997525889581865,0.00015737694231818673,9.003409949537651e-05,policy_rejected,data/raw/wave1_selection.json,b1272041db1364831db88d72b114cca8f67e70416c3ea4326f99e5d53e1ea677
253,delta_1930,0.1200291824992684,level1,none,1.0,1.0,0.9992054005143476,0.0005592064279270731,0.00023539305772532005,,data/raw/wave1_selection.json,b1272041db1364831db88d72b114cca8f67e70416c3ea4326f99e5d53e1ea677
1045,lambda_c,3.1850812322459383,none,latent,1.0,1.0,0.0001317750996964135,0.9974400676781411,0.0024281572221626496,dof_grade_not_a,data/raw/wave1_selection.json,b1272041db1364831db88d72b114cca8f67e70416c3ea4326f99e5d53e1ea677
1314,delta_1910,0.012938354541231295,level1,none,2.0,2.0,0.9996886778845315,0.0001454592655381319,0.00016586284993020555,,data/raw/wave1_selection.json,b1272041db1364831db88d72b114cca8f67e70416c3ea4326f99e5d53e1ea677
1911,delta_1910,0.10905086701898517,level1,none,2.0,2.0,0.999121696221495,2.0134413663403913e-05,0.0008581693648416482,,data/raw/wave1_selection.json,b1272041db1364831db88d72b114cca8f67e70416c3ea4326f99e5d53e1ea677
80,delta_1920,0.043506811162329025,level1,none,2.0,2.0,0.9998475592316599,2.7216846498155563e-05,0.00012522392184174908,,data/raw/wave1_selection.json,b1272041db1364831db88d72b114cca8f67e70416c3ea4326f99e5d53e1ea677
67,xi_c_2645,0.5091333950433378,level1,none,2.0,2.0,0.9994087046448809,0.00014077591622593374,0.00045051943889323184,,data/raw/wave1_selection.json,b1272041db1364831db88d72b114cca8f67e70416c3ea4326f99e5d53e1ea677
1527,delta_1920,0.025945605851359518,level1,none,3.0,3.0,0.9992291614826252,0.0004012391570869703,0.00036959936028793026,,data/raw/wave1_selection.json,b1272041db1364831db88d72b114cca8f67e70416c3ea4326f99e5d53e1ea677
1181,delta_1950,0.04267587594648044,level1,none,2.0,2.0,0.9995512162221255,0.00016828870111404762,0.00028049507676043093,,data/raw/wave1_selection.json,b1272041db1364831db88d72b114cca8f67e70416c3ea4326f99e5d53e1ea677
1477,delta_1900,0.017691536205138504,none,latent,1.0,1.0,5.454194934070831e-06,0.9986918082640237,0.0013027375410421742,dof_grade_not_a,data/raw/wave1_selection.json,b1272041db1364831db88d72b114cca8f67e70416c3ea4326f99e5d53e1ea677
111,lambda_c_2765,3.7952481075475175,level1,none,1.0,1.0,0.9992203556940744,0.0005494863278536368,0.00023015797807186076,policy_rejected,data/raw/wave1_selection.json,b1272041db1364831db88d72b114cca8f67e70416c3ea4326f99e5d53e1ea677
622,lambda_c,2.1468417291579156,level1,none,1.0,1.0,0.9994978489568318,0.00013900556180724018,0.00036314548136088485,,data/raw/wave1_selection.json,b1272041db1364831db88d72b114cca8f67e70416c3ea4326f99e5d53e1ea677
1065,xi_c_prime_2575,1.2973827981543513,none,none,1.0,1.0,2.790160652900521e-05,0.999123779140645,0.0008483192528258612,dof_grade_not_a,data/raw/wave1_selection.json,b1272041db1364831db88d72b114cca8f67e70416c3ea4326f99e5d53e1ea677
1331,lambda_c_2860,0.2726837194926519,level1,none,1.0,1.0,0.9990087439015659,0.00022643968344439758,0.0007648164149896187,,data/raw/wave1_selection.json,b1272041db1364831db88d72b114cca8f67e70416c3ea4326f99e5d53e1ea677
832,xi_c_plus,3.348612762615607,level1,none,1.0,1.0,0.9987778844915318,0.0010239770031402222,0.0001981385053279878,,data/raw/wave1_selection.json,b1272041db1364831db88d72b114cca8f67e70416c3ea4326f99e5d53e1ea677
1139,delta_1950,0.007764136244714232,level1,none,2.0,2.0,0.9996101503478072,6.736986247569804e-05,0.00032247978971707215,,data/raw/wave1_selection.json,b1272041db1364831db88d72b114cca8f67e70416c3ea4326f99e5d53e1ea677
1284,delta_1950,0.01423489951530282,level1,none,2.0,2.0,0.9994611127740374,0.00019944795309598468,0.0003394392728666735,dof_grade_not_a,data/raw/wave1_selection.json,b1272041db1364831db88d72b114cca8f67e70416c3ea4326f99e5d53e1ea677
1891,delta_1700,0.004913565602783992,level1,none,1.0,1.0,0.9986181159564187,0.000983857253595727,0.0003980267899855874,dof_grade_not_a,data/raw/wave1_selection.json,b1272041db1364831db88d72b114cca8f67e70416c3ea4326f99e5d53e1ea677
1500,delta_1950,0.1357162854856772,level1,latent,2.0,2.0,0.9980661187561696,0.0006775396994696293,0.0012563415443608557,dof_grade_not_a,data/raw/wave1_selection.json,b1272041db1364831db88d72b114cca8f67e70416c3ea4326f99e5d53e1ea677
446,lambda_c_2765,0.26232649797673363,level1,none,2.0,2.0,0.9997191823792111,6.346620382084205e-05,0.00021735141696830075,policy_rejected,data/raw/wave1_selection.json,b1272041db1364831db88d72b114cca8f67e70416c3ea4326f99e5d53e1ea677
277,lambda_c,2.0614761714261873,level1,none,1.0,1.0,0.9987180597579347,0.0011715371916786767,0.00011040305038658521,dof_grade_not_a,data/raw/wave1_selection.json,b1272041db1364831db88d72b114cca8f67e70416c3ea4326f99e5d53e1ea677
488,xi_c_plus,0.36601192533234406,level1,none,1.0,1.0,0.9994809850712459,0.00023607608272830144,0.00028293884602590834,,data/raw/wave1_selection.json,b1272041db1364831db88d72b114cca8f67e70416c3ea4326f99e5d53e1ea677
602,lambda_c_2765,3.652233541577666,level1,latent,1.0,1.0,0.9987083828907611,0.00010738874670986653,0.0011842283625289082,dof_grade_not_a;policy_rejected,data/raw/wave1_selection.json,b1272041db1364831db88d72b114cca8f67e70416c3ea4326f99e5d53e1ea677
976,nucleon_1720,0.09246014143849703,level1,none,1.0,1.0,0.9989443895986049,0.0010025030695662847,5.310733182888397e-05,policy_rejected,data/raw/wave1_selection.json,b1272041db1364831db88d72b114cca8f67e70416c3ea4326f99e5d53e1ea677
722,lambda_c,0.8668832986558372,level1,none,1.0,1.0,0.9995648712623079,7.468668878216894e-05,0.00036044204891015293,,data/raw/wave1_selection.json,b1272041db1364831db88d72b114cca8f67e70416c3ea4326f99e5d53e1ea677
802,delta_1950,0.19390010432199817,level1,none,2.0,2.0,0.9994940669459896,0.00011599242091659319,0.00038994063309379985,,data/raw/wave1_selection.json,b1272041db1364831db88d72b114cca8f67e70416c3ea4326f99e5d53e1ea677
920,lambda_c,0.5791012145449413,level1,none,1.0,1.0,0.9996988484325346,3.447998146752573e-05,0.00026667158599793096,,data/raw/wave1_selection.json,b1272041db1364831db88d72b114cca8f67e70416c3ea4326f99e5d53e1ea677
1361,lambda_c_2625,0.04661039955930919,level1,none,1.0,1.0,0.9997229448083881,4.010921728614554e-05,0.00023694597432584916,policy_rejected,data/raw/wave1_selection.json,b1272041db1364831db88d72b114cca8f67e70416c3ea4326f99e5d53e1ea677
1226,lambda_c,0.6325240913738066,level1,none,2.0,2.0,0.9995127774872222,0.00024069999462114503,0.00024652251815674873,,data/raw/wave1_selection.json,b1272041db1364831db88d72b114cca8f67e70416c3ea4326f99e5d53e1ea677
518,nucleon_1720,0.1169975273250633,level1,none,1.0,1.0,0.9988391315180162,0.0009256303429746516,0.0002352381390091837,policy_rejected,data/raw/wave1_selection.json,b1272041db1364831db88d72b114cca8f67e70416c3ea4326f99e5d53e1ea677
1157,lambda_c_2765,1.6758569104414298,level1,none,2.0,2.0,0.9997222511932653,8.021418547182796e-05,0.00019753462126282368,policy_rejected,data/raw/wave1_selection.json,b1272041db1364831db88d72b114cca8f67e70416c3ea4326f99e5d53e1ea677
460,lambda_c_2625,1.1890841407277233,level1,none,2.0,2.0,0.9993329807368673,0.000372175062393662,0.0002948442007388135,policy_rejected,data/raw/wave1_selection.json,b1272041db1364831db88d72b114cca8f67e70416c3ea4326f99e5d53e1ea677
478,lambda_c_2765,3.5756859671431407,level1,latent,1.0,1.0,0.9972035347308692,0.0013362093671187988,0.0014602559020120696,dof_grade_not_a;policy_rejected,data/raw/wave1_selection.json,b1272041db1364831db88d72b114cca8f67e70416c3ea4326f99e5d53e1ea677
1241,delta_1950,0.01649865427002813,level1,none,3.0,3.0,0.998530123309671,0.0005787657025664753,0.0008911109877626054,dof_grade_not_a,data/raw/wave1_selection.json,b1272041db1364831db88d72b114cca8f67e70416c3ea4326f99e5d53e1ea677
1029,lambda_c,2.6297289600135403,level1,none,1.0,1.0,0.9994526520953901,9.61158855995101e-05,0.0004512320190102632,,data/raw/wave1_selection.json,b1272041db1364831db88d72b114cca8f67e70416c3ea4326f99e5d53e1ea677
1520,lambda_c_2625,1.5500822113278536,level1,none,1.0,1.0,0.9996936631629241,0.00015735442742784332,0.00014898240964816994,policy_rejected,data/raw/wave1_selection.json,b1272041db1364831db88d72b114cca8f67e70416c3ea4326f99e5d53e1ea677
262,delta_1600,0.3641405513057298,level1,none,1.0,1.0,0.999665782061052,0.00026219270937605764,7.20252295719301e-05,policy_rejected,data/raw/wave1_selection.json,b1272041db1364831db88d72b114cca8f67e70416c3ea4326f99e5d53e1ea677
551,delta_1910,0.004497209910058717,level1,none,2.0,2.0,0.9996263942928981,3.96631504583176e-05,0.00033394255664362534,,data/raw/wave1_selection.json,b1272041db1364831db88d72b114cca8f67e70416c3ea4326f99e5d53e1ea677
1867,lambda_c,1.2303874389806244,level1,none,1.0,1.0,0.9991674518203164,0.00013450703795490142,0.0006980411417287087,,data/raw/wave1_selection.json,b1272041db1364831db88d72b114cca8f67e70416c3ea4326f99e5d53e1ea677
1600,xi_c_plus,2.2046067187827534,level1,none,1.0,1.0,0.9992412657489432,0.0002727373791107561,0.0004859968719460995,,data/raw/wave1_selection.json,b1272041db1364831db88d72b114cca8f67e70416c3ea4326f99e5d53e1ea677
1402,delta_1620,0.1274989826042112,level1,none,1.0,1.0,0.999752025683971,0.00016604177305053566,8.19325429782133e-05,,data/raw/wave1_selection.json,b1272041db1364831db88d72b114cca8f67e70416c3ea4326f99e5d53e1ea677
701,delta_1930,0.04415730564606521,level1,none,2.0,2.0,0.9994135358433066,0.00011901262116778778,0.00046745153552553415,policy_rejected,data/raw/wave1_selection.json,b1272041db1364831db88d72b114cca8f67e70416c3ea4326f99e5d53e1ea677
1355,delta_1950,0.06526385169472233,level1,none,2.0,2.0,0.9995598577444533,0.00015428743977072512,0.0002858548157760082,dof_grade_not_a,data/raw/wave1_selection.json,b1272041db1364831db88d72b114cca8f67e70416c3ea4326f99e5d53e1ea677
1931,delta_1900,0.2330254686162421,level1,none,1.0,1.0,0.9998336795623963,0.0001373426398329619,2.897779777067671e-05,policy_rejected,data/raw/wave1_selection.json,b1272041db1364831db88d72b114cca8f67e70416c3ea4326f99e5d53e1ea677
474,sigma_c_2455,0.5579790973401996,level1,none,3.0,3.0,0.9989948380848834,0.0005588440935282383,0.0004463178215882652,,data/raw/wave1_selection.json,b1272041db1364831db88d72b114cca8f67e70416c3ea4326f99e5d53e1ea677
374,lambda_c_2860,1.0749520266019315,level1,none,1.0,1.0,0.9992709184654991,0.0006525113066038853,7.657022789697673e-05,,data/raw/wave1_selection.json,b1272041db1364831db88d72b114cca8f67e70416c3ea4326f99e5d53e1ea677
336,delta_1700,0.19487439396016198,level1,latent,1.0,1.0,0.9986369304528866,0.0002480150198968966,0.0011150545272165062,dof_grade_not_a,data/raw/wave1_selection.json,b1272041db1364831db88d72b114cca8f67e70416c3ea4326f99e5d53e1ea677
612,lambda_c_2765,0.0687034500129639,level1,latent,1.0,1.0,0.998391203502395,0.0004371671524365965,0.0011716293451685131,dof_grade_not_a;policy_rejected,data/raw/wave1_selection.json,b1272041db1364831db88d72b114cca8f67e70416c3ea4326f99e5d53e1ea677
1326,delta_1950,0.09467324910653203,level1,none,2.0,2.0,0.9999153224653089,2.94764064575975e-05,5.520112823370314e-05,,data/raw/wave1_selection.json,b1272041db1364831db88d72b114cca8f67e70416c3ea4326f99e5d53e1ea677
1538,xi_c_2645,0.3952851372357458,level1,none,1.0,1.0,0.9991283395164477,0.00023182123247275535,0.0006398392510795737,,data/raw/wave1_selection.json,b1272041db1364831db88d72b114cca8f67e70416c3ea4326f99e5d53e1ea677
234,delta_1950,0.08204702215905994,level1,none,2.0,2.0,0.9992113140945745,0.0003153255340509815,0.00047336037137436505,,data/raw/wave1_selection.json,b1272041db1364831db88d72b114cca8f67e70416c3ea4326f99e5d53e1ea677
1479,lambda_c_2765,3.647269916327299,level1,none,1.0,1.0,0.9992455307635897,0.00012792236602707493,0.0006265468703832124,policy_rejected,data/raw/wave1_selection.json,b1272041db1364831db88d72b114cca8f67e70416c3ea4326f99e5d53e1ea677
1780,delta_1600,0.03322797164514745,level1,none,1.0,1.0,0.9997119073651366,0.00022417386233794504,6.391877252543241e-05,policy_rejected,data/raw/wave1_selection.json,b1272041db1364831db88d72b114cca8f67e70416c3ea4326f99e5d53e1ea677
1320,nucleon_1720,0.24070572148235825,level1,none,1.0,1.0,0.9991005945008138,0.000705181658083027,0.00019422384110301123,policy_rejected,data/raw/wave1_selection.json,b1272041db1364831db88d72b114cca8f67e70416c3ea4326f99e5d53e1ea677
1660,delta_1900,0.01599171006680478,level1,none,1.0,1.0,0.9991142279769155,0.0001378310565874427,0.0007479409664969478,policy_rejected,data/raw/wave1_selection.json,b1272041db1364831db88d72b114cca8f67e70416c3ea4326f99e5d53e1ea677
1405,lambda_c_2860,0.525105493395773,level1,none,1.0,1.0,0.9996662664042537,4.948122384080982e-05,0.00028425237190548815,,data/raw/wave1_selection.json,b1272041db1364831db88d72b114cca8f67e70416c3ea4326f99e5d53e1ea677
1775,xi_c_plus,3.1165579619534762,level1,none,1.0,1.0,0.9996386574222732,0.0003171881342230824,4.415444350351887e-05,,data/raw/wave1_selection.json,b1272041db1364831db88d72b114cca8f67e70416c3ea4326f99e5d53e1ea677
884,delta_1920,0.01586910135327147,level1,none,2.0,2.0,0.9995346570586047,0.00018677802817696593,0.0002785649132183379,,data/raw/wave1_selection.json,b1272041db1364831db88d72b114cca8f67e70416c3ea4326f99e5d53e1ea677
639,lambda_c_2765,0.322266139177337,level1,none,1.0,1.0,0.9987575321966567,0.0008650950908018141,0.000377372712541599,dof_grade_not_a;policy_rejected,data/raw/wave1_selection.json,b1272041db1364831db88d72b114cca8f67e70416c3ea4326f99e5d53e1ea677
579,delta_1930,0.09107728922306466,level1,none,1.0,1.0,0.999783526254706,3.565062133134059e-05,0.0001808231239626931,dof_grade_not_a;policy_rejected,data/raw/wave1_selection.json,b1272041db1364831db88d72b114cca8f67e70416c3ea4326f99e5d53e1ea677
628,lambda_c_2765,3.762114184178857,level1,none,1.0,1.0,0.9998714222235953,1.9483521010745292e-05,0.00010909425539411148,policy_rejected,data/raw/wave1_selection.json,b1272041db1364831db88d72b114cca8f67e70416c3ea4326f99e5d53e1ea677
547,delta_1910,0.045122987297539524,level1,none,2.0,2.0,0.9989754869944681,0.00017579206270002312,0.0008487209428317893,dof_grade_not_a,data/raw/wave1_selection.json,b1272041db1364831db88d72b114cca8f67e70416c3ea4326f99e5d53e1ea677
1334,delta_1700,0.19743072449022478,level1,latent,1.0,1.0,0.9981092122513324,0.0002109732153800802,0.001679814533287488,dof_grade_not_a,data/raw/wave1_selection.json,b1272041db1364831db88d72b114cca8f67e70416c3ea4326f99e5d53e1ea677
1928,lambda_c_2765,0.10019119399808701,level1,none,1.0,1.0,0.9987364702737512,0.0009676819309112633,0.00029584779533737394,dof_grade_not_a;policy_rejected,data/raw/wave1_selection.json,b1272041db1364831db88d72b114cca8f67e70416c3ea4326f99e5d53e1ea677
1480,lambda_c_2765,3.716852775131472,level1,none,1.0,1.0,0.9996440745943455,5.3272286272232435e-05,0.0003026531193822066,policy_rejected,data/raw/wave1_selection.json,b1272041db1364831db88d72b114cca8f67e70416c3ea4326f99e5d53e1ea677
1096,lambda_c_2765,0.8600766034992342,level1,none,2.0,2.0,0.9996064225726671,0.00021648565005962786,0.00017709177727348667,policy_rejected,data/raw/wave1_selection.json,b1272041db1364831db88d72b114cca8f67e70416c3ea4326f99e5d53e1ea677
751,delta_1900,0.03973667150439024,level1,none,1.0,1.0,0.9988160107339995,0.001052765169026745,0.00013122409697374188,policy_rejected,data/raw/wave1_selection.json,b1272041db1364831db88d72b114cca8f67e70416c3ea4326f99e5d53e1ea677
718,sigma_1775,1.1361634267945588,none,none,1.0,1.0,0.0011626326950289253,0.9987693145609119,6.805274405910455e-05,dof_grade_not_a;policy_rejected,data/raw/wave1_selection.json,b1272041db1364831db88d72b114cca8f67e70416c3ea4326f99e5d53e1ea677
845,xi_c_2645,0.2896305075184697,level1,none,2.0,2.0,0.9994740927141827,0.00025712088950287837,0.0002687863963142629,dof_grade_not_a,data/raw/wave1_selection.json,b1272041db1364831db88d72b114cca8f67e70416c3ea4326f99e5d53e1ea677
1438,delta_1950,0.09120255997594999,level1,latent,1.0,1.0,0.9978418834813549,0.0003406997772107308,0.0018174167414343645,dof_grade_not_a;policy_rejected,data/raw/wave1_selection.json,b1272041db1364831db88d72b114cca8f67e70416c3ea4326f99e5d53e1ea677
1327,lambda_c_2625,0.3240437757304178,level1,none,1.0,1.0,0.9991483788510543,7.656072343663515e-05,0.000775060425509009,policy_rejected,data/raw/wave1_selection.json,b1272041db1364831db88d72b114cca8f67e70416c3ea4326f99e5d53e1ea677
589,xi_c_2645,0.9402483504875812,level1,none,1.0,1.0,0.9993785543969684,9.162709127020661e-05,0.0005298185117614618,,data/raw/wave1_selection.json,b1272041db1364831db88d72b114cca8f67e70416c3ea4326f99e5d53e1ea677
1207,lambda_c_2860,1.0499238708030423,level1,none,1.0,1.0,0.9995368668135717,0.00020282412975646303,0.0002603090566718151,,data/raw/wave1_selection.json,b1272041db1364831db88d72b114cca8f67e70416c3ea4326f99e5d53e1ea677
1804,lambda_c_2595,1.1702716349546856,level1,none,1.0,1.0,0.9993231876345091,0.00047715481406793224,0.00019965755142300142,policy_rejected,data/raw/wave1_selection.json,b1272041db1364831db88d72b114cca8f67e70416c3ea4326f99e5d53e1ea677
772,delta_1900,0.011161507480639411,level1,none,2.0,2.0,0.998726587404607,0.000497308471650838,0.0007761041237422703,dof_grade_not_a,data/raw/wave1_selection.json,b1272041db1364831db88d72b114cca8f67e70416c3ea4326f99e5d53e1ea677
1345,lambda_c_2860,0.1682758180689622,level1,none,1.0,1.0,0.9994580333717867,0.00040794281709659335,0.00013402381111664465,,data/raw/wave1_selection.json,b1272041db1364831db88d72b114cca8f67e70416c3ea4326f99e5d53e1ea677
1089,lambda_c_2765,1.404042948459569,none,latent,1.0,1.0,2.1394101147509648e-05,0.9510604688738796,0.04891813702497279,dof_grade_not_a;policy_rejected,data/raw/wave1_selection.json,b1272041db1364831db88d72b114cca8f67e70416c3ea4326f99e5d53e1ea677
746,delta_1900,0.018367903360536314,level1,none,2.0,2.0,0.9997786036663876,8.017419425195206e-05,0.00014122213936044794,,data/raw/wave1_selection.json,b1272041db1364831db88d72b114cca8f67e70416c3ea4326f99e5d53e1ea677
1757,delta_1900,0.05729807754502936,level1,none,2.0,2.0,0.9993251442088975,0.0004951875694401014,0.00017966822166240665,dof_grade_not_a,data/raw/wave1_selection.json,b1272041db1364831db88d72b114cca8f67e70416c3ea4326f99e5d53e1ea677
265,delta_1900,0.08823680436272079,level1,none,2.0,2.0,0.9998734807753481,2.3456094780642082e-05,0.00010306312987125553,,data/raw/wave1_selection.json,b1272041db1364831db88d72b114cca8f67e70416c3ea4326f99e5d53e1ea677
136,delta_1600,0.006677341155484616,level1,none,1.0,1.0,0.9995968493692062,9.844656370701276e-05,0.00030470406708685966,policy_rejected,data/raw/wave1_selection.json,b1272041db1364831db88d72b114cca8f67e70416c3ea4326f99e5d53e1ea677
1171,delta_1600,0.43358243457611756,level1,none,1.0,1.0,0.9992137904357213,0.0003330402609751114,0.0004531693033036804,policy_rejected,data/raw/wave1_selection.json,b1272041db1364831db88d72b114cca8f67e70416c3ea4326f99e5d53e1ea677
275,lambda_c_2765,3.8074563382254367,level1,none,1.0,1.0,0.9997024341728001,6.909963285353283e-05,0.000228466194346312,policy_rejected,data/raw/wave1_selection.json,b1272041db1364831db88d72b114cca8f67e70416c3ea4326f99e5d53e1ea677
1847,sigma_1775,0.8458425928052505,level1,none,1.0,1.0,0.9998673302686024,5.9758114099836505e-05,7.291161729764854e-05,,data/raw/wave1_selection.json,b1272041db1364831db88d72b114cca8f67e70416c3ea4326f99e5d53e1ea677
931,delta_1620,0.0695414271024454,level1,none,1.0,1.0,0.9994059910610495,0.0003031688986734236,0.00029084004027715233,,data/raw/wave1_selection.json,b1272041db1364831db88d72b114cca8f67e70416c3ea4326f99e5d53e1ea677
78,lambda_c,2.656745476662726,level1,none,2.0,2.0,0.9997927607167428,2.509710889542295e-05,0.00018214217436170275,,data/raw/wave1_selection.json,b1272041db1364831db88d72b114cca8f67e70416c3ea4326f99e5d53e1ea677
1688,lambda_c,1.7424786943760662,level1,none,2.0,2.0,0.9997341703068782,2.479943474858919e-05,0.00024103025837308103,,data/raw/wave1_selection.json,b1272041db1364831db88d72b114cca8f67e70416c3ea4326f99e5d53e1ea677
70,lambda_c_2765,0.372959360270407,level1,none,1.0,1.0,0.9986803623991086,0.0011054302210298443,0.0002142073798616283,dof_grade_not_a;policy_rejected,data/raw/wave1_selection.json,b1272041db1364831db88d72b114cca8f67e70416c3ea4326f99e5d53e1ea677
1640,delta_1950,0.024211176515776218,level1,none,3.0,3.0,0.9980553657996032,0.0017239223101177437,0.00022071189027897566,dof_grade_not_a,data/raw/wave1_selection.json,b1272041db1364831db88d72b114cca8f67e70416c3ea4326f99e5d53e1ea677
382,xi_c_prime_2575,0.08202249699437797,level1,none,1.0,1.0,0.9979261042042341,0.0017636869792129605,0.0003102088165531191,dof_grade_not_a,data/raw/wave1_selection.json,b1272041db1364831db88d72b114cca8f67e70416c3ea4326f99e5d53e1ea677
1267,lambda_c,2.704975645251214,level1,none,1.0,1.0,0.9999061345593941,1.742315274237503e-05,7.644228786353513e-05,,data/raw/wave1_selection.json,b1272041db1364831db88d72b114cca8f67e70416c3ea4326f99e5d53e1ea677
1704,lambda_c_2765,0.8990002607099984,level1,none,1.0,1.0,0.9998374660284381,3.2940640292864607e-05,0.00012959333126900263,policy_rejected,data/raw/wave1_selection.json,b1272041db1364831db88d72b114cca8f67e70416c3ea4326f99e5d53e1ea677
1356,lambda_c,3.948368524581569,level1,none,1.0,1.0,0.9985915840509265,0.00041075379991591994,0.0009976621491574855,dof_grade_not_a,data/raw/wave1_selection.json,b1272041db1364831db88d72b114cca8f67e70416c3ea4326f99e5d53e1ea677
967,delta_1900,0.08653683372438492,level1,none,3.0,3.0,0.9997246759408157,3.2696326956065154e-05,0.0002426277322282574,dof_grade_not_a,data/raw/wave1_selection.json,b1272041db1364831db88d72b114cca8f67e70416c3ea4326f99e5d53e1ea677
697,xi_c_plus,2.803407494716027,level1,none,1.0,1.0,0.999686770554184,9.196648282631182e-05,0.00022126296298957609,,data/raw/wave1_selection.json,b1272041db1364831db88d72b114cca8f67e70416c3ea4326f99e5d53e1ea677
520,delta_1920,0.01254447943639207,level1,none,1.0,1.0,0.9995359335449643,0.00024926311336562223,0.00021480334167016488,policy_rejected,data/raw/wave1_selection.json,b1272041db1364831db88d72b114cca8f67e70416c3ea4326f99e5d53e1ea677
1173,lambda_c_2765,0.7913988383860114,level1,none,1.0,1.0,0.9993436518978253,0.0001344179936932453,0.0005219301084814827,policy_rejected,data/raw/wave1_selection.json,b1272041db1364831db88d72b114cca8f67e70416c3ea4326f99e5d53e1ea677
455,lambda_c_2765,0.18316944516830558,level1,latent,1.0,1.0,0.9981892116510366,0.00018853470013829564,0.0016222536488251277,dof_grade_not_a;policy_rejected,data/raw/wave1_selection.json,b1272041db1364831db88d72b114cca8f67e70416c3ea4326f99e5d53e1ea677
1639,delta_1900,0.07124637081256055,level1,latent,2.0,2.0,0.9985611215699561,0.0002345065728824562,0.0012043718571613214,dof_grade_not_a,data/raw/wave1_selection.json,b1272041db1364831db88d72b114cca8f67e70416c3ea4326f99e5d53e1ea677
1264,xi_c_plus,0.5829387439217772,none,structural,1.0,1.0,9.778498225109915e-14,5.544553537095162e-08,0.9999999445543669,dof_grade_not_a,data/raw/wave1_selection.json,b1272041db1364831db88d72b114cca8f67e70416c3ea4326f99e5d53e1ea677
719,lambda_c_2595,0.09915456847422166,level1,none,1.0,1.0,0.99981611938664,5.682789189078819e-05,0.00012705272146939034,policy_rejected,data/raw/wave1_selection.json,b1272041db1364831db88d72b114cca8f67e70416c3ea4326f99e5d53e1ea677
1283,delta_1910,0.05542177189156629,level1,none,2.0,2.0,0.9998525889441673,3.1537366109860506e-05,0.00011587368972282907,,data/raw/wave1_selection.json,b1272041db1364831db88d72b114cca8f67e70416c3ea4326f99e5d53e1ea677
1399,delta_1900,0.09636070572731993,level1,none,3.0,3.0,0.999723291713342,9.303937598924405e-05,0.0001836689106688433,dof_grade_not_a,data/raw/wave1_selection.json,b1272041db1364831db88d72b114cca8f67e70416c3ea4326f99e5d53e1ea677
342,delta_1910,0.011843643163129572,level1,latent,3.0,3.0,0.9984104075212674,0.0005079684173835526,0.0010816240613490868,dof_grade_not_a,data/raw/wave1_selection.json,b1272041db1364831db88d72b114cca8f67e70416c3ea4326f99e5d53e1ea677
1889,lambda_c_2765,0.7988646244113519,level1,none,1.0,1.0,0.9996218578011525,8.351005893081096e-05,0.00029463213991668205,policy_rejected,data/raw/wave1_selection.json,b1272041db1364831db88d72b114cca8f67e70416c3ea4326f99e5d53e1ea677
1011,delta_1910,0.008737578025248313,level1,none,2.0,2.0,0.9998687186895604,2.9747374699349078e-05,0.00010153393574007624,,data/raw/wave1_selection.json,b1272041db1364831db88d72b114cca8f67e70416c3ea4326f99e5d53e1ea677
1468,delta_1930,0.06657056508573193,none,latent,1.0,1.0,5.1827494623106455e-06,0.9981355150251697,0.0018593022253679762,dof_grade_not_a;policy_rejected,data/raw/wave1_selection.json,b1272041db1364831db88d72b114cca8f67e70416c3ea4326f99e5d53e1ea677
1115,nucleon_1720,0.05987575025310551,level1,none,1.0,1.0,0.9995072207507417,0.00034568980664529325,0.00014708944261296095,policy_rejected,data/raw/wave1_selection.json,b1272041db1364831db88d72b114cca8f67e70416c3ea4326f99e5d53e1ea677
974,lambda_c,2.86734132113294,level1,none,1.0,1.0,0.9992966892940598,0.0001914313960227546,0.0005118793099174431,,data/raw/wave1_selection.json,b1272041db1364831db88d72b114cca8f67e70416c3ea4326f99e5d53e1ea677
423,delta_1900,1.2874891388751804,level1,none,1.0,1.0,0.9995359483350473,0.0002815452479285405,0.0001825064170240679,policy_rejected,data/raw/wave1_selection.json,b1272041db1364831db88d72b114cca8f67e70416c3ea4326f99e5d53e1ea677
42,lambda_c,2.6242029432898506,level1,latent,1.0,1.0,0.9982939549894234,0.0002898112227183672,0.0014162337878582656,dof_grade_not_a,data/raw/wave1_selection.json,b1272041db1364831db88d72b114cca8f67e70416c3ea4326f99e5d53e1ea677
502,lambda_c_2765,0.14918485530815126,level1,latent,2.0,2.0,0.9978129599999602,0.0003975166291473826,0.0017895233708924091,dof_grade_not_a;policy_rejected,data/raw/wave1_selection.json,b1272041db1364831db88d72b114cca8f67e70416c3ea4326f99e5d53e1ea677
1103,lambda_c_2765,0.9150138007498624,level1,none,1.0,1.0,0.9995295397168699,0.00010292348638758553,0.0003675367967423257,policy_rejected,data/raw/wave1_selection.json,b1272041db1364831db88d72b114cca8f67e70416c3ea4326f99e5d53e1ea677
1566,delta_1920,0.01041961323950532,level1,latent,1.0,1.0,0.9986175876040015,0.00036676367531628226,0.0010156487206820096,dof_grade_not_a;policy_rejected,data/raw/wave1_selection.json,b1272041db1364831db88d72b114cca8f67e70416c3ea4326f99e5d53e1ea677
1251,delta_1600,0.04285604018096087,level1,none,1.0,1.0,0.999641315338181,0.0003098829171879457,4.880174463113538e-05,policy_rejected,data/raw/wave1_selection.json,b1272041db1364831db88d72b114cca8f67e70416c3ea4326f99e5d53e1ea677
1774,lambda_c_2765,0.716765235932347,level1,none,1.0,1.0,0.9981955942763235,0.001599647050163191,0.00020475867351324434,dof_grade_not_a;policy_rejected,data/raw/wave1_selection.json,b1272041db1364831db88d72b114cca8f67e70416c3ea4326f99e5d53e1ea677
1845,delta_1900,0.0023917689601357845,level1,none,2.0,2.0,0.998993833741478,0.0008998732205318894,0.00010629303799012273,,data/raw/wave1_selection.json,b1272041db1364831db88d72b114cca8f67e70416c3ea4326f99e5d53e1ea677
839,delta_1900,0.15748323154194602,level1,none,3.0,3.0,0.9999224238258778,1.8668951165997695e-05,5.890722295625397e-05,dof_grade_not_a,data/raw/wave1_selection.json,b1272041db1364831db88d72b114cca8f67e70416c3ea4326f99e5d53e1ea677
1808,lambda_c_2765,3.9754723343452762,level1,none,1.0,1.0,0.9997716312240156,7.901038130267036e-05,0.00014935839468178312,policy_rejected,data/raw/wave1_selection.json,b1272041db1364831db88d72b114cca8f67e70416c3ea4326f99e5d53e1ea677
755,xi_c_2645,0.5899198875040202,level1,latent,1.0,1.0,0.9988003715831119,0.00017193579536432598,0.0010276926215238634,,data/raw/wave1_selection.json,b1272041db1364831db88d72b114cca8f67e70416c3ea4326f99e5d53e1ea677
1077,lambda_c,2.015756413212168,level1,none,1.0,1.0,0.9986766750035921,0.00065459199547091,0.0006687330009368482,dof_grade_not_a,data/raw/wave1_selection.json,b1272041db1364831db88d72b114cca8f67e70416c3ea4326f99e5d53e1ea677
1364,lambda_c,2.5524914043754197,level1,none,1.0,1.0,0.9985873911472332,0.0013607851473373378,5.182370542947449e-05,dof_grade_not_a;policy_rejected,data/raw/wave1_selection.json,b1272041db1364831db88d72b114cca8f67e70416c3ea4326f99e5d53e1ea677
588,xi_c_2645,0.7217905484104876,level1,none,1.0,1.0,0.999492474301346,0.00010273278595339039,0.0004047929127004992,,data/raw/wave1_selection.json,b1272041db1364831db88d72b114cca8f67e70416c3ea4326f99e5d53e1ea677
1908,lambda_c,1.9430448023477727,level1,none,1.0,1.0,0.9990235340317941,0.0002918141721623616,0.0006846517960436055,policy_rejected,data/raw/wave1_selection.json,b1272041db1364831db88d72b114cca8f67e70416c3ea4326f99e5d53e1ea677
1058,delta_1600,0.4496126316692491,level1,none,1.0,1.0,0.9989166755562084,0.0006037033463219802,0.0004796210974696069,policy_rejected,data/raw/wave1_selection.json,b1272041db1364831db88d72b114cca8f67e70416c3ea4326f99e5d53e1ea677
1341,lambda_c_2765,0.6049394174506052,level1,none,1.0,1.0,0.9999695252566827,1.9054733725622625e-05,1.1420009591618526e-05,policy_rejected,data/raw/wave1_selection.json,b1272041db1364831db88d72b114cca8f67e70416c3ea4326f99e5d53e1ea677
1851,lambda_c_2765,0.2738511186614905,level1,none,1.0,1.0,0.9996757278737474,0.00028549152660759685,3.87805996449811e-05,policy_rejected,data/raw/wave1_selection.json,b1272041db1364831db88d72b114cca8f67e70416c3ea4326f99e5d53e1ea677
471,lambda_c,2.4444651797767394,level1,none,1.0,1.0,0.9995207141889364,0.00038218470287178165,9.710110819178594e-05,,data/raw/wave1_selection.json,b1272041db1364831db88d72b114cca8f67e70416c3ea4326f99e5d53e1ea677
1020,lambda_c_2625,1.4130003771333226,level1,none,1.0,1.0,0.9990876628354012,9.827517521451196e-05,0.0008140619893842681,policy_rejected,data/raw/wave1_selection.json,b1272041db1364831db88d72b114cca8f67e70416c3ea4326f99e5d53e1ea677
1960,xi_c_prime_2575,0.6219542320114542,level1,latent,1.0,1.0,0.9981398265872953,0.000277872737540879,0.0015823006751638916,dof_grade_not_a,data/raw/wave1_selection.json,b1272041db1364831db88d72b114cca8f67e70416c3ea4326f99e5d53e1ea677
1122,lambda_c_2765,0.9722847726771514,level1,none,1.0,1.0,0.9996541125607653,0.00027552532564644497,7.036211358808311e-05,policy_rejected,data/raw/wave1_selection.json,b1272041db1364831db88d72b114cca8f67e70416c3ea4326f99e5d53e1ea677
1387,delta_1600,0.35667356948884205,level1,none,2.0,2.0,0.9988941629316932,0.0009934413336748745,0.00011239573463204888,policy_rejected,data/raw/wave1_selection.json,b1272041db1364831db88d72b114cca8f67e70416c3ea4326f99e5d53e1ea677
1234,delta_1700,0.1550364224068551,level1,none,1.0,1.0,0.9985649118470131,0.0010711103290886904,0.000363977823898115,dof_grade_not_a,data/raw/wave1_selection.json,b1272041db1364831db88d72b114cca8f67e70416c3ea4326f99e5d53e1ea677
1549,delta_1900,0.23101513581641225,level1,none,2.0,2.0,0.9995754146967423,6.0580173157234305e-05,0.0003640051301004545,,data/raw/wave1_selection.json,b1272041db1364831db88d72b114cca8f67e70416c3ea4326f99e5d53e1ea677
1980,lambda_c,1.2298006265099732,level1,none,1.0,1.0,0.9984425874838088,0.0013064931191021543,0.0002509193970891502,dof_grade_not_a,data/raw/wave1_selection.json,b1272041db1364831db88d72b114cca8f67e70416c3ea4326f99e5d53e1ea677
1246,delta_1930,0.11685176607870401,level1,none,2.0,2.0,0.9997482088062991,3.87527349527234e-05,0.00021303845874821298,policy_rejected,data/raw/wave1_selection.json,b1272041db1364831db88d72b114cca8f67e70416c3ea4326f99e5d53e1ea677
1903,delta_1600,0.3277335776151098,level1,none,1.0,1.0,0.9997648387869819,9.208125127852682e-05,0.00014307996173968271,policy_rejected,data/raw/wave1_selection.json,b1272041db1364831db88d72b114cca8f67e70416c3ea4326f99e5d53e1ea677
204,delta_1920,0.05236549219086333,level1,none,2.0,2.0,0.9996537919935257,3.9857389544672386e-05,0.00030635061692956754,dof_grade_not_a,data/raw/wave1_selection.json,b1272041db1364831db88d72b114cca8f67e70416c3ea4326f99e5d53e1ea677
449,delta_1900,0.05005757616571005,level1,none,3.0,3.0,0.9993505095468371,0.00010531330476663185,0.000544177148396342,,data/raw/wave1_selection.json,b1272041db1364831db88d72b114cca8f67e70416c3ea4326f99e5d53e1ea677
2,delta_1600,0.14436383697090746,level1,latent,1.0,1.0,0.9984469342098677,0.0003059628831914834,0.0012471029069405736,dof_grade_not_a;policy_rejected,data/raw/wave1_selection.json,b1272041db1364831db88d72b114cca8f67e70416c3ea4326f99e5d53e1ea677
879,delta_1910,0.07999792900004346,level1,none,1.0,1.0,0.9990966362338981,0.0007989143856112381,0.00010444938049070542,policy_rejected,data/raw/wave1_selection.json,b1272041db1364831db88d72b114cca8f67e70416c3ea4326f99e5d53e1ea677
735,lambda_c_2765,0.017343397526566398,level1,none,2.0,2.0,0.9993067233367906,0.00025712790583719763,0.00043614875737213183,policy_rejected,data/raw/wave1_selection.json,b1272041db1364831db88d72b114cca8f67e70416c3ea4326f99e5d53e1ea677
1111,xi_c_2645,0.9065510346724437,level1,none,1.0,1.0,0.998850601948989,0.000513412061609306,0.0006359859894015557,,data/raw/wave1_selection.json,b1272041db1364831db88d72b114cca8f67e70416c3ea4326f99e5d53e1ea677
411,lambda_c_2765,3.7237151433628486,level1,none,1.0,1.0,0.9988474426403198,0.000460504064038904,0.0006920532956412837,policy_rejected,data/raw/wave1_selection.json,b1272041db1364831db88d72b114cca8f67e70416c3ea4326f99e5d53e1ea677
385,xi_c_plus,1.7102284033143254,level1,none,1.0,1.0,0.9996555570728615,0.00019086213588209025,0.00015358079125644993,,data/raw/wave1_selection.json,b1272041db1364831db88d72b114cca8f67e70416c3ea4326f99e5d53e1ea677
1035,sigma_1775,0.5307455926418151,level1,none,1.0,1.0,0.9998881275727939,7.714438825099696e-05,3.4728038955080566e-05,,data/raw/wave1_selection.json,b1272041db1364831db88d72b114cca8f67e70416c3ea4326f99e5d53e1ea677
161,delta_1950,0.03548526509029403,level1,none,2.0,2.0,0.9996519886326194,0.0002590167201139238,8.899464726685784e-05,,data/raw/wave1_selection.json,b1272041db1364831db88d72b114cca8f67e70416c3ea4326f99e5d53e1ea677
837,lambda_c_2765,0.1780620058193794,level1,none,1.0,1.0,0.9993223908244947,6.0318811099409934e-05,0.0006172903644059112,policy_rejected,data/raw/wave1_selection.json,b1272041db1364831db88d72b114cca8f67e70416c3ea4326f99e5d53e1ea677
1591,lambda_c_2765,3.88731586142684,level1,none,1.0,1.0,0.9992182866247745,0.0006028995208779312,0.00017881385434765,,data/raw/wave1_selection.json,b1272041db1364831db88d72b114cca8f67e70416c3ea4326f99e5d53e1ea677
1057,lambda_c_2765,3.519122890108773,level1,none,2.0,2.0,0.9998113301787585,5.882867358533207e-05,0.00012984114765626133,policy_rejected,data/raw/wave1_selection.json,b1272041db1364831db88d72b114cca8f67e70416c3ea4326f99e5d53e1ea677
1515,lambda_c,0.7482775360861235,level1,none,1.0,1.0,0.9983586243790018,0.001564854827621594,7.65207933766071e-05,dof_grade_not_a,data/raw/wave1_selection.json,b1272041db1364831db88d72b114cca8f67e70416c3ea4326f99e5d53e1ea677
1117,omega_baryon,0.0854451745709685,level1,none,1.0,1.0,0.9996337137082842,0.0001604803240661937,0.00020580596764954194,policy_rejected,data/raw/wave1_selection.json,b1272041db1364831db88d72b114cca8f67e70416c3ea4326f99e5d53e1ea677
422,delta_1950,0.17387295872253986,level1,none,2.0,2.0,0.9996499755813844,0.00016722045363538258,0.0001828039649802831,,data/raw/wave1_selection.json,b1272041db1364831db88d72b114cca8f67e70416c3ea4326f99e5d53e1ea677
1914,sigma_1775,0.286551040781634,level1,none,1.0,1.0,0.9990334644227469,0.00022354655160336208,0.000742989025649733,,data/raw/wave1_selection.json,b1272041db1364831db88d72b114cca8f67e70416c3ea4326f99e5d53e1ea677
703,lambda_c_2765,0.16613365933866422,level1,none,1.0,1.0,0.9989939203547106,0.0008884442370065598,0.00011763540828281651,policy_rejected,data/raw/wave1_selection.json,b1272041db1364831db88d72b114cca8f67e70416c3ea4326f99e5d53e1ea677
998,delta_1920,0.09450682788732559,level1,none,2.0,2.0,0.9991969289923808,0.00020420404579625298,0.0005988669618230446,,data/raw/wave1_selection.json,b1272041db1364831db88d72b114cca8f67e70416c3ea4326f99e5d53e1ea677
322,lambda_c,0.6565946366702784,level1,none,1.0,1.0,0.9996330849349001,2.2398377108282157e-05,0.000344516687991431,,data/raw/wave1_selection.json,b1272041db1364831db88d72b114cca8f67e70416c3ea4326f99e5d53e1ea677
1821,delta_1900,0.25828221302862786,level1,none,1.0,1.0,0.9991271066442473,0.0001701028260442683,0.0007027905297083237,policy_rejected,data/raw/wave1_selection.json,b1272041db1364831db88d72b114cca8f67e70416c3ea4326f99e5d53e1ea677
1557,sigma_1775,0.36796630173445033,level1,none,1.0,1.0,0.999134405038775,0.00016780199490605652,0.0006977929663189338,,data/raw/wave1_selection.json,b1272041db1364831db88d72b114cca8f67e70416c3ea4326f99e5d53e1ea677
728,delta_1910,0.09745789905084408,level1,none,2.0,2.0,0.999631712594597,0.00023424174678926646,0.000134045658613898,dof_grade_not_a,data/raw/wave1_selection.json,b1272041db1364831db88d72b114cca8f67e70416c3ea4326f99e5d53e1ea677
788,delta_1900,0.039800683503320285,level1,none,1.0,1.0,0.9988961980968819,0.0008974693271775247,0.00020633257594067679,policy_rejected,data/raw/wave1_selection.json,b1272041db1364831db88d72b114cca8f67e70416c3ea4326f99e5d53e1ea677
133,delta_1910,0.07914126561717716,level1,latent,1.0,1.0,0.9968719524609398,0.00010883782086518281,0.00301920971819489,dof_grade_not_a,data/raw/wave1_selection.json,b1272041db1364831db88d72b114cca8f67e70416c3ea4326f99e5d53e1ea677
573,delta_1600,0.13024937319833743,level1,none,1.0,1.0,0.9989724493458235,0.00022841770338853838,0.0007991329507880048,policy_rejected,data/raw/wave1_selection.json,b1272041db1364831db88d72b114cca8f67e70416c3ea4326f99e5d53e1ea677
926,sigma_1775,0.08169920461002692,level1,none,1.0,1.0,0.9988926602576501,0.0006038009403341091,0.0005035388020157351,,data/raw/wave1_selection.json,b1272041db1364831db88d72b114cca8f67e70416c3ea4326f99e5d53e1ea677
228,nucleon_1720,0.12943380476415614,level1,none,1.0,1.0,0.9998572329434577,9.303537919260404e-05,4.973167734967241e-05,policy_rejected,data/raw/wave1_selection.json,b1272041db1364831db88d72b114cca8f67e70416c3ea4326f99e5d53e1ea677
1611,xi_c_2645,0.3271170281441402,level1,none,2.0,2.0,0.9991125457157175,0.00017743254799127128,0.000710021736291208,,data/raw/wave1_selection.json,b1272041db1364831db88d72b114cca8f67e70416c3ea4326f99e5d53e1ea677
1827,delta_1950,0.13255402154891963,level1,none,2.0,2.0,0.9993364059354999,1.849892840433571e-05,0.0006450951360957837,,data/raw/wave1_selection.json,b1272041db1364831db88d72b114cca8f67e70416c3ea4326f99e5d53e1ea677
74,lambda_c_2765,1.654141704958585,level1,none,1.0,1.0,0.99932990012043,6.037365844683672e-05,0.0006097262211230847,policy_rejected,data/raw/wave1_selection.json,b1272041db1364831db88d72b114cca8f67e70416c3ea4326f99e5d53e1ea677
914,delta_1950,0.05209179495816412,level1,none,2.0,2.0,0.9990267904270741,8.81069828625509e-05,0.0008851025900633758,,data/raw/wave1_selection.json,b1272041db1364831db88d72b114cca8f67e70416c3ea4326f99e5d53e1ea677
1358,delta_1930,0.17478435963039343,level1,none,1.0,1.0,0.9997005276142744,3.5442667177569915e-05,0.00026402971854796244,policy_rejected,data/raw/wave1_selection.json,b1272041db1364831db88d72b114cca8f67e70416c3ea4326f99e5d53e1ea677
1461,sigma_1775,0.5346238898458722,level1,none,2.0,2.0,0.9991445741555354,0.0006810748651913964,0.00017435097927303762,,data/raw/wave1_selection.json,b1272041db1364831db88d72b114cca8f67e70416c3ea4326f99e5d53e1ea677
1412,lambda_c_2860,0.06391911504323297,level1,none,1.0,1.0,0.9988767550581451,0.00032619445916180203,0.0007970504826930694,,data/raw/wave1_selection.json,b1272041db1364831db88d72b114cca8f67e70416c3ea4326f99e5d53e1ea677
73,delta_1930,0.22207003144824872,level1,none,2.0,2.0,0.9999308767234911,1.064712983281951e-05,5.847614667601746e-05,policy_rejected,data/raw/wave1_selection.json,b1272041db1364831db88d72b114cca8f67e70416c3ea4326f99e5d53e1ea677
721,sigma_1775,0.10019193299359593,level1,none,1.0,1.0,0.9992892465840294,0.0001420028894953399,0.0005687505264750718,,data/raw/wave1_selection.json,b1272041db1364831db88d72b114cca8f67e70416c3ea4326f99e5d53e1ea677
1377,delta_1920,0.06592833860179036,level1,none,1.0,1.0,0.9996722432748987,4.683209611875921e-05,0.0002809246289826674,,data/raw/wave1_selection.json,b1272041db1364831db88d72b114cca8f67e70416c3ea4326f99e5d53e1ea677
1597,lambda_c,2.724015336799241,level1,none,1.0,1.0,0.9976561422088842,0.001911815261392123,0.00043204252972369877,dof_grade_not_a;policy_rejected,data/raw/wave1_selection.json,b1272041db1364831db88d72b114cca8f67e70416c3ea4326f99e5d53e1ea677
1225,delta_1900,0.07324094211265164,level1,none,1.0,1.0,0.9999340402236411,2.0124693295307186e-05,4.583508306363858e-05,,data/raw/wave1_selection.json,b1272041db1364831db88d72b114cca8f67e70416c3ea4326f99e5d53e1ea677
1148,lambda_c,0.6065858761707074,level1,none,1.0,1.0,0.9997184413082528,0.00011257662906783435,0.00016898206267928174,,data/raw/wave1_selection.json,b1272041db1364831db88d72b114cca8f67e70416c3ea4326f99e5d53e1ea677
1019,delta_1900,0.14792372036793655,level1,none,2.0,2.0,0.9988724876901356,0.00018211666930985463,0.0009453956405548008,,data/raw/wave1_selection.json,b1272041db1364831db88d72b114cca8f67e70416c3ea4326f99e5d53e1ea677
1232,nucleon_1720,0.2037714661557105,level1,none,1.0,1.0,0.998575701871144,0.001362276224329611,6.202190452630892e-05,dof_grade_not_a;policy_rejected,data/raw/wave1_selection.json,b1272041db1364831db88d72b114cca8f67e70416c3ea4326f99e5d53e1ea677
905,lambda_c_2765,0.641850295581497,level1,none,1.0,1.0,0.9969377011844475,0.0026927518692583647,0.00036954694629412385,dof_grade_not_a;policy_rejected,data/raw/wave1_selection.json,b1272041db1364831db88d72b114cca8f67e70416c3ea4326f99e5d53e1ea677
14,lambda_c_2765,0.22781095212189112,level1,none,1.0,1.0,0.9985416670664834,0.0008049350509319145,0.0006533978825846353,dof_grade_not_a;policy_rejected,data/raw/wave1_selection.json,b1272041db1364831db88d72b114cca8f67e70416c3ea4326f99e5d53e1ea677
179,lambda_c,2.252670083866491,none,latent,1.0,1.0,6.38732095289711e-05,0.9740735694387332,0.025862557351737814,dof_grade_not_a,data/raw/wave1_selection.json,b1272041db1364831db88d72b114cca8f67e70416c3ea4326f99e5d53e1ea677
1318,lambda_c_2860,0.6956658417733725,level1,none,2.0,2.0,0.9997577081145358,4.395766794072391e-05,0.00019833421752337704,,data/raw/wave1_selection.json,b1272041db1364831db88d72b114cca8f67e70416c3ea4326f99e5d53e1ea677
1964,lambda_c,2.2191400630429974,level1,none,2.0,2.0,0.9993472890374989,0.0002697595119675903,0.00038295145053332535,,data/raw/wave1_selection.json,b1272041db1364831db88d72b114cca8f67e70416c3ea4326f99e5d53e1ea677
1548,delta_1600,0.001910414720598026,level1,none,2.0,2.0,0.9986337206299097,0.0007251112566260566,0.00064116811346425,dof_grade_not_a;policy_rejected,data/raw/wave1_selection.json,b1272041db1364831db88d72b114cca8f67e70416c3ea4326f99e5d53e1ea677
819,delta_1950,0.21832156823356846,level1,none,2.0,2.0,0.9998372100606401,4.4023433096315005e-05,0.00011876650626355481,,data/raw/wave1_selection.json,b1272041db1364831db88d72b114cca8f67e70416c3ea4326f99e5d53e1ea677
927,delta_1930,0.16222050444448685,level1,none,1.0,1.0,0.9992760912200735,8.75342502607665e-05,0.0006363745296657214,policy_rejected,data/raw/wave1_selection.json,b1272041db1364831db88d72b114cca8f67e70416c3ea4326f99e5d53e1ea677
1955,delta_1600,0.14554765836301534,level1,none,1.0,1.0,0.9994622753503108,0.0003868227703002438,0.00015090187938889403,policy_rejected,data/raw/wave1_selection.json,b1272041db1364831db88d72b114cca8f67e70416c3ea4326f99e5d53e1ea677
94,lambda_c,1.116682382665886,level1,none,1.0,1.0,0.9991892449819703,0.0004781103161263238,0.00033264470190334745,,data/raw/wave1_selection.json,b1272041db1364831db88d72b114cca8f67e70416c3ea4326f99e5d53e1ea677
1994,delta_1950,0.22424805471503959,level1,none,1.0,1.0,0.9986221306955807,0.0011887552339811178,0.00018911407043831384,dof_grade_not_a;policy_rejected,data/raw/wave1_selection.json,b1272041db1364831db88d72b114cca8f67e70416c3ea4326f99e5d53e1ea677
901,lambda_c_2765,0.4686043012139592,level1,none,3.0,3.0,0.9998173620703954,0.00011173958749209135,7.089834211262225e-05,policy_rejected,data/raw/wave1_selection.json,b1272041db1364831db88d72b114cca8f67e70416c3ea4326f99e5d53e1ea677
203,lambda_c,3.4816632424168406,none,latent,1.0,1.0,9.137731236664243e-05,0.9978294233527847,0.0020791993348488838,dof_grade_not_a,data/raw/wave1_selection.json,b1272041db1364831db88d72b114cca8f67e70416c3ea4326f99e5d53e1ea677
1725,delta_1920,0.023356517166087654,level1,none,2.0,2.0,0.9990323103167921,0.00015375389520675464,0.0008139357880013387,,data/raw/wave1_selection.json,b1272041db1364831db88d72b114cca8f67e70416c3ea4326f99e5d53e1ea677
1421,delta_1920,0.020777247230572265,level1,none,1.0,1.0,0.9994309913156442,9.356549173901688e-06,0.0005596521351819193,,data/raw/wave1_selection.json,b1272041db1364831db88d72b114cca8f67e70416c3ea4326f99e5d53e1ea677
1072,lambda_c,0.6996130880193436,none,none,1.0,1.0,1.825390518878958e-05,0.999450248087146,0.0005314980076652436,dof_grade_not_a,data/raw/wave1_selection.json,b1272041db1364831db88d72b114cca8f67e70416c3ea4326f99e5d53e1ea677
610,omega_baryon,0.3817193213411292,level1,none,1.0,1.0,0.9991706980072127,0.0005455258247777368,0.00028377616800973396,policy_rejected,data/raw/wave1_selection.json,b1272041db1364831db88d72b114cca8f67e70416c3ea4326f99e5d53e1ea677
635,sigma_1775,0.3950669428310954,level1,none,1.0,1.0,0.9995375638008377,0.0002855477355102111,0.00017688846365215925,,data/raw/wave1_selection.json,b1272041db1364831db88d72b114cca8f67e70416c3ea4326f99e5d53e1ea677
1202,lambda_c,2.9450448332477475,level1,none,1.0,1.0,0.9987849402752179,0.0002437440369298541,0.0009713156878523212,dof_grade_not_a,data/raw/wave1_selection.json,b1272041db1364831db88d72b114cca8f67e70416c3ea4326f99e5d53e1ea677
1658,delta_1920,0.03411418264714572,level1,none,3.0,3.0,0.9991052227062421,0.0004249745819354989,0.00046980271182254385,,data/raw/wave1_selection.json,b1272041db1364831db88d72b114cca8f67e70416c3ea4326f99e5d53e1ea677
1723,lambda_c_2765,0.2268644165313549,level1,none,2.0,2.0,0.9995266921665592,0.00010793909204749056,0.000365368741393167,policy_rejected,data/raw/wave1_selection.json,b1272041db1364831db88d72b114cca8f67e70416c3ea4326f99e5d53e1ea677
806,delta_1600,0.08377402290817307,level1,none,1.0,1.0,0.9989271074677172,0.00025409676650019663,0.0008187957657827197,policy_rejected,data/raw/wave1_selection.json,b1272041db1364831db88d72b114cca8f67e70416c3ea4326f99e5d53e1ea677
3,delta_1950,0.07210438555791272,level1,none,2.0,2.0,0.9990946489639224,0.00035600317259440895,0.0005493478634830076,,data/raw/wave1_selection.json,b1272041db1364831db88d72b114cca8f67e70416c3ea4326f99e5d53e1ea677
1476,lambda_c,2.6500930729953502,level1,none,2.0,2.0,0.999884195223013,4.380961799065989e-05,7.199515899632392e-05,,data/raw/wave1_selection.json,b1272041db1364831db88d72b114cca8f67e70416c3ea4326f99e5d53e1ea677
1227,delta_1600,0.6006843409287718,level1,none,1.0,1.0,0.9995560215723979,8.489088960889518e-05,0.0003590875379931193,policy_rejected,data/raw/wave1_selection.json,b1272041db1364831db88d72b114cca8f67e70416c3ea4326f99e5d53e1ea677
1282,lambda_c_2765,3.533813569761862,level1,none,1.0,1.0,0.9993712182212737,9.733438367325515e-05,0.0005314473950527981,policy_rejected,data/raw/wave1_selection.json,b1272041db1364831db88d72b114cca8f67e70416c3ea4326f99e5d53e1ea677
1366,sigma_1775,0.3482045727265146,level1,none,1.0,1.0,0.9997274443561791,0.00020761907917866756,6.493656464239858e-05,,data/raw/wave1_selection.json,b1272041db1364831db88d72b114cca8f67e70416c3ea4326f99e5d53e1ea677
1746,delta_1950,0.04623277707534382,level1,none,1.0,1.0,0.9997076626873137,3.7646478881176757e-05,0.00025469083380502585,,data/raw/wave1_selection.json,b1272041db1364831db88d72b114cca8f67e70416c3ea4326f99e5d53e1ea677
287,delta_1600,0.038117922412547765,level1,none,1.0,1.0,0.9987180997815973,0.0012440735276076605,3.7826690795052976e-05,policy_rejected,data/raw/wave1_selection.json,b1272041db1364831db88d72b114cca8f67e70416c3ea4326f99e5d53e1ea677
280,delta_1950,0.06210160795796602,level1,none,1.0,1.0,0.9994139450030047,4.9064446895410526e-05,0.0005369905500998422,,data/raw/wave1_selection.json,b1272041db1364831db88d72b114cca8f67e70416c3ea4326f99e5d53e1ea677
1694,delta_1700,0.1021323230159353,level1,none,1.0,1.0,0.9995349781274929,0.00020323068788022714,0.0002617911846269999,,data/raw/wave1_selection.json,b1272041db1364831db88d72b114cca8f67e70416c3ea4326f99e5d53e1ea677
917,lambda_c_2765,0.4205812753941858,level1,none,1.0,1.0,0.999872341097673,8.73941629284041e-05,4.026473939856713e-05,policy_rejected,data/raw/wave1_selection.json,b1272041db1364831db88d72b114cca8f67e70416c3ea4326f99e5d53e1ea677
959,lambda_c_2765,3.930890586991095,level1,none,2.0,2.0,0.9998972670522748,6.025325088624081e-05,4.247969683903958e-05,policy_rejected,data/raw/wave1_selection.json,b1272041db1364831db88d72b114cca8f67e70416c3ea4326f99e5d53e1ea677
904,delta_1950,0.2109412053811755,level1,none,2.0,2.0,0.9995023930148226,0.00026454243806667385,0.00023306454711070974,,data/raw/wave1_selection.json,b1272041db1364831db88d72b114cca8f67e70416c3ea4326f99e5d53e1ea677
191,sigma_1775,0.752342736255237,level1,none,1.0,1.0,0.9993206014755048,0.00019411070786349508,0.00048528781663186265,,data/raw/wave1_selection.json,b1272041db1364831db88d72b114cca8f67e70416c3ea4326f99e5d53e1ea677
1265,delta_1930,0.0044951873876235325,level1,none,2.0,2.0,0.9993055970923403,0.00013683703628256997,0.0005575658713769885,policy_rejected,data/raw/wave1_selection.json,b1272041db1364831db88d72b114cca8f67e70416c3ea4326f99e5d53e1ea677
257,xi_c_prime_2575,1.0413390546652923,level1,latent,1.0,1.0,0.9970272843394662,0.0005267835891142238,0.0024459320714194654,dof_grade_not_a,data/raw/wave1_selection.json,b1272041db1364831db88d72b114cca8f67e70416c3ea4326f99e5d53e1ea677
1843,sigma_1775,1.2538963198701256,level1,none,1.0,1.0,0.9992801833609439,0.00018895729035708767,0.0005308593486989638,,data/raw/wave1_selection.json,b1272041db1364831db88d72b114cca8f67e70416c3ea4326f99e5d53e1ea677
1637,nucleon_1720,0.41558615961034456,level1,none,1.0,1.0,0.9994995580208209,9.197838909696509e-05,0.00040846359008212045,policy_rejected,data/raw/wave1_selection.json,b1272041db1364831db88d72b114cca8f67e70416c3ea4326f99e5d53e1ea677
690,lambda_c,1.7124491113775433,level1,none,1.0,1.0,0.9996107985035404,0.00013437408349776115,0.0002548274129618527,,data/raw/wave1_selection.json,b1272041db1364831db88d72b114cca8f67e70416c3ea4326f99e5d53e1ea677
1957,xi_c_plus,1.5753736612188443,level1,latent,1.0,1.0,0.9987312388830242,7.897693252790473e-05,0.0011897841844478703,dof_grade_not_a,data/raw/wave1_selection.json,b1272041db1364831db88d72b114cca8f67e70416c3ea4326f99e5d53e1ea677
1085,lambda_c,1.70962098601894,level1,none,1.0,1.0,0.9995142559350395,8.063784234970417e-05,0.0004051062226107087,,data/raw/wave1_selection.json,b1272041db1364831db88d72b114cca8f67e70416c3ea4326f99e5d53e1ea677
135,lambda_c_2765,0.11210537727894435,level1,none,1.0,1.0,0.9994684055433726,0.0005107577836048742,2.0836673022683447e-05,policy_rejected,data/raw/wave1_selection.json,b1272041db1364831db88d72b114cca8f67e70416c3ea4326f99e5d53e1ea677
741,delta_1600,0.44500485976663456,level1,none,2.0,2.0,0.9998344678702151,5.309442392601667e-05,0.00011243770585885691,policy_rejected,data/raw/wave1_selection.json,b1272041db1364831db88d72b114cca8f67e70416c3ea4326f99e5d53e1ea677
27,delta_1900,0.061194315646763156,level1,none,1.0,1.0,0.9994666273345474,0.0003689252824848562,0.00016444738296750736,policy_rejected,data/raw/wave1_selection.json,b1272041db1364831db88d72b114cca8f67e70416c3ea4326f99e5d53e1ea677
892,delta_1950,0.009667558206648278,level1,none,2.0,2.0,0.9997846039854218,2.4855596828291495e-05,0.00019054041774969327,dof_grade_not_a,data/raw/wave1_selection.json,b1272041db1364831db88d72b114cca8f67e70416c3ea4326f99e5d53e1ea677
1329,delta_1900,0.16510715441488033,level1,none,3.0,3.0,0.9992921952631965,0.00020683411891414611,0.0005009706178895133,,data/raw/wave1_selection.json,b1272041db1364831db88d72b114cca8f67e70416c3ea4326f99e5d53e1ea677
172,sigma_1775,0.9363509287883085,level1,none,1.0,1.0,0.9986171484454427,0.0012881842830082192,9.466727154914604e-05,dof_grade_not_a,data/raw/wave1_selection.json,b1272041db1364831db88d72b114cca8f67e70416c3ea4326f99e5d53e1ea677
1772,delta_1600,0.5203106685979291,level1,none,1.0,1.0,0.9992364368709826,0.00031111256715612897,0.00045245056186136957,policy_rejected,data/raw/wave1_selection.json,b1272041db1364831db88d72b114cca8f67e70416c3ea4326f99e5d53e1ea677
983,lambda_c,3.478710579564485,level1,none,1.0,1.0,0.9987470955747412,0.0009223624264083258,0.0003305419988506075,dof_grade_not_a,data/raw/wave1_selection.json,b1272041db1364831db88d72b114cca8f67e70416c3ea4326f99e5d53e1ea677
1740,lambda_c_2765,1.6439199144608025,level1,none,1.0,1.0,0.9995539732181566,0.0001596933059277986,0.00028633347591560044,policy_rejected,data/raw/wave1_selection.json,b1272041db1364831db88d72b114cca8f67e70416c3ea4326f99e5d53e1ea677
1505,delta_1950,0.14237227175255235,level1,none,2.0,2.0,0.999657982312737,0.0002636399978989849,7.837768936404851e-05,dof_grade_not_a,data/raw/wave1_selection.json,b1272041db1364831db88d72b114cca8f67e70416c3ea4326f99e5d53e1ea677
1350,delta_1900,1.386480377891991,level1,none,1.0,1.0,0.9995420617942395,0.0002682323733389713,0.0001897058324216531,policy_rejected,data/raw/wave1_selection.json,b1272041db1364831db88d72b114cca8f67e70416c3ea4326f99e5d53e1ea677
1894,delta_1600,0.13818091774546068,level1,none,1.0,1.0,0.9994838046211859,0.00044855380217704443,6.764157663702666e-05,policy_rejected,data/raw/wave1_selection.json,b1272041db1364831db88d72b114cca8f67e70416c3ea4326f99e5d53e1ea677
1761,lambda_c,3.1032249983387388,level1,none,1.0,1.0,0.9997709389849964,4.8842518469169464e-05,0.00018021849653441209,,data/raw/wave1_selection.json,b1272041db1364831db88d72b114cca8f67e70416c3ea4326f99e5d53e1ea677
572,lambda_c,2.5184694375765204,level1,none,2.0,2.0,0.9995552220498991,0.0002825474377854014,0.00016223051231560546,,data/raw/wave1_selection.json,b1272041db1364831db88d72b114cca8f67e70416c3ea4326f99e5d53e1ea677
113,lambda_c_2860,0.6758677141652784,level1,none,1.0,1.0,0.9998669928066313,5.020968954842533e-05,8.279750382035395e-05,,data/raw/wave1_selection.json,b1272041db1364831db88d72b114cca8f67e70416c3ea4326f99e5d53e1ea677
130,delta_1930,0.1284700232882488,level1,none,3.0,3.0,0.9997822009102442,0.0001130790536483959,0.00010472003610741372,policy_rejected,data/raw/wave1_selection.json,b1272041db1364831db88d72b114cca8f67e70416c3ea4326f99e5d53e1ea677
230,delta_1910,0.005643933087120456,none,none,1.0,1.0,3.420489610807176e-05,0.9992329752136472,0.0007328198902447697,dof_grade_not_a,data/raw/wave1_selection.json,b1272041db1364831db88d72b114cca8f67e70416c3ea4326f99e5d53e1ea677
405,delta_1910,0.02913490641729875,level1,none,2.0,2.0,0.9998806423161934,5.2061871066391294e-05,6.729581274043471e-05,,data/raw/wave1_selection.json,b1272041db1364831db88d72b114cca8f67e70416c3ea4326f99e5d53e1ea677
1544,lambda_c,0.7954323437283771,level1,none,1.0,1.0,0.9987424702596396,0.0006528458689860041,0.000604683871374517,dof_grade_not_a,data/raw/wave1_selection.json,b1272041db1364831db88d72b114cca8f67e70416c3ea4326f99e5d53e1ea677
1959,sigma_1775,0.3364933961168805,level1,none,1.0,1.0,0.9998462748105408,9.937657661642687e-05,5.43486128428572e-05,,data/raw/wave1_selection.json,b1272041db1364831db88d72b114cca8f67e70416c3ea4326f99e5d53e1ea677
765,lambda_c_2595,0.26698590550238804,level1,none,1.0,1.0,0.9994477143789186,0.00011834003350803427,0.00043394558757342837,policy_rejected,data/raw/wave1_selection.json,b1272041db1364831db88d72b114cca8f67e70416c3ea4326f99e5d53e1ea677
1776,delta_1600,0.12142534692383113,level1,none,1.0,1.0,0.9995193821765423,0.0002646527451838886,0.0002159650782737064,policy_rejected,data/raw/wave1_selection.json,b1272041db1364831db88d72b114cca8f67e70416c3ea4326f99e5d53e1ea677
273,sigma_1775,0.15744180008527225,level1,none,1.0,1.0,0.9988870260927459,0.0008854146704586831,0.00022755923679539572,,data/raw/wave1_selection.json,b1272041db1364831db88d72b114cca8f67e70416c3ea4326f99e5d53e1ea677
1339,delta_1950,0.18783916244321572,level1,none,2.0,2.0,0.9995623543676744,0.00026646813601181705,0.00017117749631384322,,data/raw/wave1_selection.json,b1272041db1364831db88d72b114cca8f67e70416c3ea4326f99e5d53e1ea677
1465,delta_1600,0.42446112357026045,none,latent,1.0,1.0,0.0001486498265107622,0.9984974983139508,0.001353851859538545,dof_grade_not_a;policy_rejected,data/raw/wave1_selection.json,b1272041db1364831db88d72b114cca8f67e70416c3ea4326f99e5d53e1ea677
1635,lambda_c,3.0690288475485477,level1,none,1.0,1.0,0.9978433761760787,0.0020850926670642925,7.153115685698766e-05,dof_grade_not_a;policy_rejected,data/raw/wave1_selection.json,b1272041db1364831db88d72b114cca8f67e70416c3ea4326f99e5d53e1ea677
1783,delta_1930,0.12738047131548777,none,none,1.0,1.0,0.0012758917097863314,0.9985137835195232,0.0002103247706902835,dof_grade_not_a;policy_rejected,data/raw/wave1_selection.json,b1272041db1364831db88d72b114cca8f67e70416c3ea4326f99e5d53e1ea677
151,lambda_c,0.9799372385031482,level1,none,1.0,1.0,0.9993119370947525,0.0001557513423721844,0.0005323115628751867,,data/raw/wave1_selection.json,b1272041db1364831db88d72b114cca8f67e70416c3ea4326f99e5d53e1ea677
952,delta_1950,0.20123523257529233,level1,none,2.0,2.0,0.9997633545632927,0.00015263718406391765,8.400825264339106e-05,,data/raw/wave1_selection.json,b1272041db1364831db88d72b114cca8f67e70416c3ea4326f99e5d53e1ea677
736,lambda_c_2765,3.437639286123606,level1,none,1.0,1.0,0.9994458709089161,8.071788317386266e-05,0.0004734112079100879,policy_rejected,data/raw/wave1_selection.json,b1272041db1364831db88d72b114cca8f67e70416c3ea4326f99e5d53e1ea677
132,delta_1920,0.02054886123628117,level1,none,2.0,2.0,0.9990246717183849,0.0007168130348978414,0.0002585152467171714,,data/raw/wave1_selection.json,b1272041db1364831db88d72b114cca8f67e70416c3ea4326f99e5d53e1ea677
654,delta_1900,0.07010241833162559,level1,none,1.0,1.0,0.9997966613319886,2.811144429500079e-05,0.00017522722371612342,,data/raw/wave1_selection.json,b1272041db1364831db88d72b114cca8f67e70416c3ea4326f99e5d53e1ea677
1287,delta_1600,0.5909397586604025,level1,none,1.0,1.0,0.9997450547682111,0.00012927311484798402,0.0001256721169408324,policy_rejected,data/raw/wave1_selection.json,b1272041db1364831db88d72b114cca8f67e70416c3ea4326f99e5d53e1ea677
239,lambda_c,1.1786527885673663,level1,none,2.0,2.0,0.9996416706890385,0.00021667846124133223,0.00014165084972012768,,data/raw/wave1_selection.json,b1272041db1364831db88d72b114cca8f67e70416c3ea4326f99e5d53e1ea677
1363,lambda_c,1.1973646991317508,level1,none,1.0,1.0,0.9997760679291907,0.00020090267335494684,2.3029397454372178e-05,,data/raw/wave1_selection.json,b1272041db1364831db88d72b114cca8f67e70416c3ea4326f99e5d53e1ea677
1986,delta_1910,0.03493678670126377,level1,none,1.0,1.0,0.9994492539536296,0.0004847928536141374,6.595319275630766e-05,policy_rejected,data/raw/wave1_selection.json,b1272041db1364831db88d72b114cca8f67e70416c3ea4326f99e5d53e1ea677
355,lambda_c_2765,3.502895191971046,level1,none,1.0,1.0,0.9990554190466358,0.00033686324038054074,0.0006077177129836342,policy_rejected,data/raw/wave1_selection.json,b1272041db1364831db88d72b114cca8f67e70416c3ea4326f99e5d53e1ea677
1962,omega_baryon,0.16360991795527904,none,none,1.0,1.0,0.0006044884792637483,0.9991868961211525,0.00020861539958358407,dof_grade_not_a;policy_rejected,data/raw/wave1_selection.json,b1272041db1364831db88d72b114cca8f67e70416c3ea4326f99e5d53e1ea677
414,delta_1950,0.17764955904700624,level1,none,2.0,2.0,0.9994842028225243,0.00010922393298867366,0.00040657324448693723,,data/raw/wave1_selection.json,b1272041db1364831db88d72b114cca8f67e70416c3ea4326f99e5d53e1ea677
844,lambda_c,2.5959044217047844,level1,none,1.0,1.0,0.9984093849873042,0.0014076826193135114,0.00018293239338227341,dof_grade_not_a,data/raw/wave1_selection.json,b1272041db1364831db88d72b114cca8f67e70416c3ea4326f99e5d53e1ea677
1861,lambda_c,1.6822063958896727,level1,latent,3.0,3.0,0.9977619458362508,0.0004904757083002759,0.001747578455448983,dof_grade_not_a,data/raw/wave1_selection.json,b1272041db1364831db88d72b114cca8f67e70416c3ea4326f99e5d53e1ea677
85,lambda_c_2765,0.8059446926405517,level1,none,1.0,1.0,0.9988780757171849,0.000160688761702649,0.0009612355211125414,policy_rejected,data/raw/wave1_selection.json,b1272041db1364831db88d72b114cca8f67e70416c3ea4326f99e5d53e1ea677
1249,sigma_1775,1.0148042075065267,level1,none,1.0,1.0,0.9997368230311402,0.00023689874035999958,2.6278228499684755e-05,,data/raw/wave1_selection.json,b1272041db1364831db88d72b114cca8f67e70416c3ea4326f99e5d53e1ea677
487,lambda_c_2765,3.983581287364186,level1,none,1.0,1.0,0.9991115949661254,0.0001640620485882455,0.0007243429852861984,policy_rejected,data/raw/wave1_selection.json,b1272041db1364831db88d72b114cca8f67e70416c3ea4326f99e5d53e1ea677
548,lambda_c_2765,0.9849479224505207,level1,none,1.0,1.0,0.999299694315668,0.0005360096219923353,0.0001642960623397009,policy_rejected,data/raw/wave1_selection.json,b1272041db1364831db88d72b114cca8f67e70416c3ea4326f99e5d53e1ea677
638,delta_1910,0.0465251814694954,level1,none,2.0,2.0,0.9997668831703271,0.00014858562686257133,8.453120281050286e-05,,data/raw/wave1_selection.json,b1272041db1364831db88d72b114cca8f67e70416c3ea4326f99e5d53e1ea677
1999,xi_c_2645,0.488952251552375,level1,none,1.0,1.0,0.9989342751871276,0.0005708007684047845,0.0004949240444675688,,data/raw/wave1_selection.json,b1272041db1364831db88d72b114cca8f67e70416c3ea4326f99e5d53e1ea677
367,delta_1930,0.21280259592993572,level1,none,2.0,2.0,0.9996203299528791,8.526361365059518e-05,0.00029440643347019896,policy_rejected,data/raw/wave1_selection.json,b1272041db1364831db88d72b114cca8f67e70416c3ea4326f99e5d53e1ea677
625,delta_1920,0.08685696807858018,level1,none,2.0,2.0,0.9993935508611128,0.0003710068504444436,0.00023544228844283457,,data/raw/wave1_selection.json,b1272041db1364831db88d72b114cca8f67e70416c3ea4326f99e5d53e1ea677
325,lambda_c,2.312278241386096,level1,none,1.0,1.0,0.9979316808000865,0.002062068321373063,6.250878540359347e-06,dof_grade_not_a;policy_rejected,data/raw/wave1_selection.json,b1272041db1364831db88d72b114cca8f67e70416c3ea4326f99e5d53e1ea677
1301,delta_1900,0.09232932196117724,level1,none,2.0,2.0,0.9998373788663698,3.559575029759644e-05,0.00012702538333262425,,data/raw/wave1_selection.json,b1272041db1364831db88d72b114cca8f67e70416c3ea4326f99e5d53e1ea677
1727,delta_1900,0.13490523975157714,none,none,1.0,1.0,0.0019759065928378738,0.9974755199889956,0.000548573418166622,dof_grade_not_a,data/raw/wave1_selection.json,b1272041db1364831db88d72b114cca8f67e70416c3ea4326f99e5d53e1ea677
251,lambda_c_2860,0.23956795161728428,level1,none,1.0,1.0,0.9997325151950128,0.00011110461708196276,0.00015638018790519823,,data/raw/wave1_selection.json,b1272041db1364831db88d72b114cca8f67e70416c3ea4326f99e5d53e1ea677
714,lambda_c_2765,3.4165171559348297,level1,none,2.0,2.0,0.9995700723060538,0.00012446345734098968,0.00030546423660540603,policy_rejected,data/raw/wave1_selection.json,b1272041db1364831db88d72b114cca8f67e70416c3ea4326f99e5d53e1ea677
237,lambda_c_2765,0.12399065766009292,level1,none,1.0,1.0,0.9995139823780309,0.00011225304135740037,0.0003737645806116208,policy_rejected,data/raw/wave1_selection.json,b1272041db1364831db88d72b114cca8f67e70416c3ea4326f99e5d53e1ea677
305,delta_1930,0.16263591093410562,level1,none,2.0,2.0,0.9991738061242633,0.0001520756862451175,0.0006741181894917372,policy_rejected,data/raw/wave1_selection.json,b1272041db1364831db88d72b114cca8f67e70416c3ea4326f99e5d53e1ea677
726,lambda_c,1.070131881493413,level1,none,1.0,1.0,0.9996128139898018,0.0002027826607307755,0.0001844033494673692,,data/raw/wave1_selection.json,b1272041db1364831db88d72b114cca8f67e70416c3ea4326f99e5d53e1ea677
1448,delta_1600,0.08365249630898226,level1,none,1.0,1.0,0.9995758545273844,0.00031607994219041323,0.00010806553042509973,policy_rejected,data/raw/wave1_selection.json,b1272041db1364831db88d72b114cca8f67e70416c3ea4326f99e5d53e1ea677
514,nucleon_1720,0.12956541926086432,level1,none,1.0,1.0,0.9985746310728867,0.0006226084247730791,0.0008027605023403252,dof_grade_not_a;policy_rejected,data/raw/wave1_selection.json,b1272041db1364831db88d72b114cca8f67e70416c3ea4326f99e5d53e1ea677
1061,delta_1950,0.15524752309504702,level1,none,2.0,2.0,0.9997363836788248,6.75779070245995e-05,0.00019603841415067087,,data/raw/wave1_selection.json,b1272041db1364831db88d72b114cca8f67e70416c3ea4326f99e5d53e1ea677
1052,lambda_c,3.87819826359008,level1,none,1.0,1.0,0.9999347525918355,3.927302829517305e-05,2.5974379869249763e-05,,data/raw/wave1_selection.json,b1272041db1364831db88d72b114cca8f67e70416c3ea4326f99e5d53e1ea677
235,lambda_c_2860,0.14719644171215548,level1,none,1.0,1.0,0.9995512931782033,6.833073124083952e-05,0.0003803760905557405,,data/raw/wave1_selection.json,b1272041db1364831db88d72b114cca8f67e70416c3ea4326f99e5d53e1ea677
1306,delta_1950,0.15508605629827918,level1,none,2.0,2.0,0.999849330081889,5.894934711225323e-05,9.172057099848975e-05,,data/raw/wave1_selection.json,b1272041db1364831db88d72b114cca8f67e70416c3ea4326f99e5d53e1ea677
867,lambda_c_2595,0.21986882835518626,level1,none,1.0,1.0,0.9994270985762642,7.036163294791886e-05,0.0005025397907880143,policy_rejected,data/raw/wave1_selection.json,b1272041db1364831db88d72b114cca8f67e70416c3ea4326f99e5d53e1ea677
673,lambda_c_2765,3.8801963326980387,level1,latent,1.0,1.0,0.9976232546140472,0.0006799024445647739,0.0016968429413879937,dof_grade_not_a;policy_rejected,data/raw/wave1_selection.json,b1272041db1364831db88d72b114cca8f67e70416c3ea4326f99e5d53e1ea677
1147,lambda_c_2765,0.24928759450712262,level1,none,2.0,2.0,0.9995714793924504,0.0001944682141030136,0.0002340523934464741,policy_rejected,data/raw/wave1_selection.json,b1272041db1364831db88d72b114cca8f67e70416c3ea4326f99e5d53e1ea677
1816,delta_1950,0.04479692130406044,level1,none,2.0,2.0,0.9998746779146374,3.791825175959183e-05,8.740383360294823e-05,,data/raw/wave1_selection.json,b1272041db1364831db88d72b114cca8f67e70416c3ea4326f99e5d53e1ea677
1183,delta_1600,0.30033112353112695,level1,none,1.0,1.0,0.999505687922935,0.0003135478487774933,0.000180764228287386,policy_rejected,data/raw/wave1_selection.json,b1272041db1364831db88d72b114cca8f67e70416c3ea4326f99e5d53e1ea677
350,lambda_c_2765,0.9144471871555292,level1,none,1.0,1.0,0.9994161185379674,3.2172639424431734e-05,0.0005517088226082341,policy_rejected,data/raw/wave1_selection.json,b1272041db1364831db88d72b114cca8f67e70416c3ea4326f99e5d53e1ea677
583,delta_1950,0.019209433015811704,level1,none,2.0,2.0,0.998995294456644,0.0009137814463125955,9.092409704327459e-05,,data/raw/wave1_selection.json,b1272041db1364831db88d72b114cca8f67e70416c3ea4326f99e5d53e1ea677
911,delta_1950,0.08792217404155579,level1,none,1.0,1.0,0.9998140014714777,1.4684710239730843e-05,0.00017131381828269568,,data/raw/wave1_selection.json,b1272041db1364831db88d72b114cca8f67e70416c3ea4326f99e5d53e1ea677
1425,delta_1910,0.0530954351380882,level1,none,2.0,2.0,0.999201820188285,0.00018421787844536663,0.0006139619332695207,,data/raw/wave1_selection.json,b1272041db1364831db88d72b114cca8f67e70416c3ea4326f99e5d53e1ea677
1247,delta_1910,0.07969335720613657,level1,none,2.0,2.0,0.9989327838106367,0.0001900320889830044,0.0008771841003803988,,data/raw/wave1_selection.json,b1272041db1364831db88d72b114cca8f67e70416c3ea4326f99e5d53e1ea677
1,delta_1600,0.4876039064159746,level1,none,2.0,2.0,0.9993918692610073,0.00035713678605853627,0.000250993952934142,policy_rejected,data/raw/wave1_selection.json,b1272041db1364831db88d72b114cca8f67e70416c3ea4326f99e5d53e1ea677
1666,delta_1900,0.05029779432837213,none,none,1.0,1.0,4.991309637614996e-05,0.9997718306673676,0.00017825623625607735,dof_grade_not_a,data/raw/wave1_selection.json,b1272041db1364831db88d72b114cca8f67e70416c3ea4326f99e5d53e1ea677
729,lambda_c_2765,0.12557637454423684,level1,none,1.0,1.0,0.999063559972599,0.00027683024110762024,0.0006596097862935195,policy_rejected,data/raw/wave1_selection.json,b1272041db1364831db88d72b114cca8f67e70416c3ea4326f99e5d53e1ea677
1691,lambda_c_2765,0.9259784587402148,level1,none,1.0,1.0,0.9997480921233081,0.00018182201767231158,7.008585901952053e-05,policy_rejected,data/raw/wave1_selection.json,b1272041db1364831db88d72b114cca8f67e70416c3ea4326f99e5d53e1ea677
1302,lambda_c_2765,1.540435724495644,level1,none,1.0,1.0,0.999579712605059,6.31586106500422e-05,0.00035712878429084555,policy_rejected,data/raw/wave1_selection.json,b1272041db1364831db88d72b114cca8f67e70416c3ea4326f99e5d53e1ea677
1809,lambda_c,0.5445694797715183,level1,none,1.0,1.0,0.9989825760846724,0.00020849548223918828,0.0008089284330883357,,data/raw/wave1_selection.json,b1272041db1364831db88d72b114cca8f67e70416c3ea4326f99e5d53e1ea677
393,lambda_c,3.5654864567256808,level1,none,1.0,1.0,0.9993145295778597,0.00011631632585435422,0.0005691540962858739,,data/raw/wave1_selection.json,b1272041db1364831db88d72b114cca8f67e70416c3ea4326f99e5d53e1ea677
604,lambda_c_2765,3.5311938805880603,level1,none,1.0,1.0,0.9990404186662887,0.00010548388245867217,0.0008540974512526115,policy_rejected,data/raw/wave1_selection.json,b1272041db1364831db88d72b114cca8f67e70416c3ea4326f99e5d53e1ea677
451,delta_1950,0.06268612794627772,level1,none,2.0,2.0,0.9998976383436403,2.473017213324458e-05,7.763148422636298e-05,,data/raw/wave1_selection.json,b1272041db1364831db88d72b114cca8f67e70416c3ea4326f99e5d53e1ea677
771,xi_c_plus,2.700736934105259,level1,none,1.0,1.0,0.999593002525175,8.630903643694122e-05,0.00032068843838799855,,data/raw/wave1_selection.json,b1272041db1364831db88d72b114cca8f67e70416c3ea4326f99e5d53e1ea677
985,delta_1930,0.0043080013922974034,none,latent,1.0,1.0,0.0005474843355821587,0.9978486765864109,0.0016038390780070558,dof_grade_not_a,data/raw/wave1_selection.json,b1272041db1364831db88d72b114cca8f67e70416c3ea4326f99e5d53e1ea677
221,delta_1910,0.015790652884187666,level1,none,3.0,3.0,0.999430247553518,0.00027182687658828885,0.00029792556989396166,dof_grade_not_a,data/raw/wave1_selection.json,b1272041db1364831db88d72b114cca8f67e70416c3ea4326f99e5d53e1ea677
475,delta_1910,0.056585255268298454,none,none,1.0,1.0,0.0002786398376340357,0.9990672947266787,0.0006540654356873068,dof_grade_not_a,data/raw/wave1_selection.json,b1272041db1364831db88d72b114cca8f67e70416c3ea4326f99e5d53e1ea677
32,xi_c_plus,2.0949430320880764,level1,none,1.0,1.0,0.9997825490683745,0.0001020115052100095,0.00011543942641543102,,data/raw/wave1_selection.json,b1272041db1364831db88d72b114cca8f67e70416c3ea4326f99e5d53e1ea677
1458,lambda_c_2765,0.28301368416986533,level1,none,1.0,1.0,0.9974391352144775,0.0020174240292640095,0.0005434407562585003,dof_grade_not_a;policy_rejected,data/raw/wave1_selection.json,b1272041db1364831db88d72b114cca8f67e70416c3ea4326f99e5d53e1ea677
1373,nucleon_1720,0.017925552801858962,level1,none,2.0,2.0,0.999811147951406,9.13443684322683e-05,9.750768016177467e-05,policy_rejected,data/raw/wave1_selection.json,b1272041db1364831db88d72b114cca8f67e70416c3ea4326f99e5d53e1ea677
1236,delta_1700,0.029987136609755324,level1,none,1.0,1.0,0.9996489826971069,0.00016247555044423837,0.00018854175244873044,,data/raw/wave1_selection.json,b1272041db1364831db88d72b114cca8f67e70416c3ea4326f99e5d53e1ea677
1603,delta_1920,0.055980429350485965,level1,none,2.0,2.0,0.9996495023801576,0.00018938892424250577,0.00016110869559983688,,data/raw/wave1_selection.json,b1272041db1364831db88d72b114cca8f67e70416c3ea4326f99e5d53e1ea677
352,delta_1900,0.18853703785771547,level1,none,2.0,2.0,0.9998782459239159,2.4310968618567596e-05,9.744310746544873e-05,dof_grade_not_a,data/raw/wave1_selection.json,b1272041db1364831db88d72b114cca8f67e70416c3ea4326f99e5d53e1ea677
1977,lambda_c,2.8509352179532454,level1,none,1.0,1.0,0.9984511811864248,0.0009577664483700142,0.0005910523652053894,dof_grade_not_a,data/raw/wave1_selection.json,b1272041db1364831db88d72b114cca8f67e70416c3ea4326f99e5d53e1ea677
1682,xi_c_2645,0.42333920583303664,level1,none,1.0,1.0,0.9990764933337671,9.96913752919756e-05,0.0008238152909409776,,data/raw/wave1_selection.json,b1272041db1364831db88d72b114cca8f67e70416c3ea4326f99e5d53e1ea677
8,lambda_c_2765,3.6840454258595443,level1,none,1.0,1.0,0.9995387644832996,0.00026306706387019225,0.00019816845283011241,policy_rejected,data/raw/wave1_selection.json,b1272041db1364831db88d72b114cca8f67e70416c3ea4326f99e5d53e1ea677
349,lambda_c,3.0889648615517573,level1,none,1.0,1.0,0.9991371854107183,0.0001234820463962295,0.0007393325428854503,dof_grade_not_a,data/raw/wave1_selection.json,b1272041db1364831db88d72b114cca8f67e70416c3ea4326f99e5d53e1ea677
1743,delta_1600,0.13848200074345324,level1,none,1.0,1.0,0.999426584223566,0.00018851431016336944,0.000384901466270651,policy_rejected,data/raw/wave1_selection.json,b1272041db1364831db88d72b114cca8f67e70416c3ea4326f99e5d53e1ea677
1380,lambda_c_2765,0.014712603352876219,level1,none,2.0,2.0,0.9984498783170923,0.000770689623769646,0.0007794320591379606,dof_grade_not_a;policy_rejected,data/raw/wave1_selection.json,b1272041db1364831db88d72b114cca8f67e70416c3ea4326f99e5d53e1ea677
252,delta_1920,0.0871873073203204,level1,none,2.0,2.0,0.9997120988690097,6.383672194179216e-05,0.00022406440904846497,dof_grade_not_a,data/raw/wave1_selection.json,b1272041db1364831db88d72b114cca8f67e70416c3ea4326f99e5d53e1ea677
1386,lambda_c_2765,1.5232364976676362,level1,latent,2.0,2.0,0.9986007042871106,0.0002939977154042391,0.0011052979974851835,dof_grade_not_a;policy_rejected,data/raw/wave1_selection.json,b1272041db1364831db88d72b114cca8f67e70416c3ea4326f99e5d53e1ea677
1948,lambda_c_2860,0.1500756187969854,level1,latent,1.0,1.0,0.9985877938844673,0.00025476356316794156,0.001157442552364826,dof_grade_not_a,data/raw/wave1_selection.json,b1272041db1364831db88d72b114cca8f67e70416c3ea4326f99e5d53e1ea677
236,lambda_c_2765,1.2477739968222579,level1,none,1.0,1.0,0.9995060207000385,0.0001049109998309098,0.0003890683001307338,policy_rejected,data/raw/wave1_selection.json,b1272041db1364831db88d72b114cca8f67e70416c3ea4326f99e5d53e1ea677
1043,delta_1930,0.0410335862241604,level1,none,2.0,2.0,0.9988343846606916,0.00078278367044824,0.000382831668860144,,data/raw/wave1_selection.json,b1272041db1364831db88d72b114cca8f67e70416c3ea4326f99e5d53e1ea677
1932,xi_c_2645,0.49026672298665386,level1,none,1.0,1.0,0.9986584943832687,0.00039796379139485686,0.000943541825336361,dof_grade_not_a,data/raw/wave1_selection.json,b1272041db1364831db88d72b114cca8f67e70416c3ea4326f99e5d53e1ea677
1055,delta_1900,1.3569312707178125,level1,latent,1.0,1.0,0.9983357681047563,0.00031899432071267735,0.0013452375745308008,dof_grade_not_a;policy_rejected,data/raw/wave1_selection.json,b1272041db1364831db88d72b114cca8f67e70416c3ea4326f99e5d53e1ea677
192,delta_1930,0.15407626864809662,level1,none,2.0,2.0,0.9994551256968164,0.00023817256794068405,0.00030670173524309345,policy_rejected,data/raw/wave1_selection.json,b1272041db1364831db88d72b114cca8f67e70416c3ea4326f99e5d53e1ea677
1084,lambda_c,2.8701834904908266,level1,none,1.0,1.0,0.9987917600451048,0.0008277675698370171,0.00038047238505820345,dof_grade_not_a,data/raw/wave1_selection.json,b1272041db1364831db88d72b114cca8f67e70416c3ea4326f99e5d53e1ea677
1014,lambda_c,1.0114824449258824,level1,none,1.0,1.0,0.9996944445767404,0.00011860327812367443,0.0001869521451358073,policy_rejected,data/raw/wave1_selection.json,b1272041db1364831db88d72b114cca8f67e70416c3ea4326f99e5d53e1ea677
1588,lambda_c_2765,1.435228064947721,level1,none,1.0,1.0,0.9987978284580005,0.00026296528705367167,0.0009392062549459726,policy_rejected,data/raw/wave1_selection.json,b1272041db1364831db88d72b114cca8f67e70416c3ea4326f99e5d53e1ea677
779,lambda_c,0.5834173118291376,level1,none,2.0,2.0,0.9994753101273331,0.00026242834703348207,0.0002622615256333566,,data/raw/wave1_selection.json,b1272041db1364831db88d72b114cca8f67e70416c3ea4326f99e5d53e1ea677
323,lambda_c,0.560805097459753,level1,none,2.0,2.0,0.9994996190254708,4.4986835050156524e-05,0.000455394139478907,,data/raw/wave1_selection.json,b1272041db1364831db88d72b114cca8f67e70416c3ea4326f99e5d53e1ea677
1596,delta_1950,0.10210545175789199,level1,none,2.0,2.0,0.9996925223511266,7.867225421064594e-05,0.00022880539466264819,dof_grade_not_a,data/raw/wave1_selection.json,b1272041db1364831db88d72b114cca8f67e70416c3ea4326f99e5d53e1ea677
713,lambda_c,3.731329602433513,level1,none,2.0,2.0,0.9997836282491084,4.3680131259820154e-05,0.00017269161963178448,,data/raw/wave1_selection.json,b1272041db1364831db88d72b114cca8f67e70416c3ea4326f99e5d53e1ea677
1260,delta_1600,0.5317658849215621,level1,none,1.0,1.0,0.9998638227781685,3.892992770872711e-05,9.724729412273623e-05,policy_rejected,data/raw/wave1_selection.json,b1272041db1364831db88d72b114cca8f67e70416c3ea4326f99e5d53e1ea677
492,lambda_c,2.7922204713889722,level1,none,1.0,1.0,0.9989231437287972,0.0008670584267902274,0.00020979784441280472,policy_rejected,data/raw/wave1_selection.json,b1272041db1364831db88d72b114cca8f67e70416c3ea4326f99e5d53e1ea677
401,delta_1930,0.001507706212305309,level1,none,2.0,2.0,0.9990792706231942,0.00037132132781074874,0.0005494080489950004,policy_rejected,data/raw/wave1_selection.json,b1272041db1364831db88d72b114cca8f67e70416c3ea4326f99e5d53e1ea677
1760,delta_1600,0.28413343617244424,level1,none,1.0,1.0,0.9992845566550663,0.0001259029286210471,0.000589540416312558,policy_rejected,data/raw/wave1_selection.json,b1272041db1364831db88d72b114cca8f67e70416c3ea4326f99e5d53e1ea677
1624,xi_c_plus,2.8927586489367743,level1,none,2.0,2.0,0.999637785535441,0.00017598168283505046,0.00018623278172401472,,data/raw/wave1_selection.json,b1272041db1364831db88d72b114cca8f67e70416c3ea4326f99e5d53e1ea677
165,lambda_c,1.3674779771260936,none,none,1.0,1.0,0.0006008230315183802,0.9990073533993687,0.0003918235691128543,dof_grade_not_a,data/raw/wave1_selection.json,b1272041db1364831db88d72b114cca8f67e70416c3ea4326f99e5d53e1ea677
733,lambda_c,3.575902628204866,level1,none,2.0,2.0,0.9997042241702542,6.758261688118489e-05,0.00022819321286463105,,data/raw/wave1_selection.json,b1272041db1364831db88d72b114cca8f67e70416c3ea4326f99e5d53e1ea677
1217,delta_1920,0.03672658733183762,level1,none,2.0,2.0,0.9991206916402838,0.00017687987824532953,0.0007024284814706626,,data/raw/wave1_selection.json,b1272041db1364831db88d72b114cca8f67e70416c3ea4326f99e5d53e1ea677
410,xi_c_plus,0.4049586729201244,level1,none,1.0,1.0,0.9994459227564316,0.00045825607927285476,9.582116429554523e-05,,data/raw/wave1_selection.json,b1272041db1364831db88d72b114cca8f67e70416c3ea4326f99e5d53e1ea677
1150,delta_1950,0.20614052707719033,level1,none,2.0,2.0,0.9998123338837297,6.500336015914163e-05,0.0001226627561112819,dof_grade_not_a,data/raw/wave1_selection.json,b1272041db1364831db88d72b114cca8f67e70416c3ea4326f99e5d53e1ea677
540,delta_1600,0.06759166574938942,level1,latent,1.0,1.0,0.9974072265143864,0.0015688977306648432,0.0010238757549487906,dof_grade_not_a;policy_rejected,data/raw/wave1_selection.json,b1272041db1364831db88d72b114cca8f67e70416c3ea4326f99e5d53e1ea677
71,delta_1600,0.16034667226435434,level1,latent,1.0,1.0,0.99865036237624,0.0001735627833407047,0.0011760748404192037,dof_grade_not_a;policy_rejected,data/raw/wave1_selection.json,b1272041db1364831db88d72b114cca8f67e70416c3ea4326f99e5d53e1ea677
1641,delta_1910,0.10942537441149336,none,latent,1.0,1.0,4.2519086808600826e-05,0.9973982271008425,0.0025592538123488896,dof_grade_not_a,data/raw/wave1_selection.json,b1272041db1364831db88d72b114cca8f67e70416c3ea4326f99e5d53e1ea677
1030,lambda_c_2765,1.527607081723928,level1,none,1.0,1.0,0.9989035785139837,0.0008255860589683895,0.00027083542704796267,policy_rejected,data/raw/wave1_selection.json,b1272041db1364831db88d72b114cca8f67e70416c3ea4326f99e5d53e1ea677
162,delta_1930,0.03135903621602463,level1,none,2.0,2.0,0.9996310936708124,0.00020531302083613047,0.00016359330835159989,policy_rejected,data/raw/wave1_selection.json,b1272041db1364831db88d72b114cca8f67e70416c3ea4326f99e5d53e1ea677
1647,delta_1600,0.16088401546077277,level1,none,1.0,1.0,0.9990225108716263,0.00018599971613318377,0.000791489412240597,policy_rejected,data/raw/wave1_selection.json,b1272041db1364831db88d72b114cca8f67e70416c3ea4326f99e5d53e1ea677
1205,delta_1910,0.020209195195816657,level1,latent,1.0,1.0,0.9982243306152966,0.00011029390885049784,0.0016653754758529616,dof_grade_not_a,data/raw/wave1_selection.json,b1272041db1364831db88d72b114cca8f67e70416c3ea4326f99e5d53e1ea677
152,delta_1920,0.06582921560426597,level1,none,1.0,1.0,0.9996236292923002,0.00012084516781801561,0.0002555255398818692,policy_rejected,data/raw/wave1_selection.json,b1272041db1364831db88d72b114cca8f67e70416c3ea4326f99e5d53e1ea677
1530,delta_1900,0.06241805395969737,level1,none,1.0,1.0,0.9987826079338923,0.00023331369367027462,0.000984078372437464,policy_rejected,data/raw/wave1_selection.json,b1272041db1364831db88d72b114cca8f67e70416c3ea4326f99e5d53e1ea677
1672,sigma_1775,0.9106495446450151,level1,none,1.0,1.0,0.9988597390446996,0.0010320465611986843,0.00010821439410158014,,data/raw/wave1_selection.json,b1272041db1364831db88d72b114cca8f67e70416c3ea4326f99e5d53e1ea677
1484,nucleon_1720,0.0061108593472310796,level1,none,1.0,1.0,0.9997187506494146,9.966161712788773e-05,0.00018158773345733654,policy_rejected,data/raw/wave1_selection.json,b1272041db1364831db88d72b114cca8f67e70416c3ea4326f99e5d53e1ea677
900,xi_c_plus,2.5590714375773653,none,latent,1.0,1.0,0.0001483103374724987,0.9977432719372203,0.002108417725307264,dof_grade_not_a,data/raw/wave1_selection.json,b1272041db1364831db88d72b114cca8f67e70416c3ea4326f99e5d53e1ea677
813,delta_1910,0.08444218631115863,level1,none,3.0,3.0,0.9994052286498808,0.00017016142906937714,0.00042460992104998514,,data/raw/wave1_selection.json,b1272041db1364831db88d72b114cca8f67e70416c3ea4326f99e5d53e1ea677
364,lambda_c_2765,3.456227327537728,level1,none,1.0,1.0,0.9997489021304807,5.307671807896046e-05,0.000198021151440332,policy_rejected,data/raw/wave1_selection.json,b1272041db1364831db88d72b114cca8f67e70416c3ea4326f99e5d53e1ea677
348,xi_c_plus,1.3463772061352504,level1,latent,1.0,1.0,0.998805051178262,0.00019427824603134968,0.0010006705757065843,,data/raw/wave1_selection.json,b1272041db1364831db88d72b114cca8f67e70416c3ea4326f99e5d53e1ea677
1322,delta_1600,0.5015110090565933,level1,none,1.0,1.0,0.9990595476361027,0.0008884476989736369,5.200466492345213e-05,policy_rejected,data/raw/wave1_selection.json,b1272041db1364831db88d72b114cca8f67e70416c3ea4326f99e5d53e1ea677
1719,lambda_c_2765,0.3563294456367068,level1,none,1.0,1.0,0.9999055030867713,2.4447386309156117e-05,7.00495269197419e-05,policy_rejected,data/raw/wave1_selection.json,b1272041db1364831db88d72b114cca8f67e70416c3ea4326f99e5d53e1ea677
1849,lambda_c,2.1552892122355374,level1,none,1.0,1.0,0.9994240429406971,4.52592129369509e-05,0.0005306978463660176,,data/raw/wave1_selection.json,b1272041db1364831db88d72b114cca8f67e70416c3ea4326f99e5d53e1ea677
66,lambda_c,1.2321639803917956,level1,latent,1.0,1.0,0.9982637289608721,0.0003190100649318081,0.0014172609741960494,dof_grade_not_a,data/raw/wave1_selection.json,b1272041db1364831db88d72b114cca8f67e70416c3ea4326f99e5d53e1ea677
791,lambda_c,3.6421509723924466,level1,none,1.0,1.0,0.999395525386737,0.00016922085670080238,0.00043525375656215025,,data/raw/wave1_selection.json,b1272041db1364831db88d72b114cca8f67e70416c3ea4326f99e5d53e1ea677
501,delta_1700,0.04253048548012178,level1,none,1.0,1.0,0.9997886904774823,0.00015720399769651085,5.4105524821233446e-05,,data/raw/wave1_selection.json,b1272041db1364831db88d72b114cca8f67e70416c3ea4326f99e5d53e1ea677
1305,lambda_c_2625,0.6396831680211305,level1,none,1.0,1.0,0.9997175237112462,0.0001640367035755298,0.00011843958517819894,policy_rejected,data/raw/wave1_selection.json,b1272041db1364831db88d72b114cca8f67e70416c3ea4326f99e5d53e1ea677
264,omega_baryon,0.006080382053318238,level1,none,1.0,1.0,0.9993778024113819,0.0002705967440612083,0.0003516008445570554,policy_rejected,data/raw/wave1_selection.json,b1272041db1364831db88d72b114cca8f67e70416c3ea4326f99e5d53e1ea677
696,xi_c_plus,1.206300222808335,level1,none,1.0,1.0,0.9994656219014999,0.0001480606787031819,0.0003863174197968647,,data/raw/wave1_selection.json,b1272041db1364831db88d72b114cca8f67e70416c3ea4326f99e5d53e1ea677
1767,lambda_c_2765,0.43455401225446155,level1,none,1.0,1.0,0.9994326741776484,3.405930271411612e-05,0.000533266519637491,policy_rejected,data/raw/wave1_selection.json,b1272041db1364831db88d72b114cca8f67e70416c3ea4326f99e5d53e1ea677
1001,delta_1910,0.09855139222897595,level1,latent,1.0,1.0,0.9985480249708822,0.000298919509098785,0.0011530555200190617,dof_grade_not_a;policy_rejected,data/raw/wave1_selection.json,b1272041db1364831db88d72b114cca8f67e70416c3ea4326f99e5d53e1ea677
939,nucleon_1720,0.07674536933136346,none,structural,1.0,1.0,1.6116751531202647e-12,2.48544129371179e-07,0.9999997514542588,dof_grade_not_a;policy_rejected,data/raw/wave1_selection.json,b1272041db1364831db88d72b114cca8f67e70416c3ea4326f99e5d53e1ea677
1965,lambda_c_2765,0.45913673250863146,level1,none,1.0,1.0,0.9991199151389285,0.0001842113210837116,0.0006958735399876457,policy_rejected,data/raw/wave1_selection.json,b1272041db1364831db88d72b114cca8f67e70416c3ea4326f99e5d53e1ea677
1316,delta_1620,0.13883604004849617,level1,none,1.0,1.0,0.9987889705673217,0.0005493397150992391,0.0006616897175791966,dof_grade_not_a,data/raw/wave1_selection.json,b1272041db1364831db88d72b114cca8f67e70416c3ea4326f99e5d53e1ea677
61,xi_c_2645,0.0858693017065209,level1,none,1.0,1.0,0.9983726499755031,0.0008072495123036816,0.0008201005121931904,dof_grade_not_a,data/raw/wave1_selection.json,b1272041db1364831db88d72b114cca8f67e70416c3ea4326f99e5d53e1ea677
1616,delta_1950,0.06538533129229428,level1,none,2.0,2.0,0.9991149845647818,0.0007194521218033945,0.00016556331341470673,,data/raw/wave1_selection.json,b1272041db1364831db88d72b114cca8f67e70416c3ea4326f99e5d53e1ea677
1942,lambda_c_2860,0.8749810246007586,level1,none,1.0,1.0,0.9987255167610041,0.0007343817571948448,0.0005401014818009874,dof_grade_not_a,data/raw/wave1_selection.json,b1272041db1364831db88d72b114cca8f67e70416c3ea4326f99e5d53e1ea677
1542,delta_1910,0.07683182446336022,level1,none,2.0,2.0,0.9993942345885047,0.00015811306708598784,0.00044765234440930076,,data/raw/wave1_selection.json,b1272041db1364831db88d72b114cca8f67e70416c3ea4326f99e5d53e1ea677
1599,delta_1950,0.05838118583237911,level1,none,2.0,2.0,0.999753612020466,2.8827635194106444e-05,0.0002175603443398053,,data/raw/wave1_selection.json,b1272041db1364831db88d72b114cca8f67e70416c3ea4326f99e5d53e1ea677
1741,delta_1950,0.09270871654582649,level1,none,2.0,2.0,0.9994987883491201,0.00011506904503549349,0.0003861426058442764,,data/raw/wave1_selection.json,b1272041db1364831db88d72b114cca8f67e70416c3ea4326f99e5d53e1ea677
817,xi_c_plus,2.5961134111571864,level1,none,2.0,2.0,0.9995090424575017,0.0001148037457761936,0.00037615379672193615,,data/raw/wave1_selection.json,b1272041db1364831db88d72b114cca8f67e70416c3ea4326f99e5d53e1ea677
1456,delta_1950,0.020353003192937633,level1,none,1.0,1.0,0.9994894037423117,6.8026781339424e-05,0.0004425694763490501,,data/raw/wave1_selection.json,b1272041db1364831db88d72b114cca8f67e70416c3ea4326f99e5d53e1ea677
1853,delta_1600,0.2810818663927884,level1,none,1.0,1.0,0.999488587500149,0.00018308307629654345,0.0003283294235542453,policy_rejected,data/raw/wave1_selection.json,b1272041db1364831db88d72b114cca8f67e70416c3ea4326f99e5d53e1ea677
314,delta_1600,0.15074589012836073,level1,none,1.0,1.0,0.998860274310219,0.00028515256227909275,0.000854573127501858,policy_rejected,data/raw/wave1_selection.json,b1272041db1364831db88d72b114cca8f67e70416c3ea4326f99e5d53e1ea677
1978,delta_1950,0.12796037664079082,level1,none,2.0,2.0,0.9995377640894186,4.695465600290675e-05,0.00041528125457861224,,data/raw/wave1_selection.json,b1272041db1364831db88d72b114cca8f67e70416c3ea4326f99e5d53e1ea677
1934,sigma_1775,0.6674355504188194,level1,none,1.0,1.0,0.9998389343418974,8.478968987546012e-05,7.627596822720486e-05,,data/raw/wave1_selection.json,b1272041db1364831db88d72b114cca8f67e70416c3ea4326f99e5d53e1ea677
1370,delta_1930,0.0007343487316390636,level1,none,2.0,2.0,0.9998868310661222,4.225569724405919e-05,7.091323663378825e-05,policy_rejected,data/raw/wave1_selection.json,b1272041db1364831db88d72b114cca8f67e70416c3ea4326f99e5d53e1ea677
1125,sigma_1775,0.5462271681257609,level1,none,1.0,1.0,0.9985563285828968,0.0012909242268738291,0.00015274719022935978,dof_grade_not_a,data/raw/wave1_selection.json,b1272041db1364831db88d72b114cca8f67e70416c3ea4326f99e5d53e1ea677
1038,delta_1910,0.001219704375605434,level1,none,2.0,2.0,0.9996616881365732,0.0002530169355832096,8.529492784362997e-05,,data/raw/wave1_selection.json,b1272041db1364831db88d72b114cca8f67e70416c3ea4326f99e5d53e1ea677
140,nucleon_1720,0.521864066453399,level1,none,1.0,1.0,0.999106111870375,0.0007070759615567089,0.0001868121680682213,policy_rejected,data/raw/wave1_selection.json,b1272041db1364831db88d72b114cca8f67e70416c3ea4326f99e5d53e1ea677
1291,delta_1950,0.19765068924698614,level1,none,1.0,1.0,0.9988324420191489,0.00037978984671936997,0.0007877681341319477,policy_rejected,data/raw/wave1_selection.json,b1272041db1364831db88d72b114cca8f67e70416c3ea4326f99e5d53e1ea677
737,lambda_c_2765,3.7724221288757787,level1,none,2.0,2.0,0.9993560895203489,0.00013533083163248005,0.0005085796480186561,policy_rejected,data/raw/wave1_selection.json,b1272041db1364831db88d72b114cca8f67e70416c3ea4326f99e5d53e1ea677
849,delta_1900,0.12966466200558813,level1,none,3.0,3.0,0.9998557979524645,3.257125287852118e-05,0.00011163079465705393,dof_grade_not_a,data/raw/wave1_selection.json,b1272041db1364831db88d72b114cca8f67e70416c3ea4326f99e5d53e1ea677
738,delta_1950,0.11788450204231093,level1,none,2.0,2.0,0.9991091830638207,0.0004422093755272673,0.00044860756065190544,,data/raw/wave1_selection.json,b1272041db1364831db88d72b114cca8f67e70416c3ea4326f99e5d53e1ea677
960,delta_1930,0.08095839347604278,level1,none,1.0,1.0,0.9997148624713238,3.791357510483449e-05,0.0002472239535712798,policy_rejected,data/raw/wave1_selection.json,b1272041db1364831db88d72b114cca8f67e70416c3ea4326f99e5d53e1ea677
1093,lambda_c_2765,1.451684826283152,level1,none,1.0,1.0,0.9994573566866161,0.00042662773089518406,0.00011601558248875568,policy_rejected,data/raw/wave1_selection.json,b1272041db1364831db88d72b114cca8f67e70416c3ea4326f99e5d53e1ea677
1102,delta_1910,0.07500935249981258,level1,none,2.0,2.0,0.9991166683496482,0.0001000683814340795,0.0007832632689177886,,data/raw/wave1_selection.json,b1272041db1364831db88d72b114cca8f67e70416c3ea4326f99e5d53e1ea677
1436,delta_1600,0.4002658881982275,level1,none,1.0,1.0,0.9999296173642233,4.1773048637429047e-05,2.860958713932503e-05,policy_rejected,data/raw/wave1_selection.json,b1272041db1364831db88d72b114cca8f67e70416c3ea4326f99e5d53e1ea677
543,lambda_c,3.053351793332415,level1,latent,1.0,1.0,0.9964327744284966,0.0006277352412765477,0.0029394903302269572,dof_grade_not_a;policy_rejected,data/raw/wave1_selection.json,b1272041db1364831db88d72b114cca8f67e70416c3ea4326f99e5d53e1ea677
141,lambda_c,1.448557596072126,level1,latent,1.0,1.0,0.9957715237993819,0.0027368158403041775,0.0014916603603139335,dof_grade_not_a,data/raw/wave1_selection.json,b1272041db1364831db88d72b114cca8f67e70416c3ea4326f99e5d53e1ea677
700,xi_c_plus,0.9746341379471846,none,none,1.0,1.0,6.482052677472008e-05,0.9993056165904833,0.0006295628827419338,dof_grade_not_a,data/raw/wave1_selection.json,b1272041db1364831db88d72b114cca8f67e70416c3ea4326f99e5d53e1ea677
740,sigma_1775,0.5391336420288805,level1,none,1.0,1.0,0.9997084405975006,0.00014575732288094645,0.00014580207961837642,,data/raw/wave1_selection.json,b1272041db1364831db88d72b114cca8f67e70416c3ea4326f99e5d53e1ea677
591,delta_1600,0.19789742188068504,level1,none,1.0,1.0,0.9994134493853492,0.0002721415512638555,0.00031440906338703697,policy_rejected,data/raw/wave1_selection.json,b1272041db1364831db88d72b114cca8f67e70416c3ea4326f99e5d53e1ea677
1508,delta_1910,0.003157360136854033,level1,none,2.0,2.0,0.9996481350229758,8.355332013524403e-05,0.0002683116568890512,,data/raw/wave1_selection.json,b1272041db1364831db88d72b114cca8f67e70416c3ea4326f99e5d53e1ea677
609,delta_1930,0.19603019234924746,level1,none,2.0,2.0,0.9998523828684953,7.643978640439717e-05,7.117734510033141e-05,policy_rejected,data/raw/wave1_selection.json,b1272041db1364831db88d72b114cca8f67e70416c3ea4326f99e5d53e1ea677
1793,delta_1900,0.22347500994208322,level1,none,3.0,3.0,0.9999067847254268,4.025067261696095e-05,5.29646019563375e-05,,data/raw/wave1_selection.json,b1272041db1364831db88d72b114cca8f67e70416c3ea4326f99e5d53e1ea677
991,xi_c_plus,0.0187889459342507,level1,none,1.0,1.0,0.9995849624414551,3.231152905883075e-05,0.0003827260294861121,,data/raw/wave1_selection.json,b1272041db1364831db88d72b114cca8f67e70416c3ea4326f99e5d53e1ea677
1852,lambda_c_2765,1.2578159249218426,level1,latent,2.0,2.0,0.9986365552390233,0.0002052182131930181,0.0011582265477834018,dof_grade_not_a;policy_rejected,data/raw/wave1_selection.json,b1272041db1364831db88d72b114cca8f67e70416c3ea4326f99e5d53e1ea677
691,delta_1950,0.11973913940521655,level1,none,2.0,2.0,0.9996524380398952,0.0001356788226473463,0.00021188313745732138,,data/raw/wave1_selection.json,b1272041db1364831db88d72b114cca8f67e70416c3ea4326f99e5d53e1ea677
720,delta_1600,0.08656320448957956,level1,none,1.0,1.0,0.9997320841406268,0.0001398209852485775,0.00012809487412455433,policy_rejected,data/raw/wave1_selection.json,b1272041db1364831db88d72b114cca8f67e70416c3ea4326f99e5d53e1ea677
542,lambda_c,2.8445651152717533,level1,latent,1.0,1.0,0.9976778491984225,0.00020496181962085817,0.0021171889819565784,dof_grade_not_a,data/raw/wave1_selection.json,b1272041db1364831db88d72b114cca8f67e70416c3ea4326f99e5d53e1ea677
731,delta_1920,0.07837300754067385,level1,none,1.0,1.0,0.9994949457506025,0.00021230106323572037,0.0002927531861616743,policy_rejected,data/raw/wave1_selection.json,b1272041db1364831db88d72b114cca8f67e70416c3ea4326f99e5d53e1ea677
546,xi_c_prime_2575,0.5399866900033325,level1,none,1.0,1.0,0.9998368878218681,3.795939792516099e-05,0.00012515278020654077,,data/raw/wave1_selection.json,b1272041db1364831db88d72b114cca8f67e70416c3ea4326f99e5d53e1ea677
1100,delta_1930,0.08999269875018487,level1,none,2.0,2.0,0.9992855065649248,0.00023657074505159404,0.0004779226900235467,dof_grade_not_a;policy_rejected,data/raw/wave1_selection.json,b1272041db1364831db88d72b114cca8f67e70416c3ea4326f99e5d53e1ea677
667,delta_1910,0.015319901893599198,level1,none,2.0,2.0,0.9993659068229201,0.00013004700244683467,0.0005040461746332528,,data/raw/wave1_selection.json,b1272041db1364831db88d72b114cca8f67e70416c3ea4326f99e5d53e1ea677
491,delta_1920,0.02630920409227232,level1,none,1.0,1.0,0.9999100209879307,5.689042190520192e-06,8.42899698788803e-05,,data/raw/wave1_selection.json,b1272041db1364831db88d72b114cca8f67e70416c3ea4326f99e5d53e1ea677
1636,delta_1600,0.10728336668477637,level1,none,1.0,1.0,0.9996322081541532,0.00023012261458270016,0.00013766923126392057,policy_rejected,data/raw/wave1_selection.json,b1272041db1364831db88d72b114cca8f67e70416c3ea4326f99e5d53e1ea677
1121,lambda_c,0.8903674009816255,level1,none,2.0,2.0,0.9997265443247603,0.00016079327006133493,0.00011266240517856755,,data/raw/wave1_selection.json,b1272041db1364831db88d72b114cca8f67e70416c3ea4326f99e5d53e1ea677
233,delta_1950,0.12801290543973887,level1,none,2.0,2.0,0.9995899559264786,1.5987726279064302e-05,0.0003940563472423203,,data/raw/wave1_selection.json,b1272041db1364831db88d72b114cca8f67e70416c3ea4326f99e5d53e1ea677
655,delta_1600,0.20653462335643616,level1,none,1.0,1.0,0.9994698492882258,0.0004894094552456101,4.0741256528689446e-05,policy_rejected,data/raw/wave1_selection.json,b1272041db1364831db88d72b114cca8f67e70416c3ea4326f99e5d53e1ea677
91,delta_1920,0.10350055591248872,level1,none,1.0,1.0,0.9998761960374116,1.766461565909093e-05,0.0001061393469295052,,data/raw/wave1_selection.json,b1272041db1364831db88d72b114cca8f67e70416c3ea4326f99e5d53e1ea677
961,sigma_1775,0.9950367068321129,level1,none,1.0,1.0,0.9997204686179184,9.544666692130676e-05,0.00018408471516030998,,data/raw/wave1_selection.json,b1272041db1364831db88d72b114cca8f67e70416c3ea4326f99e5d53e1ea677
378,delta_1900,0.0489259683512323,level1,none,3.0,3.0,0.9993943466823902,0.0003224339956580884,0.0002832193219517209,,data/raw/wave1_selection.json,b1272041db1364831db88d72b114cca8f67e70416c3ea4326f99e5d53e1ea677
41,lambda_c_2765,0.7567852625321473,level1,none,2.0,2.0,0.9995643408071585,0.00035059538442374364,8.506380841779497e-05,policy_rejected,data/raw/wave1_selection.json,b1272041db1364831db88d72b114cca8f67e70416c3ea4326f99e5d53e1ea677
1773,lambda_c_2765,0.8294013348059847,level1,none,1.0,1.0,0.9998303165243315,5.899531313485996e-05,0.00011068816253366549,policy_rejected,data/raw/wave1_selection.json,b1272041db1364831db88d72b114cca8f67e70416c3ea4326f99e5d53e1ea677
768,delta_1930,0.12127901621802255,level1,none,1.0,1.0,0.9992026406395037,0.0001815935324808618,0.0006157658280155354,,data/raw/wave1_selection.json,b1272041db1364831db88d72b114cca8f67e70416c3ea4326f99e5d53e1ea677
428,delta_1600,0.1625596876496027,level1,none,1.0,1.0,0.9977653338712901,0.002012570264415383,0.00022209586429460142,dof_grade_not_a;policy_rejected,data/raw/wave1_selection.json,b1272041db1364831db88d72b114cca8f67e70416c3ea4326f99e5d53e1ea677
1221,lambda_c_2765,1.2558980394410213,none,latent,1.0,1.0,0.00014237459205496394,0.9971551700105044,0.0027024553974406107,dof_grade_not_a;policy_rejected,data/raw/wave1_selection.json,b1272041db1364831db88d72b114cca8f67e70416c3ea4326f99e5d53e1ea677
1714,lambda_c_2860,0.6483757880649591,level1,none,1.0,1.0,0.9993634979421002,0.0004569652422246976,0.00017953681567526574,,data/raw/wave1_selection.json,b1272041db1364831db88d72b114cca8f67e70416c3ea4326f99e5d53e1ea677
1716,delta_1600,0.2686068566759544,none,none,1.0,1.0,0.00018087666548461702,0.9990569050212976,0.0007622183132179449,dof_grade_not_a;policy_rejected,data/raw/wave1_selection.json,b1272041db1364831db88d72b114cca8f67e70416c3ea4326f99e5d53e1ea677
1415,lambda_c,2.6810502109474807,level1,none,1.0,1.0,0.9985004509687591,0.000908481479698945,0.0005910675515421328,dof_grade_not_a,data/raw/wave1_selection.json,b1272041db1364831db88d72b114cca8f67e70416c3ea4326f99e5d53e1ea677
462,lambda_c,1.2887094415645244,none,structural,1.0,1.0,4.364804720374542e-09,0.00045530604515780804,0.9995446895900375,dof_grade_not_a,data/raw/wave1_selection.json,b1272041db1364831db88d72b114cca8f67e70416c3ea4326f99e5d53e1ea677
1390,delta_1900,0.07686124405231284,level1,none,2.0,2.0,0.999686549172994,5.974314931121919e-05,0.00025370767769484673,dof_grade_not_a,data/raw/wave1_selection.json,b1272041db1364831db88d72b114cca8f67e70416c3ea4326f99e5d53e1ea677
484,delta_1600,0.1466326298891168,none,none,1.0,1.0,0.0016379365619040738,0.9974687955486573,0.0008932678894387897,dof_grade_not_a;policy_rejected,data/raw/wave1_selection.json,b1272041db1364831db88d72b114cca8f67e70416c3ea4326f99e5d53e1ea677
964,delta_1600,0.5363708348241943,level1,none,1.0,1.0,0.9996048172795354,0.00013058776429237943,0.00026459495617206123,policy_rejected,data/raw/wave1_selection.json,b1272041db1364831db88d72b114cca8f67e70416c3ea4326f99e5d53e1ea677
1134,delta_1910,0.03845496143090377,level1,none,2.0,2.0,0.9996205710588537,7.133314775669841e-05,0.0003080957933896088,,data/raw/wave1_selection.json,b1272041db1364831db88d72b114cca8f67e70416c3ea4326f99e5d53e1ea677
216,lambda_c_2765,1.4339335128606645,level1,none,1.0,1.0,0.9993959885539234,0.00010810172049281695,0.0004959097255835064,policy_rejected,data/raw/wave1_selection.json,b1272041db1364831db88d72b114cca8f67e70416c3ea4326f99e5d53e1ea677
1140,delta_1600,0.308630608475797,level1,none,1.0,1.0,0.9998158097955049,8.91874856545312e-05,9.500271884050486e-05,policy_rejected,data/raw/wave1_selection.json,b1272041db1364831db88d72b114cca8f67e70416c3ea4326f99e5d53e1ea677
757,lambda_c,3.8961849991907624,level1,none,1.0,1.0,0.9995335337688154,0.00011001501266772831,0.0003564512185167895,,data/raw/wave1_selection.json,b1272041db1364831db88d72b114cca8f67e70416c3ea4326f99e5d53e1ea677
13,lambda_c_2765,0.18342331416576668,level1,none,1.0,1.0,0.9991497797960375,0.0004987456717978035,0.00035147453216477536,policy_rejected,data/raw/wave1_selection.json,b1272041db1364831db88d72b114cca8f67e70416c3ea4326f99e5d53e1ea677
143,delta_1920,0.08551818211204514,level1,none,2.0,2.0,0.9993627646544174,4.969078109106336e-05,0.0005875445644917121,dof_grade_not_a,data/raw/wave1_selection.json,b1272041db1364831db88d72b114cca8f67e70416c3ea4326f99e5d53e1ea677
826,lambda_c,2.4507015614649337,level1,none,2.0,2.0,0.9994001988832867,0.0004846744262829691,0.00011512669043017539,,data/raw/wave1_selection.json,b1272041db1364831db88d72b114cca8f67e70416c3ea4326f99e5d53e1ea677
519,lambda_c_2765,1.675286924247131,level1,none,1.0,1.0,0.9986903472388345,0.0006646647293950189,0.0006449880317702589,dof_grade_not_a;policy_rejected,data/raw/wave1_selection.json,b1272041db1364831db88d72b114cca8f67e70416c3ea4326f99e5d53e1ea677
288,delta_1600,0.018477134743485533,none,none,1.0,1.0,0.00012617245756444816,0.9992302315658687,0.0006435959765669607,dof_grade_not_a;policy_rejected,data/raw/wave1_selection.json,b1272041db1364831db88d72b114cca8f67e70416c3ea4326f99e5d53e1ea677
1699,omega_baryon,0.20331627601898758,level1,none,1.0,1.0,0.9994190429144696,0.00015725326873147467,0.0004237038167991014,policy_rejected,data/raw/wave1_selection.json,b1272041db1364831db88d72b114cca8f67e70416c3ea4326f99e5d53e1ea677
1923,nucleon_1720,0.10107204947319956,level1,none,1.0,1.0,0.9997853355123878,6.096282246420173e-05,0.00015370166514804164,policy_rejected,data/raw/wave1_selection.json,b1272041db1364831db88d72b114cca8f67e70416c3ea4326f99e5d53e1ea677
1822,lambda_c,2.234121347293926,level1,none,2.0,2.0,0.9983176747330386,0.0013010701283320892,0.0003812551386293128,dof_grade_not_a,data/raw/wave1_selection.json,b1272041db1364831db88d72b114cca8f67e70416c3ea4326f99e5d53e1ea677
1455,delta_1950,0.1382399290352008,level1,none,2.0,2.0,0.9997321248326201,0.00019170721931584646,7.616794806392353e-05,dof_grade_not_a,data/raw/wave1_selection.json,b1272041db1364831db88d72b114cca8f67e70416c3ea4326f99e5d53e1ea677
1006,delta_1950,0.09705154225896666,level1,none,3.0,3.0,0.9996659994189446,0.00015691717688101682,0.00017708340417443453,,data/raw/wave1_selection.json,b1272041db1364831db88d72b114cca8f67e70416c3ea4326f99e5d53e1ea677
340,lambda_c_2765,3.4057200247427986,level1,none,1.0,1.0,0.9996464381612481,4.4634604934738796e-05,0.00030892723381711586,policy_rejected,data/raw/wave1_selection.json,b1272041db1364831db88d72b114cca8f67e70416c3ea4326f99e5d53e1ea677
1796,lambda_c_2765,0.26093057239069223,level1,none,2.0,2.0,0.999514599602917,0.000224332873358566,0.00026106752372450953,policy_rejected,data/raw/wave1_selection.json,b1272041db1364831db88d72b114cca8f67e70416c3ea4326f99e5d53e1ea677
1048,lambda_c,0.8402779564860964,level1,none,1.0,1.0,0.9994029433329552,0.0002758137422659764,0.00032124292477882975,,data/raw/wave1_selection.json,b1272041db1364831db88d72b114cca8f67e70416c3ea4326f99e5d53e1ea677
1487,delta_1700,0.2272289765523382,level1,none,1.0,1.0,0.9996162405003158,0.00018651145637278634,0.00019724804331135878,,data/raw/wave1_selection.json,b1272041db1364831db88d72b114cca8f67e70416c3ea4326f99e5d53e1ea677
553,lambda_c_2765,0.6561126709388736,level1,none,1.0,1.0,0.9998505072109829,4.218772513308385e-05,0.00010730506388393691,policy_rejected,data/raw/wave1_selection.json,b1272041db1364831db88d72b114cca8f67e70416c3ea4326f99e5d53e1ea677
399,lambda_c_2625,1.2002486806501103,level1,none,1.0,1.0,0.9983249618245924,0.001614389190653085,6.0648984754562094e-05,dof_grade_not_a;policy_rejected,data/raw/wave1_selection.json,b1272041db1364831db88d72b114cca8f67e70416c3ea4326f99e5d53e1ea677
146,lambda_c_2625,0.36624520358366297,level1,none,2.0,2.0,0.9984499956409832,0.0010539588855900004,0.0004960454734268141,dof_grade_not_a;policy_rejected,data/raw/wave1_selection.json,b1272041db1364831db88d72b114cca8f67e70416c3ea4326f99e5d53e1ea677
793,delta_1920,0.05968732550781887,level1,none,2.0,2.0,0.9995184876025819,0.00011657298707332833,0.000364939410344554,,data/raw/wave1_selection.json,b1272041db1364831db88d72b114cca8f67e70416c3ea4326f99e5d53e1ea677
53,lambda_c,1.8912507509374545,level1,none,1.0,1.0,0.9998418455750948,0.00015366948331725858,4.484941587935088e-06,,data/raw/wave1_selection.json,b1272041db1364831db88d72b114cca8f67e70416c3ea4326f99e5d53e1ea677
1528,lambda_c_2625,1.229061088729273,level1,none,2.0,2.0,0.9997351053883244,5.535450861315245e-05,0.00020954010306259408,dof_grade_not_a;policy_rejected,data/raw/wave1_selection.json,b1272041db1364831db88d72b114cca8f67e70416c3ea4326f99e5d53e1ea677
1692,delta_1950,0.1332134483357315,none,latent,1.0,1.0,0.0004257836073705369,0.9982387388843765,0.001335477508252832,dof_grade_not_a,data/raw/wave1_selection.json,b1272041db1364831db88d72b114cca8f67e70416c3ea4326f99e5d53e1ea677
1620,lambda_c,3.130884562455776,level1,none,1.0,1.0,0.9993398728536117,0.00011603025568164903,0.0005440968907067324,,data/raw/wave1_selection.json,b1272041db1364831db88d72b114cca8f67e70416c3ea4326f99e5d53e1ea677
1754,delta_1920,0.04949120501271624,level1,none,2.0,2.0,0.9993203161464634,0.00016034233455277852,0.0005193415189839522,,data/raw/wave1_selection.json,b1272041db1364831db88d72b114cca8f67e70416c3ea4326f99e5d53e1ea677
485,sigma_1775,0.9735157858828108,level1,none,1.0,1.0,0.9991333862085369,0.000803355418458189,6.325837300505384e-05,,data/raw/wave1_selection.json,b1272041db1364831db88d72b114cca8f67e70416c3ea4326f99e5d53e1ea677
970,lambda_c,0.6443879367805964,level1,none,1.0,1.0,0.999255081256081,0.0004966524386303329,0.0002482663052886036,,data/raw/wave1_selection.json,b1272041db1364831db88d72b114cca8f67e70416c3ea4326f99e5d53e1ea677
947,delta_1600,0.12043741273041733,level1,none,1.0,1.0,0.9996103902217541,0.00024649767124779415,0.0001431121069981116,policy_rejected,data/raw/wave1_selection.json,b1272041db1364831db88d72b114cca8f67e70416c3ea4326f99e5d53e1ea677
376,lambda_c_2765,1.4152239283477597,level1,none,2.0,2.0,0.9985989001624626,0.0012365825462216993,0.0001645172913157545,dof_grade_not_a;policy_rejected,data/raw/wave1_selection.json,b1272041db1364831db88d72b114cca8f67e70416c3ea4326f99e5d53e1ea677
1342,delta_1700,0.12745527421924882,level1,none,1.0,1.0,0.9993215129426875,0.00016142687246940447,0.0005170601848431785,,data/raw/wave1_selection.json,b1272041db1364831db88d72b114cca8f67e70416c3ea4326f99e5d53e1ea677
384,lambda_c,0.8514152794292292,none,structural,1.0,1.0,3.455546738006192e-13,1.0086026647941542e-07,0.999999899139388,dof_grade_not_a,data/raw/wave1_selection.json,b1272041db1364831db88d72b114cca8f67e70416c3ea4326f99e5d53e1ea677
476,delta_1910,0.03603684767926592,level1,none,2.0,2.0,0.9990476241697457,0.0002964081590897028,0.0006559676711646617,policy_rejected,data/raw/wave1_selection.json,b1272041db1364831db88d72b114cca8f67e70416c3ea4326f99e5d53e1ea677
1751,sigma_1775,0.47907291203090463,level1,none,1.0,1.0,0.9987801231182133,0.000929473749968637,0.00029040313181804715,dof_grade_not_a,data/raw/wave1_selection.json,b1272041db1364831db88d72b114cca8f67e70416c3ea4326f99e5d53e1ea677
18,delta_1900,0.12727453987875756,level1,none,3.0,3.0,0.99907690624535,0.0006568096526731354,0.0002662841019767908,,data/raw/wave1_selection.json,b1272041db1364831db88d72b114cca8f67e70416c3ea4326f99e5d53e1ea677
809,delta_1600,0.37176751572154976,level1,none,1.0,1.0,0.9995277786705212,0.0003535481428097618,0.00011867318666894206,policy_rejected,data/raw/wave1_selection.json,b1272041db1364831db88d72b114cca8f67e70416c3ea4326f99e5d53e1ea677
480,xi_c_prime_2575,1.0274281831428764,level1,latent,1.0,1.0,0.9983911011703158,0.00047247274223647116,0.0011364260874476239,dof_grade_not_a,data/raw/wave1_selection.json,b1272041db1364831db88d72b114cca8f67e70416c3ea4326f99e5d53e1ea677
645,sigma_1775,1.166076515130789,level1,none,1.0,1.0,0.9993473598947566,0.00020994033029702946,0.00044269977494648113,,data/raw/wave1_selection.json,b1272041db1364831db88d72b114cca8f67e70416c3ea4326f99e5d53e1ea677
898,delta_1910,0.01512518189749395,level1,none,2.0,2.0,0.9995388890595837,0.00010500581643472824,0.0003561051239816395,dof_grade_not_a,data/raw/wave1_selection.json,b1272041db1364831db88d72b114cca8f67e70416c3ea4326f99e5d53e1ea677
170,lambda_c_2765,3.4170632103293683,level1,none,1.0,1.0,0.9988443692214637,0.0005705754443563693,0.0005850553341797062,policy_rejected,data/raw/wave1_selection.json,b1272041db1364831db88d72b114cca8f67e70416c3ea4326f99e5d53e1ea677
658,xi_c_plus,0.1333199538900303,level1,none,2.0,2.0,0.9998280961813738,0.00013473803541630877,3.7165783210019355e-05,,data/raw/wave1_selection.json,b1272041db1364831db88d72b114cca8f67e70416c3ea4326f99e5d53e1ea677
46,lambda_c_2765,0.19959774970402056,level1,none,1.0,1.0,0.9992902765456225,0.00026702090327241794,0.0004427025511051384,policy_rejected,data/raw/wave1_selection.json,b1272041db1364831db88d72b114cca8f67e70416c3ea4326f99e5d53e1ea677
636,delta_1600,0.47966329140224523,level1,none,1.0,1.0,0.9994746576076436,6.495437692733177e-05,0.00046038801542893173,policy_rejected,data/raw/wave1_selection.json,b1272041db1364831db88d72b114cca8f67e70416c3ea4326f99e5d53e1ea677
1186,sigma_1775,0.5194417586852743,level1,none,1.0,1.0,0.9993169509402156,0.00047045517151653,0.00021259388826785967,,data/raw/wave1_selection.json,b1272041db1364831db88d72b114cca8f67e70416c3ea4326f99e5d53e1ea677
497,lambda_c_2765,0.7188136582118633,level1,none,1.0,1.0,0.9995988956081366,4.607232910769968e-05,0.0003550320627557495,policy_rejected,data/raw/wave1_selection.json,b1272041db1364831db88d72b114cca8f67e70416c3ea4326f99e5d53e1ea677
946,lambda_c_2625,0.48651681356554527,level1,none,1.0,1.0,0.999509263107236,6.927947963554794e-05,0.0004214574131284898,policy_rejected,data/raw/wave1_selection.json,b1272041db1364831db88d72b114cca8f67e70416c3ea4326f99e5d53e1ea677
1451,lambda_c,3.6172151776392334,level1,none,1.0,1.0,0.9996747647529198,8.036998672315483e-05,0.00024486526035685064,,data/raw/wave1_selection.json,b1272041db1364831db88d72b114cca8f67e70416c3ea4326f99e5d53e1ea677
1930,lambda_c_2765,0.6936824920631762,level1,none,1.0,1.0,0.9989573532323033,0.00017182492156662404,0.0008708218461300966,policy_rejected,data/raw/wave1_selection.json,b1272041db1364831db88d72b114cca8f67e70416c3ea4326f99e5d53e1ea677
1971,delta_1930,0.12634702459132555,level1,none,1.0,1.0,0.9992192542123297,6.534052043210223e-05,0.0007154052672382345,policy_rejected,data/raw/wave1_selection.json,b1272041db1364831db88d72b114cca8f67e70416c3ea4326f99e5d53e1ea677
1545,lambda_c,3.803718067314107,level1,none,1.0,1.0,0.9988003136100676,0.0004878589555624641,0.0007118274343698826,dof_grade_not_a,data/raw/wave1_selection.json,b1272041db1364831db88d72b114cca8f67e70416c3ea4326f99e5d53e1ea677
321,lambda_c_2860,0.8178334808866644,level1,none,1.0,1.0,0.9990671133576189,0.0006806398968606935,0.000252246745520479,,data/raw/wave1_selection.json,b1272041db1364831db88d72b114cca8f67e70416c3ea4326f99e5d53e1ea677
1268,lambda_c,2.032592341870386,none,none,1.0,1.0,0.0010563443961764277,0.998720262822424,0.00022339278139978577,dof_grade_not_a,data/raw/wave1_selection.json,b1272041db1364831db88d72b114cca8f67e70416c3ea4326f99e5d53e1ea677
1220,lambda_c,3.9766082051695935,level1,none,2.0,2.0,0.9997008301282131,0.00021900141528359023,8.016845650323235e-05,,data/raw/wave1_selection.json,b1272041db1364831db88d72b114cca8f67e70416c3ea4326f99e5d53e1ea677
769,sigma_1775,0.017462926084569508,level1,none,1.0,1.0,0.9993776681357669,0.0005653970229758362,5.6934841257344216e-05,,data/raw/wave1_selection.json,b1272041db1364831db88d72b114cca8f67e70416c3ea4326f99e5d53e1ea677
1897,lambda_c_2625,0.543694430420386,none,none,1.0,1.0,9.66587712293781e-05,0.9998133679365447,8.997329222599385e-05,dof_grade_not_a;policy_rejected,data/raw/wave1_selection.json,b1272041db1364831db88d72b114cca8f67e70416c3ea4326f99e5d53e1ea677
118,lambda_c_2860,0.6727177842912763,level1,none,1.0,1.0,0.9985480384489374,0.0012605694408258205,0.00019139211023681607,dof_grade_not_a,data/raw/wave1_selection.json,b1272041db1364831db88d72b114cca8f67e70416c3ea4326f99e5d53e1ea677
182,delta_1910,0.06064421438711659,level1,none,2.0,2.0,0.9998528002383251,9.244132599919838e-05,5.475843567568452e-05,,data/raw/wave1_selection.json,b1272041db1364831db88d72b114cca8f67e70416c3ea4326f99e5d53e1ea677
1002,lambda_c_2765,0.7361711523382871,none,structural,1.0,1.0,2.1965294312629508e-10,1.1615446162641595e-05,0.9999883843341841,dof_grade_not_a;policy_rejected,data/raw/wave1_selection.json,b1272041db1364831db88d72b114cca8f67e70416c3ea4326f99e5d53e1ea677
98,lambda_c_2765,0.04200677237993292,level1,none,1.0,1.0,0.9996592491923806,0.0002815560917354665,5.919471588409939e-05,policy_rejected,data/raw/wave1_selection.json,b1272041db1364831db88d72b114cca8f67e70416c3ea4326f99e5d53e1ea677
307,lambda_c,3.756979451151041,level1,none,2.0,2.0,0.998830600821864,0.00026392152068668064,0.0009054776574492407,,data/raw/wave1_selection.json,b1272041db1364831db88d72b114cca8f67e70416c3ea4326f99e5d53e1ea677
565,delta_1600,0.3158112127612593,level1,none,1.0,1.0,0.9995654773208867,0.00039038383777564747,4.413884133787366e-05,policy_rejected,data/raw/wave1_selection.json,b1272041db1364831db88d72b114cca8f67e70416c3ea4326f99e5d53e1ea677
54,delta_1910,0.034710132305797274,level1,none,1.0,1.0,0.999597402045652,0.00029917538871072886,0.00010342256563728202,policy_rejected,data/raw/wave1_selection.json,b1272041db1364831db88d72b114cca8f67e70416c3ea4326f99e5d53e1ea677
347,lambda_c,0.7938502518074741,level1,none,1.0,1.0,0.9998091422521433,8.80666801480354e-05,0.00010279106770861431,,data/raw/wave1_selection.json,b1272041db1364831db88d72b114cca8f67e70416c3ea4326f99e5d53e1ea677
1896,delta_1910,0.03205416775891417,none,none,1.0,1.0,0.00020022643962029713,0.9990086573784546,0.0007911161819252232,dof_grade_not_a,data/raw/wave1_selection.json,b1272041db1364831db88d72b114cca8f67e70416c3ea4326f99e5d53e1ea677
1407,lambda_c_2765,0.8360807777391941,none,none,1.0,1.0,0.0004114867031260935,0.9993108268132574,0.00027768648361644607,dof_grade_not_a;policy_rejected,data/raw/wave1_selection.json,b1272041db1364831db88d72b114cca8f67e70416c3ea4326f99e5d53e1ea677
272,delta_1900,0.05015061816415643,level1,none,1.0,1.0,0.9997111128094099,0.00013269570603758937,0.00015619148455250844,policy_rejected,data/raw/wave1_selection.json,b1272041db1364831db88d72b114cca8f67e70416c3ea4326f99e5d53e1ea677
1076,delta_1950,0.05520528329589383,level1,none,2.0,2.0,0.9990002520280584,0.0009502381829073025,4.9509789034266496e-05,dof_grade_not_a,data/raw/wave1_selection.json,b1272041db1364831db88d72b114cca8f67e70416c3ea4326f99e5d53e1ea677
1770,sigma_1775,0.37470391084319643,level1,none,1.0,1.0,0.9992850803577318,0.0004192038034309356,0.000295715838837367,,data/raw/wave1_selection.json,b1272041db1364831db88d72b114cca8f67e70416c3ea4326f99e5d53e1ea677
56,xi_c_2645,0.12253862437307081,level1,none,1.0,1.0,0.9992311754459753,0.00013981813625556607,0.0006290064177691959,,data/raw/wave1_selection.json,b1272041db1364831db88d72b114cca8f67e70416c3ea4326f99e5d53e1ea677
1949,delta_1900,0.032028821966186505,level1,none,2.0,2.0,0.9996295039937018,9.868674274860907e-05,0.0002718092635497665,,data/raw/wave1_selection.json,b1272041db1364831db88d72b114cca8f67e70416c3ea4326f99e5d53e1ea677
1529,delta_1900,0.07898186651696687,level1,none,3.0,3.0,0.9990343395208027,0.0001318249539760842,0.0008338355252212033,dof_grade_not_a,data/raw/wave1_selection.json,b1272041db1364831db88d72b114cca8f67e70416c3ea4326f99e5d53e1ea677
1583,delta_1930,0.026103313347414933,level1,none,3.0,3.0,0.999576298531574,4.6200543344602964e-05,0.0003775009250812859,policy_rejected,data/raw/wave1_selection.json,b1272041db1364831db88d72b114cca8f67e70416c3ea4326f99e5d53e1ea677
1643,delta_1600,0.1625015002499901,level1,none,2.0,2.0,0.9996132493953931,0.0001451161414295457,0.0002416344631773541,policy_rejected,data/raw/wave1_selection.json,b1272041db1364831db88d72b114cca8f67e70416c3ea4326f99e5d53e1ea677
1720,delta_1950,0.04716136525677191,level1,none,2.0,2.0,0.999197817340534,6.489059862701246e-05,0.0007372920608390984,,data/raw/wave1_selection.json,b1272041db1364831db88d72b114cca8f67e70416c3ea4326f99e5d53e1ea677
1924,delta_1930,0.049035896274101966,level1,none,1.0,1.0,0.9995794907023003,1.3908270951406043e-05,0.0004066010267482582,policy_rejected,data/raw/wave1_selection.json,b1272041db1364831db88d72b114cca8f67e70416c3ea4326f99e5d53e1ea677
1003,delta_1600,0.02057503139616582,level1,none,1.0,1.0,0.9994866787633072,0.00022691062326916478,0.00028641061342367814,policy_rejected,data/raw/wave1_selection.json,b1272041db1364831db88d72b114cca8f67e70416c3ea4326f99e5d53e1ea677
125,lambda_c_2765,0.0677335812226622,level1,none,2.0,2.0,0.9998240455284566,3.178406977186287e-05,0.00014417040177145866,policy_rejected,data/raw/wave1_selection.json,b1272041db1364831db88d72b114cca8f67e70416c3ea4326f99e5d53e1ea677
1097,delta_1950,0.20269808654604024,level1,none,3.0,3.0,0.9997237564772206,0.00014080334375448663,0.00013544017902505725,dof_grade_not_a,data/raw/wave1_selection.json,b1272041db1364831db88d72b114cca8f67e70416c3ea4326f99e5d53e1ea677
626,delta_1900,0.038388192693527924,level1,none,2.0,2.0,0.9998388668078685,1.931385896492127e-05,0.00014181933316677255,,data/raw/wave1_selection.json,b1272041db1364831db88d72b114cca8f67e70416c3ea4326f99e5d53e1ea677
613,lambda_c_2625,0.35369705975352245,level1,none,1.0,1.0,0.9991880266248323,0.00014015063900489833,0.0006718227361627137,policy_rejected,data/raw/wave1_selection.json,b1272041db1364831db88d72b114cca8f67e70416c3ea4326f99e5d53e1ea677
49,lambda_c_2765,3.7269913522300846,level1,none,1.0,1.0,0.9987593211262054,0.0009748063516190115,0.0002658725221756036,dof_grade_not_a;policy_rejected,data/raw/wave1_selection.json,b1272041db1364831db88d72b114cca8f67e70416c3ea4326f99e5d53e1ea677
1155,delta_1600,0.09699486895336684,level1,none,1.0,1.0,0.9996673464237161,6.148756163625198e-05,0.0002711660146475917,policy_rejected,data/raw/wave1_selection.json,b1272041db1364831db88d72b114cca8f67e70416c3ea4326f99e5d53e1ea677
458,delta_1600,0.3028173421145518,level1,none,1.0,1.0,0.9996984006192102,0.0001562612596185032,0.00014533812117136088,policy_rejected,data/raw/wave1_selection.json,b1272041db1364831db88d72b114cca8f67e70416c3ea4326f99e5d53e1ea677
150,delta_1910,0.07761916344761471,level1,none,1.0,1.0,0.9995737184145661,0.00025564347610400854,0.00017063810932986946,policy_rejected,data/raw/wave1_selection.json,b1272041db1364831db88d72b114cca8f67e70416c3ea4326f99e5d53e1ea677
29,lambda_c,2.598328497583577,level1,none,1.0,1.0,0.9989645341932022,0.00018960417872172916,0.000845861628076136,,data/raw/wave1_selection.json,b1272041db1364831db88d72b114cca8f67e70416c3ea4326f99e5d53e1ea677
1859,lambda_c_2860,0.17652183853913705,level1,none,2.0,2.0,0.9988858322329608,0.000273128125861951,0.0008410396411772246,,data/raw/wave1_selection.json,b1272041db1364831db88d72b114cca8f67e70416c3ea4326f99e5d53e1ea677
1989,delta_1910,0.0723251089534956,level1,none,3.0,3.0,0.9995089518435646,9.956290061862451e-05,0.00039148525581681533,,data/raw/wave1_selection.json,b1272041db1364831db88d72b114cca8f67e70416c3ea4326f99e5d53e1ea677
770,nucleon_1720,0.01768244505793907,level1,none,1.0,1.0,0.9996148145018257,0.00018834795552763784,0.00019683754264661162,policy_rejected,data/raw/wave1_selection.json,b1272041db1364831db88d72b114cca8f67e70416c3ea4326f99e5d53e1ea677
159,lambda_c,2.583456816827155,level1,none,1.0,1.0,0.999758785008023,2.7767083688295555e-05,0.00021344790828877177,,data/raw/wave1_selection.json,b1272041db1364831db88d72b114cca8f67e70416c3ea4326f99e5d53e1ea677
902,delta_1620,0.21522478769897294,level1,none,1.0,1.0,0.9989754906072112,0.0003958748586327829,0.0006286345341559853,,data/raw/wave1_selection.json,b1272041db1364831db88d72b114cca8f67e70416c3ea4326f99e5d53e1ea677
276,delta_1600,0.5627675934482169,level1,none,1.0,1.0,0.9978759631929272,0.0011965313270662972,0.0009275054800066449,dof_grade_not_a;policy_rejected,data/raw/wave1_selection.json,b1272041db1364831db88d72b114cca8f67e70416c3ea4326f99e5d53e1ea677
1707,delta_1950,0.10031946499361363,level1,none,1.0,1.0,0.9996396893929419,4.516251827724857e-05,0.0003151480887808625,,data/raw/wave1_selection.json,b1272041db1364831db88d72b114cca8f67e70416c3ea4326f99e5d53e1ea677
1927,delta_1900,0.14867950435533883,level1,none,2.0,2.0,0.999606437983383,0.00031559014582384424,7.797187079310137e-05,,data/raw/wave1_selection.json,b1272041db1364831db88d72b114cca8f67e70416c3ea4326f99e5d53e1ea677
444,delta_1950,0.04880425382391609,level1,none,2.0,2.0,0.9986996483754365,0.0008677415166260949,0.0004326101079374916,dof_grade_not_a,data/raw/wave1_selection.json,b1272041db1364831db88d72b114cca8f67e70416c3ea4326f99e5d53e1ea677
1231,delta_1930,0.0454735566131587,level1,latent,1.0,1.0,0.9988044195451792,9.448066778743747e-05,0.0011010997870332633,policy_rejected,data/raw/wave1_selection.json,b1272041db1364831db88d72b114cca8f67e70416c3ea4326f99e5d53e1ea677
1351,lambda_c_2765,0.41357428946425795,level1,none,1.0,1.0,0.9991727374436334,0.0004160457355728263,0.0004112168207938001,policy_rejected,data/raw/wave1_selection.json,b1272041db1364831db88d72b114cca8f67e70416c3ea4326f99e5d53e1ea677
1343,sigma_1775,1.2985070710497708,level1,none,1.0,1.0,0.9994415536823054,8.100827849778172e-05,0.0004774380391968144,,data/raw/wave1_selection.json,b1272041db1364831db88d72b114cca8f67e70416c3ea4326f99e5d53e1ea677
936,nucleon_1720,0.38745110981372083,level1,none,1.0,1.0,0.9994286488761658,0.0004016943990457222,0.0001696567247885558,policy_rejected,data/raw/wave1_selection.json,b1272041db1364831db88d72b114cca8f67e70416c3ea4326f99e5d53e1ea677
1333,lambda_c,3.0591532040423393,level1,latent,1.0,1.0,0.9978809096394191,0.0008014211426524235,0.0013176692179284388,dof_grade_not_a,data/raw/wave1_selection.json,b1272041db1364831db88d72b114cca8f67e70416c3ea4326f99e5d53e1ea677
1417,lambda_c_2765,0.584295411657044,level1,none,1.0,1.0,0.9996315087337262,5.2561116326505666e-05,0.00031593014994745746,policy_rejected,data/raw/wave1_selection.json,b1272041db1364831db88d72b114cca8f67e70416c3ea4326f99e5d53e1ea677
611,xi_c_2645,0.4575887916205589,level1,none,1.0,1.0,0.9998411914642542,2.586942754348798e-05,0.00013293910820234123,,data/raw/wave1_selection.json,b1272041db1364831db88d72b114cca8f67e70416c3ea4326f99e5d53e1ea677
201,delta_1620,0.1524925586461387,level1,none,2.0,2.0,0.9990147202183631,0.0009154154175444259,6.986436409250966e-05,,data/raw/wave1_selection.json,b1272041db1364831db88d72b114cca8f67e70416c3ea4326f99e5d53e1ea677
668,delta_1910,0.081939185761216,level1,none,2.0,2.0,0.9993255487406235,0.0001710649114148749,0.0005033863479617505,,data/raw/wave1_selection.json,b1272041db1364831db88d72b114cca8f67e70416c3ea4326f99e5d53e1ea677
1909,delta_1950,0.0985497198290087,level1,none,1.0,1.0,0.9992066841634486,5.558732281070789e-05,0.000737728513740578,,data/raw/wave1_selection.json,b1272041db1364831db88d72b114cca8f67e70416c3ea4326f99e5d53e1ea677
1104,lambda_c,3.672725930863706,level1,latent,1.0,1.0,0.998213387493844,0.00026683218510848794,0.0015197803210474524,dof_grade_not_a,data/raw/wave1_selection.json,b1272041db1364831db88d72b114cca8f67e70416c3ea4326f99e5d53e1ea677
472,delta_1950,0.22005741599884887,none,latent,1.0,1.0,0.00011807542888003702,0.9963066894410297,0.0035752351300901582,dof_grade_not_a,data/raw/wave1_selection.json,b1272041db1364831db88d72b114cca8f67e70416c3ea4326f99e5d53e1ea677
1228,delta_1600,0.5321298989191344,level1,none,1.0,1.0,0.9988097547663978,0.0006823954047958932,0.0005078498288063892,dof_grade_not_a;policy_rejected,data/raw/wave1_selection.json,b1272041db1364831db88d72b114cca8f67e70416c3ea4326f99e5d53e1ea677
582,delta_1930,0.03735888781602762,level1,none,2.0,2.0,0.9998505719181663,6.607131967917167e-05,8.33567621546151e-05,policy_rejected,data/raw/wave1_selection.json,b1272041db1364831db88d72b114cca8f67e70416c3ea4326f99e5d53e1ea677
1756,delta_1900,0.07100012698333326,level1,none,3.0,3.0,0.9998197281382069,8.525753433856107e-05,9.501432745465017e-05,dof_grade_not_a,data/raw/wave1_selection.json,b1272041db1364831db88d72b114cca8f67e70416c3ea4326f99e5d53e1ea677
1868,sigma_1775,1.3097632283412268,level1,none,1.0,1.0,0.9995751994551391,0.00016036650017971343,0.000264434044681107,,data/raw/wave1_selection.json,b1272041db1364831db88d72b114cca8f67e70416c3ea4326f99e5d53e1ea677
534,lambda_c,0.4422727448863587,level1,none,2.0,2.0,0.9996828423073796,0.00010570791344489636,0.00021144977917547908,,data/raw/wave1_selection.json,b1272041db1364831db88d72b114cca8f67e70416c3ea4326f99e5d53e1ea677
138,delta_1920,0.07324561341886017,level1,none,3.0,3.0,0.9997618160541907,0.0001746136533322908,6.357029247703074e-05,,data/raw/wave1_selection.json,b1272041db1364831db88d72b114cca8f67e70416c3ea4326f99e5d53e1ea677
1680,xi_c_prime_2575,1.7488479102880206,level1,latent,1.0,1.0,0.9987272720735412,0.00019936469911233809,0.0010733632273465625,dof_grade_not_a,data/raw/wave1_selection.json,b1272041db1364831db88d72b114cca8f67e70416c3ea4326f99e5d53e1ea677
58,xi_c_plus,0.6498489391792717,level1,none,1.0,1.0,0.9994647725487046,0.00031713212573300167,0.00021809532556246196,,data/raw/wave1_selection.json,b1272041db1364831db88d72b114cca8f67e70416c3ea4326f99e5d53e1ea677
404,delta_1950,0.04922066301558932,level1,none,2.0,2.0,0.9994413927002476,5.216489056777522e-05,0.0005064424091845483,dof_grade_not_a,data/raw/wave1_selection.json,b1272041db1364831db88d72b114cca8f67e70416c3ea4326f99e5d53e1ea677
60,delta_1900,0.08370024277166199,level1,none,1.0,1.0,0.9992833270770521,0.0006474934156173032,6.91795073308253e-05,policy_rejected,data/raw/wave1_selection.json,b1272041db1364831db88d72b114cca8f67e70416c3ea4326f99e5d53e1ea677
1307,lambda_c_2860,0.8882094912716282,level1,none,1.0,1.0,0.9993380335157326,0.0006416699000664399,2.029658420102945e-05,,data/raw/wave1_selection.json,b1272041db1364831db88d72b114cca8f67e70416c3ea4326f99e5d53e1ea677
1120,delta_1950,0.17462195570755956,level1,none,1.0,1.0,0.9998303698330319,2.8747354908287633e-06,0.00016675543147743403,,data/raw/wave1_selection.json,b1272041db1364831db88d72b114cca8f67e70416c3ea4326f99e5d53e1ea677
1023,delta_1930,0.06277093193072711,level1,none,2.0,2.0,0.9992461878937264,0.0001605954001598534,0.000593216706113776,dof_grade_not_a;policy_rejected,data/raw/wave1_selection.json,b1272041db1364831db88d72b114cca8f67e70416c3ea4326f99e5d53e1ea677
1844,lambda_c_2765,1.540846379991538,level1,none,1.0,1.0,0.9996394280078404,8.361929574670822e-05,0.000276952696412767,policy_rejected,data/raw/wave1_selection.json,b1272041db1364831db88d72b114cca8f67e70416c3ea4326f99e5d53e1ea677
1710,lambda_c_2765,0.5222475358775251,level1,none,1.0,1.0,0.9997534017265064,5.189140725702583e-05,0.00019470686623652156,policy_rejected,data/raw/wave1_selection.json,b1272041db1364831db88d72b114cca8f67e70416c3ea4326f99e5d53e1ea677
1857,lambda_c_2765,1.2126198145738027,level1,none,1.0,1.0,0.999045151524824,0.000656768522110565,0.0002980799530654796,policy_rejected,data/raw/wave1_selection.json,b1272041db1364831db88d72b114cca8f67e70416c3ea4326f99e5d53e1ea677
963,lambda_c,2.50278106786095,level1,none,1.0,1.0,0.9989035543246436,0.000891977583512049,0.00020446809184427418,policy_rejected,data/raw/wave1_selection.json,b1272041db1364831db88d72b114cca8f67e70416c3ea4326f99e5d53e1ea677
1956,omega_baryon,0.09166778106477984,level1,none,1.0,1.0,0.9988028659689459,0.0010907679014186956,0.000106366129635495,policy_rejected,data/raw/wave1_selection.json,b1272041db1364831db88d72b114cca8f67e70416c3ea4326f99e5d53e1ea677
431,lambda_c_2765,0.9586170772138313,level1,none,1.0,1.0,0.9982087318304712,0.0017229526003341036,6.83155691945337e-05,dof_grade_not_a;policy_rejected,data/raw/wave1_selection.json,b1272041db1364831db88d72b114cca8f67e70416c3ea4326f99e5d53e1ea677
452,lambda_c,0.7843390467830442,level1,none,1.0,1.0,0.9999492113828926,2.716652437043074e-05,2.3622092736932335e-05,,data/raw/wave1_selection.json,b1272041db1364831db88d72b114cca8f67e70416c3ea4326f99e5d53e1ea677
1663,lambda_c,1.301975126901237,level1,none,1.0,1.0,0.9991726317082511,0.0006054241688859749,0.00022194412286276498,policy_rejected,data/raw/wave1_selection.json,b1272041db1364831db88d72b114cca8f67e70416c3ea4326f99e5d53e1ea677
171,sigma_1775,0.9385422953819298,level1,none,1.0,1.0,0.9993468491665477,9.749193571194435e-05,0.0005556588977402995,,data/raw/wave1_selection.json,b1272041db1364831db88d72b114cca8f67e70416c3ea4326f99e5d53e1ea677
907,sigma_1775,0.9334606035513148,level1,none,1.0,1.0,0.9994410228349616,0.0003636659934603877,0.00019531117157793457,,data/raw/wave1_selection.json,b1272041db1364831db88d72b114cca8f67e70416c3ea4326f99e5d53e1ea677
1880,delta_1950,0.18712246785754924,level1,none,2.0,2.0,0.9997710865724599,0.0001991084509754671,2.9804976564656335e-05,,data/raw/wave1_selection.json,b1272041db1364831db88d72b114cca8f67e70416c3ea4326f99e5d53e1ea677
1040,delta_1910,0.05205114715898006,level1,none,2.0,2.0,0.9992191394639341,0.0002299826214365541,0.0005508779146292533,,data/raw/wave1_selection.json,b1272041db1364831db88d72b114cca8f67e70416c3ea4326f99e5d53e1ea677
1587,delta_1900,0.004365361593913428,level1,none,2.0,2.0,0.999418039228291,0.00033120338193549757,0.0002507573897735791,dof_grade_not_a,data/raw/wave1_selection.json,b1272041db1364831db88d72b114cca8f67e70416c3ea4326f99e5d53e1ea677
677,delta_1950,0.007127907257439323,level1,none,2.0,2.0,0.9998531386343497,9.411264594480726e-05,5.27487197054842e-05,,data/raw/wave1_selection.json,b1272041db1364831db88d72b114cca8f67e70416c3ea4326f99e5d53e1ea677
857,delta_1600,0.34738637775075776,level1,none,1.0,1.0,0.99976510054052,8.77607722991618e-05,0.00014713868718070944,policy_rejected,data/raw/wave1_selection.json,b1272041db1364831db88d72b114cca8f67e70416c3ea4326f99e5d53e1ea677
59,delta_1900,0.08377510560375044,level1,none,2.0,2.0,0.9992627549940614,0.00011497254798487572,0.0006222724579539269,dof_grade_not_a,data/raw/wave1_selection.json,b1272041db1364831db88d72b114cca8f67e70416c3ea4326f99e5d53e1ea677
127,xi_c_2645,0.5246343282682923,level1,none,1.0,1.0,0.9995183200579522,0.0001741463142557277,0.00030753362779218084,,data/raw/wave1_selection.json,b1272041db1364831db88d72b114cca8f67e70416c3ea4326f99e5d53e1ea677
648,delta_1950,0.04428785691424341,level1,none,2.0,2.0,0.9994150249427493,3.5933593995599956e-05,0.0005490414632550786,dof_grade_not_a,data/raw/wave1_selection.json,b1272041db1364831db88d72b114cca8f67e70416c3ea4326f99e5d53e1ea677
987,lambda_c_2625,1.5157516649499103,level1,none,1.0,1.0,0.999696291723322,0.0001785889985866648,0.00012511927809134312,policy_rejected,data/raw/wave1_selection.json,b1272041db1364831db88d72b114cca8f67e70416c3ea4326f99e5d53e1ea677
1781,nucleon_1720,0.3742708431432316,none,latent,1.0,1.0,0.00043425240789812005,0.998522354133271,0.0010433934588310425,dof_grade_not_a;policy_rejected,data/raw/wave1_selection.json,b1272041db1364831db88d72b114cca8f67e70416c3ea4326f99e5d53e1ea677
1188,lambda_c_2625,0.2618807832079433,level1,none,1.0,1.0,0.9995940871385492,6.427052742811527e-05,0.0003416423340228326,policy_rejected,data/raw/wave1_selection.json,b1272041db1364831db88d72b114cca8f67e70416c3ea4326f99e5d53e1ea677
1280,delta_1920,0.028343318291418576,level1,none,1.0,1.0,0.9998229454075901,1.912782177954208e-05,0.0001579267706303219,,data/raw/wave1_selection.json,b1272041db1364831db88d72b114cca8f67e70416c3ea4326f99e5d53e1ea677
198,delta_1950,0.038045612239087284,level1,none,2.0,2.0,0.9994985737427442,0.0003617560384410703,0.0001396702188146042,,data/raw/wave1_selection.json,b1272041db1364831db88d72b114cca8f67e70416c3ea4326f99e5d53e1ea677
1441,lambda_c,2.0335979338201096,level1,none,1.0,1.0,0.9993495034319331,0.00047653160113729774,0.0001739649669296239,policy_rejected,data/raw/wave1_selection.json,b1272041db1364831db88d72b114cca8f67e70416c3ea4326f99e5d53e1ea677
1981,lambda_c_2765,3.508080909919191,level1,none,1.0,1.0,0.999401706593136,0.00047055600206504243,0.00012773740479872414,policy_rejected,data/raw/wave1_selection.json,b1272041db1364831db88d72b114cca8f67e70416c3ea4326f99e5d53e1ea677
1013,lambda_c_2765,0.9276781321232199,level1,none,1.0,1.0,0.9998757457978906,4.8588623334244385e-05,7.5665578775165e-05,policy_rejected,data/raw/wave1_selection.json,b1272041db1364831db88d72b114cca8f67e70416c3ea4326f99e5d53e1ea677
1021,lambda_c_2765,0.1426630393733692,level1,none,1.0,1.0,0.9997885867184837,4.530930012138593e-05,0.00016610398139498139,policy_rejected,data/raw/wave1_selection.json,b1272041db1364831db88d72b114cca8f67e70416c3ea4326f99e5d53e1ea677
693,lambda_c,3.9034026893298615,level1,none,1.0,1.0,0.9991557890466982,0.0002634222811254276,0.0005807886721762843,,data/raw/wave1_selection.json,b1272041db1364831db88d72b114cca8f67e70416c3ea4326f99e5d53e1ea677
1409,delta_1600,0.49899437587337114,level1,latent,1.0,1.0,0.998201129348408,0.0005422410067998715,0.0012566296447919338,dof_grade_not_a;policy_rejected,data/raw/wave1_selection.json,b1272041db1364831db88d72b114cca8f67e70416c3ea4326f99e5d53e1ea677
1024,sigma_1775,0.22113352496221106,level1,none,1.0,1.0,0.9998264620974707,0.00011177480942258465,6.17630931067959e-05,,data/raw/wave1_selection.json,b1272041db1364831db88d72b114cca8f67e70416c3ea4326f99e5d53e1ea677
1939,delta_1600,0.2022404499183968,level1,none,1.0,1.0,0.9988615097634902,0.00019047183539463162,0.000948018401115132,policy_rejected,data/raw/wave1_selection.json,b1272041db1364831db88d72b114cca8f67e70416c3ea4326f99e5d53e1ea677
430,delta_1900,0.04731017287816376,level1,none,2.0,2.0,0.999491850595042,0.00040872783410784996,9.942157085023149e-05,,data/raw/wave1_selection.json,b1272041db1364831db88d72b114cca8f67e70416c3ea4326f99e5d53e1ea677
858,lambda_c,2.5363676006816305,level1,none,1.0,1.0,0.9976932326415969,0.002137080308051807,0.00016968705035137014,dof_grade_not_a,data/raw/wave1_selection.json,b1272041db1364831db88d72b114cca8f67e70416c3ea4326f99e5d53e1ea677
641,lambda_c,2.8773713471314353,level1,none,1.0,1.0,0.9998658510111889,6.00194927309678e-05,7.412949608019412e-05,,data/raw/wave1_selection.json,b1272041db1364831db88d72b114cca8f67e70416c3ea4326f99e5d53e1ea677
1201,delta_1950,0.11168898556621853,level1,none,2.0,2.0,0.9994815369092835,0.00012196537043909376,0.0003964977202773539,,data/raw/wave1_selection.json,b1272041db1364831db88d72b114cca8f67e70416c3ea4326f99e5d53e1ea677
1199,xi_c_prime_2575,0.2833719666570709,level1,none,2.0,2.0,0.9994568225212512,0.00015923249925527792,0.00038394497949360097,,data/raw/wave1_selection.json,b1272041db1364831db88d72b114cca8f67e70416c3ea4326f99e5d53e1ea677
968,delta_1600,0.014470643303529492,none,none,1.0,1.0,0.00039109760002777776,0.9991857286818641,0.0004231737181082439,dof_grade_not_a;policy_rejected,data/raw/wave1_selection.json,b1272041db1364831db88d72b114cca8f67e70416c3ea4326f99e5d53e1ea677
1580,lambda_c,2.09172839491357,level1,none,1.0,1.0,0.9999489713172053,3.704605346770022e-05,1.3982629326992744e-05,,data/raw/wave1_selection.json,b1272041db1364831db88d72b114cca8f67e70416c3ea4326f99e5d53e1ea677
575,delta_1950,0.2096556798068894,level1,none,1.0,1.0,0.9996613228882942,1.8473994434690244e-05,0.0003202031172710476,,data/raw/wave1_selection.json,b1272041db1364831db88d72b114cca8f67e70416c3ea4326f99e5d53e1ea677
1936,delta_1950,0.19745101985097893,level1,none,2.0,2.0,0.9997228178186592,6.0899647863069955e-05,0.00021628253347759054,,data/raw/wave1_selection.json,b1272041db1364831db88d72b114cca8f67e70416c3ea4326f99e5d53e1ea677
552,delta_1600,0.22754801061634725,level1,none,1.0,1.0,0.9997571110077949,0.00019313314332897733,4.975584887632483e-05,policy_rejected,data/raw/wave1_selection.json,b1272041db1364831db88d72b114cca8f67e70416c3ea4326f99e5d53e1ea677
1430,lambda_c_2625,0.8727827978144749,level1,none,1.0,1.0,0.999603976026047,0.00017961789179147926,0.00021640608216141413,policy_rejected,data/raw/wave1_selection.json,b1272041db1364831db88d72b114cca8f67e70416c3ea4326f99e5d53e1ea677
596,lambda_c,2.3024031223798387,level1,none,1.0,1.0,0.9994793245491295,0.0002683724751240243,0.000252302975746521,,data/raw/wave1_selection.json,b1272041db1364831db88d72b114cca8f67e70416c3ea4326f99e5d53e1ea677
409,lambda_c_2860,0.8243148418274159,level1,none,1.0,1.0,0.9995170419623696,0.00017581967270131123,0.00030713836492928556,,data/raw/wave1_selection.json,b1272041db1364831db88d72b114cca8f67e70416c3ea4326f99e5d53e1ea677
1129,lambda_c_2765,0.29085707349143103,level1,none,1.0,1.0,0.9998528314593923,7.127505222914332e-05,7.589348837848744e-05,policy_rejected,data/raw/wave1_selection.json,b1272041db1364831db88d72b114cca8f67e70416c3ea4326f99e5d53e1ea677
1473,delta_1620,0.22495524604353295,level1,none,1.0,1.0,0.9994476638356826,0.00010458853552319188,0.0004477476287943467,,data/raw/wave1_selection.json,b1272041db1364831db88d72b114cca8f67e70416c3ea4326f99e5d53e1ea677
1379,lambda_c_2765,3.443595950464041,level1,none,1.0,1.0,0.9994591048672973,8.771796257716918e-05,0.0004531771701253964,policy_rejected,data/raw/wave1_selection.json,b1272041db1364831db88d72b114cca8f67e70416c3ea4326f99e5d53e1ea677
356,delta_1900,0.17134664514422254,level1,none,1.0,1.0,0.9965910245803786,0.003041203408719802,0.0003677720109015946,dof_grade_not_a;policy_rejected,data/raw/wave1_selection.json,b1272041db1364831db88d72b114cca8f67e70416c3ea4326f99e5d53e1ea677
19,delta_1930,0.09307469317313326,level1,none,2.0,2.0,0.9999255232706177,1.6591964780133168e-05,5.7884764602247154e-05,policy_rejected,data/raw/wave1_selection.json,b1272041db1364831db88d72b114cca8f67e70416c3ea4326f99e5d53e1ea677
1258,delta_1900,0.07216792529720095,none,latent,1.0,1.0,1.9701293421385096e-05,0.9977996213310896,0.002180677375489195,dof_grade_not_a,data/raw/wave1_selection.json,b1272041db1364831db88d72b114cca8f67e70416c3ea4326f99e5d53e1ea677
408,lambda_c_2765,0.08379557026204476,level1,none,1.0,1.0,0.9990333913952201,0.0007281545997476659,0.0002384540050322148,policy_rejected,data/raw/wave1_selection.json,b1272041db1364831db88d72b114cca8f67e70416c3ea4326f99e5d53e1ea677
88,delta_1600,0.1102515215316558,level1,none,1.0,1.0,0.9989989184329515,0.0008000611974419908,0.00020102036960650008,policy_rejected,data/raw/wave1_selection.json,b1272041db1364831db88d72b114cca8f67e70416c3ea4326f99e5d53e1ea677
614,delta_1600,0.21052384932984058,level1,none,1.0,1.0,0.9995149233550552,0.00010528192960017337,0.0003797947153446419,policy_rejected,data/raw/wave1_selection.json,b1272041db1364831db88d72b114cca8f67e70416c3ea4326f99e5d53e1ea677
1439,xi_c_prime_2575,0.6728732517816844,level1,none,1.0,1.0,0.9994132860348818,0.00020432061745685466,0.0003823933476613832,,data/raw/wave1_selection.json,b1272041db1364831db88d72b114cca8f67e70416c3ea4326f99e5d53e1ea677
1514,delta_1910,0.021376960772457775,level1,none,2.0,2.0,0.999712497752434,3.713709277405763e-05,0.00025036515479194804,dof_grade_not_a,data/raw/wave1_selection.json,b1272041db1364831db88d72b114cca8f67e70416c3ea4326f99e5d53e1ea677
282,sigma_1775,0.7196492060116937,level1,none,1.0,1.0,0.9982273450901261,0.0012537056074148857,0.0005189493024590224,dof_grade_not_a,data/raw/wave1_selection.json,b1272041db1364831db88d72b114cca8f67e70416c3ea4326f99e5d53e1ea677
617,delta_1930,0.030583380735414434,level1,none,3.0,3.0,0.9994292239978461,0.00012153223780734612,0.00044924376434662375,policy_rejected,data/raw/wave1_selection.json,b1272041db1364831db88d72b114cca8f67e70416c3ea4326f99e5d53e1ea677
986,lambda_c_2860,1.008454047661835,level1,none,1.0,1.0,0.9985335986038488,0.0014176069891695502,4.879440698162758e-05,dof_grade_not_a,data/raw/wave1_selection.json,b1272041db1364831db88d72b114cca8f67e70416c3ea4326f99e5d53e1ea677
354,delta_1950,0.08498890630022068,level1,none,2.0,2.0,0.9993735870652403,0.00039294022560574496,0.00023347270915379225,,data/raw/wave1_selection.json,b1272041db1364831db88d72b114cca8f67e70416c3ea4326f99e5d53e1ea677
948,lambda_c,3.3888058600597093,level1,none,1.0,1.0,0.9991996033064882,0.0003737352977271347,0.0004266613957847994,,data/raw/wave1_selection.json,b1272041db1364831db88d72b114cca8f67e70416c3ea4326f99e5d53e1ea677
585,lambda_c_2595,1.6082002002999538,level1,none,2.0,2.0,0.9997639507780293,5.1688004650654086e-05,0.00018436121732009233,policy_rejected,data/raw/wave1_selection.json,b1272041db1364831db88d72b114cca8f67e70416c3ea4326f99e5d53e1ea677
100,lambda_c_2765,0.6587277824127242,none,latent,1.0,1.0,0.00023912462439213298,0.9974411144547051,0.0023197609209028177,dof_grade_not_a;policy_rejected,data/raw/wave1_selection.json,b1272041db1364831db88d72b114cca8f67e70416c3ea4326f99e5d53e1ea677
1238,nucleon_1720,0.217944777801382,level1,none,1.0,1.0,0.9997598147216893,7.171828285194025e-05,0.00016846699545871753,policy_rejected,data/raw/wave1_selection.json,b1272041db1364831db88d72b114cca8f67e70416c3ea4326f99e5d53e1ea677
560,delta_1900,0.04154653347422765,level1,none,1.0,1.0,0.9996332670326169,5.974206150492387e-05,0.0003069909058780647,,data/raw/wave1_selection.json,b1272041db1364831db88d72b114cca8f67e70416c3ea4326f99e5d53e1ea677
1123,lambda_c_2765,3.5933449262665484,level1,none,1.0,1.0,0.9991875970342952,0.0007285104213403131,8.389254436459244e-05,policy_rejected,data/raw/wave1_selection.json,b1272041db1364831db88d72b114cca8f67e70416c3ea4326f99e5d53e1ea677
178,delta_1930,0.12570086310747874,level1,none,2.0,2.0,0.9998685927189271,3.118783368790969e-05,0.0001002194473851034,policy_rejected,data/raw/wave1_selection.json,b1272041db1364831db88d72b114cca8f67e70416c3ea4326f99e5d53e1ea677
1222,xi_c_2645,0.4223070793846428,level1,none,1.0,1.0,0.9996730292914654,6.293932330902705e-05,0.00026403138522543783,,data/raw/wave1_selection.json,b1272041db1364831db88d72b114cca8f67e70416c3ea4326f99e5d53e1ea677
1212,lambda_c_2595,1.1428313578614595,level1,none,1.0,1.0,0.9998569153690658,7.401706075573145e-05,6.906757017837544e-05,policy_rejected,data/raw/wave1_selection.json,b1272041db1364831db88d72b114cca8f67e70416c3ea4326f99e5d53e1ea677
1513,sigma_1775,0.2403449796551674,level1,none,1.0,1.0,0.9996351457564888,6.286483209494526e-05,0.0003019894114162347,,data/raw/wave1_selection.json,b1272041db1364831db88d72b114cca8f67e70416c3ea4326f99e5d53e1ea677
1712,delta_1920,0.09402716264932001,level1,none,1.0,1.0,0.999527592231837,8.83266385654997e-05,0.0003840811295975131,,data/raw/wave1_selection.json,b1272041db1364831db88d72b114cca8f67e70416c3ea4326f99e5d53e1ea677
1995,lambda_c_2765,0.28077297869226947,level1,none,1.0,1.0,0.9987924666122473,0.0009508480201461793,0.00025668536760663837,policy_rejected,data/raw/wave1_selection.json,b1272041db1364831db88d72b114cca8f67e70416c3ea4326f99e5d53e1ea677
79,lambda_c_2625,0.40539350897376436,level1,none,1.0,1.0,0.9987782340954845,0.0009333165886362311,0.00028844931587926093,dof_grade_not_a;policy_rejected,data/raw/wave1_selection.json,b1272041db1364831db88d72b114cca8f67e70416c3ea4326f99e5d53e1ea677
1067,lambda_c,2.4305231334738377,level1,none,1.0,1.0,0.9992946525645668,0.00022896467763735472,0.00047638275779563464,,data/raw/wave1_selection.json,b1272041db1364831db88d72b114cca8f67e70416c3ea4326f99e5d53e1ea677
208,delta_1920,0.03975119950622448,level1,none,3.0,3.0,0.9989440500973765,0.00016238450630512338,0.000893565396318421,dof_grade_not_a,data/raw/wave1_selection.json,b1272041db1364831db88d72b114cca8f67e70416c3ea4326f99e5d53e1ea677
110,xi_c_2645,0.7461098161945191,level1,none,1.0,1.0,0.9990752830605903,0.00021825170674439178,0.0007064652326653123,,data/raw/wave1_selection.json,b1272041db1364831db88d72b114cca8f67e70416c3ea4326f99e5d53e1ea677
725,delta_1600,0.4307371819284196,level1,none,1.0,1.0,0.9986052055080568,0.0011874883011567744,0.0002073061907863636,dof_grade_not_a;policy_rejected,data/raw/wave1_selection.json,b1272041db1364831db88d72b114cca8f67e70416c3ea4326f99e5d53e1ea677
1190,lambda_c_2625,0.8870020281998828,level1,none,1.0,1.0,0.9995011850808799,0.00015464442451581785,0.00034417049460437697,policy_rejected,data/raw/wave1_selection.json,b1272041db1364831db88d72b114cca8f67e70416c3ea4326f99e5d53e1ea677
1376,sigma_1775,0.5849779715007325,level1,none,1.0,1.0,0.9992298596849474,0.0004048798327150901,0.0003652604823374342,,data/raw/wave1_selection.json,b1272041db1364831db88d72b114cca8f67e70416c3ea4326f99e5d53e1ea677
784,delta_1900,0.04992349500127527,level1,none,2.0,2.0,0.9994264449630084,8.918349110116564e-05,0.00048437154589058435,dof_grade_not_a,data/raw/wave1_selection.json,b1272041db1364831db88d72b114cca8f67e70416c3ea4326f99e5d53e1ea677
739,lambda_c_2765,0.8035028749649714,level1,none,1.0,1.0,0.9995634064617208,0.00029520774768900773,0.00014138579059009567,policy_rejected,data/raw/wave1_selection.json,b1272041db1364831db88d72b114cca8f67e70416c3ea4326f99e5d53e1ea677
1198,xi_c_2645,0.08261033086947195,level1,none,1.0,1.0,0.9995303208080388,6.79588682082495e-05,0.00040172032375300265,,data/raw/wave1_selection.json,b1272041db1364831db88d72b114cca8f67e70416c3ea4326f99e5d53e1ea677
84,xi_c_2645,0.8159875917006353,none,latent,1.0,1.0,0.00022110024687095343,0.9966652523003939,0.003113647452734951,dof_grade_not_a,data/raw/wave1_selection.json,b1272041db1364831db88d72b114cca8f67e70416c3ea4326f99e5d53e1ea677
597,lambda_c_2765,3.460330324896698,level1,none,1.0,1.0,0.9996608430814115,4.6251598543932985e-05,0.0002929053200445579,policy_rejected,data/raw/wave1_selection.json,b1272041db1364831db88d72b114cca8f67e70416c3ea4326f99e5d53e1ea677
81,lambda_c_2860,0.27869111365235005,level1,none,1.0,1.0,0.9988410875413711,0.00021108624411710541,0.0009478262145115606,,data/raw/wave1_selection.json,b1272041db1364831db88d72b114cca8f67e70416c3ea4326f99e5d53e1ea677
1748,delta_1950,0.026916373061671415,level1,none,1.0,1.0,0.9991107329072811,0.0005583251029906358,0.0003309419897281356,policy_rejected,data/raw/wave1_selection.json,b1272041db1364831db88d72b114cca8f67e70416c3ea4326f99e5d53e1ea677
372,lambda_c_2765,1.6362286972377116,level1,none,2.0,2.0,0.9994882419044573,0.0003788398301738936,0.00013291826536886907,policy_rejected,data/raw/wave1_selection.json,b1272041db1364831db88d72b114cca8f67e70416c3ea4326f99e5d53e1ea677
1684,delta_1600,0.24943022767046574,level1,none,2.0,2.0,0.9995347393083501,9.255946449711279e-05,0.00037270122715269994,policy_rejected,data/raw/wave1_selection.json,b1272041db1364831db88d72b114cca8f67e70416c3ea4326f99e5d53e1ea677
270,delta_1950,0.22157810076843784,level1,none,3.0,3.0,0.9997881612144264,7.470105118210975e-05,0.00013713773439157732,dof_grade_not_a,data/raw/wave1_selection.json,b1272041db1364831db88d72b114cca8f67e70416c3ea4326f99e5d53e1ea677
72,delta_1950,0.045553559488928946,level1,none,2.0,2.0,0.9988153218102211,0.00027204567597062773,0.0009126325138081783,dof_grade_not_a,data/raw/wave1_selection.json,b1272041db1364831db88d72b114cca8f67e70416c3ea4326f99e5d53e1ea677
155,lambda_c_2625,1.3499847020010267,level1,none,1.0,1.0,0.9995353563218874,0.00031046772342128835,0.00015417595469127937,policy_rejected,data/raw/wave1_selection.json,b1272041db1364831db88d72b114cca8f67e70416c3ea4326f99e5d53e1ea677
1817,sigma_1775,0.8281059340631386,level1,none,1.0,1.0,0.9989913919801273,0.00022842216015833195,0.0007801858597143611,,data/raw/wave1_selection.json,b1272041db1364831db88d72b114cca8f67e70416c3ea4326f99e5d53e1ea677
1332,lambda_c_2765,1.5613973506860277,level1,none,1.0,1.0,0.9991769730383068,0.00038718265019361446,0.00043584431149974696,policy_rejected,data/raw/wave1_selection.json,b1272041db1364831db88d72b114cca8f67e70416c3ea4326f99e5d53e1ea677
1612,delta_1950,0.09897640502047399,level1,none,2.0,2.0,0.9993539391906315,0.0002340129175413558,0.0004120478918271087,dof_grade_not_a,data/raw/wave1_selection.json,b1272041db1364831db88d72b114cca8f67e70416c3ea4326f99e5d53e1ea677
629,delta_1600,0.17984868440100873,level1,none,1.0,1.0,0.9991252242326477,0.0002211870047848895,0.0006535887625674819,policy_rejected,data/raw/wave1_selection.json,b1272041db1364831db88d72b114cca8f67e70416c3ea4326f99e5d53e1ea677
1146,lambda_c,1.1961202286939907,level1,none,1.0,1.0,0.999644017901559,6.30279348363452e-05,0.00029295416360482804,,data/raw/wave1_selection.json,b1272041db1364831db88d72b114cca8f67e70416c3ea4326f99e5d53e1ea677
1952,delta_1910,0.0011729271765386323,level1,none,2.0,2.0,0.9998204369346398,2.8013938341406005e-05,0.00015154912701877748,,data/raw/wave1_selection.json,b1272041db1364831db88d72b114cca8f67e70416c3ea4326f99e5d53e1ea677
685,lambda_c,1.2412222114388762,level1,none,2.0,2.0,0.9997742763937617,0.00011349208164077963,0.00011223152459738451,,data/raw/wave1_selection.json,b1272041db1364831db88d72b114cca8f67e70416c3ea4326f99e5d53e1ea677
1138,delta_1920,0.05426359264340821,level1,none,2.0,2.0,0.9990710126685062,4.265460707182013e-05,0.0008863327244219036,,data/raw/wave1_selection.json,b1272041db1364831db88d72b114cca8f67e70416c3ea4326f99e5d53e1ea677
328,delta_1910,0.11106434577871595,level1,latent,2.0,2.0,0.9986682368879098,0.00021529540210315514,0.001116467709987001,dof_grade_not_a,data/raw/wave1_selection.json,b1272041db1364831db88d72b114cca8f67e70416c3ea4326f99e5d53e1ea677
717,lambda_c_2765,3.739916502200836,level1,none,1.0,1.0,0.999022800863909,6.43463161510733e-05,0.0009128528199400519,policy_rejected,data/raw/wave1_selection.json,b1272041db1364831db88d72b114cca8f67e70416c3ea4326f99e5d53e1ea677
1818,lambda_c_2765,3.4993971157060297,level1,none,1.0,1.0,0.9996579679339778,4.258107210801463e-05,0.000299450993914204,policy_rejected,data/raw/wave1_selection.json,b1272041db1364831db88d72b114cca8f67e70416c3ea4326f99e5d53e1ea677
1534,lambda_c_2765,0.6209346238906545,level1,none,1.0,1.0,0.9990653324626351,0.0008587033041186579,7.596423324621728e-05,policy_rejected,data/raw/wave1_selection.json,b1272041db1364831db88d72b114cca8f67e70416c3ea4326f99e5d53e1ea677
