target,template_name,run_id,label,label_structural,match_d_total,structure_tier_compound,s2_state_compound,band_count,num_quark_blocks,reasons
proton,baryon_triangle,0,NO,REJECT_STRUCTURAL,nan,,,0,0,tier_below_min;s2_state_not_allowed;too_few_bands;too_few_quark_blocks;not_enough_levels_for_match;simulation_error
proton,baryon_chain,1,NO,REJECT_STRUCTURAL,nan,,,0,0,tier_below_min;s2_state_not_allowed;too_few_bands;too_few_quark_blocks;not_enough_levels_for_match;simulation_error
proton,baryon_triangle,2,NO,REJECT_STRUCTURAL,nan,,,0,0,tier_below_min;s2_state_not_allowed;too_few_bands;too_few_quark_blocks;not_enough_levels_for_match;simulation_error
proton,baryon_chain,3,NO,REJECT_STRUCTURAL,nan,,,0,0,tier_below_min;s2_state_not_allowed;too_few_bands;too_few_quark_blocks;not_enough_levels_for_match;simulation_error
proton,baryon_chain,4,NO,REJECT_STRUCTURAL,nan,,,0,0,tier_below_min;s2_state_not_allowed;too_few_bands;too_few_quark_blocks;not_enough_levels_for_match;simulation_error
proton,baryon_chain,5,NO,REJECT_STRUCTURAL,nan,,,0,0,tier_below_min;s2_state_not_allowed;too_few_bands;too_few_quark_blocks;not_enough_levels_for_match;simulation_error
proton,baryon_triangle,6,NO,REJECT_STRUCTURAL,nan,,,0,0,tier_below_min;s2_state_not_allowed;too_few_bands;too_few_quark_blocks;not_enough_levels_for_match;simulation_error
proton,baryon_chain,7,NO,REJECT_STRUCTURAL,nan,,,0,0,tier_below_min;s2_state_not_allowed;too_few_bands;too_few_quark_blocks;not_enough_levels_for_match;simulation_error
proton,baryon_triangle,8,NO,REJECT_STRUCTURAL,nan,,,0,0,tier_below_min;s2_state_not_allowed;too_few_bands;too_few_quark_blocks;not_enough_levels_for_match;simulation_error
proton,baryon_chain,9,NO,REJECT_STRUCTURAL,nan,,,0,0,tier_below_min;s2_state_not_allowed;too_few_bands;too_few_quark_blocks;not_enough_levels_for_match;simulation_error
proton,baryon_triangle,10,NO,REJECT_STRUCTURAL,nan,,,0,0,tier_below_min;s2_state_not_allowed;too_few_bands;too_few_quark_blocks;not_enough_levels_for_match;simulation_error
proton,baryon_triangle,11,NO,REJECT_STRUCTURAL,nan,,,0,0,tier_below_min;s2_state_not_allowed;too_few_bands;too_few_quark_blocks;not_enough_levels_for_match;simulation_error
proton,baryon_chain,12,NO,REJECT_STRUCTURAL,nan,,,0,0,tier_below_min;s2_state_not_allowed;too_few_bands;too_few_quark_blocks;not_enough_levels_for_match;simulation_error
proton,baryon_chain,13,NO,REJECT_STRUCTURAL,nan,,,0,0,tier_below_min;s2_state_not_allowed;too_few_bands;too_few_quark_blocks;not_enough_levels_for_match;simulation_error
proton,baryon_triangle,14,NO,REJECT_STRUCTURAL,nan,,,0,0,tier_below_min;s2_state_not_allowed;too_few_bands;too_few_quark_blocks;not_enough_levels_for_match;simulation_error
proton,baryon_chain,15,NO,REJECT_STRUCTURAL,nan,,,0,0,tier_below_min;s2_state_not_allowed;too_few_bands;too_few_quark_blocks;not_enough_levels_for_match;simulation_error
proton,baryon_triangle,16,NO,REJECT_STRUCTURAL,nan,,,0,0,tier_below_min;s2_state_not_allowed;too_few_bands;too_few_quark_blocks;not_enough_levels_for_match;simulation_error
proton,baryon_triangle,17,NO,REJECT_STRUCTURAL,nan,,,0,0,tier_below_min;s2_state_not_allowed;too_few_bands;too_few_quark_blocks;not_enough_levels_for_match;simulation_error
proton,baryon_triangle,18,NO,REJECT_STRUCTURAL,nan,,,0,0,tier_below_min;s2_state_not_allowed;too_few_bands;too_few_quark_blocks;not_enough_levels_for_match;simulation_error
proton,baryon_triangle,19,NO,REJECT_STRUCTURAL,nan,,,0,0,tier_below_min;s2_state_not_allowed;too_few_bands;too_few_quark_blocks;not_enough_levels_for_match;simulation_error
proton,baryon_chain,20,NO,REJECT_STRUCTURAL,nan,,,0,0,tier_below_min;s2_state_not_allowed;too_few_bands;too_few_quark_blocks;not_enough_levels_for_match;simulation_error
proton,baryon_chain,21,NO,REJECT_STRUCTURAL,nan,,,0,0,tier_below_min;s2_state_not_allowed;too_few_bands;too_few_quark_blocks;not_enough_levels_for_match;simulation_error
proton,baryon_chain,22,NO,REJECT_STRUCTURAL,nan,,,0,0,tier_below_min;s2_state_not_allowed;too_few_bands;too_few_quark_blocks;not_enough_levels_for_match;simulation_error
proton,baryon_triangle,23,NO,REJECT_STRUCTURAL,nan,,,0,0,tier_below_min;s2_state_not_allowed;too_few_bands;too_few_quark_blocks;not_enough_levels_for_match;simulation_error
proton,baryon_chain,24,NO,REJECT_STRUCTURAL,nan,,,0,0,tier_below_min;s2_state_not_allowed;too_few_bands;too_few_quark_blocks;not_enough_levels_for_match;simulation_error
proton,baryon_triangle,25,NO,REJECT_STRUCTURAL,nan,,,0,0,tier_below_min;s2_state_not_allowed;too_few_bands;too_few_quark_blocks;not_enough_levels_for_match;simulation_error
proton,baryon_chain,26,NO,REJECT_STRUCTURAL,nan,,,0,0,tier_below_min;s2_state_not_allowed;too_few_bands;too_few_quark_blocks;not_enough_levels_for_match;simulation_error
proton,baryon_triangle,27,NO,REJECT_STRUCTURAL,nan,,,0,0,tier_below_min;s2_state_not_allowed;too_few_bands;too_few_quark_blocks;not_enough_levels_for_match;simulation_error
proton,baryon_chain,28,NO,REJECT_STRUCTURAL,nan,,,0,0,tier_below_min;s2_state_not_allowed;too_few_bands;too_few_quark_blocks;not_enough_levels_for_match;simulation_error
proton,baryon_triangle,29,NO,REJECT_STRUCTURAL,nan,,,0,0,tier_below_min;s2_state_not_allowed;too_few_bands;too_few_quark_blocks;not_enough_levels_for_match;simulation_error
proton,baryon_triangle,30,NO,REJECT_STRUCTURAL,nan,,,0,0,tier_below_min;s2_state_not_allowed;too_few_bands;too_few_quark_blocks;not_enough_levels_for_match;simulation_error
proton,baryon_chain,31,NO,REJECT_STRUCTURAL,nan,,,0,0,tier_below_min;s2_state_not_allowed;too_few_bands;too_few_quark_blocks;not_enough_levels_for_match;simulation_error
proton,baryon_triangle,32,NO,REJECT_STRUCTURAL,nan,,,0,0,tier_below_min;s2_state_not_allowed;too_few_bands;too_few_quark_blocks;not_enough_levels_for_match;simulation_error
proton,baryon_chain,33,NO,REJECT_STRUCTURAL,nan,,,0,0,tier_below_min;s2_state_not_allowed;too_few_bands;too_few_quark_blocks;not_enough_levels_for_match;simulation_error
proton,baryon_triangle,34,NO,REJECT_STRUCTURAL,nan,,,0,0,tier_below_min;s2_state_not_allowed;too_few_bands;too_few_quark_blocks;not_enough_levels_for_match;simulation_error
proton,baryon_chain,35,NO,REJECT_STRUCTURAL,nan,,,0,0,tier_below_min;s2_state_not_allowed;too_few_bands;too_few_quark_blocks;not_enough_levels_for_match;simulation_error
proton,baryon_triangle,36,NO,REJECT_STRUCTURAL,nan,,,0,0,tier_below_min;s2_state_not_allowed;too_few_bands;too_few_quark_blocks;not_enough_levels_for_match;simulation_error
proton,baryon_triangle,37,NO,REJECT_STRUCTURAL,nan,,,0,0,tier_below_min;s2_state_not_allowed;too_few_bands;too_few_quark_blocks;not_enough_levels_for_match;simulation_error
proton,baryon_triangle,38,NO,REJECT_STRUCTURAL,nan,,,0,0,tier_below_min;s2_state_not_allowed;too_few_bands;too_few_quark_blocks;not_enough_levels_for_match;simulation_error
proton,baryon_chain,39,NO,REJECT_STRUCTURAL,nan,,,0,0,tier_below_min;s2_state_not_allowed;too_few_bands;too_few_quark_blocks;not_enough_levels_for_match;simulation_error
proton,baryon_triangle,40,NO,REJECT_STRUCTURAL,nan,,,0,0,tier_below_min;s2_state_not_allowed;too_few_bands;too_few_quark_blocks;not_enough_levels_for_match;simulation_error
proton,baryon_chain,41,NO,REJECT_STRUCTURAL,nan,,,0,0,tier_below_min;s2_state_not_allowed;too_few_bands;too_few_quark_blocks;not_enough_levels_for_match;simulation_error
proton,baryon_chain,42,NO,REJECT_STRUCTURAL,nan,,,0,0,tier_below_min;s2_state_not_allowed;too_few_bands;too_few_quark_blocks;not_enough_levels_for_match;simulation_error
proton,baryon_triangle,43,NO,REJECT_STRUCTURAL,nan,,,0,0,tier_below_min;s2_state_not_allowed;too_few_bands;too_few_quark_blocks;not_enough_levels_for_match;simulation_error
proton,baryon_chain,44,NO,REJECT_STRUCTURAL,nan,,,0,0,tier_below_min;s2_state_not_allowed;too_few_bands;too_few_quark_blocks;not_enough_levels_for_match;simulation_error
proton,baryon_chain,45,NO,REJECT_STRUCTURAL,nan,,,0,0,tier_below_min;s2_state_not_allowed;too_few_bands;too_few_quark_blocks;not_enough_levels_for_match;simulation_error
proton,baryon_triangle,46,NO,REJECT_STRUCTURAL,nan,,,0,0,tier_below_min;s2_state_not_allowed;too_few_bands;too_few_quark_blocks;not_enough_levels_for_match;simulation_error
proton,baryon_triangle,47,NO,REJECT_STRUCTURAL,nan,,,0,0,tier_below_min;s2_state_not_allowed;too_few_bands;too_few_quark_blocks;not_enough_levels_for_match;simulation_error
proton,baryon_triangle,48,NO,REJECT_STRUCTURAL,nan,,,0,0,tier_below_min;s2_state_not_allowed;too_few_bands;too_few_quark_blocks;not_enough_levels_for_match;simulation_error
proton,baryon_triangle,49,NO,REJECT_STRUCTURAL,nan,,,0,0,tier_below_min;s2_state_not_allowed;too_few_bands;too_few_quark_blocks;not_enough_levels_for_match;simulation_error
proton,baryon_triangle,50,NO,REJECT_STRUCTURAL,nan,,,0,0,tier_below_min;s2_state_not_allowed;too_few_bands;too_few_quark_blocks;not_enough_levels_for_match;simulation_error
proton,baryon_triangle,51,NO,REJECT_STRUCTURAL,nan,,,0,0,tier_below_min;s2_state_not_allowed;too_few_bands;too_few_quark_blocks;not_enough_levels_for_match;simulation_error
proton,baryon_chain,52,NO,REJECT_STRUCTURAL,nan,,,0,0,tier_below_min;s2_state_not_allowed;too_few_bands;too_few_quark_blocks;not_enough_levels_for_match;simulation_error
proton,baryon_chain,53,NO,REJECT_STRUCTURAL,nan,,,0,0,tier_below_min;s2_state_not_allowed;too_few_bands;too_few_quark_blocks;not_enough_levels_for_match;simulation_error
proton,baryon_chain,54,NO,REJECT_STRUCTURAL,nan,,,0,0,tier_below_min;s2_state_not_allowed;too_few_bands;too_few_quark_blocks;not_enough_levels_for_match;simulation_error
proton,baryon_chain,55,NO,REJECT_STRUCTURAL,nan,,,0,0,tier_below_min;s2_state_not_allowed;too_few_bands;too_few_quark_blocks;not_enough_levels_for_match;simulation_error
proton,baryon_triangle,56,NO,REJECT_STRUCTURAL,nan,,,0,0,tier_below_min;s2_state_not_allowed;too_few_bands;too_few_quark_blocks;not_enough_levels_for_match;simulation_error
proton,baryon_chain,57,NO,REJECT_STRUCTURAL,nan,,,0,0,tier_below_min;s2_state_not_allowed;too_few_bands;too_few_quark_blocks;not_enough_levels_for_match;simulation_error
proton,baryon_chain,58,NO,REJECT_STRUCTURAL,nan,,,0,0,tier_below_min;s2_state_not_allowed;too_few_bands;too_few_quark_blocks;not_enough_levels_for_match;simulation_error
proton,baryon_triangle,59,NO,REJECT_STRUCTURAL,nan,,,0,0,tier_below_min;s2_state_not_allowed;too_few_bands;too_few_quark_blocks;not_enough_levels_for_match;simulation_error
proton,baryon_chain,60,NO,REJECT_STRUCTURAL,nan,,,0,0,tier_below_min;s2_state_not_allowed;too_few_bands;too_few_quark_blocks;not_enough_levels_for_match;simulation_error
proton,baryon_triangle,61,NO,REJECT_STRUCTURAL,nan,,,0,0,tier_below_min;s2_state_not_allowed;too_few_bands;too_few_quark_blocks;not_enough_levels_for_match;simulation_error
proton,baryon_chain,62,NO,REJECT_STRUCTURAL,nan,,,0,0,tier_below_min;s2_state_not_allowed;too_few_bands;too_few_quark_blocks;not_enough_levels_for_match;simulation_error
proton,baryon_triangle,63,NO,REJECT_STRUCTURAL,nan,,,0,0,tier_below_min;s2_state_not_allowed;too_few_bands;too_few_quark_blocks;not_enough_levels_for_match;simulation_error
proton,baryon_chain,64,NO,REJECT_STRUCTURAL,nan,,,0,0,tier_below_min;s2_state_not_allowed;too_few_bands;too_few_quark_blocks;not_enough_levels_for_match;simulation_error
proton,baryon_chain,65,NO,REJECT_STRUCTURAL,nan,,,0,0,tier_below_min;s2_state_not_allowed;too_few_bands;too_few_quark_blocks;not_enough_levels_for_match;simulation_error
proton,baryon_triangle,66,NO,REJECT_STRUCTURAL,nan,,,0,0,tier_below_min;s2_state_not_allowed;too_few_bands;too_few_quark_blocks;not_enough_levels_for_match;simulation_error
proton,baryon_triangle,67,NO,REJECT_STRUCTURAL,nan,,,0,0,tier_below_min;s2_state_not_allowed;too_few_bands;too_few_quark_blocks;not_enough_levels_for_match;simulation_error
proton,baryon_triangle,68,NO,REJECT_STRUCTURAL,nan,,,0,0,tier_below_min;s2_state_not_allowed;too_few_bands;too_few_quark_blocks;not_enough_levels_for_match;simulation_error
proton,baryon_triangle,69,NO,REJECT_STRUCTURAL,nan,,,0,0,tier_below_min;s2_state_not_allowed;too_few_bands;too_few_quark_blocks;not_enough_levels_for_match;simulation_error
proton,baryon_chain,70,NO,REJECT_STRUCTURAL,nan,,,0,0,tier_below_min;s2_state_not_allowed;too_few_bands;too_few_quark_blocks;not_enough_levels_for_match;simulation_error
proton,baryon_triangle,71,NO,REJECT_STRUCTURAL,nan,,,0,0,tier_below_min;s2_state_not_allowed;too_few_bands;too_few_quark_blocks;not_enough_levels_for_match;simulation_error
proton,baryon_chain,72,NO,REJECT_STRUCTURAL,nan,,,0,0,tier_below_min;s2_state_not_allowed;too_few_bands;too_few_quark_blocks;not_enough_levels_for_match;simulation_error
proton,baryon_triangle,73,NO,REJECT_STRUCTURAL,nan,,,0,0,tier_below_min;s2_state_not_allowed;too_few_bands;too_few_quark_blocks;not_enough_levels_for_match;simulation_error
proton,baryon_chain,74,NO,REJECT_STRUCTURAL,nan,,,0,0,tier_below_min;s2_state_not_allowed;too_few_bands;too_few_quark_blocks;not_enough_levels_for_match;simulation_error
proton,baryon_chain,75,NO,REJECT_STRUCTURAL,nan,,,0,0,tier_below_min;s2_state_not_allowed;too_few_bands;too_few_quark_blocks;not_enough_levels_for_match;simulation_error
proton,baryon_triangle,76,NO,REJECT_STRUCTURAL,nan,,,0,0,tier_below_min;s2_state_not_allowed;too_few_bands;too_few_quark_blocks;not_enough_levels_for_match;simulation_error
proton,baryon_chain,77,NO,REJECT_STRUCTURAL,nan,,,0,0,tier_below_min;s2_state_not_allowed;too_few_bands;too_few_quark_blocks;not_enough_levels_for_match;simulation_error
proton,baryon_triangle,78,NO,REJECT_STRUCTURAL,nan,,,0,0,tier_below_min;s2_state_not_allowed;too_few_bands;too_few_quark_blocks;not_enough_levels_for_match;simulation_error
proton,baryon_triangle,79,NO,REJECT_STRUCTURAL,nan,,,0,0,tier_below_min;s2_state_not_allowed;too_few_bands;too_few_quark_blocks;not_enough_levels_for_match;simulation_error
proton,baryon_chain,80,NO,REJECT_STRUCTURAL,nan,,,0,0,tier_below_min;s2_state_not_allowed;too_few_bands;too_few_quark_blocks;not_enough_levels_for_match;simulation_error
proton,baryon_chain,81,NO,REJECT_STRUCTURAL,nan,,,0,0,tier_below_min;s2_state_not_allowed;too_few_bands;too_few_quark_blocks;not_enough_levels_for_match;simulation_error
proton,baryon_triangle,82,NO,REJECT_STRUCTURAL,nan,,,0,0,tier_below_min;s2_state_not_allowed;too_few_bands;too_few_quark_blocks;not_enough_levels_for_match;simulation_error
proton,baryon_chain,83,NO,REJECT_STRUCTURAL,nan,,,0,0,tier_below_min;s2_state_not_allowed;too_few_bands;too_few_quark_blocks;not_enough_levels_for_match;simulation_error
proton,baryon_chain,84,NO,REJECT_STRUCTURAL,nan,,,0,0,tier_below_min;s2_state_not_allowed;too_few_bands;too_few_quark_blocks;not_enough_levels_for_match;simulation_error
proton,baryon_triangle,85,NO,REJECT_STRUCTURAL,nan,,,0,0,tier_below_min;s2_state_not_allowed;too_few_bands;too_few_quark_blocks;not_enough_levels_for_match;simulation_error
proton,baryon_triangle,86,NO,REJECT_STRUCTURAL,nan,,,0,0,tier_below_min;s2_state_not_allowed;too_few_bands;too_few_quark_blocks;not_enough_levels_for_match;simulation_error
proton,baryon_chain,87,NO,REJECT_STRUCTURAL,nan,,,0,0,tier_below_min;s2_state_not_allowed;too_few_bands;too_few_quark_blocks;not_enough_levels_for_match;simulation_error
proton,baryon_triangle,88,NO,REJECT_STRUCTURAL,nan,,,0,0,tier_below_min;s2_state_not_allowed;too_few_bands;too_few_quark_blocks;not_enough_levels_for_match;simulation_error
proton,baryon_chain,89,NO,REJECT_STRUCTURAL,nan,,,0,0,tier_below_min;s2_state_not_allowed;too_few_bands;too_few_quark_blocks;not_enough_levels_for_match;simulation_error
proton,baryon_chain,90,NO,REJECT_STRUCTURAL,nan,,,0,0,tier_below_min;s2_state_not_allowed;too_few_bands;too_few_quark_blocks;not_enough_levels_for_match;simulation_error
proton,baryon_chain,91,NO,REJECT_STRUCTURAL,nan,,,0,0,tier_below_min;s2_state_not_allowed;too_few_bands;too_few_quark_blocks;not_enough_levels_for_match;simulation_error
proton,baryon_chain,92,NO,REJECT_STRUCTURAL,nan,,,0,0,tier_below_min;s2_state_not_allowed;too_few_bands;too_few_quark_blocks;not_enough_levels_for_match;simulation_error
proton,baryon_triangle,93,NO,REJECT_STRUCTURAL,nan,,,0,0,tier_below_min;s2_state_not_allowed;too_few_bands;too_few_quark_blocks;not_enough_levels_for_match;simulation_error
proton,baryon_chain,94,NO,REJECT_STRUCTURAL,nan,,,0,0,tier_below_min;s2_state_not_allowed;too_few_bands;too_few_quark_blocks;not_enough_levels_for_match;simulation_error
proton,baryon_triangle,95,NO,REJECT_STRUCTURAL,nan,,,0,0,tier_below_min;s2_state_not_allowed;too_few_bands;too_few_quark_blocks;not_enough_levels_for_match;simulation_error
proton,baryon_chain,96,NO,REJECT_STRUCTURAL,nan,,,0,0,tier_below_min;s2_state_not_allowed;too_few_bands;too_few_quark_blocks;not_enough_levels_for_match;simulation_error
proton,baryon_triangle,97,NO,REJECT_STRUCTURAL,nan,,,0,0,tier_below_min;s2_state_not_allowed;too_few_bands;too_few_quark_blocks;not_enough_levels_for_match;simulation_error
proton,baryon_chain,98,NO,REJECT_STRUCTURAL,nan,,,0,0,tier_below_min;s2_state_not_allowed;too_few_bands;too_few_quark_blocks;not_enough_levels_for_match;simulation_error
proton,baryon_chain,99,NO,REJECT_STRUCTURAL,nan,,,0,0,tier_below_min;s2_state_not_allowed;too_few_bands;too_few_quark_blocks;not_enough_levels_for_match;simulation_error
proton,baryon_triangle,100,NO,REJECT_STRUCTURAL,nan,,,0,0,tier_below_min;s2_state_not_allowed;too_few_bands;too_few_quark_blocks;not_enough_levels_for_match;simulation_error
proton,baryon_triangle,101,NO,REJECT_STRUCTURAL,nan,,,0,0,tier_below_min;s2_state_not_allowed;too_few_bands;too_few_quark_blocks;not_enough_levels_for_match;simulation_error
proton,baryon_chain,102,NO,REJECT_STRUCTURAL,nan,,,0,0,tier_below_min;s2_state_not_allowed;too_few_bands;too_few_quark_blocks;not_enough_levels_for_match;simulation_error
proton,baryon_triangle,103,NO,REJECT_STRUCTURAL,nan,,,0,0,tier_below_min;s2_state_not_allowed;too_few_bands;too_few_quark_blocks;not_enough_levels_for_match;simulation_error
proton,baryon_chain,104,NO,REJECT_STRUCTURAL,nan,,,0,0,tier_below_min;s2_state_not_allowed;too_few_bands;too_few_quark_blocks;not_enough_levels_for_match;simulation_error
proton,baryon_triangle,105,NO,REJECT_STRUCTURAL,nan,,,0,0,tier_below_min;s2_state_not_allowed;too_few_bands;too_few_quark_blocks;not_enough_levels_for_match;simulation_error
proton,baryon_chain,106,NO,REJECT_STRUCTURAL,nan,,,0,0,tier_below_min;s2_state_not_allowed;too_few_bands;too_few_quark_blocks;not_enough_levels_for_match;simulation_error
proton,baryon_triangle,107,NO,REJECT_STRUCTURAL,nan,,,0,0,tier_below_min;s2_state_not_allowed;too_few_bands;too_few_quark_blocks;not_enough_levels_for_match;simulation_error
proton,baryon_triangle,108,NO,REJECT_STRUCTURAL,nan,,,0,0,tier_below_min;s2_state_not_allowed;too_few_bands;too_few_quark_blocks;not_enough_levels_for_match;simulation_error
proton,baryon_triangle,109,NO,REJECT_STRUCTURAL,nan,,,0,0,tier_below_min;s2_state_not_allowed;too_few_bands;too_few_quark_blocks;not_enough_levels_for_match;simulation_error
proton,baryon_triangle,110,NO,REJECT_STRUCTURAL,nan,,,0,0,tier_below_min;s2_state_not_allowed;too_few_bands;too_few_quark_blocks;not_enough_levels_for_match;simulation_error
proton,baryon_triangle,111,NO,REJECT_STRUCTURAL,nan,,,0,0,tier_below_min;s2_state_not_allowed;too_few_bands;too_few_quark_blocks;not_enough_levels_for_match;simulation_error
proton,baryon_triangle,112,NO,REJECT_STRUCTURAL,nan,,,0,0,tier_below_min;s2_state_not_allowed;too_few_bands;too_few_quark_blocks;not_enough_levels_for_match;simulation_error
proton,baryon_chain,113,NO,REJECT_STRUCTURAL,nan,,,0,0,tier_below_min;s2_state_not_allowed;too_few_bands;too_few_quark_blocks;not_enough_levels_for_match;simulation_error
proton,baryon_chain,114,NO,REJECT_STRUCTURAL,nan,,,0,0,tier_below_min;s2_state_not_allowed;too_few_bands;too_few_quark_blocks;not_enough_levels_for_match;simulation_error
proton,baryon_triangle,115,NO,REJECT_STRUCTURAL,nan,,,0,0,tier_below_min;s2_state_not_allowed;too_few_bands;too_few_quark_blocks;not_enough_levels_for_match;simulation_error
proton,baryon_chain,116,NO,REJECT_STRUCTURAL,nan,,,0,0,tier_below_min;s2_state_not_allowed;too_few_bands;too_few_quark_blocks;not_enough_levels_for_match;simulation_error
proton,baryon_triangle,117,NO,REJECT_STRUCTURAL,nan,,,0,0,tier_below_min;s2_state_not_allowed;too_few_bands;too_few_quark_blocks;not_enough_levels_for_match;simulation_error
proton,baryon_chain,118,NO,REJECT_STRUCTURAL,nan,,,0,0,tier_below_min;s2_state_not_allowed;too_few_bands;too_few_quark_blocks;not_enough_levels_for_match;simulation_error
proton,baryon_chain,119,NO,REJECT_STRUCTURAL,nan,,,0,0,tier_below_min;s2_state_not_allowed;too_few_bands;too_few_quark_blocks;not_enough_levels_for_match;simulation_error
proton,baryon_chain,120,NO,REJECT_STRUCTURAL,nan,,,0,0,tier_below_min;s2_state_not_allowed;too_few_bands;too_few_quark_blocks;not_enough_levels_for_match;simulation_error
proton,baryon_chain,121,NO,REJECT_STRUCTURAL,nan,,,0,0,tier_below_min;s2_state_not_allowed;too_few_bands;too_few_quark_blocks;not_enough_levels_for_match;simulation_error
proton,baryon_triangle,122,NO,REJECT_STRUCTURAL,nan,,,0,0,tier_below_min;s2_state_not_allowed;too_few_bands;too_few_quark_blocks;not_enough_levels_for_match;simulation_error
proton,baryon_chain,123,NO,REJECT_STRUCTURAL,nan,,,0,0,tier_below_min;s2_state_not_allowed;too_few_bands;too_few_quark_blocks;not_enough_levels_for_match;simulation_error
proton,baryon_triangle,124,NO,REJECT_STRUCTURAL,nan,,,0,0,tier_below_min;s2_state_not_allowed;too_few_bands;too_few_quark_blocks;not_enough_levels_for_match;simulation_error
proton,baryon_triangle,125,NO,REJECT_STRUCTURAL,nan,,,0,0,tier_below_min;s2_state_not_allowed;too_few_bands;too_few_quark_blocks;not_enough_levels_for_match;simulation_error
proton,baryon_chain,126,NO,REJECT_STRUCTURAL,nan,,,0,0,tier_below_min;s2_state_not_allowed;too_few_bands;too_few_quark_blocks;not_enough_levels_for_match;simulation_error
proton,baryon_chain,127,NO,REJECT_STRUCTURAL,nan,,,0,0,tier_below_min;s2_state_not_allowed;too_few_bands;too_few_quark_blocks;not_enough_levels_for_match;simulation_error
proton,baryon_triangle,128,NO,REJECT_STRUCTURAL,nan,,,0,0,tier_below_min;s2_state_not_allowed;too_few_bands;too_few_quark_blocks;not_enough_levels_for_match;simulation_error
proton,baryon_chain,129,NO,REJECT_STRUCTURAL,nan,,,0,0,tier_below_min;s2_state_not_allowed;too_few_bands;too_few_quark_blocks;not_enough_levels_for_match;simulation_error
proton,baryon_triangle,130,NO,REJECT_STRUCTURAL,nan,,,0,0,tier_below_min;s2_state_not_allowed;too_few_bands;too_few_quark_blocks;not_enough_levels_for_match;simulation_error
proton,baryon_triangle,131,NO,REJECT_STRUCTURAL,nan,,,0,0,tier_below_min;s2_state_not_allowed;too_few_bands;too_few_quark_blocks;not_enough_levels_for_match;simulation_error
proton,baryon_triangle,132,NO,REJECT_STRUCTURAL,nan,,,0,0,tier_below_min;s2_state_not_allowed;too_few_bands;too_few_quark_blocks;not_enough_levels_for_match;simulation_error
proton,baryon_chain,133,NO,REJECT_STRUCTURAL,nan,,,0,0,tier_below_min;s2_state_not_allowed;too_few_bands;too_few_quark_blocks;not_enough_levels_for_match;simulation_error
proton,baryon_chain,134,NO,REJECT_STRUCTURAL,nan,,,0,0,tier_below_min;s2_state_not_allowed;too_few_bands;too_few_quark_blocks;not_enough_levels_for_match;simulation_error
proton,baryon_chain,135,NO,REJECT_STRUCTURAL,nan,,,0,0,tier_below_min;s2_state_not_allowed;too_few_bands;too_few_quark_blocks;not_enough_levels_for_match;simulation_error
proton,baryon_triangle,136,NO,REJECT_STRUCTURAL,nan,,,0,0,tier_below_min;s2_state_not_allowed;too_few_bands;too_few_quark_blocks;not_enough_levels_for_match;simulation_error
proton,baryon_triangle,137,NO,REJECT_STRUCTURAL,nan,,,0,0,tier_below_min;s2_state_not_allowed;too_few_bands;too_few_quark_blocks;not_enough_levels_for_match;simulation_error
proton,baryon_chain,138,NO,REJECT_STRUCTURAL,nan,,,0,0,tier_below_min;s2_state_not_allowed;too_few_bands;too_few_quark_blocks;not_enough_levels_for_match;simulation_error
proton,baryon_chain,139,NO,REJECT_STRUCTURAL,nan,,,0,0,tier_below_min;s2_state_not_allowed;too_few_bands;too_few_quark_blocks;not_enough_levels_for_match;simulation_error
proton,baryon_triangle,140,NO,REJECT_STRUCTURAL,nan,,,0,0,tier_below_min;s2_state_not_allowed;too_few_bands;too_few_quark_blocks;not_enough_levels_for_match;simulation_error
proton,baryon_chain,141,NO,REJECT_STRUCTURAL,nan,,,0,0,tier_below_min;s2_state_not_allowed;too_few_bands;too_few_quark_blocks;not_enough_levels_for_match;simulation_error
proton,baryon_triangle,142,NO,REJECT_STRUCTURAL,nan,,,0,0,tier_below_min;s2_state_not_allowed;too_few_bands;too_few_quark_blocks;not_enough_levels_for_match;simulation_error
proton,baryon_triangle,143,NO,REJECT_STRUCTURAL,nan,,,0,0,tier_below_min;s2_state_not_allowed;too_few_bands;too_few_quark_blocks;not_enough_levels_for_match;simulation_error
proton,baryon_chain,144,NO,REJECT_STRUCTURAL,nan,,,0,0,tier_below_min;s2_state_not_allowed;too_few_bands;too_few_quark_blocks;not_enough_levels_for_match;simulation_error
proton,baryon_triangle,145,NO,REJECT_STRUCTURAL,nan,,,0,0,tier_below_min;s2_state_not_allowed;too_few_bands;too_few_quark_blocks;not_enough_levels_for_match;simulation_error
proton,baryon_chain,146,NO,REJECT_STRUCTURAL,nan,,,0,0,tier_below_min;s2_state_not_allowed;too_few_bands;too_few_quark_blocks;not_enough_levels_for_match;simulation_error
proton,baryon_chain,147,NO,REJECT_STRUCTURAL,nan,,,0,0,tier_below_min;s2_state_not_allowed;too_few_bands;too_few_quark_blocks;not_enough_levels_for_match;simulation_error
proton,baryon_chain,148,NO,REJECT_STRUCTURAL,nan,,,0,0,tier_below_min;s2_state_not_allowed;too_few_bands;too_few_quark_blocks;not_enough_levels_for_match;simulation_error
proton,baryon_chain,149,NO,REJECT_STRUCTURAL,nan,,,0,0,tier_below_min;s2_state_not_allowed;too_few_bands;too_few_quark_blocks;not_enough_levels_for_match;simulation_error
proton,baryon_triangle,150,NO,REJECT_STRUCTURAL,nan,,,0,0,tier_below_min;s2_state_not_allowed;too_few_bands;too_few_quark_blocks;not_enough_levels_for_match;simulation_error
proton,baryon_triangle,151,NO,REJECT_STRUCTURAL,nan,,,0,0,tier_below_min;s2_state_not_allowed;too_few_bands;too_few_quark_blocks;not_enough_levels_for_match;simulation_error
proton,baryon_triangle,152,NO,REJECT_STRUCTURAL,nan,,,0,0,tier_below_min;s2_state_not_allowed;too_few_bands;too_few_quark_blocks;not_enough_levels_for_match;simulation_error
proton,baryon_chain,153,NO,REJECT_STRUCTURAL,nan,,,0,0,tier_below_min;s2_state_not_allowed;too_few_bands;too_few_quark_blocks;not_enough_levels_for_match;simulation_error
proton,baryon_chain,154,NO,REJECT_STRUCTURAL,nan,,,0,0,tier_below_min;s2_state_not_allowed;too_few_bands;too_few_quark_blocks;not_enough_levels_for_match;simulation_error
proton,baryon_chain,155,NO,REJECT_STRUCTURAL,nan,,,0,0,tier_below_min;s2_state_not_allowed;too_few_bands;too_few_quark_blocks;not_enough_levels_for_match;simulation_error
proton,baryon_triangle,156,NO,REJECT_STRUCTURAL,nan,,,0,0,tier_below_min;s2_state_not_allowed;too_few_bands;too_few_quark_blocks;not_enough_levels_for_match;simulation_error
proton,baryon_chain,157,NO,REJECT_STRUCTURAL,nan,,,0,0,tier_below_min;s2_state_not_allowed;too_few_bands;too_few_quark_blocks;not_enough_levels_for_match;simulation_error
proton,baryon_triangle,158,NO,REJECT_STRUCTURAL,nan,,,0,0,tier_below_min;s2_state_not_allowed;too_few_bands;too_few_quark_blocks;not_enough_levels_for_match;simulation_error
proton,baryon_triangle,159,NO,REJECT_STRUCTURAL,nan,,,0,0,tier_below_min;s2_state_not_allowed;too_few_bands;too_few_quark_blocks;not_enough_levels_for_match;simulation_error
proton,baryon_triangle,160,NO,REJECT_STRUCTURAL,nan,,,0,0,tier_below_min;s2_state_not_allowed;too_few_bands;too_few_quark_blocks;not_enough_levels_for_match;simulation_error
proton,baryon_triangle,161,NO,REJECT_STRUCTURAL,nan,,,0,0,tier_below_min;s2_state_not_allowed;too_few_bands;too_few_quark_blocks;not_enough_levels_for_match;simulation_error
proton,baryon_triangle,162,NO,REJECT_STRUCTURAL,nan,,,0,0,tier_below_min;s2_state_not_allowed;too_few_bands;too_few_quark_blocks;not_enough_levels_for_match;simulation_error
proton,baryon_chain,163,NO,REJECT_STRUCTURAL,nan,,,0,0,tier_below_min;s2_state_not_allowed;too_few_bands;too_few_quark_blocks;not_enough_levels_for_match;simulation_error
proton,baryon_triangle,164,NO,REJECT_STRUCTURAL,nan,,,0,0,tier_below_min;s2_state_not_allowed;too_few_bands;too_few_quark_blocks;not_enough_levels_for_match;simulation_error
proton,baryon_triangle,165,NO,REJECT_STRUCTURAL,nan,,,0,0,tier_below_min;s2_state_not_allowed;too_few_bands;too_few_quark_blocks;not_enough_levels_for_match;simulation_error
proton,baryon_chain,166,NO,REJECT_STRUCTURAL,nan,,,0,0,tier_below_min;s2_state_not_allowed;too_few_bands;too_few_quark_blocks;not_enough_levels_for_match;simulation_error
proton,baryon_chain,167,NO,REJECT_STRUCTURAL,nan,,,0,0,tier_below_min;s2_state_not_allowed;too_few_bands;too_few_quark_blocks;not_enough_levels_for_match;simulation_error
proton,baryon_triangle,168,NO,REJECT_STRUCTURAL,nan,,,0,0,tier_below_min;s2_state_not_allowed;too_few_bands;too_few_quark_blocks;not_enough_levels_for_match;simulation_error
proton,baryon_chain,169,NO,REJECT_STRUCTURAL,nan,,,0,0,tier_below_min;s2_state_not_allowed;too_few_bands;too_few_quark_blocks;not_enough_levels_for_match;simulation_error
proton,baryon_chain,170,NO,REJECT_STRUCTURAL,nan,,,0,0,tier_below_min;s2_state_not_allowed;too_few_bands;too_few_quark_blocks;not_enough_levels_for_match;simulation_error
proton,baryon_triangle,171,NO,REJECT_STRUCTURAL,nan,,,0,0,tier_below_min;s2_state_not_allowed;too_few_bands;too_few_quark_blocks;not_enough_levels_for_match;simulation_error
proton,baryon_triangle,172,NO,REJECT_STRUCTURAL,nan,,,0,0,tier_below_min;s2_state_not_allowed;too_few_bands;too_few_quark_blocks;not_enough_levels_for_match;simulation_error
proton,baryon_triangle,173,NO,REJECT_STRUCTURAL,nan,,,0,0,tier_below_min;s2_state_not_allowed;too_few_bands;too_few_quark_blocks;not_enough_levels_for_match;simulation_error
proton,baryon_chain,174,NO,REJECT_STRUCTURAL,nan,,,0,0,tier_below_min;s2_state_not_allowed;too_few_bands;too_few_quark_blocks;not_enough_levels_for_match;simulation_error
proton,baryon_triangle,175,NO,REJECT_STRUCTURAL,nan,,,0,0,tier_below_min;s2_state_not_allowed;too_few_bands;too_few_quark_blocks;not_enough_levels_for_match;simulation_error
proton,baryon_chain,176,NO,REJECT_STRUCTURAL,nan,,,0,0,tier_below_min;s2_state_not_allowed;too_few_bands;too_few_quark_blocks;not_enough_levels_for_match;simulation_error
proton,baryon_chain,177,NO,REJECT_STRUCTURAL,nan,,,0,0,tier_below_min;s2_state_not_allowed;too_few_bands;too_few_quark_blocks;not_enough_levels_for_match;simulation_error
proton,baryon_triangle,178,NO,REJECT_STRUCTURAL,nan,,,0,0,tier_below_min;s2_state_not_allowed;too_few_bands;too_few_quark_blocks;not_enough_levels_for_match;simulation_error
proton,baryon_triangle,179,NO,REJECT_STRUCTURAL,nan,,,0,0,tier_below_min;s2_state_not_allowed;too_few_bands;too_few_quark_blocks;not_enough_levels_for_match;simulation_error
proton,baryon_triangle,180,NO,REJECT_STRUCTURAL,nan,,,0,0,tier_below_min;s2_state_not_allowed;too_few_bands;too_few_quark_blocks;not_enough_levels_for_match;simulation_error
proton,baryon_triangle,181,NO,REJECT_STRUCTURAL,nan,,,0,0,tier_below_min;s2_state_not_allowed;too_few_bands;too_few_quark_blocks;not_enough_levels_for_match;simulation_error
proton,baryon_triangle,182,NO,REJECT_STRUCTURAL,nan,,,0,0,tier_below_min;s2_state_not_allowed;too_few_bands;too_few_quark_blocks;not_enough_levels_for_match;simulation_error
proton,baryon_triangle,183,NO,REJECT_STRUCTURAL,nan,,,0,0,tier_below_min;s2_state_not_allowed;too_few_bands;too_few_quark_blocks;not_enough_levels_for_match;simulation_error
proton,baryon_chain,184,NO,REJECT_STRUCTURAL,nan,,,0,0,tier_below_min;s2_state_not_allowed;too_few_bands;too_few_quark_blocks;not_enough_levels_for_match;simulation_error
proton,baryon_chain,185,NO,REJECT_STRUCTURAL,nan,,,0,0,tier_below_min;s2_state_not_allowed;too_few_bands;too_few_quark_blocks;not_enough_levels_for_match;simulation_error
proton,baryon_chain,186,NO,REJECT_STRUCTURAL,nan,,,0,0,tier_below_min;s2_state_not_allowed;too_few_bands;too_few_quark_blocks;not_enough_levels_for_match;simulation_error
proton,baryon_triangle,187,NO,REJECT_STRUCTURAL,nan,,,0,0,tier_below_min;s2_state_not_allowed;too_few_bands;too_few_quark_blocks;not_enough_levels_for_match;simulation_error
proton,baryon_chain,188,NO,REJECT_STRUCTURAL,nan,,,0,0,tier_below_min;s2_state_not_allowed;too_few_bands;too_few_quark_blocks;not_enough_levels_for_match;simulation_error
proton,baryon_triangle,189,NO,REJECT_STRUCTURAL,nan,,,0,0,tier_below_min;s2_state_not_allowed;too_few_bands;too_few_quark_blocks;not_enough_levels_for_match;simulation_error
proton,baryon_chain,190,NO,REJECT_STRUCTURAL,nan,,,0,0,tier_below_min;s2_state_not_allowed;too_few_bands;too_few_quark_blocks;not_enough_levels_for_match;simulation_error
proton,baryon_triangle,191,NO,REJECT_STRUCTURAL,nan,,,0,0,tier_below_min;s2_state_not_allowed;too_few_bands;too_few_quark_blocks;not_enough_levels_for_match;simulation_error
proton,baryon_triangle,192,NO,REJECT_STRUCTURAL,nan,,,0,0,tier_below_min;s2_state_not_allowed;too_few_bands;too_few_quark_blocks;not_enough_levels_for_match;simulation_error
proton,baryon_chain,193,NO,REJECT_STRUCTURAL,nan,,,0,0,tier_below_min;s2_state_not_allowed;too_few_bands;too_few_quark_blocks;not_enough_levels_for_match;simulation_error
proton,baryon_chain,194,NO,REJECT_STRUCTURAL,nan,,,0,0,tier_below_min;s2_state_not_allowed;too_few_bands;too_few_quark_blocks;not_enough_levels_for_match;simulation_error
proton,baryon_chain,195,NO,REJECT_STRUCTURAL,nan,,,0,0,tier_below_min;s2_state_not_allowed;too_few_bands;too_few_quark_blocks;not_enough_levels_for_match;simulation_error
proton,baryon_chain,196,NO,REJECT_STRUCTURAL,nan,,,0,0,tier_below_min;s2_state_not_allowed;too_few_bands;too_few_quark_blocks;not_enough_levels_for_match;simulation_error
proton,baryon_chain,197,NO,REJECT_STRUCTURAL,nan,,,0,0,tier_below_min;s2_state_not_allowed;too_few_bands;too_few_quark_blocks;not_enough_levels_for_match;simulation_error
proton,baryon_triangle,198,NO,REJECT_STRUCTURAL,nan,,,0,0,tier_below_min;s2_state_not_allowed;too_few_bands;too_few_quark_blocks;not_enough_levels_for_match;simulation_error
proton,baryon_chain,199,NO,REJECT_STRUCTURAL,nan,,,0,0,tier_below_min;s2_state_not_allowed;too_few_bands;too_few_quark_blocks;not_enough_levels_for_match;simulation_error
proton,baryon_chain,200,NO,REJECT_STRUCTURAL,nan,,,0,0,tier_below_min;s2_state_not_allowed;too_few_bands;too_few_quark_blocks;not_enough_levels_for_match;simulation_error
proton,baryon_triangle,201,NO,REJECT_STRUCTURAL,nan,,,0,0,tier_below_min;s2_state_not_allowed;too_few_bands;too_few_quark_blocks;not_enough_levels_for_match;simulation_error
proton,baryon_triangle,202,NO,REJECT_STRUCTURAL,nan,,,0,0,tier_below_min;s2_state_not_allowed;too_few_bands;too_few_quark_blocks;not_enough_levels_for_match;simulation_error
proton,baryon_triangle,203,NO,REJECT_STRUCTURAL,nan,,,0,0,tier_below_min;s2_state_not_allowed;too_few_bands;too_few_quark_blocks;not_enough_levels_for_match;simulation_error
proton,baryon_chain,204,NO,REJECT_STRUCTURAL,nan,,,0,0,tier_below_min;s2_state_not_allowed;too_few_bands;too_few_quark_blocks;not_enough_levels_for_match;simulation_error
proton,baryon_triangle,205,NO,REJECT_STRUCTURAL,nan,,,0,0,tier_below_min;s2_state_not_allowed;too_few_bands;too_few_quark_blocks;not_enough_levels_for_match;simulation_error
proton,baryon_chain,206,NO,REJECT_STRUCTURAL,nan,,,0,0,tier_below_min;s2_state_not_allowed;too_few_bands;too_few_quark_blocks;not_enough_levels_for_match;simulation_error
proton,baryon_triangle,207,NO,REJECT_STRUCTURAL,nan,,,0,0,tier_below_min;s2_state_not_allowed;too_few_bands;too_few_quark_blocks;not_enough_levels_for_match;simulation_error
proton,baryon_chain,208,NO,REJECT_STRUCTURAL,nan,,,0,0,tier_below_min;s2_state_not_allowed;too_few_bands;too_few_quark_blocks;not_enough_levels_for_match;simulation_error
proton,baryon_chain,209,NO,REJECT_STRUCTURAL,nan,,,0,0,tier_below_min;s2_state_not_allowed;too_few_bands;too_few_quark_blocks;not_enough_levels_for_match;simulation_error
proton,baryon_chain,210,NO,REJECT_STRUCTURAL,nan,,,0,0,tier_below_min;s2_state_not_allowed;too_few_bands;too_few_quark_blocks;not_enough_levels_for_match;simulation_error
proton,baryon_triangle,211,NO,REJECT_STRUCTURAL,nan,,,0,0,tier_below_min;s2_state_not_allowed;too_few_bands;too_few_quark_blocks;not_enough_levels_for_match;simulation_error
proton,baryon_chain,212,NO,REJECT_STRUCTURAL,nan,,,0,0,tier_below_min;s2_state_not_allowed;too_few_bands;too_few_quark_blocks;not_enough_levels_for_match;simulation_error
proton,baryon_chain,213,NO,REJECT_STRUCTURAL,nan,,,0,0,tier_below_min;s2_state_not_allowed;too_few_bands;too_few_quark_blocks;not_enough_levels_for_match;simulation_error
proton,baryon_chain,214,NO,REJECT_STRUCTURAL,nan,,,0,0,tier_below_min;s2_state_not_allowed;too_few_bands;too_few_quark_blocks;not_enough_levels_for_match;simulation_error
proton,baryon_chain,215,NO,REJECT_STRUCTURAL,nan,,,0,0,tier_below_min;s2_state_not_allowed;too_few_bands;too_few_quark_blocks;not_enough_levels_for_match;simulation_error
proton,baryon_chain,216,NO,REJECT_STRUCTURAL,nan,,,0,0,tier_below_min;s2_state_not_allowed;too_few_bands;too_few_quark_blocks;not_enough_levels_for_match;simulation_error
proton,baryon_chain,217,NO,REJECT_STRUCTURAL,nan,,,0,0,tier_below_min;s2_state_not_allowed;too_few_bands;too_few_quark_blocks;not_enough_levels_for_match;simulation_error
proton,baryon_triangle,218,NO,REJECT_STRUCTURAL,nan,,,0,0,tier_below_min;s2_state_not_allowed;too_few_bands;too_few_quark_blocks;not_enough_levels_for_match;simulation_error
proton,baryon_triangle,219,NO,REJECT_STRUCTURAL,nan,,,0,0,tier_below_min;s2_state_not_allowed;too_few_bands;too_few_quark_blocks;not_enough_levels_for_match;simulation_error
proton,baryon_chain,220,NO,REJECT_STRUCTURAL,nan,,,0,0,tier_below_min;s2_state_not_allowed;too_few_bands;too_few_quark_blocks;not_enough_levels_for_match;simulation_error
proton,baryon_triangle,221,NO,REJECT_STRUCTURAL,nan,,,0,0,tier_below_min;s2_state_not_allowed;too_few_bands;too_few_quark_blocks;not_enough_levels_for_match;simulation_error
proton,baryon_triangle,222,NO,REJECT_STRUCTURAL,nan,,,0,0,tier_below_min;s2_state_not_allowed;too_few_bands;too_few_quark_blocks;not_enough_levels_for_match;simulation_error
proton,baryon_triangle,223,NO,REJECT_STRUCTURAL,nan,,,0,0,tier_below_min;s2_state_not_allowed;too_few_bands;too_few_quark_blocks;not_enough_levels_for_match;simulation_error
proton,baryon_triangle,224,NO,REJECT_STRUCTURAL,nan,,,0,0,tier_below_min;s2_state_not_allowed;too_few_bands;too_few_quark_blocks;not_enough_levels_for_match;simulation_error
proton,baryon_triangle,225,NO,REJECT_STRUCTURAL,nan,,,0,0,tier_below_min;s2_state_not_allowed;too_few_bands;too_few_quark_blocks;not_enough_levels_for_match;simulation_error
proton,baryon_triangle,226,NO,REJECT_STRUCTURAL,nan,,,0,0,tier_below_min;s2_state_not_allowed;too_few_bands;too_few_quark_blocks;not_enough_levels_for_match;simulation_error
proton,baryon_chain,227,NO,REJECT_STRUCTURAL,nan,,,0,0,tier_below_min;s2_state_not_allowed;too_few_bands;too_few_quark_blocks;not_enough_levels_for_match;simulation_error
proton,baryon_chain,228,NO,REJECT_STRUCTURAL,nan,,,0,0,tier_below_min;s2_state_not_allowed;too_few_bands;too_few_quark_blocks;not_enough_levels_for_match;simulation_error
proton,baryon_chain,229,NO,REJECT_STRUCTURAL,nan,,,0,0,tier_below_min;s2_state_not_allowed;too_few_bands;too_few_quark_blocks;not_enough_levels_for_match;simulation_error
proton,baryon_triangle,230,NO,REJECT_STRUCTURAL,nan,,,0,0,tier_below_min;s2_state_not_allowed;too_few_bands;too_few_quark_blocks;not_enough_levels_for_match;simulation_error
proton,baryon_triangle,231,NO,REJECT_STRUCTURAL,nan,,,0,0,tier_below_min;s2_state_not_allowed;too_few_bands;too_few_quark_blocks;not_enough_levels_for_match;simulation_error
proton,baryon_triangle,232,NO,REJECT_STRUCTURAL,nan,,,0,0,tier_below_min;s2_state_not_allowed;too_few_bands;too_few_quark_blocks;not_enough_levels_for_match;simulation_error
proton,baryon_triangle,233,NO,REJECT_STRUCTURAL,nan,,,0,0,tier_below_min;s2_state_not_allowed;too_few_bands;too_few_quark_blocks;not_enough_levels_for_match;simulation_error
proton,baryon_triangle,234,NO,REJECT_STRUCTURAL,nan,,,0,0,tier_below_min;s2_state_not_allowed;too_few_bands;too_few_quark_blocks;not_enough_levels_for_match;simulation_error
proton,baryon_triangle,235,NO,REJECT_STRUCTURAL,nan,,,0,0,tier_below_min;s2_state_not_allowed;too_few_bands;too_few_quark_blocks;not_enough_levels_for_match;simulation_error
proton,baryon_triangle,236,NO,REJECT_STRUCTURAL,nan,,,0,0,tier_below_min;s2_state_not_allowed;too_few_bands;too_few_quark_blocks;not_enough_levels_for_match;simulation_error
proton,baryon_chain,237,NO,REJECT_STRUCTURAL,nan,,,0,0,tier_below_min;s2_state_not_allowed;too_few_bands;too_few_quark_blocks;not_enough_levels_for_match;simulation_error
proton,baryon_triangle,238,NO,REJECT_STRUCTURAL,nan,,,0,0,tier_below_min;s2_state_not_allowed;too_few_bands;too_few_quark_blocks;not_enough_levels_for_match;simulation_error
proton,baryon_chain,239,NO,REJECT_STRUCTURAL,nan,,,0,0,tier_below_min;s2_state_not_allowed;too_few_bands;too_few_quark_blocks;not_enough_levels_for_match;simulation_error
proton,baryon_chain,240,NO,REJECT_STRUCTURAL,nan,,,0,0,tier_below_min;s2_state_not_allowed;too_few_bands;too_few_quark_blocks;not_enough_levels_for_match;simulation_error
proton,baryon_chain,241,NO,REJECT_STRUCTURAL,nan,,,0,0,tier_below_min;s2_state_not_allowed;too_few_bands;too_few_quark_blocks;not_enough_levels_for_match;simulation_error
proton,baryon_chain,242,NO,REJECT_STRUCTURAL,nan,,,0,0,tier_below_min;s2_state_not_allowed;too_few_bands;too_few_quark_blocks;not_enough_levels_for_match;simulation_error
proton,baryon_triangle,243,NO,REJECT_STRUCTURAL,nan,,,0,0,tier_below_min;s2_state_not_allowed;too_few_bands;too_few_quark_blocks;not_enough_levels_for_match;simulation_error
proton,baryon_triangle,244,NO,REJECT_STRUCTURAL,nan,,,0,0,tier_below_min;s2_state_not_allowed;too_few_bands;too_few_quark_blocks;not_enough_levels_for_match;simulation_error
proton,baryon_triangle,245,NO,REJECT_STRUCTURAL,nan,,,0,0,tier_below_min;s2_state_not_allowed;too_few_bands;too_few_quark_blocks;not_enough_levels_for_match;simulation_error
proton,baryon_triangle,246,NO,REJECT_STRUCTURAL,nan,,,0,0,tier_below_min;s2_state_not_allowed;too_few_bands;too_few_quark_blocks;not_enough_levels_for_match;simulation_error
proton,baryon_triangle,247,NO,REJECT_STRUCTURAL,nan,,,0,0,tier_below_min;s2_state_not_allowed;too_few_bands;too_few_quark_blocks;not_enough_levels_for_match;simulation_error
proton,baryon_triangle,248,NO,REJECT_STRUCTURAL,nan,,,0,0,tier_below_min;s2_state_not_allowed;too_few_bands;too_few_quark_blocks;not_enough_levels_for_match;simulation_error
proton,baryon_triangle,249,NO,REJECT_STRUCTURAL,nan,,,0,0,tier_below_min;s2_state_not_allowed;too_few_bands;too_few_quark_blocks;not_enough_levels_for_match;simulation_error
proton,baryon_chain,250,NO,REJECT_STRUCTURAL,nan,,,0,0,tier_below_min;s2_state_not_allowed;too_few_bands;too_few_quark_blocks;not_enough_levels_for_match;simulation_error
proton,baryon_triangle,251,NO,REJECT_STRUCTURAL,nan,,,0,0,tier_below_min;s2_state_not_allowed;too_few_bands;too_few_quark_blocks;not_enough_levels_for_match;simulation_error
proton,baryon_triangle,252,NO,REJECT_STRUCTURAL,nan,,,0,0,tier_below_min;s2_state_not_allowed;too_few_bands;too_few_quark_blocks;not_enough_levels_for_match;simulation_error
proton,baryon_triangle,253,NO,REJECT_STRUCTURAL,nan,,,0,0,tier_below_min;s2_state_not_allowed;too_few_bands;too_few_quark_blocks;not_enough_levels_for_match;simulation_error
proton,baryon_chain,254,NO,REJECT_STRUCTURAL,nan,,,0,0,tier_below_min;s2_state_not_allowed;too_few_bands;too_few_quark_blocks;not_enough_levels_for_match;simulation_error
proton,baryon_triangle,255,NO,REJECT_STRUCTURAL,nan,,,0,0,tier_below_min;s2_state_not_allowed;too_few_bands;too_few_quark_blocks;not_enough_levels_for_match;simulation_error
proton,baryon_triangle,256,NO,REJECT_STRUCTURAL,nan,,,0,0,tier_below_min;s2_state_not_allowed;too_few_bands;too_few_quark_blocks;not_enough_levels_for_match;simulation_error
proton,baryon_triangle,257,NO,REJECT_STRUCTURAL,nan,,,0,0,tier_below_min;s2_state_not_allowed;too_few_bands;too_few_quark_blocks;not_enough_levels_for_match;simulation_error
proton,baryon_triangle,258,NO,REJECT_STRUCTURAL,nan,,,0,0,tier_below_min;s2_state_not_allowed;too_few_bands;too_few_quark_blocks;not_enough_levels_for_match;simulation_error
proton,baryon_chain,259,NO,REJECT_STRUCTURAL,nan,,,0,0,tier_below_min;s2_state_not_allowed;too_few_bands;too_few_quark_blocks;not_enough_levels_for_match;simulation_error
proton,baryon_chain,260,NO,REJECT_STRUCTURAL,nan,,,0,0,tier_below_min;s2_state_not_allowed;too_few_bands;too_few_quark_blocks;not_enough_levels_for_match;simulation_error
proton,baryon_triangle,261,NO,REJECT_STRUCTURAL,nan,,,0,0,tier_below_min;s2_state_not_allowed;too_few_bands;too_few_quark_blocks;not_enough_levels_for_match;simulation_error
proton,baryon_chain,262,NO,REJECT_STRUCTURAL,nan,,,0,0,tier_below_min;s2_state_not_allowed;too_few_bands;too_few_quark_blocks;not_enough_levels_for_match;simulation_error
proton,baryon_chain,263,NO,REJECT_STRUCTURAL,nan,,,0,0,tier_below_min;s2_state_not_allowed;too_few_bands;too_few_quark_blocks;not_enough_levels_for_match;simulation_error
proton,baryon_chain,264,NO,REJECT_STRUCTURAL,nan,,,0,0,tier_below_min;s2_state_not_allowed;too_few_bands;too_few_quark_blocks;not_enough_levels_for_match;simulation_error
proton,baryon_chain,265,NO,REJECT_STRUCTURAL,nan,,,0,0,tier_below_min;s2_state_not_allowed;too_few_bands;too_few_quark_blocks;not_enough_levels_for_match;simulation_error
proton,baryon_chain,266,NO,REJECT_STRUCTURAL,nan,,,0,0,tier_below_min;s2_state_not_allowed;too_few_bands;too_few_quark_blocks;not_enough_levels_for_match;simulation_error
proton,baryon_triangle,267,NO,REJECT_STRUCTURAL,nan,,,0,0,tier_below_min;s2_state_not_allowed;too_few_bands;too_few_quark_blocks;not_enough_levels_for_match;simulation_error
proton,baryon_triangle,268,NO,REJECT_STRUCTURAL,nan,,,0,0,tier_below_min;s2_state_not_allowed;too_few_bands;too_few_quark_blocks;not_enough_levels_for_match;simulation_error
proton,baryon_triangle,269,NO,REJECT_STRUCTURAL,nan,,,0,0,tier_below_min;s2_state_not_allowed;too_few_bands;too_few_quark_blocks;not_enough_levels_for_match;simulation_error
proton,baryon_chain,270,NO,REJECT_STRUCTURAL,nan,,,0,0,tier_below_min;s2_state_not_allowed;too_few_bands;too_few_quark_blocks;not_enough_levels_for_match;simulation_error
proton,baryon_triangle,271,NO,REJECT_STRUCTURAL,nan,,,0,0,tier_below_min;s2_state_not_allowed;too_few_bands;too_few_quark_blocks;not_enough_levels_for_match;simulation_error
proton,baryon_triangle,272,NO,REJECT_STRUCTURAL,nan,,,0,0,tier_below_min;s2_state_not_allowed;too_few_bands;too_few_quark_blocks;not_enough_levels_for_match;simulation_error
proton,baryon_chain,273,NO,REJECT_STRUCTURAL,nan,,,0,0,tier_below_min;s2_state_not_allowed;too_few_bands;too_few_quark_blocks;not_enough_levels_for_match;simulation_error
proton,baryon_chain,274,NO,REJECT_STRUCTURAL,nan,,,0,0,tier_below_min;s2_state_not_allowed;too_few_bands;too_few_quark_blocks;not_enough_levels_for_match;simulation_error
proton,baryon_chain,275,NO,REJECT_STRUCTURAL,nan,,,0,0,tier_below_min;s2_state_not_allowed;too_few_bands;too_few_quark_blocks;not_enough_levels_for_match;simulation_error
proton,baryon_triangle,276,NO,REJECT_STRUCTURAL,nan,,,0,0,tier_below_min;s2_state_not_allowed;too_few_bands;too_few_quark_blocks;not_enough_levels_for_match;simulation_error
proton,baryon_triangle,277,NO,REJECT_STRUCTURAL,nan,,,0,0,tier_below_min;s2_state_not_allowed;too_few_bands;too_few_quark_blocks;not_enough_levels_for_match;simulation_error
proton,baryon_triangle,278,NO,REJECT_STRUCTURAL,nan,,,0,0,tier_below_min;s2_state_not_allowed;too_few_bands;too_few_quark_blocks;not_enough_levels_for_match;simulation_error
proton,baryon_triangle,279,NO,REJECT_STRUCTURAL,nan,,,0,0,tier_below_min;s2_state_not_allowed;too_few_bands;too_few_quark_blocks;not_enough_levels_for_match;simulation_error
proton,baryon_chain,280,NO,REJECT_STRUCTURAL,nan,,,0,0,tier_below_min;s2_state_not_allowed;too_few_bands;too_few_quark_blocks;not_enough_levels_for_match;simulation_error
proton,baryon_chain,281,NO,REJECT_STRUCTURAL,nan,,,0,0,tier_below_min;s2_state_not_allowed;too_few_bands;too_few_quark_blocks;not_enough_levels_for_match;simulation_error
proton,baryon_chain,282,NO,REJECT_STRUCTURAL,nan,,,0,0,tier_below_min;s2_state_not_allowed;too_few_bands;too_few_quark_blocks;not_enough_levels_for_match;simulation_error
proton,baryon_chain,283,NO,REJECT_STRUCTURAL,nan,,,0,0,tier_below_min;s2_state_not_allowed;too_few_bands;too_few_quark_blocks;not_enough_levels_for_match;simulation_error
proton,baryon_triangle,284,NO,REJECT_STRUCTURAL,nan,,,0,0,tier_below_min;s2_state_not_allowed;too_few_bands;too_few_quark_blocks;not_enough_levels_for_match;simulation_error
proton,baryon_triangle,285,NO,REJECT_STRUCTURAL,nan,,,0,0,tier_below_min;s2_state_not_allowed;too_few_bands;too_few_quark_blocks;not_enough_levels_for_match;simulation_error
proton,baryon_triangle,286,NO,REJECT_STRUCTURAL,nan,,,0,0,tier_below_min;s2_state_not_allowed;too_few_bands;too_few_quark_blocks;not_enough_levels_for_match;simulation_error
proton,baryon_triangle,287,NO,REJECT_STRUCTURAL,nan,,,0,0,tier_below_min;s2_state_not_allowed;too_few_bands;too_few_quark_blocks;not_enough_levels_for_match;simulation_error
proton,baryon_chain,288,NO,REJECT_STRUCTURAL,nan,,,0,0,tier_below_min;s2_state_not_allowed;too_few_bands;too_few_quark_blocks;not_enough_levels_for_match;simulation_error
proton,baryon_chain,289,NO,REJECT_STRUCTURAL,nan,,,0,0,tier_below_min;s2_state_not_allowed;too_few_bands;too_few_quark_blocks;not_enough_levels_for_match;simulation_error
proton,baryon_chain,290,NO,REJECT_STRUCTURAL,nan,,,0,0,tier_below_min;s2_state_not_allowed;too_few_bands;too_few_quark_blocks;not_enough_levels_for_match;simulation_error
proton,baryon_chain,291,NO,REJECT_STRUCTURAL,nan,,,0,0,tier_below_min;s2_state_not_allowed;too_few_bands;too_few_quark_blocks;not_enough_levels_for_match;simulation_error
proton,baryon_chain,292,NO,REJECT_STRUCTURAL,nan,,,0,0,tier_below_min;s2_state_not_allowed;too_few_bands;too_few_quark_blocks;not_enough_levels_for_match;simulation_error
proton,baryon_triangle,293,NO,REJECT_STRUCTURAL,nan,,,0,0,tier_below_min;s2_state_not_allowed;too_few_bands;too_few_quark_blocks;not_enough_levels_for_match;simulation_error
proton,baryon_chain,294,NO,REJECT_STRUCTURAL,nan,,,0,0,tier_below_min;s2_state_not_allowed;too_few_bands;too_few_quark_blocks;not_enough_levels_for_match;simulation_error
proton,baryon_triangle,295,NO,REJECT_STRUCTURAL,nan,,,0,0,tier_below_min;s2_state_not_allowed;too_few_bands;too_few_quark_blocks;not_enough_levels_for_match;simulation_error
proton,baryon_chain,296,NO,REJECT_STRUCTURAL,nan,,,0,0,tier_below_min;s2_state_not_allowed;too_few_bands;too_few_quark_blocks;not_enough_levels_for_match;simulation_error
proton,baryon_chain,297,NO,REJECT_STRUCTURAL,nan,,,0,0,tier_below_min;s2_state_not_allowed;too_few_bands;too_few_quark_blocks;not_enough_levels_for_match;simulation_error
proton,baryon_triangle,298,NO,REJECT_STRUCTURAL,nan,,,0,0,tier_below_min;s2_state_not_allowed;too_few_bands;too_few_quark_blocks;not_enough_levels_for_match;simulation_error
proton,baryon_triangle,299,NO,REJECT_STRUCTURAL,nan,,,0,0,tier_below_min;s2_state_not_allowed;too_few_bands;too_few_quark_blocks;not_enough_levels_for_match;simulation_error
proton,baryon_chain,300,NO,REJECT_STRUCTURAL,nan,,,0,0,tier_below_min;s2_state_not_allowed;too_few_bands;too_few_quark_blocks;not_enough_levels_for_match;simulation_error
proton,baryon_triangle,301,NO,REJECT_STRUCTURAL,nan,,,0,0,tier_below_min;s2_state_not_allowed;too_few_bands;too_few_quark_blocks;not_enough_levels_for_match;simulation_error
proton,baryon_triangle,302,NO,REJECT_STRUCTURAL,nan,,,0,0,tier_below_min;s2_state_not_allowed;too_few_bands;too_few_quark_blocks;not_enough_levels_for_match;simulation_error
proton,baryon_chain,303,NO,REJECT_STRUCTURAL,nan,,,0,0,tier_below_min;s2_state_not_allowed;too_few_bands;too_few_quark_blocks;not_enough_levels_for_match;simulation_error
proton,baryon_chain,304,NO,REJECT_STRUCTURAL,nan,,,0,0,tier_below_min;s2_state_not_allowed;too_few_bands;too_few_quark_blocks;not_enough_levels_for_match;simulation_error
proton,baryon_triangle,305,NO,REJECT_STRUCTURAL,nan,,,0,0,tier_below_min;s2_state_not_allowed;too_few_bands;too_few_quark_blocks;not_enough_levels_for_match;simulation_error
proton,baryon_chain,306,NO,REJECT_STRUCTURAL,nan,,,0,0,tier_below_min;s2_state_not_allowed;too_few_bands;too_few_quark_blocks;not_enough_levels_for_match;simulation_error
proton,baryon_chain,307,NO,REJECT_STRUCTURAL,nan,,,0,0,tier_below_min;s2_state_not_allowed;too_few_bands;too_few_quark_blocks;not_enough_levels_for_match;simulation_error
proton,baryon_chain,308,NO,REJECT_STRUCTURAL,nan,,,0,0,tier_below_min;s2_state_not_allowed;too_few_bands;too_few_quark_blocks;not_enough_levels_for_match;simulation_error
proton,baryon_triangle,309,NO,REJECT_STRUCTURAL,nan,,,0,0,tier_below_min;s2_state_not_allowed;too_few_bands;too_few_quark_blocks;not_enough_levels_for_match;simulation_error
proton,baryon_chain,310,NO,REJECT_STRUCTURAL,nan,,,0,0,tier_below_min;s2_state_not_allowed;too_few_bands;too_few_quark_blocks;not_enough_levels_for_match;simulation_error
proton,baryon_triangle,311,NO,REJECT_STRUCTURAL,nan,,,0,0,tier_below_min;s2_state_not_allowed;too_few_bands;too_few_quark_blocks;not_enough_levels_for_match;simulation_error
proton,baryon_chain,312,NO,REJECT_STRUCTURAL,nan,,,0,0,tier_below_min;s2_state_not_allowed;too_few_bands;too_few_quark_blocks;not_enough_levels_for_match;simulation_error
proton,baryon_triangle,313,NO,REJECT_STRUCTURAL,nan,,,0,0,tier_below_min;s2_state_not_allowed;too_few_bands;too_few_quark_blocks;not_enough_levels_for_match;simulation_error
proton,baryon_triangle,314,NO,REJECT_STRUCTURAL,nan,,,0,0,tier_below_min;s2_state_not_allowed;too_few_bands;too_few_quark_blocks;not_enough_levels_for_match;simulation_error
proton,baryon_chain,315,NO,REJECT_STRUCTURAL,nan,,,0,0,tier_below_min;s2_state_not_allowed;too_few_bands;too_few_quark_blocks;not_enough_levels_for_match;simulation_error
proton,baryon_chain,316,NO,REJECT_STRUCTURAL,nan,,,0,0,tier_below_min;s2_state_not_allowed;too_few_bands;too_few_quark_blocks;not_enough_levels_for_match;simulation_error
proton,baryon_chain,317,NO,REJECT_STRUCTURAL,nan,,,0,0,tier_below_min;s2_state_not_allowed;too_few_bands;too_few_quark_blocks;not_enough_levels_for_match;simulation_error
proton,baryon_triangle,318,NO,REJECT_STRUCTURAL,nan,,,0,0,tier_below_min;s2_state_not_allowed;too_few_bands;too_few_quark_blocks;not_enough_levels_for_match;simulation_error
proton,baryon_triangle,319,NO,REJECT_STRUCTURAL,nan,,,0,0,tier_below_min;s2_state_not_allowed;too_few_bands;too_few_quark_blocks;not_enough_levels_for_match;simulation_error
proton,baryon_chain,320,NO,REJECT_STRUCTURAL,nan,,,0,0,tier_below_min;s2_state_not_allowed;too_few_bands;too_few_quark_blocks;not_enough_levels_for_match;simulation_error
proton,baryon_chain,321,NO,REJECT_STRUCTURAL,nan,,,0,0,tier_below_min;s2_state_not_allowed;too_few_bands;too_few_quark_blocks;not_enough_levels_for_match;simulation_error
proton,baryon_triangle,322,NO,REJECT_STRUCTURAL,nan,,,0,0,tier_below_min;s2_state_not_allowed;too_few_bands;too_few_quark_blocks;not_enough_levels_for_match;simulation_error
proton,baryon_chain,323,NO,REJECT_STRUCTURAL,nan,,,0,0,tier_below_min;s2_state_not_allowed;too_few_bands;too_few_quark_blocks;not_enough_levels_for_match;simulation_error
proton,baryon_triangle,324,NO,REJECT_STRUCTURAL,nan,,,0,0,tier_below_min;s2_state_not_allowed;too_few_bands;too_few_quark_blocks;not_enough_levels_for_match;simulation_error
proton,baryon_triangle,325,NO,REJECT_STRUCTURAL,nan,,,0,0,tier_below_min;s2_state_not_allowed;too_few_bands;too_few_quark_blocks;not_enough_levels_for_match;simulation_error
proton,baryon_triangle,326,NO,REJECT_STRUCTURAL,nan,,,0,0,tier_below_min;s2_state_not_allowed;too_few_bands;too_few_quark_blocks;not_enough_levels_for_match;simulation_error
proton,baryon_triangle,327,NO,REJECT_STRUCTURAL,nan,,,0,0,tier_below_min;s2_state_not_allowed;too_few_bands;too_few_quark_blocks;not_enough_levels_for_match;simulation_error
proton,baryon_chain,328,NO,REJECT_STRUCTURAL,nan,,,0,0,tier_below_min;s2_state_not_allowed;too_few_bands;too_few_quark_blocks;not_enough_levels_for_match;simulation_error
proton,baryon_triangle,329,NO,REJECT_STRUCTURAL,nan,,,0,0,tier_below_min;s2_state_not_allowed;too_few_bands;too_few_quark_blocks;not_enough_levels_for_match;simulation_error
proton,baryon_chain,330,NO,REJECT_STRUCTURAL,nan,,,0,0,tier_below_min;s2_state_not_allowed;too_few_bands;too_few_quark_blocks;not_enough_levels_for_match;simulation_error
proton,baryon_triangle,331,NO,REJECT_STRUCTURAL,nan,,,0,0,tier_below_min;s2_state_not_allowed;too_few_bands;too_few_quark_blocks;not_enough_levels_for_match;simulation_error
proton,baryon_chain,332,NO,REJECT_STRUCTURAL,nan,,,0,0,tier_below_min;s2_state_not_allowed;too_few_bands;too_few_quark_blocks;not_enough_levels_for_match;simulation_error
proton,baryon_chain,333,NO,REJECT_STRUCTURAL,nan,,,0,0,tier_below_min;s2_state_not_allowed;too_few_bands;too_few_quark_blocks;not_enough_levels_for_match;simulation_error
proton,baryon_triangle,334,NO,REJECT_STRUCTURAL,nan,,,0,0,tier_below_min;s2_state_not_allowed;too_few_bands;too_few_quark_blocks;not_enough_levels_for_match;simulation_error
proton,baryon_triangle,335,NO,REJECT_STRUCTURAL,nan,,,0,0,tier_below_min;s2_state_not_allowed;too_few_bands;too_few_quark_blocks;not_enough_levels_for_match;simulation_error
proton,baryon_chain,336,NO,REJECT_STRUCTURAL,nan,,,0,0,tier_below_min;s2_state_not_allowed;too_few_bands;too_few_quark_blocks;not_enough_levels_for_match;simulation_error
proton,baryon_triangle,337,NO,REJECT_STRUCTURAL,nan,,,0,0,tier_below_min;s2_state_not_allowed;too_few_bands;too_few_quark_blocks;not_enough_levels_for_match;simulation_error
proton,baryon_triangle,338,NO,REJECT_STRUCTURAL,nan,,,0,0,tier_below_min;s2_state_not_allowed;too_few_bands;too_few_quark_blocks;not_enough_levels_for_match;simulation_error
proton,baryon_triangle,339,NO,REJECT_STRUCTURAL,nan,,,0,0,tier_below_min;s2_state_not_allowed;too_few_bands;too_few_quark_blocks;not_enough_levels_for_match;simulation_error
proton,baryon_chain,340,NO,REJECT_STRUCTURAL,nan,,,0,0,tier_below_min;s2_state_not_allowed;too_few_bands;too_few_quark_blocks;not_enough_levels_for_match;simulation_error
proton,baryon_chain,341,NO,REJECT_STRUCTURAL,nan,,,0,0,tier_below_min;s2_state_not_allowed;too_few_bands;too_few_quark_blocks;not_enough_levels_for_match;simulation_error
proton,baryon_triangle,342,NO,REJECT_STRUCTURAL,nan,,,0,0,tier_below_min;s2_state_not_allowed;too_few_bands;too_few_quark_blocks;not_enough_levels_for_match;simulation_error
proton,baryon_triangle,343,NO,REJECT_STRUCTURAL,nan,,,0,0,tier_below_min;s2_state_not_allowed;too_few_bands;too_few_quark_blocks;not_enough_levels_for_match;simulation_error
proton,baryon_triangle,344,NO,REJECT_STRUCTURAL,nan,,,0,0,tier_below_min;s2_state_not_allowed;too_few_bands;too_few_quark_blocks;not_enough_levels_for_match;simulation_error
proton,baryon_triangle,345,NO,REJECT_STRUCTURAL,nan,,,0,0,tier_below_min;s2_state_not_allowed;too_few_bands;too_few_quark_blocks;not_enough_levels_for_match;simulation_error
proton,baryon_chain,346,NO,REJECT_STRUCTURAL,nan,,,0,0,tier_below_min;s2_state_not_allowed;too_few_bands;too_few_quark_blocks;not_enough_levels_for_match;simulation_error
proton,baryon_chain,347,NO,REJECT_STRUCTURAL,nan,,,0,0,tier_below_min;s2_state_not_allowed;too_few_bands;too_few_quark_blocks;not_enough_levels_for_match;simulation_error
proton,baryon_triangle,348,NO,REJECT_STRUCTURAL,nan,,,0,0,tier_below_min;s2_state_not_allowed;too_few_bands;too_few_quark_blocks;not_enough_levels_for_match;simulation_error
proton,baryon_triangle,349,NO,REJECT_STRUCTURAL,nan,,,0,0,tier_below_min;s2_state_not_allowed;too_few_bands;too_few_quark_blocks;not_enough_levels_for_match;simulation_error
proton,baryon_triangle,350,NO,REJECT_STRUCTURAL,nan,,,0,0,tier_below_min;s2_state_not_allowed;too_few_bands;too_few_quark_blocks;not_enough_levels_for_match;simulation_error
proton,baryon_chain,351,NO,REJECT_STRUCTURAL,nan,,,0,0,tier_below_min;s2_state_not_allowed;too_few_bands;too_few_quark_blocks;not_enough_levels_for_match;simulation_error
proton,baryon_triangle,352,NO,REJECT_STRUCTURAL,nan,,,0,0,tier_below_min;s2_state_not_allowed;too_few_bands;too_few_quark_blocks;not_enough_levels_for_match;simulation_error
proton,baryon_triangle,353,NO,REJECT_STRUCTURAL,nan,,,0,0,tier_below_min;s2_state_not_allowed;too_few_bands;too_few_quark_blocks;not_enough_levels_for_match;simulation_error
proton,baryon_chain,354,NO,REJECT_STRUCTURAL,nan,,,0,0,tier_below_min;s2_state_not_allowed;too_few_bands;too_few_quark_blocks;not_enough_levels_for_match;simulation_error
proton,baryon_chain,355,NO,REJECT_STRUCTURAL,nan,,,0,0,tier_below_min;s2_state_not_allowed;too_few_bands;too_few_quark_blocks;not_enough_levels_for_match;simulation_error
proton,baryon_triangle,356,NO,REJECT_STRUCTURAL,nan,,,0,0,tier_below_min;s2_state_not_allowed;too_few_bands;too_few_quark_blocks;not_enough_levels_for_match;simulation_error
proton,baryon_chain,357,NO,REJECT_STRUCTURAL,nan,,,0,0,tier_below_min;s2_state_not_allowed;too_few_bands;too_few_quark_blocks;not_enough_levels_for_match;simulation_error
proton,baryon_triangle,358,NO,REJECT_STRUCTURAL,nan,,,0,0,tier_below_min;s2_state_not_allowed;too_few_bands;too_few_quark_blocks;not_enough_levels_for_match;simulation_error
proton,baryon_triangle,359,NO,REJECT_STRUCTURAL,nan,,,0,0,tier_below_min;s2_state_not_allowed;too_few_bands;too_few_quark_blocks;not_enough_levels_for_match;simulation_error
proton,baryon_triangle,360,NO,REJECT_STRUCTURAL,nan,,,0,0,tier_below_min;s2_state_not_allowed;too_few_bands;too_few_quark_blocks;not_enough_levels_for_match;simulation_error
proton,baryon_chain,361,NO,REJECT_STRUCTURAL,nan,,,0,0,tier_below_min;s2_state_not_allowed;too_few_bands;too_few_quark_blocks;not_enough_levels_for_match;simulation_error
proton,baryon_triangle,362,NO,REJECT_STRUCTURAL,nan,,,0,0,tier_below_min;s2_state_not_allowed;too_few_bands;too_few_quark_blocks;not_enough_levels_for_match;simulation_error
proton,baryon_chain,363,NO,REJECT_STRUCTURAL,nan,,,0,0,tier_below_min;s2_state_not_allowed;too_few_bands;too_few_quark_blocks;not_enough_levels_for_match;simulation_error
proton,baryon_triangle,364,NO,REJECT_STRUCTURAL,nan,,,0,0,tier_below_min;s2_state_not_allowed;too_few_bands;too_few_quark_blocks;not_enough_levels_for_match;simulation_error
proton,baryon_triangle,365,NO,REJECT_STRUCTURAL,nan,,,0,0,tier_below_min;s2_state_not_allowed;too_few_bands;too_few_quark_blocks;not_enough_levels_for_match;simulation_error
proton,baryon_triangle,366,NO,REJECT_STRUCTURAL,nan,,,0,0,tier_below_min;s2_state_not_allowed;too_few_bands;too_few_quark_blocks;not_enough_levels_for_match;simulation_error
proton,baryon_triangle,367,NO,REJECT_STRUCTURAL,nan,,,0,0,tier_below_min;s2_state_not_allowed;too_few_bands;too_few_quark_blocks;not_enough_levels_for_match;simulation_error
proton,baryon_chain,368,NO,REJECT_STRUCTURAL,nan,,,0,0,tier_below_min;s2_state_not_allowed;too_few_bands;too_few_quark_blocks;not_enough_levels_for_match;simulation_error
proton,baryon_triangle,369,NO,REJECT_STRUCTURAL,nan,,,0,0,tier_below_min;s2_state_not_allowed;too_few_bands;too_few_quark_blocks;not_enough_levels_for_match;simulation_error
proton,baryon_chain,370,NO,REJECT_STRUCTURAL,nan,,,0,0,tier_below_min;s2_state_not_allowed;too_few_bands;too_few_quark_blocks;not_enough_levels_for_match;simulation_error
proton,baryon_chain,371,NO,REJECT_STRUCTURAL,nan,,,0,0,tier_below_min;s2_state_not_allowed;too_few_bands;too_few_quark_blocks;not_enough_levels_for_match;simulation_error
proton,baryon_chain,372,NO,REJECT_STRUCTURAL,nan,,,0,0,tier_below_min;s2_state_not_allowed;too_few_bands;too_few_quark_blocks;not_enough_levels_for_match;simulation_error
proton,baryon_chain,373,NO,REJECT_STRUCTURAL,nan,,,0,0,tier_below_min;s2_state_not_allowed;too_few_bands;too_few_quark_blocks;not_enough_levels_for_match;simulation_error
proton,baryon_chain,374,NO,REJECT_STRUCTURAL,nan,,,0,0,tier_below_min;s2_state_not_allowed;too_few_bands;too_few_quark_blocks;not_enough_levels_for_match;simulation_error
proton,baryon_chain,375,NO,REJECT_STRUCTURAL,nan,,,0,0,tier_below_min;s2_state_not_allowed;too_few_bands;too_few_quark_blocks;not_enough_levels_for_match;simulation_error
proton,baryon_chain,376,NO,REJECT_STRUCTURAL,nan,,,0,0,tier_below_min;s2_state_not_allowed;too_few_bands;too_few_quark_blocks;not_enough_levels_for_match;simulation_error
proton,baryon_chain,377,NO,REJECT_STRUCTURAL,nan,,,0,0,tier_below_min;s2_state_not_allowed;too_few_bands;too_few_quark_blocks;not_enough_levels_for_match;simulation_error
proton,baryon_chain,378,NO,REJECT_STRUCTURAL,nan,,,0,0,tier_below_min;s2_state_not_allowed;too_few_bands;too_few_quark_blocks;not_enough_levels_for_match;simulation_error
proton,baryon_triangle,379,NO,REJECT_STRUCTURAL,nan,,,0,0,tier_below_min;s2_state_not_allowed;too_few_bands;too_few_quark_blocks;not_enough_levels_for_match;simulation_error
proton,baryon_chain,380,NO,REJECT_STRUCTURAL,nan,,,0,0,tier_below_min;s2_state_not_allowed;too_few_bands;too_few_quark_blocks;not_enough_levels_for_match;simulation_error
proton,baryon_chain,381,NO,REJECT_STRUCTURAL,nan,,,0,0,tier_below_min;s2_state_not_allowed;too_few_bands;too_few_quark_blocks;not_enough_levels_for_match;simulation_error
proton,baryon_triangle,382,NO,REJECT_STRUCTURAL,nan,,,0,0,tier_below_min;s2_state_not_allowed;too_few_bands;too_few_quark_blocks;not_enough_levels_for_match;simulation_error
proton,baryon_triangle,383,NO,REJECT_STRUCTURAL,nan,,,0,0,tier_below_min;s2_state_not_allowed;too_few_bands;too_few_quark_blocks;not_enough_levels_for_match;simulation_error
proton,baryon_triangle,384,NO,REJECT_STRUCTURAL,nan,,,0,0,tier_below_min;s2_state_not_allowed;too_few_bands;too_few_quark_blocks;not_enough_levels_for_match;simulation_error
proton,baryon_chain,385,NO,REJECT_STRUCTURAL,nan,,,0,0,tier_below_min;s2_state_not_allowed;too_few_bands;too_few_quark_blocks;not_enough_levels_for_match;simulation_error
proton,baryon_triangle,386,NO,REJECT_STRUCTURAL,nan,,,0,0,tier_below_min;s2_state_not_allowed;too_few_bands;too_few_quark_blocks;not_enough_levels_for_match;simulation_error
proton,baryon_chain,387,NO,REJECT_STRUCTURAL,nan,,,0,0,tier_below_min;s2_state_not_allowed;too_few_bands;too_few_quark_blocks;not_enough_levels_for_match;simulation_error
proton,baryon_chain,388,NO,REJECT_STRUCTURAL,nan,,,0,0,tier_below_min;s2_state_not_allowed;too_few_bands;too_few_quark_blocks;not_enough_levels_for_match;simulation_error
proton,baryon_triangle,389,NO,REJECT_STRUCTURAL,nan,,,0,0,tier_below_min;s2_state_not_allowed;too_few_bands;too_few_quark_blocks;not_enough_levels_for_match;simulation_error
proton,baryon_triangle,390,NO,REJECT_STRUCTURAL,nan,,,0,0,tier_below_min;s2_state_not_allowed;too_few_bands;too_few_quark_blocks;not_enough_levels_for_match;simulation_error
proton,baryon_chain,391,NO,REJECT_STRUCTURAL,nan,,,0,0,tier_below_min;s2_state_not_allowed;too_few_bands;too_few_quark_blocks;not_enough_levels_for_match;simulation_error
proton,baryon_chain,392,NO,REJECT_STRUCTURAL,nan,,,0,0,tier_below_min;s2_state_not_allowed;too_few_bands;too_few_quark_blocks;not_enough_levels_for_match;simulation_error
proton,baryon_triangle,393,NO,REJECT_STRUCTURAL,nan,,,0,0,tier_below_min;s2_state_not_allowed;too_few_bands;too_few_quark_blocks;not_enough_levels_for_match;simulation_error
proton,baryon_chain,394,NO,REJECT_STRUCTURAL,nan,,,0,0,tier_below_min;s2_state_not_allowed;too_few_bands;too_few_quark_blocks;not_enough_levels_for_match;simulation_error
proton,baryon_chain,395,NO,REJECT_STRUCTURAL,nan,,,0,0,tier_below_min;s2_state_not_allowed;too_few_bands;too_few_quark_blocks;not_enough_levels_for_match;simulation_error
proton,baryon_triangle,396,NO,REJECT_STRUCTURAL,nan,,,0,0,tier_below_min;s2_state_not_allowed;too_few_bands;too_few_quark_blocks;not_enough_levels_for_match;simulation_error
proton,baryon_triangle,397,NO,REJECT_STRUCTURAL,nan,,,0,0,tier_below_min;s2_state_not_allowed;too_few_bands;too_few_quark_blocks;not_enough_levels_for_match;simulation_error
proton,baryon_triangle,398,NO,REJECT_STRUCTURAL,nan,,,0,0,tier_below_min;s2_state_not_allowed;too_few_bands;too_few_quark_blocks;not_enough_levels_for_match;simulation_error
proton,baryon_triangle,399,NO,REJECT_STRUCTURAL,nan,,,0,0,tier_below_min;s2_state_not_allowed;too_few_bands;too_few_quark_blocks;not_enough_levels_for_match;simulation_error
proton,baryon_triangle,400,NO,REJECT_STRUCTURAL,nan,,,0,0,tier_below_min;s2_state_not_allowed;too_few_bands;too_few_quark_blocks;not_enough_levels_for_match;simulation_error
proton,baryon_chain,401,NO,REJECT_STRUCTURAL,nan,,,0,0,tier_below_min;s2_state_not_allowed;too_few_bands;too_few_quark_blocks;not_enough_levels_for_match;simulation_error
proton,baryon_chain,402,NO,REJECT_STRUCTURAL,nan,,,0,0,tier_below_min;s2_state_not_allowed;too_few_bands;too_few_quark_blocks;not_enough_levels_for_match;simulation_error
proton,baryon_chain,403,NO,REJECT_STRUCTURAL,nan,,,0,0,tier_below_min;s2_state_not_allowed;too_few_bands;too_few_quark_blocks;not_enough_levels_for_match;simulation_error
proton,baryon_triangle,404,NO,REJECT_STRUCTURAL,nan,,,0,0,tier_below_min;s2_state_not_allowed;too_few_bands;too_few_quark_blocks;not_enough_levels_for_match;simulation_error
proton,baryon_chain,405,NO,REJECT_STRUCTURAL,nan,,,0,0,tier_below_min;s2_state_not_allowed;too_few_bands;too_few_quark_blocks;not_enough_levels_for_match;simulation_error
proton,baryon_chain,406,NO,REJECT_STRUCTURAL,nan,,,0,0,tier_below_min;s2_state_not_allowed;too_few_bands;too_few_quark_blocks;not_enough_levels_for_match;simulation_error
proton,baryon_chain,407,NO,REJECT_STRUCTURAL,nan,,,0,0,tier_below_min;s2_state_not_allowed;too_few_bands;too_few_quark_blocks;not_enough_levels_for_match;simulation_error
proton,baryon_triangle,408,NO,REJECT_STRUCTURAL,nan,,,0,0,tier_below_min;s2_state_not_allowed;too_few_bands;too_few_quark_blocks;not_enough_levels_for_match;simulation_error
proton,baryon_chain,409,NO,REJECT_STRUCTURAL,nan,,,0,0,tier_below_min;s2_state_not_allowed;too_few_bands;too_few_quark_blocks;not_enough_levels_for_match;simulation_error
proton,baryon_triangle,410,NO,REJECT_STRUCTURAL,nan,,,0,0,tier_below_min;s2_state_not_allowed;too_few_bands;too_few_quark_blocks;not_enough_levels_for_match;simulation_error
proton,baryon_chain,411,NO,REJECT_STRUCTURAL,nan,,,0,0,tier_below_min;s2_state_not_allowed;too_few_bands;too_few_quark_blocks;not_enough_levels_for_match;simulation_error
proton,baryon_triangle,412,NO,REJECT_STRUCTURAL,nan,,,0,0,tier_below_min;s2_state_not_allowed;too_few_bands;too_few_quark_blocks;not_enough_levels_for_match;simulation_error
proton,baryon_chain,413,NO,REJECT_STRUCTURAL,nan,,,0,0,tier_below_min;s2_state_not_allowed;too_few_bands;too_few_quark_blocks;not_enough_levels_for_match;simulation_error
proton,baryon_triangle,414,NO,REJECT_STRUCTURAL,nan,,,0,0,tier_below_min;s2_state_not_allowed;too_few_bands;too_few_quark_blocks;not_enough_levels_for_match;simulation_error
proton,baryon_chain,415,NO,REJECT_STRUCTURAL,nan,,,0,0,tier_below_min;s2_state_not_allowed;too_few_bands;too_few_quark_blocks;not_enough_levels_for_match;simulation_error
proton,baryon_triangle,416,NO,REJECT_STRUCTURAL,nan,,,0,0,tier_below_min;s2_state_not_allowed;too_few_bands;too_few_quark_blocks;not_enough_levels_for_match;simulation_error
proton,baryon_triangle,417,NO,REJECT_STRUCTURAL,nan,,,0,0,tier_below_min;s2_state_not_allowed;too_few_bands;too_few_quark_blocks;not_enough_levels_for_match;simulation_error
proton,baryon_chain,418,NO,REJECT_STRUCTURAL,nan,,,0,0,tier_below_min;s2_state_not_allowed;too_few_bands;too_few_quark_blocks;not_enough_levels_for_match;simulation_error
proton,baryon_triangle,419,NO,REJECT_STRUCTURAL,nan,,,0,0,tier_below_min;s2_state_not_allowed;too_few_bands;too_few_quark_blocks;not_enough_levels_for_match;simulation_error
proton,baryon_chain,420,NO,REJECT_STRUCTURAL,nan,,,0,0,tier_below_min;s2_state_not_allowed;too_few_bands;too_few_quark_blocks;not_enough_levels_for_match;simulation_error
proton,baryon_chain,421,NO,REJECT_STRUCTURAL,nan,,,0,0,tier_below_min;s2_state_not_allowed;too_few_bands;too_few_quark_blocks;not_enough_levels_for_match;simulation_error
proton,baryon_triangle,422,NO,REJECT_STRUCTURAL,nan,,,0,0,tier_below_min;s2_state_not_allowed;too_few_bands;too_few_quark_blocks;not_enough_levels_for_match;simulation_error
proton,baryon_chain,423,NO,REJECT_STRUCTURAL,nan,,,0,0,tier_below_min;s2_state_not_allowed;too_few_bands;too_few_quark_blocks;not_enough_levels_for_match;simulation_error
proton,baryon_chain,424,NO,REJECT_STRUCTURAL,nan,,,0,0,tier_below_min;s2_state_not_allowed;too_few_bands;too_few_quark_blocks;not_enough_levels_for_match;simulation_error
proton,baryon_triangle,425,NO,REJECT_STRUCTURAL,nan,,,0,0,tier_below_min;s2_state_not_allowed;too_few_bands;too_few_quark_blocks;not_enough_levels_for_match;simulation_error
proton,baryon_chain,426,NO,REJECT_STRUCTURAL,nan,,,0,0,tier_below_min;s2_state_not_allowed;too_few_bands;too_few_quark_blocks;not_enough_levels_for_match;simulation_error
proton,baryon_chain,427,NO,REJECT_STRUCTURAL,nan,,,0,0,tier_below_min;s2_state_not_allowed;too_few_bands;too_few_quark_blocks;not_enough_levels_for_match;simulation_error
proton,baryon_chain,428,NO,REJECT_STRUCTURAL,nan,,,0,0,tier_below_min;s2_state_not_allowed;too_few_bands;too_few_quark_blocks;not_enough_levels_for_match;simulation_error
proton,baryon_chain,429,NO,REJECT_STRUCTURAL,nan,,,0,0,tier_below_min;s2_state_not_allowed;too_few_bands;too_few_quark_blocks;not_enough_levels_for_match;simulation_error
proton,baryon_triangle,430,NO,REJECT_STRUCTURAL,nan,,,0,0,tier_below_min;s2_state_not_allowed;too_few_bands;too_few_quark_blocks;not_enough_levels_for_match;simulation_error
proton,baryon_triangle,431,NO,REJECT_STRUCTURAL,nan,,,0,0,tier_below_min;s2_state_not_allowed;too_few_bands;too_few_quark_blocks;not_enough_levels_for_match;simulation_error
proton,baryon_triangle,432,NO,REJECT_STRUCTURAL,nan,,,0,0,tier_below_min;s2_state_not_allowed;too_few_bands;too_few_quark_blocks;not_enough_levels_for_match;simulation_error
proton,baryon_chain,433,NO,REJECT_STRUCTURAL,nan,,,0,0,tier_below_min;s2_state_not_allowed;too_few_bands;too_few_quark_blocks;not_enough_levels_for_match;simulation_error
proton,baryon_chain,434,NO,REJECT_STRUCTURAL,nan,,,0,0,tier_below_min;s2_state_not_allowed;too_few_bands;too_few_quark_blocks;not_enough_levels_for_match;simulation_error
proton,baryon_triangle,435,NO,REJECT_STRUCTURAL,nan,,,0,0,tier_below_min;s2_state_not_allowed;too_few_bands;too_few_quark_blocks;not_enough_levels_for_match;simulation_error
proton,baryon_triangle,436,NO,REJECT_STRUCTURAL,nan,,,0,0,tier_below_min;s2_state_not_allowed;too_few_bands;too_few_quark_blocks;not_enough_levels_for_match;simulation_error
proton,baryon_triangle,437,NO,REJECT_STRUCTURAL,nan,,,0,0,tier_below_min;s2_state_not_allowed;too_few_bands;too_few_quark_blocks;not_enough_levels_for_match;simulation_error
proton,baryon_chain,438,NO,REJECT_STRUCTURAL,nan,,,0,0,tier_below_min;s2_state_not_allowed;too_few_bands;too_few_quark_blocks;not_enough_levels_for_match;simulation_error
proton,baryon_chain,439,NO,REJECT_STRUCTURAL,nan,,,0,0,tier_below_min;s2_state_not_allowed;too_few_bands;too_few_quark_blocks;not_enough_levels_for_match;simulation_error
proton,baryon_chain,440,NO,REJECT_STRUCTURAL,nan,,,0,0,tier_below_min;s2_state_not_allowed;too_few_bands;too_few_quark_blocks;not_enough_levels_for_match;simulation_error
proton,baryon_triangle,441,NO,REJECT_STRUCTURAL,nan,,,0,0,tier_below_min;s2_state_not_allowed;too_few_bands;too_few_quark_blocks;not_enough_levels_for_match;simulation_error
proton,baryon_triangle,442,NO,REJECT_STRUCTURAL,nan,,,0,0,tier_below_min;s2_state_not_allowed;too_few_bands;too_few_quark_blocks;not_enough_levels_for_match;simulation_error
proton,baryon_chain,443,NO,REJECT_STRUCTURAL,nan,,,0,0,tier_below_min;s2_state_not_allowed;too_few_bands;too_few_quark_blocks;not_enough_levels_for_match;simulation_error
proton,baryon_chain,444,NO,REJECT_STRUCTURAL,nan,,,0,0,tier_below_min;s2_state_not_allowed;too_few_bands;too_few_quark_blocks;not_enough_levels_for_match;simulation_error
proton,baryon_chain,445,NO,REJECT_STRUCTURAL,nan,,,0,0,tier_below_min;s2_state_not_allowed;too_few_bands;too_few_quark_blocks;not_enough_levels_for_match;simulation_error
proton,baryon_triangle,446,NO,REJECT_STRUCTURAL,nan,,,0,0,tier_below_min;s2_state_not_allowed;too_few_bands;too_few_quark_blocks;not_enough_levels_for_match;simulation_error
proton,baryon_chain,447,NO,REJECT_STRUCTURAL,nan,,,0,0,tier_below_min;s2_state_not_allowed;too_few_bands;too_few_quark_blocks;not_enough_levels_for_match;simulation_error
proton,baryon_triangle,448,NO,REJECT_STRUCTURAL,nan,,,0,0,tier_below_min;s2_state_not_allowed;too_few_bands;too_few_quark_blocks;not_enough_levels_for_match;simulation_error
proton,baryon_chain,449,NO,REJECT_STRUCTURAL,nan,,,0,0,tier_below_min;s2_state_not_allowed;too_few_bands;too_few_quark_blocks;not_enough_levels_for_match;simulation_error
proton,baryon_chain,450,NO,REJECT_STRUCTURAL,nan,,,0,0,tier_below_min;s2_state_not_allowed;too_few_bands;too_few_quark_blocks;not_enough_levels_for_match;simulation_error
proton,baryon_triangle,451,NO,REJECT_STRUCTURAL,nan,,,0,0,tier_below_min;s2_state_not_allowed;too_few_bands;too_few_quark_blocks;not_enough_levels_for_match;simulation_error
proton,baryon_chain,452,NO,REJECT_STRUCTURAL,nan,,,0,0,tier_below_min;s2_state_not_allowed;too_few_bands;too_few_quark_blocks;not_enough_levels_for_match;simulation_error
proton,baryon_chain,453,NO,REJECT_STRUCTURAL,nan,,,0,0,tier_below_min;s2_state_not_allowed;too_few_bands;too_few_quark_blocks;not_enough_levels_for_match;simulation_error
proton,baryon_triangle,454,NO,REJECT_STRUCTURAL,nan,,,0,0,tier_below_min;s2_state_not_allowed;too_few_bands;too_few_quark_blocks;not_enough_levels_for_match;simulation_error
proton,baryon_chain,455,NO,REJECT_STRUCTURAL,nan,,,0,0,tier_below_min;s2_state_not_allowed;too_few_bands;too_few_quark_blocks;not_enough_levels_for_match;simulation_error
proton,baryon_chain,456,NO,REJECT_STRUCTURAL,nan,,,0,0,tier_below_min;s2_state_not_allowed;too_few_bands;too_few_quark_blocks;not_enough_levels_for_match;simulation_error
proton,baryon_chain,457,NO,REJECT_STRUCTURAL,nan,,,0,0,tier_below_min;s2_state_not_allowed;too_few_bands;too_few_quark_blocks;not_enough_levels_for_match;simulation_error
proton,baryon_triangle,458,NO,REJECT_STRUCTURAL,nan,,,0,0,tier_below_min;s2_state_not_allowed;too_few_bands;too_few_quark_blocks;not_enough_levels_for_match;simulation_error
proton,baryon_chain,459,NO,REJECT_STRUCTURAL,nan,,,0,0,tier_below_min;s2_state_not_allowed;too_few_bands;too_few_quark_blocks;not_enough_levels_for_match;simulation_error
proton,baryon_chain,460,NO,REJECT_STRUCTURAL,nan,,,0,0,tier_below_min;s2_state_not_allowed;too_few_bands;too_few_quark_blocks;not_enough_levels_for_match;simulation_error
proton,baryon_chain,461,NO,REJECT_STRUCTURAL,nan,,,0,0,tier_below_min;s2_state_not_allowed;too_few_bands;too_few_quark_blocks;not_enough_levels_for_match;simulation_error
proton,baryon_chain,462,NO,REJECT_STRUCTURAL,nan,,,0,0,tier_below_min;s2_state_not_allowed;too_few_bands;too_few_quark_blocks;not_enough_levels_for_match;simulation_error
proton,baryon_chain,463,NO,REJECT_STRUCTURAL,nan,,,0,0,tier_below_min;s2_state_not_allowed;too_few_bands;too_few_quark_blocks;not_enough_levels_for_match;simulation_error
proton,baryon_chain,464,NO,REJECT_STRUCTURAL,nan,,,0,0,tier_below_min;s2_state_not_allowed;too_few_bands;too_few_quark_blocks;not_enough_levels_for_match;simulation_error
proton,baryon_triangle,465,NO,REJECT_STRUCTURAL,nan,,,0,0,tier_below_min;s2_state_not_allowed;too_few_bands;too_few_quark_blocks;not_enough_levels_for_match;simulation_error
proton,baryon_triangle,466,NO,REJECT_STRUCTURAL,nan,,,0,0,tier_below_min;s2_state_not_allowed;too_few_bands;too_few_quark_blocks;not_enough_levels_for_match;simulation_error
proton,baryon_triangle,467,NO,REJECT_STRUCTURAL,nan,,,0,0,tier_below_min;s2_state_not_allowed;too_few_bands;too_few_quark_blocks;not_enough_levels_for_match;simulation_error
proton,baryon_chain,468,NO,REJECT_STRUCTURAL,nan,,,0,0,tier_below_min;s2_state_not_allowed;too_few_bands;too_few_quark_blocks;not_enough_levels_for_match;simulation_error
proton,baryon_triangle,469,NO,REJECT_STRUCTURAL,nan,,,0,0,tier_below_min;s2_state_not_allowed;too_few_bands;too_few_quark_blocks;not_enough_levels_for_match;simulation_error
proton,baryon_chain,470,NO,REJECT_STRUCTURAL,nan,,,0,0,tier_below_min;s2_state_not_allowed;too_few_bands;too_few_quark_blocks;not_enough_levels_for_match;simulation_error
proton,baryon_chain,471,NO,REJECT_STRUCTURAL,nan,,,0,0,tier_below_min;s2_state_not_allowed;too_few_bands;too_few_quark_blocks;not_enough_levels_for_match;simulation_error
proton,baryon_triangle,472,NO,REJECT_STRUCTURAL,nan,,,0,0,tier_below_min;s2_state_not_allowed;too_few_bands;too_few_quark_blocks;not_enough_levels_for_match;simulation_error
proton,baryon_triangle,473,NO,REJECT_STRUCTURAL,nan,,,0,0,tier_below_min;s2_state_not_allowed;too_few_bands;too_few_quark_blocks;not_enough_levels_for_match;simulation_error
proton,baryon_triangle,474,NO,REJECT_STRUCTURAL,nan,,,0,0,tier_below_min;s2_state_not_allowed;too_few_bands;too_few_quark_blocks;not_enough_levels_for_match;simulation_error
proton,baryon_chain,475,NO,REJECT_STRUCTURAL,nan,,,0,0,tier_below_min;s2_state_not_allowed;too_few_bands;too_few_quark_blocks;not_enough_levels_for_match;simulation_error
proton,baryon_chain,476,NO,REJECT_STRUCTURAL,nan,,,0,0,tier_below_min;s2_state_not_allowed;too_few_bands;too_few_quark_blocks;not_enough_levels_for_match;simulation_error
proton,baryon_chain,477,NO,REJECT_STRUCTURAL,nan,,,0,0,tier_below_min;s2_state_not_allowed;too_few_bands;too_few_quark_blocks;not_enough_levels_for_match;simulation_error
proton,baryon_triangle,478,NO,REJECT_STRUCTURAL,nan,,,0,0,tier_below_min;s2_state_not_allowed;too_few_bands;too_few_quark_blocks;not_enough_levels_for_match;simulation_error
proton,baryon_chain,479,NO,REJECT_STRUCTURAL,nan,,,0,0,tier_below_min;s2_state_not_allowed;too_few_bands;too_few_quark_blocks;not_enough_levels_for_match;simulation_error
proton,baryon_triangle,480,NO,REJECT_STRUCTURAL,nan,,,0,0,tier_below_min;s2_state_not_allowed;too_few_bands;too_few_quark_blocks;not_enough_levels_for_match;simulation_error
proton,baryon_chain,481,NO,REJECT_STRUCTURAL,nan,,,0,0,tier_below_min;s2_state_not_allowed;too_few_bands;too_few_quark_blocks;not_enough_levels_for_match;simulation_error
proton,baryon_triangle,482,NO,REJECT_STRUCTURAL,nan,,,0,0,tier_below_min;s2_state_not_allowed;too_few_bands;too_few_quark_blocks;not_enough_levels_for_match;simulation_error
proton,baryon_triangle,483,NO,REJECT_STRUCTURAL,nan,,,0,0,tier_below_min;s2_state_not_allowed;too_few_bands;too_few_quark_blocks;not_enough_levels_for_match;simulation_error
proton,baryon_chain,484,NO,REJECT_STRUCTURAL,nan,,,0,0,tier_below_min;s2_state_not_allowed;too_few_bands;too_few_quark_blocks;not_enough_levels_for_match;simulation_error
proton,baryon_triangle,485,NO,REJECT_STRUCTURAL,nan,,,0,0,tier_below_min;s2_state_not_allowed;too_few_bands;too_few_quark_blocks;not_enough_levels_for_match;simulation_error
proton,baryon_chain,486,NO,REJECT_STRUCTURAL,nan,,,0,0,tier_below_min;s2_state_not_allowed;too_few_bands;too_few_quark_blocks;not_enough_levels_for_match;simulation_error
proton,baryon_chain,487,NO,REJECT_STRUCTURAL,nan,,,0,0,tier_below_min;s2_state_not_allowed;too_few_bands;too_few_quark_blocks;not_enough_levels_for_match;simulation_error
proton,baryon_triangle,488,NO,REJECT_STRUCTURAL,nan,,,0,0,tier_below_min;s2_state_not_allowed;too_few_bands;too_few_quark_blocks;not_enough_levels_for_match;simulation_error
proton,baryon_chain,489,NO,REJECT_STRUCTURAL,nan,,,0,0,tier_below_min;s2_state_not_allowed;too_few_bands;too_few_quark_blocks;not_enough_levels_for_match;simulation_error
proton,baryon_chain,490,NO,REJECT_STRUCTURAL,nan,,,0,0,tier_below_min;s2_state_not_allowed;too_few_bands;too_few_quark_blocks;not_enough_levels_for_match;simulation_error
proton,baryon_triangle,491,NO,REJECT_STRUCTURAL,nan,,,0,0,tier_below_min;s2_state_not_allowed;too_few_bands;too_few_quark_blocks;not_enough_levels_for_match;simulation_error
proton,baryon_triangle,492,NO,REJECT_STRUCTURAL,nan,,,0,0,tier_below_min;s2_state_not_allowed;too_few_bands;too_few_quark_blocks;not_enough_levels_for_match;simulation_error
proton,baryon_chain,493,NO,REJECT_STRUCTURAL,nan,,,0,0,tier_below_min;s2_state_not_allowed;too_few_bands;too_few_quark_blocks;not_enough_levels_for_match;simulation_error
proton,baryon_triangle,494,NO,REJECT_STRUCTURAL,nan,,,0,0,tier_below_min;s2_state_not_allowed;too_few_bands;too_few_quark_blocks;not_enough_levels_for_match;simulation_error
proton,baryon_chain,495,NO,REJECT_STRUCTURAL,nan,,,0,0,tier_below_min;s2_state_not_allowed;too_few_bands;too_few_quark_blocks;not_enough_levels_for_match;simulation_error
proton,baryon_triangle,496,NO,REJECT_STRUCTURAL,nan,,,0,0,tier_below_min;s2_state_not_allowed;too_few_bands;too_few_quark_blocks;not_enough_levels_for_match;simulation_error
proton,baryon_triangle,497,NO,REJECT_STRUCTURAL,nan,,,0,0,tier_below_min;s2_state_not_allowed;too_few_bands;too_few_quark_blocks;not_enough_levels_for_match;simulation_error
proton,baryon_chain,498,NO,REJECT_STRUCTURAL,nan,,,0,0,tier_below_min;s2_state_not_allowed;too_few_bands;too_few_quark_blocks;not_enough_levels_for_match;simulation_error
proton,baryon_triangle,499,NO,REJECT_STRUCTURAL,nan,,,0,0,tier_below_min;s2_state_not_allowed;too_few_bands;too_few_quark_blocks;not_enough_levels_for_match;simulation_error
proton,baryon_chain,500,NO,REJECT_STRUCTURAL,nan,,,0,0,tier_below_min;s2_state_not_allowed;too_few_bands;too_few_quark_blocks;not_enough_levels_for_match;simulation_error
proton,baryon_triangle,501,NO,REJECT_STRUCTURAL,nan,,,0,0,tier_below_min;s2_state_not_allowed;too_few_bands;too_few_quark_blocks;not_enough_levels_for_match;simulation_error
proton,baryon_chain,502,NO,REJECT_STRUCTURAL,nan,,,0,0,tier_below_min;s2_state_not_allowed;too_few_bands;too_few_quark_blocks;not_enough_levels_for_match;simulation_error
proton,baryon_triangle,503,NO,REJECT_STRUCTURAL,nan,,,0,0,tier_below_min;s2_state_not_allowed;too_few_bands;too_few_quark_blocks;not_enough_levels_for_match;simulation_error
proton,baryon_chain,504,NO,REJECT_STRUCTURAL,nan,,,0,0,tier_below_min;s2_state_not_allowed;too_few_bands;too_few_quark_blocks;not_enough_levels_for_match;simulation_error
proton,baryon_chain,505,NO,REJECT_STRUCTURAL,nan,,,0,0,tier_below_min;s2_state_not_allowed;too_few_bands;too_few_quark_blocks;not_enough_levels_for_match;simulation_error
proton,baryon_chain,506,NO,REJECT_STRUCTURAL,nan,,,0,0,tier_below_min;s2_state_not_allowed;too_few_bands;too_few_quark_blocks;not_enough_levels_for_match;simulation_error
proton,baryon_triangle,507,NO,REJECT_STRUCTURAL,nan,,,0,0,tier_below_min;s2_state_not_allowed;too_few_bands;too_few_quark_blocks;not_enough_levels_for_match;simulation_error
proton,baryon_triangle,508,NO,REJECT_STRUCTURAL,nan,,,0,0,tier_below_min;s2_state_not_allowed;too_few_bands;too_few_quark_blocks;not_enough_levels_for_match;simulation_error
proton,baryon_triangle,509,NO,REJECT_STRUCTURAL,nan,,,0,0,tier_below_min;s2_state_not_allowed;too_few_bands;too_few_quark_blocks;not_enough_levels_for_match;simulation_error
proton,baryon_chain,510,NO,REJECT_STRUCTURAL,nan,,,0,0,tier_below_min;s2_state_not_allowed;too_few_bands;too_few_quark_blocks;not_enough_levels_for_match;simulation_error
proton,baryon_triangle,511,NO,REJECT_STRUCTURAL,nan,,,0,0,tier_below_min;s2_state_not_allowed;too_few_bands;too_few_quark_blocks;not_enough_levels_for_match;simulation_error
proton,baryon_triangle,512,NO,REJECT_STRUCTURAL,nan,,,0,0,tier_below_min;s2_state_not_allowed;too_few_bands;too_few_quark_blocks;not_enough_levels_for_match;simulation_error
proton,baryon_triangle,513,NO,REJECT_STRUCTURAL,nan,,,0,0,tier_below_min;s2_state_not_allowed;too_few_bands;too_few_quark_blocks;not_enough_levels_for_match;simulation_error
proton,baryon_triangle,514,NO,REJECT_STRUCTURAL,nan,,,0,0,tier_below_min;s2_state_not_allowed;too_few_bands;too_few_quark_blocks;not_enough_levels_for_match;simulation_error
proton,baryon_triangle,515,NO,REJECT_STRUCTURAL,nan,,,0,0,tier_below_min;s2_state_not_allowed;too_few_bands;too_few_quark_blocks;not_enough_levels_for_match;simulation_error
proton,baryon_triangle,516,NO,REJECT_STRUCTURAL,nan,,,0,0,tier_below_min;s2_state_not_allowed;too_few_bands;too_few_quark_blocks;not_enough_levels_for_match;simulation_error
proton,baryon_chain,517,NO,REJECT_STRUCTURAL,nan,,,0,0,tier_below_min;s2_state_not_allowed;too_few_bands;too_few_quark_blocks;not_enough_levels_for_match;simulation_error
proton,baryon_triangle,518,NO,REJECT_STRUCTURAL,nan,,,0,0,tier_below_min;s2_state_not_allowed;too_few_bands;too_few_quark_blocks;not_enough_levels_for_match;simulation_error
proton,baryon_triangle,519,NO,REJECT_STRUCTURAL,nan,,,0,0,tier_below_min;s2_state_not_allowed;too_few_bands;too_few_quark_blocks;not_enough_levels_for_match;simulation_error
proton,baryon_triangle,520,NO,REJECT_STRUCTURAL,nan,,,0,0,tier_below_min;s2_state_not_allowed;too_few_bands;too_few_quark_blocks;not_enough_levels_for_match;simulation_error
proton,baryon_triangle,521,NO,REJECT_STRUCTURAL,nan,,,0,0,tier_below_min;s2_state_not_allowed;too_few_bands;too_few_quark_blocks;not_enough_levels_for_match;simulation_error
proton,baryon_chain,522,NO,REJECT_STRUCTURAL,nan,,,0,0,tier_below_min;s2_state_not_allowed;too_few_bands;too_few_quark_blocks;not_enough_levels_for_match;simulation_error
proton,baryon_chain,523,NO,REJECT_STRUCTURAL,nan,,,0,0,tier_below_min;s2_state_not_allowed;too_few_bands;too_few_quark_blocks;not_enough_levels_for_match;simulation_error
proton,baryon_chain,524,NO,REJECT_STRUCTURAL,nan,,,0,0,tier_below_min;s2_state_not_allowed;too_few_bands;too_few_quark_blocks;not_enough_levels_for_match;simulation_error
proton,baryon_triangle,525,NO,REJECT_STRUCTURAL,nan,,,0,0,tier_below_min;s2_state_not_allowed;too_few_bands;too_few_quark_blocks;not_enough_levels_for_match;simulation_error
proton,baryon_chain,526,NO,REJECT_STRUCTURAL,nan,,,0,0,tier_below_min;s2_state_not_allowed;too_few_bands;too_few_quark_blocks;not_enough_levels_for_match;simulation_error
proton,baryon_triangle,527,NO,REJECT_STRUCTURAL,nan,,,0,0,tier_below_min;s2_state_not_allowed;too_few_bands;too_few_quark_blocks;not_enough_levels_for_match;simulation_error
proton,baryon_triangle,528,NO,REJECT_STRUCTURAL,nan,,,0,0,tier_below_min;s2_state_not_allowed;too_few_bands;too_few_quark_blocks;not_enough_levels_for_match;simulation_error
proton,baryon_chain,529,NO,REJECT_STRUCTURAL,nan,,,0,0,tier_below_min;s2_state_not_allowed;too_few_bands;too_few_quark_blocks;not_enough_levels_for_match;simulation_error
proton,baryon_chain,530,NO,REJECT_STRUCTURAL,nan,,,0,0,tier_below_min;s2_state_not_allowed;too_few_bands;too_few_quark_blocks;not_enough_levels_for_match;simulation_error
proton,baryon_triangle,531,NO,REJECT_STRUCTURAL,nan,,,0,0,tier_below_min;s2_state_not_allowed;too_few_bands;too_few_quark_blocks;not_enough_levels_for_match;simulation_error
proton,baryon_triangle,532,NO,REJECT_STRUCTURAL,nan,,,0,0,tier_below_min;s2_state_not_allowed;too_few_bands;too_few_quark_blocks;not_enough_levels_for_match;simulation_error
proton,baryon_chain,533,NO,REJECT_STRUCTURAL,nan,,,0,0,tier_below_min;s2_state_not_allowed;too_few_bands;too_few_quark_blocks;not_enough_levels_for_match;simulation_error
proton,baryon_chain,534,NO,REJECT_STRUCTURAL,nan,,,0,0,tier_below_min;s2_state_not_allowed;too_few_bands;too_few_quark_blocks;not_enough_levels_for_match;simulation_error
proton,baryon_triangle,535,NO,REJECT_STRUCTURAL,nan,,,0,0,tier_below_min;s2_state_not_allowed;too_few_bands;too_few_quark_blocks;not_enough_levels_for_match;simulation_error
proton,baryon_triangle,536,NO,REJECT_STRUCTURAL,nan,,,0,0,tier_below_min;s2_state_not_allowed;too_few_bands;too_few_quark_blocks;not_enough_levels_for_match;simulation_error
proton,baryon_triangle,537,NO,REJECT_STRUCTURAL,nan,,,0,0,tier_below_min;s2_state_not_allowed;too_few_bands;too_few_quark_blocks;not_enough_levels_for_match;simulation_error
proton,baryon_chain,538,NO,REJECT_STRUCTURAL,nan,,,0,0,tier_below_min;s2_state_not_allowed;too_few_bands;too_few_quark_blocks;not_enough_levels_for_match;simulation_error
proton,baryon_triangle,539,NO,REJECT_STRUCTURAL,nan,,,0,0,tier_below_min;s2_state_not_allowed;too_few_bands;too_few_quark_blocks;not_enough_levels_for_match;simulation_error
proton,baryon_triangle,540,NO,REJECT_STRUCTURAL,nan,,,0,0,tier_below_min;s2_state_not_allowed;too_few_bands;too_few_quark_blocks;not_enough_levels_for_match;simulation_error
proton,baryon_chain,541,NO,REJECT_STRUCTURAL,nan,,,0,0,tier_below_min;s2_state_not_allowed;too_few_bands;too_few_quark_blocks;not_enough_levels_for_match;simulation_error
proton,baryon_triangle,542,NO,REJECT_STRUCTURAL,nan,,,0,0,tier_below_min;s2_state_not_allowed;too_few_bands;too_few_quark_blocks;not_enough_levels_for_match;simulation_error
proton,baryon_triangle,543,NO,REJECT_STRUCTURAL,nan,,,0,0,tier_below_min;s2_state_not_allowed;too_few_bands;too_few_quark_blocks;not_enough_levels_for_match;simulation_error
proton,baryon_chain,544,NO,REJECT_STRUCTURAL,nan,,,0,0,tier_below_min;s2_state_not_allowed;too_few_bands;too_few_quark_blocks;not_enough_levels_for_match;simulation_error
proton,baryon_triangle,545,NO,REJECT_STRUCTURAL,nan,,,0,0,tier_below_min;s2_state_not_allowed;too_few_bands;too_few_quark_blocks;not_enough_levels_for_match;simulation_error
proton,baryon_triangle,546,NO,REJECT_STRUCTURAL,nan,,,0,0,tier_below_min;s2_state_not_allowed;too_few_bands;too_few_quark_blocks;not_enough_levels_for_match;simulation_error
proton,baryon_chain,547,NO,REJECT_STRUCTURAL,nan,,,0,0,tier_below_min;s2_state_not_allowed;too_few_bands;too_few_quark_blocks;not_enough_levels_for_match;simulation_error
proton,baryon_chain,548,NO,REJECT_STRUCTURAL,nan,,,0,0,tier_below_min;s2_state_not_allowed;too_few_bands;too_few_quark_blocks;not_enough_levels_for_match;simulation_error
proton,baryon_chain,549,NO,REJECT_STRUCTURAL,nan,,,0,0,tier_below_min;s2_state_not_allowed;too_few_bands;too_few_quark_blocks;not_enough_levels_for_match;simulation_error
proton,baryon_chain,550,NO,REJECT_STRUCTURAL,nan,,,0,0,tier_below_min;s2_state_not_allowed;too_few_bands;too_few_quark_blocks;not_enough_levels_for_match;simulation_error
proton,baryon_chain,551,NO,REJECT_STRUCTURAL,nan,,,0,0,tier_below_min;s2_state_not_allowed;too_few_bands;too_few_quark_blocks;not_enough_levels_for_match;simulation_error
proton,baryon_triangle,552,NO,REJECT_STRUCTURAL,nan,,,0,0,tier_below_min;s2_state_not_allowed;too_few_bands;too_few_quark_blocks;not_enough_levels_for_match;simulation_error
proton,baryon_chain,553,NO,REJECT_STRUCTURAL,nan,,,0,0,tier_below_min;s2_state_not_allowed;too_few_bands;too_few_quark_blocks;not_enough_levels_for_match;simulation_error
proton,baryon_chain,554,NO,REJECT_STRUCTURAL,nan,,,0,0,tier_below_min;s2_state_not_allowed;too_few_bands;too_few_quark_blocks;not_enough_levels_for_match;simulation_error
proton,baryon_triangle,555,NO,REJECT_STRUCTURAL,nan,,,0,0,tier_below_min;s2_state_not_allowed;too_few_bands;too_few_quark_blocks;not_enough_levels_for_match;simulation_error
proton,baryon_triangle,556,NO,REJECT_STRUCTURAL,nan,,,0,0,tier_below_min;s2_state_not_allowed;too_few_bands;too_few_quark_blocks;not_enough_levels_for_match;simulation_error
proton,baryon_triangle,557,NO,REJECT_STRUCTURAL,nan,,,0,0,tier_below_min;s2_state_not_allowed;too_few_bands;too_few_quark_blocks;not_enough_levels_for_match;simulation_error
proton,baryon_triangle,558,NO,REJECT_STRUCTURAL,nan,,,0,0,tier_below_min;s2_state_not_allowed;too_few_bands;too_few_quark_blocks;not_enough_levels_for_match;simulation_error
proton,baryon_chain,559,NO,REJECT_STRUCTURAL,nan,,,0,0,tier_below_min;s2_state_not_allowed;too_few_bands;too_few_quark_blocks;not_enough_levels_for_match;simulation_error
proton,baryon_chain,560,NO,REJECT_STRUCTURAL,nan,,,0,0,tier_below_min;s2_state_not_allowed;too_few_bands;too_few_quark_blocks;not_enough_levels_for_match;simulation_error
proton,baryon_triangle,561,NO,REJECT_STRUCTURAL,nan,,,0,0,tier_below_min;s2_state_not_allowed;too_few_bands;too_few_quark_blocks;not_enough_levels_for_match;simulation_error
proton,baryon_chain,562,NO,REJECT_STRUCTURAL,nan,,,0,0,tier_below_min;s2_state_not_allowed;too_few_bands;too_few_quark_blocks;not_enough_levels_for_match;simulation_error
proton,baryon_chain,563,NO,REJECT_STRUCTURAL,nan,,,0,0,tier_below_min;s2_state_not_allowed;too_few_bands;too_few_quark_blocks;not_enough_levels_for_match;simulation_error
proton,baryon_chain,564,NO,REJECT_STRUCTURAL,nan,,,0,0,tier_below_min;s2_state_not_allowed;too_few_bands;too_few_quark_blocks;not_enough_levels_for_match;simulation_error
proton,baryon_triangle,565,NO,REJECT_STRUCTURAL,nan,,,0,0,tier_below_min;s2_state_not_allowed;too_few_bands;too_few_quark_blocks;not_enough_levels_for_match;simulation_error
proton,baryon_triangle,566,NO,REJECT_STRUCTURAL,nan,,,0,0,tier_below_min;s2_state_not_allowed;too_few_bands;too_few_quark_blocks;not_enough_levels_for_match;simulation_error
proton,baryon_chain,567,NO,REJECT_STRUCTURAL,nan,,,0,0,tier_below_min;s2_state_not_allowed;too_few_bands;too_few_quark_blocks;not_enough_levels_for_match;simulation_error
proton,baryon_chain,568,NO,REJECT_STRUCTURAL,nan,,,0,0,tier_below_min;s2_state_not_allowed;too_few_bands;too_few_quark_blocks;not_enough_levels_for_match;simulation_error
proton,baryon_chain,569,NO,REJECT_STRUCTURAL,nan,,,0,0,tier_below_min;s2_state_not_allowed;too_few_bands;too_few_quark_blocks;not_enough_levels_for_match;simulation_error
proton,baryon_triangle,570,NO,REJECT_STRUCTURAL,nan,,,0,0,tier_below_min;s2_state_not_allowed;too_few_bands;too_few_quark_blocks;not_enough_levels_for_match;simulation_error
proton,baryon_chain,571,NO,REJECT_STRUCTURAL,nan,,,0,0,tier_below_min;s2_state_not_allowed;too_few_bands;too_few_quark_blocks;not_enough_levels_for_match;simulation_error
proton,baryon_triangle,572,NO,REJECT_STRUCTURAL,nan,,,0,0,tier_below_min;s2_state_not_allowed;too_few_bands;too_few_quark_blocks;not_enough_levels_for_match;simulation_error
proton,baryon_triangle,573,NO,REJECT_STRUCTURAL,nan,,,0,0,tier_below_min;s2_state_not_allowed;too_few_bands;too_few_quark_blocks;not_enough_levels_for_match;simulation_error
proton,baryon_triangle,574,NO,REJECT_STRUCTURAL,nan,,,0,0,tier_below_min;s2_state_not_allowed;too_few_bands;too_few_quark_blocks;not_enough_levels_for_match;simulation_error
proton,baryon_chain,575,NO,REJECT_STRUCTURAL,nan,,,0,0,tier_below_min;s2_state_not_allowed;too_few_bands;too_few_quark_blocks;not_enough_levels_for_match;simulation_error
proton,baryon_chain,576,NO,REJECT_STRUCTURAL,nan,,,0,0,tier_below_min;s2_state_not_allowed;too_few_bands;too_few_quark_blocks;not_enough_levels_for_match;simulation_error
proton,baryon_triangle,577,NO,REJECT_STRUCTURAL,nan,,,0,0,tier_below_min;s2_state_not_allowed;too_few_bands;too_few_quark_blocks;not_enough_levels_for_match;simulation_error
proton,baryon_triangle,578,NO,REJECT_STRUCTURAL,nan,,,0,0,tier_below_min;s2_state_not_allowed;too_few_bands;too_few_quark_blocks;not_enough_levels_for_match;simulation_error
proton,baryon_triangle,579,NO,REJECT_STRUCTURAL,nan,,,0,0,tier_below_min;s2_state_not_allowed;too_few_bands;too_few_quark_blocks;not_enough_levels_for_match;simulation_error
proton,baryon_triangle,580,NO,REJECT_STRUCTURAL,nan,,,0,0,tier_below_min;s2_state_not_allowed;too_few_bands;too_few_quark_blocks;not_enough_levels_for_match;simulation_error
proton,baryon_chain,581,NO,REJECT_STRUCTURAL,nan,,,0,0,tier_below_min;s2_state_not_allowed;too_few_bands;too_few_quark_blocks;not_enough_levels_for_match;simulation_error
proton,baryon_triangle,582,NO,REJECT_STRUCTURAL,nan,,,0,0,tier_below_min;s2_state_not_allowed;too_few_bands;too_few_quark_blocks;not_enough_levels_for_match;simulation_error
proton,baryon_triangle,583,NO,REJECT_STRUCTURAL,nan,,,0,0,tier_below_min;s2_state_not_allowed;too_few_bands;too_few_quark_blocks;not_enough_levels_for_match;simulation_error
proton,baryon_triangle,584,NO,REJECT_STRUCTURAL,nan,,,0,0,tier_below_min;s2_state_not_allowed;too_few_bands;too_few_quark_blocks;not_enough_levels_for_match;simulation_error
proton,baryon_chain,585,NO,REJECT_STRUCTURAL,nan,,,0,0,tier_below_min;s2_state_not_allowed;too_few_bands;too_few_quark_blocks;not_enough_levels_for_match;simulation_error
proton,baryon_triangle,586,NO,REJECT_STRUCTURAL,nan,,,0,0,tier_below_min;s2_state_not_allowed;too_few_bands;too_few_quark_blocks;not_enough_levels_for_match;simulation_error
proton,baryon_chain,587,NO,REJECT_STRUCTURAL,nan,,,0,0,tier_below_min;s2_state_not_allowed;too_few_bands;too_few_quark_blocks;not_enough_levels_for_match;simulation_error
proton,baryon_chain,588,NO,REJECT_STRUCTURAL,nan,,,0,0,tier_below_min;s2_state_not_allowed;too_few_bands;too_few_quark_blocks;not_enough_levels_for_match;simulation_error
proton,baryon_chain,589,NO,REJECT_STRUCTURAL,nan,,,0,0,tier_below_min;s2_state_not_allowed;too_few_bands;too_few_quark_blocks;not_enough_levels_for_match;simulation_error
proton,baryon_triangle,590,NO,REJECT_STRUCTURAL,nan,,,0,0,tier_below_min;s2_state_not_allowed;too_few_bands;too_few_quark_blocks;not_enough_levels_for_match;simulation_error
proton,baryon_chain,591,NO,REJECT_STRUCTURAL,nan,,,0,0,tier_below_min;s2_state_not_allowed;too_few_bands;too_few_quark_blocks;not_enough_levels_for_match;simulation_error
proton,baryon_chain,592,NO,REJECT_STRUCTURAL,nan,,,0,0,tier_below_min;s2_state_not_allowed;too_few_bands;too_few_quark_blocks;not_enough_levels_for_match;simulation_error
proton,baryon_chain,593,NO,REJECT_STRUCTURAL,nan,,,0,0,tier_below_min;s2_state_not_allowed;too_few_bands;too_few_quark_blocks;not_enough_levels_for_match;simulation_error
proton,baryon_triangle,594,NO,REJECT_STRUCTURAL,nan,,,0,0,tier_below_min;s2_state_not_allowed;too_few_bands;too_few_quark_blocks;not_enough_levels_for_match;simulation_error
proton,baryon_chain,595,NO,REJECT_STRUCTURAL,nan,,,0,0,tier_below_min;s2_state_not_allowed;too_few_bands;too_few_quark_blocks;not_enough_levels_for_match;simulation_error
proton,baryon_triangle,596,NO,REJECT_STRUCTURAL,nan,,,0,0,tier_below_min;s2_state_not_allowed;too_few_bands;too_few_quark_blocks;not_enough_levels_for_match;simulation_error
proton,baryon_triangle,597,NO,REJECT_STRUCTURAL,nan,,,0,0,tier_below_min;s2_state_not_allowed;too_few_bands;too_few_quark_blocks;not_enough_levels_for_match;simulation_error
proton,baryon_triangle,598,NO,REJECT_STRUCTURAL,nan,,,0,0,tier_below_min;s2_state_not_allowed;too_few_bands;too_few_quark_blocks;not_enough_levels_for_match;simulation_error
proton,baryon_chain,599,NO,REJECT_STRUCTURAL,nan,,,0,0,tier_below_min;s2_state_not_allowed;too_few_bands;too_few_quark_blocks;not_enough_levels_for_match;simulation_error
proton,baryon_triangle,600,NO,REJECT_STRUCTURAL,nan,,,0,0,tier_below_min;s2_state_not_allowed;too_few_bands;too_few_quark_blocks;not_enough_levels_for_match;simulation_error
proton,baryon_triangle,601,NO,REJECT_STRUCTURAL,nan,,,0,0,tier_below_min;s2_state_not_allowed;too_few_bands;too_few_quark_blocks;not_enough_levels_for_match;simulation_error
proton,baryon_chain,602,NO,REJECT_STRUCTURAL,nan,,,0,0,tier_below_min;s2_state_not_allowed;too_few_bands;too_few_quark_blocks;not_enough_levels_for_match;simulation_error
proton,baryon_chain,603,NO,REJECT_STRUCTURAL,nan,,,0,0,tier_below_min;s2_state_not_allowed;too_few_bands;too_few_quark_blocks;not_enough_levels_for_match;simulation_error
proton,baryon_chain,604,NO,REJECT_STRUCTURAL,nan,,,0,0,tier_below_min;s2_state_not_allowed;too_few_bands;too_few_quark_blocks;not_enough_levels_for_match;simulation_error
proton,baryon_triangle,605,NO,REJECT_STRUCTURAL,nan,,,0,0,tier_below_min;s2_state_not_allowed;too_few_bands;too_few_quark_blocks;not_enough_levels_for_match;simulation_error
proton,baryon_triangle,606,NO,REJECT_STRUCTURAL,nan,,,0,0,tier_below_min;s2_state_not_allowed;too_few_bands;too_few_quark_blocks;not_enough_levels_for_match;simulation_error
proton,baryon_triangle,607,NO,REJECT_STRUCTURAL,nan,,,0,0,tier_below_min;s2_state_not_allowed;too_few_bands;too_few_quark_blocks;not_enough_levels_for_match;simulation_error
proton,baryon_triangle,608,NO,REJECT_STRUCTURAL,nan,,,0,0,tier_below_min;s2_state_not_allowed;too_few_bands;too_few_quark_blocks;not_enough_levels_for_match;simulation_error
proton,baryon_triangle,609,NO,REJECT_STRUCTURAL,nan,,,0,0,tier_below_min;s2_state_not_allowed;too_few_bands;too_few_quark_blocks;not_enough_levels_for_match;simulation_error
proton,baryon_triangle,610,NO,REJECT_STRUCTURAL,nan,,,0,0,tier_below_min;s2_state_not_allowed;too_few_bands;too_few_quark_blocks;not_enough_levels_for_match;simulation_error
proton,baryon_triangle,611,NO,REJECT_STRUCTURAL,nan,,,0,0,tier_below_min;s2_state_not_allowed;too_few_bands;too_few_quark_blocks;not_enough_levels_for_match;simulation_error
proton,baryon_chain,612,NO,REJECT_STRUCTURAL,nan,,,0,0,tier_below_min;s2_state_not_allowed;too_few_bands;too_few_quark_blocks;not_enough_levels_for_match;simulation_error
proton,baryon_triangle,613,NO,REJECT_STRUCTURAL,nan,,,0,0,tier_below_min;s2_state_not_allowed;too_few_bands;too_few_quark_blocks;not_enough_levels_for_match;simulation_error
proton,baryon_chain,614,NO,REJECT_STRUCTURAL,nan,,,0,0,tier_below_min;s2_state_not_allowed;too_few_bands;too_few_quark_blocks;not_enough_levels_for_match;simulation_error
proton,baryon_triangle,615,NO,REJECT_STRUCTURAL,nan,,,0,0,tier_below_min;s2_state_not_allowed;too_few_bands;too_few_quark_blocks;not_enough_levels_for_match;simulation_error
proton,baryon_chain,616,NO,REJECT_STRUCTURAL,nan,,,0,0,tier_below_min;s2_state_not_allowed;too_few_bands;too_few_quark_blocks;not_enough_levels_for_match;simulation_error
proton,baryon_chain,617,NO,REJECT_STRUCTURAL,nan,,,0,0,tier_below_min;s2_state_not_allowed;too_few_bands;too_few_quark_blocks;not_enough_levels_for_match;simulation_error
proton,baryon_triangle,618,NO,REJECT_STRUCTURAL,nan,,,0,0,tier_below_min;s2_state_not_allowed;too_few_bands;too_few_quark_blocks;not_enough_levels_for_match;simulation_error
proton,baryon_chain,619,NO,REJECT_STRUCTURAL,nan,,,0,0,tier_below_min;s2_state_not_allowed;too_few_bands;too_few_quark_blocks;not_enough_levels_for_match;simulation_error
proton,baryon_triangle,620,NO,REJECT_STRUCTURAL,nan,,,0,0,tier_below_min;s2_state_not_allowed;too_few_bands;too_few_quark_blocks;not_enough_levels_for_match;simulation_error
proton,baryon_chain,621,NO,REJECT_STRUCTURAL,nan,,,0,0,tier_below_min;s2_state_not_allowed;too_few_bands;too_few_quark_blocks;not_enough_levels_for_match;simulation_error
proton,baryon_chain,622,NO,REJECT_STRUCTURAL,nan,,,0,0,tier_below_min;s2_state_not_allowed;too_few_bands;too_few_quark_blocks;not_enough_levels_for_match;simulation_error
proton,baryon_chain,623,NO,REJECT_STRUCTURAL,nan,,,0,0,tier_below_min;s2_state_not_allowed;too_few_bands;too_few_quark_blocks;not_enough_levels_for_match;simulation_error
proton,baryon_chain,624,NO,REJECT_STRUCTURAL,nan,,,0,0,tier_below_min;s2_state_not_allowed;too_few_bands;too_few_quark_blocks;not_enough_levels_for_match;simulation_error
proton,baryon_triangle,625,NO,REJECT_STRUCTURAL,nan,,,0,0,tier_below_min;s2_state_not_allowed;too_few_bands;too_few_quark_blocks;not_enough_levels_for_match;simulation_error
proton,baryon_triangle,626,NO,REJECT_STRUCTURAL,nan,,,0,0,tier_below_min;s2_state_not_allowed;too_few_bands;too_few_quark_blocks;not_enough_levels_for_match;simulation_error
proton,baryon_triangle,627,NO,REJECT_STRUCTURAL,nan,,,0,0,tier_below_min;s2_state_not_allowed;too_few_bands;too_few_quark_blocks;not_enough_levels_for_match;simulation_error
proton,baryon_chain,628,NO,REJECT_STRUCTURAL,nan,,,0,0,tier_below_min;s2_state_not_allowed;too_few_bands;too_few_quark_blocks;not_enough_levels_for_match;simulation_error
proton,baryon_chain,629,NO,REJECT_STRUCTURAL,nan,,,0,0,tier_below_min;s2_state_not_allowed;too_few_bands;too_few_quark_blocks;not_enough_levels_for_match;simulation_error
proton,baryon_chain,630,NO,REJECT_STRUCTURAL,nan,,,0,0,tier_below_min;s2_state_not_allowed;too_few_bands;too_few_quark_blocks;not_enough_levels_for_match;simulation_error
proton,baryon_chain,631,NO,REJECT_STRUCTURAL,nan,,,0,0,tier_below_min;s2_state_not_allowed;too_few_bands;too_few_quark_blocks;not_enough_levels_for_match;simulation_error
proton,baryon_triangle,632,NO,REJECT_STRUCTURAL,nan,,,0,0,tier_below_min;s2_state_not_allowed;too_few_bands;too_few_quark_blocks;not_enough_levels_for_match;simulation_error
proton,baryon_triangle,633,NO,REJECT_STRUCTURAL,nan,,,0,0,tier_below_min;s2_state_not_allowed;too_few_bands;too_few_quark_blocks;not_enough_levels_for_match;simulation_error
proton,baryon_triangle,634,NO,REJECT_STRUCTURAL,nan,,,0,0,tier_below_min;s2_state_not_allowed;too_few_bands;too_few_quark_blocks;not_enough_levels_for_match;simulation_error
proton,baryon_chain,635,NO,REJECT_STRUCTURAL,nan,,,0,0,tier_below_min;s2_state_not_allowed;too_few_bands;too_few_quark_blocks;not_enough_levels_for_match;simulation_error
proton,baryon_triangle,636,NO,REJECT_STRUCTURAL,nan,,,0,0,tier_below_min;s2_state_not_allowed;too_few_bands;too_few_quark_blocks;not_enough_levels_for_match;simulation_error
proton,baryon_triangle,637,NO,REJECT_STRUCTURAL,nan,,,0,0,tier_below_min;s2_state_not_allowed;too_few_bands;too_few_quark_blocks;not_enough_levels_for_match;simulation_error
proton,baryon_triangle,638,NO,REJECT_STRUCTURAL,nan,,,0,0,tier_below_min;s2_state_not_allowed;too_few_bands;too_few_quark_blocks;not_enough_levels_for_match;simulation_error
proton,baryon_triangle,639,NO,REJECT_STRUCTURAL,nan,,,0,0,tier_below_min;s2_state_not_allowed;too_few_bands;too_few_quark_blocks;not_enough_levels_for_match;simulation_error
proton,baryon_triangle,640,NO,REJECT_STRUCTURAL,nan,,,0,0,tier_below_min;s2_state_not_allowed;too_few_bands;too_few_quark_blocks;not_enough_levels_for_match;simulation_error
proton,baryon_triangle,641,NO,REJECT_STRUCTURAL,nan,,,0,0,tier_below_min;s2_state_not_allowed;too_few_bands;too_few_quark_blocks;not_enough_levels_for_match;simulation_error
proton,baryon_chain,642,NO,REJECT_STRUCTURAL,nan,,,0,0,tier_below_min;s2_state_not_allowed;too_few_bands;too_few_quark_blocks;not_enough_levels_for_match;simulation_error
proton,baryon_triangle,643,NO,REJECT_STRUCTURAL,nan,,,0,0,tier_below_min;s2_state_not_allowed;too_few_bands;too_few_quark_blocks;not_enough_levels_for_match;simulation_error
proton,baryon_triangle,644,NO,REJECT_STRUCTURAL,nan,,,0,0,tier_below_min;s2_state_not_allowed;too_few_bands;too_few_quark_blocks;not_enough_levels_for_match;simulation_error
proton,baryon_triangle,645,NO,REJECT_STRUCTURAL,nan,,,0,0,tier_below_min;s2_state_not_allowed;too_few_bands;too_few_quark_blocks;not_enough_levels_for_match;simulation_error
proton,baryon_triangle,646,NO,REJECT_STRUCTURAL,nan,,,0,0,tier_below_min;s2_state_not_allowed;too_few_bands;too_few_quark_blocks;not_enough_levels_for_match;simulation_error
proton,baryon_triangle,647,NO,REJECT_STRUCTURAL,nan,,,0,0,tier_below_min;s2_state_not_allowed;too_few_bands;too_few_quark_blocks;not_enough_levels_for_match;simulation_error
proton,baryon_triangle,648,NO,REJECT_STRUCTURAL,nan,,,0,0,tier_below_min;s2_state_not_allowed;too_few_bands;too_few_quark_blocks;not_enough_levels_for_match;simulation_error
proton,baryon_chain,649,NO,REJECT_STRUCTURAL,nan,,,0,0,tier_below_min;s2_state_not_allowed;too_few_bands;too_few_quark_blocks;not_enough_levels_for_match;simulation_error
proton,baryon_triangle,650,NO,REJECT_STRUCTURAL,nan,,,0,0,tier_below_min;s2_state_not_allowed;too_few_bands;too_few_quark_blocks;not_enough_levels_for_match;simulation_error
proton,baryon_chain,651,NO,REJECT_STRUCTURAL,nan,,,0,0,tier_below_min;s2_state_not_allowed;too_few_bands;too_few_quark_blocks;not_enough_levels_for_match;simulation_error
proton,baryon_triangle,652,NO,REJECT_STRUCTURAL,nan,,,0,0,tier_below_min;s2_state_not_allowed;too_few_bands;too_few_quark_blocks;not_enough_levels_for_match;simulation_error
proton,baryon_triangle,653,NO,REJECT_STRUCTURAL,nan,,,0,0,tier_below_min;s2_state_not_allowed;too_few_bands;too_few_quark_blocks;not_enough_levels_for_match;simulation_error
proton,baryon_chain,654,NO,REJECT_STRUCTURAL,nan,,,0,0,tier_below_min;s2_state_not_allowed;too_few_bands;too_few_quark_blocks;not_enough_levels_for_match;simulation_error
proton,baryon_chain,655,NO,REJECT_STRUCTURAL,nan,,,0,0,tier_below_min;s2_state_not_allowed;too_few_bands;too_few_quark_blocks;not_enough_levels_for_match;simulation_error
proton,baryon_chain,656,NO,REJECT_STRUCTURAL,nan,,,0,0,tier_below_min;s2_state_not_allowed;too_few_bands;too_few_quark_blocks;not_enough_levels_for_match;simulation_error
proton,baryon_chain,657,NO,REJECT_STRUCTURAL,nan,,,0,0,tier_below_min;s2_state_not_allowed;too_few_bands;too_few_quark_blocks;not_enough_levels_for_match;simulation_error
proton,baryon_chain,658,NO,REJECT_STRUCTURAL,nan,,,0,0,tier_below_min;s2_state_not_allowed;too_few_bands;too_few_quark_blocks;not_enough_levels_for_match;simulation_error
proton,baryon_chain,659,NO,REJECT_STRUCTURAL,nan,,,0,0,tier_below_min;s2_state_not_allowed;too_few_bands;too_few_quark_blocks;not_enough_levels_for_match;simulation_error
proton,baryon_triangle,660,NO,REJECT_STRUCTURAL,nan,,,0,0,tier_below_min;s2_state_not_allowed;too_few_bands;too_few_quark_blocks;not_enough_levels_for_match;simulation_error
proton,baryon_chain,661,NO,REJECT_STRUCTURAL,nan,,,0,0,tier_below_min;s2_state_not_allowed;too_few_bands;too_few_quark_blocks;not_enough_levels_for_match;simulation_error
proton,baryon_chain,662,NO,REJECT_STRUCTURAL,nan,,,0,0,tier_below_min;s2_state_not_allowed;too_few_bands;too_few_quark_blocks;not_enough_levels_for_match;simulation_error
proton,baryon_triangle,663,NO,REJECT_STRUCTURAL,nan,,,0,0,tier_below_min;s2_state_not_allowed;too_few_bands;too_few_quark_blocks;not_enough_levels_for_match;simulation_error
proton,baryon_chain,664,NO,REJECT_STRUCTURAL,nan,,,0,0,tier_below_min;s2_state_not_allowed;too_few_bands;too_few_quark_blocks;not_enough_levels_for_match;simulation_error
proton,baryon_chain,665,NO,REJECT_STRUCTURAL,nan,,,0,0,tier_below_min;s2_state_not_allowed;too_few_bands;too_few_quark_blocks;not_enough_levels_for_match;simulation_error
proton,baryon_triangle,666,NO,REJECT_STRUCTURAL,nan,,,0,0,tier_below_min;s2_state_not_allowed;too_few_bands;too_few_quark_blocks;not_enough_levels_for_match;simulation_error
proton,baryon_chain,667,NO,REJECT_STRUCTURAL,nan,,,0,0,tier_below_min;s2_state_not_allowed;too_few_bands;too_few_quark_blocks;not_enough_levels_for_match;simulation_error
proton,baryon_chain,668,NO,REJECT_STRUCTURAL,nan,,,0,0,tier_below_min;s2_state_not_allowed;too_few_bands;too_few_quark_blocks;not_enough_levels_for_match;simulation_error
proton,baryon_triangle,669,NO,REJECT_STRUCTURAL,nan,,,0,0,tier_below_min;s2_state_not_allowed;too_few_bands;too_few_quark_blocks;not_enough_levels_for_match;simulation_error
proton,baryon_chain,670,NO,REJECT_STRUCTURAL,nan,,,0,0,tier_below_min;s2_state_not_allowed;too_few_bands;too_few_quark_blocks;not_enough_levels_for_match;simulation_error
proton,baryon_triangle,671,NO,REJECT_STRUCTURAL,nan,,,0,0,tier_below_min;s2_state_not_allowed;too_few_bands;too_few_quark_blocks;not_enough_levels_for_match;simulation_error
proton,baryon_chain,672,NO,REJECT_STRUCTURAL,nan,,,0,0,tier_below_min;s2_state_not_allowed;too_few_bands;too_few_quark_blocks;not_enough_levels_for_match;simulation_error
proton,baryon_triangle,673,NO,REJECT_STRUCTURAL,nan,,,0,0,tier_below_min;s2_state_not_allowed;too_few_bands;too_few_quark_blocks;not_enough_levels_for_match;simulation_error
proton,baryon_triangle,674,NO,REJECT_STRUCTURAL,nan,,,0,0,tier_below_min;s2_state_not_allowed;too_few_bands;too_few_quark_blocks;not_enough_levels_for_match;simulation_error
proton,baryon_chain,675,NO,REJECT_STRUCTURAL,nan,,,0,0,tier_below_min;s2_state_not_allowed;too_few_bands;too_few_quark_blocks;not_enough_levels_for_match;simulation_error
proton,baryon_chain,676,NO,REJECT_STRUCTURAL,nan,,,0,0,tier_below_min;s2_state_not_allowed;too_few_bands;too_few_quark_blocks;not_enough_levels_for_match;simulation_error
proton,baryon_chain,677,NO,REJECT_STRUCTURAL,nan,,,0,0,tier_below_min;s2_state_not_allowed;too_few_bands;too_few_quark_blocks;not_enough_levels_for_match;simulation_error
proton,baryon_chain,678,NO,REJECT_STRUCTURAL,nan,,,0,0,tier_below_min;s2_state_not_allowed;too_few_bands;too_few_quark_blocks;not_enough_levels_for_match;simulation_error
proton,baryon_chain,679,NO,REJECT_STRUCTURAL,nan,,,0,0,tier_below_min;s2_state_not_allowed;too_few_bands;too_few_quark_blocks;not_enough_levels_for_match;simulation_error
proton,baryon_triangle,680,NO,REJECT_STRUCTURAL,nan,,,0,0,tier_below_min;s2_state_not_allowed;too_few_bands;too_few_quark_blocks;not_enough_levels_for_match;simulation_error
proton,baryon_chain,681,NO,REJECT_STRUCTURAL,nan,,,0,0,tier_below_min;s2_state_not_allowed;too_few_bands;too_few_quark_blocks;not_enough_levels_for_match;simulation_error
proton,baryon_chain,682,NO,REJECT_STRUCTURAL,nan,,,0,0,tier_below_min;s2_state_not_allowed;too_few_bands;too_few_quark_blocks;not_enough_levels_for_match;simulation_error
proton,baryon_triangle,683,NO,REJECT_STRUCTURAL,nan,,,0,0,tier_below_min;s2_state_not_allowed;too_few_bands;too_few_quark_blocks;not_enough_levels_for_match;simulation_error
proton,baryon_chain,684,NO,REJECT_STRUCTURAL,nan,,,0,0,tier_below_min;s2_state_not_allowed;too_few_bands;too_few_quark_blocks;not_enough_levels_for_match;simulation_error
proton,baryon_chain,685,NO,REJECT_STRUCTURAL,nan,,,0,0,tier_below_min;s2_state_not_allowed;too_few_bands;too_few_quark_blocks;not_enough_levels_for_match;simulation_error
proton,baryon_triangle,686,NO,REJECT_STRUCTURAL,nan,,,0,0,tier_below_min;s2_state_not_allowed;too_few_bands;too_few_quark_blocks;not_enough_levels_for_match;simulation_error
proton,baryon_chain,687,NO,REJECT_STRUCTURAL,nan,,,0,0,tier_below_min;s2_state_not_allowed;too_few_bands;too_few_quark_blocks;not_enough_levels_for_match;simulation_error
proton,baryon_triangle,688,NO,REJECT_STRUCTURAL,nan,,,0,0,tier_below_min;s2_state_not_allowed;too_few_bands;too_few_quark_blocks;not_enough_levels_for_match;simulation_error
proton,baryon_triangle,689,NO,REJECT_STRUCTURAL,nan,,,0,0,tier_below_min;s2_state_not_allowed;too_few_bands;too_few_quark_blocks;not_enough_levels_for_match;simulation_error
proton,baryon_chain,690,NO,REJECT_STRUCTURAL,nan,,,0,0,tier_below_min;s2_state_not_allowed;too_few_bands;too_few_quark_blocks;not_enough_levels_for_match;simulation_error
proton,baryon_triangle,691,NO,REJECT_STRUCTURAL,nan,,,0,0,tier_below_min;s2_state_not_allowed;too_few_bands;too_few_quark_blocks;not_enough_levels_for_match;simulation_error
proton,baryon_chain,692,NO,REJECT_STRUCTURAL,nan,,,0,0,tier_below_min;s2_state_not_allowed;too_few_bands;too_few_quark_blocks;not_enough_levels_for_match;simulation_error
proton,baryon_triangle,693,NO,REJECT_STRUCTURAL,nan,,,0,0,tier_below_min;s2_state_not_allowed;too_few_bands;too_few_quark_blocks;not_enough_levels_for_match;simulation_error
proton,baryon_chain,694,NO,REJECT_STRUCTURAL,nan,,,0,0,tier_below_min;s2_state_not_allowed;too_few_bands;too_few_quark_blocks;not_enough_levels_for_match;simulation_error
proton,baryon_triangle,695,NO,REJECT_STRUCTURAL,nan,,,0,0,tier_below_min;s2_state_not_allowed;too_few_bands;too_few_quark_blocks;not_enough_levels_for_match;simulation_error
proton,baryon_triangle,696,NO,REJECT_STRUCTURAL,nan,,,0,0,tier_below_min;s2_state_not_allowed;too_few_bands;too_few_quark_blocks;not_enough_levels_for_match;simulation_error
proton,baryon_triangle,697,NO,REJECT_STRUCTURAL,nan,,,0,0,tier_below_min;s2_state_not_allowed;too_few_bands;too_few_quark_blocks;not_enough_levels_for_match;simulation_error
proton,baryon_triangle,698,NO,REJECT_STRUCTURAL,nan,,,0,0,tier_below_min;s2_state_not_allowed;too_few_bands;too_few_quark_blocks;not_enough_levels_for_match;simulation_error
proton,baryon_triangle,699,NO,REJECT_STRUCTURAL,nan,,,0,0,tier_below_min;s2_state_not_allowed;too_few_bands;too_few_quark_blocks;not_enough_levels_for_match;simulation_error
proton,baryon_chain,700,NO,REJECT_STRUCTURAL,nan,,,0,0,tier_below_min;s2_state_not_allowed;too_few_bands;too_few_quark_blocks;not_enough_levels_for_match;simulation_error
proton,baryon_triangle,701,NO,REJECT_STRUCTURAL,nan,,,0,0,tier_below_min;s2_state_not_allowed;too_few_bands;too_few_quark_blocks;not_enough_levels_for_match;simulation_error
proton,baryon_chain,702,NO,REJECT_STRUCTURAL,nan,,,0,0,tier_below_min;s2_state_not_allowed;too_few_bands;too_few_quark_blocks;not_enough_levels_for_match;simulation_error
proton,baryon_triangle,703,NO,REJECT_STRUCTURAL,nan,,,0,0,tier_below_min;s2_state_not_allowed;too_few_bands;too_few_quark_blocks;not_enough_levels_for_match;simulation_error
proton,baryon_chain,704,NO,REJECT_STRUCTURAL,nan,,,0,0,tier_below_min;s2_state_not_allowed;too_few_bands;too_few_quark_blocks;not_enough_levels_for_match;simulation_error
proton,baryon_triangle,705,NO,REJECT_STRUCTURAL,nan,,,0,0,tier_below_min;s2_state_not_allowed;too_few_bands;too_few_quark_blocks;not_enough_levels_for_match;simulation_error
proton,baryon_triangle,706,NO,REJECT_STRUCTURAL,nan,,,0,0,tier_below_min;s2_state_not_allowed;too_few_bands;too_few_quark_blocks;not_enough_levels_for_match;simulation_error
proton,baryon_triangle,707,NO,REJECT_STRUCTURAL,nan,,,0,0,tier_below_min;s2_state_not_allowed;too_few_bands;too_few_quark_blocks;not_enough_levels_for_match;simulation_error
proton,baryon_triangle,708,NO,REJECT_STRUCTURAL,nan,,,0,0,tier_below_min;s2_state_not_allowed;too_few_bands;too_few_quark_blocks;not_enough_levels_for_match;simulation_error
proton,baryon_triangle,709,NO,REJECT_STRUCTURAL,nan,,,0,0,tier_below_min;s2_state_not_allowed;too_few_bands;too_few_quark_blocks;not_enough_levels_for_match;simulation_error
proton,baryon_triangle,710,NO,REJECT_STRUCTURAL,nan,,,0,0,tier_below_min;s2_state_not_allowed;too_few_bands;too_few_quark_blocks;not_enough_levels_for_match;simulation_error
proton,baryon_chain,711,NO,REJECT_STRUCTURAL,nan,,,0,0,tier_below_min;s2_state_not_allowed;too_few_bands;too_few_quark_blocks;not_enough_levels_for_match;simulation_error
proton,baryon_triangle,712,NO,REJECT_STRUCTURAL,nan,,,0,0,tier_below_min;s2_state_not_allowed;too_few_bands;too_few_quark_blocks;not_enough_levels_for_match;simulation_error
proton,baryon_triangle,713,NO,REJECT_STRUCTURAL,nan,,,0,0,tier_below_min;s2_state_not_allowed;too_few_bands;too_few_quark_blocks;not_enough_levels_for_match;simulation_error
proton,baryon_chain,714,NO,REJECT_STRUCTURAL,nan,,,0,0,tier_below_min;s2_state_not_allowed;too_few_bands;too_few_quark_blocks;not_enough_levels_for_match;simulation_error
proton,baryon_chain,715,NO,REJECT_STRUCTURAL,nan,,,0,0,tier_below_min;s2_state_not_allowed;too_few_bands;too_few_quark_blocks;not_enough_levels_for_match;simulation_error
proton,baryon_chain,716,NO,REJECT_STRUCTURAL,nan,,,0,0,tier_below_min;s2_state_not_allowed;too_few_bands;too_few_quark_blocks;not_enough_levels_for_match;simulation_error
proton,baryon_triangle,717,NO,REJECT_STRUCTURAL,nan,,,0,0,tier_below_min;s2_state_not_allowed;too_few_bands;too_few_quark_blocks;not_enough_levels_for_match;simulation_error
proton,baryon_chain,718,NO,REJECT_STRUCTURAL,nan,,,0,0,tier_below_min;s2_state_not_allowed;too_few_bands;too_few_quark_blocks;not_enough_levels_for_match;simulation_error
proton,baryon_chain,719,NO,REJECT_STRUCTURAL,nan,,,0,0,tier_below_min;s2_state_not_allowed;too_few_bands;too_few_quark_blocks;not_enough_levels_for_match;simulation_error
proton,baryon_chain,720,NO,REJECT_STRUCTURAL,nan,,,0,0,tier_below_min;s2_state_not_allowed;too_few_bands;too_few_quark_blocks;not_enough_levels_for_match;simulation_error
proton,baryon_triangle,721,NO,REJECT_STRUCTURAL,nan,,,0,0,tier_below_min;s2_state_not_allowed;too_few_bands;too_few_quark_blocks;not_enough_levels_for_match;simulation_error
proton,baryon_chain,722,NO,REJECT_STRUCTURAL,nan,,,0,0,tier_below_min;s2_state_not_allowed;too_few_bands;too_few_quark_blocks;not_enough_levels_for_match;simulation_error
proton,baryon_triangle,723,NO,REJECT_STRUCTURAL,nan,,,0,0,tier_below_min;s2_state_not_allowed;too_few_bands;too_few_quark_blocks;not_enough_levels_for_match;simulation_error
proton,baryon_chain,724,NO,REJECT_STRUCTURAL,nan,,,0,0,tier_below_min;s2_state_not_allowed;too_few_bands;too_few_quark_blocks;not_enough_levels_for_match;simulation_error
proton,baryon_chain,725,NO,REJECT_STRUCTURAL,nan,,,0,0,tier_below_min;s2_state_not_allowed;too_few_bands;too_few_quark_blocks;not_enough_levels_for_match;simulation_error
proton,baryon_triangle,726,NO,REJECT_STRUCTURAL,nan,,,0,0,tier_below_min;s2_state_not_allowed;too_few_bands;too_few_quark_blocks;not_enough_levels_for_match;simulation_error
proton,baryon_triangle,727,NO,REJECT_STRUCTURAL,nan,,,0,0,tier_below_min;s2_state_not_allowed;too_few_bands;too_few_quark_blocks;not_enough_levels_for_match;simulation_error
proton,baryon_triangle,728,NO,REJECT_STRUCTURAL,nan,,,0,0,tier_below_min;s2_state_not_allowed;too_few_bands;too_few_quark_blocks;not_enough_levels_for_match;simulation_error
proton,baryon_chain,729,NO,REJECT_STRUCTURAL,nan,,,0,0,tier_below_min;s2_state_not_allowed;too_few_bands;too_few_quark_blocks;not_enough_levels_for_match;simulation_error
proton,baryon_chain,730,NO,REJECT_STRUCTURAL,nan,,,0,0,tier_below_min;s2_state_not_allowed;too_few_bands;too_few_quark_blocks;not_enough_levels_for_match;simulation_error
proton,baryon_triangle,731,NO,REJECT_STRUCTURAL,nan,,,0,0,tier_below_min;s2_state_not_allowed;too_few_bands;too_few_quark_blocks;not_enough_levels_for_match;simulation_error
proton,baryon_triangle,732,NO,REJECT_STRUCTURAL,nan,,,0,0,tier_below_min;s2_state_not_allowed;too_few_bands;too_few_quark_blocks;not_enough_levels_for_match;simulation_error
proton,baryon_triangle,733,NO,REJECT_STRUCTURAL,nan,,,0,0,tier_below_min;s2_state_not_allowed;too_few_bands;too_few_quark_blocks;not_enough_levels_for_match;simulation_error
proton,baryon_triangle,734,NO,REJECT_STRUCTURAL,nan,,,0,0,tier_below_min;s2_state_not_allowed;too_few_bands;too_few_quark_blocks;not_enough_levels_for_match;simulation_error
proton,baryon_chain,735,NO,REJECT_STRUCTURAL,nan,,,0,0,tier_below_min;s2_state_not_allowed;too_few_bands;too_few_quark_blocks;not_enough_levels_for_match;simulation_error
proton,baryon_chain,736,NO,REJECT_STRUCTURAL,nan,,,0,0,tier_below_min;s2_state_not_allowed;too_few_bands;too_few_quark_blocks;not_enough_levels_for_match;simulation_error
proton,baryon_chain,737,NO,REJECT_STRUCTURAL,nan,,,0,0,tier_below_min;s2_state_not_allowed;too_few_bands;too_few_quark_blocks;not_enough_levels_for_match;simulation_error
proton,baryon_chain,738,NO,REJECT_STRUCTURAL,nan,,,0,0,tier_below_min;s2_state_not_allowed;too_few_bands;too_few_quark_blocks;not_enough_levels_for_match;simulation_error
proton,baryon_triangle,739,NO,REJECT_STRUCTURAL,nan,,,0,0,tier_below_min;s2_state_not_allowed;too_few_bands;too_few_quark_blocks;not_enough_levels_for_match;simulation_error
proton,baryon_chain,740,NO,REJECT_STRUCTURAL,nan,,,0,0,tier_below_min;s2_state_not_allowed;too_few_bands;too_few_quark_blocks;not_enough_levels_for_match;simulation_error
proton,baryon_triangle,741,NO,REJECT_STRUCTURAL,nan,,,0,0,tier_below_min;s2_state_not_allowed;too_few_bands;too_few_quark_blocks;not_enough_levels_for_match;simulation_error
proton,baryon_triangle,742,NO,REJECT_STRUCTURAL,nan,,,0,0,tier_below_min;s2_state_not_allowed;too_few_bands;too_few_quark_blocks;not_enough_levels_for_match;simulation_error
proton,baryon_chain,743,NO,REJECT_STRUCTURAL,nan,,,0,0,tier_below_min;s2_state_not_allowed;too_few_bands;too_few_quark_blocks;not_enough_levels_for_match;simulation_error
proton,baryon_chain,744,NO,REJECT_STRUCTURAL,nan,,,0,0,tier_below_min;s2_state_not_allowed;too_few_bands;too_few_quark_blocks;not_enough_levels_for_match;simulation_error
proton,baryon_triangle,745,NO,REJECT_STRUCTURAL,nan,,,0,0,tier_below_min;s2_state_not_allowed;too_few_bands;too_few_quark_blocks;not_enough_levels_for_match;simulation_error
proton,baryon_triangle,746,NO,REJECT_STRUCTURAL,nan,,,0,0,tier_below_min;s2_state_not_allowed;too_few_bands;too_few_quark_blocks;not_enough_levels_for_match;simulation_error
proton,baryon_chain,747,NO,REJECT_STRUCTURAL,nan,,,0,0,tier_below_min;s2_state_not_allowed;too_few_bands;too_few_quark_blocks;not_enough_levels_for_match;simulation_error
proton,baryon_chain,748,NO,REJECT_STRUCTURAL,nan,,,0,0,tier_below_min;s2_state_not_allowed;too_few_bands;too_few_quark_blocks;not_enough_levels_for_match;simulation_error
proton,baryon_chain,749,NO,REJECT_STRUCTURAL,nan,,,0,0,tier_below_min;s2_state_not_allowed;too_few_bands;too_few_quark_blocks;not_enough_levels_for_match;simulation_error
proton,baryon_chain,750,NO,REJECT_STRUCTURAL,nan,,,0,0,tier_below_min;s2_state_not_allowed;too_few_bands;too_few_quark_blocks;not_enough_levels_for_match;simulation_error
proton,baryon_triangle,751,NO,REJECT_STRUCTURAL,nan,,,0,0,tier_below_min;s2_state_not_allowed;too_few_bands;too_few_quark_blocks;not_enough_levels_for_match;simulation_error
proton,baryon_chain,752,NO,REJECT_STRUCTURAL,nan,,,0,0,tier_below_min;s2_state_not_allowed;too_few_bands;too_few_quark_blocks;not_enough_levels_for_match;simulation_error
proton,baryon_triangle,753,NO,REJECT_STRUCTURAL,nan,,,0,0,tier_below_min;s2_state_not_allowed;too_few_bands;too_few_quark_blocks;not_enough_levels_for_match;simulation_error
proton,baryon_triangle,754,NO,REJECT_STRUCTURAL,nan,,,0,0,tier_below_min;s2_state_not_allowed;too_few_bands;too_few_quark_blocks;not_enough_levels_for_match;simulation_error
proton,baryon_chain,755,NO,REJECT_STRUCTURAL,nan,,,0,0,tier_below_min;s2_state_not_allowed;too_few_bands;too_few_quark_blocks;not_enough_levels_for_match;simulation_error
proton,baryon_triangle,756,NO,REJECT_STRUCTURAL,nan,,,0,0,tier_below_min;s2_state_not_allowed;too_few_bands;too_few_quark_blocks;not_enough_levels_for_match;simulation_error
proton,baryon_chain,757,NO,REJECT_STRUCTURAL,nan,,,0,0,tier_below_min;s2_state_not_allowed;too_few_bands;too_few_quark_blocks;not_enough_levels_for_match;simulation_error
proton,baryon_chain,758,NO,REJECT_STRUCTURAL,nan,,,0,0,tier_below_min;s2_state_not_allowed;too_few_bands;too_few_quark_blocks;not_enough_levels_for_match;simulation_error
proton,baryon_chain,759,NO,REJECT_STRUCTURAL,nan,,,0,0,tier_below_min;s2_state_not_allowed;too_few_bands;too_few_quark_blocks;not_enough_levels_for_match;simulation_error
proton,baryon_triangle,760,NO,REJECT_STRUCTURAL,nan,,,0,0,tier_below_min;s2_state_not_allowed;too_few_bands;too_few_quark_blocks;not_enough_levels_for_match;simulation_error
proton,baryon_triangle,761,NO,REJECT_STRUCTURAL,nan,,,0,0,tier_below_min;s2_state_not_allowed;too_few_bands;too_few_quark_blocks;not_enough_levels_for_match;simulation_error
proton,baryon_chain,762,NO,REJECT_STRUCTURAL,nan,,,0,0,tier_below_min;s2_state_not_allowed;too_few_bands;too_few_quark_blocks;not_enough_levels_for_match;simulation_error
proton,baryon_chain,763,NO,REJECT_STRUCTURAL,nan,,,0,0,tier_below_min;s2_state_not_allowed;too_few_bands;too_few_quark_blocks;not_enough_levels_for_match;simulation_error
proton,baryon_chain,764,NO,REJECT_STRUCTURAL,nan,,,0,0,tier_below_min;s2_state_not_allowed;too_few_bands;too_few_quark_blocks;not_enough_levels_for_match;simulation_error
proton,baryon_chain,765,NO,REJECT_STRUCTURAL,nan,,,0,0,tier_below_min;s2_state_not_allowed;too_few_bands;too_few_quark_blocks;not_enough_levels_for_match;simulation_error
proton,baryon_chain,766,NO,REJECT_STRUCTURAL,nan,,,0,0,tier_below_min;s2_state_not_allowed;too_few_bands;too_few_quark_blocks;not_enough_levels_for_match;simulation_error
proton,baryon_chain,767,NO,REJECT_STRUCTURAL,nan,,,0,0,tier_below_min;s2_state_not_allowed;too_few_bands;too_few_quark_blocks;not_enough_levels_for_match;simulation_error
proton,baryon_triangle,768,NO,REJECT_STRUCTURAL,nan,,,0,0,tier_below_min;s2_state_not_allowed;too_few_bands;too_few_quark_blocks;not_enough_levels_for_match;simulation_error
proton,baryon_chain,769,NO,REJECT_STRUCTURAL,nan,,,0,0,tier_below_min;s2_state_not_allowed;too_few_bands;too_few_quark_blocks;not_enough_levels_for_match;simulation_error
proton,baryon_triangle,770,NO,REJECT_STRUCTURAL,nan,,,0,0,tier_below_min;s2_state_not_allowed;too_few_bands;too_few_quark_blocks;not_enough_levels_for_match;simulation_error
proton,baryon_chain,771,NO,REJECT_STRUCTURAL,nan,,,0,0,tier_below_min;s2_state_not_allowed;too_few_bands;too_few_quark_blocks;not_enough_levels_for_match;simulation_error
proton,baryon_triangle,772,NO,REJECT_STRUCTURAL,nan,,,0,0,tier_below_min;s2_state_not_allowed;too_few_bands;too_few_quark_blocks;not_enough_levels_for_match;simulation_error
proton,baryon_chain,773,NO,REJECT_STRUCTURAL,nan,,,0,0,tier_below_min;s2_state_not_allowed;too_few_bands;too_few_quark_blocks;not_enough_levels_for_match;simulation_error
proton,baryon_chain,774,NO,REJECT_STRUCTURAL,nan,,,0,0,tier_below_min;s2_state_not_allowed;too_few_bands;too_few_quark_blocks;not_enough_levels_for_match;simulation_error
proton,baryon_chain,775,NO,REJECT_STRUCTURAL,nan,,,0,0,tier_below_min;s2_state_not_allowed;too_few_bands;too_few_quark_blocks;not_enough_levels_for_match;simulation_error
proton,baryon_triangle,776,NO,REJECT_STRUCTURAL,nan,,,0,0,tier_below_min;s2_state_not_allowed;too_few_bands;too_few_quark_blocks;not_enough_levels_for_match;simulation_error
proton,baryon_triangle,777,NO,REJECT_STRUCTURAL,nan,,,0,0,tier_below_min;s2_state_not_allowed;too_few_bands;too_few_quark_blocks;not_enough_levels_for_match;simulation_error
proton,baryon_triangle,778,NO,REJECT_STRUCTURAL,nan,,,0,0,tier_below_min;s2_state_not_allowed;too_few_bands;too_few_quark_blocks;not_enough_levels_for_match;simulation_error
proton,baryon_triangle,779,NO,REJECT_STRUCTURAL,nan,,,0,0,tier_below_min;s2_state_not_allowed;too_few_bands;too_few_quark_blocks;not_enough_levels_for_match;simulation_error
proton,baryon_chain,780,NO,REJECT_STRUCTURAL,nan,,,0,0,tier_below_min;s2_state_not_allowed;too_few_bands;too_few_quark_blocks;not_enough_levels_for_match;simulation_error
proton,baryon_chain,781,NO,REJECT_STRUCTURAL,nan,,,0,0,tier_below_min;s2_state_not_allowed;too_few_bands;too_few_quark_blocks;not_enough_levels_for_match;simulation_error
proton,baryon_chain,782,NO,REJECT_STRUCTURAL,nan,,,0,0,tier_below_min;s2_state_not_allowed;too_few_bands;too_few_quark_blocks;not_enough_levels_for_match;simulation_error
proton,baryon_chain,783,NO,REJECT_STRUCTURAL,nan,,,0,0,tier_below_min;s2_state_not_allowed;too_few_bands;too_few_quark_blocks;not_enough_levels_for_match;simulation_error
proton,baryon_triangle,784,NO,REJECT_STRUCTURAL,nan,,,0,0,tier_below_min;s2_state_not_allowed;too_few_bands;too_few_quark_blocks;not_enough_levels_for_match;simulation_error
proton,baryon_triangle,785,NO,REJECT_STRUCTURAL,nan,,,0,0,tier_below_min;s2_state_not_allowed;too_few_bands;too_few_quark_blocks;not_enough_levels_for_match;simulation_error
proton,baryon_chain,786,NO,REJECT_STRUCTURAL,nan,,,0,0,tier_below_min;s2_state_not_allowed;too_few_bands;too_few_quark_blocks;not_enough_levels_for_match;simulation_error
proton,baryon_triangle,787,NO,REJECT_STRUCTURAL,nan,,,0,0,tier_below_min;s2_state_not_allowed;too_few_bands;too_few_quark_blocks;not_enough_levels_for_match;simulation_error
proton,baryon_chain,788,NO,REJECT_STRUCTURAL,nan,,,0,0,tier_below_min;s2_state_not_allowed;too_few_bands;too_few_quark_blocks;not_enough_levels_for_match;simulation_error
proton,baryon_chain,789,NO,REJECT_STRUCTURAL,nan,,,0,0,tier_below_min;s2_state_not_allowed;too_few_bands;too_few_quark_blocks;not_enough_levels_for_match;simulation_error
proton,baryon_triangle,790,NO,REJECT_STRUCTURAL,nan,,,0,0,tier_below_min;s2_state_not_allowed;too_few_bands;too_few_quark_blocks;not_enough_levels_for_match;simulation_error
proton,baryon_chain,791,NO,REJECT_STRUCTURAL,nan,,,0,0,tier_below_min;s2_state_not_allowed;too_few_bands;too_few_quark_blocks;not_enough_levels_for_match;simulation_error
proton,baryon_triangle,792,NO,REJECT_STRUCTURAL,nan,,,0,0,tier_below_min;s2_state_not_allowed;too_few_bands;too_few_quark_blocks;not_enough_levels_for_match;simulation_error
proton,baryon_triangle,793,NO,REJECT_STRUCTURAL,nan,,,0,0,tier_below_min;s2_state_not_allowed;too_few_bands;too_few_quark_blocks;not_enough_levels_for_match;simulation_error
proton,baryon_chain,794,NO,REJECT_STRUCTURAL,nan,,,0,0,tier_below_min;s2_state_not_allowed;too_few_bands;too_few_quark_blocks;not_enough_levels_for_match;simulation_error
proton,baryon_chain,795,NO,REJECT_STRUCTURAL,nan,,,0,0,tier_below_min;s2_state_not_allowed;too_few_bands;too_few_quark_blocks;not_enough_levels_for_match;simulation_error
proton,baryon_triangle,796,NO,REJECT_STRUCTURAL,nan,,,0,0,tier_below_min;s2_state_not_allowed;too_few_bands;too_few_quark_blocks;not_enough_levels_for_match;simulation_error
proton,baryon_triangle,797,NO,REJECT_STRUCTURAL,nan,,,0,0,tier_below_min;s2_state_not_allowed;too_few_bands;too_few_quark_blocks;not_enough_levels_for_match;simulation_error
proton,baryon_triangle,798,NO,REJECT_STRUCTURAL,nan,,,0,0,tier_below_min;s2_state_not_allowed;too_few_bands;too_few_quark_blocks;not_enough_levels_for_match;simulation_error
proton,baryon_chain,799,NO,REJECT_STRUCTURAL,nan,,,0,0,tier_below_min;s2_state_not_allowed;too_few_bands;too_few_quark_blocks;not_enough_levels_for_match;simulation_error
proton,baryon_triangle,800,NO,REJECT_STRUCTURAL,nan,,,0,0,tier_below_min;s2_state_not_allowed;too_few_bands;too_few_quark_blocks;not_enough_levels_for_match;simulation_error
proton,baryon_triangle,801,NO,REJECT_STRUCTURAL,nan,,,0,0,tier_below_min;s2_state_not_allowed;too_few_bands;too_few_quark_blocks;not_enough_levels_for_match;simulation_error
proton,baryon_chain,802,NO,REJECT_STRUCTURAL,nan,,,0,0,tier_below_min;s2_state_not_allowed;too_few_bands;too_few_quark_blocks;not_enough_levels_for_match;simulation_error
proton,baryon_triangle,803,NO,REJECT_STRUCTURAL,nan,,,0,0,tier_below_min;s2_state_not_allowed;too_few_bands;too_few_quark_blocks;not_enough_levels_for_match;simulation_error
proton,baryon_chain,804,NO,REJECT_STRUCTURAL,nan,,,0,0,tier_below_min;s2_state_not_allowed;too_few_bands;too_few_quark_blocks;not_enough_levels_for_match;simulation_error
proton,baryon_triangle,805,NO,REJECT_STRUCTURAL,nan,,,0,0,tier_below_min;s2_state_not_allowed;too_few_bands;too_few_quark_blocks;not_enough_levels_for_match;simulation_error
proton,baryon_chain,806,NO,REJECT_STRUCTURAL,nan,,,0,0,tier_below_min;s2_state_not_allowed;too_few_bands;too_few_quark_blocks;not_enough_levels_for_match;simulation_error
proton,baryon_chain,807,NO,REJECT_STRUCTURAL,nan,,,0,0,tier_below_min;s2_state_not_allowed;too_few_bands;too_few_quark_blocks;not_enough_levels_for_match;simulation_error
proton,baryon_chain,808,NO,REJECT_STRUCTURAL,nan,,,0,0,tier_below_min;s2_state_not_allowed;too_few_bands;too_few_quark_blocks;not_enough_levels_for_match;simulation_error
proton,baryon_triangle,809,NO,REJECT_STRUCTURAL,nan,,,0,0,tier_below_min;s2_state_not_allowed;too_few_bands;too_few_quark_blocks;not_enough_levels_for_match;simulation_error
proton,baryon_chain,810,NO,REJECT_STRUCTURAL,nan,,,0,0,tier_below_min;s2_state_not_allowed;too_few_bands;too_few_quark_blocks;not_enough_levels_for_match;simulation_error
proton,baryon_triangle,811,NO,REJECT_STRUCTURAL,nan,,,0,0,tier_below_min;s2_state_not_allowed;too_few_bands;too_few_quark_blocks;not_enough_levels_for_match;simulation_error
proton,baryon_chain,812,NO,REJECT_STRUCTURAL,nan,,,0,0,tier_below_min;s2_state_not_allowed;too_few_bands;too_few_quark_blocks;not_enough_levels_for_match;simulation_error
proton,baryon_triangle,813,NO,REJECT_STRUCTURAL,nan,,,0,0,tier_below_min;s2_state_not_allowed;too_few_bands;too_few_quark_blocks;not_enough_levels_for_match;simulation_error
proton,baryon_chain,814,NO,REJECT_STRUCTURAL,nan,,,0,0,tier_below_min;s2_state_not_allowed;too_few_bands;too_few_quark_blocks;not_enough_levels_for_match;simulation_error
proton,baryon_chain,815,NO,REJECT_STRUCTURAL,nan,,,0,0,tier_below_min;s2_state_not_allowed;too_few_bands;too_few_quark_blocks;not_enough_levels_for_match;simulation_error
proton,baryon_triangle,816,NO,REJECT_STRUCTURAL,nan,,,0,0,tier_below_min;s2_state_not_allowed;too_few_bands;too_few_quark_blocks;not_enough_levels_for_match;simulation_error
proton,baryon_chain,817,NO,REJECT_STRUCTURAL,nan,,,0,0,tier_below_min;s2_state_not_allowed;too_few_bands;too_few_quark_blocks;not_enough_levels_for_match;simulation_error
proton,baryon_triangle,818,NO,REJECT_STRUCTURAL,nan,,,0,0,tier_below_min;s2_state_not_allowed;too_few_bands;too_few_quark_blocks;not_enough_levels_for_match;simulation_error
proton,baryon_chain,819,NO,REJECT_STRUCTURAL,nan,,,0,0,tier_below_min;s2_state_not_allowed;too_few_bands;too_few_quark_blocks;not_enough_levels_for_match;simulation_error
proton,baryon_triangle,820,NO,REJECT_STRUCTURAL,nan,,,0,0,tier_below_min;s2_state_not_allowed;too_few_bands;too_few_quark_blocks;not_enough_levels_for_match;simulation_error
proton,baryon_triangle,821,NO,REJECT_STRUCTURAL,nan,,,0,0,tier_below_min;s2_state_not_allowed;too_few_bands;too_few_quark_blocks;not_enough_levels_for_match;simulation_error
proton,baryon_chain,822,NO,REJECT_STRUCTURAL,nan,,,0,0,tier_below_min;s2_state_not_allowed;too_few_bands;too_few_quark_blocks;not_enough_levels_for_match;simulation_error
proton,baryon_chain,823,NO,REJECT_STRUCTURAL,nan,,,0,0,tier_below_min;s2_state_not_allowed;too_few_bands;too_few_quark_blocks;not_enough_levels_for_match;simulation_error
proton,baryon_chain,824,NO,REJECT_STRUCTURAL,nan,,,0,0,tier_below_min;s2_state_not_allowed;too_few_bands;too_few_quark_blocks;not_enough_levels_for_match;simulation_error
proton,baryon_chain,825,NO,REJECT_STRUCTURAL,nan,,,0,0,tier_below_min;s2_state_not_allowed;too_few_bands;too_few_quark_blocks;not_enough_levels_for_match;simulation_error
proton,baryon_triangle,826,NO,REJECT_STRUCTURAL,nan,,,0,0,tier_below_min;s2_state_not_allowed;too_few_bands;too_few_quark_blocks;not_enough_levels_for_match;simulation_error
proton,baryon_triangle,827,NO,REJECT_STRUCTURAL,nan,,,0,0,tier_below_min;s2_state_not_allowed;too_few_bands;too_few_quark_blocks;not_enough_levels_for_match;simulation_error
proton,baryon_triangle,828,NO,REJECT_STRUCTURAL,nan,,,0,0,tier_below_min;s2_state_not_allowed;too_few_bands;too_few_quark_blocks;not_enough_levels_for_match;simulation_error
proton,baryon_triangle,829,NO,REJECT_STRUCTURAL,nan,,,0,0,tier_below_min;s2_state_not_allowed;too_few_bands;too_few_quark_blocks;not_enough_levels_for_match;simulation_error
proton,baryon_triangle,830,NO,REJECT_STRUCTURAL,nan,,,0,0,tier_below_min;s2_state_not_allowed;too_few_bands;too_few_quark_blocks;not_enough_levels_for_match;simulation_error
proton,baryon_triangle,831,NO,REJECT_STRUCTURAL,nan,,,0,0,tier_below_min;s2_state_not_allowed;too_few_bands;too_few_quark_blocks;not_enough_levels_for_match;simulation_error
proton,baryon_chain,832,NO,REJECT_STRUCTURAL,nan,,,0,0,tier_below_min;s2_state_not_allowed;too_few_bands;too_few_quark_blocks;not_enough_levels_for_match;simulation_error
proton,baryon_triangle,833,NO,REJECT_STRUCTURAL,nan,,,0,0,tier_below_min;s2_state_not_allowed;too_few_bands;too_few_quark_blocks;not_enough_levels_for_match;simulation_error
proton,baryon_chain,834,NO,REJECT_STRUCTURAL,nan,,,0,0,tier_below_min;s2_state_not_allowed;too_few_bands;too_few_quark_blocks;not_enough_levels_for_match;simulation_error
proton,baryon_chain,835,NO,REJECT_STRUCTURAL,nan,,,0,0,tier_below_min;s2_state_not_allowed;too_few_bands;too_few_quark_blocks;not_enough_levels_for_match;simulation_error
proton,baryon_chain,836,NO,REJECT_STRUCTURAL,nan,,,0,0,tier_below_min;s2_state_not_allowed;too_few_bands;too_few_quark_blocks;not_enough_levels_for_match;simulation_error
proton,baryon_chain,837,NO,REJECT_STRUCTURAL,nan,,,0,0,tier_below_min;s2_state_not_allowed;too_few_bands;too_few_quark_blocks;not_enough_levels_for_match;simulation_error
proton,baryon_triangle,838,NO,REJECT_STRUCTURAL,nan,,,0,0,tier_below_min;s2_state_not_allowed;too_few_bands;too_few_quark_blocks;not_enough_levels_for_match;simulation_error
proton,baryon_triangle,839,NO,REJECT_STRUCTURAL,nan,,,0,0,tier_below_min;s2_state_not_allowed;too_few_bands;too_few_quark_blocks;not_enough_levels_for_match;simulation_error
proton,baryon_chain,840,NO,REJECT_STRUCTURAL,nan,,,0,0,tier_below_min;s2_state_not_allowed;too_few_bands;too_few_quark_blocks;not_enough_levels_for_match;simulation_error
proton,baryon_triangle,841,NO,REJECT_STRUCTURAL,nan,,,0,0,tier_below_min;s2_state_not_allowed;too_few_bands;too_few_quark_blocks;not_enough_levels_for_match;simulation_error
proton,baryon_chain,842,NO,REJECT_STRUCTURAL,nan,,,0,0,tier_below_min;s2_state_not_allowed;too_few_bands;too_few_quark_blocks;not_enough_levels_for_match;simulation_error
proton,baryon_chain,843,NO,REJECT_STRUCTURAL,nan,,,0,0,tier_below_min;s2_state_not_allowed;too_few_bands;too_few_quark_blocks;not_enough_levels_for_match;simulation_error
proton,baryon_triangle,844,NO,REJECT_STRUCTURAL,nan,,,0,0,tier_below_min;s2_state_not_allowed;too_few_bands;too_few_quark_blocks;not_enough_levels_for_match;simulation_error
proton,baryon_triangle,845,NO,REJECT_STRUCTURAL,nan,,,0,0,tier_below_min;s2_state_not_allowed;too_few_bands;too_few_quark_blocks;not_enough_levels_for_match;simulation_error
proton,baryon_chain,846,NO,REJECT_STRUCTURAL,nan,,,0,0,tier_below_min;s2_state_not_allowed;too_few_bands;too_few_quark_blocks;not_enough_levels_for_match;simulation_error
proton,baryon_chain,847,NO,REJECT_STRUCTURAL,nan,,,0,0,tier_below_min;s2_state_not_allowed;too_few_bands;too_few_quark_blocks;not_enough_levels_for_match;simulation_error
proton,baryon_triangle,848,NO,REJECT_STRUCTURAL,nan,,,0,0,tier_below_min;s2_state_not_allowed;too_few_bands;too_few_quark_blocks;not_enough_levels_for_match;simulation_error
proton,baryon_chain,849,NO,REJECT_STRUCTURAL,nan,,,0,0,tier_below_min;s2_state_not_allowed;too_few_bands;too_few_quark_blocks;not_enough_levels_for_match;simulation_error
proton,baryon_triangle,850,NO,REJECT_STRUCTURAL,nan,,,0,0,tier_below_min;s2_state_not_allowed;too_few_bands;too_few_quark_blocks;not_enough_levels_for_match;simulation_error
proton,baryon_triangle,851,NO,REJECT_STRUCTURAL,nan,,,0,0,tier_below_min;s2_state_not_allowed;too_few_bands;too_few_quark_blocks;not_enough_levels_for_match;simulation_error
proton,baryon_chain,852,NO,REJECT_STRUCTURAL,nan,,,0,0,tier_below_min;s2_state_not_allowed;too_few_bands;too_few_quark_blocks;not_enough_levels_for_match;simulation_error
proton,baryon_triangle,853,NO,REJECT_STRUCTURAL,nan,,,0,0,tier_below_min;s2_state_not_allowed;too_few_bands;too_few_quark_blocks;not_enough_levels_for_match;simulation_error
proton,baryon_triangle,854,NO,REJECT_STRUCTURAL,nan,,,0,0,tier_below_min;s2_state_not_allowed;too_few_bands;too_few_quark_blocks;not_enough_levels_for_match;simulation_error
proton,baryon_chain,855,NO,REJECT_STRUCTURAL,nan,,,0,0,tier_below_min;s2_state_not_allowed;too_few_bands;too_few_quark_blocks;not_enough_levels_for_match;simulation_error
proton,baryon_triangle,856,NO,REJECT_STRUCTURAL,nan,,,0,0,tier_below_min;s2_state_not_allowed;too_few_bands;too_few_quark_blocks;not_enough_levels_for_match;simulation_error
proton,baryon_chain,857,NO,REJECT_STRUCTURAL,nan,,,0,0,tier_below_min;s2_state_not_allowed;too_few_bands;too_few_quark_blocks;not_enough_levels_for_match;simulation_error
proton,baryon_triangle,858,NO,REJECT_STRUCTURAL,nan,,,0,0,tier_below_min;s2_state_not_allowed;too_few_bands;too_few_quark_blocks;not_enough_levels_for_match;simulation_error
proton,baryon_chain,859,NO,REJECT_STRUCTURAL,nan,,,0,0,tier_below_min;s2_state_not_allowed;too_few_bands;too_few_quark_blocks;not_enough_levels_for_match;simulation_error
proton,baryon_chain,860,NO,REJECT_STRUCTURAL,nan,,,0,0,tier_below_min;s2_state_not_allowed;too_few_bands;too_few_quark_blocks;not_enough_levels_for_match;simulation_error
proton,baryon_chain,861,NO,REJECT_STRUCTURAL,nan,,,0,0,tier_below_min;s2_state_not_allowed;too_few_bands;too_few_quark_blocks;not_enough_levels_for_match;simulation_error
proton,baryon_chain,862,NO,REJECT_STRUCTURAL,nan,,,0,0,tier_below_min;s2_state_not_allowed;too_few_bands;too_few_quark_blocks;not_enough_levels_for_match;simulation_error
proton,baryon_chain,863,NO,REJECT_STRUCTURAL,nan,,,0,0,tier_below_min;s2_state_not_allowed;too_few_bands;too_few_quark_blocks;not_enough_levels_for_match;simulation_error
proton,baryon_chain,864,NO,REJECT_STRUCTURAL,nan,,,0,0,tier_below_min;s2_state_not_allowed;too_few_bands;too_few_quark_blocks;not_enough_levels_for_match;simulation_error
proton,baryon_chain,865,NO,REJECT_STRUCTURAL,nan,,,0,0,tier_below_min;s2_state_not_allowed;too_few_bands;too_few_quark_blocks;not_enough_levels_for_match;simulation_error
proton,baryon_triangle,866,NO,REJECT_STRUCTURAL,nan,,,0,0,tier_below_min;s2_state_not_allowed;too_few_bands;too_few_quark_blocks;not_enough_levels_for_match;simulation_error
proton,baryon_triangle,867,NO,REJECT_STRUCTURAL,nan,,,0,0,tier_below_min;s2_state_not_allowed;too_few_bands;too_few_quark_blocks;not_enough_levels_for_match;simulation_error
proton,baryon_triangle,868,NO,REJECT_STRUCTURAL,nan,,,0,0,tier_below_min;s2_state_not_allowed;too_few_bands;too_few_quark_blocks;not_enough_levels_for_match;simulation_error
proton,baryon_triangle,869,NO,REJECT_STRUCTURAL,nan,,,0,0,tier_below_min;s2_state_not_allowed;too_few_bands;too_few_quark_blocks;not_enough_levels_for_match;simulation_error
proton,baryon_triangle,870,NO,REJECT_STRUCTURAL,nan,,,0,0,tier_below_min;s2_state_not_allowed;too_few_bands;too_few_quark_blocks;not_enough_levels_for_match;simulation_error
proton,baryon_triangle,871,NO,REJECT_STRUCTURAL,nan,,,0,0,tier_below_min;s2_state_not_allowed;too_few_bands;too_few_quark_blocks;not_enough_levels_for_match;simulation_error
proton,baryon_triangle,872,NO,REJECT_STRUCTURAL,nan,,,0,0,tier_below_min;s2_state_not_allowed;too_few_bands;too_few_quark_blocks;not_enough_levels_for_match;simulation_error
proton,baryon_chain,873,NO,REJECT_STRUCTURAL,nan,,,0,0,tier_below_min;s2_state_not_allowed;too_few_bands;too_few_quark_blocks;not_enough_levels_for_match;simulation_error
proton,baryon_triangle,874,NO,REJECT_STRUCTURAL,nan,,,0,0,tier_below_min;s2_state_not_allowed;too_few_bands;too_few_quark_blocks;not_enough_levels_for_match;simulation_error
proton,baryon_triangle,875,NO,REJECT_STRUCTURAL,nan,,,0,0,tier_below_min;s2_state_not_allowed;too_few_bands;too_few_quark_blocks;not_enough_levels_for_match;simulation_error
proton,baryon_triangle,876,NO,REJECT_STRUCTURAL,nan,,,0,0,tier_below_min;s2_state_not_allowed;too_few_bands;too_few_quark_blocks;not_enough_levels_for_match;simulation_error
proton,baryon_chain,877,NO,REJECT_STRUCTURAL,nan,,,0,0,tier_below_min;s2_state_not_allowed;too_few_bands;too_few_quark_blocks;not_enough_levels_for_match;simulation_error
proton,baryon_chain,878,NO,REJECT_STRUCTURAL,nan,,,0,0,tier_below_min;s2_state_not_allowed;too_few_bands;too_few_quark_blocks;not_enough_levels_for_match;simulation_error
proton,baryon_triangle,879,NO,REJECT_STRUCTURAL,nan,,,0,0,tier_below_min;s2_state_not_allowed;too_few_bands;too_few_quark_blocks;not_enough_levels_for_match;simulation_error
proton,baryon_triangle,880,NO,REJECT_STRUCTURAL,nan,,,0,0,tier_below_min;s2_state_not_allowed;too_few_bands;too_few_quark_blocks;not_enough_levels_for_match;simulation_error
proton,baryon_chain,881,NO,REJECT_STRUCTURAL,nan,,,0,0,tier_below_min;s2_state_not_allowed;too_few_bands;too_few_quark_blocks;not_enough_levels_for_match;simulation_error
proton,baryon_triangle,882,NO,REJECT_STRUCTURAL,nan,,,0,0,tier_below_min;s2_state_not_allowed;too_few_bands;too_few_quark_blocks;not_enough_levels_for_match;simulation_error
proton,baryon_chain,883,NO,REJECT_STRUCTURAL,nan,,,0,0,tier_below_min;s2_state_not_allowed;too_few_bands;too_few_quark_blocks;not_enough_levels_for_match;simulation_error
proton,baryon_chain,884,NO,REJECT_STRUCTURAL,nan,,,0,0,tier_below_min;s2_state_not_allowed;too_few_bands;too_few_quark_blocks;not_enough_levels_for_match;simulation_error
proton,baryon_triangle,885,NO,REJECT_STRUCTURAL,nan,,,0,0,tier_below_min;s2_state_not_allowed;too_few_bands;too_few_quark_blocks;not_enough_levels_for_match;simulation_error
proton,baryon_triangle,886,NO,REJECT_STRUCTURAL,nan,,,0,0,tier_below_min;s2_state_not_allowed;too_few_bands;too_few_quark_blocks;not_enough_levels_for_match;simulation_error
proton,baryon_chain,887,NO,REJECT_STRUCTURAL,nan,,,0,0,tier_below_min;s2_state_not_allowed;too_few_bands;too_few_quark_blocks;not_enough_levels_for_match;simulation_error
proton,baryon_chain,888,NO,REJECT_STRUCTURAL,nan,,,0,0,tier_below_min;s2_state_not_allowed;too_few_bands;too_few_quark_blocks;not_enough_levels_for_match;simulation_error
proton,baryon_triangle,889,NO,REJECT_STRUCTURAL,nan,,,0,0,tier_below_min;s2_state_not_allowed;too_few_bands;too_few_quark_blocks;not_enough_levels_for_match;simulation_error
proton,baryon_triangle,890,NO,REJECT_STRUCTURAL,nan,,,0,0,tier_below_min;s2_state_not_allowed;too_few_bands;too_few_quark_blocks;not_enough_levels_for_match;simulation_error
proton,baryon_triangle,891,NO,REJECT_STRUCTURAL,nan,,,0,0,tier_below_min;s2_state_not_allowed;too_few_bands;too_few_quark_blocks;not_enough_levels_for_match;simulation_error
proton,baryon_chain,892,NO,REJECT_STRUCTURAL,nan,,,0,0,tier_below_min;s2_state_not_allowed;too_few_bands;too_few_quark_blocks;not_enough_levels_for_match;simulation_error
proton,baryon_chain,893,NO,REJECT_STRUCTURAL,nan,,,0,0,tier_below_min;s2_state_not_allowed;too_few_bands;too_few_quark_blocks;not_enough_levels_for_match;simulation_error
proton,baryon_triangle,894,NO,REJECT_STRUCTURAL,nan,,,0,0,tier_below_min;s2_state_not_allowed;too_few_bands;too_few_quark_blocks;not_enough_levels_for_match;simulation_error
proton,baryon_triangle,895,NO,REJECT_STRUCTURAL,nan,,,0,0,tier_below_min;s2_state_not_allowed;too_few_bands;too_few_quark_blocks;not_enough_levels_for_match;simulation_error
proton,baryon_triangle,896,NO,REJECT_STRUCTURAL,nan,,,0,0,tier_below_min;s2_state_not_allowed;too_few_bands;too_few_quark_blocks;not_enough_levels_for_match;simulation_error
proton,baryon_chain,897,NO,REJECT_STRUCTURAL,nan,,,0,0,tier_below_min;s2_state_not_allowed;too_few_bands;too_few_quark_blocks;not_enough_levels_for_match;simulation_error
proton,baryon_triangle,898,NO,REJECT_STRUCTURAL,nan,,,0,0,tier_below_min;s2_state_not_allowed;too_few_bands;too_few_quark_blocks;not_enough_levels_for_match;simulation_error
proton,baryon_chain,899,NO,REJECT_STRUCTURAL,nan,,,0,0,tier_below_min;s2_state_not_allowed;too_few_bands;too_few_quark_blocks;not_enough_levels_for_match;simulation_error
proton,baryon_chain,900,NO,REJECT_STRUCTURAL,nan,,,0,0,tier_below_min;s2_state_not_allowed;too_few_bands;too_few_quark_blocks;not_enough_levels_for_match;simulation_error
proton,baryon_triangle,901,NO,REJECT_STRUCTURAL,nan,,,0,0,tier_below_min;s2_state_not_allowed;too_few_bands;too_few_quark_blocks;not_enough_levels_for_match;simulation_error
proton,baryon_chain,902,NO,REJECT_STRUCTURAL,nan,,,0,0,tier_below_min;s2_state_not_allowed;too_few_bands;too_few_quark_blocks;not_enough_levels_for_match;simulation_error
proton,baryon_chain,903,NO,REJECT_STRUCTURAL,nan,,,0,0,tier_below_min;s2_state_not_allowed;too_few_bands;too_few_quark_blocks;not_enough_levels_for_match;simulation_error
proton,baryon_triangle,904,NO,REJECT_STRUCTURAL,nan,,,0,0,tier_below_min;s2_state_not_allowed;too_few_bands;too_few_quark_blocks;not_enough_levels_for_match;simulation_error
proton,baryon_chain,905,NO,REJECT_STRUCTURAL,nan,,,0,0,tier_below_min;s2_state_not_allowed;too_few_bands;too_few_quark_blocks;not_enough_levels_for_match;simulation_error
proton,baryon_chain,906,NO,REJECT_STRUCTURAL,nan,,,0,0,tier_below_min;s2_state_not_allowed;too_few_bands;too_few_quark_blocks;not_enough_levels_for_match;simulation_error
proton,baryon_chain,907,NO,REJECT_STRUCTURAL,nan,,,0,0,tier_below_min;s2_state_not_allowed;too_few_bands;too_few_quark_blocks;not_enough_levels_for_match;simulation_error
proton,baryon_triangle,908,NO,REJECT_STRUCTURAL,nan,,,0,0,tier_below_min;s2_state_not_allowed;too_few_bands;too_few_quark_blocks;not_enough_levels_for_match;simulation_error
proton,baryon_triangle,909,NO,REJECT_STRUCTURAL,nan,,,0,0,tier_below_min;s2_state_not_allowed;too_few_bands;too_few_quark_blocks;not_enough_levels_for_match;simulation_error
proton,baryon_chain,910,NO,REJECT_STRUCTURAL,nan,,,0,0,tier_below_min;s2_state_not_allowed;too_few_bands;too_few_quark_blocks;not_enough_levels_for_match;simulation_error
proton,baryon_triangle,911,NO,REJECT_STRUCTURAL,nan,,,0,0,tier_below_min;s2_state_not_allowed;too_few_bands;too_few_quark_blocks;not_enough_levels_for_match;simulation_error
proton,baryon_chain,912,NO,REJECT_STRUCTURAL,nan,,,0,0,tier_below_min;s2_state_not_allowed;too_few_bands;too_few_quark_blocks;not_enough_levels_for_match;simulation_error
proton,baryon_chain,913,NO,REJECT_STRUCTURAL,nan,,,0,0,tier_below_min;s2_state_not_allowed;too_few_bands;too_few_quark_blocks;not_enough_levels_for_match;simulation_error
proton,baryon_triangle,914,NO,REJECT_STRUCTURAL,nan,,,0,0,tier_below_min;s2_state_not_allowed;too_few_bands;too_few_quark_blocks;not_enough_levels_for_match;simulation_error
proton,baryon_triangle,915,NO,REJECT_STRUCTURAL,nan,,,0,0,tier_below_min;s2_state_not_allowed;too_few_bands;too_few_quark_blocks;not_enough_levels_for_match;simulation_error
proton,baryon_triangle,916,NO,REJECT_STRUCTURAL,nan,,,0,0,tier_below_min;s2_state_not_allowed;too_few_bands;too_few_quark_blocks;not_enough_levels_for_match;simulation_error
proton,baryon_triangle,917,NO,REJECT_STRUCTURAL,nan,,,0,0,tier_below_min;s2_state_not_allowed;too_few_bands;too_few_quark_blocks;not_enough_levels_for_match;simulation_error
proton,baryon_triangle,918,NO,REJECT_STRUCTURAL,nan,,,0,0,tier_below_min;s2_state_not_allowed;too_few_bands;too_few_quark_blocks;not_enough_levels_for_match;simulation_error
proton,baryon_triangle,919,NO,REJECT_STRUCTURAL,nan,,,0,0,tier_below_min;s2_state_not_allowed;too_few_bands;too_few_quark_blocks;not_enough_levels_for_match;simulation_error
proton,baryon_chain,920,NO,REJECT_STRUCTURAL,nan,,,0,0,tier_below_min;s2_state_not_allowed;too_few_bands;too_few_quark_blocks;not_enough_levels_for_match;simulation_error
proton,baryon_chain,921,NO,REJECT_STRUCTURAL,nan,,,0,0,tier_below_min;s2_state_not_allowed;too_few_bands;too_few_quark_blocks;not_enough_levels_for_match;simulation_error
proton,baryon_triangle,922,NO,REJECT_STRUCTURAL,nan,,,0,0,tier_below_min;s2_state_not_allowed;too_few_bands;too_few_quark_blocks;not_enough_levels_for_match;simulation_error
proton,baryon_chain,923,NO,REJECT_STRUCTURAL,nan,,,0,0,tier_below_min;s2_state_not_allowed;too_few_bands;too_few_quark_blocks;not_enough_levels_for_match;simulation_error
proton,baryon_chain,924,NO,REJECT_STRUCTURAL,nan,,,0,0,tier_below_min;s2_state_not_allowed;too_few_bands;too_few_quark_blocks;not_enough_levels_for_match;simulation_error
proton,baryon_chain,925,NO,REJECT_STRUCTURAL,nan,,,0,0,tier_below_min;s2_state_not_allowed;too_few_bands;too_few_quark_blocks;not_enough_levels_for_match;simulation_error
proton,baryon_triangle,926,NO,REJECT_STRUCTURAL,nan,,,0,0,tier_below_min;s2_state_not_allowed;too_few_bands;too_few_quark_blocks;not_enough_levels_for_match;simulation_error
proton,baryon_triangle,927,NO,REJECT_STRUCTURAL,nan,,,0,0,tier_below_min;s2_state_not_allowed;too_few_bands;too_few_quark_blocks;not_enough_levels_for_match;simulation_error
proton,baryon_chain,928,NO,REJECT_STRUCTURAL,nan,,,0,0,tier_below_min;s2_state_not_allowed;too_few_bands;too_few_quark_blocks;not_enough_levels_for_match;simulation_error
proton,baryon_chain,929,NO,REJECT_STRUCTURAL,nan,,,0,0,tier_below_min;s2_state_not_allowed;too_few_bands;too_few_quark_blocks;not_enough_levels_for_match;simulation_error
proton,baryon_chain,930,NO,REJECT_STRUCTURAL,nan,,,0,0,tier_below_min;s2_state_not_allowed;too_few_bands;too_few_quark_blocks;not_enough_levels_for_match;simulation_error
proton,baryon_chain,931,NO,REJECT_STRUCTURAL,nan,,,0,0,tier_below_min;s2_state_not_allowed;too_few_bands;too_few_quark_blocks;not_enough_levels_for_match;simulation_error
proton,baryon_chain,932,NO,REJECT_STRUCTURAL,nan,,,0,0,tier_below_min;s2_state_not_allowed;too_few_bands;too_few_quark_blocks;not_enough_levels_for_match;simulation_error
proton,baryon_chain,933,NO,REJECT_STRUCTURAL,nan,,,0,0,tier_below_min;s2_state_not_allowed;too_few_bands;too_few_quark_blocks;not_enough_levels_for_match;simulation_error
proton,baryon_chain,934,NO,REJECT_STRUCTURAL,nan,,,0,0,tier_below_min;s2_state_not_allowed;too_few_bands;too_few_quark_blocks;not_enough_levels_for_match;simulation_error
proton,baryon_chain,935,NO,REJECT_STRUCTURAL,nan,,,0,0,tier_below_min;s2_state_not_allowed;too_few_bands;too_few_quark_blocks;not_enough_levels_for_match;simulation_error
proton,baryon_chain,936,NO,REJECT_STRUCTURAL,nan,,,0,0,tier_below_min;s2_state_not_allowed;too_few_bands;too_few_quark_blocks;not_enough_levels_for_match;simulation_error
proton,baryon_triangle,937,NO,REJECT_STRUCTURAL,nan,,,0,0,tier_below_min;s2_state_not_allowed;too_few_bands;too_few_quark_blocks;not_enough_levels_for_match;simulation_error
proton,baryon_triangle,938,NO,REJECT_STRUCTURAL,nan,,,0,0,tier_below_min;s2_state_not_allowed;too_few_bands;too_few_quark_blocks;not_enough_levels_for_match;simulation_error
proton,baryon_triangle,939,NO,REJECT_STRUCTURAL,nan,,,0,0,tier_below_min;s2_state_not_allowed;too_few_bands;too_few_quark_blocks;not_enough_levels_for_match;simulation_error
proton,baryon_chain,940,NO,REJECT_STRUCTURAL,nan,,,0,0,tier_below_min;s2_state_not_allowed;too_few_bands;too_few_quark_blocks;not_enough_levels_for_match;simulation_error
proton,baryon_triangle,941,NO,REJECT_STRUCTURAL,nan,,,0,0,tier_below_min;s2_state_not_allowed;too_few_bands;too_few_quark_blocks;not_enough_levels_for_match;simulation_error
proton,baryon_chain,942,NO,REJECT_STRUCTURAL,nan,,,0,0,tier_below_min;s2_state_not_allowed;too_few_bands;too_few_quark_blocks;not_enough_levels_for_match;simulation_error
proton,baryon_chain,943,NO,REJECT_STRUCTURAL,nan,,,0,0,tier_below_min;s2_state_not_allowed;too_few_bands;too_few_quark_blocks;not_enough_levels_for_match;simulation_error
proton,baryon_chain,944,NO,REJECT_STRUCTURAL,nan,,,0,0,tier_below_min;s2_state_not_allowed;too_few_bands;too_few_quark_blocks;not_enough_levels_for_match;simulation_error
proton,baryon_triangle,945,NO,REJECT_STRUCTURAL,nan,,,0,0,tier_below_min;s2_state_not_allowed;too_few_bands;too_few_quark_blocks;not_enough_levels_for_match;simulation_error
proton,baryon_chain,946,NO,REJECT_STRUCTURAL,nan,,,0,0,tier_below_min;s2_state_not_allowed;too_few_bands;too_few_quark_blocks;not_enough_levels_for_match;simulation_error
proton,baryon_chain,947,NO,REJECT_STRUCTURAL,nan,,,0,0,tier_below_min;s2_state_not_allowed;too_few_bands;too_few_quark_blocks;not_enough_levels_for_match;simulation_error
proton,baryon_triangle,948,NO,REJECT_STRUCTURAL,nan,,,0,0,tier_below_min;s2_state_not_allowed;too_few_bands;too_few_quark_blocks;not_enough_levels_for_match;simulation_error
proton,baryon_triangle,949,NO,REJECT_STRUCTURAL,nan,,,0,0,tier_below_min;s2_state_not_allowed;too_few_bands;too_few_quark_blocks;not_enough_levels_for_match;simulation_error
proton,baryon_triangle,950,NO,REJECT_STRUCTURAL,nan,,,0,0,tier_below_min;s2_state_not_allowed;too_few_bands;too_few_quark_blocks;not_enough_levels_for_match;simulation_error
proton,baryon_triangle,951,NO,REJECT_STRUCTURAL,nan,,,0,0,tier_below_min;s2_state_not_allowed;too_few_bands;too_few_quark_blocks;not_enough_levels_for_match;simulation_error
proton,baryon_chain,952,NO,REJECT_STRUCTURAL,nan,,,0,0,tier_below_min;s2_state_not_allowed;too_few_bands;too_few_quark_blocks;not_enough_levels_for_match;simulation_error
proton,baryon_triangle,953,NO,REJECT_STRUCTURAL,nan,,,0,0,tier_below_min;s2_state_not_allowed;too_few_bands;too_few_quark_blocks;not_enough_levels_for_match;simulation_error
proton,baryon_chain,954,NO,REJECT_STRUCTURAL,nan,,,0,0,tier_below_min;s2_state_not_allowed;too_few_bands;too_few_quark_blocks;not_enough_levels_for_match;simulation_error
proton,baryon_triangle,955,NO,REJECT_STRUCTURAL,nan,,,0,0,tier_below_min;s2_state_not_allowed;too_few_bands;too_few_quark_blocks;not_enough_levels_for_match;simulation_error
proton,baryon_triangle,956,NO,REJECT_STRUCTURAL,nan,,,0,0,tier_below_min;s2_state_not_allowed;too_few_bands;too_few_quark_blocks;not_enough_levels_for_match;simulation_error
proton,baryon_chain,957,NO,REJECT_STRUCTURAL,nan,,,0,0,tier_below_min;s2_state_not_allowed;too_few_bands;too_few_quark_blocks;not_enough_levels_for_match;simulation_error
proton,baryon_triangle,958,NO,REJECT_STRUCTURAL,nan,,,0,0,tier_below_min;s2_state_not_allowed;too_few_bands;too_few_quark_blocks;not_enough_levels_for_match;simulation_error
proton,baryon_chain,959,NO,REJECT_STRUCTURAL,nan,,,0,0,tier_below_min;s2_state_not_allowed;too_few_bands;too_few_quark_blocks;not_enough_levels_for_match;simulation_error
proton,baryon_triangle,960,NO,REJECT_STRUCTURAL,nan,,,0,0,tier_below_min;s2_state_not_allowed;too_few_bands;too_few_quark_blocks;not_enough_levels_for_match;simulation_error
proton,baryon_chain,961,NO,REJECT_STRUCTURAL,nan,,,0,0,tier_below_min;s2_state_not_allowed;too_few_bands;too_few_quark_blocks;not_enough_levels_for_match;simulation_error
proton,baryon_triangle,962,NO,REJECT_STRUCTURAL,nan,,,0,0,tier_below_min;s2_state_not_allowed;too_few_bands;too_few_quark_blocks;not_enough_levels_for_match;simulation_error
proton,baryon_triangle,963,NO,REJECT_STRUCTURAL,nan,,,0,0,tier_below_min;s2_state_not_allowed;too_few_bands;too_few_quark_blocks;not_enough_levels_for_match;simulation_error
proton,baryon_triangle,964,NO,REJECT_STRUCTURAL,nan,,,0,0,tier_below_min;s2_state_not_allowed;too_few_bands;too_few_quark_blocks;not_enough_levels_for_match;simulation_error
proton,baryon_triangle,965,NO,REJECT_STRUCTURAL,nan,,,0,0,tier_below_min;s2_state_not_allowed;too_few_bands;too_few_quark_blocks;not_enough_levels_for_match;simulation_error
proton,baryon_triangle,966,NO,REJECT_STRUCTURAL,nan,,,0,0,tier_below_min;s2_state_not_allowed;too_few_bands;too_few_quark_blocks;not_enough_levels_for_match;simulation_error
proton,baryon_chain,967,NO,REJECT_STRUCTURAL,nan,,,0,0,tier_below_min;s2_state_not_allowed;too_few_bands;too_few_quark_blocks;not_enough_levels_for_match;simulation_error
proton,baryon_chain,968,NO,REJECT_STRUCTURAL,nan,,,0,0,tier_below_min;s2_state_not_allowed;too_few_bands;too_few_quark_blocks;not_enough_levels_for_match;simulation_error
proton,baryon_chain,969,NO,REJECT_STRUCTURAL,nan,,,0,0,tier_below_min;s2_state_not_allowed;too_few_bands;too_few_quark_blocks;not_enough_levels_for_match;simulation_error
proton,baryon_triangle,970,NO,REJECT_STRUCTURAL,nan,,,0,0,tier_below_min;s2_state_not_allowed;too_few_bands;too_few_quark_blocks;not_enough_levels_for_match;simulation_error
proton,baryon_chain,971,NO,REJECT_STRUCTURAL,nan,,,0,0,tier_below_min;s2_state_not_allowed;too_few_bands;too_few_quark_blocks;not_enough_levels_for_match;simulation_error
proton,baryon_chain,972,NO,REJECT_STRUCTURAL,nan,,,0,0,tier_below_min;s2_state_not_allowed;too_few_bands;too_few_quark_blocks;not_enough_levels_for_match;simulation_error
proton,baryon_triangle,973,NO,REJECT_STRUCTURAL,nan,,,0,0,tier_below_min;s2_state_not_allowed;too_few_bands;too_few_quark_blocks;not_enough_levels_for_match;simulation_error
proton,baryon_triangle,974,NO,REJECT_STRUCTURAL,nan,,,0,0,tier_below_min;s2_state_not_allowed;too_few_bands;too_few_quark_blocks;not_enough_levels_for_match;simulation_error
proton,baryon_triangle,975,NO,REJECT_STRUCTURAL,nan,,,0,0,tier_below_min;s2_state_not_allowed;too_few_bands;too_few_quark_blocks;not_enough_levels_for_match;simulation_error
proton,baryon_triangle,976,NO,REJECT_STRUCTURAL,nan,,,0,0,tier_below_min;s2_state_not_allowed;too_few_bands;too_few_quark_blocks;not_enough_levels_for_match;simulation_error
proton,baryon_chain,977,NO,REJECT_STRUCTURAL,nan,,,0,0,tier_below_min;s2_state_not_allowed;too_few_bands;too_few_quark_blocks;not_enough_levels_for_match;simulation_error
proton,baryon_chain,978,NO,REJECT_STRUCTURAL,nan,,,0,0,tier_below_min;s2_state_not_allowed;too_few_bands;too_few_quark_blocks;not_enough_levels_for_match;simulation_error
proton,baryon_chain,979,NO,REJECT_STRUCTURAL,nan,,,0,0,tier_below_min;s2_state_not_allowed;too_few_bands;too_few_quark_blocks;not_enough_levels_for_match;simulation_error
proton,baryon_chain,980,NO,REJECT_STRUCTURAL,nan,,,0,0,tier_below_min;s2_state_not_allowed;too_few_bands;too_few_quark_blocks;not_enough_levels_for_match;simulation_error
proton,baryon_triangle,981,NO,REJECT_STRUCTURAL,nan,,,0,0,tier_below_min;s2_state_not_allowed;too_few_bands;too_few_quark_blocks;not_enough_levels_for_match;simulation_error
proton,baryon_chain,982,NO,REJECT_STRUCTURAL,nan,,,0,0,tier_below_min;s2_state_not_allowed;too_few_bands;too_few_quark_blocks;not_enough_levels_for_match;simulation_error
proton,baryon_chain,983,NO,REJECT_STRUCTURAL,nan,,,0,0,tier_below_min;s2_state_not_allowed;too_few_bands;too_few_quark_blocks;not_enough_levels_for_match;simulation_error
proton,baryon_triangle,984,NO,REJECT_STRUCTURAL,nan,,,0,0,tier_below_min;s2_state_not_allowed;too_few_bands;too_few_quark_blocks;not_enough_levels_for_match;simulation_error
proton,baryon_chain,985,NO,REJECT_STRUCTURAL,nan,,,0,0,tier_below_min;s2_state_not_allowed;too_few_bands;too_few_quark_blocks;not_enough_levels_for_match;simulation_error
proton,baryon_chain,986,NO,REJECT_STRUCTURAL,nan,,,0,0,tier_below_min;s2_state_not_allowed;too_few_bands;too_few_quark_blocks;not_enough_levels_for_match;simulation_error
proton,baryon_triangle,987,NO,REJECT_STRUCTURAL,nan,,,0,0,tier_below_min;s2_state_not_allowed;too_few_bands;too_few_quark_blocks;not_enough_levels_for_match;simulation_error
proton,baryon_triangle,988,NO,REJECT_STRUCTURAL,nan,,,0,0,tier_below_min;s2_state_not_allowed;too_few_bands;too_few_quark_blocks;not_enough_levels_for_match;simulation_error
proton,baryon_chain,989,NO,REJECT_STRUCTURAL,nan,,,0,0,tier_below_min;s2_state_not_allowed;too_few_bands;too_few_quark_blocks;not_enough_levels_for_match;simulation_error
proton,baryon_chain,990,NO,REJECT_STRUCTURAL,nan,,,0,0,tier_below_min;s2_state_not_allowed;too_few_bands;too_few_quark_blocks;not_enough_levels_for_match;simulation_error
proton,baryon_triangle,991,NO,REJECT_STRUCTURAL,nan,,,0,0,tier_below_min;s2_state_not_allowed;too_few_bands;too_few_quark_blocks;not_enough_levels_for_match;simulation_error
proton,baryon_chain,992,NO,REJECT_STRUCTURAL,nan,,,0,0,tier_below_min;s2_state_not_allowed;too_few_bands;too_few_quark_blocks;not_enough_levels_for_match;simulation_error
proton,baryon_triangle,993,NO,REJECT_STRUCTURAL,nan,,,0,0,tier_below_min;s2_state_not_allowed;too_few_bands;too_few_quark_blocks;not_enough_levels_for_match;simulation_error
proton,baryon_chain,994,NO,REJECT_STRUCTURAL,nan,,,0,0,tier_below_min;s2_state_not_allowed;too_few_bands;too_few_quark_blocks;not_enough_levels_for_match;simulation_error
proton,baryon_triangle,995,NO,REJECT_STRUCTURAL,nan,,,0,0,tier_below_min;s2_state_not_allowed;too_few_bands;too_few_quark_blocks;not_enough_levels_for_match;simulation_error
proton,baryon_triangle,996,NO,REJECT_STRUCTURAL,nan,,,0,0,tier_below_min;s2_state_not_allowed;too_few_bands;too_few_quark_blocks;not_enough_levels_for_match;simulation_error
proton,baryon_chain,997,NO,REJECT_STRUCTURAL,nan,,,0,0,tier_below_min;s2_state_not_allowed;too_few_bands;too_few_quark_blocks;not_enough_levels_for_match;simulation_error
proton,baryon_chain,998,NO,REJECT_STRUCTURAL,nan,,,0,0,tier_below_min;s2_state_not_allowed;too_few_bands;too_few_quark_blocks;not_enough_levels_for_match;simulation_error
proton,baryon_triangle,999,NO,REJECT_STRUCTURAL,nan,,,0,0,tier_below_min;s2_state_not_allowed;too_few_bands;too_few_quark_blocks;not_enough_levels_for_match;simulation_error
