E_bind_mass,F_m_list,H_block_mean,M_final,PE_tick_norm,QualityLock,R_final,R_mean_lastW,block_families,block_ids,block_particles,degree_normalized,degree_raw,edges_count,effective_degree,entropy_quality,fm_missing,mass_defect,mass_list,memory_score_k10,nodes,nodes_required,origin_run_ids,phase_var_lastW,picked,reason,run_id,status,success,sumM,target,template_name
,,,,,,,,,,,,,,,,,,,,,3,,,1,not_enough_blocks,0,skip,,,,triangle_alpha
,,,,,,,,,,,,,,,,,,,,,3,,,0,not_enough_blocks,1,skip,,,,triangle_alpha
,,,,,,,,,,,,,,,,,,,,,3,,,0,not_enough_blocks,2,skip,,,,triangle_alpha
,,,,,,,,,,,,,,,,,,,,,3,,,0,not_enough_blocks,3,skip,,,,triangle_alpha
,,,,,,,,,,,,,,,,,,,,,3,,,0,not_enough_blocks,4,skip,,,,triangle_alpha
,,,,,,,,,,,,,,,,,,,,,3,,,0,not_enough_blocks,5,skip,,,,triangle_alpha
,,,,,,,,,,,,,,,,,,,,,3,,,0,not_enough_blocks,6,skip,,,,triangle_alpha
,,,,,,,,,,,,,,,,,,,,,3,,,0,not_enough_blocks,7,skip,,,,triangle_alpha
,,,,,,,,,,,,,,,,,,,,,3,,,0,not_enough_blocks,8,skip,,,,triangle_alpha
,,,,,,,,,,,,,,,,,,,,,3,,,1,not_enough_blocks,9,skip,,,,triangle_alpha
,,,,,,,,,,,,,,,,,,,,,3,,,0,not_enough_blocks,10,skip,,,,triangle_alpha
,,,,,,,,,,,,,,,,,,,,,3,,,0,not_enough_blocks,11,skip,,,,triangle_alpha
,,,,,,,,,,,,,,,,,,,,,3,,,0,not_enough_blocks,12,skip,,,,triangle_alpha
,,,,,,,,,,,,,,,,,,,,,3,,,1,not_enough_blocks,13,skip,,,,triangle_alpha
,,,,,,,,,,,,,,,,,,,,,3,,,0,not_enough_blocks,14,skip,,,,triangle_alpha
,,,,,,,,,,,,,,,,,,,,,3,,,0,not_enough_blocks,15,skip,,,,triangle_alpha
,,,,,,,,,,,,,,,,,,,,,3,,,1,not_enough_blocks,16,skip,,,,triangle_alpha
,,,,,,,,,,,,,,,,,,,,,3,,,1,not_enough_blocks,17,skip,,,,triangle_alpha
,,,,,,,,,,,,,,,,,,,,,3,,,0,not_enough_blocks,18,skip,,,,triangle_alpha
,,,,,,,,,,,,,,,,,,,,,3,,,0,not_enough_blocks,19,skip,,,,triangle_alpha
,,,,,,,,,,,,,,,,,,,,,3,,,0,not_enough_blocks,20,skip,,,,triangle_alpha
,,,,,,,,,,,,,,,,,,,,,3,,,0,not_enough_blocks,21,skip,,,,triangle_alpha
,,,,,,,,,,,,,,,,,,,,,3,,,0,not_enough_blocks,22,skip,,,,triangle_alpha
,,,,,,,,,,,,,,,,,,,,,3,,,1,not_enough_blocks,23,skip,,,,triangle_alpha
,,,,,,,,,,,,,,,,,,,,,3,,,1,not_enough_blocks,24,skip,,,,triangle_alpha
,,,,,,,,,,,,,,,,,,,,,3,,,0,not_enough_blocks,25,skip,,,,triangle_alpha
,,,,,,,,,,,,,,,,,,,,,3,,,1,not_enough_blocks,26,skip,,,,triangle_alpha
,,,,,,,,,,,,,,,,,,,,,3,,,0,not_enough_blocks,27,skip,,,,triangle_alpha
,,,,,,,,,,,,,,,,,,,,,3,,,0,not_enough_blocks,28,skip,,,,triangle_alpha
,,,,,,,,,,,,,,,,,,,,,3,,,0,not_enough_blocks,29,skip,,,,triangle_alpha
,,,,,,,,,,,,,,,,,,,,,3,,,0,not_enough_blocks,30,skip,,,,triangle_alpha
,,,,,,,,,,,,,,,,,,,,,3,,,1,not_enough_blocks,31,skip,,,,triangle_alpha
,,,,,,,,,,,,,,,,,,,,,3,,,0,not_enough_blocks,32,skip,,,,triangle_alpha
,,,,,,,,,,,,,,,,,,,,,3,,,1,not_enough_blocks,33,skip,,,,triangle_alpha
,,,,,,,,,,,,,,,,,,,,,3,,,1,not_enough_blocks,34,skip,,,,triangle_alpha
,,,,,,,,,,,,,,,,,,,,,3,,,0,not_enough_blocks,35,skip,,,,triangle_alpha
,,,,,,,,,,,,,,,,,,,,,3,,,0,not_enough_blocks,36,skip,,,,triangle_alpha
,,,,,,,,,,,,,,,,,,,,,3,,,0,not_enough_blocks,37,skip,,,,triangle_alpha
,,,,,,,,,,,,,,,,,,,,,3,,,0,not_enough_blocks,38,skip,,,,triangle_alpha
,,,,,,,,,,,,,,,,,,,,,3,,,0,not_enough_blocks,39,skip,,,,triangle_alpha
,,,,,,,,,,,,,,,,,,,,,3,,,0,not_enough_blocks,40,skip,,,,triangle_alpha
,,,,,,,,,,,,,,,,,,,,,3,,,0,not_enough_blocks,41,skip,,,,triangle_alpha
,,,,,,,,,,,,,,,,,,,,,3,,,0,not_enough_blocks,42,skip,,,,triangle_alpha
,,,,,,,,,,,,,,,,,,,,,3,,,0,not_enough_blocks,43,skip,,,,triangle_alpha
,,,,,,,,,,,,,,,,,,,,,3,,,0,not_enough_blocks,44,skip,,,,triangle_alpha
,,,,,,,,,,,,,,,,,,,,,3,,,1,not_enough_blocks,45,skip,,,,triangle_alpha
,,,,,,,,,,,,,,,,,,,,,3,,,0,not_enough_blocks,46,skip,,,,triangle_alpha
,,,,,,,,,,,,,,,,,,,,,3,,,0,not_enough_blocks,47,skip,,,,triangle_alpha
,,,,,,,,,,,,,,,,,,,,,3,,,0,not_enough_blocks,48,skip,,,,triangle_alpha
,,,,,,,,,,,,,,,,,,,,,3,,,0,not_enough_blocks,49,skip,,,,triangle_alpha
,,,,,,,,,,,,,,,,,,,,,3,,,0,not_enough_blocks,50,skip,,,,triangle_alpha
,,,,,,,,,,,,,,,,,,,,,3,,,0,not_enough_blocks,51,skip,,,,triangle_alpha
,,,,,,,,,,,,,,,,,,,,,3,,,0,not_enough_blocks,52,skip,,,,triangle_alpha
,,,,,,,,,,,,,,,,,,,,,3,,,0,not_enough_blocks,53,skip,,,,triangle_alpha
,,,,,,,,,,,,,,,,,,,,,3,,,0,not_enough_blocks,54,skip,,,,triangle_alpha
,,,,,,,,,,,,,,,,,,,,,3,,,1,not_enough_blocks,55,skip,,,,triangle_alpha
,,,,,,,,,,,,,,,,,,,,,3,,,0,not_enough_blocks,56,skip,,,,triangle_alpha
,,,,,,,,,,,,,,,,,,,,,3,,,0,not_enough_blocks,57,skip,,,,triangle_alpha
,,,,,,,,,,,,,,,,,,,,,3,,,0,not_enough_blocks,58,skip,,,,triangle_alpha
,,,,,,,,,,,,,,,,,,,,,3,,,0,not_enough_blocks,59,skip,,,,triangle_alpha
,,,,,,,,,,,,,,,,,,,,,3,,,1,not_enough_blocks,60,skip,,,,triangle_alpha
,,,,,,,,,,,,,,,,,,,,,3,,,0,not_enough_blocks,61,skip,,,,triangle_alpha
,,,,,,,,,,,,,,,,,,,,,3,,,0,not_enough_blocks,62,skip,,,,triangle_alpha
,,,,,,,,,,,,,,,,,,,,,3,,,0,not_enough_blocks,63,skip,,,,triangle_alpha
,,,,,,,,,,,,,,,,,,,,,3,,,0,not_enough_blocks,64,skip,,,,triangle_alpha
,,,,,,,,,,,,,,,,,,,,,3,,,0,not_enough_blocks,65,skip,,,,triangle_alpha
,,,,,,,,,,,,,,,,,,,,,3,,,0,not_enough_blocks,66,skip,,,,triangle_alpha
,,,,,,,,,,,,,,,,,,,,,3,,,0,not_enough_blocks,67,skip,,,,triangle_alpha
,,,,,,,,,,,,,,,,,,,,,3,,,0,not_enough_blocks,68,skip,,,,triangle_alpha
,,,,,,,,,,,,,,,,,,,,,3,,,0,not_enough_blocks,69,skip,,,,triangle_alpha
,,,,,,,,,,,,,,,,,,,,,3,,,0,not_enough_blocks,70,skip,,,,triangle_alpha
,,,,,,,,,,,,,,,,,,,,,3,,,0,not_enough_blocks,71,skip,,,,triangle_alpha
,,,,,,,,,,,,,,,,,,,,,3,,,0,not_enough_blocks,72,skip,,,,triangle_alpha
,,,,,,,,,,,,,,,,,,,,,3,,,0,not_enough_blocks,73,skip,,,,triangle_alpha
,,,,,,,,,,,,,,,,,,,,,3,,,0,not_enough_blocks,74,skip,,,,triangle_alpha
,,,,,,,,,,,,,,,,,,,,,3,,,0,not_enough_blocks,75,skip,,,,triangle_alpha
,,,,,,,,,,,,,,,,,,,,,3,,,0,not_enough_blocks,76,skip,,,,triangle_alpha
,,,,,,,,,,,,,,,,,,,,,3,,,0,not_enough_blocks,77,skip,,,,triangle_alpha
,,,,,,,,,,,,,,,,,,,,,3,,,0,not_enough_blocks,78,skip,,,,triangle_alpha
,,,,,,,,,,,,,,,,,,,,,3,,,1,not_enough_blocks,79,skip,,,,triangle_alpha
,,,,,,,,,,,,,,,,,,,,,3,,,0,not_enough_blocks,80,skip,,,,triangle_alpha
,,,,,,,,,,,,,,,,,,,,,3,,,0,not_enough_blocks,81,skip,,,,triangle_alpha
,,,,,,,,,,,,,,,,,,,,,3,,,1,not_enough_blocks,82,skip,,,,triangle_alpha
,,,,,,,,,,,,,,,,,,,,,3,,,0,not_enough_blocks,83,skip,,,,triangle_alpha
,,,,,,,,,,,,,,,,,,,,,3,,,0,not_enough_blocks,84,skip,,,,triangle_alpha
,,,,,,,,,,,,,,,,,,,,,3,,,0,not_enough_blocks,85,skip,,,,triangle_alpha
,,,,,,,,,,,,,,,,,,,,,3,,,0,not_enough_blocks,86,skip,,,,triangle_alpha
,,,,,,,,,,,,,,,,,,,,,3,,,0,not_enough_blocks,87,skip,,,,triangle_alpha
,,,,,,,,,,,,,,,,,,,,,3,,,0,not_enough_blocks,88,skip,,,,triangle_alpha
,,,,,,,,,,,,,,,,,,,,,3,,,0,not_enough_blocks,89,skip,,,,triangle_alpha
,,,,,,,,,,,,,,,,,,,,,3,,,0,not_enough_blocks,90,skip,,,,triangle_alpha
,,,,,,,,,,,,,,,,,,,,,3,,,0,not_enough_blocks,91,skip,,,,triangle_alpha
,,,,,,,,,,,,,,,,,,,,,3,,,0,not_enough_blocks,92,skip,,,,triangle_alpha
,,,,,,,,,,,,,,,,,,,,,3,,,0,not_enough_blocks,93,skip,,,,triangle_alpha
,,,,,,,,,,,,,,,,,,,,,3,,,0,not_enough_blocks,94,skip,,,,triangle_alpha
,,,,,,,,,,,,,,,,,,,,,3,,,0,not_enough_blocks,95,skip,,,,triangle_alpha
,,,,,,,,,,,,,,,,,,,,,3,,,0,not_enough_blocks,96,skip,,,,triangle_alpha
,,,,,,,,,,,,,,,,,,,,,3,,,0,not_enough_blocks,97,skip,,,,triangle_alpha
,,,,,,,,,,,,,,,,,,,,,3,,,0,not_enough_blocks,98,skip,,,,triangle_alpha
,,,,,,,,,,,,,,,,,,,,,3,,,0,not_enough_blocks,99,skip,,,,triangle_alpha
,,,,,,,,,,,,,,,,,,,,,3,,,0,not_enough_blocks,100,skip,,,,triangle_alpha
,,,,,,,,,,,,,,,,,,,,,3,,,1,not_enough_blocks,101,skip,,,,triangle_alpha
,,,,,,,,,,,,,,,,,,,,,3,,,0,not_enough_blocks,102,skip,,,,triangle_alpha
,,,,,,,,,,,,,,,,,,,,,3,,,0,not_enough_blocks,103,skip,,,,triangle_alpha
,,,,,,,,,,,,,,,,,,,,,3,,,0,not_enough_blocks,104,skip,,,,triangle_alpha
,,,,,,,,,,,,,,,,,,,,,3,,,0,not_enough_blocks,105,skip,,,,triangle_alpha
,,,,,,,,,,,,,,,,,,,,,3,,,0,not_enough_blocks,106,skip,,,,triangle_alpha
,,,,,,,,,,,,,,,,,,,,,3,,,0,not_enough_blocks,107,skip,,,,triangle_alpha
,,,,,,,,,,,,,,,,,,,,,3,,,0,not_enough_blocks,108,skip,,,,triangle_alpha
,,,,,,,,,,,,,,,,,,,,,3,,,0,not_enough_blocks,109,skip,,,,triangle_alpha
,,,,,,,,,,,,,,,,,,,,,3,,,1,not_enough_blocks,110,skip,,,,triangle_alpha
,,,,,,,,,,,,,,,,,,,,,3,,,0,not_enough_blocks,111,skip,,,,triangle_alpha
,,,,,,,,,,,,,,,,,,,,,3,,,0,not_enough_blocks,112,skip,,,,triangle_alpha
,,,,,,,,,,,,,,,,,,,,,3,,,1,not_enough_blocks,113,skip,,,,triangle_alpha
,,,,,,,,,,,,,,,,,,,,,3,,,0,not_enough_blocks,114,skip,,,,triangle_alpha
,,,,,,,,,,,,,,,,,,,,,3,,,0,not_enough_blocks,115,skip,,,,triangle_alpha
,,,,,,,,,,,,,,,,,,,,,3,,,0,not_enough_blocks,116,skip,,,,triangle_alpha
,,,,,,,,,,,,,,,,,,,,,3,,,0,not_enough_blocks,117,skip,,,,triangle_alpha
,,,,,,,,,,,,,,,,,,,,,3,,,0,not_enough_blocks,118,skip,,,,triangle_alpha
,,,,,,,,,,,,,,,,,,,,,3,,,0,not_enough_blocks,119,skip,,,,triangle_alpha
,,,,,,,,,,,,,,,,,,,,,3,,,1,not_enough_blocks,120,skip,,,,triangle_alpha
,,,,,,,,,,,,,,,,,,,,,3,,,0,not_enough_blocks,121,skip,,,,triangle_alpha
,,,,,,,,,,,,,,,,,,,,,3,,,0,not_enough_blocks,122,skip,,,,triangle_alpha
,,,,,,,,,,,,,,,,,,,,,3,,,1,not_enough_blocks,123,skip,,,,triangle_alpha
,,,,,,,,,,,,,,,,,,,,,3,,,0,not_enough_blocks,124,skip,,,,triangle_alpha
,,,,,,,,,,,,,,,,,,,,,3,,,0,not_enough_blocks,125,skip,,,,triangle_alpha
,,,,,,,,,,,,,,,,,,,,,3,,,0,not_enough_blocks,126,skip,,,,triangle_alpha
,,,,,,,,,,,,,,,,,,,,,3,,,0,not_enough_blocks,127,skip,,,,triangle_alpha
,,,,,,,,,,,,,,,,,,,,,3,,,0,not_enough_blocks,128,skip,,,,triangle_alpha
,,,,,,,,,,,,,,,,,,,,,3,,,0,not_enough_blocks,129,skip,,,,triangle_alpha
,,,,,,,,,,,,,,,,,,,,,3,,,0,not_enough_blocks,130,skip,,,,triangle_alpha
,,,,,,,,,,,,,,,,,,,,,3,,,0,not_enough_blocks,131,skip,,,,triangle_alpha
,,,,,,,,,,,,,,,,,,,,,3,,,0,not_enough_blocks,132,skip,,,,triangle_alpha
,,,,,,,,,,,,,,,,,,,,,3,,,0,not_enough_blocks,133,skip,,,,triangle_alpha
,,,,,,,,,,,,,,,,,,,,,3,,,0,not_enough_blocks,134,skip,,,,triangle_alpha
,,,,,,,,,,,,,,,,,,,,,3,,,0,not_enough_blocks,135,skip,,,,triangle_alpha
,,,,,,,,,,,,,,,,,,,,,3,,,1,not_enough_blocks,136,skip,,,,triangle_alpha
,,,,,,,,,,,,,,,,,,,,,3,,,0,not_enough_blocks,137,skip,,,,triangle_alpha
,,,,,,,,,,,,,,,,,,,,,3,,,0,not_enough_blocks,138,skip,,,,triangle_alpha
,,,,,,,,,,,,,,,,,,,,,3,,,0,not_enough_blocks,139,skip,,,,triangle_alpha
,,,,,,,,,,,,,,,,,,,,,3,,,0,not_enough_blocks,140,skip,,,,triangle_alpha
,,,,,,,,,,,,,,,,,,,,,3,,,0,not_enough_blocks,141,skip,,,,triangle_alpha
,,,,,,,,,,,,,,,,,,,,,3,,,0,not_enough_blocks,142,skip,,,,triangle_alpha
,,,,,,,,,,,,,,,,,,,,,3,,,0,not_enough_blocks,143,skip,,,,triangle_alpha
,,,,,,,,,,,,,,,,,,,,,3,,,0,not_enough_blocks,144,skip,,,,triangle_alpha
,,,,,,,,,,,,,,,,,,,,,3,,,0,not_enough_blocks,145,skip,,,,triangle_alpha
,,,,,,,,,,,,,,,,,,,,,3,,,0,not_enough_blocks,146,skip,,,,triangle_alpha
,,,,,,,,,,,,,,,,,,,,,3,,,0,not_enough_blocks,147,skip,,,,triangle_alpha
,,,,,,,,,,,,,,,,,,,,,3,,,0,not_enough_blocks,148,skip,,,,triangle_alpha
,,,,,,,,,,,,,,,,,,,,,3,,,1,not_enough_blocks,149,skip,,,,triangle_alpha
,,,,,,,,,,,,,,,,,,,,,3,,,0,not_enough_blocks,150,skip,,,,triangle_alpha
,,,,,,,,,,,,,,,,,,,,,3,,,0,not_enough_blocks,151,skip,,,,triangle_alpha
,,,,,,,,,,,,,,,,,,,,,3,,,0,not_enough_blocks,152,skip,,,,triangle_alpha
,,,,,,,,,,,,,,,,,,,,,3,,,0,not_enough_blocks,153,skip,,,,triangle_alpha
,,,,,,,,,,,,,,,,,,,,,3,,,0,not_enough_blocks,154,skip,,,,triangle_alpha
,,,,,,,,,,,,,,,,,,,,,3,,,0,not_enough_blocks,155,skip,,,,triangle_alpha
,,,,,,,,,,,,,,,,,,,,,3,,,2,not_enough_blocks,156,skip,,,,triangle_alpha
,,,,,,,,,,,,,,,,,,,,,3,,,0,not_enough_blocks,157,skip,,,,triangle_alpha
,,,,,,,,,,,,,,,,,,,,,3,,,1,not_enough_blocks,158,skip,,,,triangle_alpha
,,,,,,,,,,,,,,,,,,,,,3,,,0,not_enough_blocks,159,skip,,,,triangle_alpha
,,,,,,,,,,,,,,,,,,,,,3,,,0,not_enough_blocks,160,skip,,,,triangle_alpha
,,,,,,,,,,,,,,,,,,,,,3,,,0,not_enough_blocks,161,skip,,,,triangle_alpha
,,,,,,,,,,,,,,,,,,,,,3,,,0,not_enough_blocks,162,skip,,,,triangle_alpha
,,,,,,,,,,,,,,,,,,,,,3,,,0,not_enough_blocks,163,skip,,,,triangle_alpha
,,,,,,,,,,,,,,,,,,,,,3,,,0,not_enough_blocks,164,skip,,,,triangle_alpha
,,,,,,,,,,,,,,,,,,,,,3,,,0,not_enough_blocks,165,skip,,,,triangle_alpha
,,,,,,,,,,,,,,,,,,,,,3,,,0,not_enough_blocks,166,skip,,,,triangle_alpha
,,,,,,,,,,,,,,,,,,,,,3,,,1,not_enough_blocks,167,skip,,,,triangle_alpha
,,,,,,,,,,,,,,,,,,,,,3,,,0,not_enough_blocks,168,skip,,,,triangle_alpha
,,,,,,,,,,,,,,,,,,,,,3,,,1,not_enough_blocks,169,skip,,,,triangle_alpha
,,,,,,,,,,,,,,,,,,,,,3,,,0,not_enough_blocks,170,skip,,,,triangle_alpha
,,,,,,,,,,,,,,,,,,,,,3,,,0,not_enough_blocks,171,skip,,,,triangle_alpha
,,,,,,,,,,,,,,,,,,,,,3,,,0,not_enough_blocks,172,skip,,,,triangle_alpha
,,,,,,,,,,,,,,,,,,,,,3,,,0,not_enough_blocks,173,skip,,,,triangle_alpha
,,,,,,,,,,,,,,,,,,,,,3,,,0,not_enough_blocks,174,skip,,,,triangle_alpha
,,,,,,,,,,,,,,,,,,,,,3,,,2,not_enough_blocks,175,skip,,,,triangle_alpha
,,,,,,,,,,,,,,,,,,,,,3,,,1,not_enough_blocks,176,skip,,,,triangle_alpha
,,,,,,,,,,,,,,,,,,,,,3,,,0,not_enough_blocks,177,skip,,,,triangle_alpha
,,,,,,,,,,,,,,,,,,,,,3,,,1,not_enough_blocks,178,skip,,,,triangle_alpha
,,,,,,,,,,,,,,,,,,,,,3,,,0,not_enough_blocks,179,skip,,,,triangle_alpha
,,,,,,,,,,,,,,,,,,,,,3,,,0,not_enough_blocks,180,skip,,,,triangle_alpha
,,,,,,,,,,,,,,,,,,,,,3,,,1,not_enough_blocks,181,skip,,,,triangle_alpha
,,,,,,,,,,,,,,,,,,,,,3,,,0,not_enough_blocks,182,skip,,,,triangle_alpha
,,,,,,,,,,,,,,,,,,,,,3,,,0,not_enough_blocks,183,skip,,,,triangle_alpha
,,,,,,,,,,,,,,,,,,,,,3,,,0,not_enough_blocks,184,skip,,,,triangle_alpha
,,,,,,,,,,,,,,,,,,,,,3,,,1,not_enough_blocks,185,skip,,,,triangle_alpha
,,,,,,,,,,,,,,,,,,,,,3,,,0,not_enough_blocks,186,skip,,,,triangle_alpha
,,,,,,,,,,,,,,,,,,,,,3,,,0,not_enough_blocks,187,skip,,,,triangle_alpha
,,,,,,,,,,,,,,,,,,,,,3,,,1,not_enough_blocks,188,skip,,,,triangle_alpha
,,,,,,,,,,,,,,,,,,,,,3,,,0,not_enough_blocks,189,skip,,,,triangle_alpha
,,,,,,,,,,,,,,,,,,,,,3,,,1,not_enough_blocks,190,skip,,,,triangle_alpha
,,,,,,,,,,,,,,,,,,,,,3,,,0,not_enough_blocks,191,skip,,,,triangle_alpha
,,,,,,,,,,,,,,,,,,,,,3,,,0,not_enough_blocks,192,skip,,,,triangle_alpha
,,,,,,,,,,,,,,,,,,,,,3,,,0,not_enough_blocks,193,skip,,,,triangle_alpha
,,,,,,,,,,,,,,,,,,,,,3,,,0,not_enough_blocks,194,skip,,,,triangle_alpha
,,,,,,,,,,,,,,,,,,,,,3,,,0,not_enough_blocks,195,skip,,,,triangle_alpha
,,,,,,,,,,,,,,,,,,,,,3,,,0,not_enough_blocks,196,skip,,,,triangle_alpha
,,,,,,,,,,,,,,,,,,,,,3,,,0,not_enough_blocks,197,skip,,,,triangle_alpha
,,,,,,,,,,,,,,,,,,,,,3,,,0,not_enough_blocks,198,skip,,,,triangle_alpha
,,,,,,,,,,,,,,,,,,,,,3,,,0,not_enough_blocks,199,skip,,,,triangle_alpha
,,,,,,,,,,,,,,,,,,,,,3,,,0,not_enough_blocks,200,skip,,,,triangle_alpha
,,,,,,,,,,,,,,,,,,,,,3,,,1,not_enough_blocks,201,skip,,,,triangle_alpha
,,,,,,,,,,,,,,,,,,,,,3,,,0,not_enough_blocks,202,skip,,,,triangle_alpha
,,,,,,,,,,,,,,,,,,,,,3,,,1,not_enough_blocks,203,skip,,,,triangle_alpha
,,,,,,,,,,,,,,,,,,,,,3,,,0,not_enough_blocks,204,skip,,,,triangle_alpha
,,,,,,,,,,,,,,,,,,,,,3,,,0,not_enough_blocks,205,skip,,,,triangle_alpha
,,,,,,,,,,,,,,,,,,,,,3,,,0,not_enough_blocks,206,skip,,,,triangle_alpha
,,,,,,,,,,,,,,,,,,,,,3,,,0,not_enough_blocks,207,skip,,,,triangle_alpha
,,,,,,,,,,,,,,,,,,,,,3,,,0,not_enough_blocks,208,skip,,,,triangle_alpha
,,,,,,,,,,,,,,,,,,,,,3,,,1,not_enough_blocks,209,skip,,,,triangle_alpha
,,,,,,,,,,,,,,,,,,,,,3,,,0,not_enough_blocks,210,skip,,,,triangle_alpha
,,,,,,,,,,,,,,,,,,,,,3,,,1,not_enough_blocks,211,skip,,,,triangle_alpha
,,,,,,,,,,,,,,,,,,,,,3,,,0,not_enough_blocks,212,skip,,,,triangle_alpha
,,,,,,,,,,,,,,,,,,,,,3,,,1,not_enough_blocks,213,skip,,,,triangle_alpha
,,,,,,,,,,,,,,,,,,,,,3,,,0,not_enough_blocks,214,skip,,,,triangle_alpha
,,,,,,,,,,,,,,,,,,,,,3,,,0,not_enough_blocks,215,skip,,,,triangle_alpha
,,,,,,,,,,,,,,,,,,,,,3,,,0,not_enough_blocks,216,skip,,,,triangle_alpha
,,,,,,,,,,,,,,,,,,,,,3,,,0,not_enough_blocks,217,skip,,,,triangle_alpha
,,,,,,,,,,,,,,,,,,,,,3,,,0,not_enough_blocks,218,skip,,,,triangle_alpha
,,,,,,,,,,,,,,,,,,,,,3,,,1,not_enough_blocks,219,skip,,,,triangle_alpha
,,,,,,,,,,,,,,,,,,,,,3,,,0,not_enough_blocks,220,skip,,,,triangle_alpha
,,,,,,,,,,,,,,,,,,,,,3,,,0,not_enough_blocks,221,skip,,,,triangle_alpha
,,,,,,,,,,,,,,,,,,,,,3,,,0,not_enough_blocks,222,skip,,,,triangle_alpha
,,,,,,,,,,,,,,,,,,,,,3,,,0,not_enough_blocks,223,skip,,,,triangle_alpha
,,,,,,,,,,,,,,,,,,,,,3,,,0,not_enough_blocks,224,skip,,,,triangle_alpha
,,,,,,,,,,,,,,,,,,,,,3,,,0,not_enough_blocks,225,skip,,,,triangle_alpha
,,,,,,,,,,,,,,,,,,,,,3,,,1,not_enough_blocks,226,skip,,,,triangle_alpha
,,,,,,,,,,,,,,,,,,,,,3,,,0,not_enough_blocks,227,skip,,,,triangle_alpha
,,,,,,,,,,,,,,,,,,,,,3,,,0,not_enough_blocks,228,skip,,,,triangle_alpha
,,,,,,,,,,,,,,,,,,,,,3,,,0,not_enough_blocks,229,skip,,,,triangle_alpha
,,,,,,,,,,,,,,,,,,,,,3,,,1,not_enough_blocks,230,skip,,,,triangle_alpha
,,,,,,,,,,,,,,,,,,,,,3,,,0,not_enough_blocks,231,skip,,,,triangle_alpha
,,,,,,,,,,,,,,,,,,,,,3,,,0,not_enough_blocks,232,skip,,,,triangle_alpha
,,,,,,,,,,,,,,,,,,,,,3,,,0,not_enough_blocks,233,skip,,,,triangle_alpha
,,,,,,,,,,,,,,,,,,,,,3,,,0,not_enough_blocks,234,skip,,,,triangle_alpha
,,,,,,,,,,,,,,,,,,,,,3,,,0,not_enough_blocks,235,skip,,,,triangle_alpha
,,,,,,,,,,,,,,,,,,,,,3,,,1,not_enough_blocks,236,skip,,,,triangle_alpha
,,,,,,,,,,,,,,,,,,,,,3,,,0,not_enough_blocks,237,skip,,,,triangle_alpha
,,,,,,,,,,,,,,,,,,,,,3,,,0,not_enough_blocks,238,skip,,,,triangle_alpha
,,,,,,,,,,,,,,,,,,,,,3,,,0,not_enough_blocks,239,skip,,,,triangle_alpha
,,,,,,,,,,,,,,,,,,,,,3,,,0,not_enough_blocks,240,skip,,,,triangle_alpha
,,,,,,,,,,,,,,,,,,,,,3,,,0,not_enough_blocks,241,skip,,,,triangle_alpha
,,,,,,,,,,,,,,,,,,,,,3,,,0,not_enough_blocks,242,skip,,,,triangle_alpha
,,,,,,,,,,,,,,,,,,,,,3,,,0,not_enough_blocks,243,skip,,,,triangle_alpha
,,,,,,,,,,,,,,,,,,,,,3,,,0,not_enough_blocks,244,skip,,,,triangle_alpha
,,,,,,,,,,,,,,,,,,,,,3,,,1,not_enough_blocks,245,skip,,,,triangle_alpha
,,,,,,,,,,,,,,,,,,,,,3,,,0,not_enough_blocks,246,skip,,,,triangle_alpha
,,,,,,,,,,,,,,,,,,,,,3,,,0,not_enough_blocks,247,skip,,,,triangle_alpha
,,,,,,,,,,,,,,,,,,,,,3,,,0,not_enough_blocks,248,skip,,,,triangle_alpha
,,,,,,,,,,,,,,,,,,,,,3,,,0,not_enough_blocks,249,skip,,,,triangle_alpha
,,,,,,,,,,,,,,,,,,,,,3,,,1,not_enough_blocks,250,skip,,,,triangle_alpha
,,,,,,,,,,,,,,,,,,,,,3,,,0,not_enough_blocks,251,skip,,,,triangle_alpha
,,,,,,,,,,,,,,,,,,,,,3,,,1,not_enough_blocks,252,skip,,,,triangle_alpha
,,,,,,,,,,,,,,,,,,,,,3,,,1,not_enough_blocks,253,skip,,,,triangle_alpha
,,,,,,,,,,,,,,,,,,,,,3,,,0,not_enough_blocks,254,skip,,,,triangle_alpha
,,,,,,,,,,,,,,,,,,,,,3,,,0,not_enough_blocks,255,skip,,,,triangle_alpha
,,,,,,,,,,,,,,,,,,,,,3,,,1,not_enough_blocks,256,skip,,,,triangle_alpha
,,,,,,,,,,,,,,,,,,,,,3,,,0,not_enough_blocks,257,skip,,,,triangle_alpha
,,,,,,,,,,,,,,,,,,,,,3,,,0,not_enough_blocks,258,skip,,,,triangle_alpha
,,,,,,,,,,,,,,,,,,,,,3,,,0,not_enough_blocks,259,skip,,,,triangle_alpha
,,,,,,,,,,,,,,,,,,,,,3,,,0,not_enough_blocks,260,skip,,,,triangle_alpha
,,,,,,,,,,,,,,,,,,,,,3,,,0,not_enough_blocks,261,skip,,,,triangle_alpha
,,,,,,,,,,,,,,,,,,,,,3,,,1,not_enough_blocks,262,skip,,,,triangle_alpha
,,,,,,,,,,,,,,,,,,,,,3,,,0,not_enough_blocks,263,skip,,,,triangle_alpha
,,,,,,,,,,,,,,,,,,,,,3,,,0,not_enough_blocks,264,skip,,,,triangle_alpha
,,,,,,,,,,,,,,,,,,,,,3,,,0,not_enough_blocks,265,skip,,,,triangle_alpha
,,,,,,,,,,,,,,,,,,,,,3,,,0,not_enough_blocks,266,skip,,,,triangle_alpha
,,,,,,,,,,,,,,,,,,,,,3,,,0,not_enough_blocks,267,skip,,,,triangle_alpha
,,,,,,,,,,,,,,,,,,,,,3,,,0,not_enough_blocks,268,skip,,,,triangle_alpha
,,,,,,,,,,,,,,,,,,,,,3,,,0,not_enough_blocks,269,skip,,,,triangle_alpha
,,,,,,,,,,,,,,,,,,,,,3,,,0,not_enough_blocks,270,skip,,,,triangle_alpha
,,,,,,,,,,,,,,,,,,,,,3,,,0,not_enough_blocks,271,skip,,,,triangle_alpha
,,,,,,,,,,,,,,,,,,,,,3,,,1,not_enough_blocks,272,skip,,,,triangle_alpha
,,,,,,,,,,,,,,,,,,,,,3,,,0,not_enough_blocks,273,skip,,,,triangle_alpha
,,,,,,,,,,,,,,,,,,,,,3,,,0,not_enough_blocks,274,skip,,,,triangle_alpha
,,,,,,,,,,,,,,,,,,,,,3,,,0,not_enough_blocks,275,skip,,,,triangle_alpha
,,,,,,,,,,,,,,,,,,,,,3,,,0,not_enough_blocks,276,skip,,,,triangle_alpha
,,,,,,,,,,,,,,,,,,,,,3,,,0,not_enough_blocks,277,skip,,,,triangle_alpha
,,,,,,,,,,,,,,,,,,,,,3,,,0,not_enough_blocks,278,skip,,,,triangle_alpha
,,,,,,,,,,,,,,,,,,,,,3,,,1,not_enough_blocks,279,skip,,,,triangle_alpha
,,,,,,,,,,,,,,,,,,,,,3,,,0,not_enough_blocks,280,skip,,,,triangle_alpha
,,,,,,,,,,,,,,,,,,,,,3,,,0,not_enough_blocks,281,skip,,,,triangle_alpha
,,,,,,,,,,,,,,,,,,,,,3,,,0,not_enough_blocks,282,skip,,,,triangle_alpha
,,,,,,,,,,,,,,,,,,,,,3,,,0,not_enough_blocks,283,skip,,,,triangle_alpha
,,,,,,,,,,,,,,,,,,,,,3,,,0,not_enough_blocks,284,skip,,,,triangle_alpha
,,,,,,,,,,,,,,,,,,,,,3,,,0,not_enough_blocks,285,skip,,,,triangle_alpha
,,,,,,,,,,,,,,,,,,,,,3,,,0,not_enough_blocks,286,skip,,,,triangle_alpha
,,,,,,,,,,,,,,,,,,,,,3,,,0,not_enough_blocks,287,skip,,,,triangle_alpha
,,,,,,,,,,,,,,,,,,,,,3,,,0,not_enough_blocks,288,skip,,,,triangle_alpha
,,,,,,,,,,,,,,,,,,,,,3,,,0,not_enough_blocks,289,skip,,,,triangle_alpha
,,,,,,,,,,,,,,,,,,,,,3,,,1,not_enough_blocks,290,skip,,,,triangle_alpha
,,,,,,,,,,,,,,,,,,,,,3,,,0,not_enough_blocks,291,skip,,,,triangle_alpha
,,,,,,,,,,,,,,,,,,,,,3,,,0,not_enough_blocks,292,skip,,,,triangle_alpha
,,,,,,,,,,,,,,,,,,,,,3,,,0,not_enough_blocks,293,skip,,,,triangle_alpha
,,,,,,,,,,,,,,,,,,,,,3,,,0,not_enough_blocks,294,skip,,,,triangle_alpha
,,,,,,,,,,,,,,,,,,,,,3,,,0,not_enough_blocks,295,skip,,,,triangle_alpha
,,,,,,,,,,,,,,,,,,,,,3,,,0,not_enough_blocks,296,skip,,,,triangle_alpha
,,,,,,,,,,,,,,,,,,,,,3,,,0,not_enough_blocks,297,skip,,,,triangle_alpha
,,,,,,,,,,,,,,,,,,,,,3,,,0,not_enough_blocks,298,skip,,,,triangle_alpha
,,,,,,,,,,,,,,,,,,,,,3,,,0,not_enough_blocks,299,skip,,,,triangle_alpha
,,,,,,,,,,,,,,,,,,,,,3,,,0,not_enough_blocks,300,skip,,,,triangle_alpha
,,,,,,,,,,,,,,,,,,,,,3,,,0,not_enough_blocks,301,skip,,,,triangle_alpha
,,,,,,,,,,,,,,,,,,,,,3,,,0,not_enough_blocks,302,skip,,,,triangle_alpha
,,,,,,,,,,,,,,,,,,,,,3,,,0,not_enough_blocks,303,skip,,,,triangle_alpha
,,,,,,,,,,,,,,,,,,,,,3,,,0,not_enough_blocks,304,skip,,,,triangle_alpha
,,,,,,,,,,,,,,,,,,,,,3,,,0,not_enough_blocks,305,skip,,,,triangle_alpha
,,,,,,,,,,,,,,,,,,,,,3,,,0,not_enough_blocks,306,skip,,,,triangle_alpha
,,,,,,,,,,,,,,,,,,,,,3,,,0,not_enough_blocks,307,skip,,,,triangle_alpha
,,,,,,,,,,,,,,,,,,,,,3,,,1,not_enough_blocks,308,skip,,,,triangle_alpha
,,,,,,,,,,,,,,,,,,,,,3,,,1,not_enough_blocks,309,skip,,,,triangle_alpha
,,,,,,,,,,,,,,,,,,,,,3,,,0,not_enough_blocks,310,skip,,,,triangle_alpha
,,,,,,,,,,,,,,,,,,,,,3,,,1,not_enough_blocks,311,skip,,,,triangle_alpha
,,,,,,,,,,,,,,,,,,,,,3,,,0,not_enough_blocks,312,skip,,,,triangle_alpha
,,,,,,,,,,,,,,,,,,,,,3,,,1,not_enough_blocks,313,skip,,,,triangle_alpha
,,,,,,,,,,,,,,,,,,,,,3,,,0,not_enough_blocks,314,skip,,,,triangle_alpha
,,,,,,,,,,,,,,,,,,,,,3,,,0,not_enough_blocks,315,skip,,,,triangle_alpha
,,,,,,,,,,,,,,,,,,,,,3,,,0,not_enough_blocks,316,skip,,,,triangle_alpha
,,,,,,,,,,,,,,,,,,,,,3,,,0,not_enough_blocks,317,skip,,,,triangle_alpha
,,,,,,,,,,,,,,,,,,,,,3,,,0,not_enough_blocks,318,skip,,,,triangle_alpha
,,,,,,,,,,,,,,,,,,,,,3,,,0,not_enough_blocks,319,skip,,,,triangle_alpha
,,,,,,,,,,,,,,,,,,,,,3,,,0,not_enough_blocks,320,skip,,,,triangle_alpha
,,,,,,,,,,,,,,,,,,,,,3,,,2,not_enough_blocks,321,skip,,,,triangle_alpha
,,,,,,,,,,,,,,,,,,,,,3,,,0,not_enough_blocks,322,skip,,,,triangle_alpha
,,,,,,,,,,,,,,,,,,,,,3,,,0,not_enough_blocks,323,skip,,,,triangle_alpha
,,,,,,,,,,,,,,,,,,,,,3,,,0,not_enough_blocks,324,skip,,,,triangle_alpha
,,,,,,,,,,,,,,,,,,,,,3,,,0,not_enough_blocks,325,skip,,,,triangle_alpha
,,,,,,,,,,,,,,,,,,,,,3,,,0,not_enough_blocks,326,skip,,,,triangle_alpha
,,,,,,,,,,,,,,,,,,,,,3,,,0,not_enough_blocks,327,skip,,,,triangle_alpha
,,,,,,,,,,,,,,,,,,,,,3,,,0,not_enough_blocks,328,skip,,,,triangle_alpha
,,,,,,,,,,,,,,,,,,,,,3,,,0,not_enough_blocks,329,skip,,,,triangle_alpha
,,,,,,,,,,,,,,,,,,,,,3,,,0,not_enough_blocks,330,skip,,,,triangle_alpha
,,,,,,,,,,,,,,,,,,,,,3,,,0,not_enough_blocks,331,skip,,,,triangle_alpha
,,,,,,,,,,,,,,,,,,,,,3,,,0,not_enough_blocks,332,skip,,,,triangle_alpha
,,,,,,,,,,,,,,,,,,,,,3,,,0,not_enough_blocks,333,skip,,,,triangle_alpha
,,,,,,,,,,,,,,,,,,,,,3,,,0,not_enough_blocks,334,skip,,,,triangle_alpha
,,,,,,,,,,,,,,,,,,,,,3,,,1,not_enough_blocks,335,skip,,,,triangle_alpha
,,,,,,,,,,,,,,,,,,,,,3,,,0,not_enough_blocks,336,skip,,,,triangle_alpha
,,,,,,,,,,,,,,,,,,,,,3,,,0,not_enough_blocks,337,skip,,,,triangle_alpha
,,,,,,,,,,,,,,,,,,,,,3,,,0,not_enough_blocks,338,skip,,,,triangle_alpha
,,,,,,,,,,,,,,,,,,,,,3,,,0,not_enough_blocks,339,skip,,,,triangle_alpha
,,,,,,,,,,,,,,,,,,,,,3,,,0,not_enough_blocks,340,skip,,,,triangle_alpha
,,,,,,,,,,,,,,,,,,,,,3,,,0,not_enough_blocks,341,skip,,,,triangle_alpha
,,,,,,,,,,,,,,,,,,,,,3,,,1,not_enough_blocks,342,skip,,,,triangle_alpha
,,,,,,,,,,,,,,,,,,,,,3,,,0,not_enough_blocks,343,skip,,,,triangle_alpha
,,,,,,,,,,,,,,,,,,,,,3,,,0,not_enough_blocks,344,skip,,,,triangle_alpha
,,,,,,,,,,,,,,,,,,,,,3,,,1,not_enough_blocks,345,skip,,,,triangle_alpha
,,,,,,,,,,,,,,,,,,,,,3,,,0,not_enough_blocks,346,skip,,,,triangle_alpha
,,,,,,,,,,,,,,,,,,,,,3,,,0,not_enough_blocks,347,skip,,,,triangle_alpha
,,,,,,,,,,,,,,,,,,,,,3,,,0,not_enough_blocks,348,skip,,,,triangle_alpha
,,,,,,,,,,,,,,,,,,,,,3,,,1,not_enough_blocks,349,skip,,,,triangle_alpha
,,,,,,,,,,,,,,,,,,,,,3,,,1,not_enough_blocks,350,skip,,,,triangle_alpha
,,,,,,,,,,,,,,,,,,,,,3,,,0,not_enough_blocks,351,skip,,,,triangle_alpha
,,,,,,,,,,,,,,,,,,,,,3,,,0,not_enough_blocks,352,skip,,,,triangle_alpha
,,,,,,,,,,,,,,,,,,,,,3,,,0,not_enough_blocks,353,skip,,,,triangle_alpha
,,,,,,,,,,,,,,,,,,,,,3,,,0,not_enough_blocks,354,skip,,,,triangle_alpha
,,,,,,,,,,,,,,,,,,,,,3,,,1,not_enough_blocks,355,skip,,,,triangle_alpha
,,,,,,,,,,,,,,,,,,,,,3,,,0,not_enough_blocks,356,skip,,,,triangle_alpha
,,,,,,,,,,,,,,,,,,,,,3,,,0,not_enough_blocks,357,skip,,,,triangle_alpha
,,,,,,,,,,,,,,,,,,,,,3,,,0,not_enough_blocks,358,skip,,,,triangle_alpha
,,,,,,,,,,,,,,,,,,,,,3,,,1,not_enough_blocks,359,skip,,,,triangle_alpha
,,,,,,,,,,,,,,,,,,,,,3,,,1,not_enough_blocks,360,skip,,,,triangle_alpha
,,,,,,,,,,,,,,,,,,,,,3,,,0,not_enough_blocks,361,skip,,,,triangle_alpha
,,,,,,,,,,,,,,,,,,,,,3,,,0,not_enough_blocks,362,skip,,,,triangle_alpha
,,,,,,,,,,,,,,,,,,,,,3,,,0,not_enough_blocks,363,skip,,,,triangle_alpha
,,,,,,,,,,,,,,,,,,,,,3,,,0,not_enough_blocks,364,skip,,,,triangle_alpha
,,,,,,,,,,,,,,,,,,,,,3,,,0,not_enough_blocks,365,skip,,,,triangle_alpha
,,,,,,,,,,,,,,,,,,,,,3,,,0,not_enough_blocks,366,skip,,,,triangle_alpha
,,,,,,,,,,,,,,,,,,,,,3,,,1,not_enough_blocks,367,skip,,,,triangle_alpha
,,,,,,,,,,,,,,,,,,,,,3,,,1,not_enough_blocks,368,skip,,,,triangle_alpha
,,,,,,,,,,,,,,,,,,,,,3,,,0,not_enough_blocks,369,skip,,,,triangle_alpha
,,,,,,,,,,,,,,,,,,,,,3,,,0,not_enough_blocks,370,skip,,,,triangle_alpha
,,,,,,,,,,,,,,,,,,,,,3,,,0,not_enough_blocks,371,skip,,,,triangle_alpha
,,,,,,,,,,,,,,,,,,,,,3,,,0,not_enough_blocks,372,skip,,,,triangle_alpha
,,,,,,,,,,,,,,,,,,,,,3,,,0,not_enough_blocks,373,skip,,,,triangle_alpha
,,,,,,,,,,,,,,,,,,,,,3,,,0,not_enough_blocks,374,skip,,,,triangle_alpha
,,,,,,,,,,,,,,,,,,,,,3,,,1,not_enough_blocks,375,skip,,,,triangle_alpha
,,,,,,,,,,,,,,,,,,,,,3,,,0,not_enough_blocks,376,skip,,,,triangle_alpha
,,,,,,,,,,,,,,,,,,,,,3,,,0,not_enough_blocks,377,skip,,,,triangle_alpha
,,,,,,,,,,,,,,,,,,,,,3,,,0,not_enough_blocks,378,skip,,,,triangle_alpha
,,,,,,,,,,,,,,,,,,,,,3,,,0,not_enough_blocks,379,skip,,,,triangle_alpha
,,,,,,,,,,,,,,,,,,,,,3,,,0,not_enough_blocks,380,skip,,,,triangle_alpha
,,,,,,,,,,,,,,,,,,,,,3,,,0,not_enough_blocks,381,skip,,,,triangle_alpha
,,,,,,,,,,,,,,,,,,,,,3,,,0,not_enough_blocks,382,skip,,,,triangle_alpha
,,,,,,,,,,,,,,,,,,,,,3,,,0,not_enough_blocks,383,skip,,,,triangle_alpha
,,,,,,,,,,,,,,,,,,,,,3,,,0,not_enough_blocks,384,skip,,,,triangle_alpha
,,,,,,,,,,,,,,,,,,,,,3,,,0,not_enough_blocks,385,skip,,,,triangle_alpha
,,,,,,,,,,,,,,,,,,,,,3,,,0,not_enough_blocks,386,skip,,,,triangle_alpha
,,,,,,,,,,,,,,,,,,,,,3,,,1,not_enough_blocks,387,skip,,,,triangle_alpha
,,,,,,,,,,,,,,,,,,,,,3,,,0,not_enough_blocks,388,skip,,,,triangle_alpha
,,,,,,,,,,,,,,,,,,,,,3,,,1,not_enough_blocks,389,skip,,,,triangle_alpha
,,,,,,,,,,,,,,,,,,,,,3,,,0,not_enough_blocks,390,skip,,,,triangle_alpha
,,,,,,,,,,,,,,,,,,,,,3,,,0,not_enough_blocks,391,skip,,,,triangle_alpha
,,,,,,,,,,,,,,,,,,,,,3,,,0,not_enough_blocks,392,skip,,,,triangle_alpha
,,,,,,,,,,,,,,,,,,,,,3,,,0,not_enough_blocks,393,skip,,,,triangle_alpha
,,,,,,,,,,,,,,,,,,,,,3,,,0,not_enough_blocks,394,skip,,,,triangle_alpha
,,,,,,,,,,,,,,,,,,,,,3,,,0,not_enough_blocks,395,skip,,,,triangle_alpha
,,,,,,,,,,,,,,,,,,,,,3,,,0,not_enough_blocks,396,skip,,,,triangle_alpha
,,,,,,,,,,,,,,,,,,,,,3,,,0,not_enough_blocks,397,skip,,,,triangle_alpha
,,,,,,,,,,,,,,,,,,,,,3,,,0,not_enough_blocks,398,skip,,,,triangle_alpha
,,,,,,,,,,,,,,,,,,,,,3,,,0,not_enough_blocks,399,skip,,,,triangle_alpha
,,,,,,,,,,,,,,,,,,,,,3,,,0,not_enough_blocks,400,skip,,,,triangle_alpha
,,,,,,,,,,,,,,,,,,,,,3,,,1,not_enough_blocks,401,skip,,,,triangle_alpha
,,,,,,,,,,,,,,,,,,,,,3,,,0,not_enough_blocks,402,skip,,,,triangle_alpha
,,,,,,,,,,,,,,,,,,,,,3,,,0,not_enough_blocks,403,skip,,,,triangle_alpha
,,,,,,,,,,,,,,,,,,,,,3,,,0,not_enough_blocks,404,skip,,,,triangle_alpha
,,,,,,,,,,,,,,,,,,,,,3,,,0,not_enough_blocks,405,skip,,,,triangle_alpha
,,,,,,,,,,,,,,,,,,,,,3,,,0,not_enough_blocks,406,skip,,,,triangle_alpha
,,,,,,,,,,,,,,,,,,,,,3,,,1,not_enough_blocks,407,skip,,,,triangle_alpha
,,,,,,,,,,,,,,,,,,,,,3,,,0,not_enough_blocks,408,skip,,,,triangle_alpha
,,,,,,,,,,,,,,,,,,,,,3,,,1,not_enough_blocks,409,skip,,,,triangle_alpha
,,,,,,,,,,,,,,,,,,,,,3,,,0,not_enough_blocks,410,skip,,,,triangle_alpha
,,,,,,,,,,,,,,,,,,,,,3,,,0,not_enough_blocks,411,skip,,,,triangle_alpha
,,,,,,,,,,,,,,,,,,,,,3,,,0,not_enough_blocks,412,skip,,,,triangle_alpha
,,,,,,,,,,,,,,,,,,,,,3,,,0,not_enough_blocks,413,skip,,,,triangle_alpha
,,,,,,,,,,,,,,,,,,,,,3,,,0,not_enough_blocks,414,skip,,,,triangle_alpha
,,,,,,,,,,,,,,,,,,,,,3,,,0,not_enough_blocks,415,skip,,,,triangle_alpha
,,,,,,,,,,,,,,,,,,,,,3,,,0,not_enough_blocks,416,skip,,,,triangle_alpha
,,,,,,,,,,,,,,,,,,,,,3,,,0,not_enough_blocks,417,skip,,,,triangle_alpha
,,,,,,,,,,,,,,,,,,,,,3,,,1,not_enough_blocks,418,skip,,,,triangle_alpha
,,,,,,,,,,,,,,,,,,,,,3,,,0,not_enough_blocks,419,skip,,,,triangle_alpha
,,,,,,,,,,,,,,,,,,,,,3,,,0,not_enough_blocks,420,skip,,,,triangle_alpha
,,,,,,,,,,,,,,,,,,,,,3,,,0,not_enough_blocks,421,skip,,,,triangle_alpha
,,,,,,,,,,,,,,,,,,,,,3,,,0,not_enough_blocks,422,skip,,,,triangle_alpha
,,,,,,,,,,,,,,,,,,,,,3,,,0,not_enough_blocks,423,skip,,,,triangle_alpha
,,,,,,,,,,,,,,,,,,,,,3,,,1,not_enough_blocks,424,skip,,,,triangle_alpha
,,,,,,,,,,,,,,,,,,,,,3,,,1,not_enough_blocks,425,skip,,,,triangle_alpha
,,,,,,,,,,,,,,,,,,,,,3,,,0,not_enough_blocks,426,skip,,,,triangle_alpha
,,,,,,,,,,,,,,,,,,,,,3,,,0,not_enough_blocks,427,skip,,,,triangle_alpha
,,,,,,,,,,,,,,,,,,,,,3,,,0,not_enough_blocks,428,skip,,,,triangle_alpha
,,,,,,,,,,,,,,,,,,,,,3,,,0,not_enough_blocks,429,skip,,,,triangle_alpha
,,,,,,,,,,,,,,,,,,,,,3,,,0,not_enough_blocks,430,skip,,,,triangle_alpha
,,,,,,,,,,,,,,,,,,,,,3,,,0,not_enough_blocks,431,skip,,,,triangle_alpha
,,,,,,,,,,,,,,,,,,,,,3,,,0,not_enough_blocks,432,skip,,,,triangle_alpha
,,,,,,,,,,,,,,,,,,,,,3,,,0,not_enough_blocks,433,skip,,,,triangle_alpha
,,,,,,,,,,,,,,,,,,,,,3,,,0,not_enough_blocks,434,skip,,,,triangle_alpha
,,,,,,,,,,,,,,,,,,,,,3,,,0,not_enough_blocks,435,skip,,,,triangle_alpha
,,,,,,,,,,,,,,,,,,,,,3,,,1,not_enough_blocks,436,skip,,,,triangle_alpha
,,,,,,,,,,,,,,,,,,,,,3,,,0,not_enough_blocks,437,skip,,,,triangle_alpha
,,,,,,,,,,,,,,,,,,,,,3,,,1,not_enough_blocks,438,skip,,,,triangle_alpha
,,,,,,,,,,,,,,,,,,,,,3,,,0,not_enough_blocks,439,skip,,,,triangle_alpha
,,,,,,,,,,,,,,,,,,,,,3,,,0,not_enough_blocks,440,skip,,,,triangle_alpha
,,,,,,,,,,,,,,,,,,,,,3,,,1,not_enough_blocks,441,skip,,,,triangle_alpha
,,,,,,,,,,,,,,,,,,,,,3,,,1,not_enough_blocks,442,skip,,,,triangle_alpha
,,,,,,,,,,,,,,,,,,,,,3,,,0,not_enough_blocks,443,skip,,,,triangle_alpha
,,,,,,,,,,,,,,,,,,,,,3,,,0,not_enough_blocks,444,skip,,,,triangle_alpha
,,,,,,,,,,,,,,,,,,,,,3,,,0,not_enough_blocks,445,skip,,,,triangle_alpha
,,,,,,,,,,,,,,,,,,,,,3,,,0,not_enough_blocks,446,skip,,,,triangle_alpha
,,,,,,,,,,,,,,,,,,,,,3,,,0,not_enough_blocks,447,skip,,,,triangle_alpha
,,,,,,,,,,,,,,,,,,,,,3,,,0,not_enough_blocks,448,skip,,,,triangle_alpha
,,,,,,,,,,,,,,,,,,,,,3,,,0,not_enough_blocks,449,skip,,,,triangle_alpha
,,,,,,,,,,,,,,,,,,,,,3,,,0,not_enough_blocks,450,skip,,,,triangle_alpha
,,,,,,,,,,,,,,,,,,,,,3,,,1,not_enough_blocks,451,skip,,,,triangle_alpha
,,,,,,,,,,,,,,,,,,,,,3,,,0,not_enough_blocks,452,skip,,,,triangle_alpha
,,,,,,,,,,,,,,,,,,,,,3,,,0,not_enough_blocks,453,skip,,,,triangle_alpha
,,,,,,,,,,,,,,,,,,,,,3,,,0,not_enough_blocks,454,skip,,,,triangle_alpha
,,,,,,,,,,,,,,,,,,,,,3,,,1,not_enough_blocks,455,skip,,,,triangle_alpha
,,,,,,,,,,,,,,,,,,,,,3,,,0,not_enough_blocks,456,skip,,,,triangle_alpha
,,,,,,,,,,,,,,,,,,,,,3,,,1,not_enough_blocks,457,skip,,,,triangle_alpha
,,,,,,,,,,,,,,,,,,,,,3,,,0,not_enough_blocks,458,skip,,,,triangle_alpha
,,,,,,,,,,,,,,,,,,,,,3,,,0,not_enough_blocks,459,skip,,,,triangle_alpha
,,,,,,,,,,,,,,,,,,,,,3,,,0,not_enough_blocks,460,skip,,,,triangle_alpha
,,,,,,,,,,,,,,,,,,,,,3,,,0,not_enough_blocks,461,skip,,,,triangle_alpha
,,,,,,,,,,,,,,,,,,,,,3,,,0,not_enough_blocks,462,skip,,,,triangle_alpha
,,,,,,,,,,,,,,,,,,,,,3,,,0,not_enough_blocks,463,skip,,,,triangle_alpha
,,,,,,,,,,,,,,,,,,,,,3,,,0,not_enough_blocks,464,skip,,,,triangle_alpha
,,,,,,,,,,,,,,,,,,,,,3,,,0,not_enough_blocks,465,skip,,,,triangle_alpha
,,,,,,,,,,,,,,,,,,,,,3,,,0,not_enough_blocks,466,skip,,,,triangle_alpha
,,,,,,,,,,,,,,,,,,,,,3,,,1,not_enough_blocks,467,skip,,,,triangle_alpha
,,,,,,,,,,,,,,,,,,,,,3,,,0,not_enough_blocks,468,skip,,,,triangle_alpha
,,,,,,,,,,,,,,,,,,,,,3,,,0,not_enough_blocks,469,skip,,,,triangle_alpha
,,,,,,,,,,,,,,,,,,,,,3,,,1,not_enough_blocks,470,skip,,,,triangle_alpha
,,,,,,,,,,,,,,,,,,,,,3,,,0,not_enough_blocks,471,skip,,,,triangle_alpha
,,,,,,,,,,,,,,,,,,,,,3,,,0,not_enough_blocks,472,skip,,,,triangle_alpha
,,,,,,,,,,,,,,,,,,,,,3,,,0,not_enough_blocks,473,skip,,,,triangle_alpha
,,,,,,,,,,,,,,,,,,,,,3,,,0,not_enough_blocks,474,skip,,,,triangle_alpha
,,,,,,,,,,,,,,,,,,,,,3,,,0,not_enough_blocks,475,skip,,,,triangle_alpha
,,,,,,,,,,,,,,,,,,,,,3,,,0,not_enough_blocks,476,skip,,,,triangle_alpha
,,,,,,,,,,,,,,,,,,,,,3,,,0,not_enough_blocks,477,skip,,,,triangle_alpha
,,,,,,,,,,,,,,,,,,,,,3,,,1,not_enough_blocks,478,skip,,,,triangle_alpha
,,,,,,,,,,,,,,,,,,,,,3,,,0,not_enough_blocks,479,skip,,,,triangle_alpha
,,,,,,,,,,,,,,,,,,,,,3,,,0,not_enough_blocks,480,skip,,,,triangle_alpha
,,,,,,,,,,,,,,,,,,,,,3,,,0,not_enough_blocks,481,skip,,,,triangle_alpha
,,,,,,,,,,,,,,,,,,,,,3,,,0,not_enough_blocks,482,skip,,,,triangle_alpha
,,,,,,,,,,,,,,,,,,,,,3,,,0,not_enough_blocks,483,skip,,,,triangle_alpha
,,,,,,,,,,,,,,,,,,,,,3,,,0,not_enough_blocks,484,skip,,,,triangle_alpha
,,,,,,,,,,,,,,,,,,,,,3,,,0,not_enough_blocks,485,skip,,,,triangle_alpha
,,,,,,,,,,,,,,,,,,,,,3,,,0,not_enough_blocks,486,skip,,,,triangle_alpha
,,,,,,,,,,,,,,,,,,,,,3,,,1,not_enough_blocks,487,skip,,,,triangle_alpha
,,,,,,,,,,,,,,,,,,,,,3,,,0,not_enough_blocks,488,skip,,,,triangle_alpha
,,,,,,,,,,,,,,,,,,,,,3,,,0,not_enough_blocks,489,skip,,,,triangle_alpha
,,,,,,,,,,,,,,,,,,,,,3,,,0,not_enough_blocks,490,skip,,,,triangle_alpha
,,,,,,,,,,,,,,,,,,,,,3,,,1,not_enough_blocks,491,skip,,,,triangle_alpha
,,,,,,,,,,,,,,,,,,,,,3,,,1,not_enough_blocks,492,skip,,,,triangle_alpha
,,,,,,,,,,,,,,,,,,,,,3,,,0,not_enough_blocks,493,skip,,,,triangle_alpha
,,,,,,,,,,,,,,,,,,,,,3,,,0,not_enough_blocks,494,skip,,,,triangle_alpha
,,,,,,,,,,,,,,,,,,,,,3,,,0,not_enough_blocks,495,skip,,,,triangle_alpha
,,,,,,,,,,,,,,,,,,,,,3,,,0,not_enough_blocks,496,skip,,,,triangle_alpha
,,,,,,,,,,,,,,,,,,,,,3,,,0,not_enough_blocks,497,skip,,,,triangle_alpha
,,,,,,,,,,,,,,,,,,,,,3,,,0,not_enough_blocks,498,skip,,,,triangle_alpha
,,,,,,,,,,,,,,,,,,,,,3,,,0,not_enough_blocks,499,skip,,,,triangle_alpha
,,,,,,,,,,,,,,,,,,,,,3,,,0,not_enough_blocks,500,skip,,,,triangle_alpha
,,,,,,,,,,,,,,,,,,,,,3,,,0,not_enough_blocks,501,skip,,,,triangle_alpha
,,,,,,,,,,,,,,,,,,,,,3,,,0,not_enough_blocks,502,skip,,,,triangle_alpha
,,,,,,,,,,,,,,,,,,,,,3,,,0,not_enough_blocks,503,skip,,,,triangle_alpha
,,,,,,,,,,,,,,,,,,,,,3,,,0,not_enough_blocks,504,skip,,,,triangle_alpha
,,,,,,,,,,,,,,,,,,,,,3,,,0,not_enough_blocks,505,skip,,,,triangle_alpha
,,,,,,,,,,,,,,,,,,,,,3,,,0,not_enough_blocks,506,skip,,,,triangle_alpha
,,,,,,,,,,,,,,,,,,,,,3,,,0,not_enough_blocks,507,skip,,,,triangle_alpha
,,,,,,,,,,,,,,,,,,,,,3,,,0,not_enough_blocks,508,skip,,,,triangle_alpha
,,,,,,,,,,,,,,,,,,,,,3,,,0,not_enough_blocks,509,skip,,,,triangle_alpha
,,,,,,,,,,,,,,,,,,,,,3,,,0,not_enough_blocks,510,skip,,,,triangle_alpha
,,,,,,,,,,,,,,,,,,,,,3,,,0,not_enough_blocks,511,skip,,,,triangle_alpha
,,,,,,,,,,,,,,,,,,,,,3,,,0,not_enough_blocks,512,skip,,,,triangle_alpha
,,,,,,,,,,,,,,,,,,,,,3,,,1,not_enough_blocks,513,skip,,,,triangle_alpha
,,,,,,,,,,,,,,,,,,,,,3,,,0,not_enough_blocks,514,skip,,,,triangle_alpha
,,,,,,,,,,,,,,,,,,,,,3,,,0,not_enough_blocks,515,skip,,,,triangle_alpha
,,,,,,,,,,,,,,,,,,,,,3,,,0,not_enough_blocks,516,skip,,,,triangle_alpha
,,,,,,,,,,,,,,,,,,,,,3,,,0,not_enough_blocks,517,skip,,,,triangle_alpha
,,,,,,,,,,,,,,,,,,,,,3,,,0,not_enough_blocks,518,skip,,,,triangle_alpha
,,,,,,,,,,,,,,,,,,,,,3,,,0,not_enough_blocks,519,skip,,,,triangle_alpha
,,,,,,,,,,,,,,,,,,,,,3,,,1,not_enough_blocks,520,skip,,,,triangle_alpha
,,,,,,,,,,,,,,,,,,,,,3,,,0,not_enough_blocks,521,skip,,,,triangle_alpha
,,,,,,,,,,,,,,,,,,,,,3,,,0,not_enough_blocks,522,skip,,,,triangle_alpha
,,,,,,,,,,,,,,,,,,,,,3,,,1,not_enough_blocks,523,skip,,,,triangle_alpha
,,,,,,,,,,,,,,,,,,,,,3,,,0,not_enough_blocks,524,skip,,,,triangle_alpha
,,,,,,,,,,,,,,,,,,,,,3,,,1,not_enough_blocks,525,skip,,,,triangle_alpha
,,,,,,,,,,,,,,,,,,,,,3,,,0,not_enough_blocks,526,skip,,,,triangle_alpha
,,,,,,,,,,,,,,,,,,,,,3,,,1,not_enough_blocks,527,skip,,,,triangle_alpha
,,,,,,,,,,,,,,,,,,,,,3,,,0,not_enough_blocks,528,skip,,,,triangle_alpha
,,,,,,,,,,,,,,,,,,,,,3,,,0,not_enough_blocks,529,skip,,,,triangle_alpha
,,,,,,,,,,,,,,,,,,,,,3,,,0,not_enough_blocks,530,skip,,,,triangle_alpha
,,,,,,,,,,,,,,,,,,,,,3,,,0,not_enough_blocks,531,skip,,,,triangle_alpha
,,,,,,,,,,,,,,,,,,,,,3,,,0,not_enough_blocks,532,skip,,,,triangle_alpha
,,,,,,,,,,,,,,,,,,,,,3,,,0,not_enough_blocks,533,skip,,,,triangle_alpha
,,,,,,,,,,,,,,,,,,,,,3,,,0,not_enough_blocks,534,skip,,,,triangle_alpha
,,,,,,,,,,,,,,,,,,,,,3,,,0,not_enough_blocks,535,skip,,,,triangle_alpha
,,,,,,,,,,,,,,,,,,,,,3,,,0,not_enough_blocks,536,skip,,,,triangle_alpha
,,,,,,,,,,,,,,,,,,,,,3,,,0,not_enough_blocks,537,skip,,,,triangle_alpha
,,,,,,,,,,,,,,,,,,,,,3,,,0,not_enough_blocks,538,skip,,,,triangle_alpha
,,,,,,,,,,,,,,,,,,,,,3,,,0,not_enough_blocks,539,skip,,,,triangle_alpha
,,,,,,,,,,,,,,,,,,,,,3,,,0,not_enough_blocks,540,skip,,,,triangle_alpha
,,,,,,,,,,,,,,,,,,,,,3,,,0,not_enough_blocks,541,skip,,,,triangle_alpha
,,,,,,,,,,,,,,,,,,,,,3,,,0,not_enough_blocks,542,skip,,,,triangle_alpha
,,,,,,,,,,,,,,,,,,,,,3,,,0,not_enough_blocks,543,skip,,,,triangle_alpha
,,,,,,,,,,,,,,,,,,,,,3,,,0,not_enough_blocks,544,skip,,,,triangle_alpha
,,,,,,,,,,,,,,,,,,,,,3,,,0,not_enough_blocks,545,skip,,,,triangle_alpha
,,,,,,,,,,,,,,,,,,,,,3,,,0,not_enough_blocks,546,skip,,,,triangle_alpha
,,,,,,,,,,,,,,,,,,,,,3,,,0,not_enough_blocks,547,skip,,,,triangle_alpha
,,,,,,,,,,,,,,,,,,,,,3,,,0,not_enough_blocks,548,skip,,,,triangle_alpha
,,,,,,,,,,,,,,,,,,,,,3,,,0,not_enough_blocks,549,skip,,,,triangle_alpha
,,,,,,,,,,,,,,,,,,,,,3,,,1,not_enough_blocks,550,skip,,,,triangle_alpha
,,,,,,,,,,,,,,,,,,,,,3,,,0,not_enough_blocks,551,skip,,,,triangle_alpha
,,,,,,,,,,,,,,,,,,,,,3,,,1,not_enough_blocks,552,skip,,,,triangle_alpha
,,,,,,,,,,,,,,,,,,,,,3,,,0,not_enough_blocks,553,skip,,,,triangle_alpha
,,,,,,,,,,,,,,,,,,,,,3,,,0,not_enough_blocks,554,skip,,,,triangle_alpha
,,,,,,,,,,,,,,,,,,,,,3,,,0,not_enough_blocks,555,skip,,,,triangle_alpha
,,,,,,,,,,,,,,,,,,,,,3,,,1,not_enough_blocks,556,skip,,,,triangle_alpha
,,,,,,,,,,,,,,,,,,,,,3,,,0,not_enough_blocks,557,skip,,,,triangle_alpha
,,,,,,,,,,,,,,,,,,,,,3,,,0,not_enough_blocks,558,skip,,,,triangle_alpha
,,,,,,,,,,,,,,,,,,,,,3,,,0,not_enough_blocks,559,skip,,,,triangle_alpha
,,,,,,,,,,,,,,,,,,,,,3,,,0,not_enough_blocks,560,skip,,,,triangle_alpha
,,,,,,,,,,,,,,,,,,,,,3,,,0,not_enough_blocks,561,skip,,,,triangle_alpha
,,,,,,,,,,,,,,,,,,,,,3,,,0,not_enough_blocks,562,skip,,,,triangle_alpha
,,,,,,,,,,,,,,,,,,,,,3,,,0,not_enough_blocks,563,skip,,,,triangle_alpha
,,,,,,,,,,,,,,,,,,,,,3,,,0,not_enough_blocks,564,skip,,,,triangle_alpha
,,,,,,,,,,,,,,,,,,,,,3,,,0,not_enough_blocks,565,skip,,,,triangle_alpha
,,,,,,,,,,,,,,,,,,,,,3,,,0,not_enough_blocks,566,skip,,,,triangle_alpha
,,,,,,,,,,,,,,,,,,,,,3,,,0,not_enough_blocks,567,skip,,,,triangle_alpha
,,,,,,,,,,,,,,,,,,,,,3,,,0,not_enough_blocks,568,skip,,,,triangle_alpha
,,,,,,,,,,,,,,,,,,,,,3,,,0,not_enough_blocks,569,skip,,,,triangle_alpha
,,,,,,,,,,,,,,,,,,,,,3,,,0,not_enough_blocks,570,skip,,,,triangle_alpha
,,,,,,,,,,,,,,,,,,,,,3,,,0,not_enough_blocks,571,skip,,,,triangle_alpha
,,,,,,,,,,,,,,,,,,,,,3,,,0,not_enough_blocks,572,skip,,,,triangle_alpha
,,,,,,,,,,,,,,,,,,,,,3,,,0,not_enough_blocks,573,skip,,,,triangle_alpha
,,,,,,,,,,,,,,,,,,,,,3,,,0,not_enough_blocks,574,skip,,,,triangle_alpha
,,,,,,,,,,,,,,,,,,,,,3,,,0,not_enough_blocks,575,skip,,,,triangle_alpha
,,,,,,,,,,,,,,,,,,,,,3,,,0,not_enough_blocks,576,skip,,,,triangle_alpha
,,,,,,,,,,,,,,,,,,,,,3,,,1,not_enough_blocks,577,skip,,,,triangle_alpha
,,,,,,,,,,,,,,,,,,,,,3,,,0,not_enough_blocks,578,skip,,,,triangle_alpha
,,,,,,,,,,,,,,,,,,,,,3,,,0,not_enough_blocks,579,skip,,,,triangle_alpha
,,,,,,,,,,,,,,,,,,,,,3,,,0,not_enough_blocks,580,skip,,,,triangle_alpha
,,,,,,,,,,,,,,,,,,,,,3,,,0,not_enough_blocks,581,skip,,,,triangle_alpha
,,,,,,,,,,,,,,,,,,,,,3,,,0,not_enough_blocks,582,skip,,,,triangle_alpha
,,,,,,,,,,,,,,,,,,,,,3,,,0,not_enough_blocks,583,skip,,,,triangle_alpha
,,,,,,,,,,,,,,,,,,,,,3,,,0,not_enough_blocks,584,skip,,,,triangle_alpha
,,,,,,,,,,,,,,,,,,,,,3,,,0,not_enough_blocks,585,skip,,,,triangle_alpha
,,,,,,,,,,,,,,,,,,,,,3,,,0,not_enough_blocks,586,skip,,,,triangle_alpha
,,,,,,,,,,,,,,,,,,,,,3,,,0,not_enough_blocks,587,skip,,,,triangle_alpha
,,,,,,,,,,,,,,,,,,,,,3,,,0,not_enough_blocks,588,skip,,,,triangle_alpha
,,,,,,,,,,,,,,,,,,,,,3,,,1,not_enough_blocks,589,skip,,,,triangle_alpha
,,,,,,,,,,,,,,,,,,,,,3,,,0,not_enough_blocks,590,skip,,,,triangle_alpha
,,,,,,,,,,,,,,,,,,,,,3,,,0,not_enough_blocks,591,skip,,,,triangle_alpha
,,,,,,,,,,,,,,,,,,,,,3,,,0,not_enough_blocks,592,skip,,,,triangle_alpha
,,,,,,,,,,,,,,,,,,,,,3,,,0,not_enough_blocks,593,skip,,,,triangle_alpha
,,,,,,,,,,,,,,,,,,,,,3,,,0,not_enough_blocks,594,skip,,,,triangle_alpha
,,,,,,,,,,,,,,,,,,,,,3,,,0,not_enough_blocks,595,skip,,,,triangle_alpha
,,,,,,,,,,,,,,,,,,,,,3,,,0,not_enough_blocks,596,skip,,,,triangle_alpha
,,,,,,,,,,,,,,,,,,,,,3,,,0,not_enough_blocks,597,skip,,,,triangle_alpha
,,,,,,,,,,,,,,,,,,,,,3,,,0,not_enough_blocks,598,skip,,,,triangle_alpha
,,,,,,,,,,,,,,,,,,,,,3,,,0,not_enough_blocks,599,skip,,,,triangle_alpha
,,,,,,,,,,,,,,,,,,,,,3,,,1,not_enough_blocks,600,skip,,,,triangle_alpha
,,,,,,,,,,,,,,,,,,,,,3,,,0,not_enough_blocks,601,skip,,,,triangle_alpha
,,,,,,,,,,,,,,,,,,,,,3,,,0,not_enough_blocks,602,skip,,,,triangle_alpha
,,,,,,,,,,,,,,,,,,,,,3,,,0,not_enough_blocks,603,skip,,,,triangle_alpha
,,,,,,,,,,,,,,,,,,,,,3,,,0,not_enough_blocks,604,skip,,,,triangle_alpha
,,,,,,,,,,,,,,,,,,,,,3,,,0,not_enough_blocks,605,skip,,,,triangle_alpha
,,,,,,,,,,,,,,,,,,,,,3,,,0,not_enough_blocks,606,skip,,,,triangle_alpha
,,,,,,,,,,,,,,,,,,,,,3,,,0,not_enough_blocks,607,skip,,,,triangle_alpha
,,,,,,,,,,,,,,,,,,,,,3,,,0,not_enough_blocks,608,skip,,,,triangle_alpha
,,,,,,,,,,,,,,,,,,,,,3,,,0,not_enough_blocks,609,skip,,,,triangle_alpha
,,,,,,,,,,,,,,,,,,,,,3,,,0,not_enough_blocks,610,skip,,,,triangle_alpha
,,,,,,,,,,,,,,,,,,,,,3,,,0,not_enough_blocks,611,skip,,,,triangle_alpha
,,,,,,,,,,,,,,,,,,,,,3,,,0,not_enough_blocks,612,skip,,,,triangle_alpha
,,,,,,,,,,,,,,,,,,,,,3,,,0,not_enough_blocks,613,skip,,,,triangle_alpha
,,,,,,,,,,,,,,,,,,,,,3,,,0,not_enough_blocks,614,skip,,,,triangle_alpha
,,,,,,,,,,,,,,,,,,,,,3,,,0,not_enough_blocks,615,skip,,,,triangle_alpha
,,,,,,,,,,,,,,,,,,,,,3,,,0,not_enough_blocks,616,skip,,,,triangle_alpha
,,,,,,,,,,,,,,,,,,,,,3,,,0,not_enough_blocks,617,skip,,,,triangle_alpha
,,,,,,,,,,,,,,,,,,,,,3,,,0,not_enough_blocks,618,skip,,,,triangle_alpha
,,,,,,,,,,,,,,,,,,,,,3,,,0,not_enough_blocks,619,skip,,,,triangle_alpha
,,,,,,,,,,,,,,,,,,,,,3,,,1,not_enough_blocks,620,skip,,,,triangle_alpha
,,,,,,,,,,,,,,,,,,,,,3,,,0,not_enough_blocks,621,skip,,,,triangle_alpha
,,,,,,,,,,,,,,,,,,,,,3,,,0,not_enough_blocks,622,skip,,,,triangle_alpha
,,,,,,,,,,,,,,,,,,,,,3,,,0,not_enough_blocks,623,skip,,,,triangle_alpha
,,,,,,,,,,,,,,,,,,,,,3,,,1,not_enough_blocks,624,skip,,,,triangle_alpha
,,,,,,,,,,,,,,,,,,,,,3,,,0,not_enough_blocks,625,skip,,,,triangle_alpha
,,,,,,,,,,,,,,,,,,,,,3,,,0,not_enough_blocks,626,skip,,,,triangle_alpha
,,,,,,,,,,,,,,,,,,,,,3,,,0,not_enough_blocks,627,skip,,,,triangle_alpha
,,,,,,,,,,,,,,,,,,,,,3,,,0,not_enough_blocks,628,skip,,,,triangle_alpha
,,,,,,,,,,,,,,,,,,,,,3,,,0,not_enough_blocks,629,skip,,,,triangle_alpha
,,,,,,,,,,,,,,,,,,,,,3,,,1,not_enough_blocks,630,skip,,,,triangle_alpha
,,,,,,,,,,,,,,,,,,,,,3,,,1,not_enough_blocks,631,skip,,,,triangle_alpha
,,,,,,,,,,,,,,,,,,,,,3,,,0,not_enough_blocks,632,skip,,,,triangle_alpha
,,,,,,,,,,,,,,,,,,,,,3,,,0,not_enough_blocks,633,skip,,,,triangle_alpha
,,,,,,,,,,,,,,,,,,,,,3,,,0,not_enough_blocks,634,skip,,,,triangle_alpha
,,,,,,,,,,,,,,,,,,,,,3,,,0,not_enough_blocks,635,skip,,,,triangle_alpha
,,,,,,,,,,,,,,,,,,,,,3,,,0,not_enough_blocks,636,skip,,,,triangle_alpha
,,,,,,,,,,,,,,,,,,,,,3,,,0,not_enough_blocks,637,skip,,,,triangle_alpha
,,,,,,,,,,,,,,,,,,,,,3,,,1,not_enough_blocks,638,skip,,,,triangle_alpha
,,,,,,,,,,,,,,,,,,,,,3,,,0,not_enough_blocks,639,skip,,,,triangle_alpha
,,,,,,,,,,,,,,,,,,,,,3,,,0,not_enough_blocks,640,skip,,,,triangle_alpha
,,,,,,,,,,,,,,,,,,,,,3,,,0,not_enough_blocks,641,skip,,,,triangle_alpha
,,,,,,,,,,,,,,,,,,,,,3,,,0,not_enough_blocks,642,skip,,,,triangle_alpha
,,,,,,,,,,,,,,,,,,,,,3,,,0,not_enough_blocks,643,skip,,,,triangle_alpha
,,,,,,,,,,,,,,,,,,,,,3,,,1,not_enough_blocks,644,skip,,,,triangle_alpha
,,,,,,,,,,,,,,,,,,,,,3,,,0,not_enough_blocks,645,skip,,,,triangle_alpha
,,,,,,,,,,,,,,,,,,,,,3,,,0,not_enough_blocks,646,skip,,,,triangle_alpha
,,,,,,,,,,,,,,,,,,,,,3,,,0,not_enough_blocks,647,skip,,,,triangle_alpha
,,,,,,,,,,,,,,,,,,,,,3,,,0,not_enough_blocks,648,skip,,,,triangle_alpha
,,,,,,,,,,,,,,,,,,,,,3,,,0,not_enough_blocks,649,skip,,,,triangle_alpha
,,,,,,,,,,,,,,,,,,,,,3,,,0,not_enough_blocks,650,skip,,,,triangle_alpha
,,,,,,,,,,,,,,,,,,,,,3,,,0,not_enough_blocks,651,skip,,,,triangle_alpha
,,,,,,,,,,,,,,,,,,,,,3,,,0,not_enough_blocks,652,skip,,,,triangle_alpha
,,,,,,,,,,,,,,,,,,,,,3,,,1,not_enough_blocks,653,skip,,,,triangle_alpha
,,,,,,,,,,,,,,,,,,,,,3,,,0,not_enough_blocks,654,skip,,,,triangle_alpha
,,,,,,,,,,,,,,,,,,,,,3,,,0,not_enough_blocks,655,skip,,,,triangle_alpha
,,,,,,,,,,,,,,,,,,,,,3,,,0,not_enough_blocks,656,skip,,,,triangle_alpha
,,,,,,,,,,,,,,,,,,,,,3,,,0,not_enough_blocks,657,skip,,,,triangle_alpha
,,,,,,,,,,,,,,,,,,,,,3,,,1,not_enough_blocks,658,skip,,,,triangle_alpha
,,,,,,,,,,,,,,,,,,,,,3,,,1,not_enough_blocks,659,skip,,,,triangle_alpha
,,,,,,,,,,,,,,,,,,,,,3,,,0,not_enough_blocks,660,skip,,,,triangle_alpha
,,,,,,,,,,,,,,,,,,,,,3,,,0,not_enough_blocks,661,skip,,,,triangle_alpha
,,,,,,,,,,,,,,,,,,,,,3,,,0,not_enough_blocks,662,skip,,,,triangle_alpha
,,,,,,,,,,,,,,,,,,,,,3,,,0,not_enough_blocks,663,skip,,,,triangle_alpha
,,,,,,,,,,,,,,,,,,,,,3,,,0,not_enough_blocks,664,skip,,,,triangle_alpha
,,,,,,,,,,,,,,,,,,,,,3,,,0,not_enough_blocks,665,skip,,,,triangle_alpha
,,,,,,,,,,,,,,,,,,,,,3,,,0,not_enough_blocks,666,skip,,,,triangle_alpha
,,,,,,,,,,,,,,,,,,,,,3,,,0,not_enough_blocks,667,skip,,,,triangle_alpha
,,,,,,,,,,,,,,,,,,,,,3,,,0,not_enough_blocks,668,skip,,,,triangle_alpha
,,,,,,,,,,,,,,,,,,,,,3,,,0,not_enough_blocks,669,skip,,,,triangle_alpha
,,,,,,,,,,,,,,,,,,,,,3,,,0,not_enough_blocks,670,skip,,,,triangle_alpha
,,,,,,,,,,,,,,,,,,,,,3,,,0,not_enough_blocks,671,skip,,,,triangle_alpha
,,,,,,,,,,,,,,,,,,,,,3,,,0,not_enough_blocks,672,skip,,,,triangle_alpha
,,,,,,,,,,,,,,,,,,,,,3,,,0,not_enough_blocks,673,skip,,,,triangle_alpha
,,,,,,,,,,,,,,,,,,,,,3,,,0,not_enough_blocks,674,skip,,,,triangle_alpha
,,,,,,,,,,,,,,,,,,,,,3,,,0,not_enough_blocks,675,skip,,,,triangle_alpha
,,,,,,,,,,,,,,,,,,,,,3,,,0,not_enough_blocks,676,skip,,,,triangle_alpha
,,,,,,,,,,,,,,,,,,,,,3,,,0,not_enough_blocks,677,skip,,,,triangle_alpha
,,,,,,,,,,,,,,,,,,,,,3,,,0,not_enough_blocks,678,skip,,,,triangle_alpha
,,,,,,,,,,,,,,,,,,,,,3,,,0,not_enough_blocks,679,skip,,,,triangle_alpha
,,,,,,,,,,,,,,,,,,,,,3,,,0,not_enough_blocks,680,skip,,,,triangle_alpha
,,,,,,,,,,,,,,,,,,,,,3,,,0,not_enough_blocks,681,skip,,,,triangle_alpha
,,,,,,,,,,,,,,,,,,,,,3,,,0,not_enough_blocks,682,skip,,,,triangle_alpha
,,,,,,,,,,,,,,,,,,,,,3,,,0,not_enough_blocks,683,skip,,,,triangle_alpha
,,,,,,,,,,,,,,,,,,,,,3,,,0,not_enough_blocks,684,skip,,,,triangle_alpha
,,,,,,,,,,,,,,,,,,,,,3,,,0,not_enough_blocks,685,skip,,,,triangle_alpha
,,,,,,,,,,,,,,,,,,,,,3,,,1,not_enough_blocks,686,skip,,,,triangle_alpha
,,,,,,,,,,,,,,,,,,,,,3,,,0,not_enough_blocks,687,skip,,,,triangle_alpha
,,,,,,,,,,,,,,,,,,,,,3,,,0,not_enough_blocks,688,skip,,,,triangle_alpha
,,,,,,,,,,,,,,,,,,,,,3,,,0,not_enough_blocks,689,skip,,,,triangle_alpha
,,,,,,,,,,,,,,,,,,,,,3,,,1,not_enough_blocks,690,skip,,,,triangle_alpha
,,,,,,,,,,,,,,,,,,,,,3,,,0,not_enough_blocks,691,skip,,,,triangle_alpha
,,,,,,,,,,,,,,,,,,,,,3,,,1,not_enough_blocks,692,skip,,,,triangle_alpha
,,,,,,,,,,,,,,,,,,,,,3,,,0,not_enough_blocks,693,skip,,,,triangle_alpha
,,,,,,,,,,,,,,,,,,,,,3,,,0,not_enough_blocks,694,skip,,,,triangle_alpha
,,,,,,,,,,,,,,,,,,,,,3,,,0,not_enough_blocks,695,skip,,,,triangle_alpha
,,,,,,,,,,,,,,,,,,,,,3,,,0,not_enough_blocks,696,skip,,,,triangle_alpha
,,,,,,,,,,,,,,,,,,,,,3,,,1,not_enough_blocks,697,skip,,,,triangle_alpha
,,,,,,,,,,,,,,,,,,,,,3,,,0,not_enough_blocks,698,skip,,,,triangle_alpha
,,,,,,,,,,,,,,,,,,,,,3,,,0,not_enough_blocks,699,skip,,,,triangle_alpha
,,,,,,,,,,,,,,,,,,,,,3,,,0,not_enough_blocks,700,skip,,,,triangle_alpha
,,,,,,,,,,,,,,,,,,,,,3,,,0,not_enough_blocks,701,skip,,,,triangle_alpha
,,,,,,,,,,,,,,,,,,,,,3,,,0,not_enough_blocks,702,skip,,,,triangle_alpha
,,,,,,,,,,,,,,,,,,,,,3,,,0,not_enough_blocks,703,skip,,,,triangle_alpha
,,,,,,,,,,,,,,,,,,,,,3,,,0,not_enough_blocks,704,skip,,,,triangle_alpha
,,,,,,,,,,,,,,,,,,,,,3,,,0,not_enough_blocks,705,skip,,,,triangle_alpha
,,,,,,,,,,,,,,,,,,,,,3,,,1,not_enough_blocks,706,skip,,,,triangle_alpha
,,,,,,,,,,,,,,,,,,,,,3,,,0,not_enough_blocks,707,skip,,,,triangle_alpha
,,,,,,,,,,,,,,,,,,,,,3,,,0,not_enough_blocks,708,skip,,,,triangle_alpha
,,,,,,,,,,,,,,,,,,,,,3,,,0,not_enough_blocks,709,skip,,,,triangle_alpha
,,,,,,,,,,,,,,,,,,,,,3,,,0,not_enough_blocks,710,skip,,,,triangle_alpha
,,,,,,,,,,,,,,,,,,,,,3,,,0,not_enough_blocks,711,skip,,,,triangle_alpha
,,,,,,,,,,,,,,,,,,,,,3,,,0,not_enough_blocks,712,skip,,,,triangle_alpha
,,,,,,,,,,,,,,,,,,,,,3,,,0,not_enough_blocks,713,skip,,,,triangle_alpha
,,,,,,,,,,,,,,,,,,,,,3,,,0,not_enough_blocks,714,skip,,,,triangle_alpha
,,,,,,,,,,,,,,,,,,,,,3,,,0,not_enough_blocks,715,skip,,,,triangle_alpha
,,,,,,,,,,,,,,,,,,,,,3,,,0,not_enough_blocks,716,skip,,,,triangle_alpha
,,,,,,,,,,,,,,,,,,,,,3,,,0,not_enough_blocks,717,skip,,,,triangle_alpha
,,,,,,,,,,,,,,,,,,,,,3,,,0,not_enough_blocks,718,skip,,,,triangle_alpha
,,,,,,,,,,,,,,,,,,,,,3,,,0,not_enough_blocks,719,skip,,,,triangle_alpha
,,,,,,,,,,,,,,,,,,,,,3,,,0,not_enough_blocks,720,skip,,,,triangle_alpha
,,,,,,,,,,,,,,,,,,,,,3,,,0,not_enough_blocks,721,skip,,,,triangle_alpha
,,,,,,,,,,,,,,,,,,,,,3,,,1,not_enough_blocks,722,skip,,,,triangle_alpha
,,,,,,,,,,,,,,,,,,,,,3,,,0,not_enough_blocks,723,skip,,,,triangle_alpha
,,,,,,,,,,,,,,,,,,,,,3,,,0,not_enough_blocks,724,skip,,,,triangle_alpha
,,,,,,,,,,,,,,,,,,,,,3,,,0,not_enough_blocks,725,skip,,,,triangle_alpha
,,,,,,,,,,,,,,,,,,,,,3,,,0,not_enough_blocks,726,skip,,,,triangle_alpha
,,,,,,,,,,,,,,,,,,,,,3,,,0,not_enough_blocks,727,skip,,,,triangle_alpha
,,,,,,,,,,,,,,,,,,,,,3,,,0,not_enough_blocks,728,skip,,,,triangle_alpha
,,,,,,,,,,,,,,,,,,,,,3,,,1,not_enough_blocks,729,skip,,,,triangle_alpha
,,,,,,,,,,,,,,,,,,,,,3,,,0,not_enough_blocks,730,skip,,,,triangle_alpha
,,,,,,,,,,,,,,,,,,,,,3,,,0,not_enough_blocks,731,skip,,,,triangle_alpha
,,,,,,,,,,,,,,,,,,,,,3,,,0,not_enough_blocks,732,skip,,,,triangle_alpha
,,,,,,,,,,,,,,,,,,,,,3,,,0,not_enough_blocks,733,skip,,,,triangle_alpha
,,,,,,,,,,,,,,,,,,,,,3,,,0,not_enough_blocks,734,skip,,,,triangle_alpha
,,,,,,,,,,,,,,,,,,,,,3,,,0,not_enough_blocks,735,skip,,,,triangle_alpha
,,,,,,,,,,,,,,,,,,,,,3,,,0,not_enough_blocks,736,skip,,,,triangle_alpha
,,,,,,,,,,,,,,,,,,,,,3,,,0,not_enough_blocks,737,skip,,,,triangle_alpha
,,,,,,,,,,,,,,,,,,,,,3,,,0,not_enough_blocks,738,skip,,,,triangle_alpha
,,,,,,,,,,,,,,,,,,,,,3,,,0,not_enough_blocks,739,skip,,,,triangle_alpha
,,,,,,,,,,,,,,,,,,,,,3,,,0,not_enough_blocks,740,skip,,,,triangle_alpha
,,,,,,,,,,,,,,,,,,,,,3,,,1,not_enough_blocks,741,skip,,,,triangle_alpha
,,,,,,,,,,,,,,,,,,,,,3,,,0,not_enough_blocks,742,skip,,,,triangle_alpha
,,,,,,,,,,,,,,,,,,,,,3,,,0,not_enough_blocks,743,skip,,,,triangle_alpha
,,,,,,,,,,,,,,,,,,,,,3,,,0,not_enough_blocks,744,skip,,,,triangle_alpha
,,,,,,,,,,,,,,,,,,,,,3,,,0,not_enough_blocks,745,skip,,,,triangle_alpha
,,,,,,,,,,,,,,,,,,,,,3,,,0,not_enough_blocks,746,skip,,,,triangle_alpha
,,,,,,,,,,,,,,,,,,,,,3,,,0,not_enough_blocks,747,skip,,,,triangle_alpha
,,,,,,,,,,,,,,,,,,,,,3,,,0,not_enough_blocks,748,skip,,,,triangle_alpha
,,,,,,,,,,,,,,,,,,,,,3,,,0,not_enough_blocks,749,skip,,,,triangle_alpha
,,,,,,,,,,,,,,,,,,,,,3,,,0,not_enough_blocks,750,skip,,,,triangle_alpha
,,,,,,,,,,,,,,,,,,,,,3,,,0,not_enough_blocks,751,skip,,,,triangle_alpha
,,,,,,,,,,,,,,,,,,,,,3,,,2,not_enough_blocks,752,skip,,,,triangle_alpha
,,,,,,,,,,,,,,,,,,,,,3,,,0,not_enough_blocks,753,skip,,,,triangle_alpha
,,,,,,,,,,,,,,,,,,,,,3,,,1,not_enough_blocks,754,skip,,,,triangle_alpha
,,,,,,,,,,,,,,,,,,,,,3,,,0,not_enough_blocks,755,skip,,,,triangle_alpha
,,,,,,,,,,,,,,,,,,,,,3,,,0,not_enough_blocks,756,skip,,,,triangle_alpha
,,,,,,,,,,,,,,,,,,,,,3,,,0,not_enough_blocks,757,skip,,,,triangle_alpha
,,,,,,,,,,,,,,,,,,,,,3,,,0,not_enough_blocks,758,skip,,,,triangle_alpha
,,,,,,,,,,,,,,,,,,,,,3,,,0,not_enough_blocks,759,skip,,,,triangle_alpha
,,,,,,,,,,,,,,,,,,,,,3,,,1,not_enough_blocks,760,skip,,,,triangle_alpha
,,,,,,,,,,,,,,,,,,,,,3,,,0,not_enough_blocks,761,skip,,,,triangle_alpha
,,,,,,,,,,,,,,,,,,,,,3,,,0,not_enough_blocks,762,skip,,,,triangle_alpha
,,,,,,,,,,,,,,,,,,,,,3,,,0,not_enough_blocks,763,skip,,,,triangle_alpha
,,,,,,,,,,,,,,,,,,,,,3,,,0,not_enough_blocks,764,skip,,,,triangle_alpha
,,,,,,,,,,,,,,,,,,,,,3,,,0,not_enough_blocks,765,skip,,,,triangle_alpha
,,,,,,,,,,,,,,,,,,,,,3,,,0,not_enough_blocks,766,skip,,,,triangle_alpha
,,,,,,,,,,,,,,,,,,,,,3,,,0,not_enough_blocks,767,skip,,,,triangle_alpha
,,,,,,,,,,,,,,,,,,,,,3,,,0,not_enough_blocks,768,skip,,,,triangle_alpha
,,,,,,,,,,,,,,,,,,,,,3,,,0,not_enough_blocks,769,skip,,,,triangle_alpha
,,,,,,,,,,,,,,,,,,,,,3,,,0,not_enough_blocks,770,skip,,,,triangle_alpha
,,,,,,,,,,,,,,,,,,,,,3,,,0,not_enough_blocks,771,skip,,,,triangle_alpha
,,,,,,,,,,,,,,,,,,,,,3,,,0,not_enough_blocks,772,skip,,,,triangle_alpha
,,,,,,,,,,,,,,,,,,,,,3,,,0,not_enough_blocks,773,skip,,,,triangle_alpha
,,,,,,,,,,,,,,,,,,,,,3,,,0,not_enough_blocks,774,skip,,,,triangle_alpha
,,,,,,,,,,,,,,,,,,,,,3,,,0,not_enough_blocks,775,skip,,,,triangle_alpha
,,,,,,,,,,,,,,,,,,,,,3,,,0,not_enough_blocks,776,skip,,,,triangle_alpha
,,,,,,,,,,,,,,,,,,,,,3,,,0,not_enough_blocks,777,skip,,,,triangle_alpha
,,,,,,,,,,,,,,,,,,,,,3,,,1,not_enough_blocks,778,skip,,,,triangle_alpha
,,,,,,,,,,,,,,,,,,,,,3,,,0,not_enough_blocks,779,skip,,,,triangle_alpha
,,,,,,,,,,,,,,,,,,,,,3,,,0,not_enough_blocks,780,skip,,,,triangle_alpha
,,,,,,,,,,,,,,,,,,,,,3,,,0,not_enough_blocks,781,skip,,,,triangle_alpha
,,,,,,,,,,,,,,,,,,,,,3,,,0,not_enough_blocks,782,skip,,,,triangle_alpha
,,,,,,,,,,,,,,,,,,,,,3,,,0,not_enough_blocks,783,skip,,,,triangle_alpha
,,,,,,,,,,,,,,,,,,,,,3,,,2,not_enough_blocks,784,skip,,,,triangle_alpha
,,,,,,,,,,,,,,,,,,,,,3,,,0,not_enough_blocks,785,skip,,,,triangle_alpha
,,,,,,,,,,,,,,,,,,,,,3,,,1,not_enough_blocks,786,skip,,,,triangle_alpha
,,,,,,,,,,,,,,,,,,,,,3,,,0,not_enough_blocks,787,skip,,,,triangle_alpha
,,,,,,,,,,,,,,,,,,,,,3,,,0,not_enough_blocks,788,skip,,,,triangle_alpha
,,,,,,,,,,,,,,,,,,,,,3,,,0,not_enough_blocks,789,skip,,,,triangle_alpha
,,,,,,,,,,,,,,,,,,,,,3,,,0,not_enough_blocks,790,skip,,,,triangle_alpha
,,,,,,,,,,,,,,,,,,,,,3,,,0,not_enough_blocks,791,skip,,,,triangle_alpha
,,,,,,,,,,,,,,,,,,,,,3,,,0,not_enough_blocks,792,skip,,,,triangle_alpha
,,,,,,,,,,,,,,,,,,,,,3,,,2,not_enough_blocks,793,skip,,,,triangle_alpha
,,,,,,,,,,,,,,,,,,,,,3,,,0,not_enough_blocks,794,skip,,,,triangle_alpha
,,,,,,,,,,,,,,,,,,,,,3,,,0,not_enough_blocks,795,skip,,,,triangle_alpha
,,,,,,,,,,,,,,,,,,,,,3,,,0,not_enough_blocks,796,skip,,,,triangle_alpha
,,,,,,,,,,,,,,,,,,,,,3,,,0,not_enough_blocks,797,skip,,,,triangle_alpha
,,,,,,,,,,,,,,,,,,,,,3,,,0,not_enough_blocks,798,skip,,,,triangle_alpha
,,,,,,,,,,,,,,,,,,,,,3,,,0,not_enough_blocks,799,skip,,,,triangle_alpha
,,,,,,,,,,,,,,,,,,,,,3,,,0,not_enough_blocks,800,skip,,,,triangle_alpha
,,,,,,,,,,,,,,,,,,,,,3,,,0,not_enough_blocks,801,skip,,,,triangle_alpha
,,,,,,,,,,,,,,,,,,,,,3,,,0,not_enough_blocks,802,skip,,,,triangle_alpha
,,,,,,,,,,,,,,,,,,,,,3,,,0,not_enough_blocks,803,skip,,,,triangle_alpha
,,,,,,,,,,,,,,,,,,,,,3,,,0,not_enough_blocks,804,skip,,,,triangle_alpha
,,,,,,,,,,,,,,,,,,,,,3,,,0,not_enough_blocks,805,skip,,,,triangle_alpha
,,,,,,,,,,,,,,,,,,,,,3,,,0,not_enough_blocks,806,skip,,,,triangle_alpha
,,,,,,,,,,,,,,,,,,,,,3,,,0,not_enough_blocks,807,skip,,,,triangle_alpha
,,,,,,,,,,,,,,,,,,,,,3,,,0,not_enough_blocks,808,skip,,,,triangle_alpha
,,,,,,,,,,,,,,,,,,,,,3,,,0,not_enough_blocks,809,skip,,,,triangle_alpha
,,,,,,,,,,,,,,,,,,,,,3,,,0,not_enough_blocks,810,skip,,,,triangle_alpha
,,,,,,,,,,,,,,,,,,,,,3,,,1,not_enough_blocks,811,skip,,,,triangle_alpha
,,,,,,,,,,,,,,,,,,,,,3,,,1,not_enough_blocks,812,skip,,,,triangle_alpha
,,,,,,,,,,,,,,,,,,,,,3,,,0,not_enough_blocks,813,skip,,,,triangle_alpha
,,,,,,,,,,,,,,,,,,,,,3,,,0,not_enough_blocks,814,skip,,,,triangle_alpha
,,,,,,,,,,,,,,,,,,,,,3,,,0,not_enough_blocks,815,skip,,,,triangle_alpha
,,,,,,,,,,,,,,,,,,,,,3,,,1,not_enough_blocks,816,skip,,,,triangle_alpha
,,,,,,,,,,,,,,,,,,,,,3,,,1,not_enough_blocks,817,skip,,,,triangle_alpha
,,,,,,,,,,,,,,,,,,,,,3,,,0,not_enough_blocks,818,skip,,,,triangle_alpha
,,,,,,,,,,,,,,,,,,,,,3,,,1,not_enough_blocks,819,skip,,,,triangle_alpha
,,,,,,,,,,,,,,,,,,,,,3,,,0,not_enough_blocks,820,skip,,,,triangle_alpha
,,,,,,,,,,,,,,,,,,,,,3,,,0,not_enough_blocks,821,skip,,,,triangle_alpha
,,,,,,,,,,,,,,,,,,,,,3,,,0,not_enough_blocks,822,skip,,,,triangle_alpha
,,,,,,,,,,,,,,,,,,,,,3,,,0,not_enough_blocks,823,skip,,,,triangle_alpha
,,,,,,,,,,,,,,,,,,,,,3,,,0,not_enough_blocks,824,skip,,,,triangle_alpha
,,,,,,,,,,,,,,,,,,,,,3,,,0,not_enough_blocks,825,skip,,,,triangle_alpha
,,,,,,,,,,,,,,,,,,,,,3,,,0,not_enough_blocks,826,skip,,,,triangle_alpha
,,,,,,,,,,,,,,,,,,,,,3,,,0,not_enough_blocks,827,skip,,,,triangle_alpha
,,,,,,,,,,,,,,,,,,,,,3,,,1,not_enough_blocks,828,skip,,,,triangle_alpha
,,,,,,,,,,,,,,,,,,,,,3,,,0,not_enough_blocks,829,skip,,,,triangle_alpha
,,,,,,,,,,,,,,,,,,,,,3,,,0,not_enough_blocks,830,skip,,,,triangle_alpha
,,,,,,,,,,,,,,,,,,,,,3,,,0,not_enough_blocks,831,skip,,,,triangle_alpha
,,,,,,,,,,,,,,,,,,,,,3,,,0,not_enough_blocks,832,skip,,,,triangle_alpha
,,,,,,,,,,,,,,,,,,,,,3,,,0,not_enough_blocks,833,skip,,,,triangle_alpha
,,,,,,,,,,,,,,,,,,,,,3,,,0,not_enough_blocks,834,skip,,,,triangle_alpha
,,,,,,,,,,,,,,,,,,,,,3,,,1,not_enough_blocks,835,skip,,,,triangle_alpha
,,,,,,,,,,,,,,,,,,,,,3,,,0,not_enough_blocks,836,skip,,,,triangle_alpha
,,,,,,,,,,,,,,,,,,,,,3,,,1,not_enough_blocks,837,skip,,,,triangle_alpha
,,,,,,,,,,,,,,,,,,,,,3,,,0,not_enough_blocks,838,skip,,,,triangle_alpha
,,,,,,,,,,,,,,,,,,,,,3,,,0,not_enough_blocks,839,skip,,,,triangle_alpha
,,,,,,,,,,,,,,,,,,,,,3,,,0,not_enough_blocks,840,skip,,,,triangle_alpha
,,,,,,,,,,,,,,,,,,,,,3,,,0,not_enough_blocks,841,skip,,,,triangle_alpha
,,,,,,,,,,,,,,,,,,,,,3,,,0,not_enough_blocks,842,skip,,,,triangle_alpha
,,,,,,,,,,,,,,,,,,,,,3,,,0,not_enough_blocks,843,skip,,,,triangle_alpha
,,,,,,,,,,,,,,,,,,,,,3,,,0,not_enough_blocks,844,skip,,,,triangle_alpha
,,,,,,,,,,,,,,,,,,,,,3,,,0,not_enough_blocks,845,skip,,,,triangle_alpha
,,,,,,,,,,,,,,,,,,,,,3,,,0,not_enough_blocks,846,skip,,,,triangle_alpha
,,,,,,,,,,,,,,,,,,,,,3,,,1,not_enough_blocks,847,skip,,,,triangle_alpha
,,,,,,,,,,,,,,,,,,,,,3,,,0,not_enough_blocks,848,skip,,,,triangle_alpha
,,,,,,,,,,,,,,,,,,,,,3,,,0,not_enough_blocks,849,skip,,,,triangle_alpha
,,,,,,,,,,,,,,,,,,,,,3,,,0,not_enough_blocks,850,skip,,,,triangle_alpha
,,,,,,,,,,,,,,,,,,,,,3,,,0,not_enough_blocks,851,skip,,,,triangle_alpha
,,,,,,,,,,,,,,,,,,,,,3,,,0,not_enough_blocks,852,skip,,,,triangle_alpha
,,,,,,,,,,,,,,,,,,,,,3,,,1,not_enough_blocks,853,skip,,,,triangle_alpha
,,,,,,,,,,,,,,,,,,,,,3,,,0,not_enough_blocks,854,skip,,,,triangle_alpha
,,,,,,,,,,,,,,,,,,,,,3,,,0,not_enough_blocks,855,skip,,,,triangle_alpha
,,,,,,,,,,,,,,,,,,,,,3,,,1,not_enough_blocks,856,skip,,,,triangle_alpha
,,,,,,,,,,,,,,,,,,,,,3,,,0,not_enough_blocks,857,skip,,,,triangle_alpha
,,,,,,,,,,,,,,,,,,,,,3,,,0,not_enough_blocks,858,skip,,,,triangle_alpha
,,,,,,,,,,,,,,,,,,,,,3,,,0,not_enough_blocks,859,skip,,,,triangle_alpha
,,,,,,,,,,,,,,,,,,,,,3,,,0,not_enough_blocks,860,skip,,,,triangle_alpha
,,,,,,,,,,,,,,,,,,,,,3,,,0,not_enough_blocks,861,skip,,,,triangle_alpha
,,,,,,,,,,,,,,,,,,,,,3,,,0,not_enough_blocks,862,skip,,,,triangle_alpha
,,,,,,,,,,,,,,,,,,,,,3,,,0,not_enough_blocks,863,skip,,,,triangle_alpha
,,,,,,,,,,,,,,,,,,,,,3,,,0,not_enough_blocks,864,skip,,,,triangle_alpha
,,,,,,,,,,,,,,,,,,,,,3,,,0,not_enough_blocks,865,skip,,,,triangle_alpha
,,,,,,,,,,,,,,,,,,,,,3,,,0,not_enough_blocks,866,skip,,,,triangle_alpha
,,,,,,,,,,,,,,,,,,,,,3,,,1,not_enough_blocks,867,skip,,,,triangle_alpha
,,,,,,,,,,,,,,,,,,,,,3,,,0,not_enough_blocks,868,skip,,,,triangle_alpha
,,,,,,,,,,,,,,,,,,,,,3,,,0,not_enough_blocks,869,skip,,,,triangle_alpha
,,,,,,,,,,,,,,,,,,,,,3,,,0,not_enough_blocks,870,skip,,,,triangle_alpha
,,,,,,,,,,,,,,,,,,,,,3,,,0,not_enough_blocks,871,skip,,,,triangle_alpha
,,,,,,,,,,,,,,,,,,,,,3,,,1,not_enough_blocks,872,skip,,,,triangle_alpha
,,,,,,,,,,,,,,,,,,,,,3,,,0,not_enough_blocks,873,skip,,,,triangle_alpha
,,,,,,,,,,,,,,,,,,,,,3,,,0,not_enough_blocks,874,skip,,,,triangle_alpha
,,,,,,,,,,,,,,,,,,,,,3,,,0,not_enough_blocks,875,skip,,,,triangle_alpha
,,,,,,,,,,,,,,,,,,,,,3,,,0,not_enough_blocks,876,skip,,,,triangle_alpha
,,,,,,,,,,,,,,,,,,,,,3,,,1,not_enough_blocks,877,skip,,,,triangle_alpha
,,,,,,,,,,,,,,,,,,,,,3,,,0,not_enough_blocks,878,skip,,,,triangle_alpha
,,,,,,,,,,,,,,,,,,,,,3,,,0,not_enough_blocks,879,skip,,,,triangle_alpha
,,,,,,,,,,,,,,,,,,,,,3,,,0,not_enough_blocks,880,skip,,,,triangle_alpha
,,,,,,,,,,,,,,,,,,,,,3,,,1,not_enough_blocks,881,skip,,,,triangle_alpha
,,,,,,,,,,,,,,,,,,,,,3,,,0,not_enough_blocks,882,skip,,,,triangle_alpha
,,,,,,,,,,,,,,,,,,,,,3,,,0,not_enough_blocks,883,skip,,,,triangle_alpha
,,,,,,,,,,,,,,,,,,,,,3,,,0,not_enough_blocks,884,skip,,,,triangle_alpha
,,,,,,,,,,,,,,,,,,,,,3,,,0,not_enough_blocks,885,skip,,,,triangle_alpha
,,,,,,,,,,,,,,,,,,,,,3,,,0,not_enough_blocks,886,skip,,,,triangle_alpha
,,,,,,,,,,,,,,,,,,,,,3,,,0,not_enough_blocks,887,skip,,,,triangle_alpha
,,,,,,,,,,,,,,,,,,,,,3,,,0,not_enough_blocks,888,skip,,,,triangle_alpha
,,,,,,,,,,,,,,,,,,,,,3,,,0,not_enough_blocks,889,skip,,,,triangle_alpha
,,,,,,,,,,,,,,,,,,,,,3,,,0,not_enough_blocks,890,skip,,,,triangle_alpha
,,,,,,,,,,,,,,,,,,,,,3,,,0,not_enough_blocks,891,skip,,,,triangle_alpha
,,,,,,,,,,,,,,,,,,,,,3,,,0,not_enough_blocks,892,skip,,,,triangle_alpha
,,,,,,,,,,,,,,,,,,,,,3,,,0,not_enough_blocks,893,skip,,,,triangle_alpha
,,,,,,,,,,,,,,,,,,,,,3,,,1,not_enough_blocks,894,skip,,,,triangle_alpha
,,,,,,,,,,,,,,,,,,,,,3,,,0,not_enough_blocks,895,skip,,,,triangle_alpha
,,,,,,,,,,,,,,,,,,,,,3,,,0,not_enough_blocks,896,skip,,,,triangle_alpha
,,,,,,,,,,,,,,,,,,,,,3,,,1,not_enough_blocks,897,skip,,,,triangle_alpha
,,,,,,,,,,,,,,,,,,,,,3,,,0,not_enough_blocks,898,skip,,,,triangle_alpha
,,,,,,,,,,,,,,,,,,,,,3,,,0,not_enough_blocks,899,skip,,,,triangle_alpha
,,,,,,,,,,,,,,,,,,,,,3,,,0,not_enough_blocks,900,skip,,,,triangle_alpha
,,,,,,,,,,,,,,,,,,,,,3,,,0,not_enough_blocks,901,skip,,,,triangle_alpha
,,,,,,,,,,,,,,,,,,,,,3,,,0,not_enough_blocks,902,skip,,,,triangle_alpha
,,,,,,,,,,,,,,,,,,,,,3,,,0,not_enough_blocks,903,skip,,,,triangle_alpha
,,,,,,,,,,,,,,,,,,,,,3,,,0,not_enough_blocks,904,skip,,,,triangle_alpha
,,,,,,,,,,,,,,,,,,,,,3,,,0,not_enough_blocks,905,skip,,,,triangle_alpha
,,,,,,,,,,,,,,,,,,,,,3,,,0,not_enough_blocks,906,skip,,,,triangle_alpha
,,,,,,,,,,,,,,,,,,,,,3,,,0,not_enough_blocks,907,skip,,,,triangle_alpha
,,,,,,,,,,,,,,,,,,,,,3,,,0,not_enough_blocks,908,skip,,,,triangle_alpha
,,,,,,,,,,,,,,,,,,,,,3,,,0,not_enough_blocks,909,skip,,,,triangle_alpha
,,,,,,,,,,,,,,,,,,,,,3,,,1,not_enough_blocks,910,skip,,,,triangle_alpha
,,,,,,,,,,,,,,,,,,,,,3,,,0,not_enough_blocks,911,skip,,,,triangle_alpha
,,,,,,,,,,,,,,,,,,,,,3,,,1,not_enough_blocks,912,skip,,,,triangle_alpha
,,,,,,,,,,,,,,,,,,,,,3,,,0,not_enough_blocks,913,skip,,,,triangle_alpha
,,,,,,,,,,,,,,,,,,,,,3,,,0,not_enough_blocks,914,skip,,,,triangle_alpha
,,,,,,,,,,,,,,,,,,,,,3,,,1,not_enough_blocks,915,skip,,,,triangle_alpha
,,,,,,,,,,,,,,,,,,,,,3,,,0,not_enough_blocks,916,skip,,,,triangle_alpha
,,,,,,,,,,,,,,,,,,,,,3,,,0,not_enough_blocks,917,skip,,,,triangle_alpha
,,,,,,,,,,,,,,,,,,,,,3,,,0,not_enough_blocks,918,skip,,,,triangle_alpha
,,,,,,,,,,,,,,,,,,,,,3,,,0,not_enough_blocks,919,skip,,,,triangle_alpha
,,,,,,,,,,,,,,,,,,,,,3,,,0,not_enough_blocks,920,skip,,,,triangle_alpha
,,,,,,,,,,,,,,,,,,,,,3,,,0,not_enough_blocks,921,skip,,,,triangle_alpha
,,,,,,,,,,,,,,,,,,,,,3,,,0,not_enough_blocks,922,skip,,,,triangle_alpha
,,,,,,,,,,,,,,,,,,,,,3,,,1,not_enough_blocks,923,skip,,,,triangle_alpha
,,,,,,,,,,,,,,,,,,,,,3,,,0,not_enough_blocks,924,skip,,,,triangle_alpha
,,,,,,,,,,,,,,,,,,,,,3,,,0,not_enough_blocks,925,skip,,,,triangle_alpha
,,,,,,,,,,,,,,,,,,,,,3,,,0,not_enough_blocks,926,skip,,,,triangle_alpha
,,,,,,,,,,,,,,,,,,,,,3,,,0,not_enough_blocks,927,skip,,,,triangle_alpha
,,,,,,,,,,,,,,,,,,,,,3,,,1,not_enough_blocks,928,skip,,,,triangle_alpha
,,,,,,,,,,,,,,,,,,,,,3,,,0,not_enough_blocks,929,skip,,,,triangle_alpha
,,,,,,,,,,,,,,,,,,,,,3,,,0,not_enough_blocks,930,skip,,,,triangle_alpha
,,,,,,,,,,,,,,,,,,,,,3,,,1,not_enough_blocks,931,skip,,,,triangle_alpha
,,,,,,,,,,,,,,,,,,,,,3,,,0,not_enough_blocks,932,skip,,,,triangle_alpha
,,,,,,,,,,,,,,,,,,,,,3,,,0,not_enough_blocks,933,skip,,,,triangle_alpha
,,,,,,,,,,,,,,,,,,,,,3,,,0,not_enough_blocks,934,skip,,,,triangle_alpha
,,,,,,,,,,,,,,,,,,,,,3,,,0,not_enough_blocks,935,skip,,,,triangle_alpha
,,,,,,,,,,,,,,,,,,,,,3,,,2,not_enough_blocks,936,skip,,,,triangle_alpha
,,,,,,,,,,,,,,,,,,,,,3,,,0,not_enough_blocks,937,skip,,,,triangle_alpha
,,,,,,,,,,,,,,,,,,,,,3,,,0,not_enough_blocks,938,skip,,,,triangle_alpha
,,,,,,,,,,,,,,,,,,,,,3,,,0,not_enough_blocks,939,skip,,,,triangle_alpha
,,,,,,,,,,,,,,,,,,,,,3,,,0,not_enough_blocks,940,skip,,,,triangle_alpha
,,,,,,,,,,,,,,,,,,,,,3,,,0,not_enough_blocks,941,skip,,,,triangle_alpha
,,,,,,,,,,,,,,,,,,,,,3,,,0,not_enough_blocks,942,skip,,,,triangle_alpha
,,,,,,,,,,,,,,,,,,,,,3,,,0,not_enough_blocks,943,skip,,,,triangle_alpha
,,,,,,,,,,,,,,,,,,,,,3,,,0,not_enough_blocks,944,skip,,,,triangle_alpha
,,,,,,,,,,,,,,,,,,,,,3,,,0,not_enough_blocks,945,skip,,,,triangle_alpha
,,,,,,,,,,,,,,,,,,,,,3,,,1,not_enough_blocks,946,skip,,,,triangle_alpha
,,,,,,,,,,,,,,,,,,,,,3,,,0,not_enough_blocks,947,skip,,,,triangle_alpha
,,,,,,,,,,,,,,,,,,,,,3,,,0,not_enough_blocks,948,skip,,,,triangle_alpha
,,,,,,,,,,,,,,,,,,,,,3,,,0,not_enough_blocks,949,skip,,,,triangle_alpha
,,,,,,,,,,,,,,,,,,,,,3,,,0,not_enough_blocks,950,skip,,,,triangle_alpha
,,,,,,,,,,,,,,,,,,,,,3,,,0,not_enough_blocks,951,skip,,,,triangle_alpha
,,,,,,,,,,,,,,,,,,,,,3,,,1,not_enough_blocks,952,skip,,,,triangle_alpha
,,,,,,,,,,,,,,,,,,,,,3,,,0,not_enough_blocks,953,skip,,,,triangle_alpha
,,,,,,,,,,,,,,,,,,,,,3,,,0,not_enough_blocks,954,skip,,,,triangle_alpha
,,,,,,,,,,,,,,,,,,,,,3,,,0,not_enough_blocks,955,skip,,,,triangle_alpha
,,,,,,,,,,,,,,,,,,,,,3,,,0,not_enough_blocks,956,skip,,,,triangle_alpha
,,,,,,,,,,,,,,,,,,,,,3,,,0,not_enough_blocks,957,skip,,,,triangle_alpha
,,,,,,,,,,,,,,,,,,,,,3,,,0,not_enough_blocks,958,skip,,,,triangle_alpha
,,,,,,,,,,,,,,,,,,,,,3,,,0,not_enough_blocks,959,skip,,,,triangle_alpha
,,,,,,,,,,,,,,,,,,,,,3,,,0,not_enough_blocks,960,skip,,,,triangle_alpha
,,,,,,,,,,,,,,,,,,,,,3,,,0,not_enough_blocks,961,skip,,,,triangle_alpha
,,,,,,,,,,,,,,,,,,,,,3,,,0,not_enough_blocks,962,skip,,,,triangle_alpha
,,,,,,,,,,,,,,,,,,,,,3,,,0,not_enough_blocks,963,skip,,,,triangle_alpha
,,,,,,,,,,,,,,,,,,,,,3,,,1,not_enough_blocks,964,skip,,,,triangle_alpha
,,,,,,,,,,,,,,,,,,,,,3,,,0,not_enough_blocks,965,skip,,,,triangle_alpha
,,,,,,,,,,,,,,,,,,,,,3,,,1,not_enough_blocks,966,skip,,,,triangle_alpha
,,,,,,,,,,,,,,,,,,,,,3,,,0,not_enough_blocks,967,skip,,,,triangle_alpha
,,,,,,,,,,,,,,,,,,,,,3,,,0,not_enough_blocks,968,skip,,,,triangle_alpha
,,,,,,,,,,,,,,,,,,,,,3,,,0,not_enough_blocks,969,skip,,,,triangle_alpha
,,,,,,,,,,,,,,,,,,,,,3,,,0,not_enough_blocks,970,skip,,,,triangle_alpha
,,,,,,,,,,,,,,,,,,,,,3,,,0,not_enough_blocks,971,skip,,,,triangle_alpha
,,,,,,,,,,,,,,,,,,,,,3,,,0,not_enough_blocks,972,skip,,,,triangle_alpha
,,,,,,,,,,,,,,,,,,,,,3,,,0,not_enough_blocks,973,skip,,,,triangle_alpha
,,,,,,,,,,,,,,,,,,,,,3,,,1,not_enough_blocks,974,skip,,,,triangle_alpha
,,,,,,,,,,,,,,,,,,,,,3,,,1,not_enough_blocks,975,skip,,,,triangle_alpha
,,,,,,,,,,,,,,,,,,,,,3,,,0,not_enough_blocks,976,skip,,,,triangle_alpha
,,,,,,,,,,,,,,,,,,,,,3,,,0,not_enough_blocks,977,skip,,,,triangle_alpha
,,,,,,,,,,,,,,,,,,,,,3,,,0,not_enough_blocks,978,skip,,,,triangle_alpha
,,,,,,,,,,,,,,,,,,,,,3,,,0,not_enough_blocks,979,skip,,,,triangle_alpha
,,,,,,,,,,,,,,,,,,,,,3,,,0,not_enough_blocks,980,skip,,,,triangle_alpha
,,,,,,,,,,,,,,,,,,,,,3,,,0,not_enough_blocks,981,skip,,,,triangle_alpha
,,,,,,,,,,,,,,,,,,,,,3,,,0,not_enough_blocks,982,skip,,,,triangle_alpha
,,,,,,,,,,,,,,,,,,,,,3,,,0,not_enough_blocks,983,skip,,,,triangle_alpha
,,,,,,,,,,,,,,,,,,,,,3,,,0,not_enough_blocks,984,skip,,,,triangle_alpha
,,,,,,,,,,,,,,,,,,,,,3,,,0,not_enough_blocks,985,skip,,,,triangle_alpha
,,,,,,,,,,,,,,,,,,,,,3,,,1,not_enough_blocks,986,skip,,,,triangle_alpha
,,,,,,,,,,,,,,,,,,,,,3,,,0,not_enough_blocks,987,skip,,,,triangle_alpha
,,,,,,,,,,,,,,,,,,,,,3,,,0,not_enough_blocks,988,skip,,,,triangle_alpha
,,,,,,,,,,,,,,,,,,,,,3,,,1,not_enough_blocks,989,skip,,,,triangle_alpha
,,,,,,,,,,,,,,,,,,,,,3,,,1,not_enough_blocks,990,skip,,,,triangle_alpha
,,,,,,,,,,,,,,,,,,,,,3,,,0,not_enough_blocks,991,skip,,,,triangle_alpha
,,,,,,,,,,,,,,,,,,,,,3,,,0,not_enough_blocks,992,skip,,,,triangle_alpha
,,,,,,,,,,,,,,,,,,,,,3,,,0,not_enough_blocks,993,skip,,,,triangle_alpha
,,,,,,,,,,,,,,,,,,,,,3,,,1,not_enough_blocks,994,skip,,,,triangle_alpha
,,,,,,,,,,,,,,,,,,,,,3,,,0,not_enough_blocks,995,skip,,,,triangle_alpha
,,,,,,,,,,,,,,,,,,,,,3,,,0,not_enough_blocks,996,skip,,,,triangle_alpha
,,,,,,,,,,,,,,,,,,,,,3,,,0,not_enough_blocks,997,skip,,,,triangle_alpha
,,,,,,,,,,,,,,,,,,,,,3,,,1,not_enough_blocks,998,skip,,,,triangle_alpha
,,,,,,,,,,,,,,,,,,,,,3,,,0,not_enough_blocks,999,skip,,,,triangle_alpha
,,,,,,,,,,,,,,,,,,,,,3,,,1,not_enough_blocks,1000,skip,,,,triangle_alpha
,,,,,,,,,,,,,,,,,,,,,3,,,0,not_enough_blocks,1001,skip,,,,triangle_alpha
,,,,,,,,,,,,,,,,,,,,,3,,,0,not_enough_blocks,1002,skip,,,,triangle_alpha
,,,,,,,,,,,,,,,,,,,,,3,,,0,not_enough_blocks,1003,skip,,,,triangle_alpha
,,,,,,,,,,,,,,,,,,,,,3,,,0,not_enough_blocks,1004,skip,,,,triangle_alpha
,,,,,,,,,,,,,,,,,,,,,3,,,0,not_enough_blocks,1005,skip,,,,triangle_alpha
,,,,,,,,,,,,,,,,,,,,,3,,,0,not_enough_blocks,1006,skip,,,,triangle_alpha
,,,,,,,,,,,,,,,,,,,,,3,,,1,not_enough_blocks,1007,skip,,,,triangle_alpha
,,,,,,,,,,,,,,,,,,,,,3,,,1,not_enough_blocks,1008,skip,,,,triangle_alpha
,,,,,,,,,,,,,,,,,,,,,3,,,0,not_enough_blocks,1009,skip,,,,triangle_alpha
,,,,,,,,,,,,,,,,,,,,,3,,,0,not_enough_blocks,1010,skip,,,,triangle_alpha
,,,,,,,,,,,,,,,,,,,,,3,,,0,not_enough_blocks,1011,skip,,,,triangle_alpha
,,,,,,,,,,,,,,,,,,,,,3,,,0,not_enough_blocks,1012,skip,,,,triangle_alpha
,,,,,,,,,,,,,,,,,,,,,3,,,0,not_enough_blocks,1013,skip,,,,triangle_alpha
,,,,,,,,,,,,,,,,,,,,,3,,,0,not_enough_blocks,1014,skip,,,,triangle_alpha
,,,,,,,,,,,,,,,,,,,,,3,,,0,not_enough_blocks,1015,skip,,,,triangle_alpha
,,,,,,,,,,,,,,,,,,,,,3,,,0,not_enough_blocks,1016,skip,,,,triangle_alpha
,,,,,,,,,,,,,,,,,,,,,3,,,0,not_enough_blocks,1017,skip,,,,triangle_alpha
,,,,,,,,,,,,,,,,,,,,,3,,,0,not_enough_blocks,1018,skip,,,,triangle_alpha
,,,,,,,,,,,,,,,,,,,,,3,,,0,not_enough_blocks,1019,skip,,,,triangle_alpha
,,,,,,,,,,,,,,,,,,,,,3,,,1,not_enough_blocks,1020,skip,,,,triangle_alpha
,,,,,,,,,,,,,,,,,,,,,3,,,1,not_enough_blocks,1021,skip,,,,triangle_alpha
,,,,,,,,,,,,,,,,,,,,,3,,,0,not_enough_blocks,1022,skip,,,,triangle_alpha
,,,,,,,,,,,,,,,,,,,,,3,,,0,not_enough_blocks,1023,skip,,,,triangle_alpha
,,,,,,,,,,,,,,,,,,,,,3,,,0,not_enough_blocks,1024,skip,,,,triangle_alpha
,,,,,,,,,,,,,,,,,,,,,3,,,0,not_enough_blocks,1025,skip,,,,triangle_alpha
,,,,,,,,,,,,,,,,,,,,,3,,,0,not_enough_blocks,1026,skip,,,,triangle_alpha
,,,,,,,,,,,,,,,,,,,,,3,,,0,not_enough_blocks,1027,skip,,,,triangle_alpha
,,,,,,,,,,,,,,,,,,,,,3,,,0,not_enough_blocks,1028,skip,,,,triangle_alpha
,,,,,,,,,,,,,,,,,,,,,3,,,0,not_enough_blocks,1029,skip,,,,triangle_alpha
,,,,,,,,,,,,,,,,,,,,,3,,,0,not_enough_blocks,1030,skip,,,,triangle_alpha
,,,,,,,,,,,,,,,,,,,,,3,,,0,not_enough_blocks,1031,skip,,,,triangle_alpha
,,,,,,,,,,,,,,,,,,,,,3,,,0,not_enough_blocks,1032,skip,,,,triangle_alpha
,,,,,,,,,,,,,,,,,,,,,3,,,0,not_enough_blocks,1033,skip,,,,triangle_alpha
,,,,,,,,,,,,,,,,,,,,,3,,,0,not_enough_blocks,1034,skip,,,,triangle_alpha
,,,,,,,,,,,,,,,,,,,,,3,,,0,not_enough_blocks,1035,skip,,,,triangle_alpha
,,,,,,,,,,,,,,,,,,,,,3,,,0,not_enough_blocks,1036,skip,,,,triangle_alpha
,,,,,,,,,,,,,,,,,,,,,3,,,0,not_enough_blocks,1037,skip,,,,triangle_alpha
,,,,,,,,,,,,,,,,,,,,,3,,,1,not_enough_blocks,1038,skip,,,,triangle_alpha
,,,,,,,,,,,,,,,,,,,,,3,,,0,not_enough_blocks,1039,skip,,,,triangle_alpha
,,,,,,,,,,,,,,,,,,,,,3,,,0,not_enough_blocks,1040,skip,,,,triangle_alpha
,,,,,,,,,,,,,,,,,,,,,3,,,0,not_enough_blocks,1041,skip,,,,triangle_alpha
,,,,,,,,,,,,,,,,,,,,,3,,,0,not_enough_blocks,1042,skip,,,,triangle_alpha
,,,,,,,,,,,,,,,,,,,,,3,,,0,not_enough_blocks,1043,skip,,,,triangle_alpha
,,,,,,,,,,,,,,,,,,,,,3,,,0,not_enough_blocks,1044,skip,,,,triangle_alpha
,,,,,,,,,,,,,,,,,,,,,3,,,1,not_enough_blocks,1045,skip,,,,triangle_alpha
,,,,,,,,,,,,,,,,,,,,,3,,,0,not_enough_blocks,1046,skip,,,,triangle_alpha
,,,,,,,,,,,,,,,,,,,,,3,,,0,not_enough_blocks,1047,skip,,,,triangle_alpha
,,,,,,,,,,,,,,,,,,,,,3,,,0,not_enough_blocks,1048,skip,,,,triangle_alpha
,,,,,,,,,,,,,,,,,,,,,3,,,0,not_enough_blocks,1049,skip,,,,triangle_alpha
,,,,,,,,,,,,,,,,,,,,,3,,,1,not_enough_blocks,1050,skip,,,,triangle_alpha
,,,,,,,,,,,,,,,,,,,,,3,,,0,not_enough_blocks,1051,skip,,,,triangle_alpha
,,,,,,,,,,,,,,,,,,,,,3,,,0,not_enough_blocks,1052,skip,,,,triangle_alpha
,,,,,,,,,,,,,,,,,,,,,3,,,1,not_enough_blocks,1053,skip,,,,triangle_alpha
,,,,,,,,,,,,,,,,,,,,,3,,,0,not_enough_blocks,1054,skip,,,,triangle_alpha
,,,,,,,,,,,,,,,,,,,,,3,,,0,not_enough_blocks,1055,skip,,,,triangle_alpha
,,,,,,,,,,,,,,,,,,,,,3,,,0,not_enough_blocks,1056,skip,,,,triangle_alpha
,,,,,,,,,,,,,,,,,,,,,3,,,0,not_enough_blocks,1057,skip,,,,triangle_alpha
,,,,,,,,,,,,,,,,,,,,,3,,,0,not_enough_blocks,1058,skip,,,,triangle_alpha
,,,,,,,,,,,,,,,,,,,,,3,,,0,not_enough_blocks,1059,skip,,,,triangle_alpha
,,,,,,,,,,,,,,,,,,,,,3,,,1,not_enough_blocks,1060,skip,,,,triangle_alpha
,,,,,,,,,,,,,,,,,,,,,3,,,0,not_enough_blocks,1061,skip,,,,triangle_alpha
,,,,,,,,,,,,,,,,,,,,,3,,,0,not_enough_blocks,1062,skip,,,,triangle_alpha
,,,,,,,,,,,,,,,,,,,,,3,,,1,not_enough_blocks,1063,skip,,,,triangle_alpha
,,,,,,,,,,,,,,,,,,,,,3,,,0,not_enough_blocks,1064,skip,,,,triangle_alpha
,,,,,,,,,,,,,,,,,,,,,3,,,0,not_enough_blocks,1065,skip,,,,triangle_alpha
,,,,,,,,,,,,,,,,,,,,,3,,,0,not_enough_blocks,1066,skip,,,,triangle_alpha
,,,,,,,,,,,,,,,,,,,,,3,,,0,not_enough_blocks,1067,skip,,,,triangle_alpha
,,,,,,,,,,,,,,,,,,,,,3,,,0,not_enough_blocks,1068,skip,,,,triangle_alpha
,,,,,,,,,,,,,,,,,,,,,3,,,0,not_enough_blocks,1069,skip,,,,triangle_alpha
,,,,,,,,,,,,,,,,,,,,,3,,,0,not_enough_blocks,1070,skip,,,,triangle_alpha
,,,,,,,,,,,,,,,,,,,,,3,,,0,not_enough_blocks,1071,skip,,,,triangle_alpha
,,,,,,,,,,,,,,,,,,,,,3,,,0,not_enough_blocks,1072,skip,,,,triangle_alpha
,,,,,,,,,,,,,,,,,,,,,3,,,0,not_enough_blocks,1073,skip,,,,triangle_alpha
,,,,,,,,,,,,,,,,,,,,,3,,,0,not_enough_blocks,1074,skip,,,,triangle_alpha
,,,,,,,,,,,,,,,,,,,,,3,,,0,not_enough_blocks,1075,skip,,,,triangle_alpha
,,,,,,,,,,,,,,,,,,,,,3,,,0,not_enough_blocks,1076,skip,,,,triangle_alpha
,,,,,,,,,,,,,,,,,,,,,3,,,0,not_enough_blocks,1077,skip,,,,triangle_alpha
,,,,,,,,,,,,,,,,,,,,,3,,,0,not_enough_blocks,1078,skip,,,,triangle_alpha
,,,,,,,,,,,,,,,,,,,,,3,,,0,not_enough_blocks,1079,skip,,,,triangle_alpha
,,,,,,,,,,,,,,,,,,,,,3,,,0,not_enough_blocks,1080,skip,,,,triangle_alpha
,,,,,,,,,,,,,,,,,,,,,3,,,0,not_enough_blocks,1081,skip,,,,triangle_alpha
,,,,,,,,,,,,,,,,,,,,,3,,,0,not_enough_blocks,1082,skip,,,,triangle_alpha
,,,,,,,,,,,,,,,,,,,,,3,,,0,not_enough_blocks,1083,skip,,,,triangle_alpha
,,,,,,,,,,,,,,,,,,,,,3,,,0,not_enough_blocks,1084,skip,,,,triangle_alpha
,,,,,,,,,,,,,,,,,,,,,3,,,0,not_enough_blocks,1085,skip,,,,triangle_alpha
,,,,,,,,,,,,,,,,,,,,,3,,,1,not_enough_blocks,1086,skip,,,,triangle_alpha
,,,,,,,,,,,,,,,,,,,,,3,,,0,not_enough_blocks,1087,skip,,,,triangle_alpha
,,,,,,,,,,,,,,,,,,,,,3,,,0,not_enough_blocks,1088,skip,,,,triangle_alpha
,,,,,,,,,,,,,,,,,,,,,3,,,0,not_enough_blocks,1089,skip,,,,triangle_alpha
,,,,,,,,,,,,,,,,,,,,,3,,,0,not_enough_blocks,1090,skip,,,,triangle_alpha
,,,,,,,,,,,,,,,,,,,,,3,,,0,not_enough_blocks,1091,skip,,,,triangle_alpha
,,,,,,,,,,,,,,,,,,,,,3,,,0,not_enough_blocks,1092,skip,,,,triangle_alpha
,,,,,,,,,,,,,,,,,,,,,3,,,0,not_enough_blocks,1093,skip,,,,triangle_alpha
,,,,,,,,,,,,,,,,,,,,,3,,,0,not_enough_blocks,1094,skip,,,,triangle_alpha
,,,,,,,,,,,,,,,,,,,,,3,,,1,not_enough_blocks,1095,skip,,,,triangle_alpha
,,,,,,,,,,,,,,,,,,,,,3,,,0,not_enough_blocks,1096,skip,,,,triangle_alpha
,,,,,,,,,,,,,,,,,,,,,3,,,0,not_enough_blocks,1097,skip,,,,triangle_alpha
,,,,,,,,,,,,,,,,,,,,,3,,,0,not_enough_blocks,1098,skip,,,,triangle_alpha
,,,,,,,,,,,,,,,,,,,,,3,,,0,not_enough_blocks,1099,skip,,,,triangle_alpha
,,,,,,,,,,,,,,,,,,,,,3,,,0,not_enough_blocks,1100,skip,,,,triangle_alpha
,,,,,,,,,,,,,,,,,,,,,3,,,1,not_enough_blocks,1101,skip,,,,triangle_alpha
,,,,,,,,,,,,,,,,,,,,,3,,,1,not_enough_blocks,1102,skip,,,,triangle_alpha
,,,,,,,,,,,,,,,,,,,,,3,,,0,not_enough_blocks,1103,skip,,,,triangle_alpha
,,,,,,,,,,,,,,,,,,,,,3,,,0,not_enough_blocks,1104,skip,,,,triangle_alpha
,,,,,,,,,,,,,,,,,,,,,3,,,0,not_enough_blocks,1105,skip,,,,triangle_alpha
,,,,,,,,,,,,,,,,,,,,,3,,,0,not_enough_blocks,1106,skip,,,,triangle_alpha
,,,,,,,,,,,,,,,,,,,,,3,,,0,not_enough_blocks,1107,skip,,,,triangle_alpha
,,,,,,,,,,,,,,,,,,,,,3,,,0,not_enough_blocks,1108,skip,,,,triangle_alpha
,,,,,,,,,,,,,,,,,,,,,3,,,0,not_enough_blocks,1109,skip,,,,triangle_alpha
,,,,,,,,,,,,,,,,,,,,,3,,,1,not_enough_blocks,1110,skip,,,,triangle_alpha
,,,,,,,,,,,,,,,,,,,,,3,,,0,not_enough_blocks,1111,skip,,,,triangle_alpha
,,,,,,,,,,,,,,,,,,,,,3,,,0,not_enough_blocks,1112,skip,,,,triangle_alpha
,,,,,,,,,,,,,,,,,,,,,3,,,0,not_enough_blocks,1113,skip,,,,triangle_alpha
,,,,,,,,,,,,,,,,,,,,,3,,,0,not_enough_blocks,1114,skip,,,,triangle_alpha
,,,,,,,,,,,,,,,,,,,,,3,,,1,not_enough_blocks,1115,skip,,,,triangle_alpha
,,,,,,,,,,,,,,,,,,,,,3,,,0,not_enough_blocks,1116,skip,,,,triangle_alpha
,,,,,,,,,,,,,,,,,,,,,3,,,0,not_enough_blocks,1117,skip,,,,triangle_alpha
,,,,,,,,,,,,,,,,,,,,,3,,,0,not_enough_blocks,1118,skip,,,,triangle_alpha
,,,,,,,,,,,,,,,,,,,,,3,,,0,not_enough_blocks,1119,skip,,,,triangle_alpha
,,,,,,,,,,,,,,,,,,,,,3,,,0,not_enough_blocks,1120,skip,,,,triangle_alpha
,,,,,,,,,,,,,,,,,,,,,3,,,1,not_enough_blocks,1121,skip,,,,triangle_alpha
,,,,,,,,,,,,,,,,,,,,,3,,,0,not_enough_blocks,1122,skip,,,,triangle_alpha
,,,,,,,,,,,,,,,,,,,,,3,,,1,not_enough_blocks,1123,skip,,,,triangle_alpha
,,,,,,,,,,,,,,,,,,,,,3,,,0,not_enough_blocks,1124,skip,,,,triangle_alpha
,,,,,,,,,,,,,,,,,,,,,3,,,2,not_enough_blocks,1125,skip,,,,triangle_alpha
,,,,,,,,,,,,,,,,,,,,,3,,,0,not_enough_blocks,1126,skip,,,,triangle_alpha
,,,,,,,,,,,,,,,,,,,,,3,,,0,not_enough_blocks,1127,skip,,,,triangle_alpha
,,,,,,,,,,,,,,,,,,,,,3,,,0,not_enough_blocks,1128,skip,,,,triangle_alpha
,,,,,,,,,,,,,,,,,,,,,3,,,0,not_enough_blocks,1129,skip,,,,triangle_alpha
,,,,,,,,,,,,,,,,,,,,,3,,,0,not_enough_blocks,1130,skip,,,,triangle_alpha
,,,,,,,,,,,,,,,,,,,,,3,,,1,not_enough_blocks,1131,skip,,,,triangle_alpha
,,,,,,,,,,,,,,,,,,,,,3,,,0,not_enough_blocks,1132,skip,,,,triangle_alpha
,,,,,,,,,,,,,,,,,,,,,3,,,0,not_enough_blocks,1133,skip,,,,triangle_alpha
,,,,,,,,,,,,,,,,,,,,,3,,,0,not_enough_blocks,1134,skip,,,,triangle_alpha
,,,,,,,,,,,,,,,,,,,,,3,,,1,not_enough_blocks,1135,skip,,,,triangle_alpha
,,,,,,,,,,,,,,,,,,,,,3,,,1,not_enough_blocks,1136,skip,,,,triangle_alpha
,,,,,,,,,,,,,,,,,,,,,3,,,0,not_enough_blocks,1137,skip,,,,triangle_alpha
,,,,,,,,,,,,,,,,,,,,,3,,,0,not_enough_blocks,1138,skip,,,,triangle_alpha
,,,,,,,,,,,,,,,,,,,,,3,,,0,not_enough_blocks,1139,skip,,,,triangle_alpha
,,,,,,,,,,,,,,,,,,,,,3,,,0,not_enough_blocks,1140,skip,,,,triangle_alpha
,,,,,,,,,,,,,,,,,,,,,3,,,0,not_enough_blocks,1141,skip,,,,triangle_alpha
,,,,,,,,,,,,,,,,,,,,,3,,,1,not_enough_blocks,1142,skip,,,,triangle_alpha
,,,,,,,,,,,,,,,,,,,,,3,,,1,not_enough_blocks,1143,skip,,,,triangle_alpha
,,,,,,,,,,,,,,,,,,,,,3,,,0,not_enough_blocks,1144,skip,,,,triangle_alpha
,,,,,,,,,,,,,,,,,,,,,3,,,0,not_enough_blocks,1145,skip,,,,triangle_alpha
,,,,,,,,,,,,,,,,,,,,,3,,,0,not_enough_blocks,1146,skip,,,,triangle_alpha
,,,,,,,,,,,,,,,,,,,,,3,,,0,not_enough_blocks,1147,skip,,,,triangle_alpha
,,,,,,,,,,,,,,,,,,,,,3,,,0,not_enough_blocks,1148,skip,,,,triangle_alpha
,,,,,,,,,,,,,,,,,,,,,3,,,0,not_enough_blocks,1149,skip,,,,triangle_alpha
,,,,,,,,,,,,,,,,,,,,,3,,,0,not_enough_blocks,1150,skip,,,,triangle_alpha
,,,,,,,,,,,,,,,,,,,,,3,,,0,not_enough_blocks,1151,skip,,,,triangle_alpha
,,,,,,,,,,,,,,,,,,,,,3,,,0,not_enough_blocks,1152,skip,,,,triangle_alpha
,,,,,,,,,,,,,,,,,,,,,3,,,0,not_enough_blocks,1153,skip,,,,triangle_alpha
,,,,,,,,,,,,,,,,,,,,,3,,,0,not_enough_blocks,1154,skip,,,,triangle_alpha
,,,,,,,,,,,,,,,,,,,,,3,,,0,not_enough_blocks,1155,skip,,,,triangle_alpha
,,,,,,,,,,,,,,,,,,,,,3,,,0,not_enough_blocks,1156,skip,,,,triangle_alpha
,,,,,,,,,,,,,,,,,,,,,3,,,0,not_enough_blocks,1157,skip,,,,triangle_alpha
,,,,,,,,,,,,,,,,,,,,,3,,,0,not_enough_blocks,1158,skip,,,,triangle_alpha
,,,,,,,,,,,,,,,,,,,,,3,,,0,not_enough_blocks,1159,skip,,,,triangle_alpha
,,,,,,,,,,,,,,,,,,,,,3,,,0,not_enough_blocks,1160,skip,,,,triangle_alpha
,,,,,,,,,,,,,,,,,,,,,3,,,1,not_enough_blocks,1161,skip,,,,triangle_alpha
,,,,,,,,,,,,,,,,,,,,,3,,,0,not_enough_blocks,1162,skip,,,,triangle_alpha
,,,,,,,,,,,,,,,,,,,,,3,,,0,not_enough_blocks,1163,skip,,,,triangle_alpha
,,,,,,,,,,,,,,,,,,,,,3,,,0,not_enough_blocks,1164,skip,,,,triangle_alpha
,,,,,,,,,,,,,,,,,,,,,3,,,1,not_enough_blocks,1165,skip,,,,triangle_alpha
,,,,,,,,,,,,,,,,,,,,,3,,,0,not_enough_blocks,1166,skip,,,,triangle_alpha
,,,,,,,,,,,,,,,,,,,,,3,,,0,not_enough_blocks,1167,skip,,,,triangle_alpha
,,,,,,,,,,,,,,,,,,,,,3,,,0,not_enough_blocks,1168,skip,,,,triangle_alpha
,,,,,,,,,,,,,,,,,,,,,3,,,0,not_enough_blocks,1169,skip,,,,triangle_alpha
,,,,,,,,,,,,,,,,,,,,,3,,,0,not_enough_blocks,1170,skip,,,,triangle_alpha
,,,,,,,,,,,,,,,,,,,,,3,,,0,not_enough_blocks,1171,skip,,,,triangle_alpha
,,,,,,,,,,,,,,,,,,,,,3,,,1,not_enough_blocks,1172,skip,,,,triangle_alpha
,,,,,,,,,,,,,,,,,,,,,3,,,1,not_enough_blocks,1173,skip,,,,triangle_alpha
,,,,,,,,,,,,,,,,,,,,,3,,,1,not_enough_blocks,1174,skip,,,,triangle_alpha
,,,,,,,,,,,,,,,,,,,,,3,,,1,not_enough_blocks,1175,skip,,,,triangle_alpha
,,,,,,,,,,,,,,,,,,,,,3,,,1,not_enough_blocks,1176,skip,,,,triangle_alpha
,,,,,,,,,,,,,,,,,,,,,3,,,1,not_enough_blocks,1177,skip,,,,triangle_alpha
,,,,,,,,,,,,,,,,,,,,,3,,,0,not_enough_blocks,1178,skip,,,,triangle_alpha
,,,,,,,,,,,,,,,,,,,,,3,,,0,not_enough_blocks,1179,skip,,,,triangle_alpha
,,,,,,,,,,,,,,,,,,,,,3,,,1,not_enough_blocks,1180,skip,,,,triangle_alpha
,,,,,,,,,,,,,,,,,,,,,3,,,0,not_enough_blocks,1181,skip,,,,triangle_alpha
,,,,,,,,,,,,,,,,,,,,,3,,,0,not_enough_blocks,1182,skip,,,,triangle_alpha
,,,,,,,,,,,,,,,,,,,,,3,,,0,not_enough_blocks,1183,skip,,,,triangle_alpha
,,,,,,,,,,,,,,,,,,,,,3,,,0,not_enough_blocks,1184,skip,,,,triangle_alpha
,,,,,,,,,,,,,,,,,,,,,3,,,0,not_enough_blocks,1185,skip,,,,triangle_alpha
,,,,,,,,,,,,,,,,,,,,,3,,,0,not_enough_blocks,1186,skip,,,,triangle_alpha
,,,,,,,,,,,,,,,,,,,,,3,,,0,not_enough_blocks,1187,skip,,,,triangle_alpha
,,,,,,,,,,,,,,,,,,,,,3,,,1,not_enough_blocks,1188,skip,,,,triangle_alpha
,,,,,,,,,,,,,,,,,,,,,3,,,0,not_enough_blocks,1189,skip,,,,triangle_alpha
,,,,,,,,,,,,,,,,,,,,,3,,,0,not_enough_blocks,1190,skip,,,,triangle_alpha
,,,,,,,,,,,,,,,,,,,,,3,,,0,not_enough_blocks,1191,skip,,,,triangle_alpha
,,,,,,,,,,,,,,,,,,,,,3,,,0,not_enough_blocks,1192,skip,,,,triangle_alpha
,,,,,,,,,,,,,,,,,,,,,3,,,1,not_enough_blocks,1193,skip,,,,triangle_alpha
,,,,,,,,,,,,,,,,,,,,,3,,,0,not_enough_blocks,1194,skip,,,,triangle_alpha
,,,,,,,,,,,,,,,,,,,,,3,,,0,not_enough_blocks,1195,skip,,,,triangle_alpha
,,,,,,,,,,,,,,,,,,,,,3,,,0,not_enough_blocks,1196,skip,,,,triangle_alpha
,,,,,,,,,,,,,,,,,,,,,3,,,0,not_enough_blocks,1197,skip,,,,triangle_alpha
,,,,,,,,,,,,,,,,,,,,,3,,,0,not_enough_blocks,1198,skip,,,,triangle_alpha
,,,,,,,,,,,,,,,,,,,,,3,,,0,not_enough_blocks,1199,skip,,,,triangle_alpha
,,,,,,,,,,,,,,,,,,,,,3,,,0,not_enough_blocks,1200,skip,,,,triangle_alpha
,,,,,,,,,,,,,,,,,,,,,3,,,0,not_enough_blocks,1201,skip,,,,triangle_alpha
,,,,,,,,,,,,,,,,,,,,,3,,,0,not_enough_blocks,1202,skip,,,,triangle_alpha
,,,,,,,,,,,,,,,,,,,,,3,,,0,not_enough_blocks,1203,skip,,,,triangle_alpha
,,,,,,,,,,,,,,,,,,,,,3,,,0,not_enough_blocks,1204,skip,,,,triangle_alpha
,,,,,,,,,,,,,,,,,,,,,3,,,1,not_enough_blocks,1205,skip,,,,triangle_alpha
,,,,,,,,,,,,,,,,,,,,,3,,,1,not_enough_blocks,1206,skip,,,,triangle_alpha
,,,,,,,,,,,,,,,,,,,,,3,,,0,not_enough_blocks,1207,skip,,,,triangle_alpha
,,,,,,,,,,,,,,,,,,,,,3,,,1,not_enough_blocks,1208,skip,,,,triangle_alpha
,,,,,,,,,,,,,,,,,,,,,3,,,1,not_enough_blocks,1209,skip,,,,triangle_alpha
,,,,,,,,,,,,,,,,,,,,,3,,,0,not_enough_blocks,1210,skip,,,,triangle_alpha
,,,,,,,,,,,,,,,,,,,,,3,,,0,not_enough_blocks,1211,skip,,,,triangle_alpha
,,,,,,,,,,,,,,,,,,,,,3,,,0,not_enough_blocks,1212,skip,,,,triangle_alpha
,,,,,,,,,,,,,,,,,,,,,3,,,0,not_enough_blocks,1213,skip,,,,triangle_alpha
,,,,,,,,,,,,,,,,,,,,,3,,,0,not_enough_blocks,1214,skip,,,,triangle_alpha
,,,,,,,,,,,,,,,,,,,,,3,,,0,not_enough_blocks,1215,skip,,,,triangle_alpha
,,,,,,,,,,,,,,,,,,,,,3,,,0,not_enough_blocks,1216,skip,,,,triangle_alpha
,,,,,,,,,,,,,,,,,,,,,3,,,0,not_enough_blocks,1217,skip,,,,triangle_alpha
,,,,,,,,,,,,,,,,,,,,,3,,,0,not_enough_blocks,1218,skip,,,,triangle_alpha
,,,,,,,,,,,,,,,,,,,,,3,,,0,not_enough_blocks,1219,skip,,,,triangle_alpha
,,,,,,,,,,,,,,,,,,,,,3,,,0,not_enough_blocks,1220,skip,,,,triangle_alpha
,,,,,,,,,,,,,,,,,,,,,3,,,0,not_enough_blocks,1221,skip,,,,triangle_alpha
,,,,,,,,,,,,,,,,,,,,,3,,,1,not_enough_blocks,1222,skip,,,,triangle_alpha
,,,,,,,,,,,,,,,,,,,,,3,,,0,not_enough_blocks,1223,skip,,,,triangle_alpha
,,,,,,,,,,,,,,,,,,,,,3,,,0,not_enough_blocks,1224,skip,,,,triangle_alpha
,,,,,,,,,,,,,,,,,,,,,3,,,1,not_enough_blocks,1225,skip,,,,triangle_alpha
,,,,,,,,,,,,,,,,,,,,,3,,,0,not_enough_blocks,1226,skip,,,,triangle_alpha
,,,,,,,,,,,,,,,,,,,,,3,,,0,not_enough_blocks,1227,skip,,,,triangle_alpha
,,,,,,,,,,,,,,,,,,,,,3,,,0,not_enough_blocks,1228,skip,,,,triangle_alpha
,,,,,,,,,,,,,,,,,,,,,3,,,0,not_enough_blocks,1229,skip,,,,triangle_alpha
,,,,,,,,,,,,,,,,,,,,,3,,,0,not_enough_blocks,1230,skip,,,,triangle_alpha
,,,,,,,,,,,,,,,,,,,,,3,,,0,not_enough_blocks,1231,skip,,,,triangle_alpha
,,,,,,,,,,,,,,,,,,,,,3,,,0,not_enough_blocks,1232,skip,,,,triangle_alpha
,,,,,,,,,,,,,,,,,,,,,3,,,0,not_enough_blocks,1233,skip,,,,triangle_alpha
,,,,,,,,,,,,,,,,,,,,,3,,,0,not_enough_blocks,1234,skip,,,,triangle_alpha
,,,,,,,,,,,,,,,,,,,,,3,,,0,not_enough_blocks,1235,skip,,,,triangle_alpha
,,,,,,,,,,,,,,,,,,,,,3,,,0,not_enough_blocks,1236,skip,,,,triangle_alpha
,,,,,,,,,,,,,,,,,,,,,3,,,0,not_enough_blocks,1237,skip,,,,triangle_alpha
,,,,,,,,,,,,,,,,,,,,,3,,,0,not_enough_blocks,1238,skip,,,,triangle_alpha
,,,,,,,,,,,,,,,,,,,,,3,,,0,not_enough_blocks,1239,skip,,,,triangle_alpha
,,,,,,,,,,,,,,,,,,,,,3,,,0,not_enough_blocks,1240,skip,,,,triangle_alpha
,,,,,,,,,,,,,,,,,,,,,3,,,0,not_enough_blocks,1241,skip,,,,triangle_alpha
,,,,,,,,,,,,,,,,,,,,,3,,,0,not_enough_blocks,1242,skip,,,,triangle_alpha
,,,,,,,,,,,,,,,,,,,,,3,,,0,not_enough_blocks,1243,skip,,,,triangle_alpha
,,,,,,,,,,,,,,,,,,,,,3,,,0,not_enough_blocks,1244,skip,,,,triangle_alpha
,,,,,,,,,,,,,,,,,,,,,3,,,0,not_enough_blocks,1245,skip,,,,triangle_alpha
,,,,,,,,,,,,,,,,,,,,,3,,,0,not_enough_blocks,1246,skip,,,,triangle_alpha
,,,,,,,,,,,,,,,,,,,,,3,,,0,not_enough_blocks,1247,skip,,,,triangle_alpha
,,,,,,,,,,,,,,,,,,,,,3,,,1,not_enough_blocks,1248,skip,,,,triangle_alpha
,,,,,,,,,,,,,,,,,,,,,3,,,0,not_enough_blocks,1249,skip,,,,triangle_alpha
,,,,,,,,,,,,,,,,,,,,,3,,,0,not_enough_blocks,1250,skip,,,,triangle_alpha
,,,,,,,,,,,,,,,,,,,,,3,,,0,not_enough_blocks,1251,skip,,,,triangle_alpha
,,,,,,,,,,,,,,,,,,,,,3,,,0,not_enough_blocks,1252,skip,,,,triangle_alpha
,,,,,,,,,,,,,,,,,,,,,3,,,0,not_enough_blocks,1253,skip,,,,triangle_alpha
,,,,,,,,,,,,,,,,,,,,,3,,,0,not_enough_blocks,1254,skip,,,,triangle_alpha
,,,,,,,,,,,,,,,,,,,,,3,,,0,not_enough_blocks,1255,skip,,,,triangle_alpha
,,,,,,,,,,,,,,,,,,,,,3,,,0,not_enough_blocks,1256,skip,,,,triangle_alpha
,,,,,,,,,,,,,,,,,,,,,3,,,0,not_enough_blocks,1257,skip,,,,triangle_alpha
,,,,,,,,,,,,,,,,,,,,,3,,,1,not_enough_blocks,1258,skip,,,,triangle_alpha
,,,,,,,,,,,,,,,,,,,,,3,,,0,not_enough_blocks,1259,skip,,,,triangle_alpha
,,,,,,,,,,,,,,,,,,,,,3,,,0,not_enough_blocks,1260,skip,,,,triangle_alpha
,,,,,,,,,,,,,,,,,,,,,3,,,0,not_enough_blocks,1261,skip,,,,triangle_alpha
,,,,,,,,,,,,,,,,,,,,,3,,,1,not_enough_blocks,1262,skip,,,,triangle_alpha
,,,,,,,,,,,,,,,,,,,,,3,,,1,not_enough_blocks,1263,skip,,,,triangle_alpha
,,,,,,,,,,,,,,,,,,,,,3,,,0,not_enough_blocks,1264,skip,,,,triangle_alpha
,,,,,,,,,,,,,,,,,,,,,3,,,0,not_enough_blocks,1265,skip,,,,triangle_alpha
,,,,,,,,,,,,,,,,,,,,,3,,,0,not_enough_blocks,1266,skip,,,,triangle_alpha
,,,,,,,,,,,,,,,,,,,,,3,,,1,not_enough_blocks,1267,skip,,,,triangle_alpha
,,,,,,,,,,,,,,,,,,,,,3,,,0,not_enough_blocks,1268,skip,,,,triangle_alpha
,,,,,,,,,,,,,,,,,,,,,3,,,0,not_enough_blocks,1269,skip,,,,triangle_alpha
,,,,,,,,,,,,,,,,,,,,,3,,,2,not_enough_blocks,1270,skip,,,,triangle_alpha
,,,,,,,,,,,,,,,,,,,,,3,,,0,not_enough_blocks,1271,skip,,,,triangle_alpha
,,,,,,,,,,,,,,,,,,,,,3,,,0,not_enough_blocks,1272,skip,,,,triangle_alpha
,,,,,,,,,,,,,,,,,,,,,3,,,0,not_enough_blocks,1273,skip,,,,triangle_alpha
,,,,,,,,,,,,,,,,,,,,,3,,,1,not_enough_blocks,1274,skip,,,,triangle_alpha
,,,,,,,,,,,,,,,,,,,,,3,,,0,not_enough_blocks,1275,skip,,,,triangle_alpha
,,,,,,,,,,,,,,,,,,,,,3,,,0,not_enough_blocks,1276,skip,,,,triangle_alpha
,,,,,,,,,,,,,,,,,,,,,3,,,0,not_enough_blocks,1277,skip,,,,triangle_alpha
,,,,,,,,,,,,,,,,,,,,,3,,,0,not_enough_blocks,1278,skip,,,,triangle_alpha
,,,,,,,,,,,,,,,,,,,,,3,,,0,not_enough_blocks,1279,skip,,,,triangle_alpha
,,,,,,,,,,,,,,,,,,,,,3,,,0,not_enough_blocks,1280,skip,,,,triangle_alpha
,,,,,,,,,,,,,,,,,,,,,3,,,0,not_enough_blocks,1281,skip,,,,triangle_alpha
,,,,,,,,,,,,,,,,,,,,,3,,,0,not_enough_blocks,1282,skip,,,,triangle_alpha
,,,,,,,,,,,,,,,,,,,,,3,,,1,not_enough_blocks,1283,skip,,,,triangle_alpha
,,,,,,,,,,,,,,,,,,,,,3,,,0,not_enough_blocks,1284,skip,,,,triangle_alpha
,,,,,,,,,,,,,,,,,,,,,3,,,0,not_enough_blocks,1285,skip,,,,triangle_alpha
,,,,,,,,,,,,,,,,,,,,,3,,,0,not_enough_blocks,1286,skip,,,,triangle_alpha
,,,,,,,,,,,,,,,,,,,,,3,,,0,not_enough_blocks,1287,skip,,,,triangle_alpha
,,,,,,,,,,,,,,,,,,,,,3,,,1,not_enough_blocks,1288,skip,,,,triangle_alpha
,,,,,,,,,,,,,,,,,,,,,3,,,0,not_enough_blocks,1289,skip,,,,triangle_alpha
,,,,,,,,,,,,,,,,,,,,,3,,,0,not_enough_blocks,1290,skip,,,,triangle_alpha
,,,,,,,,,,,,,,,,,,,,,3,,,0,not_enough_blocks,1291,skip,,,,triangle_alpha
,,,,,,,,,,,,,,,,,,,,,3,,,0,not_enough_blocks,1292,skip,,,,triangle_alpha
,,,,,,,,,,,,,,,,,,,,,3,,,0,not_enough_blocks,1293,skip,,,,triangle_alpha
,,,,,,,,,,,,,,,,,,,,,3,,,0,not_enough_blocks,1294,skip,,,,triangle_alpha
,,,,,,,,,,,,,,,,,,,,,3,,,0,not_enough_blocks,1295,skip,,,,triangle_alpha
,,,,,,,,,,,,,,,,,,,,,3,,,0,not_enough_blocks,1296,skip,,,,triangle_alpha
,,,,,,,,,,,,,,,,,,,,,3,,,0,not_enough_blocks,1297,skip,,,,triangle_alpha
,,,,,,,,,,,,,,,,,,,,,3,,,1,not_enough_blocks,1298,skip,,,,triangle_alpha
,,,,,,,,,,,,,,,,,,,,,3,,,0,not_enough_blocks,1299,skip,,,,triangle_alpha
,,,,,,,,,,,,,,,,,,,,,3,,,0,not_enough_blocks,1300,skip,,,,triangle_alpha
,,,,,,,,,,,,,,,,,,,,,3,,,0,not_enough_blocks,1301,skip,,,,triangle_alpha
,,,,,,,,,,,,,,,,,,,,,3,,,0,not_enough_blocks,1302,skip,,,,triangle_alpha
,,,,,,,,,,,,,,,,,,,,,3,,,0,not_enough_blocks,1303,skip,,,,triangle_alpha
,,,,,,,,,,,,,,,,,,,,,3,,,0,not_enough_blocks,1304,skip,,,,triangle_alpha
,,,,,,,,,,,,,,,,,,,,,3,,,0,not_enough_blocks,1305,skip,,,,triangle_alpha
,,,,,,,,,,,,,,,,,,,,,3,,,1,not_enough_blocks,1306,skip,,,,triangle_alpha
,,,,,,,,,,,,,,,,,,,,,3,,,0,not_enough_blocks,1307,skip,,,,triangle_alpha
,,,,,,,,,,,,,,,,,,,,,3,,,0,not_enough_blocks,1308,skip,,,,triangle_alpha
,,,,,,,,,,,,,,,,,,,,,3,,,1,not_enough_blocks,1309,skip,,,,triangle_alpha
,,,,,,,,,,,,,,,,,,,,,3,,,0,not_enough_blocks,1310,skip,,,,triangle_alpha
,,,,,,,,,,,,,,,,,,,,,3,,,0,not_enough_blocks,1311,skip,,,,triangle_alpha
,,,,,,,,,,,,,,,,,,,,,3,,,0,not_enough_blocks,1312,skip,,,,triangle_alpha
,,,,,,,,,,,,,,,,,,,,,3,,,0,not_enough_blocks,1313,skip,,,,triangle_alpha
,,,,,,,,,,,,,,,,,,,,,3,,,0,not_enough_blocks,1314,skip,,,,triangle_alpha
,,,,,,,,,,,,,,,,,,,,,3,,,0,not_enough_blocks,1315,skip,,,,triangle_alpha
,,,,,,,,,,,,,,,,,,,,,3,,,0,not_enough_blocks,1316,skip,,,,triangle_alpha
,,,,,,,,,,,,,,,,,,,,,3,,,0,not_enough_blocks,1317,skip,,,,triangle_alpha
,,,,,,,,,,,,,,,,,,,,,3,,,0,not_enough_blocks,1318,skip,,,,triangle_alpha
,,,,,,,,,,,,,,,,,,,,,3,,,0,not_enough_blocks,1319,skip,,,,triangle_alpha
,,,,,,,,,,,,,,,,,,,,,3,,,0,not_enough_blocks,1320,skip,,,,triangle_alpha
,,,,,,,,,,,,,,,,,,,,,3,,,0,not_enough_blocks,1321,skip,,,,triangle_alpha
,,,,,,,,,,,,,,,,,,,,,3,,,0,not_enough_blocks,1322,skip,,,,triangle_alpha
,,,,,,,,,,,,,,,,,,,,,3,,,0,not_enough_blocks,1323,skip,,,,triangle_alpha
,,,,,,,,,,,,,,,,,,,,,3,,,2,not_enough_blocks,1324,skip,,,,triangle_alpha
,,,,,,,,,,,,,,,,,,,,,3,,,0,not_enough_blocks,1325,skip,,,,triangle_alpha
,,,,,,,,,,,,,,,,,,,,,3,,,0,not_enough_blocks,1326,skip,,,,triangle_alpha
,,,,,,,,,,,,,,,,,,,,,3,,,1,not_enough_blocks,1327,skip,,,,triangle_alpha
,,,,,,,,,,,,,,,,,,,,,3,,,0,not_enough_blocks,1328,skip,,,,triangle_alpha
,,,,,,,,,,,,,,,,,,,,,3,,,0,not_enough_blocks,1329,skip,,,,triangle_alpha
,,,,,,,,,,,,,,,,,,,,,3,,,1,not_enough_blocks,1330,skip,,,,triangle_alpha
,,,,,,,,,,,,,,,,,,,,,3,,,0,not_enough_blocks,1331,skip,,,,triangle_alpha
,,,,,,,,,,,,,,,,,,,,,3,,,0,not_enough_blocks,1332,skip,,,,triangle_alpha
,,,,,,,,,,,,,,,,,,,,,3,,,0,not_enough_blocks,1333,skip,,,,triangle_alpha
,,,,,,,,,,,,,,,,,,,,,3,,,0,not_enough_blocks,1334,skip,,,,triangle_alpha
,,,,,,,,,,,,,,,,,,,,,3,,,0,not_enough_blocks,1335,skip,,,,triangle_alpha
,,,,,,,,,,,,,,,,,,,,,3,,,0,not_enough_blocks,1336,skip,,,,triangle_alpha
,,,,,,,,,,,,,,,,,,,,,3,,,0,not_enough_blocks,1337,skip,,,,triangle_alpha
,,,,,,,,,,,,,,,,,,,,,3,,,0,not_enough_blocks,1338,skip,,,,triangle_alpha
,,,,,,,,,,,,,,,,,,,,,3,,,0,not_enough_blocks,1339,skip,,,,triangle_alpha
,,,,,,,,,,,,,,,,,,,,,3,,,1,not_enough_blocks,1340,skip,,,,triangle_alpha
,,,,,,,,,,,,,,,,,,,,,3,,,0,not_enough_blocks,1341,skip,,,,triangle_alpha
,,,,,,,,,,,,,,,,,,,,,3,,,0,not_enough_blocks,1342,skip,,,,triangle_alpha
,,,,,,,,,,,,,,,,,,,,,3,,,0,not_enough_blocks,1343,skip,,,,triangle_alpha
,,,,,,,,,,,,,,,,,,,,,3,,,0,not_enough_blocks,1344,skip,,,,triangle_alpha
,,,,,,,,,,,,,,,,,,,,,3,,,0,not_enough_blocks,1345,skip,,,,triangle_alpha
,,,,,,,,,,,,,,,,,,,,,3,,,0,not_enough_blocks,1346,skip,,,,triangle_alpha
,,,,,,,,,,,,,,,,,,,,,3,,,0,not_enough_blocks,1347,skip,,,,triangle_alpha
,,,,,,,,,,,,,,,,,,,,,3,,,0,not_enough_blocks,1348,skip,,,,triangle_alpha
,,,,,,,,,,,,,,,,,,,,,3,,,1,not_enough_blocks,1349,skip,,,,triangle_alpha
,,,,,,,,,,,,,,,,,,,,,3,,,0,not_enough_blocks,1350,skip,,,,triangle_alpha
,,,,,,,,,,,,,,,,,,,,,3,,,0,not_enough_blocks,1351,skip,,,,triangle_alpha
,,,,,,,,,,,,,,,,,,,,,3,,,0,not_enough_blocks,1352,skip,,,,triangle_alpha
,,,,,,,,,,,,,,,,,,,,,3,,,0,not_enough_blocks,1353,skip,,,,triangle_alpha
,,,,,,,,,,,,,,,,,,,,,3,,,0,not_enough_blocks,1354,skip,,,,triangle_alpha
,,,,,,,,,,,,,,,,,,,,,3,,,0,not_enough_blocks,1355,skip,,,,triangle_alpha
,,,,,,,,,,,,,,,,,,,,,3,,,0,not_enough_blocks,1356,skip,,,,triangle_alpha
,,,,,,,,,,,,,,,,,,,,,3,,,0,not_enough_blocks,1357,skip,,,,triangle_alpha
,,,,,,,,,,,,,,,,,,,,,3,,,0,not_enough_blocks,1358,skip,,,,triangle_alpha
,,,,,,,,,,,,,,,,,,,,,3,,,0,not_enough_blocks,1359,skip,,,,triangle_alpha
,,,,,,,,,,,,,,,,,,,,,3,,,0,not_enough_blocks,1360,skip,,,,triangle_alpha
,,,,,,,,,,,,,,,,,,,,,3,,,0,not_enough_blocks,1361,skip,,,,triangle_alpha
,,,,,,,,,,,,,,,,,,,,,3,,,0,not_enough_blocks,1362,skip,,,,triangle_alpha
,,,,,,,,,,,,,,,,,,,,,3,,,0,not_enough_blocks,1363,skip,,,,triangle_alpha
,,,,,,,,,,,,,,,,,,,,,3,,,0,not_enough_blocks,1364,skip,,,,triangle_alpha
,,,,,,,,,,,,,,,,,,,,,3,,,0,not_enough_blocks,1365,skip,,,,triangle_alpha
,,,,,,,,,,,,,,,,,,,,,3,,,0,not_enough_blocks,1366,skip,,,,triangle_alpha
,,,,,,,,,,,,,,,,,,,,,3,,,0,not_enough_blocks,1367,skip,,,,triangle_alpha
,,,,,,,,,,,,,,,,,,,,,3,,,0,not_enough_blocks,1368,skip,,,,triangle_alpha
,,,,,,,,,,,,,,,,,,,,,3,,,0,not_enough_blocks,1369,skip,,,,triangle_alpha
,,,,,,,,,,,,,,,,,,,,,3,,,0,not_enough_blocks,1370,skip,,,,triangle_alpha
,,,,,,,,,,,,,,,,,,,,,3,,,0,not_enough_blocks,1371,skip,,,,triangle_alpha
,,,,,,,,,,,,,,,,,,,,,3,,,0,not_enough_blocks,1372,skip,,,,triangle_alpha
,,,,,,,,,,,,,,,,,,,,,3,,,1,not_enough_blocks,1373,skip,,,,triangle_alpha
,,,,,,,,,,,,,,,,,,,,,3,,,0,not_enough_blocks,1374,skip,,,,triangle_alpha
,,,,,,,,,,,,,,,,,,,,,3,,,0,not_enough_blocks,1375,skip,,,,triangle_alpha
,,,,,,,,,,,,,,,,,,,,,3,,,0,not_enough_blocks,1376,skip,,,,triangle_alpha
,,,,,,,,,,,,,,,,,,,,,3,,,0,not_enough_blocks,1377,skip,,,,triangle_alpha
,,,,,,,,,,,,,,,,,,,,,3,,,0,not_enough_blocks,1378,skip,,,,triangle_alpha
,,,,,,,,,,,,,,,,,,,,,3,,,1,not_enough_blocks,1379,skip,,,,triangle_alpha
,,,,,,,,,,,,,,,,,,,,,3,,,0,not_enough_blocks,1380,skip,,,,triangle_alpha
,,,,,,,,,,,,,,,,,,,,,3,,,1,not_enough_blocks,1381,skip,,,,triangle_alpha
,,,,,,,,,,,,,,,,,,,,,3,,,0,not_enough_blocks,1382,skip,,,,triangle_alpha
,,,,,,,,,,,,,,,,,,,,,3,,,1,not_enough_blocks,1383,skip,,,,triangle_alpha
,,,,,,,,,,,,,,,,,,,,,3,,,0,not_enough_blocks,1384,skip,,,,triangle_alpha
,,,,,,,,,,,,,,,,,,,,,3,,,0,not_enough_blocks,1385,skip,,,,triangle_alpha
,,,,,,,,,,,,,,,,,,,,,3,,,0,not_enough_blocks,1386,skip,,,,triangle_alpha
,,,,,,,,,,,,,,,,,,,,,3,,,1,not_enough_blocks,1387,skip,,,,triangle_alpha
,,,,,,,,,,,,,,,,,,,,,3,,,0,not_enough_blocks,1388,skip,,,,triangle_alpha
,,,,,,,,,,,,,,,,,,,,,3,,,0,not_enough_blocks,1389,skip,,,,triangle_alpha
,,,,,,,,,,,,,,,,,,,,,3,,,1,not_enough_blocks,1390,skip,,,,triangle_alpha
,,,,,,,,,,,,,,,,,,,,,3,,,1,not_enough_blocks,1391,skip,,,,triangle_alpha
,,,,,,,,,,,,,,,,,,,,,3,,,1,not_enough_blocks,1392,skip,,,,triangle_alpha
,,,,,,,,,,,,,,,,,,,,,3,,,0,not_enough_blocks,1393,skip,,,,triangle_alpha
,,,,,,,,,,,,,,,,,,,,,3,,,0,not_enough_blocks,1394,skip,,,,triangle_alpha
,,,,,,,,,,,,,,,,,,,,,3,,,0,not_enough_blocks,1395,skip,,,,triangle_alpha
,,,,,,,,,,,,,,,,,,,,,3,,,0,not_enough_blocks,1396,skip,,,,triangle_alpha
,,,,,,,,,,,,,,,,,,,,,3,,,0,not_enough_blocks,1397,skip,,,,triangle_alpha
,,,,,,,,,,,,,,,,,,,,,3,,,0,not_enough_blocks,1398,skip,,,,triangle_alpha
,,,,,,,,,,,,,,,,,,,,,3,,,0,not_enough_blocks,1399,skip,,,,triangle_alpha
,,,,,,,,,,,,,,,,,,,,,3,,,0,not_enough_blocks,1400,skip,,,,triangle_alpha
,,,,,,,,,,,,,,,,,,,,,3,,,0,not_enough_blocks,1401,skip,,,,triangle_alpha
,,,,,,,,,,,,,,,,,,,,,3,,,0,not_enough_blocks,1402,skip,,,,triangle_alpha
,,,,,,,,,,,,,,,,,,,,,3,,,0,not_enough_blocks,1403,skip,,,,triangle_alpha
,,,,,,,,,,,,,,,,,,,,,3,,,0,not_enough_blocks,1404,skip,,,,triangle_alpha
,,,,,,,,,,,,,,,,,,,,,3,,,0,not_enough_blocks,1405,skip,,,,triangle_alpha
,,,,,,,,,,,,,,,,,,,,,3,,,0,not_enough_blocks,1406,skip,,,,triangle_alpha
,,,,,,,,,,,,,,,,,,,,,3,,,0,not_enough_blocks,1407,skip,,,,triangle_alpha
,,,,,,,,,,,,,,,,,,,,,3,,,0,not_enough_blocks,1408,skip,,,,triangle_alpha
,,,,,,,,,,,,,,,,,,,,,3,,,0,not_enough_blocks,1409,skip,,,,triangle_alpha
,,,,,,,,,,,,,,,,,,,,,3,,,0,not_enough_blocks,1410,skip,,,,triangle_alpha
,,,,,,,,,,,,,,,,,,,,,3,,,0,not_enough_blocks,1411,skip,,,,triangle_alpha
,,,,,,,,,,,,,,,,,,,,,3,,,2,not_enough_blocks,1412,skip,,,,triangle_alpha
,,,,,,,,,,,,,,,,,,,,,3,,,0,not_enough_blocks,1413,skip,,,,triangle_alpha
,,,,,,,,,,,,,,,,,,,,,3,,,1,not_enough_blocks,1414,skip,,,,triangle_alpha
,,,,,,,,,,,,,,,,,,,,,3,,,0,not_enough_blocks,1415,skip,,,,triangle_alpha
,,,,,,,,,,,,,,,,,,,,,3,,,1,not_enough_blocks,1416,skip,,,,triangle_alpha
,,,,,,,,,,,,,,,,,,,,,3,,,0,not_enough_blocks,1417,skip,,,,triangle_alpha
,,,,,,,,,,,,,,,,,,,,,3,,,0,not_enough_blocks,1418,skip,,,,triangle_alpha
,,,,,,,,,,,,,,,,,,,,,3,,,0,not_enough_blocks,1419,skip,,,,triangle_alpha
,,,,,,,,,,,,,,,,,,,,,3,,,0,not_enough_blocks,1420,skip,,,,triangle_alpha
,,,,,,,,,,,,,,,,,,,,,3,,,0,not_enough_blocks,1421,skip,,,,triangle_alpha
,,,,,,,,,,,,,,,,,,,,,3,,,0,not_enough_blocks,1422,skip,,,,triangle_alpha
,,,,,,,,,,,,,,,,,,,,,3,,,0,not_enough_blocks,1423,skip,,,,triangle_alpha
,,,,,,,,,,,,,,,,,,,,,3,,,1,not_enough_blocks,1424,skip,,,,triangle_alpha
,,,,,,,,,,,,,,,,,,,,,3,,,0,not_enough_blocks,1425,skip,,,,triangle_alpha
,,,,,,,,,,,,,,,,,,,,,3,,,0,not_enough_blocks,1426,skip,,,,triangle_alpha
,,,,,,,,,,,,,,,,,,,,,3,,,0,not_enough_blocks,1427,skip,,,,triangle_alpha
,,,,,,,,,,,,,,,,,,,,,3,,,0,not_enough_blocks,1428,skip,,,,triangle_alpha
,,,,,,,,,,,,,,,,,,,,,3,,,0,not_enough_blocks,1429,skip,,,,triangle_alpha
,,,,,,,,,,,,,,,,,,,,,3,,,0,not_enough_blocks,1430,skip,,,,triangle_alpha
,,,,,,,,,,,,,,,,,,,,,3,,,1,not_enough_blocks,1431,skip,,,,triangle_alpha
,,,,,,,,,,,,,,,,,,,,,3,,,0,not_enough_blocks,1432,skip,,,,triangle_alpha
,,,,,,,,,,,,,,,,,,,,,3,,,0,not_enough_blocks,1433,skip,,,,triangle_alpha
,,,,,,,,,,,,,,,,,,,,,3,,,0,not_enough_blocks,1434,skip,,,,triangle_alpha
,,,,,,,,,,,,,,,,,,,,,3,,,0,not_enough_blocks,1435,skip,,,,triangle_alpha
,,,,,,,,,,,,,,,,,,,,,3,,,0,not_enough_blocks,1436,skip,,,,triangle_alpha
,,,,,,,,,,,,,,,,,,,,,3,,,0,not_enough_blocks,1437,skip,,,,triangle_alpha
,,,,,,,,,,,,,,,,,,,,,3,,,0,not_enough_blocks,1438,skip,,,,triangle_alpha
,,,,,,,,,,,,,,,,,,,,,3,,,0,not_enough_blocks,1439,skip,,,,triangle_alpha
,,,,,,,,,,,,,,,,,,,,,3,,,1,not_enough_blocks,1440,skip,,,,triangle_alpha
,,,,,,,,,,,,,,,,,,,,,3,,,0,not_enough_blocks,1441,skip,,,,triangle_alpha
,,,,,,,,,,,,,,,,,,,,,3,,,0,not_enough_blocks,1442,skip,,,,triangle_alpha
,,,,,,,,,,,,,,,,,,,,,3,,,0,not_enough_blocks,1443,skip,,,,triangle_alpha
,,,,,,,,,,,,,,,,,,,,,3,,,0,not_enough_blocks,1444,skip,,,,triangle_alpha
,,,,,,,,,,,,,,,,,,,,,3,,,0,not_enough_blocks,1445,skip,,,,triangle_alpha
,,,,,,,,,,,,,,,,,,,,,3,,,0,not_enough_blocks,1446,skip,,,,triangle_alpha
,,,,,,,,,,,,,,,,,,,,,3,,,0,not_enough_blocks,1447,skip,,,,triangle_alpha
,,,,,,,,,,,,,,,,,,,,,3,,,0,not_enough_blocks,1448,skip,,,,triangle_alpha
,,,,,,,,,,,,,,,,,,,,,3,,,0,not_enough_blocks,1449,skip,,,,triangle_alpha
,,,,,,,,,,,,,,,,,,,,,3,,,0,not_enough_blocks,1450,skip,,,,triangle_alpha
,,,,,,,,,,,,,,,,,,,,,3,,,0,not_enough_blocks,1451,skip,,,,triangle_alpha
,,,,,,,,,,,,,,,,,,,,,3,,,0,not_enough_blocks,1452,skip,,,,triangle_alpha
,,,,,,,,,,,,,,,,,,,,,3,,,1,not_enough_blocks,1453,skip,,,,triangle_alpha
,,,,,,,,,,,,,,,,,,,,,3,,,0,not_enough_blocks,1454,skip,,,,triangle_alpha
,,,,,,,,,,,,,,,,,,,,,3,,,0,not_enough_blocks,1455,skip,,,,triangle_alpha
,,,,,,,,,,,,,,,,,,,,,3,,,0,not_enough_blocks,1456,skip,,,,triangle_alpha
,,,,,,,,,,,,,,,,,,,,,3,,,1,not_enough_blocks,1457,skip,,,,triangle_alpha
,,,,,,,,,,,,,,,,,,,,,3,,,0,not_enough_blocks,1458,skip,,,,triangle_alpha
,,,,,,,,,,,,,,,,,,,,,3,,,0,not_enough_blocks,1459,skip,,,,triangle_alpha
,,,,,,,,,,,,,,,,,,,,,3,,,2,not_enough_blocks,1460,skip,,,,triangle_alpha
,,,,,,,,,,,,,,,,,,,,,3,,,0,not_enough_blocks,1461,skip,,,,triangle_alpha
,,,,,,,,,,,,,,,,,,,,,3,,,1,not_enough_blocks,1462,skip,,,,triangle_alpha
,,,,,,,,,,,,,,,,,,,,,3,,,0,not_enough_blocks,1463,skip,,,,triangle_alpha
,,,,,,,,,,,,,,,,,,,,,3,,,0,not_enough_blocks,1464,skip,,,,triangle_alpha
,,,,,,,,,,,,,,,,,,,,,3,,,0,not_enough_blocks,1465,skip,,,,triangle_alpha
,,,,,,,,,,,,,,,,,,,,,3,,,0,not_enough_blocks,1466,skip,,,,triangle_alpha
,,,,,,,,,,,,,,,,,,,,,3,,,1,not_enough_blocks,1467,skip,,,,triangle_alpha
,,,,,,,,,,,,,,,,,,,,,3,,,0,not_enough_blocks,1468,skip,,,,triangle_alpha
,,,,,,,,,,,,,,,,,,,,,3,,,0,not_enough_blocks,1469,skip,,,,triangle_alpha
,,,,,,,,,,,,,,,,,,,,,3,,,0,not_enough_blocks,1470,skip,,,,triangle_alpha
,,,,,,,,,,,,,,,,,,,,,3,,,0,not_enough_blocks,1471,skip,,,,triangle_alpha
,,,,,,,,,,,,,,,,,,,,,3,,,0,not_enough_blocks,1472,skip,,,,triangle_alpha
,,,,,,,,,,,,,,,,,,,,,3,,,1,not_enough_blocks,1473,skip,,,,triangle_alpha
,,,,,,,,,,,,,,,,,,,,,3,,,0,not_enough_blocks,1474,skip,,,,triangle_alpha
,,,,,,,,,,,,,,,,,,,,,3,,,0,not_enough_blocks,1475,skip,,,,triangle_alpha
,,,,,,,,,,,,,,,,,,,,,3,,,0,not_enough_blocks,1476,skip,,,,triangle_alpha
,,,,,,,,,,,,,,,,,,,,,3,,,0,not_enough_blocks,1477,skip,,,,triangle_alpha
,,,,,,,,,,,,,,,,,,,,,3,,,1,not_enough_blocks,1478,skip,,,,triangle_alpha
,,,,,,,,,,,,,,,,,,,,,3,,,0,not_enough_blocks,1479,skip,,,,triangle_alpha
,,,,,,,,,,,,,,,,,,,,,3,,,0,not_enough_blocks,1480,skip,,,,triangle_alpha
,,,,,,,,,,,,,,,,,,,,,3,,,0,not_enough_blocks,1481,skip,,,,triangle_alpha
,,,,,,,,,,,,,,,,,,,,,3,,,0,not_enough_blocks,1482,skip,,,,triangle_alpha
,,,,,,,,,,,,,,,,,,,,,3,,,0,not_enough_blocks,1483,skip,,,,triangle_alpha
,,,,,,,,,,,,,,,,,,,,,3,,,0,not_enough_blocks,1484,skip,,,,triangle_alpha
,,,,,,,,,,,,,,,,,,,,,3,,,0,not_enough_blocks,1485,skip,,,,triangle_alpha
,,,,,,,,,,,,,,,,,,,,,3,,,0,not_enough_blocks,1486,skip,,,,triangle_alpha
,,,,,,,,,,,,,,,,,,,,,3,,,1,not_enough_blocks,1487,skip,,,,triangle_alpha
,,,,,,,,,,,,,,,,,,,,,3,,,0,not_enough_blocks,1488,skip,,,,triangle_alpha
,,,,,,,,,,,,,,,,,,,,,3,,,0,not_enough_blocks,1489,skip,,,,triangle_alpha
,,,,,,,,,,,,,,,,,,,,,3,,,0,not_enough_blocks,1490,skip,,,,triangle_alpha
,,,,,,,,,,,,,,,,,,,,,3,,,0,not_enough_blocks,1491,skip,,,,triangle_alpha
,,,,,,,,,,,,,,,,,,,,,3,,,1,not_enough_blocks,1492,skip,,,,triangle_alpha
,,,,,,,,,,,,,,,,,,,,,3,,,0,not_enough_blocks,1493,skip,,,,triangle_alpha
,,,,,,,,,,,,,,,,,,,,,3,,,0,not_enough_blocks,1494,skip,,,,triangle_alpha
,,,,,,,,,,,,,,,,,,,,,3,,,0,not_enough_blocks,1495,skip,,,,triangle_alpha
,,,,,,,,,,,,,,,,,,,,,3,,,0,not_enough_blocks,1496,skip,,,,triangle_alpha
,,,,,,,,,,,,,,,,,,,,,3,,,0,not_enough_blocks,1497,skip,,,,triangle_alpha
,,,,,,,,,,,,,,,,,,,,,3,,,0,not_enough_blocks,1498,skip,,,,triangle_alpha
,,,,,,,,,,,,,,,,,,,,,3,,,0,not_enough_blocks,1499,skip,,,,triangle_alpha
,,,,,,,,,,,,,,,,,,,,,3,,,0,not_enough_blocks,1500,skip,,,,triangle_alpha
,,,,,,,,,,,,,,,,,,,,,3,,,0,not_enough_blocks,1501,skip,,,,triangle_alpha
,,,,,,,,,,,,,,,,,,,,,3,,,1,not_enough_blocks,1502,skip,,,,triangle_alpha
,,,,,,,,,,,,,,,,,,,,,3,,,0,not_enough_blocks,1503,skip,,,,triangle_alpha
,,,,,,,,,,,,,,,,,,,,,3,,,0,not_enough_blocks,1504,skip,,,,triangle_alpha
,,,,,,,,,,,,,,,,,,,,,3,,,0,not_enough_blocks,1505,skip,,,,triangle_alpha
,,,,,,,,,,,,,,,,,,,,,3,,,0,not_enough_blocks,1506,skip,,,,triangle_alpha
,,,,,,,,,,,,,,,,,,,,,3,,,0,not_enough_blocks,1507,skip,,,,triangle_alpha
,,,,,,,,,,,,,,,,,,,,,3,,,0,not_enough_blocks,1508,skip,,,,triangle_alpha
,,,,,,,,,,,,,,,,,,,,,3,,,0,not_enough_blocks,1509,skip,,,,triangle_alpha
,,,,,,,,,,,,,,,,,,,,,3,,,0,not_enough_blocks,1510,skip,,,,triangle_alpha
,,,,,,,,,,,,,,,,,,,,,3,,,0,not_enough_blocks,1511,skip,,,,triangle_alpha
,,,,,,,,,,,,,,,,,,,,,3,,,0,not_enough_blocks,1512,skip,,,,triangle_alpha
,,,,,,,,,,,,,,,,,,,,,3,,,0,not_enough_blocks,1513,skip,,,,triangle_alpha
,,,,,,,,,,,,,,,,,,,,,3,,,0,not_enough_blocks,1514,skip,,,,triangle_alpha
,,,,,,,,,,,,,,,,,,,,,3,,,0,not_enough_blocks,1515,skip,,,,triangle_alpha
,,,,,,,,,,,,,,,,,,,,,3,,,0,not_enough_blocks,1516,skip,,,,triangle_alpha
,,,,,,,,,,,,,,,,,,,,,3,,,0,not_enough_blocks,1517,skip,,,,triangle_alpha
,,,,,,,,,,,,,,,,,,,,,3,,,0,not_enough_blocks,1518,skip,,,,triangle_alpha
,,,,,,,,,,,,,,,,,,,,,3,,,0,not_enough_blocks,1519,skip,,,,triangle_alpha
,,,,,,,,,,,,,,,,,,,,,3,,,0,not_enough_blocks,1520,skip,,,,triangle_alpha
,,,,,,,,,,,,,,,,,,,,,3,,,0,not_enough_blocks,1521,skip,,,,triangle_alpha
,,,,,,,,,,,,,,,,,,,,,3,,,0,not_enough_blocks,1522,skip,,,,triangle_alpha
,,,,,,,,,,,,,,,,,,,,,3,,,0,not_enough_blocks,1523,skip,,,,triangle_alpha
,,,,,,,,,,,,,,,,,,,,,3,,,0,not_enough_blocks,1524,skip,,,,triangle_alpha
,,,,,,,,,,,,,,,,,,,,,3,,,0,not_enough_blocks,1525,skip,,,,triangle_alpha
,,,,,,,,,,,,,,,,,,,,,3,,,1,not_enough_blocks,1526,skip,,,,triangle_alpha
,,,,,,,,,,,,,,,,,,,,,3,,,1,not_enough_blocks,1527,skip,,,,triangle_alpha
,,,,,,,,,,,,,,,,,,,,,3,,,2,not_enough_blocks,1528,skip,,,,triangle_alpha
,,,,,,,,,,,,,,,,,,,,,3,,,0,not_enough_blocks,1529,skip,,,,triangle_alpha
,,,,,,,,,,,,,,,,,,,,,3,,,0,not_enough_blocks,1530,skip,,,,triangle_alpha
,,,,,,,,,,,,,,,,,,,,,3,,,0,not_enough_blocks,1531,skip,,,,triangle_alpha
,,,,,,,,,,,,,,,,,,,,,3,,,0,not_enough_blocks,1532,skip,,,,triangle_alpha
,,,,,,,,,,,,,,,,,,,,,3,,,0,not_enough_blocks,1533,skip,,,,triangle_alpha
,,,,,,,,,,,,,,,,,,,,,3,,,0,not_enough_blocks,1534,skip,,,,triangle_alpha
,,,,,,,,,,,,,,,,,,,,,3,,,0,not_enough_blocks,1535,skip,,,,triangle_alpha
,,,,,,,,,,,,,,,,,,,,,3,,,0,not_enough_blocks,1536,skip,,,,triangle_alpha
,,,,,,,,,,,,,,,,,,,,,3,,,0,not_enough_blocks,1537,skip,,,,triangle_alpha
,,,,,,,,,,,,,,,,,,,,,3,,,0,not_enough_blocks,1538,skip,,,,triangle_alpha
,,,,,,,,,,,,,,,,,,,,,3,,,0,not_enough_blocks,1539,skip,,,,triangle_alpha
,,,,,,,,,,,,,,,,,,,,,3,,,1,not_enough_blocks,1540,skip,,,,triangle_alpha
,,,,,,,,,,,,,,,,,,,,,3,,,1,not_enough_blocks,1541,skip,,,,triangle_alpha
,,,,,,,,,,,,,,,,,,,,,3,,,0,not_enough_blocks,1542,skip,,,,triangle_alpha
,,,,,,,,,,,,,,,,,,,,,3,,,1,not_enough_blocks,1543,skip,,,,triangle_alpha
,,,,,,,,,,,,,,,,,,,,,3,,,0,not_enough_blocks,1544,skip,,,,triangle_alpha
,,,,,,,,,,,,,,,,,,,,,3,,,0,not_enough_blocks,1545,skip,,,,triangle_alpha
,,,,,,,,,,,,,,,,,,,,,3,,,0,not_enough_blocks,1546,skip,,,,triangle_alpha
,,,,,,,,,,,,,,,,,,,,,3,,,1,not_enough_blocks,1547,skip,,,,triangle_alpha
,,,,,,,,,,,,,,,,,,,,,3,,,0,not_enough_blocks,1548,skip,,,,triangle_alpha
,,,,,,,,,,,,,,,,,,,,,3,,,0,not_enough_blocks,1549,skip,,,,triangle_alpha
,,,,,,,,,,,,,,,,,,,,,3,,,1,not_enough_blocks,1550,skip,,,,triangle_alpha
,,,,,,,,,,,,,,,,,,,,,3,,,0,not_enough_blocks,1551,skip,,,,triangle_alpha
,,,,,,,,,,,,,,,,,,,,,3,,,0,not_enough_blocks,1552,skip,,,,triangle_alpha
,,,,,,,,,,,,,,,,,,,,,3,,,2,not_enough_blocks,1553,skip,,,,triangle_alpha
,,,,,,,,,,,,,,,,,,,,,3,,,2,not_enough_blocks,1554,skip,,,,triangle_alpha
,,,,,,,,,,,,,,,,,,,,,3,,,0,not_enough_blocks,1555,skip,,,,triangle_alpha
,,,,,,,,,,,,,,,,,,,,,3,,,0,not_enough_blocks,1556,skip,,,,triangle_alpha
,,,,,,,,,,,,,,,,,,,,,3,,,0,not_enough_blocks,1557,skip,,,,triangle_alpha
,,,,,,,,,,,,,,,,,,,,,3,,,0,not_enough_blocks,1558,skip,,,,triangle_alpha
,,,,,,,,,,,,,,,,,,,,,3,,,0,not_enough_blocks,1559,skip,,,,triangle_alpha
,,,,,,,,,,,,,,,,,,,,,3,,,0,not_enough_blocks,1560,skip,,,,triangle_alpha
,,,,,,,,,,,,,,,,,,,,,3,,,1,not_enough_blocks,1561,skip,,,,triangle_alpha
,,,,,,,,,,,,,,,,,,,,,3,,,0,not_enough_blocks,1562,skip,,,,triangle_alpha
,,,,,,,,,,,,,,,,,,,,,3,,,0,not_enough_blocks,1563,skip,,,,triangle_alpha
,,,,,,,,,,,,,,,,,,,,,3,,,0,not_enough_blocks,1564,skip,,,,triangle_alpha
,,,,,,,,,,,,,,,,,,,,,3,,,0,not_enough_blocks,1565,skip,,,,triangle_alpha
,,,,,,,,,,,,,,,,,,,,,3,,,0,not_enough_blocks,1566,skip,,,,triangle_alpha
,,,,,,,,,,,,,,,,,,,,,3,,,0,not_enough_blocks,1567,skip,,,,triangle_alpha
,,,,,,,,,,,,,,,,,,,,,3,,,1,not_enough_blocks,1568,skip,,,,triangle_alpha
,,,,,,,,,,,,,,,,,,,,,3,,,0,not_enough_blocks,1569,skip,,,,triangle_alpha
,,,,,,,,,,,,,,,,,,,,,3,,,0,not_enough_blocks,1570,skip,,,,triangle_alpha
,,,,,,,,,,,,,,,,,,,,,3,,,1,not_enough_blocks,1571,skip,,,,triangle_alpha
,,,,,,,,,,,,,,,,,,,,,3,,,2,not_enough_blocks,1572,skip,,,,triangle_alpha
,,,,,,,,,,,,,,,,,,,,,3,,,0,not_enough_blocks,1573,skip,,,,triangle_alpha
,,,,,,,,,,,,,,,,,,,,,3,,,0,not_enough_blocks,1574,skip,,,,triangle_alpha
,,,,,,,,,,,,,,,,,,,,,3,,,0,not_enough_blocks,1575,skip,,,,triangle_alpha
,,,,,,,,,,,,,,,,,,,,,3,,,0,not_enough_blocks,1576,skip,,,,triangle_alpha
,,,,,,,,,,,,,,,,,,,,,3,,,0,not_enough_blocks,1577,skip,,,,triangle_alpha
,,,,,,,,,,,,,,,,,,,,,3,,,0,not_enough_blocks,1578,skip,,,,triangle_alpha
,,,,,,,,,,,,,,,,,,,,,3,,,0,not_enough_blocks,1579,skip,,,,triangle_alpha
,,,,,,,,,,,,,,,,,,,,,3,,,0,not_enough_blocks,1580,skip,,,,triangle_alpha
,,,,,,,,,,,,,,,,,,,,,3,,,0,not_enough_blocks,1581,skip,,,,triangle_alpha
,,,,,,,,,,,,,,,,,,,,,3,,,0,not_enough_blocks,1582,skip,,,,triangle_alpha
,,,,,,,,,,,,,,,,,,,,,3,,,0,not_enough_blocks,1583,skip,,,,triangle_alpha
,,,,,,,,,,,,,,,,,,,,,3,,,0,not_enough_blocks,1584,skip,,,,triangle_alpha
,,,,,,,,,,,,,,,,,,,,,3,,,0,not_enough_blocks,1585,skip,,,,triangle_alpha
,,,,,,,,,,,,,,,,,,,,,3,,,0,not_enough_blocks,1586,skip,,,,triangle_alpha
,,,,,,,,,,,,,,,,,,,,,3,,,0,not_enough_blocks,1587,skip,,,,triangle_alpha
,,,,,,,,,,,,,,,,,,,,,3,,,0,not_enough_blocks,1588,skip,,,,triangle_alpha
,,,,,,,,,,,,,,,,,,,,,3,,,1,not_enough_blocks,1589,skip,,,,triangle_alpha
,,,,,,,,,,,,,,,,,,,,,3,,,0,not_enough_blocks,1590,skip,,,,triangle_alpha
,,,,,,,,,,,,,,,,,,,,,3,,,0,not_enough_blocks,1591,skip,,,,triangle_alpha
,,,,,,,,,,,,,,,,,,,,,3,,,0,not_enough_blocks,1592,skip,,,,triangle_alpha
,,,,,,,,,,,,,,,,,,,,,3,,,1,not_enough_blocks,1593,skip,,,,triangle_alpha
,,,,,,,,,,,,,,,,,,,,,3,,,0,not_enough_blocks,1594,skip,,,,triangle_alpha
,,,,,,,,,,,,,,,,,,,,,3,,,0,not_enough_blocks,1595,skip,,,,triangle_alpha
,,,,,,,,,,,,,,,,,,,,,3,,,0,not_enough_blocks,1596,skip,,,,triangle_alpha
,,,,,,,,,,,,,,,,,,,,,3,,,0,not_enough_blocks,1597,skip,,,,triangle_alpha
,,,,,,,,,,,,,,,,,,,,,3,,,0,not_enough_blocks,1598,skip,,,,triangle_alpha
,,,,,,,,,,,,,,,,,,,,,3,,,0,not_enough_blocks,1599,skip,,,,triangle_alpha
,,,,,,,,,,,,,,,,,,,,,3,,,0,not_enough_blocks,1600,skip,,,,triangle_alpha
,,,,,,,,,,,,,,,,,,,,,3,,,2,not_enough_blocks,1601,skip,,,,triangle_alpha
,,,,,,,,,,,,,,,,,,,,,3,,,1,not_enough_blocks,1602,skip,,,,triangle_alpha
,,,,,,,,,,,,,,,,,,,,,3,,,0,not_enough_blocks,1603,skip,,,,triangle_alpha
,,,,,,,,,,,,,,,,,,,,,3,,,0,not_enough_blocks,1604,skip,,,,triangle_alpha
,,,,,,,,,,,,,,,,,,,,,3,,,0,not_enough_blocks,1605,skip,,,,triangle_alpha
,,,,,,,,,,,,,,,,,,,,,3,,,0,not_enough_blocks,1606,skip,,,,triangle_alpha
,,,,,,,,,,,,,,,,,,,,,3,,,0,not_enough_blocks,1607,skip,,,,triangle_alpha
,,,,,,,,,,,,,,,,,,,,,3,,,0,not_enough_blocks,1608,skip,,,,triangle_alpha
,,,,,,,,,,,,,,,,,,,,,3,,,0,not_enough_blocks,1609,skip,,,,triangle_alpha
,,,,,,,,,,,,,,,,,,,,,3,,,0,not_enough_blocks,1610,skip,,,,triangle_alpha
,,,,,,,,,,,,,,,,,,,,,3,,,0,not_enough_blocks,1611,skip,,,,triangle_alpha
,,,,,,,,,,,,,,,,,,,,,3,,,1,not_enough_blocks,1612,skip,,,,triangle_alpha
,,,,,,,,,,,,,,,,,,,,,3,,,1,not_enough_blocks,1613,skip,,,,triangle_alpha
,,,,,,,,,,,,,,,,,,,,,3,,,1,not_enough_blocks,1614,skip,,,,triangle_alpha
,,,,,,,,,,,,,,,,,,,,,3,,,0,not_enough_blocks,1615,skip,,,,triangle_alpha
,,,,,,,,,,,,,,,,,,,,,3,,,0,not_enough_blocks,1616,skip,,,,triangle_alpha
,,,,,,,,,,,,,,,,,,,,,3,,,0,not_enough_blocks,1617,skip,,,,triangle_alpha
,,,,,,,,,,,,,,,,,,,,,3,,,0,not_enough_blocks,1618,skip,,,,triangle_alpha
,,,,,,,,,,,,,,,,,,,,,3,,,0,not_enough_blocks,1619,skip,,,,triangle_alpha
,,,,,,,,,,,,,,,,,,,,,3,,,0,not_enough_blocks,1620,skip,,,,triangle_alpha
,,,,,,,,,,,,,,,,,,,,,3,,,1,not_enough_blocks,1621,skip,,,,triangle_alpha
,,,,,,,,,,,,,,,,,,,,,3,,,0,not_enough_blocks,1622,skip,,,,triangle_alpha
,,,,,,,,,,,,,,,,,,,,,3,,,0,not_enough_blocks,1623,skip,,,,triangle_alpha
,,,,,,,,,,,,,,,,,,,,,3,,,0,not_enough_blocks,1624,skip,,,,triangle_alpha
,,,,,,,,,,,,,,,,,,,,,3,,,1,not_enough_blocks,1625,skip,,,,triangle_alpha
,,,,,,,,,,,,,,,,,,,,,3,,,0,not_enough_blocks,1626,skip,,,,triangle_alpha
,,,,,,,,,,,,,,,,,,,,,3,,,1,not_enough_blocks,1627,skip,,,,triangle_alpha
,,,,,,,,,,,,,,,,,,,,,3,,,0,not_enough_blocks,1628,skip,,,,triangle_alpha
,,,,,,,,,,,,,,,,,,,,,3,,,0,not_enough_blocks,1629,skip,,,,triangle_alpha
,,,,,,,,,,,,,,,,,,,,,3,,,0,not_enough_blocks,1630,skip,,,,triangle_alpha
,,,,,,,,,,,,,,,,,,,,,3,,,0,not_enough_blocks,1631,skip,,,,triangle_alpha
,,,,,,,,,,,,,,,,,,,,,3,,,1,not_enough_blocks,1632,skip,,,,triangle_alpha
,,,,,,,,,,,,,,,,,,,,,3,,,1,not_enough_blocks,1633,skip,,,,triangle_alpha
,,,,,,,,,,,,,,,,,,,,,3,,,0,not_enough_blocks,1634,skip,,,,triangle_alpha
,,,,,,,,,,,,,,,,,,,,,3,,,1,not_enough_blocks,1635,skip,,,,triangle_alpha
,,,,,,,,,,,,,,,,,,,,,3,,,1,not_enough_blocks,1636,skip,,,,triangle_alpha
,,,,,,,,,,,,,,,,,,,,,3,,,0,not_enough_blocks,1637,skip,,,,triangle_alpha
,,,,,,,,,,,,,,,,,,,,,3,,,1,not_enough_blocks,1638,skip,,,,triangle_alpha
,,,,,,,,,,,,,,,,,,,,,3,,,0,not_enough_blocks,1639,skip,,,,triangle_alpha
,,,,,,,,,,,,,,,,,,,,,3,,,0,not_enough_blocks,1640,skip,,,,triangle_alpha
,,,,,,,,,,,,,,,,,,,,,3,,,0,not_enough_blocks,1641,skip,,,,triangle_alpha
,,,,,,,,,,,,,,,,,,,,,3,,,1,not_enough_blocks,1642,skip,,,,triangle_alpha
,,,,,,,,,,,,,,,,,,,,,3,,,0,not_enough_blocks,1643,skip,,,,triangle_alpha
,,,,,,,,,,,,,,,,,,,,,3,,,0,not_enough_blocks,1644,skip,,,,triangle_alpha
,,,,,,,,,,,,,,,,,,,,,3,,,0,not_enough_blocks,1645,skip,,,,triangle_alpha
,,,,,,,,,,,,,,,,,,,,,3,,,0,not_enough_blocks,1646,skip,,,,triangle_alpha
,,,,,,,,,,,,,,,,,,,,,3,,,1,not_enough_blocks,1647,skip,,,,triangle_alpha
,,,,,,,,,,,,,,,,,,,,,3,,,0,not_enough_blocks,1648,skip,,,,triangle_alpha
,,,,,,,,,,,,,,,,,,,,,3,,,0,not_enough_blocks,1649,skip,,,,triangle_alpha
,,,,,,,,,,,,,,,,,,,,,3,,,0,not_enough_blocks,1650,skip,,,,triangle_alpha
,,,,,,,,,,,,,,,,,,,,,3,,,0,not_enough_blocks,1651,skip,,,,triangle_alpha
,,,,,,,,,,,,,,,,,,,,,3,,,1,not_enough_blocks,1652,skip,,,,triangle_alpha
,,,,,,,,,,,,,,,,,,,,,3,,,0,not_enough_blocks,1653,skip,,,,triangle_alpha
,,,,,,,,,,,,,,,,,,,,,3,,,1,not_enough_blocks,1654,skip,,,,triangle_alpha
,,,,,,,,,,,,,,,,,,,,,3,,,0,not_enough_blocks,1655,skip,,,,triangle_alpha
,,,,,,,,,,,,,,,,,,,,,3,,,0,not_enough_blocks,1656,skip,,,,triangle_alpha
,,,,,,,,,,,,,,,,,,,,,3,,,0,not_enough_blocks,1657,skip,,,,triangle_alpha
,,,,,,,,,,,,,,,,,,,,,3,,,0,not_enough_blocks,1658,skip,,,,triangle_alpha
,,,,,,,,,,,,,,,,,,,,,3,,,0,not_enough_blocks,1659,skip,,,,triangle_alpha
,,,,,,,,,,,,,,,,,,,,,3,,,0,not_enough_blocks,1660,skip,,,,triangle_alpha
,,,,,,,,,,,,,,,,,,,,,3,,,0,not_enough_blocks,1661,skip,,,,triangle_alpha
,,,,,,,,,,,,,,,,,,,,,3,,,0,not_enough_blocks,1662,skip,,,,triangle_alpha
,,,,,,,,,,,,,,,,,,,,,3,,,0,not_enough_blocks,1663,skip,,,,triangle_alpha
,,,,,,,,,,,,,,,,,,,,,3,,,0,not_enough_blocks,1664,skip,,,,triangle_alpha
,,,,,,,,,,,,,,,,,,,,,3,,,0,not_enough_blocks,1665,skip,,,,triangle_alpha
,,,,,,,,,,,,,,,,,,,,,3,,,0,not_enough_blocks,1666,skip,,,,triangle_alpha
,,,,,,,,,,,,,,,,,,,,,3,,,0,not_enough_blocks,1667,skip,,,,triangle_alpha
,,,,,,,,,,,,,,,,,,,,,3,,,0,not_enough_blocks,1668,skip,,,,triangle_alpha
,,,,,,,,,,,,,,,,,,,,,3,,,0,not_enough_blocks,1669,skip,,,,triangle_alpha
,,,,,,,,,,,,,,,,,,,,,3,,,1,not_enough_blocks,1670,skip,,,,triangle_alpha
,,,,,,,,,,,,,,,,,,,,,3,,,0,not_enough_blocks,1671,skip,,,,triangle_alpha
,,,,,,,,,,,,,,,,,,,,,3,,,0,not_enough_blocks,1672,skip,,,,triangle_alpha
,,,,,,,,,,,,,,,,,,,,,3,,,0,not_enough_blocks,1673,skip,,,,triangle_alpha
,,,,,,,,,,,,,,,,,,,,,3,,,0,not_enough_blocks,1674,skip,,,,triangle_alpha
,,,,,,,,,,,,,,,,,,,,,3,,,2,not_enough_blocks,1675,skip,,,,triangle_alpha
,,,,,,,,,,,,,,,,,,,,,3,,,0,not_enough_blocks,1676,skip,,,,triangle_alpha
,,,,,,,,,,,,,,,,,,,,,3,,,0,not_enough_blocks,1677,skip,,,,triangle_alpha
,,,,,,,,,,,,,,,,,,,,,3,,,2,not_enough_blocks,1678,skip,,,,triangle_alpha
,,,,,,,,,,,,,,,,,,,,,3,,,1,not_enough_blocks,1679,skip,,,,triangle_alpha
,,,,,,,,,,,,,,,,,,,,,3,,,0,not_enough_blocks,1680,skip,,,,triangle_alpha
,,,,,,,,,,,,,,,,,,,,,3,,,0,not_enough_blocks,1681,skip,,,,triangle_alpha
,,,,,,,,,,,,,,,,,,,,,3,,,1,not_enough_blocks,1682,skip,,,,triangle_alpha
,,,,,,,,,,,,,,,,,,,,,3,,,0,not_enough_blocks,1683,skip,,,,triangle_alpha
,,,,,,,,,,,,,,,,,,,,,3,,,0,not_enough_blocks,1684,skip,,,,triangle_alpha
,,,,,,,,,,,,,,,,,,,,,3,,,1,not_enough_blocks,1685,skip,,,,triangle_alpha
,,,,,,,,,,,,,,,,,,,,,3,,,0,not_enough_blocks,1686,skip,,,,triangle_alpha
,,,,,,,,,,,,,,,,,,,,,3,,,0,not_enough_blocks,1687,skip,,,,triangle_alpha
,,,,,,,,,,,,,,,,,,,,,3,,,1,not_enough_blocks,1688,skip,,,,triangle_alpha
,,,,,,,,,,,,,,,,,,,,,3,,,0,not_enough_blocks,1689,skip,,,,triangle_alpha
,,,,,,,,,,,,,,,,,,,,,3,,,0,not_enough_blocks,1690,skip,,,,triangle_alpha
,,,,,,,,,,,,,,,,,,,,,3,,,0,not_enough_blocks,1691,skip,,,,triangle_alpha
,,,,,,,,,,,,,,,,,,,,,3,,,0,not_enough_blocks,1692,skip,,,,triangle_alpha
,,,,,,,,,,,,,,,,,,,,,3,,,0,not_enough_blocks,1693,skip,,,,triangle_alpha
,,,,,,,,,,,,,,,,,,,,,3,,,0,not_enough_blocks,1694,skip,,,,triangle_alpha
,,,,,,,,,,,,,,,,,,,,,3,,,1,not_enough_blocks,1695,skip,,,,triangle_alpha
,,,,,,,,,,,,,,,,,,,,,3,,,0,not_enough_blocks,1696,skip,,,,triangle_alpha
,,,,,,,,,,,,,,,,,,,,,3,,,0,not_enough_blocks,1697,skip,,,,triangle_alpha
,,,,,,,,,,,,,,,,,,,,,3,,,0,not_enough_blocks,1698,skip,,,,triangle_alpha
,,,,,,,,,,,,,,,,,,,,,3,,,0,not_enough_blocks,1699,skip,,,,triangle_alpha
,,,,,,,,,,,,,,,,,,,,,3,,,0,not_enough_blocks,1700,skip,,,,triangle_alpha
,,,,,,,,,,,,,,,,,,,,,3,,,0,not_enough_blocks,1701,skip,,,,triangle_alpha
,,,,,,,,,,,,,,,,,,,,,3,,,0,not_enough_blocks,1702,skip,,,,triangle_alpha
,,,,,,,,,,,,,,,,,,,,,3,,,0,not_enough_blocks,1703,skip,,,,triangle_alpha
,,,,,,,,,,,,,,,,,,,,,3,,,0,not_enough_blocks,1704,skip,,,,triangle_alpha
,,,,,,,,,,,,,,,,,,,,,3,,,0,not_enough_blocks,1705,skip,,,,triangle_alpha
,,,,,,,,,,,,,,,,,,,,,3,,,0,not_enough_blocks,1706,skip,,,,triangle_alpha
,,,,,,,,,,,,,,,,,,,,,3,,,0,not_enough_blocks,1707,skip,,,,triangle_alpha
,,,,,,,,,,,,,,,,,,,,,3,,,1,not_enough_blocks,1708,skip,,,,triangle_alpha
,,,,,,,,,,,,,,,,,,,,,3,,,0,not_enough_blocks,1709,skip,,,,triangle_alpha
,,,,,,,,,,,,,,,,,,,,,3,,,0,not_enough_blocks,1710,skip,,,,triangle_alpha
,,,,,,,,,,,,,,,,,,,,,3,,,0,not_enough_blocks,1711,skip,,,,triangle_alpha
,,,,,,,,,,,,,,,,,,,,,3,,,0,not_enough_blocks,1712,skip,,,,triangle_alpha
,,,,,,,,,,,,,,,,,,,,,3,,,0,not_enough_blocks,1713,skip,,,,triangle_alpha
,,,,,,,,,,,,,,,,,,,,,3,,,2,not_enough_blocks,1714,skip,,,,triangle_alpha
,,,,,,,,,,,,,,,,,,,,,3,,,0,not_enough_blocks,1715,skip,,,,triangle_alpha
,,,,,,,,,,,,,,,,,,,,,3,,,0,not_enough_blocks,1716,skip,,,,triangle_alpha
,,,,,,,,,,,,,,,,,,,,,3,,,0,not_enough_blocks,1717,skip,,,,triangle_alpha
,,,,,,,,,,,,,,,,,,,,,3,,,0,not_enough_blocks,1718,skip,,,,triangle_alpha
,,,,,,,,,,,,,,,,,,,,,3,,,0,not_enough_blocks,1719,skip,,,,triangle_alpha
,,,,,,,,,,,,,,,,,,,,,3,,,0,not_enough_blocks,1720,skip,,,,triangle_alpha
,,,,,,,,,,,,,,,,,,,,,3,,,0,not_enough_blocks,1721,skip,,,,triangle_alpha
,,,,,,,,,,,,,,,,,,,,,3,,,0,not_enough_blocks,1722,skip,,,,triangle_alpha
,,,,,,,,,,,,,,,,,,,,,3,,,0,not_enough_blocks,1723,skip,,,,triangle_alpha
,,,,,,,,,,,,,,,,,,,,,3,,,0,not_enough_blocks,1724,skip,,,,triangle_alpha
,,,,,,,,,,,,,,,,,,,,,3,,,0,not_enough_blocks,1725,skip,,,,triangle_alpha
,,,,,,,,,,,,,,,,,,,,,3,,,0,not_enough_blocks,1726,skip,,,,triangle_alpha
,,,,,,,,,,,,,,,,,,,,,3,,,0,not_enough_blocks,1727,skip,,,,triangle_alpha
,,,,,,,,,,,,,,,,,,,,,3,,,0,not_enough_blocks,1728,skip,,,,triangle_alpha
,,,,,,,,,,,,,,,,,,,,,3,,,0,not_enough_blocks,1729,skip,,,,triangle_alpha
,,,,,,,,,,,,,,,,,,,,,3,,,0,not_enough_blocks,1730,skip,,,,triangle_alpha
,,,,,,,,,,,,,,,,,,,,,3,,,0,not_enough_blocks,1731,skip,,,,triangle_alpha
,,,,,,,,,,,,,,,,,,,,,3,,,0,not_enough_blocks,1732,skip,,,,triangle_alpha
,,,,,,,,,,,,,,,,,,,,,3,,,0,not_enough_blocks,1733,skip,,,,triangle_alpha
,,,,,,,,,,,,,,,,,,,,,3,,,1,not_enough_blocks,1734,skip,,,,triangle_alpha
,,,,,,,,,,,,,,,,,,,,,3,,,0,not_enough_blocks,1735,skip,,,,triangle_alpha
,,,,,,,,,,,,,,,,,,,,,3,,,0,not_enough_blocks,1736,skip,,,,triangle_alpha
,,,,,,,,,,,,,,,,,,,,,3,,,0,not_enough_blocks,1737,skip,,,,triangle_alpha
,,,,,,,,,,,,,,,,,,,,,3,,,1,not_enough_blocks,1738,skip,,,,triangle_alpha
,,,,,,,,,,,,,,,,,,,,,3,,,0,not_enough_blocks,1739,skip,,,,triangle_alpha
,,,,,,,,,,,,,,,,,,,,,3,,,0,not_enough_blocks,1740,skip,,,,triangle_alpha
,,,,,,,,,,,,,,,,,,,,,3,,,0,not_enough_blocks,1741,skip,,,,triangle_alpha
,,,,,,,,,,,,,,,,,,,,,3,,,2,not_enough_blocks,1742,skip,,,,triangle_alpha
,,,,,,,,,,,,,,,,,,,,,3,,,0,not_enough_blocks,1743,skip,,,,triangle_alpha
,,,,,,,,,,,,,,,,,,,,,3,,,0,not_enough_blocks,1744,skip,,,,triangle_alpha
,,,,,,,,,,,,,,,,,,,,,3,,,0,not_enough_blocks,1745,skip,,,,triangle_alpha
,,,,,,,,,,,,,,,,,,,,,3,,,0,not_enough_blocks,1746,skip,,,,triangle_alpha
,,,,,,,,,,,,,,,,,,,,,3,,,0,not_enough_blocks,1747,skip,,,,triangle_alpha
,,,,,,,,,,,,,,,,,,,,,3,,,0,not_enough_blocks,1748,skip,,,,triangle_alpha
,,,,,,,,,,,,,,,,,,,,,3,,,0,not_enough_blocks,1749,skip,,,,triangle_alpha
,,,,,,,,,,,,,,,,,,,,,3,,,0,not_enough_blocks,1750,skip,,,,triangle_alpha
,,,,,,,,,,,,,,,,,,,,,3,,,0,not_enough_blocks,1751,skip,,,,triangle_alpha
,,,,,,,,,,,,,,,,,,,,,3,,,1,not_enough_blocks,1752,skip,,,,triangle_alpha
,,,,,,,,,,,,,,,,,,,,,3,,,0,not_enough_blocks,1753,skip,,,,triangle_alpha
,,,,,,,,,,,,,,,,,,,,,3,,,0,not_enough_blocks,1754,skip,,,,triangle_alpha
,,,,,,,,,,,,,,,,,,,,,3,,,0,not_enough_blocks,1755,skip,,,,triangle_alpha
,,,,,,,,,,,,,,,,,,,,,3,,,0,not_enough_blocks,1756,skip,,,,triangle_alpha
,,,,,,,,,,,,,,,,,,,,,3,,,0,not_enough_blocks,1757,skip,,,,triangle_alpha
,,,,,,,,,,,,,,,,,,,,,3,,,0,not_enough_blocks,1758,skip,,,,triangle_alpha
,,,,,,,,,,,,,,,,,,,,,3,,,1,not_enough_blocks,1759,skip,,,,triangle_alpha
,,,,,,,,,,,,,,,,,,,,,3,,,0,not_enough_blocks,1760,skip,,,,triangle_alpha
,,,,,,,,,,,,,,,,,,,,,3,,,0,not_enough_blocks,1761,skip,,,,triangle_alpha
,,,,,,,,,,,,,,,,,,,,,3,,,1,not_enough_blocks,1762,skip,,,,triangle_alpha
,,,,,,,,,,,,,,,,,,,,,3,,,0,not_enough_blocks,1763,skip,,,,triangle_alpha
,,,,,,,,,,,,,,,,,,,,,3,,,1,not_enough_blocks,1764,skip,,,,triangle_alpha
,,,,,,,,,,,,,,,,,,,,,3,,,1,not_enough_blocks,1765,skip,,,,triangle_alpha
,,,,,,,,,,,,,,,,,,,,,3,,,0,not_enough_blocks,1766,skip,,,,triangle_alpha
,,,,,,,,,,,,,,,,,,,,,3,,,0,not_enough_blocks,1767,skip,,,,triangle_alpha
,,,,,,,,,,,,,,,,,,,,,3,,,0,not_enough_blocks,1768,skip,,,,triangle_alpha
,,,,,,,,,,,,,,,,,,,,,3,,,1,not_enough_blocks,1769,skip,,,,triangle_alpha
,,,,,,,,,,,,,,,,,,,,,3,,,0,not_enough_blocks,1770,skip,,,,triangle_alpha
,,,,,,,,,,,,,,,,,,,,,3,,,0,not_enough_blocks,1771,skip,,,,triangle_alpha
,,,,,,,,,,,,,,,,,,,,,3,,,0,not_enough_blocks,1772,skip,,,,triangle_alpha
,,,,,,,,,,,,,,,,,,,,,3,,,0,not_enough_blocks,1773,skip,,,,triangle_alpha
,,,,,,,,,,,,,,,,,,,,,3,,,1,not_enough_blocks,1774,skip,,,,triangle_alpha
,,,,,,,,,,,,,,,,,,,,,3,,,0,not_enough_blocks,1775,skip,,,,triangle_alpha
,,,,,,,,,,,,,,,,,,,,,3,,,0,not_enough_blocks,1776,skip,,,,triangle_alpha
,,,,,,,,,,,,,,,,,,,,,3,,,1,not_enough_blocks,1777,skip,,,,triangle_alpha
,,,,,,,,,,,,,,,,,,,,,3,,,1,not_enough_blocks,1778,skip,,,,triangle_alpha
,,,,,,,,,,,,,,,,,,,,,3,,,0,not_enough_blocks,1779,skip,,,,triangle_alpha
,,,,,,,,,,,,,,,,,,,,,3,,,0,not_enough_blocks,1780,skip,,,,triangle_alpha
,,,,,,,,,,,,,,,,,,,,,3,,,0,not_enough_blocks,1781,skip,,,,triangle_alpha
,,,,,,,,,,,,,,,,,,,,,3,,,1,not_enough_blocks,1782,skip,,,,triangle_alpha
,,,,,,,,,,,,,,,,,,,,,3,,,0,not_enough_blocks,1783,skip,,,,triangle_alpha
,,,,,,,,,,,,,,,,,,,,,3,,,0,not_enough_blocks,1784,skip,,,,triangle_alpha
,,,,,,,,,,,,,,,,,,,,,3,,,0,not_enough_blocks,1785,skip,,,,triangle_alpha
,,,,,,,,,,,,,,,,,,,,,3,,,0,not_enough_blocks,1786,skip,,,,triangle_alpha
,,,,,,,,,,,,,,,,,,,,,3,,,0,not_enough_blocks,1787,skip,,,,triangle_alpha
,,,,,,,,,,,,,,,,,,,,,3,,,0,not_enough_blocks,1788,skip,,,,triangle_alpha
,,,,,,,,,,,,,,,,,,,,,3,,,0,not_enough_blocks,1789,skip,,,,triangle_alpha
,,,,,,,,,,,,,,,,,,,,,3,,,0,not_enough_blocks,1790,skip,,,,triangle_alpha
,,,,,,,,,,,,,,,,,,,,,3,,,0,not_enough_blocks,1791,skip,,,,triangle_alpha
,,,,,,,,,,,,,,,,,,,,,3,,,0,not_enough_blocks,1792,skip,,,,triangle_alpha
,,,,,,,,,,,,,,,,,,,,,3,,,0,not_enough_blocks,1793,skip,,,,triangle_alpha
,,,,,,,,,,,,,,,,,,,,,3,,,0,not_enough_blocks,1794,skip,,,,triangle_alpha
,,,,,,,,,,,,,,,,,,,,,3,,,0,not_enough_blocks,1795,skip,,,,triangle_alpha
,,,,,,,,,,,,,,,,,,,,,3,,,0,not_enough_blocks,1796,skip,,,,triangle_alpha
,,,,,,,,,,,,,,,,,,,,,3,,,0,not_enough_blocks,1797,skip,,,,triangle_alpha
,,,,,,,,,,,,,,,,,,,,,3,,,0,not_enough_blocks,1798,skip,,,,triangle_alpha
,,,,,,,,,,,,,,,,,,,,,3,,,1,not_enough_blocks,1799,skip,,,,triangle_alpha
,,,,,,,,,,,,,,,,,,,,,3,,,0,not_enough_blocks,1800,skip,,,,triangle_alpha
,,,,,,,,,,,,,,,,,,,,,3,,,0,not_enough_blocks,1801,skip,,,,triangle_alpha
,,,,,,,,,,,,,,,,,,,,,3,,,0,not_enough_blocks,1802,skip,,,,triangle_alpha
,,,,,,,,,,,,,,,,,,,,,3,,,0,not_enough_blocks,1803,skip,,,,triangle_alpha
,,,,,,,,,,,,,,,,,,,,,3,,,0,not_enough_blocks,1804,skip,,,,triangle_alpha
,,,,,,,,,,,,,,,,,,,,,3,,,0,not_enough_blocks,1805,skip,,,,triangle_alpha
,,,,,,,,,,,,,,,,,,,,,3,,,0,not_enough_blocks,1806,skip,,,,triangle_alpha
,,,,,,,,,,,,,,,,,,,,,3,,,1,not_enough_blocks,1807,skip,,,,triangle_alpha
,,,,,,,,,,,,,,,,,,,,,3,,,0,not_enough_blocks,1808,skip,,,,triangle_alpha
,,,,,,,,,,,,,,,,,,,,,3,,,0,not_enough_blocks,1809,skip,,,,triangle_alpha
,,,,,,,,,,,,,,,,,,,,,3,,,0,not_enough_blocks,1810,skip,,,,triangle_alpha
,,,,,,,,,,,,,,,,,,,,,3,,,0,not_enough_blocks,1811,skip,,,,triangle_alpha
,,,,,,,,,,,,,,,,,,,,,3,,,0,not_enough_blocks,1812,skip,,,,triangle_alpha
,,,,,,,,,,,,,,,,,,,,,3,,,1,not_enough_blocks,1813,skip,,,,triangle_alpha
,,,,,,,,,,,,,,,,,,,,,3,,,0,not_enough_blocks,1814,skip,,,,triangle_alpha
,,,,,,,,,,,,,,,,,,,,,3,,,0,not_enough_blocks,1815,skip,,,,triangle_alpha
,,,,,,,,,,,,,,,,,,,,,3,,,2,not_enough_blocks,1816,skip,,,,triangle_alpha
,,,,,,,,,,,,,,,,,,,,,3,,,0,not_enough_blocks,1817,skip,,,,triangle_alpha
,,,,,,,,,,,,,,,,,,,,,3,,,1,not_enough_blocks,1818,skip,,,,triangle_alpha
,,,,,,,,,,,,,,,,,,,,,3,,,0,not_enough_blocks,1819,skip,,,,triangle_alpha
,,,,,,,,,,,,,,,,,,,,,3,,,1,not_enough_blocks,1820,skip,,,,triangle_alpha
,,,,,,,,,,,,,,,,,,,,,3,,,0,not_enough_blocks,1821,skip,,,,triangle_alpha
,,,,,,,,,,,,,,,,,,,,,3,,,0,not_enough_blocks,1822,skip,,,,triangle_alpha
,,,,,,,,,,,,,,,,,,,,,3,,,0,not_enough_blocks,1823,skip,,,,triangle_alpha
,,,,,,,,,,,,,,,,,,,,,3,,,0,not_enough_blocks,1824,skip,,,,triangle_alpha
,,,,,,,,,,,,,,,,,,,,,3,,,0,not_enough_blocks,1825,skip,,,,triangle_alpha
,,,,,,,,,,,,,,,,,,,,,3,,,0,not_enough_blocks,1826,skip,,,,triangle_alpha
,,,,,,,,,,,,,,,,,,,,,3,,,0,not_enough_blocks,1827,skip,,,,triangle_alpha
,,,,,,,,,,,,,,,,,,,,,3,,,1,not_enough_blocks,1828,skip,,,,triangle_alpha
,,,,,,,,,,,,,,,,,,,,,3,,,0,not_enough_blocks,1829,skip,,,,triangle_alpha
,,,,,,,,,,,,,,,,,,,,,3,,,0,not_enough_blocks,1830,skip,,,,triangle_alpha
,,,,,,,,,,,,,,,,,,,,,3,,,0,not_enough_blocks,1831,skip,,,,triangle_alpha
,,,,,,,,,,,,,,,,,,,,,3,,,1,not_enough_blocks,1832,skip,,,,triangle_alpha
,,,,,,,,,,,,,,,,,,,,,3,,,1,not_enough_blocks,1833,skip,,,,triangle_alpha
,,,,,,,,,,,,,,,,,,,,,3,,,0,not_enough_blocks,1834,skip,,,,triangle_alpha
,,,,,,,,,,,,,,,,,,,,,3,,,0,not_enough_blocks,1835,skip,,,,triangle_alpha
,,,,,,,,,,,,,,,,,,,,,3,,,0,not_enough_blocks,1836,skip,,,,triangle_alpha
,,,,,,,,,,,,,,,,,,,,,3,,,0,not_enough_blocks,1837,skip,,,,triangle_alpha
,,,,,,,,,,,,,,,,,,,,,3,,,0,not_enough_blocks,1838,skip,,,,triangle_alpha
,,,,,,,,,,,,,,,,,,,,,3,,,0,not_enough_blocks,1839,skip,,,,triangle_alpha
,,,,,,,,,,,,,,,,,,,,,3,,,0,not_enough_blocks,1840,skip,,,,triangle_alpha
,,,,,,,,,,,,,,,,,,,,,3,,,0,not_enough_blocks,1841,skip,,,,triangle_alpha
,,,,,,,,,,,,,,,,,,,,,3,,,0,not_enough_blocks,1842,skip,,,,triangle_alpha
,,,,,,,,,,,,,,,,,,,,,3,,,0,not_enough_blocks,1843,skip,,,,triangle_alpha
,,,,,,,,,,,,,,,,,,,,,3,,,0,not_enough_blocks,1844,skip,,,,triangle_alpha
,,,,,,,,,,,,,,,,,,,,,3,,,0,not_enough_blocks,1845,skip,,,,triangle_alpha
,,,,,,,,,,,,,,,,,,,,,3,,,1,not_enough_blocks,1846,skip,,,,triangle_alpha
,,,,,,,,,,,,,,,,,,,,,3,,,0,not_enough_blocks,1847,skip,,,,triangle_alpha
,,,,,,,,,,,,,,,,,,,,,3,,,0,not_enough_blocks,1848,skip,,,,triangle_alpha
,,,,,,,,,,,,,,,,,,,,,3,,,1,not_enough_blocks,1849,skip,,,,triangle_alpha
,,,,,,,,,,,,,,,,,,,,,3,,,1,not_enough_blocks,1850,skip,,,,triangle_alpha
,,,,,,,,,,,,,,,,,,,,,3,,,0,not_enough_blocks,1851,skip,,,,triangle_alpha
,,,,,,,,,,,,,,,,,,,,,3,,,0,not_enough_blocks,1852,skip,,,,triangle_alpha
,,,,,,,,,,,,,,,,,,,,,3,,,1,not_enough_blocks,1853,skip,,,,triangle_alpha
,,,,,,,,,,,,,,,,,,,,,3,,,0,not_enough_blocks,1854,skip,,,,triangle_alpha
,,,,,,,,,,,,,,,,,,,,,3,,,1,not_enough_blocks,1855,skip,,,,triangle_alpha
,,,,,,,,,,,,,,,,,,,,,3,,,0,not_enough_blocks,1856,skip,,,,triangle_alpha
,,,,,,,,,,,,,,,,,,,,,3,,,0,not_enough_blocks,1857,skip,,,,triangle_alpha
,,,,,,,,,,,,,,,,,,,,,3,,,0,not_enough_blocks,1858,skip,,,,triangle_alpha
,,,,,,,,,,,,,,,,,,,,,3,,,0,not_enough_blocks,1859,skip,,,,triangle_alpha
,,,,,,,,,,,,,,,,,,,,,3,,,1,not_enough_blocks,1860,skip,,,,triangle_alpha
,,,,,,,,,,,,,,,,,,,,,3,,,0,not_enough_blocks,1861,skip,,,,triangle_alpha
,,,,,,,,,,,,,,,,,,,,,3,,,2,not_enough_blocks,1862,skip,,,,triangle_alpha
,,,,,,,,,,,,,,,,,,,,,3,,,0,not_enough_blocks,1863,skip,,,,triangle_alpha
,,,,,,,,,,,,,,,,,,,,,3,,,0,not_enough_blocks,1864,skip,,,,triangle_alpha
,,,,,,,,,,,,,,,,,,,,,3,,,0,not_enough_blocks,1865,skip,,,,triangle_alpha
,,,,,,,,,,,,,,,,,,,,,3,,,1,not_enough_blocks,1866,skip,,,,triangle_alpha
,,,,,,,,,,,,,,,,,,,,,3,,,0,not_enough_blocks,1867,skip,,,,triangle_alpha
,,,,,,,,,,,,,,,,,,,,,3,,,0,not_enough_blocks,1868,skip,,,,triangle_alpha
,,,,,,,,,,,,,,,,,,,,,3,,,0,not_enough_blocks,1869,skip,,,,triangle_alpha
,,,,,,,,,,,,,,,,,,,,,3,,,0,not_enough_blocks,1870,skip,,,,triangle_alpha
,,,,,,,,,,,,,,,,,,,,,3,,,0,not_enough_blocks,1871,skip,,,,triangle_alpha
,,,,,,,,,,,,,,,,,,,,,3,,,1,not_enough_blocks,1872,skip,,,,triangle_alpha
,,,,,,,,,,,,,,,,,,,,,3,,,0,not_enough_blocks,1873,skip,,,,triangle_alpha
,,,,,,,,,,,,,,,,,,,,,3,,,0,not_enough_blocks,1874,skip,,,,triangle_alpha
,,,,,,,,,,,,,,,,,,,,,3,,,0,not_enough_blocks,1875,skip,,,,triangle_alpha
,,,,,,,,,,,,,,,,,,,,,3,,,0,not_enough_blocks,1876,skip,,,,triangle_alpha
,,,,,,,,,,,,,,,,,,,,,3,,,1,not_enough_blocks,1877,skip,,,,triangle_alpha
,,,,,,,,,,,,,,,,,,,,,3,,,0,not_enough_blocks,1878,skip,,,,triangle_alpha
,,,,,,,,,,,,,,,,,,,,,3,,,0,not_enough_blocks,1879,skip,,,,triangle_alpha
,,,,,,,,,,,,,,,,,,,,,3,,,0,not_enough_blocks,1880,skip,,,,triangle_alpha
,,,,,,,,,,,,,,,,,,,,,3,,,0,not_enough_blocks,1881,skip,,,,triangle_alpha
,,,,,,,,,,,,,,,,,,,,,3,,,0,not_enough_blocks,1882,skip,,,,triangle_alpha
,,,,,,,,,,,,,,,,,,,,,3,,,0,not_enough_blocks,1883,skip,,,,triangle_alpha
,,,,,,,,,,,,,,,,,,,,,3,,,1,not_enough_blocks,1884,skip,,,,triangle_alpha
,,,,,,,,,,,,,,,,,,,,,3,,,1,not_enough_blocks,1885,skip,,,,triangle_alpha
,,,,,,,,,,,,,,,,,,,,,3,,,0,not_enough_blocks,1886,skip,,,,triangle_alpha
,,,,,,,,,,,,,,,,,,,,,3,,,0,not_enough_blocks,1887,skip,,,,triangle_alpha
,,,,,,,,,,,,,,,,,,,,,3,,,1,not_enough_blocks,1888,skip,,,,triangle_alpha
,,,,,,,,,,,,,,,,,,,,,3,,,0,not_enough_blocks,1889,skip,,,,triangle_alpha
,,,,,,,,,,,,,,,,,,,,,3,,,0,not_enough_blocks,1890,skip,,,,triangle_alpha
,,,,,,,,,,,,,,,,,,,,,3,,,0,not_enough_blocks,1891,skip,,,,triangle_alpha
,,,,,,,,,,,,,,,,,,,,,3,,,0,not_enough_blocks,1892,skip,,,,triangle_alpha
,,,,,,,,,,,,,,,,,,,,,3,,,0,not_enough_blocks,1893,skip,,,,triangle_alpha
,,,,,,,,,,,,,,,,,,,,,3,,,0,not_enough_blocks,1894,skip,,,,triangle_alpha
,,,,,,,,,,,,,,,,,,,,,3,,,0,not_enough_blocks,1895,skip,,,,triangle_alpha
,,,,,,,,,,,,,,,,,,,,,3,,,0,not_enough_blocks,1896,skip,,,,triangle_alpha
,,,,,,,,,,,,,,,,,,,,,3,,,0,not_enough_blocks,1897,skip,,,,triangle_alpha
,,,,,,,,,,,,,,,,,,,,,3,,,0,not_enough_blocks,1898,skip,,,,triangle_alpha
,,,,,,,,,,,,,,,,,,,,,3,,,1,not_enough_blocks,1899,skip,,,,triangle_alpha
,,,,,,,,,,,,,,,,,,,,,3,,,0,not_enough_blocks,1900,skip,,,,triangle_alpha
,,,,,,,,,,,,,,,,,,,,,3,,,0,not_enough_blocks,1901,skip,,,,triangle_alpha
,,,,,,,,,,,,,,,,,,,,,3,,,0,not_enough_blocks,1902,skip,,,,triangle_alpha
,,,,,,,,,,,,,,,,,,,,,3,,,0,not_enough_blocks,1903,skip,,,,triangle_alpha
,,,,,,,,,,,,,,,,,,,,,3,,,0,not_enough_blocks,1904,skip,,,,triangle_alpha
,,,,,,,,,,,,,,,,,,,,,3,,,0,not_enough_blocks,1905,skip,,,,triangle_alpha
,,,,,,,,,,,,,,,,,,,,,3,,,1,not_enough_blocks,1906,skip,,,,triangle_alpha
,,,,,,,,,,,,,,,,,,,,,3,,,0,not_enough_blocks,1907,skip,,,,triangle_alpha
,,,,,,,,,,,,,,,,,,,,,3,,,0,not_enough_blocks,1908,skip,,,,triangle_alpha
,,,,,,,,,,,,,,,,,,,,,3,,,1,not_enough_blocks,1909,skip,,,,triangle_alpha
,,,,,,,,,,,,,,,,,,,,,3,,,0,not_enough_blocks,1910,skip,,,,triangle_alpha
,,,,,,,,,,,,,,,,,,,,,3,,,0,not_enough_blocks,1911,skip,,,,triangle_alpha
,,,,,,,,,,,,,,,,,,,,,3,,,0,not_enough_blocks,1912,skip,,,,triangle_alpha
,,,,,,,,,,,,,,,,,,,,,3,,,0,not_enough_blocks,1913,skip,,,,triangle_alpha
,,,,,,,,,,,,,,,,,,,,,3,,,0,not_enough_blocks,1914,skip,,,,triangle_alpha
,,,,,,,,,,,,,,,,,,,,,3,,,1,not_enough_blocks,1915,skip,,,,triangle_alpha
,,,,,,,,,,,,,,,,,,,,,3,,,0,not_enough_blocks,1916,skip,,,,triangle_alpha
,,,,,,,,,,,,,,,,,,,,,3,,,0,not_enough_blocks,1917,skip,,,,triangle_alpha
,,,,,,,,,,,,,,,,,,,,,3,,,0,not_enough_blocks,1918,skip,,,,triangle_alpha
,,,,,,,,,,,,,,,,,,,,,3,,,1,not_enough_blocks,1919,skip,,,,triangle_alpha
,,,,,,,,,,,,,,,,,,,,,3,,,0,not_enough_blocks,1920,skip,,,,triangle_alpha
,,,,,,,,,,,,,,,,,,,,,3,,,0,not_enough_blocks,1921,skip,,,,triangle_alpha
,,,,,,,,,,,,,,,,,,,,,3,,,0,not_enough_blocks,1922,skip,,,,triangle_alpha
,,,,,,,,,,,,,,,,,,,,,3,,,0,not_enough_blocks,1923,skip,,,,triangle_alpha
,,,,,,,,,,,,,,,,,,,,,3,,,1,not_enough_blocks,1924,skip,,,,triangle_alpha
,,,,,,,,,,,,,,,,,,,,,3,,,0,not_enough_blocks,1925,skip,,,,triangle_alpha
,,,,,,,,,,,,,,,,,,,,,3,,,1,not_enough_blocks,1926,skip,,,,triangle_alpha
,,,,,,,,,,,,,,,,,,,,,3,,,0,not_enough_blocks,1927,skip,,,,triangle_alpha
,,,,,,,,,,,,,,,,,,,,,3,,,0,not_enough_blocks,1928,skip,,,,triangle_alpha
,,,,,,,,,,,,,,,,,,,,,3,,,1,not_enough_blocks,1929,skip,,,,triangle_alpha
,,,,,,,,,,,,,,,,,,,,,3,,,0,not_enough_blocks,1930,skip,,,,triangle_alpha
,,,,,,,,,,,,,,,,,,,,,3,,,0,not_enough_blocks,1931,skip,,,,triangle_alpha
,,,,,,,,,,,,,,,,,,,,,3,,,0,not_enough_blocks,1932,skip,,,,triangle_alpha
,,,,,,,,,,,,,,,,,,,,,3,,,2,not_enough_blocks,1933,skip,,,,triangle_alpha
,,,,,,,,,,,,,,,,,,,,,3,,,0,not_enough_blocks,1934,skip,,,,triangle_alpha
,,,,,,,,,,,,,,,,,,,,,3,,,0,not_enough_blocks,1935,skip,,,,triangle_alpha
,,,,,,,,,,,,,,,,,,,,,3,,,0,not_enough_blocks,1936,skip,,,,triangle_alpha
,,,,,,,,,,,,,,,,,,,,,3,,,0,not_enough_blocks,1937,skip,,,,triangle_alpha
,,,,,,,,,,,,,,,,,,,,,3,,,0,not_enough_blocks,1938,skip,,,,triangle_alpha
,,,,,,,,,,,,,,,,,,,,,3,,,0,not_enough_blocks,1939,skip,,,,triangle_alpha
,,,,,,,,,,,,,,,,,,,,,3,,,0,not_enough_blocks,1940,skip,,,,triangle_alpha
,,,,,,,,,,,,,,,,,,,,,3,,,0,not_enough_blocks,1941,skip,,,,triangle_alpha
,,,,,,,,,,,,,,,,,,,,,3,,,0,not_enough_blocks,1942,skip,,,,triangle_alpha
,,,,,,,,,,,,,,,,,,,,,3,,,0,not_enough_blocks,1943,skip,,,,triangle_alpha
,,,,,,,,,,,,,,,,,,,,,3,,,0,not_enough_blocks,1944,skip,,,,triangle_alpha
,,,,,,,,,,,,,,,,,,,,,3,,,0,not_enough_blocks,1945,skip,,,,triangle_alpha
,,,,,,,,,,,,,,,,,,,,,3,,,0,not_enough_blocks,1946,skip,,,,triangle_alpha
,,,,,,,,,,,,,,,,,,,,,3,,,0,not_enough_blocks,1947,skip,,,,triangle_alpha
,,,,,,,,,,,,,,,,,,,,,3,,,0,not_enough_blocks,1948,skip,,,,triangle_alpha
,,,,,,,,,,,,,,,,,,,,,3,,,0,not_enough_blocks,1949,skip,,,,triangle_alpha
,,,,,,,,,,,,,,,,,,,,,3,,,1,not_enough_blocks,1950,skip,,,,triangle_alpha
,,,,,,,,,,,,,,,,,,,,,3,,,0,not_enough_blocks,1951,skip,,,,triangle_alpha
,,,,,,,,,,,,,,,,,,,,,3,,,0,not_enough_blocks,1952,skip,,,,triangle_alpha
,,,,,,,,,,,,,,,,,,,,,3,,,0,not_enough_blocks,1953,skip,,,,triangle_alpha
,,,,,,,,,,,,,,,,,,,,,3,,,0,not_enough_blocks,1954,skip,,,,triangle_alpha
,,,,,,,,,,,,,,,,,,,,,3,,,0,not_enough_blocks,1955,skip,,,,triangle_alpha
,,,,,,,,,,,,,,,,,,,,,3,,,0,not_enough_blocks,1956,skip,,,,triangle_alpha
,,,,,,,,,,,,,,,,,,,,,3,,,0,not_enough_blocks,1957,skip,,,,triangle_alpha
,,,,,,,,,,,,,,,,,,,,,3,,,0,not_enough_blocks,1958,skip,,,,triangle_alpha
,,,,,,,,,,,,,,,,,,,,,3,,,0,not_enough_blocks,1959,skip,,,,triangle_alpha
,,,,,,,,,,,,,,,,,,,,,3,,,0,not_enough_blocks,1960,skip,,,,triangle_alpha
,,,,,,,,,,,,,,,,,,,,,3,,,0,not_enough_blocks,1961,skip,,,,triangle_alpha
,,,,,,,,,,,,,,,,,,,,,3,,,0,not_enough_blocks,1962,skip,,,,triangle_alpha
,,,,,,,,,,,,,,,,,,,,,3,,,0,not_enough_blocks,1963,skip,,,,triangle_alpha
,,,,,,,,,,,,,,,,,,,,,3,,,1,not_enough_blocks,1964,skip,,,,triangle_alpha
,,,,,,,,,,,,,,,,,,,,,3,,,0,not_enough_blocks,1965,skip,,,,triangle_alpha
,,,,,,,,,,,,,,,,,,,,,3,,,0,not_enough_blocks,1966,skip,,,,triangle_alpha
,,,,,,,,,,,,,,,,,,,,,3,,,0,not_enough_blocks,1967,skip,,,,triangle_alpha
,,,,,,,,,,,,,,,,,,,,,3,,,0,not_enough_blocks,1968,skip,,,,triangle_alpha
,,,,,,,,,,,,,,,,,,,,,3,,,0,not_enough_blocks,1969,skip,,,,triangle_alpha
,,,,,,,,,,,,,,,,,,,,,3,,,0,not_enough_blocks,1970,skip,,,,triangle_alpha
,,,,,,,,,,,,,,,,,,,,,3,,,1,not_enough_blocks,1971,skip,,,,triangle_alpha
,,,,,,,,,,,,,,,,,,,,,3,,,0,not_enough_blocks,1972,skip,,,,triangle_alpha
,,,,,,,,,,,,,,,,,,,,,3,,,0,not_enough_blocks,1973,skip,,,,triangle_alpha
,,,,,,,,,,,,,,,,,,,,,3,,,0,not_enough_blocks,1974,skip,,,,triangle_alpha
,,,,,,,,,,,,,,,,,,,,,3,,,0,not_enough_blocks,1975,skip,,,,triangle_alpha
,,,,,,,,,,,,,,,,,,,,,3,,,0,not_enough_blocks,1976,skip,,,,triangle_alpha
,,,,,,,,,,,,,,,,,,,,,3,,,0,not_enough_blocks,1977,skip,,,,triangle_alpha
,,,,,,,,,,,,,,,,,,,,,3,,,0,not_enough_blocks,1978,skip,,,,triangle_alpha
,,,,,,,,,,,,,,,,,,,,,3,,,0,not_enough_blocks,1979,skip,,,,triangle_alpha
,,,,,,,,,,,,,,,,,,,,,3,,,0,not_enough_blocks,1980,skip,,,,triangle_alpha
,,,,,,,,,,,,,,,,,,,,,3,,,0,not_enough_blocks,1981,skip,,,,triangle_alpha
,,,,,,,,,,,,,,,,,,,,,3,,,0,not_enough_blocks,1982,skip,,,,triangle_alpha
,,,,,,,,,,,,,,,,,,,,,3,,,0,not_enough_blocks,1983,skip,,,,triangle_alpha
,,,,,,,,,,,,,,,,,,,,,3,,,0,not_enough_blocks,1984,skip,,,,triangle_alpha
,,,,,,,,,,,,,,,,,,,,,3,,,1,not_enough_blocks,1985,skip,,,,triangle_alpha
,,,,,,,,,,,,,,,,,,,,,3,,,0,not_enough_blocks,1986,skip,,,,triangle_alpha
,,,,,,,,,,,,,,,,,,,,,3,,,0,not_enough_blocks,1987,skip,,,,triangle_alpha
,,,,,,,,,,,,,,,,,,,,,3,,,0,not_enough_blocks,1988,skip,,,,triangle_alpha
,,,,,,,,,,,,,,,,,,,,,3,,,1,not_enough_blocks,1989,skip,,,,triangle_alpha
,,,,,,,,,,,,,,,,,,,,,3,,,1,not_enough_blocks,1990,skip,,,,triangle_alpha
,,,,,,,,,,,,,,,,,,,,,3,,,0,not_enough_blocks,1991,skip,,,,triangle_alpha
,,,,,,,,,,,,,,,,,,,,,3,,,1,not_enough_blocks,1992,skip,,,,triangle_alpha
,,,,,,,,,,,,,,,,,,,,,3,,,0,not_enough_blocks,1993,skip,,,,triangle_alpha
,,,,,,,,,,,,,,,,,,,,,3,,,0,not_enough_blocks,1994,skip,,,,triangle_alpha
,,,,,,,,,,,,,,,,,,,,,3,,,1,not_enough_blocks,1995,skip,,,,triangle_alpha
,,,,,,,,,,,,,,,,,,,,,3,,,1,not_enough_blocks,1996,skip,,,,triangle_alpha
,,,,,,,,,,,,,,,,,,,,,3,,,1,not_enough_blocks,1997,skip,,,,triangle_alpha
,,,,,,,,,,,,,,,,,,,,,3,,,1,not_enough_blocks,1998,skip,,,,triangle_alpha
,,,,,,,,,,,,,,,,,,,,,3,,,0,not_enough_blocks,1999,skip,,,,triangle_alpha
,,,,,,,,,,,,,,,,,,,,,3,,,1,not_enough_blocks,2000,skip,,,,triangle_alpha
,,,,,,,,,,,,,,,,,,,,,3,,,0,not_enough_blocks,2001,skip,,,,triangle_alpha
,,,,,,,,,,,,,,,,,,,,,3,,,0,not_enough_blocks,2002,skip,,,,triangle_alpha
,,,,,,,,,,,,,,,,,,,,,3,,,0,not_enough_blocks,2003,skip,,,,triangle_alpha
,,,,,,,,,,,,,,,,,,,,,3,,,0,not_enough_blocks,2004,skip,,,,triangle_alpha
,,,,,,,,,,,,,,,,,,,,,3,,,0,not_enough_blocks,2005,skip,,,,triangle_alpha
,,,,,,,,,,,,,,,,,,,,,3,,,0,not_enough_blocks,2006,skip,,,,triangle_alpha
,,,,,,,,,,,,,,,,,,,,,3,,,0,not_enough_blocks,2007,skip,,,,triangle_alpha
,,,,,,,,,,,,,,,,,,,,,3,,,0,not_enough_blocks,2008,skip,,,,triangle_alpha
,,,,,,,,,,,,,,,,,,,,,3,,,1,not_enough_blocks,2009,skip,,,,triangle_alpha
,,,,,,,,,,,,,,,,,,,,,3,,,0,not_enough_blocks,2010,skip,,,,triangle_alpha
,,,,,,,,,,,,,,,,,,,,,3,,,0,not_enough_blocks,2011,skip,,,,triangle_alpha
,,,,,,,,,,,,,,,,,,,,,3,,,0,not_enough_blocks,2012,skip,,,,triangle_alpha
,,,,,,,,,,,,,,,,,,,,,3,,,0,not_enough_blocks,2013,skip,,,,triangle_alpha
,,,,,,,,,,,,,,,,,,,,,3,,,1,not_enough_blocks,2014,skip,,,,triangle_alpha
,,,,,,,,,,,,,,,,,,,,,3,,,0,not_enough_blocks,2015,skip,,,,triangle_alpha
,,,,,,,,,,,,,,,,,,,,,3,,,1,not_enough_blocks,2016,skip,,,,triangle_alpha
,,,,,,,,,,,,,,,,,,,,,3,,,0,not_enough_blocks,2017,skip,,,,triangle_alpha
,,,,,,,,,,,,,,,,,,,,,3,,,0,not_enough_blocks,2018,skip,,,,triangle_alpha
,,,,,,,,,,,,,,,,,,,,,3,,,0,not_enough_blocks,2019,skip,,,,triangle_alpha
,,,,,,,,,,,,,,,,,,,,,3,,,0,not_enough_blocks,2020,skip,,,,triangle_alpha
,,,,,,,,,,,,,,,,,,,,,3,,,1,not_enough_blocks,2021,skip,,,,triangle_alpha
,,,,,,,,,,,,,,,,,,,,,3,,,0,not_enough_blocks,2022,skip,,,,triangle_alpha
,,,,,,,,,,,,,,,,,,,,,3,,,1,not_enough_blocks,2023,skip,,,,triangle_alpha
,,,,,,,,,,,,,,,,,,,,,3,,,1,not_enough_blocks,2024,skip,,,,triangle_alpha
,,,,,,,,,,,,,,,,,,,,,3,,,1,not_enough_blocks,2025,skip,,,,triangle_alpha
,,,,,,,,,,,,,,,,,,,,,3,,,0,not_enough_blocks,2026,skip,,,,triangle_alpha
,,,,,,,,,,,,,,,,,,,,,3,,,0,not_enough_blocks,2027,skip,,,,triangle_alpha
,,,,,,,,,,,,,,,,,,,,,3,,,1,not_enough_blocks,2028,skip,,,,triangle_alpha
,,,,,,,,,,,,,,,,,,,,,3,,,0,not_enough_blocks,2029,skip,,,,triangle_alpha
,,,,,,,,,,,,,,,,,,,,,3,,,0,not_enough_blocks,2030,skip,,,,triangle_alpha
,,,,,,,,,,,,,,,,,,,,,3,,,0,not_enough_blocks,2031,skip,,,,triangle_alpha
,,,,,,,,,,,,,,,,,,,,,3,,,1,not_enough_blocks,2032,skip,,,,triangle_alpha
,,,,,,,,,,,,,,,,,,,,,3,,,0,not_enough_blocks,2033,skip,,,,triangle_alpha
,,,,,,,,,,,,,,,,,,,,,3,,,0,not_enough_blocks,2034,skip,,,,triangle_alpha
,,,,,,,,,,,,,,,,,,,,,3,,,0,not_enough_blocks,2035,skip,,,,triangle_alpha
,,,,,,,,,,,,,,,,,,,,,3,,,0,not_enough_blocks,2036,skip,,,,triangle_alpha
,,,,,,,,,,,,,,,,,,,,,3,,,0,not_enough_blocks,2037,skip,,,,triangle_alpha
,,,,,,,,,,,,,,,,,,,,,3,,,0,not_enough_blocks,2038,skip,,,,triangle_alpha
,,,,,,,,,,,,,,,,,,,,,3,,,1,not_enough_blocks,2039,skip,,,,triangle_alpha
,,,,,,,,,,,,,,,,,,,,,3,,,0,not_enough_blocks,2040,skip,,,,triangle_alpha
,,,,,,,,,,,,,,,,,,,,,3,,,0,not_enough_blocks,2041,skip,,,,triangle_alpha
,,,,,,,,,,,,,,,,,,,,,3,,,1,not_enough_blocks,2042,skip,,,,triangle_alpha
,,,,,,,,,,,,,,,,,,,,,3,,,0,not_enough_blocks,2043,skip,,,,triangle_alpha
,,,,,,,,,,,,,,,,,,,,,3,,,0,not_enough_blocks,2044,skip,,,,triangle_alpha
,,,,,,,,,,,,,,,,,,,,,3,,,0,not_enough_blocks,2045,skip,,,,triangle_alpha
,,,,,,,,,,,,,,,,,,,,,3,,,0,not_enough_blocks,2046,skip,,,,triangle_alpha
,,,,,,,,,,,,,,,,,,,,,3,,,0,not_enough_blocks,2047,skip,,,,triangle_alpha
,,,,,,,,,,,,,,,,,,,,,3,,,1,not_enough_blocks,2048,skip,,,,triangle_alpha
,,,,,,,,,,,,,,,,,,,,,3,,,0,not_enough_blocks,2049,skip,,,,triangle_alpha
,,,,,,,,,,,,,,,,,,,,,3,,,0,not_enough_blocks,2050,skip,,,,triangle_alpha
,,,,,,,,,,,,,,,,,,,,,3,,,0,not_enough_blocks,2051,skip,,,,triangle_alpha
,,,,,,,,,,,,,,,,,,,,,3,,,0,not_enough_blocks,2052,skip,,,,triangle_alpha
,,,,,,,,,,,,,,,,,,,,,3,,,0,not_enough_blocks,2053,skip,,,,triangle_alpha
,,,,,,,,,,,,,,,,,,,,,3,,,0,not_enough_blocks,2054,skip,,,,triangle_alpha
,,,,,,,,,,,,,,,,,,,,,3,,,0,not_enough_blocks,2055,skip,,,,triangle_alpha
,,,,,,,,,,,,,,,,,,,,,3,,,0,not_enough_blocks,2056,skip,,,,triangle_alpha
,,,,,,,,,,,,,,,,,,,,,3,,,1,not_enough_blocks,2057,skip,,,,triangle_alpha
,,,,,,,,,,,,,,,,,,,,,3,,,1,not_enough_blocks,2058,skip,,,,triangle_alpha
,,,,,,,,,,,,,,,,,,,,,3,,,0,not_enough_blocks,2059,skip,,,,triangle_alpha
,,,,,,,,,,,,,,,,,,,,,3,,,0,not_enough_blocks,2060,skip,,,,triangle_alpha
,,,,,,,,,,,,,,,,,,,,,3,,,0,not_enough_blocks,2061,skip,,,,triangle_alpha
,,,,,,,,,,,,,,,,,,,,,3,,,0,not_enough_blocks,2062,skip,,,,triangle_alpha
,,,,,,,,,,,,,,,,,,,,,3,,,0,not_enough_blocks,2063,skip,,,,triangle_alpha
,,,,,,,,,,,,,,,,,,,,,3,,,1,not_enough_blocks,2064,skip,,,,triangle_alpha
,,,,,,,,,,,,,,,,,,,,,3,,,0,not_enough_blocks,2065,skip,,,,triangle_alpha
,,,,,,,,,,,,,,,,,,,,,3,,,0,not_enough_blocks,2066,skip,,,,triangle_alpha
,,,,,,,,,,,,,,,,,,,,,3,,,0,not_enough_blocks,2067,skip,,,,triangle_alpha
,,,,,,,,,,,,,,,,,,,,,3,,,0,not_enough_blocks,2068,skip,,,,triangle_alpha
,,,,,,,,,,,,,,,,,,,,,3,,,0,not_enough_blocks,2069,skip,,,,triangle_alpha
,,,,,,,,,,,,,,,,,,,,,3,,,0,not_enough_blocks,2070,skip,,,,triangle_alpha
,,,,,,,,,,,,,,,,,,,,,3,,,0,not_enough_blocks,2071,skip,,,,triangle_alpha
,,,,,,,,,,,,,,,,,,,,,3,,,0,not_enough_blocks,2072,skip,,,,triangle_alpha
,,,,,,,,,,,,,,,,,,,,,3,,,1,not_enough_blocks,2073,skip,,,,triangle_alpha
,,,,,,,,,,,,,,,,,,,,,3,,,0,not_enough_blocks,2074,skip,,,,triangle_alpha
,,,,,,,,,,,,,,,,,,,,,3,,,1,not_enough_blocks,2075,skip,,,,triangle_alpha
,,,,,,,,,,,,,,,,,,,,,3,,,0,not_enough_blocks,2076,skip,,,,triangle_alpha
,,,,,,,,,,,,,,,,,,,,,3,,,0,not_enough_blocks,2077,skip,,,,triangle_alpha
,,,,,,,,,,,,,,,,,,,,,3,,,0,not_enough_blocks,2078,skip,,,,triangle_alpha
,,,,,,,,,,,,,,,,,,,,,3,,,0,not_enough_blocks,2079,skip,,,,triangle_alpha
,,,,,,,,,,,,,,,,,,,,,3,,,0,not_enough_blocks,2080,skip,,,,triangle_alpha
,,,,,,,,,,,,,,,,,,,,,3,,,0,not_enough_blocks,2081,skip,,,,triangle_alpha
,,,,,,,,,,,,,,,,,,,,,3,,,0,not_enough_blocks,2082,skip,,,,triangle_alpha
,,,,,,,,,,,,,,,,,,,,,3,,,0,not_enough_blocks,2083,skip,,,,triangle_alpha
,,,,,,,,,,,,,,,,,,,,,3,,,0,not_enough_blocks,2084,skip,,,,triangle_alpha
,,,,,,,,,,,,,,,,,,,,,3,,,0,not_enough_blocks,2085,skip,,,,triangle_alpha
,,,,,,,,,,,,,,,,,,,,,3,,,0,not_enough_blocks,2086,skip,,,,triangle_alpha
,,,,,,,,,,,,,,,,,,,,,3,,,0,not_enough_blocks,2087,skip,,,,triangle_alpha
,,,,,,,,,,,,,,,,,,,,,3,,,0,not_enough_blocks,2088,skip,,,,triangle_alpha
,,,,,,,,,,,,,,,,,,,,,3,,,0,not_enough_blocks,2089,skip,,,,triangle_alpha
,,,,,,,,,,,,,,,,,,,,,3,,,0,not_enough_blocks,2090,skip,,,,triangle_alpha
,,,,,,,,,,,,,,,,,,,,,3,,,1,not_enough_blocks,2091,skip,,,,triangle_alpha
,,,,,,,,,,,,,,,,,,,,,3,,,0,not_enough_blocks,2092,skip,,,,triangle_alpha
,,,,,,,,,,,,,,,,,,,,,3,,,1,not_enough_blocks,2093,skip,,,,triangle_alpha
,,,,,,,,,,,,,,,,,,,,,3,,,0,not_enough_blocks,2094,skip,,,,triangle_alpha
,,,,,,,,,,,,,,,,,,,,,3,,,0,not_enough_blocks,2095,skip,,,,triangle_alpha
,,,,,,,,,,,,,,,,,,,,,3,,,1,not_enough_blocks,2096,skip,,,,triangle_alpha
,,,,,,,,,,,,,,,,,,,,,3,,,0,not_enough_blocks,2097,skip,,,,triangle_alpha
,,,,,,,,,,,,,,,,,,,,,3,,,0,not_enough_blocks,2098,skip,,,,triangle_alpha
,,,,,,,,,,,,,,,,,,,,,3,,,0,not_enough_blocks,2099,skip,,,,triangle_alpha
,,,,,,,,,,,,,,,,,,,,,3,,,0,not_enough_blocks,2100,skip,,,,triangle_alpha
,,,,,,,,,,,,,,,,,,,,,3,,,1,not_enough_blocks,2101,skip,,,,triangle_alpha
,,,,,,,,,,,,,,,,,,,,,3,,,1,not_enough_blocks,2102,skip,,,,triangle_alpha
,,,,,,,,,,,,,,,,,,,,,3,,,0,not_enough_blocks,2103,skip,,,,triangle_alpha
,,,,,,,,,,,,,,,,,,,,,3,,,0,not_enough_blocks,2104,skip,,,,triangle_alpha
,,,,,,,,,,,,,,,,,,,,,3,,,0,not_enough_blocks,2105,skip,,,,triangle_alpha
,,,,,,,,,,,,,,,,,,,,,3,,,0,not_enough_blocks,2106,skip,,,,triangle_alpha
,,,,,,,,,,,,,,,,,,,,,3,,,0,not_enough_blocks,2107,skip,,,,triangle_alpha
,,,,,,,,,,,,,,,,,,,,,3,,,0,not_enough_blocks,2108,skip,,,,triangle_alpha
,,,,,,,,,,,,,,,,,,,,,3,,,0,not_enough_blocks,2109,skip,,,,triangle_alpha
,,,,,,,,,,,,,,,,,,,,,3,,,0,not_enough_blocks,2110,skip,,,,triangle_alpha
,,,,,,,,,,,,,,,,,,,,,3,,,0,not_enough_blocks,2111,skip,,,,triangle_alpha
,,,,,,,,,,,,,,,,,,,,,3,,,0,not_enough_blocks,2112,skip,,,,triangle_alpha
,,,,,,,,,,,,,,,,,,,,,3,,,0,not_enough_blocks,2113,skip,,,,triangle_alpha
,,,,,,,,,,,,,,,,,,,,,3,,,0,not_enough_blocks,2114,skip,,,,triangle_alpha
,,,,,,,,,,,,,,,,,,,,,3,,,1,not_enough_blocks,2115,skip,,,,triangle_alpha
,,,,,,,,,,,,,,,,,,,,,3,,,0,not_enough_blocks,2116,skip,,,,triangle_alpha
,,,,,,,,,,,,,,,,,,,,,3,,,1,not_enough_blocks,2117,skip,,,,triangle_alpha
,,,,,,,,,,,,,,,,,,,,,3,,,0,not_enough_blocks,2118,skip,,,,triangle_alpha
,,,,,,,,,,,,,,,,,,,,,3,,,1,not_enough_blocks,2119,skip,,,,triangle_alpha
,,,,,,,,,,,,,,,,,,,,,3,,,1,not_enough_blocks,2120,skip,,,,triangle_alpha
,,,,,,,,,,,,,,,,,,,,,3,,,0,not_enough_blocks,2121,skip,,,,triangle_alpha
,,,,,,,,,,,,,,,,,,,,,3,,,1,not_enough_blocks,2122,skip,,,,triangle_alpha
,,,,,,,,,,,,,,,,,,,,,3,,,0,not_enough_blocks,2123,skip,,,,triangle_alpha
,,,,,,,,,,,,,,,,,,,,,3,,,0,not_enough_blocks,2124,skip,,,,triangle_alpha
,,,,,,,,,,,,,,,,,,,,,3,,,0,not_enough_blocks,2125,skip,,,,triangle_alpha
,,,,,,,,,,,,,,,,,,,,,3,,,1,not_enough_blocks,2126,skip,,,,triangle_alpha
,,,,,,,,,,,,,,,,,,,,,3,,,0,not_enough_blocks,2127,skip,,,,triangle_alpha
,,,,,,,,,,,,,,,,,,,,,3,,,0,not_enough_blocks,2128,skip,,,,triangle_alpha
,,,,,,,,,,,,,,,,,,,,,3,,,0,not_enough_blocks,2129,skip,,,,triangle_alpha
,,,,,,,,,,,,,,,,,,,,,3,,,1,not_enough_blocks,2130,skip,,,,triangle_alpha
,,,,,,,,,,,,,,,,,,,,,3,,,0,not_enough_blocks,2131,skip,,,,triangle_alpha
,,,,,,,,,,,,,,,,,,,,,3,,,0,not_enough_blocks,2132,skip,,,,triangle_alpha
,,,,,,,,,,,,,,,,,,,,,3,,,0,not_enough_blocks,2133,skip,,,,triangle_alpha
,,,,,,,,,,,,,,,,,,,,,3,,,0,not_enough_blocks,2134,skip,,,,triangle_alpha
,,,,,,,,,,,,,,,,,,,,,3,,,0,not_enough_blocks,2135,skip,,,,triangle_alpha
,,,,,,,,,,,,,,,,,,,,,3,,,0,not_enough_blocks,2136,skip,,,,triangle_alpha
,,,,,,,,,,,,,,,,,,,,,3,,,0,not_enough_blocks,2137,skip,,,,triangle_alpha
,,,,,,,,,,,,,,,,,,,,,3,,,0,not_enough_blocks,2138,skip,,,,triangle_alpha
,,,,,,,,,,,,,,,,,,,,,3,,,0,not_enough_blocks,2139,skip,,,,triangle_alpha
,,,,,,,,,,,,,,,,,,,,,3,,,0,not_enough_blocks,2140,skip,,,,triangle_alpha
,,,,,,,,,,,,,,,,,,,,,3,,,0,not_enough_blocks,2141,skip,,,,triangle_alpha
,,,,,,,,,,,,,,,,,,,,,3,,,0,not_enough_blocks,2142,skip,,,,triangle_alpha
,,,,,,,,,,,,,,,,,,,,,3,,,1,not_enough_blocks,2143,skip,,,,triangle_alpha
,,,,,,,,,,,,,,,,,,,,,3,,,0,not_enough_blocks,2144,skip,,,,triangle_alpha
,,,,,,,,,,,,,,,,,,,,,3,,,0,not_enough_blocks,2145,skip,,,,triangle_alpha
,,,,,,,,,,,,,,,,,,,,,3,,,0,not_enough_blocks,2146,skip,,,,triangle_alpha
,,,,,,,,,,,,,,,,,,,,,3,,,0,not_enough_blocks,2147,skip,,,,triangle_alpha
,,,,,,,,,,,,,,,,,,,,,3,,,1,not_enough_blocks,2148,skip,,,,triangle_alpha
,,,,,,,,,,,,,,,,,,,,,3,,,0,not_enough_blocks,2149,skip,,,,triangle_alpha
,,,,,,,,,,,,,,,,,,,,,3,,,0,not_enough_blocks,2150,skip,,,,triangle_alpha
,,,,,,,,,,,,,,,,,,,,,3,,,0,not_enough_blocks,2151,skip,,,,triangle_alpha
,,,,,,,,,,,,,,,,,,,,,3,,,0,not_enough_blocks,2152,skip,,,,triangle_alpha
,,,,,,,,,,,,,,,,,,,,,3,,,0,not_enough_blocks,2153,skip,,,,triangle_alpha
,,,,,,,,,,,,,,,,,,,,,3,,,1,not_enough_blocks,2154,skip,,,,triangle_alpha
,,,,,,,,,,,,,,,,,,,,,3,,,0,not_enough_blocks,2155,skip,,,,triangle_alpha
,,,,,,,,,,,,,,,,,,,,,3,,,0,not_enough_blocks,2156,skip,,,,triangle_alpha
,,,,,,,,,,,,,,,,,,,,,3,,,0,not_enough_blocks,2157,skip,,,,triangle_alpha
,,,,,,,,,,,,,,,,,,,,,3,,,0,not_enough_blocks,2158,skip,,,,triangle_alpha
,,,,,,,,,,,,,,,,,,,,,3,,,0,not_enough_blocks,2159,skip,,,,triangle_alpha
0.0209055988413755,"[1.0, 1.0, 1.0]",0.008352480783514955,2.9790944011586244,0.8527979557344507,0.9988838523762159,0.9966170785161752,0.9979336630179583,"[""nucleus"", ""nucleus"", ""nucleus""]","[""alpha_block_0005"", ""alpha_block_0004"", ""alpha_block_0001""]","[""alpha"", ""alpha"", ""alpha""]","[1.0, 1.0, 1.0]","[2.0, 2.0, 2.0]",3,"[2, 2, 2]",0.9916475192164851,True,0.02090559884137555,"[1.0, 1.0, 1.0]",0.612651444519404,3,,"[462.0, 447.0, 618.0]",0.008386459546855296,,locked,2160,ok,True,3.0,carbon12_triple_alpha,triangle_alpha
,,,,,,,,,,,,,,,,,,,,,3,,,2,not_enough_blocks,2161,skip,,,,triangle_alpha
,,,,,,,,,,,,,,,,,,,,,3,,,0,not_enough_blocks,2162,skip,,,,triangle_alpha
,,,,,,,,,,,,,,,,,,,,,3,,,0,not_enough_blocks,2163,skip,,,,triangle_alpha
,,,,,,,,,,,,,,,,,,,,,3,,,0,not_enough_blocks,2164,skip,,,,triangle_alpha
,,,,,,,,,,,,,,,,,,,,,3,,,0,not_enough_blocks,2165,skip,,,,triangle_alpha
,,,,,,,,,,,,,,,,,,,,,3,,,0,not_enough_blocks,2166,skip,,,,triangle_alpha
,,,,,,,,,,,,,,,,,,,,,3,,,0,not_enough_blocks,2167,skip,,,,triangle_alpha
,,,,,,,,,,,,,,,,,,,,,3,,,0,not_enough_blocks,2168,skip,,,,triangle_alpha
,,,,,,,,,,,,,,,,,,,,,3,,,1,not_enough_blocks,2169,skip,,,,triangle_alpha
,,,,,,,,,,,,,,,,,,,,,3,,,0,not_enough_blocks,2170,skip,,,,triangle_alpha
,,,,,,,,,,,,,,,,,,,,,3,,,0,not_enough_blocks,2171,skip,,,,triangle_alpha
,,,,,,,,,,,,,,,,,,,,,3,,,1,not_enough_blocks,2172,skip,,,,triangle_alpha
,,,,,,,,,,,,,,,,,,,,,3,,,0,not_enough_blocks,2173,skip,,,,triangle_alpha
,,,,,,,,,,,,,,,,,,,,,3,,,0,not_enough_blocks,2174,skip,,,,triangle_alpha
,,,,,,,,,,,,,,,,,,,,,3,,,1,not_enough_blocks,2175,skip,,,,triangle_alpha
,,,,,,,,,,,,,,,,,,,,,3,,,0,not_enough_blocks,2176,skip,,,,triangle_alpha
,,,,,,,,,,,,,,,,,,,,,3,,,1,not_enough_blocks,2177,skip,,,,triangle_alpha
,,,,,,,,,,,,,,,,,,,,,3,,,0,not_enough_blocks,2178,skip,,,,triangle_alpha
,,,,,,,,,,,,,,,,,,,,,3,,,0,not_enough_blocks,2179,skip,,,,triangle_alpha
,,,,,,,,,,,,,,,,,,,,,3,,,0,not_enough_blocks,2180,skip,,,,triangle_alpha
,,,,,,,,,,,,,,,,,,,,,3,,,0,not_enough_blocks,2181,skip,,,,triangle_alpha
,,,,,,,,,,,,,,,,,,,,,3,,,1,not_enough_blocks,2182,skip,,,,triangle_alpha
,,,,,,,,,,,,,,,,,,,,,3,,,0,not_enough_blocks,2183,skip,,,,triangle_alpha
,,,,,,,,,,,,,,,,,,,,,3,,,0,not_enough_blocks,2184,skip,,,,triangle_alpha
,,,,,,,,,,,,,,,,,,,,,3,,,1,not_enough_blocks,2185,skip,,,,triangle_alpha
,,,,,,,,,,,,,,,,,,,,,3,,,0,not_enough_blocks,2186,skip,,,,triangle_alpha
,,,,,,,,,,,,,,,,,,,,,3,,,0,not_enough_blocks,2187,skip,,,,triangle_alpha
,,,,,,,,,,,,,,,,,,,,,3,,,0,not_enough_blocks,2188,skip,,,,triangle_alpha
,,,,,,,,,,,,,,,,,,,,,3,,,0,not_enough_blocks,2189,skip,,,,triangle_alpha
,,,,,,,,,,,,,,,,,,,,,3,,,0,not_enough_blocks,2190,skip,,,,triangle_alpha
,,,,,,,,,,,,,,,,,,,,,3,,,0,not_enough_blocks,2191,skip,,,,triangle_alpha
,,,,,,,,,,,,,,,,,,,,,3,,,1,not_enough_blocks,2192,skip,,,,triangle_alpha
,,,,,,,,,,,,,,,,,,,,,3,,,0,not_enough_blocks,2193,skip,,,,triangle_alpha
,,,,,,,,,,,,,,,,,,,,,3,,,0,not_enough_blocks,2194,skip,,,,triangle_alpha
,,,,,,,,,,,,,,,,,,,,,3,,,0,not_enough_blocks,2195,skip,,,,triangle_alpha
,,,,,,,,,,,,,,,,,,,,,3,,,0,not_enough_blocks,2196,skip,,,,triangle_alpha
,,,,,,,,,,,,,,,,,,,,,3,,,0,not_enough_blocks,2197,skip,,,,triangle_alpha
,,,,,,,,,,,,,,,,,,,,,3,,,0,not_enough_blocks,2198,skip,,,,triangle_alpha
,,,,,,,,,,,,,,,,,,,,,3,,,0,not_enough_blocks,2199,skip,,,,triangle_alpha
,,,,,,,,,,,,,,,,,,,,,3,,,0,not_enough_blocks,2200,skip,,,,triangle_alpha
,,,,,,,,,,,,,,,,,,,,,3,,,0,not_enough_blocks,2201,skip,,,,triangle_alpha
,,,,,,,,,,,,,,,,,,,,,3,,,2,not_enough_blocks,2202,skip,,,,triangle_alpha
,,,,,,,,,,,,,,,,,,,,,3,,,0,not_enough_blocks,2203,skip,,,,triangle_alpha
,,,,,,,,,,,,,,,,,,,,,3,,,0,not_enough_blocks,2204,skip,,,,triangle_alpha
,,,,,,,,,,,,,,,,,,,,,3,,,0,not_enough_blocks,2205,skip,,,,triangle_alpha
,,,,,,,,,,,,,,,,,,,,,3,,,0,not_enough_blocks,2206,skip,,,,triangle_alpha
,,,,,,,,,,,,,,,,,,,,,3,,,1,not_enough_blocks,2207,skip,,,,triangle_alpha
,,,,,,,,,,,,,,,,,,,,,3,,,0,not_enough_blocks,2208,skip,,,,triangle_alpha
,,,,,,,,,,,,,,,,,,,,,3,,,0,not_enough_blocks,2209,skip,,,,triangle_alpha
,,,,,,,,,,,,,,,,,,,,,3,,,0,not_enough_blocks,2210,skip,,,,triangle_alpha
,,,,,,,,,,,,,,,,,,,,,3,,,0,not_enough_blocks,2211,skip,,,,triangle_alpha
,,,,,,,,,,,,,,,,,,,,,3,,,0,not_enough_blocks,2212,skip,,,,triangle_alpha
,,,,,,,,,,,,,,,,,,,,,3,,,1,not_enough_blocks,2213,skip,,,,triangle_alpha
,,,,,,,,,,,,,,,,,,,,,3,,,0,not_enough_blocks,2214,skip,,,,triangle_alpha
,,,,,,,,,,,,,,,,,,,,,3,,,1,not_enough_blocks,2215,skip,,,,triangle_alpha
,,,,,,,,,,,,,,,,,,,,,3,,,0,not_enough_blocks,2216,skip,,,,triangle_alpha
,,,,,,,,,,,,,,,,,,,,,3,,,0,not_enough_blocks,2217,skip,,,,triangle_alpha
,,,,,,,,,,,,,,,,,,,,,3,,,0,not_enough_blocks,2218,skip,,,,triangle_alpha
,,,,,,,,,,,,,,,,,,,,,3,,,0,not_enough_blocks,2219,skip,,,,triangle_alpha
,,,,,,,,,,,,,,,,,,,,,3,,,0,not_enough_blocks,2220,skip,,,,triangle_alpha
,,,,,,,,,,,,,,,,,,,,,3,,,0,not_enough_blocks,2221,skip,,,,triangle_alpha
,,,,,,,,,,,,,,,,,,,,,3,,,1,not_enough_blocks,2222,skip,,,,triangle_alpha
,,,,,,,,,,,,,,,,,,,,,3,,,0,not_enough_blocks,2223,skip,,,,triangle_alpha
,,,,,,,,,,,,,,,,,,,,,3,,,0,not_enough_blocks,2224,skip,,,,triangle_alpha
,,,,,,,,,,,,,,,,,,,,,3,,,0,not_enough_blocks,2225,skip,,,,triangle_alpha
,,,,,,,,,,,,,,,,,,,,,3,,,0,not_enough_blocks,2226,skip,,,,triangle_alpha
,,,,,,,,,,,,,,,,,,,,,3,,,0,not_enough_blocks,2227,skip,,,,triangle_alpha
,,,,,,,,,,,,,,,,,,,,,3,,,0,not_enough_blocks,2228,skip,,,,triangle_alpha
,,,,,,,,,,,,,,,,,,,,,3,,,0,not_enough_blocks,2229,skip,,,,triangle_alpha
,,,,,,,,,,,,,,,,,,,,,3,,,0,not_enough_blocks,2230,skip,,,,triangle_alpha
,,,,,,,,,,,,,,,,,,,,,3,,,0,not_enough_blocks,2231,skip,,,,triangle_alpha
,,,,,,,,,,,,,,,,,,,,,3,,,0,not_enough_blocks,2232,skip,,,,triangle_alpha
,,,,,,,,,,,,,,,,,,,,,3,,,0,not_enough_blocks,2233,skip,,,,triangle_alpha
,,,,,,,,,,,,,,,,,,,,,3,,,1,not_enough_blocks,2234,skip,,,,triangle_alpha
,,,,,,,,,,,,,,,,,,,,,3,,,0,not_enough_blocks,2235,skip,,,,triangle_alpha
,,,,,,,,,,,,,,,,,,,,,3,,,0,not_enough_blocks,2236,skip,,,,triangle_alpha
,,,,,,,,,,,,,,,,,,,,,3,,,0,not_enough_blocks,2237,skip,,,,triangle_alpha
,,,,,,,,,,,,,,,,,,,,,3,,,0,not_enough_blocks,2238,skip,,,,triangle_alpha
,,,,,,,,,,,,,,,,,,,,,3,,,0,not_enough_blocks,2239,skip,,,,triangle_alpha
,,,,,,,,,,,,,,,,,,,,,3,,,0,not_enough_blocks,2240,skip,,,,triangle_alpha
,,,,,,,,,,,,,,,,,,,,,3,,,1,not_enough_blocks,2241,skip,,,,triangle_alpha
,,,,,,,,,,,,,,,,,,,,,3,,,0,not_enough_blocks,2242,skip,,,,triangle_alpha
,,,,,,,,,,,,,,,,,,,,,3,,,0,not_enough_blocks,2243,skip,,,,triangle_alpha
,,,,,,,,,,,,,,,,,,,,,3,,,1,not_enough_blocks,2244,skip,,,,triangle_alpha
,,,,,,,,,,,,,,,,,,,,,3,,,0,not_enough_blocks,2245,skip,,,,triangle_alpha
,,,,,,,,,,,,,,,,,,,,,3,,,0,not_enough_blocks,2246,skip,,,,triangle_alpha
,,,,,,,,,,,,,,,,,,,,,3,,,0,not_enough_blocks,2247,skip,,,,triangle_alpha
,,,,,,,,,,,,,,,,,,,,,3,,,0,not_enough_blocks,2248,skip,,,,triangle_alpha
,,,,,,,,,,,,,,,,,,,,,3,,,0,not_enough_blocks,2249,skip,,,,triangle_alpha
,,,,,,,,,,,,,,,,,,,,,3,,,0,not_enough_blocks,2250,skip,,,,triangle_alpha
,,,,,,,,,,,,,,,,,,,,,3,,,0,not_enough_blocks,2251,skip,,,,triangle_alpha
,,,,,,,,,,,,,,,,,,,,,3,,,0,not_enough_blocks,2252,skip,,,,triangle_alpha
,,,,,,,,,,,,,,,,,,,,,3,,,0,not_enough_blocks,2253,skip,,,,triangle_alpha
,,,,,,,,,,,,,,,,,,,,,3,,,1,not_enough_blocks,2254,skip,,,,triangle_alpha
,,,,,,,,,,,,,,,,,,,,,3,,,0,not_enough_blocks,2255,skip,,,,triangle_alpha
,,,,,,,,,,,,,,,,,,,,,3,,,0,not_enough_blocks,2256,skip,,,,triangle_alpha
,,,,,,,,,,,,,,,,,,,,,3,,,0,not_enough_blocks,2257,skip,,,,triangle_alpha
,,,,,,,,,,,,,,,,,,,,,3,,,0,not_enough_blocks,2258,skip,,,,triangle_alpha
,,,,,,,,,,,,,,,,,,,,,3,,,0,not_enough_blocks,2259,skip,,,,triangle_alpha
,,,,,,,,,,,,,,,,,,,,,3,,,0,not_enough_blocks,2260,skip,,,,triangle_alpha
,,,,,,,,,,,,,,,,,,,,,3,,,0,not_enough_blocks,2261,skip,,,,triangle_alpha
,,,,,,,,,,,,,,,,,,,,,3,,,0,not_enough_blocks,2262,skip,,,,triangle_alpha
,,,,,,,,,,,,,,,,,,,,,3,,,0,not_enough_blocks,2263,skip,,,,triangle_alpha
,,,,,,,,,,,,,,,,,,,,,3,,,0,not_enough_blocks,2264,skip,,,,triangle_alpha
,,,,,,,,,,,,,,,,,,,,,3,,,0,not_enough_blocks,2265,skip,,,,triangle_alpha
,,,,,,,,,,,,,,,,,,,,,3,,,0,not_enough_blocks,2266,skip,,,,triangle_alpha
,,,,,,,,,,,,,,,,,,,,,3,,,0,not_enough_blocks,2267,skip,,,,triangle_alpha
,,,,,,,,,,,,,,,,,,,,,3,,,0,not_enough_blocks,2268,skip,,,,triangle_alpha
,,,,,,,,,,,,,,,,,,,,,3,,,0,not_enough_blocks,2269,skip,,,,triangle_alpha
,,,,,,,,,,,,,,,,,,,,,3,,,0,not_enough_blocks,2270,skip,,,,triangle_alpha
,,,,,,,,,,,,,,,,,,,,,3,,,0,not_enough_blocks,2271,skip,,,,triangle_alpha
,,,,,,,,,,,,,,,,,,,,,3,,,0,not_enough_blocks,2272,skip,,,,triangle_alpha
,,,,,,,,,,,,,,,,,,,,,3,,,0,not_enough_blocks,2273,skip,,,,triangle_alpha
,,,,,,,,,,,,,,,,,,,,,3,,,0,not_enough_blocks,2274,skip,,,,triangle_alpha
,,,,,,,,,,,,,,,,,,,,,3,,,0,not_enough_blocks,2275,skip,,,,triangle_alpha
,,,,,,,,,,,,,,,,,,,,,3,,,0,not_enough_blocks,2276,skip,,,,triangle_alpha
,,,,,,,,,,,,,,,,,,,,,3,,,0,not_enough_blocks,2277,skip,,,,triangle_alpha
,,,,,,,,,,,,,,,,,,,,,3,,,0,not_enough_blocks,2278,skip,,,,triangle_alpha
,,,,,,,,,,,,,,,,,,,,,3,,,0,not_enough_blocks,2279,skip,,,,triangle_alpha
,,,,,,,,,,,,,,,,,,,,,3,,,0,not_enough_blocks,2280,skip,,,,triangle_alpha
,,,,,,,,,,,,,,,,,,,,,3,,,0,not_enough_blocks,2281,skip,,,,triangle_alpha
,,,,,,,,,,,,,,,,,,,,,3,,,0,not_enough_blocks,2282,skip,,,,triangle_alpha
,,,,,,,,,,,,,,,,,,,,,3,,,0,not_enough_blocks,2283,skip,,,,triangle_alpha
,,,,,,,,,,,,,,,,,,,,,3,,,0,not_enough_blocks,2284,skip,,,,triangle_alpha
,,,,,,,,,,,,,,,,,,,,,3,,,0,not_enough_blocks,2285,skip,,,,triangle_alpha
,,,,,,,,,,,,,,,,,,,,,3,,,1,not_enough_blocks,2286,skip,,,,triangle_alpha
,,,,,,,,,,,,,,,,,,,,,3,,,1,not_enough_blocks,2287,skip,,,,triangle_alpha
,,,,,,,,,,,,,,,,,,,,,3,,,0,not_enough_blocks,2288,skip,,,,triangle_alpha
,,,,,,,,,,,,,,,,,,,,,3,,,0,not_enough_blocks,2289,skip,,,,triangle_alpha
,,,,,,,,,,,,,,,,,,,,,3,,,0,not_enough_blocks,2290,skip,,,,triangle_alpha
,,,,,,,,,,,,,,,,,,,,,3,,,1,not_enough_blocks,2291,skip,,,,triangle_alpha
,,,,,,,,,,,,,,,,,,,,,3,,,0,not_enough_blocks,2292,skip,,,,triangle_alpha
,,,,,,,,,,,,,,,,,,,,,3,,,0,not_enough_blocks,2293,skip,,,,triangle_alpha
,,,,,,,,,,,,,,,,,,,,,3,,,0,not_enough_blocks,2294,skip,,,,triangle_alpha
,,,,,,,,,,,,,,,,,,,,,3,,,0,not_enough_blocks,2295,skip,,,,triangle_alpha
,,,,,,,,,,,,,,,,,,,,,3,,,0,not_enough_blocks,2296,skip,,,,triangle_alpha
,,,,,,,,,,,,,,,,,,,,,3,,,0,not_enough_blocks,2297,skip,,,,triangle_alpha
,,,,,,,,,,,,,,,,,,,,,3,,,1,not_enough_blocks,2298,skip,,,,triangle_alpha
,,,,,,,,,,,,,,,,,,,,,3,,,0,not_enough_blocks,2299,skip,,,,triangle_alpha
,,,,,,,,,,,,,,,,,,,,,3,,,0,not_enough_blocks,2300,skip,,,,triangle_alpha
,,,,,,,,,,,,,,,,,,,,,3,,,1,not_enough_blocks,2301,skip,,,,triangle_alpha
,,,,,,,,,,,,,,,,,,,,,3,,,1,not_enough_blocks,2302,skip,,,,triangle_alpha
,,,,,,,,,,,,,,,,,,,,,3,,,0,not_enough_blocks,2303,skip,,,,triangle_alpha
,,,,,,,,,,,,,,,,,,,,,3,,,0,not_enough_blocks,2304,skip,,,,triangle_alpha
,,,,,,,,,,,,,,,,,,,,,3,,,0,not_enough_blocks,2305,skip,,,,triangle_alpha
,,,,,,,,,,,,,,,,,,,,,3,,,0,not_enough_blocks,2306,skip,,,,triangle_alpha
,,,,,,,,,,,,,,,,,,,,,3,,,0,not_enough_blocks,2307,skip,,,,triangle_alpha
,,,,,,,,,,,,,,,,,,,,,3,,,0,not_enough_blocks,2308,skip,,,,triangle_alpha
,,,,,,,,,,,,,,,,,,,,,3,,,0,not_enough_blocks,2309,skip,,,,triangle_alpha
,,,,,,,,,,,,,,,,,,,,,3,,,0,not_enough_blocks,2310,skip,,,,triangle_alpha
,,,,,,,,,,,,,,,,,,,,,3,,,0,not_enough_blocks,2311,skip,,,,triangle_alpha
,,,,,,,,,,,,,,,,,,,,,3,,,1,not_enough_blocks,2312,skip,,,,triangle_alpha
,,,,,,,,,,,,,,,,,,,,,3,,,0,not_enough_blocks,2313,skip,,,,triangle_alpha
,,,,,,,,,,,,,,,,,,,,,3,,,0,not_enough_blocks,2314,skip,,,,triangle_alpha
,,,,,,,,,,,,,,,,,,,,,3,,,0,not_enough_blocks,2315,skip,,,,triangle_alpha
,,,,,,,,,,,,,,,,,,,,,3,,,0,not_enough_blocks,2316,skip,,,,triangle_alpha
,,,,,,,,,,,,,,,,,,,,,3,,,0,not_enough_blocks,2317,skip,,,,triangle_alpha
,,,,,,,,,,,,,,,,,,,,,3,,,0,not_enough_blocks,2318,skip,,,,triangle_alpha
,,,,,,,,,,,,,,,,,,,,,3,,,0,not_enough_blocks,2319,skip,,,,triangle_alpha
,,,,,,,,,,,,,,,,,,,,,3,,,1,not_enough_blocks,2320,skip,,,,triangle_alpha
,,,,,,,,,,,,,,,,,,,,,3,,,0,not_enough_blocks,2321,skip,,,,triangle_alpha
,,,,,,,,,,,,,,,,,,,,,3,,,0,not_enough_blocks,2322,skip,,,,triangle_alpha
,,,,,,,,,,,,,,,,,,,,,3,,,0,not_enough_blocks,2323,skip,,,,triangle_alpha
,,,,,,,,,,,,,,,,,,,,,3,,,0,not_enough_blocks,2324,skip,,,,triangle_alpha
,,,,,,,,,,,,,,,,,,,,,3,,,1,not_enough_blocks,2325,skip,,,,triangle_alpha
,,,,,,,,,,,,,,,,,,,,,3,,,0,not_enough_blocks,2326,skip,,,,triangle_alpha
,,,,,,,,,,,,,,,,,,,,,3,,,0,not_enough_blocks,2327,skip,,,,triangle_alpha
,,,,,,,,,,,,,,,,,,,,,3,,,0,not_enough_blocks,2328,skip,,,,triangle_alpha
,,,,,,,,,,,,,,,,,,,,,3,,,0,not_enough_blocks,2329,skip,,,,triangle_alpha
,,,,,,,,,,,,,,,,,,,,,3,,,0,not_enough_blocks,2330,skip,,,,triangle_alpha
,,,,,,,,,,,,,,,,,,,,,3,,,0,not_enough_blocks,2331,skip,,,,triangle_alpha
,,,,,,,,,,,,,,,,,,,,,3,,,0,not_enough_blocks,2332,skip,,,,triangle_alpha
,,,,,,,,,,,,,,,,,,,,,3,,,2,not_enough_blocks,2333,skip,,,,triangle_alpha
,,,,,,,,,,,,,,,,,,,,,3,,,0,not_enough_blocks,2334,skip,,,,triangle_alpha
,,,,,,,,,,,,,,,,,,,,,3,,,1,not_enough_blocks,2335,skip,,,,triangle_alpha
,,,,,,,,,,,,,,,,,,,,,3,,,0,not_enough_blocks,2336,skip,,,,triangle_alpha
,,,,,,,,,,,,,,,,,,,,,3,,,1,not_enough_blocks,2337,skip,,,,triangle_alpha
,,,,,,,,,,,,,,,,,,,,,3,,,0,not_enough_blocks,2338,skip,,,,triangle_alpha
,,,,,,,,,,,,,,,,,,,,,3,,,0,not_enough_blocks,2339,skip,,,,triangle_alpha
,,,,,,,,,,,,,,,,,,,,,3,,,2,not_enough_blocks,2340,skip,,,,triangle_alpha
,,,,,,,,,,,,,,,,,,,,,3,,,1,not_enough_blocks,2341,skip,,,,triangle_alpha
,,,,,,,,,,,,,,,,,,,,,3,,,0,not_enough_blocks,2342,skip,,,,triangle_alpha
,,,,,,,,,,,,,,,,,,,,,3,,,0,not_enough_blocks,2343,skip,,,,triangle_alpha
,,,,,,,,,,,,,,,,,,,,,3,,,0,not_enough_blocks,2344,skip,,,,triangle_alpha
,,,,,,,,,,,,,,,,,,,,,3,,,0,not_enough_blocks,2345,skip,,,,triangle_alpha
,,,,,,,,,,,,,,,,,,,,,3,,,0,not_enough_blocks,2346,skip,,,,triangle_alpha
,,,,,,,,,,,,,,,,,,,,,3,,,0,not_enough_blocks,2347,skip,,,,triangle_alpha
,,,,,,,,,,,,,,,,,,,,,3,,,0,not_enough_blocks,2348,skip,,,,triangle_alpha
,,,,,,,,,,,,,,,,,,,,,3,,,0,not_enough_blocks,2349,skip,,,,triangle_alpha
,,,,,,,,,,,,,,,,,,,,,3,,,0,not_enough_blocks,2350,skip,,,,triangle_alpha
,,,,,,,,,,,,,,,,,,,,,3,,,0,not_enough_blocks,2351,skip,,,,triangle_alpha
,,,,,,,,,,,,,,,,,,,,,3,,,0,not_enough_blocks,2352,skip,,,,triangle_alpha
,,,,,,,,,,,,,,,,,,,,,3,,,0,not_enough_blocks,2353,skip,,,,triangle_alpha
,,,,,,,,,,,,,,,,,,,,,3,,,0,not_enough_blocks,2354,skip,,,,triangle_alpha
,,,,,,,,,,,,,,,,,,,,,3,,,1,not_enough_blocks,2355,skip,,,,triangle_alpha
,,,,,,,,,,,,,,,,,,,,,3,,,0,not_enough_blocks,2356,skip,,,,triangle_alpha
,,,,,,,,,,,,,,,,,,,,,3,,,0,not_enough_blocks,2357,skip,,,,triangle_alpha
,,,,,,,,,,,,,,,,,,,,,3,,,0,not_enough_blocks,2358,skip,,,,triangle_alpha
,,,,,,,,,,,,,,,,,,,,,3,,,0,not_enough_blocks,2359,skip,,,,triangle_alpha
,,,,,,,,,,,,,,,,,,,,,3,,,1,not_enough_blocks,2360,skip,,,,triangle_alpha
,,,,,,,,,,,,,,,,,,,,,3,,,0,not_enough_blocks,2361,skip,,,,triangle_alpha
,,,,,,,,,,,,,,,,,,,,,3,,,0,not_enough_blocks,2362,skip,,,,triangle_alpha
,,,,,,,,,,,,,,,,,,,,,3,,,0,not_enough_blocks,2363,skip,,,,triangle_alpha
,,,,,,,,,,,,,,,,,,,,,3,,,0,not_enough_blocks,2364,skip,,,,triangle_alpha
,,,,,,,,,,,,,,,,,,,,,3,,,0,not_enough_blocks,2365,skip,,,,triangle_alpha
,,,,,,,,,,,,,,,,,,,,,3,,,0,not_enough_blocks,2366,skip,,,,triangle_alpha
,,,,,,,,,,,,,,,,,,,,,3,,,0,not_enough_blocks,2367,skip,,,,triangle_alpha
0.02093735116756384,"[1.0, 1.0, 1.0]",0.010963741087642734,2.979062648832436,0.8504585840454579,0.9984757125167762,0.9985387824325201,0.997811540635885,"[""nucleus"", ""nucleus"", ""nucleus""]","[""alpha_block_0001"", ""alpha_block_0001"", ""alpha_block_0001""]","[""alpha"", ""alpha"", ""alpha""]","[1.0, 1.0, 1.0]","[2.0, 2.0, 2.0]",3,"[2, 2, 2]",0.9890362589123572,True,0.0209373511675639,"[1.0, 1.0, 1.0]",0.5999777946601454,3,,"[618.0, 618.0, 618.0]",0.011885526978844619,,locked,2368,ok,True,3.0,carbon12_triple_alpha,triangle_alpha
,,,,,,,,,,,,,,,,,,,,,3,,,1,not_enough_blocks,2369,skip,,,,triangle_alpha
,,,,,,,,,,,,,,,,,,,,,3,,,0,not_enough_blocks,2370,skip,,,,triangle_alpha
,,,,,,,,,,,,,,,,,,,,,3,,,0,not_enough_blocks,2371,skip,,,,triangle_alpha
,,,,,,,,,,,,,,,,,,,,,3,,,0,not_enough_blocks,2372,skip,,,,triangle_alpha
,,,,,,,,,,,,,,,,,,,,,3,,,1,not_enough_blocks,2373,skip,,,,triangle_alpha
,,,,,,,,,,,,,,,,,,,,,3,,,0,not_enough_blocks,2374,skip,,,,triangle_alpha
,,,,,,,,,,,,,,,,,,,,,3,,,0,not_enough_blocks,2375,skip,,,,triangle_alpha
,,,,,,,,,,,,,,,,,,,,,3,,,0,not_enough_blocks,2376,skip,,,,triangle_alpha
,,,,,,,,,,,,,,,,,,,,,3,,,0,not_enough_blocks,2377,skip,,,,triangle_alpha
,,,,,,,,,,,,,,,,,,,,,3,,,0,not_enough_blocks,2378,skip,,,,triangle_alpha
,,,,,,,,,,,,,,,,,,,,,3,,,0,not_enough_blocks,2379,skip,,,,triangle_alpha
,,,,,,,,,,,,,,,,,,,,,3,,,0,not_enough_blocks,2380,skip,,,,triangle_alpha
,,,,,,,,,,,,,,,,,,,,,3,,,1,not_enough_blocks,2381,skip,,,,triangle_alpha
,,,,,,,,,,,,,,,,,,,,,3,,,0,not_enough_blocks,2382,skip,,,,triangle_alpha
,,,,,,,,,,,,,,,,,,,,,3,,,0,not_enough_blocks,2383,skip,,,,triangle_alpha
,,,,,,,,,,,,,,,,,,,,,3,,,1,not_enough_blocks,2384,skip,,,,triangle_alpha
,,,,,,,,,,,,,,,,,,,,,3,,,0,not_enough_blocks,2385,skip,,,,triangle_alpha
,,,,,,,,,,,,,,,,,,,,,3,,,0,not_enough_blocks,2386,skip,,,,triangle_alpha
,,,,,,,,,,,,,,,,,,,,,3,,,0,not_enough_blocks,2387,skip,,,,triangle_alpha
,,,,,,,,,,,,,,,,,,,,,3,,,1,not_enough_blocks,2388,skip,,,,triangle_alpha
,,,,,,,,,,,,,,,,,,,,,3,,,0,not_enough_blocks,2389,skip,,,,triangle_alpha
,,,,,,,,,,,,,,,,,,,,,3,,,1,not_enough_blocks,2390,skip,,,,triangle_alpha
,,,,,,,,,,,,,,,,,,,,,3,,,0,not_enough_blocks,2391,skip,,,,triangle_alpha
,,,,,,,,,,,,,,,,,,,,,3,,,0,not_enough_blocks,2392,skip,,,,triangle_alpha
,,,,,,,,,,,,,,,,,,,,,3,,,0,not_enough_blocks,2393,skip,,,,triangle_alpha
,,,,,,,,,,,,,,,,,,,,,3,,,0,not_enough_blocks,2394,skip,,,,triangle_alpha
,,,,,,,,,,,,,,,,,,,,,3,,,1,not_enough_blocks,2395,skip,,,,triangle_alpha
,,,,,,,,,,,,,,,,,,,,,3,,,1,not_enough_blocks,2396,skip,,,,triangle_alpha
,,,,,,,,,,,,,,,,,,,,,3,,,0,not_enough_blocks,2397,skip,,,,triangle_alpha
,,,,,,,,,,,,,,,,,,,,,3,,,0,not_enough_blocks,2398,skip,,,,triangle_alpha
,,,,,,,,,,,,,,,,,,,,,3,,,0,not_enough_blocks,2399,skip,,,,triangle_alpha
,,,,,,,,,,,,,,,,,,,,,3,,,0,not_enough_blocks,2400,skip,,,,triangle_alpha
,,,,,,,,,,,,,,,,,,,,,3,,,0,not_enough_blocks,2401,skip,,,,triangle_alpha
,,,,,,,,,,,,,,,,,,,,,3,,,0,not_enough_blocks,2402,skip,,,,triangle_alpha
,,,,,,,,,,,,,,,,,,,,,3,,,0,not_enough_blocks,2403,skip,,,,triangle_alpha
,,,,,,,,,,,,,,,,,,,,,3,,,0,not_enough_blocks,2404,skip,,,,triangle_alpha
,,,,,,,,,,,,,,,,,,,,,3,,,0,not_enough_blocks,2405,skip,,,,triangle_alpha
,,,,,,,,,,,,,,,,,,,,,3,,,0,not_enough_blocks,2406,skip,,,,triangle_alpha
,,,,,,,,,,,,,,,,,,,,,3,,,1,not_enough_blocks,2407,skip,,,,triangle_alpha
,,,,,,,,,,,,,,,,,,,,,3,,,0,not_enough_blocks,2408,skip,,,,triangle_alpha
,,,,,,,,,,,,,,,,,,,,,3,,,0,not_enough_blocks,2409,skip,,,,triangle_alpha
,,,,,,,,,,,,,,,,,,,,,3,,,2,not_enough_blocks,2410,skip,,,,triangle_alpha
,,,,,,,,,,,,,,,,,,,,,3,,,0,not_enough_blocks,2411,skip,,,,triangle_alpha
,,,,,,,,,,,,,,,,,,,,,3,,,1,not_enough_blocks,2412,skip,,,,triangle_alpha
,,,,,,,,,,,,,,,,,,,,,3,,,0,not_enough_blocks,2413,skip,,,,triangle_alpha
,,,,,,,,,,,,,,,,,,,,,3,,,0,not_enough_blocks,2414,skip,,,,triangle_alpha
,,,,,,,,,,,,,,,,,,,,,3,,,0,not_enough_blocks,2415,skip,,,,triangle_alpha
,,,,,,,,,,,,,,,,,,,,,3,,,0,not_enough_blocks,2416,skip,,,,triangle_alpha
,,,,,,,,,,,,,,,,,,,,,3,,,0,not_enough_blocks,2417,skip,,,,triangle_alpha
,,,,,,,,,,,,,,,,,,,,,3,,,0,not_enough_blocks,2418,skip,,,,triangle_alpha
,,,,,,,,,,,,,,,,,,,,,3,,,0,not_enough_blocks,2419,skip,,,,triangle_alpha
,,,,,,,,,,,,,,,,,,,,,3,,,0,not_enough_blocks,2420,skip,,,,triangle_alpha
,,,,,,,,,,,,,,,,,,,,,3,,,0,not_enough_blocks,2421,skip,,,,triangle_alpha
,,,,,,,,,,,,,,,,,,,,,3,,,0,not_enough_blocks,2422,skip,,,,triangle_alpha
,,,,,,,,,,,,,,,,,,,,,3,,,0,not_enough_blocks,2423,skip,,,,triangle_alpha
,,,,,,,,,,,,,,,,,,,,,3,,,0,not_enough_blocks,2424,skip,,,,triangle_alpha
,,,,,,,,,,,,,,,,,,,,,3,,,1,not_enough_blocks,2425,skip,,,,triangle_alpha
,,,,,,,,,,,,,,,,,,,,,3,,,0,not_enough_blocks,2426,skip,,,,triangle_alpha
,,,,,,,,,,,,,,,,,,,,,3,,,0,not_enough_blocks,2427,skip,,,,triangle_alpha
,,,,,,,,,,,,,,,,,,,,,3,,,0,not_enough_blocks,2428,skip,,,,triangle_alpha
,,,,,,,,,,,,,,,,,,,,,3,,,1,not_enough_blocks,2429,skip,,,,triangle_alpha
,,,,,,,,,,,,,,,,,,,,,3,,,1,not_enough_blocks,2430,skip,,,,triangle_alpha
,,,,,,,,,,,,,,,,,,,,,3,,,0,not_enough_blocks,2431,skip,,,,triangle_alpha
,,,,,,,,,,,,,,,,,,,,,3,,,0,not_enough_blocks,2432,skip,,,,triangle_alpha
,,,,,,,,,,,,,,,,,,,,,3,,,0,not_enough_blocks,2433,skip,,,,triangle_alpha
,,,,,,,,,,,,,,,,,,,,,3,,,0,not_enough_blocks,2434,skip,,,,triangle_alpha
,,,,,,,,,,,,,,,,,,,,,3,,,0,not_enough_blocks,2435,skip,,,,triangle_alpha
,,,,,,,,,,,,,,,,,,,,,3,,,0,not_enough_blocks,2436,skip,,,,triangle_alpha
,,,,,,,,,,,,,,,,,,,,,3,,,0,not_enough_blocks,2437,skip,,,,triangle_alpha
,,,,,,,,,,,,,,,,,,,,,3,,,0,not_enough_blocks,2438,skip,,,,triangle_alpha
,,,,,,,,,,,,,,,,,,,,,3,,,1,not_enough_blocks,2439,skip,,,,triangle_alpha
,,,,,,,,,,,,,,,,,,,,,3,,,0,not_enough_blocks,2440,skip,,,,triangle_alpha
,,,,,,,,,,,,,,,,,,,,,3,,,0,not_enough_blocks,2441,skip,,,,triangle_alpha
,,,,,,,,,,,,,,,,,,,,,3,,,0,not_enough_blocks,2442,skip,,,,triangle_alpha
,,,,,,,,,,,,,,,,,,,,,3,,,0,not_enough_blocks,2443,skip,,,,triangle_alpha
,,,,,,,,,,,,,,,,,,,,,3,,,0,not_enough_blocks,2444,skip,,,,triangle_alpha
,,,,,,,,,,,,,,,,,,,,,3,,,0,not_enough_blocks,2445,skip,,,,triangle_alpha
,,,,,,,,,,,,,,,,,,,,,3,,,0,not_enough_blocks,2446,skip,,,,triangle_alpha
,,,,,,,,,,,,,,,,,,,,,3,,,0,not_enough_blocks,2447,skip,,,,triangle_alpha
,,,,,,,,,,,,,,,,,,,,,3,,,1,not_enough_blocks,2448,skip,,,,triangle_alpha
,,,,,,,,,,,,,,,,,,,,,3,,,1,not_enough_blocks,2449,skip,,,,triangle_alpha
,,,,,,,,,,,,,,,,,,,,,3,,,1,not_enough_blocks,2450,skip,,,,triangle_alpha
,,,,,,,,,,,,,,,,,,,,,3,,,2,not_enough_blocks,2451,skip,,,,triangle_alpha
,,,,,,,,,,,,,,,,,,,,,3,,,0,not_enough_blocks,2452,skip,,,,triangle_alpha
,,,,,,,,,,,,,,,,,,,,,3,,,0,not_enough_blocks,2453,skip,,,,triangle_alpha
,,,,,,,,,,,,,,,,,,,,,3,,,0,not_enough_blocks,2454,skip,,,,triangle_alpha
,,,,,,,,,,,,,,,,,,,,,3,,,0,not_enough_blocks,2455,skip,,,,triangle_alpha
,,,,,,,,,,,,,,,,,,,,,3,,,0,not_enough_blocks,2456,skip,,,,triangle_alpha
,,,,,,,,,,,,,,,,,,,,,3,,,0,not_enough_blocks,2457,skip,,,,triangle_alpha
,,,,,,,,,,,,,,,,,,,,,3,,,0,not_enough_blocks,2458,skip,,,,triangle_alpha
,,,,,,,,,,,,,,,,,,,,,3,,,0,not_enough_blocks,2459,skip,,,,triangle_alpha
,,,,,,,,,,,,,,,,,,,,,3,,,0,not_enough_blocks,2460,skip,,,,triangle_alpha
,,,,,,,,,,,,,,,,,,,,,3,,,0,not_enough_blocks,2461,skip,,,,triangle_alpha
,,,,,,,,,,,,,,,,,,,,,3,,,1,not_enough_blocks,2462,skip,,,,triangle_alpha
,,,,,,,,,,,,,,,,,,,,,3,,,0,not_enough_blocks,2463,skip,,,,triangle_alpha
,,,,,,,,,,,,,,,,,,,,,3,,,0,not_enough_blocks,2464,skip,,,,triangle_alpha
,,,,,,,,,,,,,,,,,,,,,3,,,0,not_enough_blocks,2465,skip,,,,triangle_alpha
,,,,,,,,,,,,,,,,,,,,,3,,,0,not_enough_blocks,2466,skip,,,,triangle_alpha
,,,,,,,,,,,,,,,,,,,,,3,,,0,not_enough_blocks,2467,skip,,,,triangle_alpha
,,,,,,,,,,,,,,,,,,,,,3,,,0,not_enough_blocks,2468,skip,,,,triangle_alpha
,,,,,,,,,,,,,,,,,,,,,3,,,0,not_enough_blocks,2469,skip,,,,triangle_alpha
,,,,,,,,,,,,,,,,,,,,,3,,,1,not_enough_blocks,2470,skip,,,,triangle_alpha
,,,,,,,,,,,,,,,,,,,,,3,,,0,not_enough_blocks,2471,skip,,,,triangle_alpha
,,,,,,,,,,,,,,,,,,,,,3,,,0,not_enough_blocks,2472,skip,,,,triangle_alpha
,,,,,,,,,,,,,,,,,,,,,3,,,0,not_enough_blocks,2473,skip,,,,triangle_alpha
,,,,,,,,,,,,,,,,,,,,,3,,,0,not_enough_blocks,2474,skip,,,,triangle_alpha
,,,,,,,,,,,,,,,,,,,,,3,,,0,not_enough_blocks,2475,skip,,,,triangle_alpha
,,,,,,,,,,,,,,,,,,,,,3,,,0,not_enough_blocks,2476,skip,,,,triangle_alpha
,,,,,,,,,,,,,,,,,,,,,3,,,0,not_enough_blocks,2477,skip,,,,triangle_alpha
,,,,,,,,,,,,,,,,,,,,,3,,,0,not_enough_blocks,2478,skip,,,,triangle_alpha
,,,,,,,,,,,,,,,,,,,,,3,,,0,not_enough_blocks,2479,skip,,,,triangle_alpha
,,,,,,,,,,,,,,,,,,,,,3,,,0,not_enough_blocks,2480,skip,,,,triangle_alpha
,,,,,,,,,,,,,,,,,,,,,3,,,0,not_enough_blocks,2481,skip,,,,triangle_alpha
,,,,,,,,,,,,,,,,,,,,,3,,,0,not_enough_blocks,2482,skip,,,,triangle_alpha
,,,,,,,,,,,,,,,,,,,,,3,,,1,not_enough_blocks,2483,skip,,,,triangle_alpha
,,,,,,,,,,,,,,,,,,,,,3,,,0,not_enough_blocks,2484,skip,,,,triangle_alpha
,,,,,,,,,,,,,,,,,,,,,3,,,0,not_enough_blocks,2485,skip,,,,triangle_alpha
,,,,,,,,,,,,,,,,,,,,,3,,,0,not_enough_blocks,2486,skip,,,,triangle_alpha
,,,,,,,,,,,,,,,,,,,,,3,,,0,not_enough_blocks,2487,skip,,,,triangle_alpha
,,,,,,,,,,,,,,,,,,,,,3,,,0,not_enough_blocks,2488,skip,,,,triangle_alpha
,,,,,,,,,,,,,,,,,,,,,3,,,0,not_enough_blocks,2489,skip,,,,triangle_alpha
,,,,,,,,,,,,,,,,,,,,,3,,,0,not_enough_blocks,2490,skip,,,,triangle_alpha
,,,,,,,,,,,,,,,,,,,,,3,,,0,not_enough_blocks,2491,skip,,,,triangle_alpha
,,,,,,,,,,,,,,,,,,,,,3,,,0,not_enough_blocks,2492,skip,,,,triangle_alpha
,,,,,,,,,,,,,,,,,,,,,3,,,0,not_enough_blocks,2493,skip,,,,triangle_alpha
,,,,,,,,,,,,,,,,,,,,,3,,,0,not_enough_blocks,2494,skip,,,,triangle_alpha
,,,,,,,,,,,,,,,,,,,,,3,,,0,not_enough_blocks,2495,skip,,,,triangle_alpha
,,,,,,,,,,,,,,,,,,,,,3,,,0,not_enough_blocks,2496,skip,,,,triangle_alpha
,,,,,,,,,,,,,,,,,,,,,3,,,0,not_enough_blocks,2497,skip,,,,triangle_alpha
,,,,,,,,,,,,,,,,,,,,,3,,,1,not_enough_blocks,2498,skip,,,,triangle_alpha
,,,,,,,,,,,,,,,,,,,,,3,,,0,not_enough_blocks,2499,skip,,,,triangle_alpha
,,,,,,,,,,,,,,,,,,,,,3,,,0,not_enough_blocks,2500,skip,,,,triangle_alpha
,,,,,,,,,,,,,,,,,,,,,3,,,0,not_enough_blocks,2501,skip,,,,triangle_alpha
,,,,,,,,,,,,,,,,,,,,,3,,,0,not_enough_blocks,2502,skip,,,,triangle_alpha
,,,,,,,,,,,,,,,,,,,,,3,,,0,not_enough_blocks,2503,skip,,,,triangle_alpha
,,,,,,,,,,,,,,,,,,,,,3,,,0,not_enough_blocks,2504,skip,,,,triangle_alpha
,,,,,,,,,,,,,,,,,,,,,3,,,0,not_enough_blocks,2505,skip,,,,triangle_alpha
,,,,,,,,,,,,,,,,,,,,,3,,,0,not_enough_blocks,2506,skip,,,,triangle_alpha
,,,,,,,,,,,,,,,,,,,,,3,,,1,not_enough_blocks,2507,skip,,,,triangle_alpha
,,,,,,,,,,,,,,,,,,,,,3,,,0,not_enough_blocks,2508,skip,,,,triangle_alpha
,,,,,,,,,,,,,,,,,,,,,3,,,0,not_enough_blocks,2509,skip,,,,triangle_alpha
,,,,,,,,,,,,,,,,,,,,,3,,,0,not_enough_blocks,2510,skip,,,,triangle_alpha
,,,,,,,,,,,,,,,,,,,,,3,,,0,not_enough_blocks,2511,skip,,,,triangle_alpha
,,,,,,,,,,,,,,,,,,,,,3,,,0,not_enough_blocks,2512,skip,,,,triangle_alpha
,,,,,,,,,,,,,,,,,,,,,3,,,0,not_enough_blocks,2513,skip,,,,triangle_alpha
,,,,,,,,,,,,,,,,,,,,,3,,,0,not_enough_blocks,2514,skip,,,,triangle_alpha
,,,,,,,,,,,,,,,,,,,,,3,,,0,not_enough_blocks,2515,skip,,,,triangle_alpha
,,,,,,,,,,,,,,,,,,,,,3,,,0,not_enough_blocks,2516,skip,,,,triangle_alpha
,,,,,,,,,,,,,,,,,,,,,3,,,0,not_enough_blocks,2517,skip,,,,triangle_alpha
,,,,,,,,,,,,,,,,,,,,,3,,,0,not_enough_blocks,2518,skip,,,,triangle_alpha
,,,,,,,,,,,,,,,,,,,,,3,,,0,not_enough_blocks,2519,skip,,,,triangle_alpha
,,,,,,,,,,,,,,,,,,,,,3,,,1,not_enough_blocks,2520,skip,,,,triangle_alpha
,,,,,,,,,,,,,,,,,,,,,3,,,0,not_enough_blocks,2521,skip,,,,triangle_alpha
,,,,,,,,,,,,,,,,,,,,,3,,,0,not_enough_blocks,2522,skip,,,,triangle_alpha
,,,,,,,,,,,,,,,,,,,,,3,,,0,not_enough_blocks,2523,skip,,,,triangle_alpha
,,,,,,,,,,,,,,,,,,,,,3,,,0,not_enough_blocks,2524,skip,,,,triangle_alpha
,,,,,,,,,,,,,,,,,,,,,3,,,0,not_enough_blocks,2525,skip,,,,triangle_alpha
,,,,,,,,,,,,,,,,,,,,,3,,,1,not_enough_blocks,2526,skip,,,,triangle_alpha
,,,,,,,,,,,,,,,,,,,,,3,,,1,not_enough_blocks,2527,skip,,,,triangle_alpha
,,,,,,,,,,,,,,,,,,,,,3,,,0,not_enough_blocks,2528,skip,,,,triangle_alpha
,,,,,,,,,,,,,,,,,,,,,3,,,0,not_enough_blocks,2529,skip,,,,triangle_alpha
,,,,,,,,,,,,,,,,,,,,,3,,,0,not_enough_blocks,2530,skip,,,,triangle_alpha
,,,,,,,,,,,,,,,,,,,,,3,,,0,not_enough_blocks,2531,skip,,,,triangle_alpha
,,,,,,,,,,,,,,,,,,,,,3,,,0,not_enough_blocks,2532,skip,,,,triangle_alpha
,,,,,,,,,,,,,,,,,,,,,3,,,0,not_enough_blocks,2533,skip,,,,triangle_alpha
,,,,,,,,,,,,,,,,,,,,,3,,,0,not_enough_blocks,2534,skip,,,,triangle_alpha
,,,,,,,,,,,,,,,,,,,,,3,,,0,not_enough_blocks,2535,skip,,,,triangle_alpha
,,,,,,,,,,,,,,,,,,,,,3,,,0,not_enough_blocks,2536,skip,,,,triangle_alpha
,,,,,,,,,,,,,,,,,,,,,3,,,0,not_enough_blocks,2537,skip,,,,triangle_alpha
,,,,,,,,,,,,,,,,,,,,,3,,,0,not_enough_blocks,2538,skip,,,,triangle_alpha
,,,,,,,,,,,,,,,,,,,,,3,,,0,not_enough_blocks,2539,skip,,,,triangle_alpha
,,,,,,,,,,,,,,,,,,,,,3,,,1,not_enough_blocks,2540,skip,,,,triangle_alpha
,,,,,,,,,,,,,,,,,,,,,3,,,0,not_enough_blocks,2541,skip,,,,triangle_alpha
,,,,,,,,,,,,,,,,,,,,,3,,,0,not_enough_blocks,2542,skip,,,,triangle_alpha
,,,,,,,,,,,,,,,,,,,,,3,,,0,not_enough_blocks,2543,skip,,,,triangle_alpha
,,,,,,,,,,,,,,,,,,,,,3,,,0,not_enough_blocks,2544,skip,,,,triangle_alpha
,,,,,,,,,,,,,,,,,,,,,3,,,0,not_enough_blocks,2545,skip,,,,triangle_alpha
,,,,,,,,,,,,,,,,,,,,,3,,,1,not_enough_blocks,2546,skip,,,,triangle_alpha
,,,,,,,,,,,,,,,,,,,,,3,,,0,not_enough_blocks,2547,skip,,,,triangle_alpha
,,,,,,,,,,,,,,,,,,,,,3,,,0,not_enough_blocks,2548,skip,,,,triangle_alpha
,,,,,,,,,,,,,,,,,,,,,3,,,0,not_enough_blocks,2549,skip,,,,triangle_alpha
,,,,,,,,,,,,,,,,,,,,,3,,,0,not_enough_blocks,2550,skip,,,,triangle_alpha
,,,,,,,,,,,,,,,,,,,,,3,,,0,not_enough_blocks,2551,skip,,,,triangle_alpha
,,,,,,,,,,,,,,,,,,,,,3,,,0,not_enough_blocks,2552,skip,,,,triangle_alpha
,,,,,,,,,,,,,,,,,,,,,3,,,0,not_enough_blocks,2553,skip,,,,triangle_alpha
,,,,,,,,,,,,,,,,,,,,,3,,,1,not_enough_blocks,2554,skip,,,,triangle_alpha
,,,,,,,,,,,,,,,,,,,,,3,,,0,not_enough_blocks,2555,skip,,,,triangle_alpha
,,,,,,,,,,,,,,,,,,,,,3,,,1,not_enough_blocks,2556,skip,,,,triangle_alpha
,,,,,,,,,,,,,,,,,,,,,3,,,1,not_enough_blocks,2557,skip,,,,triangle_alpha
,,,,,,,,,,,,,,,,,,,,,3,,,0,not_enough_blocks,2558,skip,,,,triangle_alpha
,,,,,,,,,,,,,,,,,,,,,3,,,1,not_enough_blocks,2559,skip,,,,triangle_alpha
,,,,,,,,,,,,,,,,,,,,,3,,,0,not_enough_blocks,2560,skip,,,,triangle_alpha
,,,,,,,,,,,,,,,,,,,,,3,,,0,not_enough_blocks,2561,skip,,,,triangle_alpha
,,,,,,,,,,,,,,,,,,,,,3,,,0,not_enough_blocks,2562,skip,,,,triangle_alpha
,,,,,,,,,,,,,,,,,,,,,3,,,0,not_enough_blocks,2563,skip,,,,triangle_alpha
,,,,,,,,,,,,,,,,,,,,,3,,,0,not_enough_blocks,2564,skip,,,,triangle_alpha
,,,,,,,,,,,,,,,,,,,,,3,,,0,not_enough_blocks,2565,skip,,,,triangle_alpha
,,,,,,,,,,,,,,,,,,,,,3,,,1,not_enough_blocks,2566,skip,,,,triangle_alpha
,,,,,,,,,,,,,,,,,,,,,3,,,0,not_enough_blocks,2567,skip,,,,triangle_alpha
,,,,,,,,,,,,,,,,,,,,,3,,,0,not_enough_blocks,2568,skip,,,,triangle_alpha
,,,,,,,,,,,,,,,,,,,,,3,,,1,not_enough_blocks,2569,skip,,,,triangle_alpha
,,,,,,,,,,,,,,,,,,,,,3,,,0,not_enough_blocks,2570,skip,,,,triangle_alpha
,,,,,,,,,,,,,,,,,,,,,3,,,0,not_enough_blocks,2571,skip,,,,triangle_alpha
,,,,,,,,,,,,,,,,,,,,,3,,,0,not_enough_blocks,2572,skip,,,,triangle_alpha
,,,,,,,,,,,,,,,,,,,,,3,,,0,not_enough_blocks,2573,skip,,,,triangle_alpha
,,,,,,,,,,,,,,,,,,,,,3,,,0,not_enough_blocks,2574,skip,,,,triangle_alpha
,,,,,,,,,,,,,,,,,,,,,3,,,0,not_enough_blocks,2575,skip,,,,triangle_alpha
,,,,,,,,,,,,,,,,,,,,,3,,,0,not_enough_blocks,2576,skip,,,,triangle_alpha
,,,,,,,,,,,,,,,,,,,,,3,,,0,not_enough_blocks,2577,skip,,,,triangle_alpha
,,,,,,,,,,,,,,,,,,,,,3,,,0,not_enough_blocks,2578,skip,,,,triangle_alpha
,,,,,,,,,,,,,,,,,,,,,3,,,0,not_enough_blocks,2579,skip,,,,triangle_alpha
,,,,,,,,,,,,,,,,,,,,,3,,,1,not_enough_blocks,2580,skip,,,,triangle_alpha
,,,,,,,,,,,,,,,,,,,,,3,,,0,not_enough_blocks,2581,skip,,,,triangle_alpha
,,,,,,,,,,,,,,,,,,,,,3,,,0,not_enough_blocks,2582,skip,,,,triangle_alpha
,,,,,,,,,,,,,,,,,,,,,3,,,0,not_enough_blocks,2583,skip,,,,triangle_alpha
,,,,,,,,,,,,,,,,,,,,,3,,,0,not_enough_blocks,2584,skip,,,,triangle_alpha
,,,,,,,,,,,,,,,,,,,,,3,,,0,not_enough_blocks,2585,skip,,,,triangle_alpha
,,,,,,,,,,,,,,,,,,,,,3,,,0,not_enough_blocks,2586,skip,,,,triangle_alpha
,,,,,,,,,,,,,,,,,,,,,3,,,0,not_enough_blocks,2587,skip,,,,triangle_alpha
,,,,,,,,,,,,,,,,,,,,,3,,,0,not_enough_blocks,2588,skip,,,,triangle_alpha
,,,,,,,,,,,,,,,,,,,,,3,,,0,not_enough_blocks,2589,skip,,,,triangle_alpha
,,,,,,,,,,,,,,,,,,,,,3,,,0,not_enough_blocks,2590,skip,,,,triangle_alpha
,,,,,,,,,,,,,,,,,,,,,3,,,0,not_enough_blocks,2591,skip,,,,triangle_alpha
,,,,,,,,,,,,,,,,,,,,,3,,,1,not_enough_blocks,2592,skip,,,,triangle_alpha
,,,,,,,,,,,,,,,,,,,,,3,,,0,not_enough_blocks,2593,skip,,,,triangle_alpha
,,,,,,,,,,,,,,,,,,,,,3,,,0,not_enough_blocks,2594,skip,,,,triangle_alpha
,,,,,,,,,,,,,,,,,,,,,3,,,0,not_enough_blocks,2595,skip,,,,triangle_alpha
,,,,,,,,,,,,,,,,,,,,,3,,,0,not_enough_blocks,2596,skip,,,,triangle_alpha
,,,,,,,,,,,,,,,,,,,,,3,,,0,not_enough_blocks,2597,skip,,,,triangle_alpha
,,,,,,,,,,,,,,,,,,,,,3,,,0,not_enough_blocks,2598,skip,,,,triangle_alpha
,,,,,,,,,,,,,,,,,,,,,3,,,0,not_enough_blocks,2599,skip,,,,triangle_alpha
,,,,,,,,,,,,,,,,,,,,,3,,,0,not_enough_blocks,2600,skip,,,,triangle_alpha
,,,,,,,,,,,,,,,,,,,,,3,,,0,not_enough_blocks,2601,skip,,,,triangle_alpha
,,,,,,,,,,,,,,,,,,,,,3,,,0,not_enough_blocks,2602,skip,,,,triangle_alpha
,,,,,,,,,,,,,,,,,,,,,3,,,0,not_enough_blocks,2603,skip,,,,triangle_alpha
,,,,,,,,,,,,,,,,,,,,,3,,,0,not_enough_blocks,2604,skip,,,,triangle_alpha
,,,,,,,,,,,,,,,,,,,,,3,,,0,not_enough_blocks,2605,skip,,,,triangle_alpha
,,,,,,,,,,,,,,,,,,,,,3,,,0,not_enough_blocks,2606,skip,,,,triangle_alpha
,,,,,,,,,,,,,,,,,,,,,3,,,0,not_enough_blocks,2607,skip,,,,triangle_alpha
,,,,,,,,,,,,,,,,,,,,,3,,,1,not_enough_blocks,2608,skip,,,,triangle_alpha
,,,,,,,,,,,,,,,,,,,,,3,,,1,not_enough_blocks,2609,skip,,,,triangle_alpha
,,,,,,,,,,,,,,,,,,,,,3,,,0,not_enough_blocks,2610,skip,,,,triangle_alpha
,,,,,,,,,,,,,,,,,,,,,3,,,0,not_enough_blocks,2611,skip,,,,triangle_alpha
,,,,,,,,,,,,,,,,,,,,,3,,,0,not_enough_blocks,2612,skip,,,,triangle_alpha
,,,,,,,,,,,,,,,,,,,,,3,,,1,not_enough_blocks,2613,skip,,,,triangle_alpha
,,,,,,,,,,,,,,,,,,,,,3,,,0,not_enough_blocks,2614,skip,,,,triangle_alpha
,,,,,,,,,,,,,,,,,,,,,3,,,0,not_enough_blocks,2615,skip,,,,triangle_alpha
,,,,,,,,,,,,,,,,,,,,,3,,,1,not_enough_blocks,2616,skip,,,,triangle_alpha
,,,,,,,,,,,,,,,,,,,,,3,,,0,not_enough_blocks,2617,skip,,,,triangle_alpha
,,,,,,,,,,,,,,,,,,,,,3,,,0,not_enough_blocks,2618,skip,,,,triangle_alpha
,,,,,,,,,,,,,,,,,,,,,3,,,0,not_enough_blocks,2619,skip,,,,triangle_alpha
,,,,,,,,,,,,,,,,,,,,,3,,,0,not_enough_blocks,2620,skip,,,,triangle_alpha
,,,,,,,,,,,,,,,,,,,,,3,,,0,not_enough_blocks,2621,skip,,,,triangle_alpha
,,,,,,,,,,,,,,,,,,,,,3,,,0,not_enough_blocks,2622,skip,,,,triangle_alpha
,,,,,,,,,,,,,,,,,,,,,3,,,0,not_enough_blocks,2623,skip,,,,triangle_alpha
,,,,,,,,,,,,,,,,,,,,,3,,,0,not_enough_blocks,2624,skip,,,,triangle_alpha
,,,,,,,,,,,,,,,,,,,,,3,,,0,not_enough_blocks,2625,skip,,,,triangle_alpha
,,,,,,,,,,,,,,,,,,,,,3,,,0,not_enough_blocks,2626,skip,,,,triangle_alpha
,,,,,,,,,,,,,,,,,,,,,3,,,0,not_enough_blocks,2627,skip,,,,triangle_alpha
,,,,,,,,,,,,,,,,,,,,,3,,,0,not_enough_blocks,2628,skip,,,,triangle_alpha
,,,,,,,,,,,,,,,,,,,,,3,,,0,not_enough_blocks,2629,skip,,,,triangle_alpha
,,,,,,,,,,,,,,,,,,,,,3,,,0,not_enough_blocks,2630,skip,,,,triangle_alpha
,,,,,,,,,,,,,,,,,,,,,3,,,0,not_enough_blocks,2631,skip,,,,triangle_alpha
,,,,,,,,,,,,,,,,,,,,,3,,,0,not_enough_blocks,2632,skip,,,,triangle_alpha
,,,,,,,,,,,,,,,,,,,,,3,,,0,not_enough_blocks,2633,skip,,,,triangle_alpha
,,,,,,,,,,,,,,,,,,,,,3,,,0,not_enough_blocks,2634,skip,,,,triangle_alpha
,,,,,,,,,,,,,,,,,,,,,3,,,0,not_enough_blocks,2635,skip,,,,triangle_alpha
,,,,,,,,,,,,,,,,,,,,,3,,,0,not_enough_blocks,2636,skip,,,,triangle_alpha
,,,,,,,,,,,,,,,,,,,,,3,,,0,not_enough_blocks,2637,skip,,,,triangle_alpha
,,,,,,,,,,,,,,,,,,,,,3,,,1,not_enough_blocks,2638,skip,,,,triangle_alpha
,,,,,,,,,,,,,,,,,,,,,3,,,0,not_enough_blocks,2639,skip,,,,triangle_alpha
,,,,,,,,,,,,,,,,,,,,,3,,,0,not_enough_blocks,2640,skip,,,,triangle_alpha
,,,,,,,,,,,,,,,,,,,,,3,,,0,not_enough_blocks,2641,skip,,,,triangle_alpha
,,,,,,,,,,,,,,,,,,,,,3,,,0,not_enough_blocks,2642,skip,,,,triangle_alpha
,,,,,,,,,,,,,,,,,,,,,3,,,1,not_enough_blocks,2643,skip,,,,triangle_alpha
,,,,,,,,,,,,,,,,,,,,,3,,,0,not_enough_blocks,2644,skip,,,,triangle_alpha
,,,,,,,,,,,,,,,,,,,,,3,,,0,not_enough_blocks,2645,skip,,,,triangle_alpha
,,,,,,,,,,,,,,,,,,,,,3,,,0,not_enough_blocks,2646,skip,,,,triangle_alpha
,,,,,,,,,,,,,,,,,,,,,3,,,0,not_enough_blocks,2647,skip,,,,triangle_alpha
,,,,,,,,,,,,,,,,,,,,,3,,,0,not_enough_blocks,2648,skip,,,,triangle_alpha
,,,,,,,,,,,,,,,,,,,,,3,,,0,not_enough_blocks,2649,skip,,,,triangle_alpha
,,,,,,,,,,,,,,,,,,,,,3,,,0,not_enough_blocks,2650,skip,,,,triangle_alpha
,,,,,,,,,,,,,,,,,,,,,3,,,0,not_enough_blocks,2651,skip,,,,triangle_alpha
,,,,,,,,,,,,,,,,,,,,,3,,,0,not_enough_blocks,2652,skip,,,,triangle_alpha
,,,,,,,,,,,,,,,,,,,,,3,,,1,not_enough_blocks,2653,skip,,,,triangle_alpha
,,,,,,,,,,,,,,,,,,,,,3,,,0,not_enough_blocks,2654,skip,,,,triangle_alpha
0.020968292377656707,"[1.0, 1.0, 1.0]",0.008669060026478296,2.9790317076223434,0.8365478793041156,0.9988233643611218,0.9996663562835386,0.9977191254357857,"[""nucleus"", ""nucleus"", ""nucleus""]","[""alpha_block_0001"", ""alpha_block_0003"", ""alpha_block_0001""]","[""alpha"", ""alpha"", ""alpha""]","[1.0, 1.0, 1.0]","[2.0, 2.0, 2.0]",3,"[2, 2, 2]",0.9913309399735217,True,0.020968292377656628,"[1.0, 1.0, 1.0]",0.8389783278259421,3,,"[618.0, 669.0, 618.0]",0.010483879827665854,,locked,2655,ok,True,3.0,carbon12_triple_alpha,triangle_alpha
,,,,,,,,,,,,,,,,,,,,,3,,,0,not_enough_blocks,2656,skip,,,,triangle_alpha
,,,,,,,,,,,,,,,,,,,,,3,,,0,not_enough_blocks,2657,skip,,,,triangle_alpha
,,,,,,,,,,,,,,,,,,,,,3,,,0,not_enough_blocks,2658,skip,,,,triangle_alpha
,,,,,,,,,,,,,,,,,,,,,3,,,0,not_enough_blocks,2659,skip,,,,triangle_alpha
,,,,,,,,,,,,,,,,,,,,,3,,,0,not_enough_blocks,2660,skip,,,,triangle_alpha
,,,,,,,,,,,,,,,,,,,,,3,,,0,not_enough_blocks,2661,skip,,,,triangle_alpha
,,,,,,,,,,,,,,,,,,,,,3,,,1,not_enough_blocks,2662,skip,,,,triangle_alpha
,,,,,,,,,,,,,,,,,,,,,3,,,0,not_enough_blocks,2663,skip,,,,triangle_alpha
,,,,,,,,,,,,,,,,,,,,,3,,,0,not_enough_blocks,2664,skip,,,,triangle_alpha
,,,,,,,,,,,,,,,,,,,,,3,,,0,not_enough_blocks,2665,skip,,,,triangle_alpha
,,,,,,,,,,,,,,,,,,,,,3,,,0,not_enough_blocks,2666,skip,,,,triangle_alpha
,,,,,,,,,,,,,,,,,,,,,3,,,1,not_enough_blocks,2667,skip,,,,triangle_alpha
,,,,,,,,,,,,,,,,,,,,,3,,,0,not_enough_blocks,2668,skip,,,,triangle_alpha
,,,,,,,,,,,,,,,,,,,,,3,,,1,not_enough_blocks,2669,skip,,,,triangle_alpha
,,,,,,,,,,,,,,,,,,,,,3,,,0,not_enough_blocks,2670,skip,,,,triangle_alpha
,,,,,,,,,,,,,,,,,,,,,3,,,0,not_enough_blocks,2671,skip,,,,triangle_alpha
,,,,,,,,,,,,,,,,,,,,,3,,,0,not_enough_blocks,2672,skip,,,,triangle_alpha
,,,,,,,,,,,,,,,,,,,,,3,,,0,not_enough_blocks,2673,skip,,,,triangle_alpha
,,,,,,,,,,,,,,,,,,,,,3,,,0,not_enough_blocks,2674,skip,,,,triangle_alpha
,,,,,,,,,,,,,,,,,,,,,3,,,1,not_enough_blocks,2675,skip,,,,triangle_alpha
,,,,,,,,,,,,,,,,,,,,,3,,,1,not_enough_blocks,2676,skip,,,,triangle_alpha
,,,,,,,,,,,,,,,,,,,,,3,,,0,not_enough_blocks,2677,skip,,,,triangle_alpha
,,,,,,,,,,,,,,,,,,,,,3,,,0,not_enough_blocks,2678,skip,,,,triangle_alpha
,,,,,,,,,,,,,,,,,,,,,3,,,0,not_enough_blocks,2679,skip,,,,triangle_alpha
,,,,,,,,,,,,,,,,,,,,,3,,,0,not_enough_blocks,2680,skip,,,,triangle_alpha
,,,,,,,,,,,,,,,,,,,,,3,,,1,not_enough_blocks,2681,skip,,,,triangle_alpha
,,,,,,,,,,,,,,,,,,,,,3,,,0,not_enough_blocks,2682,skip,,,,triangle_alpha
,,,,,,,,,,,,,,,,,,,,,3,,,0,not_enough_blocks,2683,skip,,,,triangle_alpha
,,,,,,,,,,,,,,,,,,,,,3,,,1,not_enough_blocks,2684,skip,,,,triangle_alpha
,,,,,,,,,,,,,,,,,,,,,3,,,0,not_enough_blocks,2685,skip,,,,triangle_alpha
,,,,,,,,,,,,,,,,,,,,,3,,,1,not_enough_blocks,2686,skip,,,,triangle_alpha
,,,,,,,,,,,,,,,,,,,,,3,,,0,not_enough_blocks,2687,skip,,,,triangle_alpha
,,,,,,,,,,,,,,,,,,,,,3,,,1,not_enough_blocks,2688,skip,,,,triangle_alpha
,,,,,,,,,,,,,,,,,,,,,3,,,0,not_enough_blocks,2689,skip,,,,triangle_alpha
,,,,,,,,,,,,,,,,,,,,,3,,,0,not_enough_blocks,2690,skip,,,,triangle_alpha
,,,,,,,,,,,,,,,,,,,,,3,,,0,not_enough_blocks,2691,skip,,,,triangle_alpha
,,,,,,,,,,,,,,,,,,,,,3,,,0,not_enough_blocks,2692,skip,,,,triangle_alpha
,,,,,,,,,,,,,,,,,,,,,3,,,0,not_enough_blocks,2693,skip,,,,triangle_alpha
,,,,,,,,,,,,,,,,,,,,,3,,,0,not_enough_blocks,2694,skip,,,,triangle_alpha
,,,,,,,,,,,,,,,,,,,,,3,,,0,not_enough_blocks,2695,skip,,,,triangle_alpha
,,,,,,,,,,,,,,,,,,,,,3,,,0,not_enough_blocks,2696,skip,,,,triangle_alpha
,,,,,,,,,,,,,,,,,,,,,3,,,0,not_enough_blocks,2697,skip,,,,triangle_alpha
,,,,,,,,,,,,,,,,,,,,,3,,,0,not_enough_blocks,2698,skip,,,,triangle_alpha
,,,,,,,,,,,,,,,,,,,,,3,,,0,not_enough_blocks,2699,skip,,,,triangle_alpha
,,,,,,,,,,,,,,,,,,,,,3,,,0,not_enough_blocks,2700,skip,,,,triangle_alpha
,,,,,,,,,,,,,,,,,,,,,3,,,0,not_enough_blocks,2701,skip,,,,triangle_alpha
,,,,,,,,,,,,,,,,,,,,,3,,,0,not_enough_blocks,2702,skip,,,,triangle_alpha
,,,,,,,,,,,,,,,,,,,,,3,,,0,not_enough_blocks,2703,skip,,,,triangle_alpha
,,,,,,,,,,,,,,,,,,,,,3,,,1,not_enough_blocks,2704,skip,,,,triangle_alpha
,,,,,,,,,,,,,,,,,,,,,3,,,0,not_enough_blocks,2705,skip,,,,triangle_alpha
,,,,,,,,,,,,,,,,,,,,,3,,,0,not_enough_blocks,2706,skip,,,,triangle_alpha
,,,,,,,,,,,,,,,,,,,,,3,,,0,not_enough_blocks,2707,skip,,,,triangle_alpha
,,,,,,,,,,,,,,,,,,,,,3,,,0,not_enough_blocks,2708,skip,,,,triangle_alpha
,,,,,,,,,,,,,,,,,,,,,3,,,0,not_enough_blocks,2709,skip,,,,triangle_alpha
,,,,,,,,,,,,,,,,,,,,,3,,,0,not_enough_blocks,2710,skip,,,,triangle_alpha
,,,,,,,,,,,,,,,,,,,,,3,,,0,not_enough_blocks,2711,skip,,,,triangle_alpha
,,,,,,,,,,,,,,,,,,,,,3,,,1,not_enough_blocks,2712,skip,,,,triangle_alpha
,,,,,,,,,,,,,,,,,,,,,3,,,0,not_enough_blocks,2713,skip,,,,triangle_alpha
,,,,,,,,,,,,,,,,,,,,,3,,,0,not_enough_blocks,2714,skip,,,,triangle_alpha
,,,,,,,,,,,,,,,,,,,,,3,,,0,not_enough_blocks,2715,skip,,,,triangle_alpha
,,,,,,,,,,,,,,,,,,,,,3,,,1,not_enough_blocks,2716,skip,,,,triangle_alpha
,,,,,,,,,,,,,,,,,,,,,3,,,0,not_enough_blocks,2717,skip,,,,triangle_alpha
,,,,,,,,,,,,,,,,,,,,,3,,,0,not_enough_blocks,2718,skip,,,,triangle_alpha
,,,,,,,,,,,,,,,,,,,,,3,,,0,not_enough_blocks,2719,skip,,,,triangle_alpha
,,,,,,,,,,,,,,,,,,,,,3,,,1,not_enough_blocks,2720,skip,,,,triangle_alpha
,,,,,,,,,,,,,,,,,,,,,3,,,0,not_enough_blocks,2721,skip,,,,triangle_alpha
,,,,,,,,,,,,,,,,,,,,,3,,,0,not_enough_blocks,2722,skip,,,,triangle_alpha
,,,,,,,,,,,,,,,,,,,,,3,,,0,not_enough_blocks,2723,skip,,,,triangle_alpha
,,,,,,,,,,,,,,,,,,,,,3,,,0,not_enough_blocks,2724,skip,,,,triangle_alpha
,,,,,,,,,,,,,,,,,,,,,3,,,0,not_enough_blocks,2725,skip,,,,triangle_alpha
,,,,,,,,,,,,,,,,,,,,,3,,,0,not_enough_blocks,2726,skip,,,,triangle_alpha
,,,,,,,,,,,,,,,,,,,,,3,,,0,not_enough_blocks,2727,skip,,,,triangle_alpha
,,,,,,,,,,,,,,,,,,,,,3,,,1,not_enough_blocks,2728,skip,,,,triangle_alpha
,,,,,,,,,,,,,,,,,,,,,3,,,1,not_enough_blocks,2729,skip,,,,triangle_alpha
,,,,,,,,,,,,,,,,,,,,,3,,,0,not_enough_blocks,2730,skip,,,,triangle_alpha
,,,,,,,,,,,,,,,,,,,,,3,,,0,not_enough_blocks,2731,skip,,,,triangle_alpha
,,,,,,,,,,,,,,,,,,,,,3,,,0,not_enough_blocks,2732,skip,,,,triangle_alpha
,,,,,,,,,,,,,,,,,,,,,3,,,0,not_enough_blocks,2733,skip,,,,triangle_alpha
,,,,,,,,,,,,,,,,,,,,,3,,,0,not_enough_blocks,2734,skip,,,,triangle_alpha
,,,,,,,,,,,,,,,,,,,,,3,,,0,not_enough_blocks,2735,skip,,,,triangle_alpha
,,,,,,,,,,,,,,,,,,,,,3,,,0,not_enough_blocks,2736,skip,,,,triangle_alpha
,,,,,,,,,,,,,,,,,,,,,3,,,0,not_enough_blocks,2737,skip,,,,triangle_alpha
,,,,,,,,,,,,,,,,,,,,,3,,,0,not_enough_blocks,2738,skip,,,,triangle_alpha
,,,,,,,,,,,,,,,,,,,,,3,,,0,not_enough_blocks,2739,skip,,,,triangle_alpha
,,,,,,,,,,,,,,,,,,,,,3,,,0,not_enough_blocks,2740,skip,,,,triangle_alpha
,,,,,,,,,,,,,,,,,,,,,3,,,0,not_enough_blocks,2741,skip,,,,triangle_alpha
,,,,,,,,,,,,,,,,,,,,,3,,,0,not_enough_blocks,2742,skip,,,,triangle_alpha
,,,,,,,,,,,,,,,,,,,,,3,,,0,not_enough_blocks,2743,skip,,,,triangle_alpha
,,,,,,,,,,,,,,,,,,,,,3,,,0,not_enough_blocks,2744,skip,,,,triangle_alpha
,,,,,,,,,,,,,,,,,,,,,3,,,1,not_enough_blocks,2745,skip,,,,triangle_alpha
,,,,,,,,,,,,,,,,,,,,,3,,,0,not_enough_blocks,2746,skip,,,,triangle_alpha
,,,,,,,,,,,,,,,,,,,,,3,,,0,not_enough_blocks,2747,skip,,,,triangle_alpha
,,,,,,,,,,,,,,,,,,,,,3,,,0,not_enough_blocks,2748,skip,,,,triangle_alpha
,,,,,,,,,,,,,,,,,,,,,3,,,0,not_enough_blocks,2749,skip,,,,triangle_alpha
,,,,,,,,,,,,,,,,,,,,,3,,,0,not_enough_blocks,2750,skip,,,,triangle_alpha
,,,,,,,,,,,,,,,,,,,,,3,,,0,not_enough_blocks,2751,skip,,,,triangle_alpha
,,,,,,,,,,,,,,,,,,,,,3,,,0,not_enough_blocks,2752,skip,,,,triangle_alpha
,,,,,,,,,,,,,,,,,,,,,3,,,1,not_enough_blocks,2753,skip,,,,triangle_alpha
,,,,,,,,,,,,,,,,,,,,,3,,,0,not_enough_blocks,2754,skip,,,,triangle_alpha
,,,,,,,,,,,,,,,,,,,,,3,,,0,not_enough_blocks,2755,skip,,,,triangle_alpha
,,,,,,,,,,,,,,,,,,,,,3,,,0,not_enough_blocks,2756,skip,,,,triangle_alpha
,,,,,,,,,,,,,,,,,,,,,3,,,0,not_enough_blocks,2757,skip,,,,triangle_alpha
,,,,,,,,,,,,,,,,,,,,,3,,,0,not_enough_blocks,2758,skip,,,,triangle_alpha
,,,,,,,,,,,,,,,,,,,,,3,,,0,not_enough_blocks,2759,skip,,,,triangle_alpha
,,,,,,,,,,,,,,,,,,,,,3,,,0,not_enough_blocks,2760,skip,,,,triangle_alpha
,,,,,,,,,,,,,,,,,,,,,3,,,0,not_enough_blocks,2761,skip,,,,triangle_alpha
,,,,,,,,,,,,,,,,,,,,,3,,,0,not_enough_blocks,2762,skip,,,,triangle_alpha
,,,,,,,,,,,,,,,,,,,,,3,,,0,not_enough_blocks,2763,skip,,,,triangle_alpha
,,,,,,,,,,,,,,,,,,,,,3,,,0,not_enough_blocks,2764,skip,,,,triangle_alpha
,,,,,,,,,,,,,,,,,,,,,3,,,0,not_enough_blocks,2765,skip,,,,triangle_alpha
,,,,,,,,,,,,,,,,,,,,,3,,,0,not_enough_blocks,2766,skip,,,,triangle_alpha
,,,,,,,,,,,,,,,,,,,,,3,,,0,not_enough_blocks,2767,skip,,,,triangle_alpha
,,,,,,,,,,,,,,,,,,,,,3,,,0,not_enough_blocks,2768,skip,,,,triangle_alpha
,,,,,,,,,,,,,,,,,,,,,3,,,0,not_enough_blocks,2769,skip,,,,triangle_alpha
,,,,,,,,,,,,,,,,,,,,,3,,,0,not_enough_blocks,2770,skip,,,,triangle_alpha
,,,,,,,,,,,,,,,,,,,,,3,,,0,not_enough_blocks,2771,skip,,,,triangle_alpha
,,,,,,,,,,,,,,,,,,,,,3,,,0,not_enough_blocks,2772,skip,,,,triangle_alpha
,,,,,,,,,,,,,,,,,,,,,3,,,0,not_enough_blocks,2773,skip,,,,triangle_alpha
,,,,,,,,,,,,,,,,,,,,,3,,,0,not_enough_blocks,2774,skip,,,,triangle_alpha
,,,,,,,,,,,,,,,,,,,,,3,,,0,not_enough_blocks,2775,skip,,,,triangle_alpha
,,,,,,,,,,,,,,,,,,,,,3,,,0,not_enough_blocks,2776,skip,,,,triangle_alpha
,,,,,,,,,,,,,,,,,,,,,3,,,0,not_enough_blocks,2777,skip,,,,triangle_alpha
,,,,,,,,,,,,,,,,,,,,,3,,,0,not_enough_blocks,2778,skip,,,,triangle_alpha
,,,,,,,,,,,,,,,,,,,,,3,,,0,not_enough_blocks,2779,skip,,,,triangle_alpha
,,,,,,,,,,,,,,,,,,,,,3,,,0,not_enough_blocks,2780,skip,,,,triangle_alpha
,,,,,,,,,,,,,,,,,,,,,3,,,0,not_enough_blocks,2781,skip,,,,triangle_alpha
,,,,,,,,,,,,,,,,,,,,,3,,,1,not_enough_blocks,2782,skip,,,,triangle_alpha
,,,,,,,,,,,,,,,,,,,,,3,,,0,not_enough_blocks,2783,skip,,,,triangle_alpha
,,,,,,,,,,,,,,,,,,,,,3,,,0,not_enough_blocks,2784,skip,,,,triangle_alpha
,,,,,,,,,,,,,,,,,,,,,3,,,0,not_enough_blocks,2785,skip,,,,triangle_alpha
,,,,,,,,,,,,,,,,,,,,,3,,,0,not_enough_blocks,2786,skip,,,,triangle_alpha
,,,,,,,,,,,,,,,,,,,,,3,,,1,not_enough_blocks,2787,skip,,,,triangle_alpha
,,,,,,,,,,,,,,,,,,,,,3,,,0,not_enough_blocks,2788,skip,,,,triangle_alpha
,,,,,,,,,,,,,,,,,,,,,3,,,0,not_enough_blocks,2789,skip,,,,triangle_alpha
,,,,,,,,,,,,,,,,,,,,,3,,,1,not_enough_blocks,2790,skip,,,,triangle_alpha
,,,,,,,,,,,,,,,,,,,,,3,,,0,not_enough_blocks,2791,skip,,,,triangle_alpha
,,,,,,,,,,,,,,,,,,,,,3,,,0,not_enough_blocks,2792,skip,,,,triangle_alpha
,,,,,,,,,,,,,,,,,,,,,3,,,0,not_enough_blocks,2793,skip,,,,triangle_alpha
,,,,,,,,,,,,,,,,,,,,,3,,,1,not_enough_blocks,2794,skip,,,,triangle_alpha
,,,,,,,,,,,,,,,,,,,,,3,,,0,not_enough_blocks,2795,skip,,,,triangle_alpha
,,,,,,,,,,,,,,,,,,,,,3,,,0,not_enough_blocks,2796,skip,,,,triangle_alpha
,,,,,,,,,,,,,,,,,,,,,3,,,0,not_enough_blocks,2797,skip,,,,triangle_alpha
,,,,,,,,,,,,,,,,,,,,,3,,,0,not_enough_blocks,2798,skip,,,,triangle_alpha
,,,,,,,,,,,,,,,,,,,,,3,,,0,not_enough_blocks,2799,skip,,,,triangle_alpha
,,,,,,,,,,,,,,,,,,,,,3,,,0,not_enough_blocks,2800,skip,,,,triangle_alpha
,,,,,,,,,,,,,,,,,,,,,3,,,0,not_enough_blocks,2801,skip,,,,triangle_alpha
,,,,,,,,,,,,,,,,,,,,,3,,,1,not_enough_blocks,2802,skip,,,,triangle_alpha
,,,,,,,,,,,,,,,,,,,,,3,,,0,not_enough_blocks,2803,skip,,,,triangle_alpha
,,,,,,,,,,,,,,,,,,,,,3,,,0,not_enough_blocks,2804,skip,,,,triangle_alpha
,,,,,,,,,,,,,,,,,,,,,3,,,0,not_enough_blocks,2805,skip,,,,triangle_alpha
,,,,,,,,,,,,,,,,,,,,,3,,,0,not_enough_blocks,2806,skip,,,,triangle_alpha
,,,,,,,,,,,,,,,,,,,,,3,,,1,not_enough_blocks,2807,skip,,,,triangle_alpha
,,,,,,,,,,,,,,,,,,,,,3,,,0,not_enough_blocks,2808,skip,,,,triangle_alpha
,,,,,,,,,,,,,,,,,,,,,3,,,1,not_enough_blocks,2809,skip,,,,triangle_alpha
,,,,,,,,,,,,,,,,,,,,,3,,,0,not_enough_blocks,2810,skip,,,,triangle_alpha
,,,,,,,,,,,,,,,,,,,,,3,,,1,not_enough_blocks,2811,skip,,,,triangle_alpha
,,,,,,,,,,,,,,,,,,,,,3,,,0,not_enough_blocks,2812,skip,,,,triangle_alpha
,,,,,,,,,,,,,,,,,,,,,3,,,0,not_enough_blocks,2813,skip,,,,triangle_alpha
,,,,,,,,,,,,,,,,,,,,,3,,,0,not_enough_blocks,2814,skip,,,,triangle_alpha
,,,,,,,,,,,,,,,,,,,,,3,,,0,not_enough_blocks,2815,skip,,,,triangle_alpha
,,,,,,,,,,,,,,,,,,,,,3,,,1,not_enough_blocks,2816,skip,,,,triangle_alpha
,,,,,,,,,,,,,,,,,,,,,3,,,1,not_enough_blocks,2817,skip,,,,triangle_alpha
,,,,,,,,,,,,,,,,,,,,,3,,,0,not_enough_blocks,2818,skip,,,,triangle_alpha
,,,,,,,,,,,,,,,,,,,,,3,,,0,not_enough_blocks,2819,skip,,,,triangle_alpha
,,,,,,,,,,,,,,,,,,,,,3,,,0,not_enough_blocks,2820,skip,,,,triangle_alpha
,,,,,,,,,,,,,,,,,,,,,3,,,0,not_enough_blocks,2821,skip,,,,triangle_alpha
,,,,,,,,,,,,,,,,,,,,,3,,,0,not_enough_blocks,2822,skip,,,,triangle_alpha
,,,,,,,,,,,,,,,,,,,,,3,,,0,not_enough_blocks,2823,skip,,,,triangle_alpha
,,,,,,,,,,,,,,,,,,,,,3,,,0,not_enough_blocks,2824,skip,,,,triangle_alpha
,,,,,,,,,,,,,,,,,,,,,3,,,1,not_enough_blocks,2825,skip,,,,triangle_alpha
,,,,,,,,,,,,,,,,,,,,,3,,,0,not_enough_blocks,2826,skip,,,,triangle_alpha
,,,,,,,,,,,,,,,,,,,,,3,,,0,not_enough_blocks,2827,skip,,,,triangle_alpha
,,,,,,,,,,,,,,,,,,,,,3,,,0,not_enough_blocks,2828,skip,,,,triangle_alpha
,,,,,,,,,,,,,,,,,,,,,3,,,0,not_enough_blocks,2829,skip,,,,triangle_alpha
,,,,,,,,,,,,,,,,,,,,,3,,,0,not_enough_blocks,2830,skip,,,,triangle_alpha
,,,,,,,,,,,,,,,,,,,,,3,,,0,not_enough_blocks,2831,skip,,,,triangle_alpha
,,,,,,,,,,,,,,,,,,,,,3,,,0,not_enough_blocks,2832,skip,,,,triangle_alpha
,,,,,,,,,,,,,,,,,,,,,3,,,0,not_enough_blocks,2833,skip,,,,triangle_alpha
,,,,,,,,,,,,,,,,,,,,,3,,,1,not_enough_blocks,2834,skip,,,,triangle_alpha
,,,,,,,,,,,,,,,,,,,,,3,,,0,not_enough_blocks,2835,skip,,,,triangle_alpha
,,,,,,,,,,,,,,,,,,,,,3,,,0,not_enough_blocks,2836,skip,,,,triangle_alpha
,,,,,,,,,,,,,,,,,,,,,3,,,0,not_enough_blocks,2837,skip,,,,triangle_alpha
,,,,,,,,,,,,,,,,,,,,,3,,,1,not_enough_blocks,2838,skip,,,,triangle_alpha
,,,,,,,,,,,,,,,,,,,,,3,,,0,not_enough_blocks,2839,skip,,,,triangle_alpha
,,,,,,,,,,,,,,,,,,,,,3,,,0,not_enough_blocks,2840,skip,,,,triangle_alpha
,,,,,,,,,,,,,,,,,,,,,3,,,0,not_enough_blocks,2841,skip,,,,triangle_alpha
,,,,,,,,,,,,,,,,,,,,,3,,,1,not_enough_blocks,2842,skip,,,,triangle_alpha
,,,,,,,,,,,,,,,,,,,,,3,,,0,not_enough_blocks,2843,skip,,,,triangle_alpha
,,,,,,,,,,,,,,,,,,,,,3,,,1,not_enough_blocks,2844,skip,,,,triangle_alpha
,,,,,,,,,,,,,,,,,,,,,3,,,1,not_enough_blocks,2845,skip,,,,triangle_alpha
,,,,,,,,,,,,,,,,,,,,,3,,,0,not_enough_blocks,2846,skip,,,,triangle_alpha
,,,,,,,,,,,,,,,,,,,,,3,,,0,not_enough_blocks,2847,skip,,,,triangle_alpha
,,,,,,,,,,,,,,,,,,,,,3,,,0,not_enough_blocks,2848,skip,,,,triangle_alpha
,,,,,,,,,,,,,,,,,,,,,3,,,0,not_enough_blocks,2849,skip,,,,triangle_alpha
,,,,,,,,,,,,,,,,,,,,,3,,,0,not_enough_blocks,2850,skip,,,,triangle_alpha
,,,,,,,,,,,,,,,,,,,,,3,,,1,not_enough_blocks,2851,skip,,,,triangle_alpha
,,,,,,,,,,,,,,,,,,,,,3,,,0,not_enough_blocks,2852,skip,,,,triangle_alpha
,,,,,,,,,,,,,,,,,,,,,3,,,0,not_enough_blocks,2853,skip,,,,triangle_alpha
,,,,,,,,,,,,,,,,,,,,,3,,,0,not_enough_blocks,2854,skip,,,,triangle_alpha
,,,,,,,,,,,,,,,,,,,,,3,,,0,not_enough_blocks,2855,skip,,,,triangle_alpha
,,,,,,,,,,,,,,,,,,,,,3,,,0,not_enough_blocks,2856,skip,,,,triangle_alpha
,,,,,,,,,,,,,,,,,,,,,3,,,1,not_enough_blocks,2857,skip,,,,triangle_alpha
,,,,,,,,,,,,,,,,,,,,,3,,,0,not_enough_blocks,2858,skip,,,,triangle_alpha
,,,,,,,,,,,,,,,,,,,,,3,,,0,not_enough_blocks,2859,skip,,,,triangle_alpha
,,,,,,,,,,,,,,,,,,,,,3,,,0,not_enough_blocks,2860,skip,,,,triangle_alpha
,,,,,,,,,,,,,,,,,,,,,3,,,1,not_enough_blocks,2861,skip,,,,triangle_alpha
,,,,,,,,,,,,,,,,,,,,,3,,,0,not_enough_blocks,2862,skip,,,,triangle_alpha
,,,,,,,,,,,,,,,,,,,,,3,,,0,not_enough_blocks,2863,skip,,,,triangle_alpha
,,,,,,,,,,,,,,,,,,,,,3,,,0,not_enough_blocks,2864,skip,,,,triangle_alpha
,,,,,,,,,,,,,,,,,,,,,3,,,0,not_enough_blocks,2865,skip,,,,triangle_alpha
,,,,,,,,,,,,,,,,,,,,,3,,,0,not_enough_blocks,2866,skip,,,,triangle_alpha
,,,,,,,,,,,,,,,,,,,,,3,,,0,not_enough_blocks,2867,skip,,,,triangle_alpha
,,,,,,,,,,,,,,,,,,,,,3,,,0,not_enough_blocks,2868,skip,,,,triangle_alpha
,,,,,,,,,,,,,,,,,,,,,3,,,0,not_enough_blocks,2869,skip,,,,triangle_alpha
,,,,,,,,,,,,,,,,,,,,,3,,,0,not_enough_blocks,2870,skip,,,,triangle_alpha
,,,,,,,,,,,,,,,,,,,,,3,,,0,not_enough_blocks,2871,skip,,,,triangle_alpha
,,,,,,,,,,,,,,,,,,,,,3,,,1,not_enough_blocks,2872,skip,,,,triangle_alpha
,,,,,,,,,,,,,,,,,,,,,3,,,0,not_enough_blocks,2873,skip,,,,triangle_alpha
,,,,,,,,,,,,,,,,,,,,,3,,,1,not_enough_blocks,2874,skip,,,,triangle_alpha
,,,,,,,,,,,,,,,,,,,,,3,,,0,not_enough_blocks,2875,skip,,,,triangle_alpha
,,,,,,,,,,,,,,,,,,,,,3,,,0,not_enough_blocks,2876,skip,,,,triangle_alpha
,,,,,,,,,,,,,,,,,,,,,3,,,2,not_enough_blocks,2877,skip,,,,triangle_alpha
,,,,,,,,,,,,,,,,,,,,,3,,,0,not_enough_blocks,2878,skip,,,,triangle_alpha
,,,,,,,,,,,,,,,,,,,,,3,,,0,not_enough_blocks,2879,skip,,,,triangle_alpha
,,,,,,,,,,,,,,,,,,,,,3,,,0,not_enough_blocks,2880,skip,,,,triangle_alpha
,,,,,,,,,,,,,,,,,,,,,3,,,1,not_enough_blocks,2881,skip,,,,triangle_alpha
,,,,,,,,,,,,,,,,,,,,,3,,,1,not_enough_blocks,2882,skip,,,,triangle_alpha
,,,,,,,,,,,,,,,,,,,,,3,,,0,not_enough_blocks,2883,skip,,,,triangle_alpha
,,,,,,,,,,,,,,,,,,,,,3,,,0,not_enough_blocks,2884,skip,,,,triangle_alpha
,,,,,,,,,,,,,,,,,,,,,3,,,0,not_enough_blocks,2885,skip,,,,triangle_alpha
,,,,,,,,,,,,,,,,,,,,,3,,,0,not_enough_blocks,2886,skip,,,,triangle_alpha
,,,,,,,,,,,,,,,,,,,,,3,,,0,not_enough_blocks,2887,skip,,,,triangle_alpha
,,,,,,,,,,,,,,,,,,,,,3,,,0,not_enough_blocks,2888,skip,,,,triangle_alpha
,,,,,,,,,,,,,,,,,,,,,3,,,0,not_enough_blocks,2889,skip,,,,triangle_alpha
,,,,,,,,,,,,,,,,,,,,,3,,,0,not_enough_blocks,2890,skip,,,,triangle_alpha
,,,,,,,,,,,,,,,,,,,,,3,,,0,not_enough_blocks,2891,skip,,,,triangle_alpha
,,,,,,,,,,,,,,,,,,,,,3,,,0,not_enough_blocks,2892,skip,,,,triangle_alpha
,,,,,,,,,,,,,,,,,,,,,3,,,0,not_enough_blocks,2893,skip,,,,triangle_alpha
,,,,,,,,,,,,,,,,,,,,,3,,,0,not_enough_blocks,2894,skip,,,,triangle_alpha
,,,,,,,,,,,,,,,,,,,,,3,,,1,not_enough_blocks,2895,skip,,,,triangle_alpha
,,,,,,,,,,,,,,,,,,,,,3,,,0,not_enough_blocks,2896,skip,,,,triangle_alpha
,,,,,,,,,,,,,,,,,,,,,3,,,0,not_enough_blocks,2897,skip,,,,triangle_alpha
,,,,,,,,,,,,,,,,,,,,,3,,,0,not_enough_blocks,2898,skip,,,,triangle_alpha
,,,,,,,,,,,,,,,,,,,,,3,,,1,not_enough_blocks,2899,skip,,,,triangle_alpha
,,,,,,,,,,,,,,,,,,,,,3,,,0,not_enough_blocks,2900,skip,,,,triangle_alpha
,,,,,,,,,,,,,,,,,,,,,3,,,0,not_enough_blocks,2901,skip,,,,triangle_alpha
,,,,,,,,,,,,,,,,,,,,,3,,,0,not_enough_blocks,2902,skip,,,,triangle_alpha
,,,,,,,,,,,,,,,,,,,,,3,,,0,not_enough_blocks,2903,skip,,,,triangle_alpha
,,,,,,,,,,,,,,,,,,,,,3,,,0,not_enough_blocks,2904,skip,,,,triangle_alpha
,,,,,,,,,,,,,,,,,,,,,3,,,0,not_enough_blocks,2905,skip,,,,triangle_alpha
,,,,,,,,,,,,,,,,,,,,,3,,,0,not_enough_blocks,2906,skip,,,,triangle_alpha
,,,,,,,,,,,,,,,,,,,,,3,,,0,not_enough_blocks,2907,skip,,,,triangle_alpha
,,,,,,,,,,,,,,,,,,,,,3,,,0,not_enough_blocks,2908,skip,,,,triangle_alpha
,,,,,,,,,,,,,,,,,,,,,3,,,0,not_enough_blocks,2909,skip,,,,triangle_alpha
,,,,,,,,,,,,,,,,,,,,,3,,,0,not_enough_blocks,2910,skip,,,,triangle_alpha
,,,,,,,,,,,,,,,,,,,,,3,,,1,not_enough_blocks,2911,skip,,,,triangle_alpha
,,,,,,,,,,,,,,,,,,,,,3,,,1,not_enough_blocks,2912,skip,,,,triangle_alpha
,,,,,,,,,,,,,,,,,,,,,3,,,0,not_enough_blocks,2913,skip,,,,triangle_alpha
,,,,,,,,,,,,,,,,,,,,,3,,,0,not_enough_blocks,2914,skip,,,,triangle_alpha
,,,,,,,,,,,,,,,,,,,,,3,,,0,not_enough_blocks,2915,skip,,,,triangle_alpha
,,,,,,,,,,,,,,,,,,,,,3,,,0,not_enough_blocks,2916,skip,,,,triangle_alpha
,,,,,,,,,,,,,,,,,,,,,3,,,1,not_enough_blocks,2917,skip,,,,triangle_alpha
,,,,,,,,,,,,,,,,,,,,,3,,,0,not_enough_blocks,2918,skip,,,,triangle_alpha
,,,,,,,,,,,,,,,,,,,,,3,,,0,not_enough_blocks,2919,skip,,,,triangle_alpha
,,,,,,,,,,,,,,,,,,,,,3,,,0,not_enough_blocks,2920,skip,,,,triangle_alpha
,,,,,,,,,,,,,,,,,,,,,3,,,0,not_enough_blocks,2921,skip,,,,triangle_alpha
,,,,,,,,,,,,,,,,,,,,,3,,,0,not_enough_blocks,2922,skip,,,,triangle_alpha
,,,,,,,,,,,,,,,,,,,,,3,,,0,not_enough_blocks,2923,skip,,,,triangle_alpha
,,,,,,,,,,,,,,,,,,,,,3,,,0,not_enough_blocks,2924,skip,,,,triangle_alpha
,,,,,,,,,,,,,,,,,,,,,3,,,0,not_enough_blocks,2925,skip,,,,triangle_alpha
,,,,,,,,,,,,,,,,,,,,,3,,,0,not_enough_blocks,2926,skip,,,,triangle_alpha
,,,,,,,,,,,,,,,,,,,,,3,,,1,not_enough_blocks,2927,skip,,,,triangle_alpha
,,,,,,,,,,,,,,,,,,,,,3,,,0,not_enough_blocks,2928,skip,,,,triangle_alpha
,,,,,,,,,,,,,,,,,,,,,3,,,0,not_enough_blocks,2929,skip,,,,triangle_alpha
,,,,,,,,,,,,,,,,,,,,,3,,,0,not_enough_blocks,2930,skip,,,,triangle_alpha
,,,,,,,,,,,,,,,,,,,,,3,,,1,not_enough_blocks,2931,skip,,,,triangle_alpha
,,,,,,,,,,,,,,,,,,,,,3,,,0,not_enough_blocks,2932,skip,,,,triangle_alpha
,,,,,,,,,,,,,,,,,,,,,3,,,0,not_enough_blocks,2933,skip,,,,triangle_alpha
,,,,,,,,,,,,,,,,,,,,,3,,,0,not_enough_blocks,2934,skip,,,,triangle_alpha
,,,,,,,,,,,,,,,,,,,,,3,,,0,not_enough_blocks,2935,skip,,,,triangle_alpha
,,,,,,,,,,,,,,,,,,,,,3,,,0,not_enough_blocks,2936,skip,,,,triangle_alpha
,,,,,,,,,,,,,,,,,,,,,3,,,1,not_enough_blocks,2937,skip,,,,triangle_alpha
,,,,,,,,,,,,,,,,,,,,,3,,,0,not_enough_blocks,2938,skip,,,,triangle_alpha
,,,,,,,,,,,,,,,,,,,,,3,,,1,not_enough_blocks,2939,skip,,,,triangle_alpha
,,,,,,,,,,,,,,,,,,,,,3,,,0,not_enough_blocks,2940,skip,,,,triangle_alpha
,,,,,,,,,,,,,,,,,,,,,3,,,0,not_enough_blocks,2941,skip,,,,triangle_alpha
,,,,,,,,,,,,,,,,,,,,,3,,,0,not_enough_blocks,2942,skip,,,,triangle_alpha
,,,,,,,,,,,,,,,,,,,,,3,,,0,not_enough_blocks,2943,skip,,,,triangle_alpha
,,,,,,,,,,,,,,,,,,,,,3,,,0,not_enough_blocks,2944,skip,,,,triangle_alpha
,,,,,,,,,,,,,,,,,,,,,3,,,0,not_enough_blocks,2945,skip,,,,triangle_alpha
,,,,,,,,,,,,,,,,,,,,,3,,,0,not_enough_blocks,2946,skip,,,,triangle_alpha
,,,,,,,,,,,,,,,,,,,,,3,,,1,not_enough_blocks,2947,skip,,,,triangle_alpha
,,,,,,,,,,,,,,,,,,,,,3,,,1,not_enough_blocks,2948,skip,,,,triangle_alpha
,,,,,,,,,,,,,,,,,,,,,3,,,0,not_enough_blocks,2949,skip,,,,triangle_alpha
,,,,,,,,,,,,,,,,,,,,,3,,,0,not_enough_blocks,2950,skip,,,,triangle_alpha
,,,,,,,,,,,,,,,,,,,,,3,,,0,not_enough_blocks,2951,skip,,,,triangle_alpha
,,,,,,,,,,,,,,,,,,,,,3,,,0,not_enough_blocks,2952,skip,,,,triangle_alpha
,,,,,,,,,,,,,,,,,,,,,3,,,0,not_enough_blocks,2953,skip,,,,triangle_alpha
,,,,,,,,,,,,,,,,,,,,,3,,,0,not_enough_blocks,2954,skip,,,,triangle_alpha
,,,,,,,,,,,,,,,,,,,,,3,,,1,not_enough_blocks,2955,skip,,,,triangle_alpha
,,,,,,,,,,,,,,,,,,,,,3,,,0,not_enough_blocks,2956,skip,,,,triangle_alpha
,,,,,,,,,,,,,,,,,,,,,3,,,0,not_enough_blocks,2957,skip,,,,triangle_alpha
,,,,,,,,,,,,,,,,,,,,,3,,,0,not_enough_blocks,2958,skip,,,,triangle_alpha
,,,,,,,,,,,,,,,,,,,,,3,,,0,not_enough_blocks,2959,skip,,,,triangle_alpha
,,,,,,,,,,,,,,,,,,,,,3,,,0,not_enough_blocks,2960,skip,,,,triangle_alpha
,,,,,,,,,,,,,,,,,,,,,3,,,0,not_enough_blocks,2961,skip,,,,triangle_alpha
,,,,,,,,,,,,,,,,,,,,,3,,,1,not_enough_blocks,2962,skip,,,,triangle_alpha
,,,,,,,,,,,,,,,,,,,,,3,,,0,not_enough_blocks,2963,skip,,,,triangle_alpha
,,,,,,,,,,,,,,,,,,,,,3,,,0,not_enough_blocks,2964,skip,,,,triangle_alpha
,,,,,,,,,,,,,,,,,,,,,3,,,0,not_enough_blocks,2965,skip,,,,triangle_alpha
,,,,,,,,,,,,,,,,,,,,,3,,,0,not_enough_blocks,2966,skip,,,,triangle_alpha
,,,,,,,,,,,,,,,,,,,,,3,,,0,not_enough_blocks,2967,skip,,,,triangle_alpha
,,,,,,,,,,,,,,,,,,,,,3,,,0,not_enough_blocks,2968,skip,,,,triangle_alpha
,,,,,,,,,,,,,,,,,,,,,3,,,0,not_enough_blocks,2969,skip,,,,triangle_alpha
,,,,,,,,,,,,,,,,,,,,,3,,,0,not_enough_blocks,2970,skip,,,,triangle_alpha
,,,,,,,,,,,,,,,,,,,,,3,,,0,not_enough_blocks,2971,skip,,,,triangle_alpha
,,,,,,,,,,,,,,,,,,,,,3,,,1,not_enough_blocks,2972,skip,,,,triangle_alpha
,,,,,,,,,,,,,,,,,,,,,3,,,0,not_enough_blocks,2973,skip,,,,triangle_alpha
,,,,,,,,,,,,,,,,,,,,,3,,,0,not_enough_blocks,2974,skip,,,,triangle_alpha
,,,,,,,,,,,,,,,,,,,,,3,,,0,not_enough_blocks,2975,skip,,,,triangle_alpha
,,,,,,,,,,,,,,,,,,,,,3,,,0,not_enough_blocks,2976,skip,,,,triangle_alpha
,,,,,,,,,,,,,,,,,,,,,3,,,0,not_enough_blocks,2977,skip,,,,triangle_alpha
,,,,,,,,,,,,,,,,,,,,,3,,,0,not_enough_blocks,2978,skip,,,,triangle_alpha
,,,,,,,,,,,,,,,,,,,,,3,,,1,not_enough_blocks,2979,skip,,,,triangle_alpha
,,,,,,,,,,,,,,,,,,,,,3,,,0,not_enough_blocks,2980,skip,,,,triangle_alpha
,,,,,,,,,,,,,,,,,,,,,3,,,0,not_enough_blocks,2981,skip,,,,triangle_alpha
,,,,,,,,,,,,,,,,,,,,,3,,,0,not_enough_blocks,2982,skip,,,,triangle_alpha
,,,,,,,,,,,,,,,,,,,,,3,,,0,not_enough_blocks,2983,skip,,,,triangle_alpha
,,,,,,,,,,,,,,,,,,,,,3,,,0,not_enough_blocks,2984,skip,,,,triangle_alpha
,,,,,,,,,,,,,,,,,,,,,3,,,0,not_enough_blocks,2985,skip,,,,triangle_alpha
,,,,,,,,,,,,,,,,,,,,,3,,,0,not_enough_blocks,2986,skip,,,,triangle_alpha
,,,,,,,,,,,,,,,,,,,,,3,,,0,not_enough_blocks,2987,skip,,,,triangle_alpha
,,,,,,,,,,,,,,,,,,,,,3,,,1,not_enough_blocks,2988,skip,,,,triangle_alpha
,,,,,,,,,,,,,,,,,,,,,3,,,0,not_enough_blocks,2989,skip,,,,triangle_alpha
,,,,,,,,,,,,,,,,,,,,,3,,,0,not_enough_blocks,2990,skip,,,,triangle_alpha
,,,,,,,,,,,,,,,,,,,,,3,,,0,not_enough_blocks,2991,skip,,,,triangle_alpha
,,,,,,,,,,,,,,,,,,,,,3,,,0,not_enough_blocks,2992,skip,,,,triangle_alpha
,,,,,,,,,,,,,,,,,,,,,3,,,0,not_enough_blocks,2993,skip,,,,triangle_alpha
,,,,,,,,,,,,,,,,,,,,,3,,,0,not_enough_blocks,2994,skip,,,,triangle_alpha
,,,,,,,,,,,,,,,,,,,,,3,,,0,not_enough_blocks,2995,skip,,,,triangle_alpha
,,,,,,,,,,,,,,,,,,,,,3,,,1,not_enough_blocks,2996,skip,,,,triangle_alpha
,,,,,,,,,,,,,,,,,,,,,3,,,0,not_enough_blocks,2997,skip,,,,triangle_alpha
,,,,,,,,,,,,,,,,,,,,,3,,,0,not_enough_blocks,2998,skip,,,,triangle_alpha
,,,,,,,,,,,,,,,,,,,,,3,,,0,not_enough_blocks,2999,skip,,,,triangle_alpha
,,,,,,,,,,,,,,,,,,,,,3,,,0,not_enough_blocks,3000,skip,,,,triangle_alpha
,,,,,,,,,,,,,,,,,,,,,3,,,1,not_enough_blocks,3001,skip,,,,triangle_alpha
,,,,,,,,,,,,,,,,,,,,,3,,,0,not_enough_blocks,3002,skip,,,,triangle_alpha
,,,,,,,,,,,,,,,,,,,,,3,,,0,not_enough_blocks,3003,skip,,,,triangle_alpha
,,,,,,,,,,,,,,,,,,,,,3,,,0,not_enough_blocks,3004,skip,,,,triangle_alpha
,,,,,,,,,,,,,,,,,,,,,3,,,0,not_enough_blocks,3005,skip,,,,triangle_alpha
,,,,,,,,,,,,,,,,,,,,,3,,,0,not_enough_blocks,3006,skip,,,,triangle_alpha
,,,,,,,,,,,,,,,,,,,,,3,,,0,not_enough_blocks,3007,skip,,,,triangle_alpha
,,,,,,,,,,,,,,,,,,,,,3,,,0,not_enough_blocks,3008,skip,,,,triangle_alpha
,,,,,,,,,,,,,,,,,,,,,3,,,0,not_enough_blocks,3009,skip,,,,triangle_alpha
,,,,,,,,,,,,,,,,,,,,,3,,,0,not_enough_blocks,3010,skip,,,,triangle_alpha
,,,,,,,,,,,,,,,,,,,,,3,,,0,not_enough_blocks,3011,skip,,,,triangle_alpha
,,,,,,,,,,,,,,,,,,,,,3,,,1,not_enough_blocks,3012,skip,,,,triangle_alpha
,,,,,,,,,,,,,,,,,,,,,3,,,0,not_enough_blocks,3013,skip,,,,triangle_alpha
,,,,,,,,,,,,,,,,,,,,,3,,,1,not_enough_blocks,3014,skip,,,,triangle_alpha
,,,,,,,,,,,,,,,,,,,,,3,,,1,not_enough_blocks,3015,skip,,,,triangle_alpha
,,,,,,,,,,,,,,,,,,,,,3,,,0,not_enough_blocks,3016,skip,,,,triangle_alpha
,,,,,,,,,,,,,,,,,,,,,3,,,0,not_enough_blocks,3017,skip,,,,triangle_alpha
,,,,,,,,,,,,,,,,,,,,,3,,,0,not_enough_blocks,3018,skip,,,,triangle_alpha
,,,,,,,,,,,,,,,,,,,,,3,,,0,not_enough_blocks,3019,skip,,,,triangle_alpha
,,,,,,,,,,,,,,,,,,,,,3,,,0,not_enough_blocks,3020,skip,,,,triangle_alpha
,,,,,,,,,,,,,,,,,,,,,3,,,0,not_enough_blocks,3021,skip,,,,triangle_alpha
,,,,,,,,,,,,,,,,,,,,,3,,,0,not_enough_blocks,3022,skip,,,,triangle_alpha
,,,,,,,,,,,,,,,,,,,,,3,,,0,not_enough_blocks,3023,skip,,,,triangle_alpha
,,,,,,,,,,,,,,,,,,,,,3,,,0,not_enough_blocks,3024,skip,,,,triangle_alpha
,,,,,,,,,,,,,,,,,,,,,3,,,1,not_enough_blocks,3025,skip,,,,triangle_alpha
,,,,,,,,,,,,,,,,,,,,,3,,,0,not_enough_blocks,3026,skip,,,,triangle_alpha
,,,,,,,,,,,,,,,,,,,,,3,,,0,not_enough_blocks,3027,skip,,,,triangle_alpha
,,,,,,,,,,,,,,,,,,,,,3,,,1,not_enough_blocks,3028,skip,,,,triangle_alpha
,,,,,,,,,,,,,,,,,,,,,3,,,0,not_enough_blocks,3029,skip,,,,triangle_alpha
,,,,,,,,,,,,,,,,,,,,,3,,,0,not_enough_blocks,3030,skip,,,,triangle_alpha
,,,,,,,,,,,,,,,,,,,,,3,,,0,not_enough_blocks,3031,skip,,,,triangle_alpha
,,,,,,,,,,,,,,,,,,,,,3,,,0,not_enough_blocks,3032,skip,,,,triangle_alpha
,,,,,,,,,,,,,,,,,,,,,3,,,0,not_enough_blocks,3033,skip,,,,triangle_alpha
,,,,,,,,,,,,,,,,,,,,,3,,,0,not_enough_blocks,3034,skip,,,,triangle_alpha
,,,,,,,,,,,,,,,,,,,,,3,,,0,not_enough_blocks,3035,skip,,,,triangle_alpha
,,,,,,,,,,,,,,,,,,,,,3,,,0,not_enough_blocks,3036,skip,,,,triangle_alpha
,,,,,,,,,,,,,,,,,,,,,3,,,0,not_enough_blocks,3037,skip,,,,triangle_alpha
,,,,,,,,,,,,,,,,,,,,,3,,,0,not_enough_blocks,3038,skip,,,,triangle_alpha
,,,,,,,,,,,,,,,,,,,,,3,,,1,not_enough_blocks,3039,skip,,,,triangle_alpha
,,,,,,,,,,,,,,,,,,,,,3,,,0,not_enough_blocks,3040,skip,,,,triangle_alpha
,,,,,,,,,,,,,,,,,,,,,3,,,0,not_enough_blocks,3041,skip,,,,triangle_alpha
,,,,,,,,,,,,,,,,,,,,,3,,,0,not_enough_blocks,3042,skip,,,,triangle_alpha
,,,,,,,,,,,,,,,,,,,,,3,,,0,not_enough_blocks,3043,skip,,,,triangle_alpha
,,,,,,,,,,,,,,,,,,,,,3,,,1,not_enough_blocks,3044,skip,,,,triangle_alpha
,,,,,,,,,,,,,,,,,,,,,3,,,0,not_enough_blocks,3045,skip,,,,triangle_alpha
,,,,,,,,,,,,,,,,,,,,,3,,,0,not_enough_blocks,3046,skip,,,,triangle_alpha
,,,,,,,,,,,,,,,,,,,,,3,,,0,not_enough_blocks,3047,skip,,,,triangle_alpha
,,,,,,,,,,,,,,,,,,,,,3,,,0,not_enough_blocks,3048,skip,,,,triangle_alpha
,,,,,,,,,,,,,,,,,,,,,3,,,0,not_enough_blocks,3049,skip,,,,triangle_alpha
,,,,,,,,,,,,,,,,,,,,,3,,,0,not_enough_blocks,3050,skip,,,,triangle_alpha
,,,,,,,,,,,,,,,,,,,,,3,,,1,not_enough_blocks,3051,skip,,,,triangle_alpha
,,,,,,,,,,,,,,,,,,,,,3,,,0,not_enough_blocks,3052,skip,,,,triangle_alpha
,,,,,,,,,,,,,,,,,,,,,3,,,0,not_enough_blocks,3053,skip,,,,triangle_alpha
,,,,,,,,,,,,,,,,,,,,,3,,,1,not_enough_blocks,3054,skip,,,,triangle_alpha
,,,,,,,,,,,,,,,,,,,,,3,,,1,not_enough_blocks,3055,skip,,,,triangle_alpha
,,,,,,,,,,,,,,,,,,,,,3,,,0,not_enough_blocks,3056,skip,,,,triangle_alpha
,,,,,,,,,,,,,,,,,,,,,3,,,0,not_enough_blocks,3057,skip,,,,triangle_alpha
,,,,,,,,,,,,,,,,,,,,,3,,,0,not_enough_blocks,3058,skip,,,,triangle_alpha
,,,,,,,,,,,,,,,,,,,,,3,,,0,not_enough_blocks,3059,skip,,,,triangle_alpha
,,,,,,,,,,,,,,,,,,,,,3,,,0,not_enough_blocks,3060,skip,,,,triangle_alpha
,,,,,,,,,,,,,,,,,,,,,3,,,1,not_enough_blocks,3061,skip,,,,triangle_alpha
,,,,,,,,,,,,,,,,,,,,,3,,,0,not_enough_blocks,3062,skip,,,,triangle_alpha
,,,,,,,,,,,,,,,,,,,,,3,,,0,not_enough_blocks,3063,skip,,,,triangle_alpha
,,,,,,,,,,,,,,,,,,,,,3,,,0,not_enough_blocks,3064,skip,,,,triangle_alpha
,,,,,,,,,,,,,,,,,,,,,3,,,1,not_enough_blocks,3065,skip,,,,triangle_alpha
,,,,,,,,,,,,,,,,,,,,,3,,,0,not_enough_blocks,3066,skip,,,,triangle_alpha
,,,,,,,,,,,,,,,,,,,,,3,,,1,not_enough_blocks,3067,skip,,,,triangle_alpha
,,,,,,,,,,,,,,,,,,,,,3,,,0,not_enough_blocks,3068,skip,,,,triangle_alpha
,,,,,,,,,,,,,,,,,,,,,3,,,0,not_enough_blocks,3069,skip,,,,triangle_alpha
,,,,,,,,,,,,,,,,,,,,,3,,,1,not_enough_blocks,3070,skip,,,,triangle_alpha
,,,,,,,,,,,,,,,,,,,,,3,,,0,not_enough_blocks,3071,skip,,,,triangle_alpha
,,,,,,,,,,,,,,,,,,,,,3,,,0,not_enough_blocks,3072,skip,,,,triangle_alpha
,,,,,,,,,,,,,,,,,,,,,3,,,0,not_enough_blocks,3073,skip,,,,triangle_alpha
,,,,,,,,,,,,,,,,,,,,,3,,,0,not_enough_blocks,3074,skip,,,,triangle_alpha
,,,,,,,,,,,,,,,,,,,,,3,,,1,not_enough_blocks,3075,skip,,,,triangle_alpha
,,,,,,,,,,,,,,,,,,,,,3,,,0,not_enough_blocks,3076,skip,,,,triangle_alpha
,,,,,,,,,,,,,,,,,,,,,3,,,2,not_enough_blocks,3077,skip,,,,triangle_alpha
,,,,,,,,,,,,,,,,,,,,,3,,,0,not_enough_blocks,3078,skip,,,,triangle_alpha
,,,,,,,,,,,,,,,,,,,,,3,,,0,not_enough_blocks,3079,skip,,,,triangle_alpha
,,,,,,,,,,,,,,,,,,,,,3,,,0,not_enough_blocks,3080,skip,,,,triangle_alpha
,,,,,,,,,,,,,,,,,,,,,3,,,1,not_enough_blocks,3081,skip,,,,triangle_alpha
,,,,,,,,,,,,,,,,,,,,,3,,,0,not_enough_blocks,3082,skip,,,,triangle_alpha
,,,,,,,,,,,,,,,,,,,,,3,,,1,not_enough_blocks,3083,skip,,,,triangle_alpha
,,,,,,,,,,,,,,,,,,,,,3,,,0,not_enough_blocks,3084,skip,,,,triangle_alpha
,,,,,,,,,,,,,,,,,,,,,3,,,0,not_enough_blocks,3085,skip,,,,triangle_alpha
,,,,,,,,,,,,,,,,,,,,,3,,,0,not_enough_blocks,3086,skip,,,,triangle_alpha
,,,,,,,,,,,,,,,,,,,,,3,,,0,not_enough_blocks,3087,skip,,,,triangle_alpha
,,,,,,,,,,,,,,,,,,,,,3,,,1,not_enough_blocks,3088,skip,,,,triangle_alpha
,,,,,,,,,,,,,,,,,,,,,3,,,0,not_enough_blocks,3089,skip,,,,triangle_alpha
,,,,,,,,,,,,,,,,,,,,,3,,,0,not_enough_blocks,3090,skip,,,,triangle_alpha
,,,,,,,,,,,,,,,,,,,,,3,,,0,not_enough_blocks,3091,skip,,,,triangle_alpha
,,,,,,,,,,,,,,,,,,,,,3,,,0,not_enough_blocks,3092,skip,,,,triangle_alpha
,,,,,,,,,,,,,,,,,,,,,3,,,1,not_enough_blocks,3093,skip,,,,triangle_alpha
,,,,,,,,,,,,,,,,,,,,,3,,,0,not_enough_blocks,3094,skip,,,,triangle_alpha
,,,,,,,,,,,,,,,,,,,,,3,,,0,not_enough_blocks,3095,skip,,,,triangle_alpha
,,,,,,,,,,,,,,,,,,,,,3,,,1,not_enough_blocks,3096,skip,,,,triangle_alpha
,,,,,,,,,,,,,,,,,,,,,3,,,0,not_enough_blocks,3097,skip,,,,triangle_alpha
,,,,,,,,,,,,,,,,,,,,,3,,,0,not_enough_blocks,3098,skip,,,,triangle_alpha
,,,,,,,,,,,,,,,,,,,,,3,,,2,not_enough_blocks,3099,skip,,,,triangle_alpha
,,,,,,,,,,,,,,,,,,,,,3,,,1,not_enough_blocks,3100,skip,,,,triangle_alpha
,,,,,,,,,,,,,,,,,,,,,3,,,1,not_enough_blocks,3101,skip,,,,triangle_alpha
,,,,,,,,,,,,,,,,,,,,,3,,,0,not_enough_blocks,3102,skip,,,,triangle_alpha
,,,,,,,,,,,,,,,,,,,,,3,,,1,not_enough_blocks,3103,skip,,,,triangle_alpha
,,,,,,,,,,,,,,,,,,,,,3,,,1,not_enough_blocks,3104,skip,,,,triangle_alpha
,,,,,,,,,,,,,,,,,,,,,3,,,0,not_enough_blocks,3105,skip,,,,triangle_alpha
,,,,,,,,,,,,,,,,,,,,,3,,,0,not_enough_blocks,3106,skip,,,,triangle_alpha
,,,,,,,,,,,,,,,,,,,,,3,,,0,not_enough_blocks,3107,skip,,,,triangle_alpha
,,,,,,,,,,,,,,,,,,,,,3,,,1,not_enough_blocks,3108,skip,,,,triangle_alpha
,,,,,,,,,,,,,,,,,,,,,3,,,0,not_enough_blocks,3109,skip,,,,triangle_alpha
,,,,,,,,,,,,,,,,,,,,,3,,,1,not_enough_blocks,3110,skip,,,,triangle_alpha
,,,,,,,,,,,,,,,,,,,,,3,,,0,not_enough_blocks,3111,skip,,,,triangle_alpha
,,,,,,,,,,,,,,,,,,,,,3,,,0,not_enough_blocks,3112,skip,,,,triangle_alpha
,,,,,,,,,,,,,,,,,,,,,3,,,0,not_enough_blocks,3113,skip,,,,triangle_alpha
,,,,,,,,,,,,,,,,,,,,,3,,,1,not_enough_blocks,3114,skip,,,,triangle_alpha
,,,,,,,,,,,,,,,,,,,,,3,,,0,not_enough_blocks,3115,skip,,,,triangle_alpha
,,,,,,,,,,,,,,,,,,,,,3,,,0,not_enough_blocks,3116,skip,,,,triangle_alpha
,,,,,,,,,,,,,,,,,,,,,3,,,0,not_enough_blocks,3117,skip,,,,triangle_alpha
,,,,,,,,,,,,,,,,,,,,,3,,,0,not_enough_blocks,3118,skip,,,,triangle_alpha
,,,,,,,,,,,,,,,,,,,,,3,,,0,not_enough_blocks,3119,skip,,,,triangle_alpha
,,,,,,,,,,,,,,,,,,,,,3,,,0,not_enough_blocks,3120,skip,,,,triangle_alpha
,,,,,,,,,,,,,,,,,,,,,3,,,0,not_enough_blocks,3121,skip,,,,triangle_alpha
,,,,,,,,,,,,,,,,,,,,,3,,,1,not_enough_blocks,3122,skip,,,,triangle_alpha
,,,,,,,,,,,,,,,,,,,,,3,,,0,not_enough_blocks,3123,skip,,,,triangle_alpha
,,,,,,,,,,,,,,,,,,,,,3,,,1,not_enough_blocks,3124,skip,,,,triangle_alpha
,,,,,,,,,,,,,,,,,,,,,3,,,0,not_enough_blocks,3125,skip,,,,triangle_alpha
,,,,,,,,,,,,,,,,,,,,,3,,,0,not_enough_blocks,3126,skip,,,,triangle_alpha
,,,,,,,,,,,,,,,,,,,,,3,,,1,not_enough_blocks,3127,skip,,,,triangle_alpha
,,,,,,,,,,,,,,,,,,,,,3,,,0,not_enough_blocks,3128,skip,,,,triangle_alpha
,,,,,,,,,,,,,,,,,,,,,3,,,1,not_enough_blocks,3129,skip,,,,triangle_alpha
,,,,,,,,,,,,,,,,,,,,,3,,,0,not_enough_blocks,3130,skip,,,,triangle_alpha
,,,,,,,,,,,,,,,,,,,,,3,,,0,not_enough_blocks,3131,skip,,,,triangle_alpha
,,,,,,,,,,,,,,,,,,,,,3,,,0,not_enough_blocks,3132,skip,,,,triangle_alpha
,,,,,,,,,,,,,,,,,,,,,3,,,1,not_enough_blocks,3133,skip,,,,triangle_alpha
,,,,,,,,,,,,,,,,,,,,,3,,,0,not_enough_blocks,3134,skip,,,,triangle_alpha
,,,,,,,,,,,,,,,,,,,,,3,,,1,not_enough_blocks,3135,skip,,,,triangle_alpha
,,,,,,,,,,,,,,,,,,,,,3,,,0,not_enough_blocks,3136,skip,,,,triangle_alpha
,,,,,,,,,,,,,,,,,,,,,3,,,0,not_enough_blocks,3137,skip,,,,triangle_alpha
,,,,,,,,,,,,,,,,,,,,,3,,,0,not_enough_blocks,3138,skip,,,,triangle_alpha
,,,,,,,,,,,,,,,,,,,,,3,,,0,not_enough_blocks,3139,skip,,,,triangle_alpha
,,,,,,,,,,,,,,,,,,,,,3,,,0,not_enough_blocks,3140,skip,,,,triangle_alpha
,,,,,,,,,,,,,,,,,,,,,3,,,0,not_enough_blocks,3141,skip,,,,triangle_alpha
,,,,,,,,,,,,,,,,,,,,,3,,,0,not_enough_blocks,3142,skip,,,,triangle_alpha
,,,,,,,,,,,,,,,,,,,,,3,,,0,not_enough_blocks,3143,skip,,,,triangle_alpha
,,,,,,,,,,,,,,,,,,,,,3,,,1,not_enough_blocks,3144,skip,,,,triangle_alpha
,,,,,,,,,,,,,,,,,,,,,3,,,0,not_enough_blocks,3145,skip,,,,triangle_alpha
,,,,,,,,,,,,,,,,,,,,,3,,,0,not_enough_blocks,3146,skip,,,,triangle_alpha
,,,,,,,,,,,,,,,,,,,,,3,,,0,not_enough_blocks,3147,skip,,,,triangle_alpha
,,,,,,,,,,,,,,,,,,,,,3,,,0,not_enough_blocks,3148,skip,,,,triangle_alpha
,,,,,,,,,,,,,,,,,,,,,3,,,1,not_enough_blocks,3149,skip,,,,triangle_alpha
,,,,,,,,,,,,,,,,,,,,,3,,,0,not_enough_blocks,3150,skip,,,,triangle_alpha
,,,,,,,,,,,,,,,,,,,,,3,,,1,not_enough_blocks,3151,skip,,,,triangle_alpha
,,,,,,,,,,,,,,,,,,,,,3,,,0,not_enough_blocks,3152,skip,,,,triangle_alpha
,,,,,,,,,,,,,,,,,,,,,3,,,0,not_enough_blocks,3153,skip,,,,triangle_alpha
,,,,,,,,,,,,,,,,,,,,,3,,,0,not_enough_blocks,3154,skip,,,,triangle_alpha
,,,,,,,,,,,,,,,,,,,,,3,,,1,not_enough_blocks,3155,skip,,,,triangle_alpha
,,,,,,,,,,,,,,,,,,,,,3,,,0,not_enough_blocks,3156,skip,,,,triangle_alpha
,,,,,,,,,,,,,,,,,,,,,3,,,0,not_enough_blocks,3157,skip,,,,triangle_alpha
,,,,,,,,,,,,,,,,,,,,,3,,,0,not_enough_blocks,3158,skip,,,,triangle_alpha
,,,,,,,,,,,,,,,,,,,,,3,,,0,not_enough_blocks,3159,skip,,,,triangle_alpha
,,,,,,,,,,,,,,,,,,,,,3,,,0,not_enough_blocks,3160,skip,,,,triangle_alpha
,,,,,,,,,,,,,,,,,,,,,3,,,0,not_enough_blocks,3161,skip,,,,triangle_alpha
,,,,,,,,,,,,,,,,,,,,,3,,,0,not_enough_blocks,3162,skip,,,,triangle_alpha
,,,,,,,,,,,,,,,,,,,,,3,,,0,not_enough_blocks,3163,skip,,,,triangle_alpha
,,,,,,,,,,,,,,,,,,,,,3,,,0,not_enough_blocks,3164,skip,,,,triangle_alpha
,,,,,,,,,,,,,,,,,,,,,3,,,1,not_enough_blocks,3165,skip,,,,triangle_alpha
,,,,,,,,,,,,,,,,,,,,,3,,,0,not_enough_blocks,3166,skip,,,,triangle_alpha
,,,,,,,,,,,,,,,,,,,,,3,,,0,not_enough_blocks,3167,skip,,,,triangle_alpha
,,,,,,,,,,,,,,,,,,,,,3,,,1,not_enough_blocks,3168,skip,,,,triangle_alpha
,,,,,,,,,,,,,,,,,,,,,3,,,0,not_enough_blocks,3169,skip,,,,triangle_alpha
,,,,,,,,,,,,,,,,,,,,,3,,,0,not_enough_blocks,3170,skip,,,,triangle_alpha
,,,,,,,,,,,,,,,,,,,,,3,,,0,not_enough_blocks,3171,skip,,,,triangle_alpha
,,,,,,,,,,,,,,,,,,,,,3,,,1,not_enough_blocks,3172,skip,,,,triangle_alpha
,,,,,,,,,,,,,,,,,,,,,3,,,0,not_enough_blocks,3173,skip,,,,triangle_alpha
,,,,,,,,,,,,,,,,,,,,,3,,,0,not_enough_blocks,3174,skip,,,,triangle_alpha
,,,,,,,,,,,,,,,,,,,,,3,,,0,not_enough_blocks,3175,skip,,,,triangle_alpha
,,,,,,,,,,,,,,,,,,,,,3,,,0,not_enough_blocks,3176,skip,,,,triangle_alpha
,,,,,,,,,,,,,,,,,,,,,3,,,0,not_enough_blocks,3177,skip,,,,triangle_alpha
,,,,,,,,,,,,,,,,,,,,,3,,,0,not_enough_blocks,3178,skip,,,,triangle_alpha
,,,,,,,,,,,,,,,,,,,,,3,,,0,not_enough_blocks,3179,skip,,,,triangle_alpha
,,,,,,,,,,,,,,,,,,,,,3,,,0,not_enough_blocks,3180,skip,,,,triangle_alpha
,,,,,,,,,,,,,,,,,,,,,3,,,1,not_enough_blocks,3181,skip,,,,triangle_alpha
,,,,,,,,,,,,,,,,,,,,,3,,,0,not_enough_blocks,3182,skip,,,,triangle_alpha
,,,,,,,,,,,,,,,,,,,,,3,,,0,not_enough_blocks,3183,skip,,,,triangle_alpha
,,,,,,,,,,,,,,,,,,,,,3,,,0,not_enough_blocks,3184,skip,,,,triangle_alpha
,,,,,,,,,,,,,,,,,,,,,3,,,0,not_enough_blocks,3185,skip,,,,triangle_alpha
,,,,,,,,,,,,,,,,,,,,,3,,,0,not_enough_blocks,3186,skip,,,,triangle_alpha
,,,,,,,,,,,,,,,,,,,,,3,,,0,not_enough_blocks,3187,skip,,,,triangle_alpha
,,,,,,,,,,,,,,,,,,,,,3,,,0,not_enough_blocks,3188,skip,,,,triangle_alpha
,,,,,,,,,,,,,,,,,,,,,3,,,0,not_enough_blocks,3189,skip,,,,triangle_alpha
,,,,,,,,,,,,,,,,,,,,,3,,,2,not_enough_blocks,3190,skip,,,,triangle_alpha
,,,,,,,,,,,,,,,,,,,,,3,,,1,not_enough_blocks,3191,skip,,,,triangle_alpha
,,,,,,,,,,,,,,,,,,,,,3,,,1,not_enough_blocks,3192,skip,,,,triangle_alpha
,,,,,,,,,,,,,,,,,,,,,3,,,1,not_enough_blocks,3193,skip,,,,triangle_alpha
,,,,,,,,,,,,,,,,,,,,,3,,,0,not_enough_blocks,3194,skip,,,,triangle_alpha
,,,,,,,,,,,,,,,,,,,,,3,,,0,not_enough_blocks,3195,skip,,,,triangle_alpha
,,,,,,,,,,,,,,,,,,,,,3,,,0,not_enough_blocks,3196,skip,,,,triangle_alpha
,,,,,,,,,,,,,,,,,,,,,3,,,1,not_enough_blocks,3197,skip,,,,triangle_alpha
,,,,,,,,,,,,,,,,,,,,,3,,,0,not_enough_blocks,3198,skip,,,,triangle_alpha
,,,,,,,,,,,,,,,,,,,,,3,,,0,not_enough_blocks,3199,skip,,,,triangle_alpha
,,,,,,,,,,,,,,,,,,,,,3,,,0,not_enough_blocks,3200,skip,,,,triangle_alpha
,,,,,,,,,,,,,,,,,,,,,3,,,0,not_enough_blocks,3201,skip,,,,triangle_alpha
,,,,,,,,,,,,,,,,,,,,,3,,,0,not_enough_blocks,3202,skip,,,,triangle_alpha
,,,,,,,,,,,,,,,,,,,,,3,,,1,not_enough_blocks,3203,skip,,,,triangle_alpha
,,,,,,,,,,,,,,,,,,,,,3,,,0,not_enough_blocks,3204,skip,,,,triangle_alpha
,,,,,,,,,,,,,,,,,,,,,3,,,1,not_enough_blocks,3205,skip,,,,triangle_alpha
,,,,,,,,,,,,,,,,,,,,,3,,,0,not_enough_blocks,3206,skip,,,,triangle_alpha
,,,,,,,,,,,,,,,,,,,,,3,,,0,not_enough_blocks,3207,skip,,,,triangle_alpha
,,,,,,,,,,,,,,,,,,,,,3,,,0,not_enough_blocks,3208,skip,,,,triangle_alpha
,,,,,,,,,,,,,,,,,,,,,3,,,0,not_enough_blocks,3209,skip,,,,triangle_alpha
,,,,,,,,,,,,,,,,,,,,,3,,,0,not_enough_blocks,3210,skip,,,,triangle_alpha
,,,,,,,,,,,,,,,,,,,,,3,,,0,not_enough_blocks,3211,skip,,,,triangle_alpha
,,,,,,,,,,,,,,,,,,,,,3,,,0,not_enough_blocks,3212,skip,,,,triangle_alpha
,,,,,,,,,,,,,,,,,,,,,3,,,2,not_enough_blocks,3213,skip,,,,triangle_alpha
,,,,,,,,,,,,,,,,,,,,,3,,,0,not_enough_blocks,3214,skip,,,,triangle_alpha
,,,,,,,,,,,,,,,,,,,,,3,,,0,not_enough_blocks,3215,skip,,,,triangle_alpha
,,,,,,,,,,,,,,,,,,,,,3,,,1,not_enough_blocks,3216,skip,,,,triangle_alpha
,,,,,,,,,,,,,,,,,,,,,3,,,0,not_enough_blocks,3217,skip,,,,triangle_alpha
,,,,,,,,,,,,,,,,,,,,,3,,,0,not_enough_blocks,3218,skip,,,,triangle_alpha
,,,,,,,,,,,,,,,,,,,,,3,,,0,not_enough_blocks,3219,skip,,,,triangle_alpha
,,,,,,,,,,,,,,,,,,,,,3,,,1,not_enough_blocks,3220,skip,,,,triangle_alpha
,,,,,,,,,,,,,,,,,,,,,3,,,0,not_enough_blocks,3221,skip,,,,triangle_alpha
,,,,,,,,,,,,,,,,,,,,,3,,,0,not_enough_blocks,3222,skip,,,,triangle_alpha
,,,,,,,,,,,,,,,,,,,,,3,,,0,not_enough_blocks,3223,skip,,,,triangle_alpha
,,,,,,,,,,,,,,,,,,,,,3,,,1,not_enough_blocks,3224,skip,,,,triangle_alpha
,,,,,,,,,,,,,,,,,,,,,3,,,0,not_enough_blocks,3225,skip,,,,triangle_alpha
,,,,,,,,,,,,,,,,,,,,,3,,,0,not_enough_blocks,3226,skip,,,,triangle_alpha
,,,,,,,,,,,,,,,,,,,,,3,,,0,not_enough_blocks,3227,skip,,,,triangle_alpha
,,,,,,,,,,,,,,,,,,,,,3,,,0,not_enough_blocks,3228,skip,,,,triangle_alpha
,,,,,,,,,,,,,,,,,,,,,3,,,0,not_enough_blocks,3229,skip,,,,triangle_alpha
,,,,,,,,,,,,,,,,,,,,,3,,,0,not_enough_blocks,3230,skip,,,,triangle_alpha
,,,,,,,,,,,,,,,,,,,,,3,,,0,not_enough_blocks,3231,skip,,,,triangle_alpha
,,,,,,,,,,,,,,,,,,,,,3,,,0,not_enough_blocks,3232,skip,,,,triangle_alpha
,,,,,,,,,,,,,,,,,,,,,3,,,0,not_enough_blocks,3233,skip,,,,triangle_alpha
,,,,,,,,,,,,,,,,,,,,,3,,,0,not_enough_blocks,3234,skip,,,,triangle_alpha
,,,,,,,,,,,,,,,,,,,,,3,,,1,not_enough_blocks,3235,skip,,,,triangle_alpha
,,,,,,,,,,,,,,,,,,,,,3,,,0,not_enough_blocks,3236,skip,,,,triangle_alpha
,,,,,,,,,,,,,,,,,,,,,3,,,1,not_enough_blocks,3237,skip,,,,triangle_alpha
,,,,,,,,,,,,,,,,,,,,,3,,,0,not_enough_blocks,3238,skip,,,,triangle_alpha
,,,,,,,,,,,,,,,,,,,,,3,,,0,not_enough_blocks,3239,skip,,,,triangle_alpha
,,,,,,,,,,,,,,,,,,,,,3,,,1,not_enough_blocks,3240,skip,,,,triangle_alpha
,,,,,,,,,,,,,,,,,,,,,3,,,0,not_enough_blocks,3241,skip,,,,triangle_alpha
,,,,,,,,,,,,,,,,,,,,,3,,,0,not_enough_blocks,3242,skip,,,,triangle_alpha
,,,,,,,,,,,,,,,,,,,,,3,,,2,not_enough_blocks,3243,skip,,,,triangle_alpha
,,,,,,,,,,,,,,,,,,,,,3,,,0,not_enough_blocks,3244,skip,,,,triangle_alpha
,,,,,,,,,,,,,,,,,,,,,3,,,1,not_enough_blocks,3245,skip,,,,triangle_alpha
,,,,,,,,,,,,,,,,,,,,,3,,,0,not_enough_blocks,3246,skip,,,,triangle_alpha
,,,,,,,,,,,,,,,,,,,,,3,,,0,not_enough_blocks,3247,skip,,,,triangle_alpha
,,,,,,,,,,,,,,,,,,,,,3,,,0,not_enough_blocks,3248,skip,,,,triangle_alpha
,,,,,,,,,,,,,,,,,,,,,3,,,0,not_enough_blocks,3249,skip,,,,triangle_alpha
,,,,,,,,,,,,,,,,,,,,,3,,,0,not_enough_blocks,3250,skip,,,,triangle_alpha
,,,,,,,,,,,,,,,,,,,,,3,,,1,not_enough_blocks,3251,skip,,,,triangle_alpha
,,,,,,,,,,,,,,,,,,,,,3,,,0,not_enough_blocks,3252,skip,,,,triangle_alpha
,,,,,,,,,,,,,,,,,,,,,3,,,0,not_enough_blocks,3253,skip,,,,triangle_alpha
,,,,,,,,,,,,,,,,,,,,,3,,,1,not_enough_blocks,3254,skip,,,,triangle_alpha
,,,,,,,,,,,,,,,,,,,,,3,,,0,not_enough_blocks,3255,skip,,,,triangle_alpha
,,,,,,,,,,,,,,,,,,,,,3,,,1,not_enough_blocks,3256,skip,,,,triangle_alpha
,,,,,,,,,,,,,,,,,,,,,3,,,0,not_enough_blocks,3257,skip,,,,triangle_alpha
,,,,,,,,,,,,,,,,,,,,,3,,,0,not_enough_blocks,3258,skip,,,,triangle_alpha
,,,,,,,,,,,,,,,,,,,,,3,,,0,not_enough_blocks,3259,skip,,,,triangle_alpha
,,,,,,,,,,,,,,,,,,,,,3,,,1,not_enough_blocks,3260,skip,,,,triangle_alpha
,,,,,,,,,,,,,,,,,,,,,3,,,0,not_enough_blocks,3261,skip,,,,triangle_alpha
,,,,,,,,,,,,,,,,,,,,,3,,,0,not_enough_blocks,3262,skip,,,,triangle_alpha
,,,,,,,,,,,,,,,,,,,,,3,,,0,not_enough_blocks,3263,skip,,,,triangle_alpha
,,,,,,,,,,,,,,,,,,,,,3,,,0,not_enough_blocks,3264,skip,,,,triangle_alpha
,,,,,,,,,,,,,,,,,,,,,3,,,0,not_enough_blocks,3265,skip,,,,triangle_alpha
,,,,,,,,,,,,,,,,,,,,,3,,,1,not_enough_blocks,3266,skip,,,,triangle_alpha
,,,,,,,,,,,,,,,,,,,,,3,,,0,not_enough_blocks,3267,skip,,,,triangle_alpha
,,,,,,,,,,,,,,,,,,,,,3,,,0,not_enough_blocks,3268,skip,,,,triangle_alpha
,,,,,,,,,,,,,,,,,,,,,3,,,0,not_enough_blocks,3269,skip,,,,triangle_alpha
,,,,,,,,,,,,,,,,,,,,,3,,,1,not_enough_blocks,3270,skip,,,,triangle_alpha
,,,,,,,,,,,,,,,,,,,,,3,,,1,not_enough_blocks,3271,skip,,,,triangle_alpha
,,,,,,,,,,,,,,,,,,,,,3,,,1,not_enough_blocks,3272,skip,,,,triangle_alpha
,,,,,,,,,,,,,,,,,,,,,3,,,0,not_enough_blocks,3273,skip,,,,triangle_alpha
,,,,,,,,,,,,,,,,,,,,,3,,,0,not_enough_blocks,3274,skip,,,,triangle_alpha
,,,,,,,,,,,,,,,,,,,,,3,,,1,not_enough_blocks,3275,skip,,,,triangle_alpha
,,,,,,,,,,,,,,,,,,,,,3,,,0,not_enough_blocks,3276,skip,,,,triangle_alpha
,,,,,,,,,,,,,,,,,,,,,3,,,0,not_enough_blocks,3277,skip,,,,triangle_alpha
,,,,,,,,,,,,,,,,,,,,,3,,,0,not_enough_blocks,3278,skip,,,,triangle_alpha
,,,,,,,,,,,,,,,,,,,,,3,,,0,not_enough_blocks,3279,skip,,,,triangle_alpha
,,,,,,,,,,,,,,,,,,,,,3,,,0,not_enough_blocks,3280,skip,,,,triangle_alpha
,,,,,,,,,,,,,,,,,,,,,3,,,0,not_enough_blocks,3281,skip,,,,triangle_alpha
,,,,,,,,,,,,,,,,,,,,,3,,,2,not_enough_blocks,3282,skip,,,,triangle_alpha
,,,,,,,,,,,,,,,,,,,,,3,,,0,not_enough_blocks,3283,skip,,,,triangle_alpha
,,,,,,,,,,,,,,,,,,,,,3,,,0,not_enough_blocks,3284,skip,,,,triangle_alpha
,,,,,,,,,,,,,,,,,,,,,3,,,0,not_enough_blocks,3285,skip,,,,triangle_alpha
,,,,,,,,,,,,,,,,,,,,,3,,,0,not_enough_blocks,3286,skip,,,,triangle_alpha
,,,,,,,,,,,,,,,,,,,,,3,,,0,not_enough_blocks,3287,skip,,,,triangle_alpha
,,,,,,,,,,,,,,,,,,,,,3,,,0,not_enough_blocks,3288,skip,,,,triangle_alpha
,,,,,,,,,,,,,,,,,,,,,3,,,0,not_enough_blocks,3289,skip,,,,triangle_alpha
,,,,,,,,,,,,,,,,,,,,,3,,,0,not_enough_blocks,3290,skip,,,,triangle_alpha
,,,,,,,,,,,,,,,,,,,,,3,,,0,not_enough_blocks,3291,skip,,,,triangle_alpha
,,,,,,,,,,,,,,,,,,,,,3,,,0,not_enough_blocks,3292,skip,,,,triangle_alpha
,,,,,,,,,,,,,,,,,,,,,3,,,0,not_enough_blocks,3293,skip,,,,triangle_alpha
,,,,,,,,,,,,,,,,,,,,,3,,,0,not_enough_blocks,3294,skip,,,,triangle_alpha
,,,,,,,,,,,,,,,,,,,,,3,,,0,not_enough_blocks,3295,skip,,,,triangle_alpha
,,,,,,,,,,,,,,,,,,,,,3,,,0,not_enough_blocks,3296,skip,,,,triangle_alpha
,,,,,,,,,,,,,,,,,,,,,3,,,0,not_enough_blocks,3297,skip,,,,triangle_alpha
,,,,,,,,,,,,,,,,,,,,,3,,,0,not_enough_blocks,3298,skip,,,,triangle_alpha
,,,,,,,,,,,,,,,,,,,,,3,,,0,not_enough_blocks,3299,skip,,,,triangle_alpha
,,,,,,,,,,,,,,,,,,,,,3,,,0,not_enough_blocks,3300,skip,,,,triangle_alpha
,,,,,,,,,,,,,,,,,,,,,3,,,1,not_enough_blocks,3301,skip,,,,triangle_alpha
,,,,,,,,,,,,,,,,,,,,,3,,,0,not_enough_blocks,3302,skip,,,,triangle_alpha
,,,,,,,,,,,,,,,,,,,,,3,,,0,not_enough_blocks,3303,skip,,,,triangle_alpha
,,,,,,,,,,,,,,,,,,,,,3,,,0,not_enough_blocks,3304,skip,,,,triangle_alpha
,,,,,,,,,,,,,,,,,,,,,3,,,0,not_enough_blocks,3305,skip,,,,triangle_alpha
,,,,,,,,,,,,,,,,,,,,,3,,,0,not_enough_blocks,3306,skip,,,,triangle_alpha
,,,,,,,,,,,,,,,,,,,,,3,,,0,not_enough_blocks,3307,skip,,,,triangle_alpha
,,,,,,,,,,,,,,,,,,,,,3,,,0,not_enough_blocks,3308,skip,,,,triangle_alpha
,,,,,,,,,,,,,,,,,,,,,3,,,1,not_enough_blocks,3309,skip,,,,triangle_alpha
,,,,,,,,,,,,,,,,,,,,,3,,,0,not_enough_blocks,3310,skip,,,,triangle_alpha
,,,,,,,,,,,,,,,,,,,,,3,,,0,not_enough_blocks,3311,skip,,,,triangle_alpha
,,,,,,,,,,,,,,,,,,,,,3,,,0,not_enough_blocks,3312,skip,,,,triangle_alpha
,,,,,,,,,,,,,,,,,,,,,3,,,0,not_enough_blocks,3313,skip,,,,triangle_alpha
,,,,,,,,,,,,,,,,,,,,,3,,,0,not_enough_blocks,3314,skip,,,,triangle_alpha
,,,,,,,,,,,,,,,,,,,,,3,,,0,not_enough_blocks,3315,skip,,,,triangle_alpha
,,,,,,,,,,,,,,,,,,,,,3,,,0,not_enough_blocks,3316,skip,,,,triangle_alpha
,,,,,,,,,,,,,,,,,,,,,3,,,0,not_enough_blocks,3317,skip,,,,triangle_alpha
,,,,,,,,,,,,,,,,,,,,,3,,,0,not_enough_blocks,3318,skip,,,,triangle_alpha
,,,,,,,,,,,,,,,,,,,,,3,,,0,not_enough_blocks,3319,skip,,,,triangle_alpha
,,,,,,,,,,,,,,,,,,,,,3,,,0,not_enough_blocks,3320,skip,,,,triangle_alpha
,,,,,,,,,,,,,,,,,,,,,3,,,0,not_enough_blocks,3321,skip,,,,triangle_alpha
,,,,,,,,,,,,,,,,,,,,,3,,,0,not_enough_blocks,3322,skip,,,,triangle_alpha
,,,,,,,,,,,,,,,,,,,,,3,,,0,not_enough_blocks,3323,skip,,,,triangle_alpha
,,,,,,,,,,,,,,,,,,,,,3,,,0,not_enough_blocks,3324,skip,,,,triangle_alpha
,,,,,,,,,,,,,,,,,,,,,3,,,0,not_enough_blocks,3325,skip,,,,triangle_alpha
,,,,,,,,,,,,,,,,,,,,,3,,,0,not_enough_blocks,3326,skip,,,,triangle_alpha
,,,,,,,,,,,,,,,,,,,,,3,,,0,not_enough_blocks,3327,skip,,,,triangle_alpha
,,,,,,,,,,,,,,,,,,,,,3,,,0,not_enough_blocks,3328,skip,,,,triangle_alpha
,,,,,,,,,,,,,,,,,,,,,3,,,0,not_enough_blocks,3329,skip,,,,triangle_alpha
,,,,,,,,,,,,,,,,,,,,,3,,,1,not_enough_blocks,3330,skip,,,,triangle_alpha
,,,,,,,,,,,,,,,,,,,,,3,,,0,not_enough_blocks,3331,skip,,,,triangle_alpha
,,,,,,,,,,,,,,,,,,,,,3,,,0,not_enough_blocks,3332,skip,,,,triangle_alpha
,,,,,,,,,,,,,,,,,,,,,3,,,0,not_enough_blocks,3333,skip,,,,triangle_alpha
,,,,,,,,,,,,,,,,,,,,,3,,,0,not_enough_blocks,3334,skip,,,,triangle_alpha
,,,,,,,,,,,,,,,,,,,,,3,,,0,not_enough_blocks,3335,skip,,,,triangle_alpha
,,,,,,,,,,,,,,,,,,,,,3,,,1,not_enough_blocks,3336,skip,,,,triangle_alpha
,,,,,,,,,,,,,,,,,,,,,3,,,1,not_enough_blocks,3337,skip,,,,triangle_alpha
,,,,,,,,,,,,,,,,,,,,,3,,,0,not_enough_blocks,3338,skip,,,,triangle_alpha
,,,,,,,,,,,,,,,,,,,,,3,,,1,not_enough_blocks,3339,skip,,,,triangle_alpha
,,,,,,,,,,,,,,,,,,,,,3,,,0,not_enough_blocks,3340,skip,,,,triangle_alpha
,,,,,,,,,,,,,,,,,,,,,3,,,1,not_enough_blocks,3341,skip,,,,triangle_alpha
,,,,,,,,,,,,,,,,,,,,,3,,,0,not_enough_blocks,3342,skip,,,,triangle_alpha
,,,,,,,,,,,,,,,,,,,,,3,,,1,not_enough_blocks,3343,skip,,,,triangle_alpha
,,,,,,,,,,,,,,,,,,,,,3,,,1,not_enough_blocks,3344,skip,,,,triangle_alpha
,,,,,,,,,,,,,,,,,,,,,3,,,0,not_enough_blocks,3345,skip,,,,triangle_alpha
,,,,,,,,,,,,,,,,,,,,,3,,,0,not_enough_blocks,3346,skip,,,,triangle_alpha
,,,,,,,,,,,,,,,,,,,,,3,,,0,not_enough_blocks,3347,skip,,,,triangle_alpha
,,,,,,,,,,,,,,,,,,,,,3,,,0,not_enough_blocks,3348,skip,,,,triangle_alpha
,,,,,,,,,,,,,,,,,,,,,3,,,1,not_enough_blocks,3349,skip,,,,triangle_alpha
,,,,,,,,,,,,,,,,,,,,,3,,,0,not_enough_blocks,3350,skip,,,,triangle_alpha
,,,,,,,,,,,,,,,,,,,,,3,,,0,not_enough_blocks,3351,skip,,,,triangle_alpha
,,,,,,,,,,,,,,,,,,,,,3,,,0,not_enough_blocks,3352,skip,,,,triangle_alpha
,,,,,,,,,,,,,,,,,,,,,3,,,0,not_enough_blocks,3353,skip,,,,triangle_alpha
,,,,,,,,,,,,,,,,,,,,,3,,,0,not_enough_blocks,3354,skip,,,,triangle_alpha
,,,,,,,,,,,,,,,,,,,,,3,,,1,not_enough_blocks,3355,skip,,,,triangle_alpha
,,,,,,,,,,,,,,,,,,,,,3,,,1,not_enough_blocks,3356,skip,,,,triangle_alpha
,,,,,,,,,,,,,,,,,,,,,3,,,0,not_enough_blocks,3357,skip,,,,triangle_alpha
,,,,,,,,,,,,,,,,,,,,,3,,,0,not_enough_blocks,3358,skip,,,,triangle_alpha
,,,,,,,,,,,,,,,,,,,,,3,,,0,not_enough_blocks,3359,skip,,,,triangle_alpha
,,,,,,,,,,,,,,,,,,,,,3,,,0,not_enough_blocks,3360,skip,,,,triangle_alpha
,,,,,,,,,,,,,,,,,,,,,3,,,0,not_enough_blocks,3361,skip,,,,triangle_alpha
,,,,,,,,,,,,,,,,,,,,,3,,,0,not_enough_blocks,3362,skip,,,,triangle_alpha
,,,,,,,,,,,,,,,,,,,,,3,,,0,not_enough_blocks,3363,skip,,,,triangle_alpha
,,,,,,,,,,,,,,,,,,,,,3,,,0,not_enough_blocks,3364,skip,,,,triangle_alpha
,,,,,,,,,,,,,,,,,,,,,3,,,0,not_enough_blocks,3365,skip,,,,triangle_alpha
,,,,,,,,,,,,,,,,,,,,,3,,,0,not_enough_blocks,3366,skip,,,,triangle_alpha
,,,,,,,,,,,,,,,,,,,,,3,,,0,not_enough_blocks,3367,skip,,,,triangle_alpha
,,,,,,,,,,,,,,,,,,,,,3,,,1,not_enough_blocks,3368,skip,,,,triangle_alpha
,,,,,,,,,,,,,,,,,,,,,3,,,0,not_enough_blocks,3369,skip,,,,triangle_alpha
,,,,,,,,,,,,,,,,,,,,,3,,,0,not_enough_blocks,3370,skip,,,,triangle_alpha
,,,,,,,,,,,,,,,,,,,,,3,,,0,not_enough_blocks,3371,skip,,,,triangle_alpha
,,,,,,,,,,,,,,,,,,,,,3,,,1,not_enough_blocks,3372,skip,,,,triangle_alpha
,,,,,,,,,,,,,,,,,,,,,3,,,0,not_enough_blocks,3373,skip,,,,triangle_alpha
,,,,,,,,,,,,,,,,,,,,,3,,,0,not_enough_blocks,3374,skip,,,,triangle_alpha
,,,,,,,,,,,,,,,,,,,,,3,,,1,not_enough_blocks,3375,skip,,,,triangle_alpha
,,,,,,,,,,,,,,,,,,,,,3,,,0,not_enough_blocks,3376,skip,,,,triangle_alpha
,,,,,,,,,,,,,,,,,,,,,3,,,0,not_enough_blocks,3377,skip,,,,triangle_alpha
,,,,,,,,,,,,,,,,,,,,,3,,,0,not_enough_blocks,3378,skip,,,,triangle_alpha
,,,,,,,,,,,,,,,,,,,,,3,,,0,not_enough_blocks,3379,skip,,,,triangle_alpha
,,,,,,,,,,,,,,,,,,,,,3,,,0,not_enough_blocks,3380,skip,,,,triangle_alpha
,,,,,,,,,,,,,,,,,,,,,3,,,0,not_enough_blocks,3381,skip,,,,triangle_alpha
,,,,,,,,,,,,,,,,,,,,,3,,,0,not_enough_blocks,3382,skip,,,,triangle_alpha
,,,,,,,,,,,,,,,,,,,,,3,,,0,not_enough_blocks,3383,skip,,,,triangle_alpha
,,,,,,,,,,,,,,,,,,,,,3,,,0,not_enough_blocks,3384,skip,,,,triangle_alpha
,,,,,,,,,,,,,,,,,,,,,3,,,0,not_enough_blocks,3385,skip,,,,triangle_alpha
,,,,,,,,,,,,,,,,,,,,,3,,,0,not_enough_blocks,3386,skip,,,,triangle_alpha
,,,,,,,,,,,,,,,,,,,,,3,,,0,not_enough_blocks,3387,skip,,,,triangle_alpha
,,,,,,,,,,,,,,,,,,,,,3,,,0,not_enough_blocks,3388,skip,,,,triangle_alpha
,,,,,,,,,,,,,,,,,,,,,3,,,0,not_enough_blocks,3389,skip,,,,triangle_alpha
,,,,,,,,,,,,,,,,,,,,,3,,,0,not_enough_blocks,3390,skip,,,,triangle_alpha
,,,,,,,,,,,,,,,,,,,,,3,,,0,not_enough_blocks,3391,skip,,,,triangle_alpha
,,,,,,,,,,,,,,,,,,,,,3,,,0,not_enough_blocks,3392,skip,,,,triangle_alpha
,,,,,,,,,,,,,,,,,,,,,3,,,0,not_enough_blocks,3393,skip,,,,triangle_alpha
,,,,,,,,,,,,,,,,,,,,,3,,,0,not_enough_blocks,3394,skip,,,,triangle_alpha
,,,,,,,,,,,,,,,,,,,,,3,,,1,not_enough_blocks,3395,skip,,,,triangle_alpha
,,,,,,,,,,,,,,,,,,,,,3,,,0,not_enough_blocks,3396,skip,,,,triangle_alpha
,,,,,,,,,,,,,,,,,,,,,3,,,0,not_enough_blocks,3397,skip,,,,triangle_alpha
,,,,,,,,,,,,,,,,,,,,,3,,,0,not_enough_blocks,3398,skip,,,,triangle_alpha
,,,,,,,,,,,,,,,,,,,,,3,,,1,not_enough_blocks,3399,skip,,,,triangle_alpha
,,,,,,,,,,,,,,,,,,,,,3,,,0,not_enough_blocks,3400,skip,,,,triangle_alpha
,,,,,,,,,,,,,,,,,,,,,3,,,0,not_enough_blocks,3401,skip,,,,triangle_alpha
,,,,,,,,,,,,,,,,,,,,,3,,,1,not_enough_blocks,3402,skip,,,,triangle_alpha
,,,,,,,,,,,,,,,,,,,,,3,,,1,not_enough_blocks,3403,skip,,,,triangle_alpha
,,,,,,,,,,,,,,,,,,,,,3,,,0,not_enough_blocks,3404,skip,,,,triangle_alpha
,,,,,,,,,,,,,,,,,,,,,3,,,1,not_enough_blocks,3405,skip,,,,triangle_alpha
,,,,,,,,,,,,,,,,,,,,,3,,,0,not_enough_blocks,3406,skip,,,,triangle_alpha
,,,,,,,,,,,,,,,,,,,,,3,,,2,not_enough_blocks,3407,skip,,,,triangle_alpha
,,,,,,,,,,,,,,,,,,,,,3,,,0,not_enough_blocks,3408,skip,,,,triangle_alpha
,,,,,,,,,,,,,,,,,,,,,3,,,0,not_enough_blocks,3409,skip,,,,triangle_alpha
,,,,,,,,,,,,,,,,,,,,,3,,,0,not_enough_blocks,3410,skip,,,,triangle_alpha
,,,,,,,,,,,,,,,,,,,,,3,,,0,not_enough_blocks,3411,skip,,,,triangle_alpha
,,,,,,,,,,,,,,,,,,,,,3,,,0,not_enough_blocks,3412,skip,,,,triangle_alpha
,,,,,,,,,,,,,,,,,,,,,3,,,1,not_enough_blocks,3413,skip,,,,triangle_alpha
,,,,,,,,,,,,,,,,,,,,,3,,,0,not_enough_blocks,3414,skip,,,,triangle_alpha
,,,,,,,,,,,,,,,,,,,,,3,,,0,not_enough_blocks,3415,skip,,,,triangle_alpha
,,,,,,,,,,,,,,,,,,,,,3,,,0,not_enough_blocks,3416,skip,,,,triangle_alpha
,,,,,,,,,,,,,,,,,,,,,3,,,0,not_enough_blocks,3417,skip,,,,triangle_alpha
,,,,,,,,,,,,,,,,,,,,,3,,,1,not_enough_blocks,3418,skip,,,,triangle_alpha
,,,,,,,,,,,,,,,,,,,,,3,,,0,not_enough_blocks,3419,skip,,,,triangle_alpha
,,,,,,,,,,,,,,,,,,,,,3,,,1,not_enough_blocks,3420,skip,,,,triangle_alpha
,,,,,,,,,,,,,,,,,,,,,3,,,0,not_enough_blocks,3421,skip,,,,triangle_alpha
,,,,,,,,,,,,,,,,,,,,,3,,,0,not_enough_blocks,3422,skip,,,,triangle_alpha
,,,,,,,,,,,,,,,,,,,,,3,,,0,not_enough_blocks,3423,skip,,,,triangle_alpha
,,,,,,,,,,,,,,,,,,,,,3,,,0,not_enough_blocks,3424,skip,,,,triangle_alpha
,,,,,,,,,,,,,,,,,,,,,3,,,0,not_enough_blocks,3425,skip,,,,triangle_alpha
,,,,,,,,,,,,,,,,,,,,,3,,,0,not_enough_blocks,3426,skip,,,,triangle_alpha
,,,,,,,,,,,,,,,,,,,,,3,,,0,not_enough_blocks,3427,skip,,,,triangle_alpha
,,,,,,,,,,,,,,,,,,,,,3,,,0,not_enough_blocks,3428,skip,,,,triangle_alpha
,,,,,,,,,,,,,,,,,,,,,3,,,0,not_enough_blocks,3429,skip,,,,triangle_alpha
,,,,,,,,,,,,,,,,,,,,,3,,,0,not_enough_blocks,3430,skip,,,,triangle_alpha
,,,,,,,,,,,,,,,,,,,,,3,,,1,not_enough_blocks,3431,skip,,,,triangle_alpha
,,,,,,,,,,,,,,,,,,,,,3,,,0,not_enough_blocks,3432,skip,,,,triangle_alpha
,,,,,,,,,,,,,,,,,,,,,3,,,0,not_enough_blocks,3433,skip,,,,triangle_alpha
,,,,,,,,,,,,,,,,,,,,,3,,,0,not_enough_blocks,3434,skip,,,,triangle_alpha
,,,,,,,,,,,,,,,,,,,,,3,,,0,not_enough_blocks,3435,skip,,,,triangle_alpha
,,,,,,,,,,,,,,,,,,,,,3,,,0,not_enough_blocks,3436,skip,,,,triangle_alpha
,,,,,,,,,,,,,,,,,,,,,3,,,0,not_enough_blocks,3437,skip,,,,triangle_alpha
,,,,,,,,,,,,,,,,,,,,,3,,,0,not_enough_blocks,3438,skip,,,,triangle_alpha
,,,,,,,,,,,,,,,,,,,,,3,,,0,not_enough_blocks,3439,skip,,,,triangle_alpha
,,,,,,,,,,,,,,,,,,,,,3,,,1,not_enough_blocks,3440,skip,,,,triangle_alpha
,,,,,,,,,,,,,,,,,,,,,3,,,0,not_enough_blocks,3441,skip,,,,triangle_alpha
,,,,,,,,,,,,,,,,,,,,,3,,,0,not_enough_blocks,3442,skip,,,,triangle_alpha
,,,,,,,,,,,,,,,,,,,,,3,,,0,not_enough_blocks,3443,skip,,,,triangle_alpha
,,,,,,,,,,,,,,,,,,,,,3,,,0,not_enough_blocks,3444,skip,,,,triangle_alpha
,,,,,,,,,,,,,,,,,,,,,3,,,0,not_enough_blocks,3445,skip,,,,triangle_alpha
,,,,,,,,,,,,,,,,,,,,,3,,,0,not_enough_blocks,3446,skip,,,,triangle_alpha
,,,,,,,,,,,,,,,,,,,,,3,,,1,not_enough_blocks,3447,skip,,,,triangle_alpha
,,,,,,,,,,,,,,,,,,,,,3,,,1,not_enough_blocks,3448,skip,,,,triangle_alpha
,,,,,,,,,,,,,,,,,,,,,3,,,0,not_enough_blocks,3449,skip,,,,triangle_alpha
,,,,,,,,,,,,,,,,,,,,,3,,,0,not_enough_blocks,3450,skip,,,,triangle_alpha
,,,,,,,,,,,,,,,,,,,,,3,,,0,not_enough_blocks,3451,skip,,,,triangle_alpha
,,,,,,,,,,,,,,,,,,,,,3,,,0,not_enough_blocks,3452,skip,,,,triangle_alpha
,,,,,,,,,,,,,,,,,,,,,3,,,0,not_enough_blocks,3453,skip,,,,triangle_alpha
,,,,,,,,,,,,,,,,,,,,,3,,,0,not_enough_blocks,3454,skip,,,,triangle_alpha
,,,,,,,,,,,,,,,,,,,,,3,,,0,not_enough_blocks,3455,skip,,,,triangle_alpha
,,,,,,,,,,,,,,,,,,,,,3,,,0,not_enough_blocks,3456,skip,,,,triangle_alpha
,,,,,,,,,,,,,,,,,,,,,3,,,0,not_enough_blocks,3457,skip,,,,triangle_alpha
,,,,,,,,,,,,,,,,,,,,,3,,,0,not_enough_blocks,3458,skip,,,,triangle_alpha
,,,,,,,,,,,,,,,,,,,,,3,,,0,not_enough_blocks,3459,skip,,,,triangle_alpha
,,,,,,,,,,,,,,,,,,,,,3,,,0,not_enough_blocks,3460,skip,,,,triangle_alpha
,,,,,,,,,,,,,,,,,,,,,3,,,1,not_enough_blocks,3461,skip,,,,triangle_alpha
,,,,,,,,,,,,,,,,,,,,,3,,,0,not_enough_blocks,3462,skip,,,,triangle_alpha
,,,,,,,,,,,,,,,,,,,,,3,,,0,not_enough_blocks,3463,skip,,,,triangle_alpha
,,,,,,,,,,,,,,,,,,,,,3,,,0,not_enough_blocks,3464,skip,,,,triangle_alpha
,,,,,,,,,,,,,,,,,,,,,3,,,0,not_enough_blocks,3465,skip,,,,triangle_alpha
,,,,,,,,,,,,,,,,,,,,,3,,,0,not_enough_blocks,3466,skip,,,,triangle_alpha
,,,,,,,,,,,,,,,,,,,,,3,,,1,not_enough_blocks,3467,skip,,,,triangle_alpha
,,,,,,,,,,,,,,,,,,,,,3,,,1,not_enough_blocks,3468,skip,,,,triangle_alpha
,,,,,,,,,,,,,,,,,,,,,3,,,0,not_enough_blocks,3469,skip,,,,triangle_alpha
,,,,,,,,,,,,,,,,,,,,,3,,,0,not_enough_blocks,3470,skip,,,,triangle_alpha
,,,,,,,,,,,,,,,,,,,,,3,,,1,not_enough_blocks,3471,skip,,,,triangle_alpha
,,,,,,,,,,,,,,,,,,,,,3,,,0,not_enough_blocks,3472,skip,,,,triangle_alpha
,,,,,,,,,,,,,,,,,,,,,3,,,0,not_enough_blocks,3473,skip,,,,triangle_alpha
,,,,,,,,,,,,,,,,,,,,,3,,,0,not_enough_blocks,3474,skip,,,,triangle_alpha
,,,,,,,,,,,,,,,,,,,,,3,,,0,not_enough_blocks,3475,skip,,,,triangle_alpha
,,,,,,,,,,,,,,,,,,,,,3,,,0,not_enough_blocks,3476,skip,,,,triangle_alpha
,,,,,,,,,,,,,,,,,,,,,3,,,0,not_enough_blocks,3477,skip,,,,triangle_alpha
,,,,,,,,,,,,,,,,,,,,,3,,,0,not_enough_blocks,3478,skip,,,,triangle_alpha
,,,,,,,,,,,,,,,,,,,,,3,,,0,not_enough_blocks,3479,skip,,,,triangle_alpha
,,,,,,,,,,,,,,,,,,,,,3,,,1,not_enough_blocks,3480,skip,,,,triangle_alpha
,,,,,,,,,,,,,,,,,,,,,3,,,0,not_enough_blocks,3481,skip,,,,triangle_alpha
,,,,,,,,,,,,,,,,,,,,,3,,,0,not_enough_blocks,3482,skip,,,,triangle_alpha
,,,,,,,,,,,,,,,,,,,,,3,,,0,not_enough_blocks,3483,skip,,,,triangle_alpha
,,,,,,,,,,,,,,,,,,,,,3,,,0,not_enough_blocks,3484,skip,,,,triangle_alpha
,,,,,,,,,,,,,,,,,,,,,3,,,0,not_enough_blocks,3485,skip,,,,triangle_alpha
,,,,,,,,,,,,,,,,,,,,,3,,,0,not_enough_blocks,3486,skip,,,,triangle_alpha
,,,,,,,,,,,,,,,,,,,,,3,,,0,not_enough_blocks,3487,skip,,,,triangle_alpha
,,,,,,,,,,,,,,,,,,,,,3,,,0,not_enough_blocks,3488,skip,,,,triangle_alpha
,,,,,,,,,,,,,,,,,,,,,3,,,0,not_enough_blocks,3489,skip,,,,triangle_alpha
,,,,,,,,,,,,,,,,,,,,,3,,,0,not_enough_blocks,3490,skip,,,,triangle_alpha
,,,,,,,,,,,,,,,,,,,,,3,,,0,not_enough_blocks,3491,skip,,,,triangle_alpha
,,,,,,,,,,,,,,,,,,,,,3,,,0,not_enough_blocks,3492,skip,,,,triangle_alpha
,,,,,,,,,,,,,,,,,,,,,3,,,1,not_enough_blocks,3493,skip,,,,triangle_alpha
,,,,,,,,,,,,,,,,,,,,,3,,,0,not_enough_blocks,3494,skip,,,,triangle_alpha
,,,,,,,,,,,,,,,,,,,,,3,,,0,not_enough_blocks,3495,skip,,,,triangle_alpha
,,,,,,,,,,,,,,,,,,,,,3,,,0,not_enough_blocks,3496,skip,,,,triangle_alpha
,,,,,,,,,,,,,,,,,,,,,3,,,0,not_enough_blocks,3497,skip,,,,triangle_alpha
,,,,,,,,,,,,,,,,,,,,,3,,,0,not_enough_blocks,3498,skip,,,,triangle_alpha
,,,,,,,,,,,,,,,,,,,,,3,,,0,not_enough_blocks,3499,skip,,,,triangle_alpha
,,,,,,,,,,,,,,,,,,,,,3,,,0,not_enough_blocks,3500,skip,,,,triangle_alpha
,,,,,,,,,,,,,,,,,,,,,3,,,1,not_enough_blocks,3501,skip,,,,triangle_alpha
,,,,,,,,,,,,,,,,,,,,,3,,,0,not_enough_blocks,3502,skip,,,,triangle_alpha
,,,,,,,,,,,,,,,,,,,,,3,,,0,not_enough_blocks,3503,skip,,,,triangle_alpha
,,,,,,,,,,,,,,,,,,,,,3,,,0,not_enough_blocks,3504,skip,,,,triangle_alpha
,,,,,,,,,,,,,,,,,,,,,3,,,0,not_enough_blocks,3505,skip,,,,triangle_alpha
,,,,,,,,,,,,,,,,,,,,,3,,,1,not_enough_blocks,3506,skip,,,,triangle_alpha
,,,,,,,,,,,,,,,,,,,,,3,,,0,not_enough_blocks,3507,skip,,,,triangle_alpha
,,,,,,,,,,,,,,,,,,,,,3,,,1,not_enough_blocks,3508,skip,,,,triangle_alpha
,,,,,,,,,,,,,,,,,,,,,3,,,0,not_enough_blocks,3509,skip,,,,triangle_alpha
,,,,,,,,,,,,,,,,,,,,,3,,,0,not_enough_blocks,3510,skip,,,,triangle_alpha
,,,,,,,,,,,,,,,,,,,,,3,,,0,not_enough_blocks,3511,skip,,,,triangle_alpha
,,,,,,,,,,,,,,,,,,,,,3,,,0,not_enough_blocks,3512,skip,,,,triangle_alpha
,,,,,,,,,,,,,,,,,,,,,3,,,0,not_enough_blocks,3513,skip,,,,triangle_alpha
,,,,,,,,,,,,,,,,,,,,,3,,,1,not_enough_blocks,3514,skip,,,,triangle_alpha
,,,,,,,,,,,,,,,,,,,,,3,,,0,not_enough_blocks,3515,skip,,,,triangle_alpha
,,,,,,,,,,,,,,,,,,,,,3,,,0,not_enough_blocks,3516,skip,,,,triangle_alpha
,,,,,,,,,,,,,,,,,,,,,3,,,0,not_enough_blocks,3517,skip,,,,triangle_alpha
,,,,,,,,,,,,,,,,,,,,,3,,,1,not_enough_blocks,3518,skip,,,,triangle_alpha
,,,,,,,,,,,,,,,,,,,,,3,,,0,not_enough_blocks,3519,skip,,,,triangle_alpha
,,,,,,,,,,,,,,,,,,,,,3,,,0,not_enough_blocks,3520,skip,,,,triangle_alpha
,,,,,,,,,,,,,,,,,,,,,3,,,0,not_enough_blocks,3521,skip,,,,triangle_alpha
,,,,,,,,,,,,,,,,,,,,,3,,,0,not_enough_blocks,3522,skip,,,,triangle_alpha
,,,,,,,,,,,,,,,,,,,,,3,,,0,not_enough_blocks,3523,skip,,,,triangle_alpha
,,,,,,,,,,,,,,,,,,,,,3,,,1,not_enough_blocks,3524,skip,,,,triangle_alpha
,,,,,,,,,,,,,,,,,,,,,3,,,0,not_enough_blocks,3525,skip,,,,triangle_alpha
,,,,,,,,,,,,,,,,,,,,,3,,,0,not_enough_blocks,3526,skip,,,,triangle_alpha
,,,,,,,,,,,,,,,,,,,,,3,,,0,not_enough_blocks,3527,skip,,,,triangle_alpha
,,,,,,,,,,,,,,,,,,,,,3,,,0,not_enough_blocks,3528,skip,,,,triangle_alpha
,,,,,,,,,,,,,,,,,,,,,3,,,0,not_enough_blocks,3529,skip,,,,triangle_alpha
,,,,,,,,,,,,,,,,,,,,,3,,,0,not_enough_blocks,3530,skip,,,,triangle_alpha
,,,,,,,,,,,,,,,,,,,,,3,,,0,not_enough_blocks,3531,skip,,,,triangle_alpha
,,,,,,,,,,,,,,,,,,,,,3,,,0,not_enough_blocks,3532,skip,,,,triangle_alpha
,,,,,,,,,,,,,,,,,,,,,3,,,0,not_enough_blocks,3533,skip,,,,triangle_alpha
,,,,,,,,,,,,,,,,,,,,,3,,,0,not_enough_blocks,3534,skip,,,,triangle_alpha
,,,,,,,,,,,,,,,,,,,,,3,,,1,not_enough_blocks,3535,skip,,,,triangle_alpha
,,,,,,,,,,,,,,,,,,,,,3,,,1,not_enough_blocks,3536,skip,,,,triangle_alpha
,,,,,,,,,,,,,,,,,,,,,3,,,1,not_enough_blocks,3537,skip,,,,triangle_alpha
,,,,,,,,,,,,,,,,,,,,,3,,,0,not_enough_blocks,3538,skip,,,,triangle_alpha
,,,,,,,,,,,,,,,,,,,,,3,,,0,not_enough_blocks,3539,skip,,,,triangle_alpha
,,,,,,,,,,,,,,,,,,,,,3,,,0,not_enough_blocks,3540,skip,,,,triangle_alpha
,,,,,,,,,,,,,,,,,,,,,3,,,0,not_enough_blocks,3541,skip,,,,triangle_alpha
,,,,,,,,,,,,,,,,,,,,,3,,,0,not_enough_blocks,3542,skip,,,,triangle_alpha
,,,,,,,,,,,,,,,,,,,,,3,,,1,not_enough_blocks,3543,skip,,,,triangle_alpha
,,,,,,,,,,,,,,,,,,,,,3,,,0,not_enough_blocks,3544,skip,,,,triangle_alpha
,,,,,,,,,,,,,,,,,,,,,3,,,0,not_enough_blocks,3545,skip,,,,triangle_alpha
,,,,,,,,,,,,,,,,,,,,,3,,,0,not_enough_blocks,3546,skip,,,,triangle_alpha
,,,,,,,,,,,,,,,,,,,,,3,,,0,not_enough_blocks,3547,skip,,,,triangle_alpha
,,,,,,,,,,,,,,,,,,,,,3,,,0,not_enough_blocks,3548,skip,,,,triangle_alpha
,,,,,,,,,,,,,,,,,,,,,3,,,1,not_enough_blocks,3549,skip,,,,triangle_alpha
,,,,,,,,,,,,,,,,,,,,,3,,,0,not_enough_blocks,3550,skip,,,,triangle_alpha
,,,,,,,,,,,,,,,,,,,,,3,,,0,not_enough_blocks,3551,skip,,,,triangle_alpha
,,,,,,,,,,,,,,,,,,,,,3,,,0,not_enough_blocks,3552,skip,,,,triangle_alpha
,,,,,,,,,,,,,,,,,,,,,3,,,0,not_enough_blocks,3553,skip,,,,triangle_alpha
,,,,,,,,,,,,,,,,,,,,,3,,,0,not_enough_blocks,3554,skip,,,,triangle_alpha
,,,,,,,,,,,,,,,,,,,,,3,,,0,not_enough_blocks,3555,skip,,,,triangle_alpha
,,,,,,,,,,,,,,,,,,,,,3,,,0,not_enough_blocks,3556,skip,,,,triangle_alpha
,,,,,,,,,,,,,,,,,,,,,3,,,0,not_enough_blocks,3557,skip,,,,triangle_alpha
,,,,,,,,,,,,,,,,,,,,,3,,,0,not_enough_blocks,3558,skip,,,,triangle_alpha
,,,,,,,,,,,,,,,,,,,,,3,,,0,not_enough_blocks,3559,skip,,,,triangle_alpha
,,,,,,,,,,,,,,,,,,,,,3,,,1,not_enough_blocks,3560,skip,,,,triangle_alpha
,,,,,,,,,,,,,,,,,,,,,3,,,0,not_enough_blocks,3561,skip,,,,triangle_alpha
,,,,,,,,,,,,,,,,,,,,,3,,,0,not_enough_blocks,3562,skip,,,,triangle_alpha
,,,,,,,,,,,,,,,,,,,,,3,,,0,not_enough_blocks,3563,skip,,,,triangle_alpha
,,,,,,,,,,,,,,,,,,,,,3,,,1,not_enough_blocks,3564,skip,,,,triangle_alpha
,,,,,,,,,,,,,,,,,,,,,3,,,0,not_enough_blocks,3565,skip,,,,triangle_alpha
,,,,,,,,,,,,,,,,,,,,,3,,,0,not_enough_blocks,3566,skip,,,,triangle_alpha
,,,,,,,,,,,,,,,,,,,,,3,,,0,not_enough_blocks,3567,skip,,,,triangle_alpha
,,,,,,,,,,,,,,,,,,,,,3,,,0,not_enough_blocks,3568,skip,,,,triangle_alpha
,,,,,,,,,,,,,,,,,,,,,3,,,0,not_enough_blocks,3569,skip,,,,triangle_alpha
,,,,,,,,,,,,,,,,,,,,,3,,,0,not_enough_blocks,3570,skip,,,,triangle_alpha
,,,,,,,,,,,,,,,,,,,,,3,,,0,not_enough_blocks,3571,skip,,,,triangle_alpha
,,,,,,,,,,,,,,,,,,,,,3,,,0,not_enough_blocks,3572,skip,,,,triangle_alpha
,,,,,,,,,,,,,,,,,,,,,3,,,1,not_enough_blocks,3573,skip,,,,triangle_alpha
,,,,,,,,,,,,,,,,,,,,,3,,,0,not_enough_blocks,3574,skip,,,,triangle_alpha
,,,,,,,,,,,,,,,,,,,,,3,,,0,not_enough_blocks,3575,skip,,,,triangle_alpha
,,,,,,,,,,,,,,,,,,,,,3,,,0,not_enough_blocks,3576,skip,,,,triangle_alpha
,,,,,,,,,,,,,,,,,,,,,3,,,0,not_enough_blocks,3577,skip,,,,triangle_alpha
,,,,,,,,,,,,,,,,,,,,,3,,,0,not_enough_blocks,3578,skip,,,,triangle_alpha
,,,,,,,,,,,,,,,,,,,,,3,,,0,not_enough_blocks,3579,skip,,,,triangle_alpha
,,,,,,,,,,,,,,,,,,,,,3,,,0,not_enough_blocks,3580,skip,,,,triangle_alpha
,,,,,,,,,,,,,,,,,,,,,3,,,0,not_enough_blocks,3581,skip,,,,triangle_alpha
,,,,,,,,,,,,,,,,,,,,,3,,,0,not_enough_blocks,3582,skip,,,,triangle_alpha
,,,,,,,,,,,,,,,,,,,,,3,,,0,not_enough_blocks,3583,skip,,,,triangle_alpha
,,,,,,,,,,,,,,,,,,,,,3,,,1,not_enough_blocks,3584,skip,,,,triangle_alpha
,,,,,,,,,,,,,,,,,,,,,3,,,0,not_enough_blocks,3585,skip,,,,triangle_alpha
,,,,,,,,,,,,,,,,,,,,,3,,,0,not_enough_blocks,3586,skip,,,,triangle_alpha
,,,,,,,,,,,,,,,,,,,,,3,,,0,not_enough_blocks,3587,skip,,,,triangle_alpha
,,,,,,,,,,,,,,,,,,,,,3,,,1,not_enough_blocks,3588,skip,,,,triangle_alpha
,,,,,,,,,,,,,,,,,,,,,3,,,0,not_enough_blocks,3589,skip,,,,triangle_alpha
,,,,,,,,,,,,,,,,,,,,,3,,,0,not_enough_blocks,3590,skip,,,,triangle_alpha
,,,,,,,,,,,,,,,,,,,,,3,,,0,not_enough_blocks,3591,skip,,,,triangle_alpha
,,,,,,,,,,,,,,,,,,,,,3,,,0,not_enough_blocks,3592,skip,,,,triangle_alpha
,,,,,,,,,,,,,,,,,,,,,3,,,0,not_enough_blocks,3593,skip,,,,triangle_alpha
,,,,,,,,,,,,,,,,,,,,,3,,,0,not_enough_blocks,3594,skip,,,,triangle_alpha
,,,,,,,,,,,,,,,,,,,,,3,,,0,not_enough_blocks,3595,skip,,,,triangle_alpha
,,,,,,,,,,,,,,,,,,,,,3,,,0,not_enough_blocks,3596,skip,,,,triangle_alpha
,,,,,,,,,,,,,,,,,,,,,3,,,0,not_enough_blocks,3597,skip,,,,triangle_alpha
,,,,,,,,,,,,,,,,,,,,,3,,,0,not_enough_blocks,3598,skip,,,,triangle_alpha
,,,,,,,,,,,,,,,,,,,,,3,,,0,not_enough_blocks,3599,skip,,,,triangle_alpha
,,,,,,,,,,,,,,,,,,,,,3,,,1,not_enough_blocks,3600,skip,,,,triangle_alpha
,,,,,,,,,,,,,,,,,,,,,3,,,1,not_enough_blocks,3601,skip,,,,triangle_alpha
,,,,,,,,,,,,,,,,,,,,,3,,,0,not_enough_blocks,3602,skip,,,,triangle_alpha
,,,,,,,,,,,,,,,,,,,,,3,,,0,not_enough_blocks,3603,skip,,,,triangle_alpha
,,,,,,,,,,,,,,,,,,,,,3,,,0,not_enough_blocks,3604,skip,,,,triangle_alpha
,,,,,,,,,,,,,,,,,,,,,3,,,0,not_enough_blocks,3605,skip,,,,triangle_alpha
,,,,,,,,,,,,,,,,,,,,,3,,,0,not_enough_blocks,3606,skip,,,,triangle_alpha
,,,,,,,,,,,,,,,,,,,,,3,,,0,not_enough_blocks,3607,skip,,,,triangle_alpha
,,,,,,,,,,,,,,,,,,,,,3,,,1,not_enough_blocks,3608,skip,,,,triangle_alpha
,,,,,,,,,,,,,,,,,,,,,3,,,0,not_enough_blocks,3609,skip,,,,triangle_alpha
,,,,,,,,,,,,,,,,,,,,,3,,,0,not_enough_blocks,3610,skip,,,,triangle_alpha
,,,,,,,,,,,,,,,,,,,,,3,,,2,not_enough_blocks,3611,skip,,,,triangle_alpha
,,,,,,,,,,,,,,,,,,,,,3,,,0,not_enough_blocks,3612,skip,,,,triangle_alpha
,,,,,,,,,,,,,,,,,,,,,3,,,0,not_enough_blocks,3613,skip,,,,triangle_alpha
,,,,,,,,,,,,,,,,,,,,,3,,,0,not_enough_blocks,3614,skip,,,,triangle_alpha
,,,,,,,,,,,,,,,,,,,,,3,,,0,not_enough_blocks,3615,skip,,,,triangle_alpha
,,,,,,,,,,,,,,,,,,,,,3,,,2,not_enough_blocks,3616,skip,,,,triangle_alpha
,,,,,,,,,,,,,,,,,,,,,3,,,0,not_enough_blocks,3617,skip,,,,triangle_alpha
,,,,,,,,,,,,,,,,,,,,,3,,,0,not_enough_blocks,3618,skip,,,,triangle_alpha
,,,,,,,,,,,,,,,,,,,,,3,,,0,not_enough_blocks,3619,skip,,,,triangle_alpha
,,,,,,,,,,,,,,,,,,,,,3,,,0,not_enough_blocks,3620,skip,,,,triangle_alpha
,,,,,,,,,,,,,,,,,,,,,3,,,0,not_enough_blocks,3621,skip,,,,triangle_alpha
,,,,,,,,,,,,,,,,,,,,,3,,,0,not_enough_blocks,3622,skip,,,,triangle_alpha
,,,,,,,,,,,,,,,,,,,,,3,,,0,not_enough_blocks,3623,skip,,,,triangle_alpha
,,,,,,,,,,,,,,,,,,,,,3,,,0,not_enough_blocks,3624,skip,,,,triangle_alpha
,,,,,,,,,,,,,,,,,,,,,3,,,0,not_enough_blocks,3625,skip,,,,triangle_alpha
,,,,,,,,,,,,,,,,,,,,,3,,,0,not_enough_blocks,3626,skip,,,,triangle_alpha
,,,,,,,,,,,,,,,,,,,,,3,,,0,not_enough_blocks,3627,skip,,,,triangle_alpha
,,,,,,,,,,,,,,,,,,,,,3,,,0,not_enough_blocks,3628,skip,,,,triangle_alpha
,,,,,,,,,,,,,,,,,,,,,3,,,1,not_enough_blocks,3629,skip,,,,triangle_alpha
,,,,,,,,,,,,,,,,,,,,,3,,,0,not_enough_blocks,3630,skip,,,,triangle_alpha
,,,,,,,,,,,,,,,,,,,,,3,,,2,not_enough_blocks,3631,skip,,,,triangle_alpha
,,,,,,,,,,,,,,,,,,,,,3,,,0,not_enough_blocks,3632,skip,,,,triangle_alpha
,,,,,,,,,,,,,,,,,,,,,3,,,0,not_enough_blocks,3633,skip,,,,triangle_alpha
,,,,,,,,,,,,,,,,,,,,,3,,,1,not_enough_blocks,3634,skip,,,,triangle_alpha
,,,,,,,,,,,,,,,,,,,,,3,,,0,not_enough_blocks,3635,skip,,,,triangle_alpha
,,,,,,,,,,,,,,,,,,,,,3,,,1,not_enough_blocks,3636,skip,,,,triangle_alpha
,,,,,,,,,,,,,,,,,,,,,3,,,0,not_enough_blocks,3637,skip,,,,triangle_alpha
,,,,,,,,,,,,,,,,,,,,,3,,,0,not_enough_blocks,3638,skip,,,,triangle_alpha
,,,,,,,,,,,,,,,,,,,,,3,,,0,not_enough_blocks,3639,skip,,,,triangle_alpha
,,,,,,,,,,,,,,,,,,,,,3,,,0,not_enough_blocks,3640,skip,,,,triangle_alpha
,,,,,,,,,,,,,,,,,,,,,3,,,0,not_enough_blocks,3641,skip,,,,triangle_alpha
,,,,,,,,,,,,,,,,,,,,,3,,,0,not_enough_blocks,3642,skip,,,,triangle_alpha
,,,,,,,,,,,,,,,,,,,,,3,,,0,not_enough_blocks,3643,skip,,,,triangle_alpha
,,,,,,,,,,,,,,,,,,,,,3,,,0,not_enough_blocks,3644,skip,,,,triangle_alpha
,,,,,,,,,,,,,,,,,,,,,3,,,0,not_enough_blocks,3645,skip,,,,triangle_alpha
,,,,,,,,,,,,,,,,,,,,,3,,,1,not_enough_blocks,3646,skip,,,,triangle_alpha
,,,,,,,,,,,,,,,,,,,,,3,,,0,not_enough_blocks,3647,skip,,,,triangle_alpha
,,,,,,,,,,,,,,,,,,,,,3,,,0,not_enough_blocks,3648,skip,,,,triangle_alpha
,,,,,,,,,,,,,,,,,,,,,3,,,0,not_enough_blocks,3649,skip,,,,triangle_alpha
,,,,,,,,,,,,,,,,,,,,,3,,,1,not_enough_blocks,3650,skip,,,,triangle_alpha
,,,,,,,,,,,,,,,,,,,,,3,,,0,not_enough_blocks,3651,skip,,,,triangle_alpha
,,,,,,,,,,,,,,,,,,,,,3,,,0,not_enough_blocks,3652,skip,,,,triangle_alpha
,,,,,,,,,,,,,,,,,,,,,3,,,0,not_enough_blocks,3653,skip,,,,triangle_alpha
,,,,,,,,,,,,,,,,,,,,,3,,,0,not_enough_blocks,3654,skip,,,,triangle_alpha
,,,,,,,,,,,,,,,,,,,,,3,,,0,not_enough_blocks,3655,skip,,,,triangle_alpha
,,,,,,,,,,,,,,,,,,,,,3,,,0,not_enough_blocks,3656,skip,,,,triangle_alpha
,,,,,,,,,,,,,,,,,,,,,3,,,0,not_enough_blocks,3657,skip,,,,triangle_alpha
,,,,,,,,,,,,,,,,,,,,,3,,,0,not_enough_blocks,3658,skip,,,,triangle_alpha
,,,,,,,,,,,,,,,,,,,,,3,,,0,not_enough_blocks,3659,skip,,,,triangle_alpha
,,,,,,,,,,,,,,,,,,,,,3,,,0,not_enough_blocks,3660,skip,,,,triangle_alpha
,,,,,,,,,,,,,,,,,,,,,3,,,0,not_enough_blocks,3661,skip,,,,triangle_alpha
,,,,,,,,,,,,,,,,,,,,,3,,,0,not_enough_blocks,3662,skip,,,,triangle_alpha
,,,,,,,,,,,,,,,,,,,,,3,,,0,not_enough_blocks,3663,skip,,,,triangle_alpha
,,,,,,,,,,,,,,,,,,,,,3,,,0,not_enough_blocks,3664,skip,,,,triangle_alpha
,,,,,,,,,,,,,,,,,,,,,3,,,0,not_enough_blocks,3665,skip,,,,triangle_alpha
,,,,,,,,,,,,,,,,,,,,,3,,,1,not_enough_blocks,3666,skip,,,,triangle_alpha
,,,,,,,,,,,,,,,,,,,,,3,,,0,not_enough_blocks,3667,skip,,,,triangle_alpha
,,,,,,,,,,,,,,,,,,,,,3,,,1,not_enough_blocks,3668,skip,,,,triangle_alpha
,,,,,,,,,,,,,,,,,,,,,3,,,0,not_enough_blocks,3669,skip,,,,triangle_alpha
,,,,,,,,,,,,,,,,,,,,,3,,,0,not_enough_blocks,3670,skip,,,,triangle_alpha
,,,,,,,,,,,,,,,,,,,,,3,,,0,not_enough_blocks,3671,skip,,,,triangle_alpha
,,,,,,,,,,,,,,,,,,,,,3,,,0,not_enough_blocks,3672,skip,,,,triangle_alpha
,,,,,,,,,,,,,,,,,,,,,3,,,0,not_enough_blocks,3673,skip,,,,triangle_alpha
,,,,,,,,,,,,,,,,,,,,,3,,,0,not_enough_blocks,3674,skip,,,,triangle_alpha
,,,,,,,,,,,,,,,,,,,,,3,,,0,not_enough_blocks,3675,skip,,,,triangle_alpha
,,,,,,,,,,,,,,,,,,,,,3,,,0,not_enough_blocks,3676,skip,,,,triangle_alpha
,,,,,,,,,,,,,,,,,,,,,3,,,0,not_enough_blocks,3677,skip,,,,triangle_alpha
,,,,,,,,,,,,,,,,,,,,,3,,,0,not_enough_blocks,3678,skip,,,,triangle_alpha
,,,,,,,,,,,,,,,,,,,,,3,,,0,not_enough_blocks,3679,skip,,,,triangle_alpha
,,,,,,,,,,,,,,,,,,,,,3,,,1,not_enough_blocks,3680,skip,,,,triangle_alpha
,,,,,,,,,,,,,,,,,,,,,3,,,0,not_enough_blocks,3681,skip,,,,triangle_alpha
,,,,,,,,,,,,,,,,,,,,,3,,,0,not_enough_blocks,3682,skip,,,,triangle_alpha
,,,,,,,,,,,,,,,,,,,,,3,,,0,not_enough_blocks,3683,skip,,,,triangle_alpha
,,,,,,,,,,,,,,,,,,,,,3,,,0,not_enough_blocks,3684,skip,,,,triangle_alpha
,,,,,,,,,,,,,,,,,,,,,3,,,0,not_enough_blocks,3685,skip,,,,triangle_alpha
,,,,,,,,,,,,,,,,,,,,,3,,,1,not_enough_blocks,3686,skip,,,,triangle_alpha
,,,,,,,,,,,,,,,,,,,,,3,,,0,not_enough_blocks,3687,skip,,,,triangle_alpha
,,,,,,,,,,,,,,,,,,,,,3,,,0,not_enough_blocks,3688,skip,,,,triangle_alpha
,,,,,,,,,,,,,,,,,,,,,3,,,0,not_enough_blocks,3689,skip,,,,triangle_alpha
,,,,,,,,,,,,,,,,,,,,,3,,,0,not_enough_blocks,3690,skip,,,,triangle_alpha
,,,,,,,,,,,,,,,,,,,,,3,,,0,not_enough_blocks,3691,skip,,,,triangle_alpha
,,,,,,,,,,,,,,,,,,,,,3,,,0,not_enough_blocks,3692,skip,,,,triangle_alpha
,,,,,,,,,,,,,,,,,,,,,3,,,0,not_enough_blocks,3693,skip,,,,triangle_alpha
,,,,,,,,,,,,,,,,,,,,,3,,,0,not_enough_blocks,3694,skip,,,,triangle_alpha
,,,,,,,,,,,,,,,,,,,,,3,,,0,not_enough_blocks,3695,skip,,,,triangle_alpha
,,,,,,,,,,,,,,,,,,,,,3,,,0,not_enough_blocks,3696,skip,,,,triangle_alpha
,,,,,,,,,,,,,,,,,,,,,3,,,0,not_enough_blocks,3697,skip,,,,triangle_alpha
,,,,,,,,,,,,,,,,,,,,,3,,,1,not_enough_blocks,3698,skip,,,,triangle_alpha
,,,,,,,,,,,,,,,,,,,,,3,,,1,not_enough_blocks,3699,skip,,,,triangle_alpha
,,,,,,,,,,,,,,,,,,,,,3,,,0,not_enough_blocks,3700,skip,,,,triangle_alpha
,,,,,,,,,,,,,,,,,,,,,3,,,0,not_enough_blocks,3701,skip,,,,triangle_alpha
,,,,,,,,,,,,,,,,,,,,,3,,,0,not_enough_blocks,3702,skip,,,,triangle_alpha
,,,,,,,,,,,,,,,,,,,,,3,,,1,not_enough_blocks,3703,skip,,,,triangle_alpha
,,,,,,,,,,,,,,,,,,,,,3,,,0,not_enough_blocks,3704,skip,,,,triangle_alpha
,,,,,,,,,,,,,,,,,,,,,3,,,1,not_enough_blocks,3705,skip,,,,triangle_alpha
,,,,,,,,,,,,,,,,,,,,,3,,,0,not_enough_blocks,3706,skip,,,,triangle_alpha
,,,,,,,,,,,,,,,,,,,,,3,,,0,not_enough_blocks,3707,skip,,,,triangle_alpha
,,,,,,,,,,,,,,,,,,,,,3,,,1,not_enough_blocks,3708,skip,,,,triangle_alpha
,,,,,,,,,,,,,,,,,,,,,3,,,0,not_enough_blocks,3709,skip,,,,triangle_alpha
,,,,,,,,,,,,,,,,,,,,,3,,,0,not_enough_blocks,3710,skip,,,,triangle_alpha
,,,,,,,,,,,,,,,,,,,,,3,,,0,not_enough_blocks,3711,skip,,,,triangle_alpha
,,,,,,,,,,,,,,,,,,,,,3,,,0,not_enough_blocks,3712,skip,,,,triangle_alpha
,,,,,,,,,,,,,,,,,,,,,3,,,0,not_enough_blocks,3713,skip,,,,triangle_alpha
,,,,,,,,,,,,,,,,,,,,,3,,,0,not_enough_blocks,3714,skip,,,,triangle_alpha
,,,,,,,,,,,,,,,,,,,,,3,,,0,not_enough_blocks,3715,skip,,,,triangle_alpha
,,,,,,,,,,,,,,,,,,,,,3,,,0,not_enough_blocks,3716,skip,,,,triangle_alpha
,,,,,,,,,,,,,,,,,,,,,3,,,0,not_enough_blocks,3717,skip,,,,triangle_alpha
,,,,,,,,,,,,,,,,,,,,,3,,,2,not_enough_blocks,3718,skip,,,,triangle_alpha
,,,,,,,,,,,,,,,,,,,,,3,,,0,not_enough_blocks,3719,skip,,,,triangle_alpha
,,,,,,,,,,,,,,,,,,,,,3,,,0,not_enough_blocks,3720,skip,,,,triangle_alpha
,,,,,,,,,,,,,,,,,,,,,3,,,0,not_enough_blocks,3721,skip,,,,triangle_alpha
,,,,,,,,,,,,,,,,,,,,,3,,,0,not_enough_blocks,3722,skip,,,,triangle_alpha
,,,,,,,,,,,,,,,,,,,,,3,,,0,not_enough_blocks,3723,skip,,,,triangle_alpha
,,,,,,,,,,,,,,,,,,,,,3,,,1,not_enough_blocks,3724,skip,,,,triangle_alpha
,,,,,,,,,,,,,,,,,,,,,3,,,0,not_enough_blocks,3725,skip,,,,triangle_alpha
,,,,,,,,,,,,,,,,,,,,,3,,,0,not_enough_blocks,3726,skip,,,,triangle_alpha
,,,,,,,,,,,,,,,,,,,,,3,,,0,not_enough_blocks,3727,skip,,,,triangle_alpha
,,,,,,,,,,,,,,,,,,,,,3,,,0,not_enough_blocks,3728,skip,,,,triangle_alpha
,,,,,,,,,,,,,,,,,,,,,3,,,1,not_enough_blocks,3729,skip,,,,triangle_alpha
,,,,,,,,,,,,,,,,,,,,,3,,,1,not_enough_blocks,3730,skip,,,,triangle_alpha
,,,,,,,,,,,,,,,,,,,,,3,,,0,not_enough_blocks,3731,skip,,,,triangle_alpha
,,,,,,,,,,,,,,,,,,,,,3,,,0,not_enough_blocks,3732,skip,,,,triangle_alpha
,,,,,,,,,,,,,,,,,,,,,3,,,1,not_enough_blocks,3733,skip,,,,triangle_alpha
,,,,,,,,,,,,,,,,,,,,,3,,,0,not_enough_blocks,3734,skip,,,,triangle_alpha
,,,,,,,,,,,,,,,,,,,,,3,,,0,not_enough_blocks,3735,skip,,,,triangle_alpha
,,,,,,,,,,,,,,,,,,,,,3,,,0,not_enough_blocks,3736,skip,,,,triangle_alpha
,,,,,,,,,,,,,,,,,,,,,3,,,0,not_enough_blocks,3737,skip,,,,triangle_alpha
,,,,,,,,,,,,,,,,,,,,,3,,,0,not_enough_blocks,3738,skip,,,,triangle_alpha
,,,,,,,,,,,,,,,,,,,,,3,,,0,not_enough_blocks,3739,skip,,,,triangle_alpha
,,,,,,,,,,,,,,,,,,,,,3,,,0,not_enough_blocks,3740,skip,,,,triangle_alpha
,,,,,,,,,,,,,,,,,,,,,3,,,1,not_enough_blocks,3741,skip,,,,triangle_alpha
,,,,,,,,,,,,,,,,,,,,,3,,,0,not_enough_blocks,3742,skip,,,,triangle_alpha
,,,,,,,,,,,,,,,,,,,,,3,,,0,not_enough_blocks,3743,skip,,,,triangle_alpha
,,,,,,,,,,,,,,,,,,,,,3,,,0,not_enough_blocks,3744,skip,,,,triangle_alpha
,,,,,,,,,,,,,,,,,,,,,3,,,0,not_enough_blocks,3745,skip,,,,triangle_alpha
,,,,,,,,,,,,,,,,,,,,,3,,,1,not_enough_blocks,3746,skip,,,,triangle_alpha
,,,,,,,,,,,,,,,,,,,,,3,,,0,not_enough_blocks,3747,skip,,,,triangle_alpha
,,,,,,,,,,,,,,,,,,,,,3,,,0,not_enough_blocks,3748,skip,,,,triangle_alpha
,,,,,,,,,,,,,,,,,,,,,3,,,0,not_enough_blocks,3749,skip,,,,triangle_alpha
,,,,,,,,,,,,,,,,,,,,,3,,,0,not_enough_blocks,3750,skip,,,,triangle_alpha
,,,,,,,,,,,,,,,,,,,,,3,,,0,not_enough_blocks,3751,skip,,,,triangle_alpha
,,,,,,,,,,,,,,,,,,,,,3,,,0,not_enough_blocks,3752,skip,,,,triangle_alpha
,,,,,,,,,,,,,,,,,,,,,3,,,0,not_enough_blocks,3753,skip,,,,triangle_alpha
,,,,,,,,,,,,,,,,,,,,,3,,,0,not_enough_blocks,3754,skip,,,,triangle_alpha
,,,,,,,,,,,,,,,,,,,,,3,,,0,not_enough_blocks,3755,skip,,,,triangle_alpha
,,,,,,,,,,,,,,,,,,,,,3,,,0,not_enough_blocks,3756,skip,,,,triangle_alpha
,,,,,,,,,,,,,,,,,,,,,3,,,1,not_enough_blocks,3757,skip,,,,triangle_alpha
,,,,,,,,,,,,,,,,,,,,,3,,,1,not_enough_blocks,3758,skip,,,,triangle_alpha
,,,,,,,,,,,,,,,,,,,,,3,,,1,not_enough_blocks,3759,skip,,,,triangle_alpha
,,,,,,,,,,,,,,,,,,,,,3,,,0,not_enough_blocks,3760,skip,,,,triangle_alpha
,,,,,,,,,,,,,,,,,,,,,3,,,0,not_enough_blocks,3761,skip,,,,triangle_alpha
,,,,,,,,,,,,,,,,,,,,,3,,,0,not_enough_blocks,3762,skip,,,,triangle_alpha
,,,,,,,,,,,,,,,,,,,,,3,,,0,not_enough_blocks,3763,skip,,,,triangle_alpha
,,,,,,,,,,,,,,,,,,,,,3,,,0,not_enough_blocks,3764,skip,,,,triangle_alpha
,,,,,,,,,,,,,,,,,,,,,3,,,0,not_enough_blocks,3765,skip,,,,triangle_alpha
,,,,,,,,,,,,,,,,,,,,,3,,,0,not_enough_blocks,3766,skip,,,,triangle_alpha
,,,,,,,,,,,,,,,,,,,,,3,,,0,not_enough_blocks,3767,skip,,,,triangle_alpha
,,,,,,,,,,,,,,,,,,,,,3,,,0,not_enough_blocks,3768,skip,,,,triangle_alpha
,,,,,,,,,,,,,,,,,,,,,3,,,0,not_enough_blocks,3769,skip,,,,triangle_alpha
,,,,,,,,,,,,,,,,,,,,,3,,,0,not_enough_blocks,3770,skip,,,,triangle_alpha
,,,,,,,,,,,,,,,,,,,,,3,,,0,not_enough_blocks,3771,skip,,,,triangle_alpha
,,,,,,,,,,,,,,,,,,,,,3,,,0,not_enough_blocks,3772,skip,,,,triangle_alpha
,,,,,,,,,,,,,,,,,,,,,3,,,0,not_enough_blocks,3773,skip,,,,triangle_alpha
,,,,,,,,,,,,,,,,,,,,,3,,,0,not_enough_blocks,3774,skip,,,,triangle_alpha
,,,,,,,,,,,,,,,,,,,,,3,,,0,not_enough_blocks,3775,skip,,,,triangle_alpha
,,,,,,,,,,,,,,,,,,,,,3,,,0,not_enough_blocks,3776,skip,,,,triangle_alpha
,,,,,,,,,,,,,,,,,,,,,3,,,1,not_enough_blocks,3777,skip,,,,triangle_alpha
,,,,,,,,,,,,,,,,,,,,,3,,,0,not_enough_blocks,3778,skip,,,,triangle_alpha
,,,,,,,,,,,,,,,,,,,,,3,,,0,not_enough_blocks,3779,skip,,,,triangle_alpha
,,,,,,,,,,,,,,,,,,,,,3,,,0,not_enough_blocks,3780,skip,,,,triangle_alpha
,,,,,,,,,,,,,,,,,,,,,3,,,0,not_enough_blocks,3781,skip,,,,triangle_alpha
,,,,,,,,,,,,,,,,,,,,,3,,,0,not_enough_blocks,3782,skip,,,,triangle_alpha
,,,,,,,,,,,,,,,,,,,,,3,,,1,not_enough_blocks,3783,skip,,,,triangle_alpha
,,,,,,,,,,,,,,,,,,,,,3,,,0,not_enough_blocks,3784,skip,,,,triangle_alpha
,,,,,,,,,,,,,,,,,,,,,3,,,0,not_enough_blocks,3785,skip,,,,triangle_alpha
,,,,,,,,,,,,,,,,,,,,,3,,,1,not_enough_blocks,3786,skip,,,,triangle_alpha
,,,,,,,,,,,,,,,,,,,,,3,,,0,not_enough_blocks,3787,skip,,,,triangle_alpha
,,,,,,,,,,,,,,,,,,,,,3,,,1,not_enough_blocks,3788,skip,,,,triangle_alpha
,,,,,,,,,,,,,,,,,,,,,3,,,0,not_enough_blocks,3789,skip,,,,triangle_alpha
,,,,,,,,,,,,,,,,,,,,,3,,,0,not_enough_blocks,3790,skip,,,,triangle_alpha
,,,,,,,,,,,,,,,,,,,,,3,,,0,not_enough_blocks,3791,skip,,,,triangle_alpha
,,,,,,,,,,,,,,,,,,,,,3,,,0,not_enough_blocks,3792,skip,,,,triangle_alpha
,,,,,,,,,,,,,,,,,,,,,3,,,0,not_enough_blocks,3793,skip,,,,triangle_alpha
,,,,,,,,,,,,,,,,,,,,,3,,,0,not_enough_blocks,3794,skip,,,,triangle_alpha
,,,,,,,,,,,,,,,,,,,,,3,,,0,not_enough_blocks,3795,skip,,,,triangle_alpha
,,,,,,,,,,,,,,,,,,,,,3,,,0,not_enough_blocks,3796,skip,,,,triangle_alpha
,,,,,,,,,,,,,,,,,,,,,3,,,0,not_enough_blocks,3797,skip,,,,triangle_alpha
,,,,,,,,,,,,,,,,,,,,,3,,,0,not_enough_blocks,3798,skip,,,,triangle_alpha
,,,,,,,,,,,,,,,,,,,,,3,,,0,not_enough_blocks,3799,skip,,,,triangle_alpha
,,,,,,,,,,,,,,,,,,,,,3,,,1,not_enough_blocks,3800,skip,,,,triangle_alpha
,,,,,,,,,,,,,,,,,,,,,3,,,1,not_enough_blocks,3801,skip,,,,triangle_alpha
,,,,,,,,,,,,,,,,,,,,,3,,,0,not_enough_blocks,3802,skip,,,,triangle_alpha
,,,,,,,,,,,,,,,,,,,,,3,,,0,not_enough_blocks,3803,skip,,,,triangle_alpha
,,,,,,,,,,,,,,,,,,,,,3,,,0,not_enough_blocks,3804,skip,,,,triangle_alpha
,,,,,,,,,,,,,,,,,,,,,3,,,0,not_enough_blocks,3805,skip,,,,triangle_alpha
,,,,,,,,,,,,,,,,,,,,,3,,,0,not_enough_blocks,3806,skip,,,,triangle_alpha
,,,,,,,,,,,,,,,,,,,,,3,,,0,not_enough_blocks,3807,skip,,,,triangle_alpha
,,,,,,,,,,,,,,,,,,,,,3,,,0,not_enough_blocks,3808,skip,,,,triangle_alpha
,,,,,,,,,,,,,,,,,,,,,3,,,1,not_enough_blocks,3809,skip,,,,triangle_alpha
,,,,,,,,,,,,,,,,,,,,,3,,,1,not_enough_blocks,3810,skip,,,,triangle_alpha
,,,,,,,,,,,,,,,,,,,,,3,,,0,not_enough_blocks,3811,skip,,,,triangle_alpha
,,,,,,,,,,,,,,,,,,,,,3,,,0,not_enough_blocks,3812,skip,,,,triangle_alpha
,,,,,,,,,,,,,,,,,,,,,3,,,1,not_enough_blocks,3813,skip,,,,triangle_alpha
,,,,,,,,,,,,,,,,,,,,,3,,,0,not_enough_blocks,3814,skip,,,,triangle_alpha
,,,,,,,,,,,,,,,,,,,,,3,,,0,not_enough_blocks,3815,skip,,,,triangle_alpha
,,,,,,,,,,,,,,,,,,,,,3,,,0,not_enough_blocks,3816,skip,,,,triangle_alpha
,,,,,,,,,,,,,,,,,,,,,3,,,0,not_enough_blocks,3817,skip,,,,triangle_alpha
,,,,,,,,,,,,,,,,,,,,,3,,,0,not_enough_blocks,3818,skip,,,,triangle_alpha
,,,,,,,,,,,,,,,,,,,,,3,,,0,not_enough_blocks,3819,skip,,,,triangle_alpha
,,,,,,,,,,,,,,,,,,,,,3,,,0,not_enough_blocks,3820,skip,,,,triangle_alpha
,,,,,,,,,,,,,,,,,,,,,3,,,0,not_enough_blocks,3821,skip,,,,triangle_alpha
,,,,,,,,,,,,,,,,,,,,,3,,,0,not_enough_blocks,3822,skip,,,,triangle_alpha
,,,,,,,,,,,,,,,,,,,,,3,,,0,not_enough_blocks,3823,skip,,,,triangle_alpha
,,,,,,,,,,,,,,,,,,,,,3,,,0,not_enough_blocks,3824,skip,,,,triangle_alpha
,,,,,,,,,,,,,,,,,,,,,3,,,0,not_enough_blocks,3825,skip,,,,triangle_alpha
,,,,,,,,,,,,,,,,,,,,,3,,,0,not_enough_blocks,3826,skip,,,,triangle_alpha
,,,,,,,,,,,,,,,,,,,,,3,,,0,not_enough_blocks,3827,skip,,,,triangle_alpha
,,,,,,,,,,,,,,,,,,,,,3,,,0,not_enough_blocks,3828,skip,,,,triangle_alpha
,,,,,,,,,,,,,,,,,,,,,3,,,0,not_enough_blocks,3829,skip,,,,triangle_alpha
,,,,,,,,,,,,,,,,,,,,,3,,,0,not_enough_blocks,3830,skip,,,,triangle_alpha
,,,,,,,,,,,,,,,,,,,,,3,,,0,not_enough_blocks,3831,skip,,,,triangle_alpha
,,,,,,,,,,,,,,,,,,,,,3,,,0,not_enough_blocks,3832,skip,,,,triangle_alpha
,,,,,,,,,,,,,,,,,,,,,3,,,0,not_enough_blocks,3833,skip,,,,triangle_alpha
,,,,,,,,,,,,,,,,,,,,,3,,,0,not_enough_blocks,3834,skip,,,,triangle_alpha
,,,,,,,,,,,,,,,,,,,,,3,,,1,not_enough_blocks,3835,skip,,,,triangle_alpha
,,,,,,,,,,,,,,,,,,,,,3,,,1,not_enough_blocks,3836,skip,,,,triangle_alpha
,,,,,,,,,,,,,,,,,,,,,3,,,0,not_enough_blocks,3837,skip,,,,triangle_alpha
,,,,,,,,,,,,,,,,,,,,,3,,,0,not_enough_blocks,3838,skip,,,,triangle_alpha
,,,,,,,,,,,,,,,,,,,,,3,,,1,not_enough_blocks,3839,skip,,,,triangle_alpha
,,,,,,,,,,,,,,,,,,,,,3,,,0,not_enough_blocks,3840,skip,,,,triangle_alpha
,,,,,,,,,,,,,,,,,,,,,3,,,0,not_enough_blocks,3841,skip,,,,triangle_alpha
,,,,,,,,,,,,,,,,,,,,,3,,,0,not_enough_blocks,3842,skip,,,,triangle_alpha
,,,,,,,,,,,,,,,,,,,,,3,,,0,not_enough_blocks,3843,skip,,,,triangle_alpha
,,,,,,,,,,,,,,,,,,,,,3,,,0,not_enough_blocks,3844,skip,,,,triangle_alpha
,,,,,,,,,,,,,,,,,,,,,3,,,1,not_enough_blocks,3845,skip,,,,triangle_alpha
,,,,,,,,,,,,,,,,,,,,,3,,,0,not_enough_blocks,3846,skip,,,,triangle_alpha
,,,,,,,,,,,,,,,,,,,,,3,,,0,not_enough_blocks,3847,skip,,,,triangle_alpha
,,,,,,,,,,,,,,,,,,,,,3,,,0,not_enough_blocks,3848,skip,,,,triangle_alpha
,,,,,,,,,,,,,,,,,,,,,3,,,0,not_enough_blocks,3849,skip,,,,triangle_alpha
,,,,,,,,,,,,,,,,,,,,,3,,,0,not_enough_blocks,3850,skip,,,,triangle_alpha
,,,,,,,,,,,,,,,,,,,,,3,,,0,not_enough_blocks,3851,skip,,,,triangle_alpha
,,,,,,,,,,,,,,,,,,,,,3,,,1,not_enough_blocks,3852,skip,,,,triangle_alpha
,,,,,,,,,,,,,,,,,,,,,3,,,0,not_enough_blocks,3853,skip,,,,triangle_alpha
,,,,,,,,,,,,,,,,,,,,,3,,,0,not_enough_blocks,3854,skip,,,,triangle_alpha
,,,,,,,,,,,,,,,,,,,,,3,,,0,not_enough_blocks,3855,skip,,,,triangle_alpha
,,,,,,,,,,,,,,,,,,,,,3,,,0,not_enough_blocks,3856,skip,,,,triangle_alpha
,,,,,,,,,,,,,,,,,,,,,3,,,0,not_enough_blocks,3857,skip,,,,triangle_alpha
,,,,,,,,,,,,,,,,,,,,,3,,,0,not_enough_blocks,3858,skip,,,,triangle_alpha
,,,,,,,,,,,,,,,,,,,,,3,,,0,not_enough_blocks,3859,skip,,,,triangle_alpha
,,,,,,,,,,,,,,,,,,,,,3,,,2,not_enough_blocks,3860,skip,,,,triangle_alpha
,,,,,,,,,,,,,,,,,,,,,3,,,1,not_enough_blocks,3861,skip,,,,triangle_alpha
,,,,,,,,,,,,,,,,,,,,,3,,,0,not_enough_blocks,3862,skip,,,,triangle_alpha
,,,,,,,,,,,,,,,,,,,,,3,,,0,not_enough_blocks,3863,skip,,,,triangle_alpha
,,,,,,,,,,,,,,,,,,,,,3,,,0,not_enough_blocks,3864,skip,,,,triangle_alpha
,,,,,,,,,,,,,,,,,,,,,3,,,0,not_enough_blocks,3865,skip,,,,triangle_alpha
,,,,,,,,,,,,,,,,,,,,,3,,,0,not_enough_blocks,3866,skip,,,,triangle_alpha
,,,,,,,,,,,,,,,,,,,,,3,,,0,not_enough_blocks,3867,skip,,,,triangle_alpha
,,,,,,,,,,,,,,,,,,,,,3,,,0,not_enough_blocks,3868,skip,,,,triangle_alpha
,,,,,,,,,,,,,,,,,,,,,3,,,0,not_enough_blocks,3869,skip,,,,triangle_alpha
,,,,,,,,,,,,,,,,,,,,,3,,,0,not_enough_blocks,3870,skip,,,,triangle_alpha
,,,,,,,,,,,,,,,,,,,,,3,,,2,not_enough_blocks,3871,skip,,,,triangle_alpha
,,,,,,,,,,,,,,,,,,,,,3,,,0,not_enough_blocks,3872,skip,,,,triangle_alpha
,,,,,,,,,,,,,,,,,,,,,3,,,0,not_enough_blocks,3873,skip,,,,triangle_alpha
,,,,,,,,,,,,,,,,,,,,,3,,,0,not_enough_blocks,3874,skip,,,,triangle_alpha
,,,,,,,,,,,,,,,,,,,,,3,,,2,not_enough_blocks,3875,skip,,,,triangle_alpha
,,,,,,,,,,,,,,,,,,,,,3,,,0,not_enough_blocks,3876,skip,,,,triangle_alpha
,,,,,,,,,,,,,,,,,,,,,3,,,0,not_enough_blocks,3877,skip,,,,triangle_alpha
,,,,,,,,,,,,,,,,,,,,,3,,,0,not_enough_blocks,3878,skip,,,,triangle_alpha
,,,,,,,,,,,,,,,,,,,,,3,,,0,not_enough_blocks,3879,skip,,,,triangle_alpha
,,,,,,,,,,,,,,,,,,,,,3,,,0,not_enough_blocks,3880,skip,,,,triangle_alpha
,,,,,,,,,,,,,,,,,,,,,3,,,0,not_enough_blocks,3881,skip,,,,triangle_alpha
,,,,,,,,,,,,,,,,,,,,,3,,,0,not_enough_blocks,3882,skip,,,,triangle_alpha
,,,,,,,,,,,,,,,,,,,,,3,,,1,not_enough_blocks,3883,skip,,,,triangle_alpha
,,,,,,,,,,,,,,,,,,,,,3,,,0,not_enough_blocks,3884,skip,,,,triangle_alpha
,,,,,,,,,,,,,,,,,,,,,3,,,0,not_enough_blocks,3885,skip,,,,triangle_alpha
,,,,,,,,,,,,,,,,,,,,,3,,,0,not_enough_blocks,3886,skip,,,,triangle_alpha
,,,,,,,,,,,,,,,,,,,,,3,,,0,not_enough_blocks,3887,skip,,,,triangle_alpha
,,,,,,,,,,,,,,,,,,,,,3,,,0,not_enough_blocks,3888,skip,,,,triangle_alpha
,,,,,,,,,,,,,,,,,,,,,3,,,1,not_enough_blocks,3889,skip,,,,triangle_alpha
,,,,,,,,,,,,,,,,,,,,,3,,,0,not_enough_blocks,3890,skip,,,,triangle_alpha
,,,,,,,,,,,,,,,,,,,,,3,,,0,not_enough_blocks,3891,skip,,,,triangle_alpha
,,,,,,,,,,,,,,,,,,,,,3,,,1,not_enough_blocks,3892,skip,,,,triangle_alpha
,,,,,,,,,,,,,,,,,,,,,3,,,0,not_enough_blocks,3893,skip,,,,triangle_alpha
,,,,,,,,,,,,,,,,,,,,,3,,,0,not_enough_blocks,3894,skip,,,,triangle_alpha
,,,,,,,,,,,,,,,,,,,,,3,,,0,not_enough_blocks,3895,skip,,,,triangle_alpha
,,,,,,,,,,,,,,,,,,,,,3,,,0,not_enough_blocks,3896,skip,,,,triangle_alpha
,,,,,,,,,,,,,,,,,,,,,3,,,0,not_enough_blocks,3897,skip,,,,triangle_alpha
,,,,,,,,,,,,,,,,,,,,,3,,,0,not_enough_blocks,3898,skip,,,,triangle_alpha
,,,,,,,,,,,,,,,,,,,,,3,,,0,not_enough_blocks,3899,skip,,,,triangle_alpha
,,,,,,,,,,,,,,,,,,,,,3,,,0,not_enough_blocks,3900,skip,,,,triangle_alpha
,,,,,,,,,,,,,,,,,,,,,3,,,0,not_enough_blocks,3901,skip,,,,triangle_alpha
,,,,,,,,,,,,,,,,,,,,,3,,,0,not_enough_blocks,3902,skip,,,,triangle_alpha
,,,,,,,,,,,,,,,,,,,,,3,,,0,not_enough_blocks,3903,skip,,,,triangle_alpha
,,,,,,,,,,,,,,,,,,,,,3,,,0,not_enough_blocks,3904,skip,,,,triangle_alpha
,,,,,,,,,,,,,,,,,,,,,3,,,0,not_enough_blocks,3905,skip,,,,triangle_alpha
,,,,,,,,,,,,,,,,,,,,,3,,,1,not_enough_blocks,3906,skip,,,,triangle_alpha
,,,,,,,,,,,,,,,,,,,,,3,,,0,not_enough_blocks,3907,skip,,,,triangle_alpha
,,,,,,,,,,,,,,,,,,,,,3,,,0,not_enough_blocks,3908,skip,,,,triangle_alpha
,,,,,,,,,,,,,,,,,,,,,3,,,1,not_enough_blocks,3909,skip,,,,triangle_alpha
,,,,,,,,,,,,,,,,,,,,,3,,,0,not_enough_blocks,3910,skip,,,,triangle_alpha
,,,,,,,,,,,,,,,,,,,,,3,,,2,not_enough_blocks,3911,skip,,,,triangle_alpha
,,,,,,,,,,,,,,,,,,,,,3,,,0,not_enough_blocks,3912,skip,,,,triangle_alpha
,,,,,,,,,,,,,,,,,,,,,3,,,0,not_enough_blocks,3913,skip,,,,triangle_alpha
,,,,,,,,,,,,,,,,,,,,,3,,,1,not_enough_blocks,3914,skip,,,,triangle_alpha
,,,,,,,,,,,,,,,,,,,,,3,,,0,not_enough_blocks,3915,skip,,,,triangle_alpha
,,,,,,,,,,,,,,,,,,,,,3,,,0,not_enough_blocks,3916,skip,,,,triangle_alpha
,,,,,,,,,,,,,,,,,,,,,3,,,0,not_enough_blocks,3917,skip,,,,triangle_alpha
,,,,,,,,,,,,,,,,,,,,,3,,,0,not_enough_blocks,3918,skip,,,,triangle_alpha
,,,,,,,,,,,,,,,,,,,,,3,,,0,not_enough_blocks,3919,skip,,,,triangle_alpha
,,,,,,,,,,,,,,,,,,,,,3,,,0,not_enough_blocks,3920,skip,,,,triangle_alpha
,,,,,,,,,,,,,,,,,,,,,3,,,0,not_enough_blocks,3921,skip,,,,triangle_alpha
,,,,,,,,,,,,,,,,,,,,,3,,,0,not_enough_blocks,3922,skip,,,,triangle_alpha
,,,,,,,,,,,,,,,,,,,,,3,,,0,not_enough_blocks,3923,skip,,,,triangle_alpha
,,,,,,,,,,,,,,,,,,,,,3,,,0,not_enough_blocks,3924,skip,,,,triangle_alpha
,,,,,,,,,,,,,,,,,,,,,3,,,0,not_enough_blocks,3925,skip,,,,triangle_alpha
,,,,,,,,,,,,,,,,,,,,,3,,,0,not_enough_blocks,3926,skip,,,,triangle_alpha
,,,,,,,,,,,,,,,,,,,,,3,,,2,not_enough_blocks,3927,skip,,,,triangle_alpha
,,,,,,,,,,,,,,,,,,,,,3,,,0,not_enough_blocks,3928,skip,,,,triangle_alpha
,,,,,,,,,,,,,,,,,,,,,3,,,0,not_enough_blocks,3929,skip,,,,triangle_alpha
,,,,,,,,,,,,,,,,,,,,,3,,,0,not_enough_blocks,3930,skip,,,,triangle_alpha
,,,,,,,,,,,,,,,,,,,,,3,,,1,not_enough_blocks,3931,skip,,,,triangle_alpha
,,,,,,,,,,,,,,,,,,,,,3,,,0,not_enough_blocks,3932,skip,,,,triangle_alpha
,,,,,,,,,,,,,,,,,,,,,3,,,0,not_enough_blocks,3933,skip,,,,triangle_alpha
,,,,,,,,,,,,,,,,,,,,,3,,,0,not_enough_blocks,3934,skip,,,,triangle_alpha
,,,,,,,,,,,,,,,,,,,,,3,,,0,not_enough_blocks,3935,skip,,,,triangle_alpha
,,,,,,,,,,,,,,,,,,,,,3,,,0,not_enough_blocks,3936,skip,,,,triangle_alpha
,,,,,,,,,,,,,,,,,,,,,3,,,0,not_enough_blocks,3937,skip,,,,triangle_alpha
,,,,,,,,,,,,,,,,,,,,,3,,,0,not_enough_blocks,3938,skip,,,,triangle_alpha
,,,,,,,,,,,,,,,,,,,,,3,,,0,not_enough_blocks,3939,skip,,,,triangle_alpha
,,,,,,,,,,,,,,,,,,,,,3,,,0,not_enough_blocks,3940,skip,,,,triangle_alpha
,,,,,,,,,,,,,,,,,,,,,3,,,0,not_enough_blocks,3941,skip,,,,triangle_alpha
,,,,,,,,,,,,,,,,,,,,,3,,,0,not_enough_blocks,3942,skip,,,,triangle_alpha
,,,,,,,,,,,,,,,,,,,,,3,,,0,not_enough_blocks,3943,skip,,,,triangle_alpha
,,,,,,,,,,,,,,,,,,,,,3,,,0,not_enough_blocks,3944,skip,,,,triangle_alpha
,,,,,,,,,,,,,,,,,,,,,3,,,0,not_enough_blocks,3945,skip,,,,triangle_alpha
,,,,,,,,,,,,,,,,,,,,,3,,,0,not_enough_blocks,3946,skip,,,,triangle_alpha
,,,,,,,,,,,,,,,,,,,,,3,,,1,not_enough_blocks,3947,skip,,,,triangle_alpha
,,,,,,,,,,,,,,,,,,,,,3,,,1,not_enough_blocks,3948,skip,,,,triangle_alpha
,,,,,,,,,,,,,,,,,,,,,3,,,0,not_enough_blocks,3949,skip,,,,triangle_alpha
,,,,,,,,,,,,,,,,,,,,,3,,,0,not_enough_blocks,3950,skip,,,,triangle_alpha
,,,,,,,,,,,,,,,,,,,,,3,,,1,not_enough_blocks,3951,skip,,,,triangle_alpha
,,,,,,,,,,,,,,,,,,,,,3,,,0,not_enough_blocks,3952,skip,,,,triangle_alpha
,,,,,,,,,,,,,,,,,,,,,3,,,0,not_enough_blocks,3953,skip,,,,triangle_alpha
,,,,,,,,,,,,,,,,,,,,,3,,,0,not_enough_blocks,3954,skip,,,,triangle_alpha
,,,,,,,,,,,,,,,,,,,,,3,,,0,not_enough_blocks,3955,skip,,,,triangle_alpha
,,,,,,,,,,,,,,,,,,,,,3,,,0,not_enough_blocks,3956,skip,,,,triangle_alpha
,,,,,,,,,,,,,,,,,,,,,3,,,0,not_enough_blocks,3957,skip,,,,triangle_alpha
,,,,,,,,,,,,,,,,,,,,,3,,,1,not_enough_blocks,3958,skip,,,,triangle_alpha
,,,,,,,,,,,,,,,,,,,,,3,,,0,not_enough_blocks,3959,skip,,,,triangle_alpha
,,,,,,,,,,,,,,,,,,,,,3,,,0,not_enough_blocks,3960,skip,,,,triangle_alpha
,,,,,,,,,,,,,,,,,,,,,3,,,0,not_enough_blocks,3961,skip,,,,triangle_alpha
,,,,,,,,,,,,,,,,,,,,,3,,,0,not_enough_blocks,3962,skip,,,,triangle_alpha
,,,,,,,,,,,,,,,,,,,,,3,,,0,not_enough_blocks,3963,skip,,,,triangle_alpha
,,,,,,,,,,,,,,,,,,,,,3,,,1,not_enough_blocks,3964,skip,,,,triangle_alpha
,,,,,,,,,,,,,,,,,,,,,3,,,0,not_enough_blocks,3965,skip,,,,triangle_alpha
,,,,,,,,,,,,,,,,,,,,,3,,,0,not_enough_blocks,3966,skip,,,,triangle_alpha
,,,,,,,,,,,,,,,,,,,,,3,,,0,not_enough_blocks,3967,skip,,,,triangle_alpha
,,,,,,,,,,,,,,,,,,,,,3,,,0,not_enough_blocks,3968,skip,,,,triangle_alpha
,,,,,,,,,,,,,,,,,,,,,3,,,0,not_enough_blocks,3969,skip,,,,triangle_alpha
,,,,,,,,,,,,,,,,,,,,,3,,,1,not_enough_blocks,3970,skip,,,,triangle_alpha
,,,,,,,,,,,,,,,,,,,,,3,,,0,not_enough_blocks,3971,skip,,,,triangle_alpha
,,,,,,,,,,,,,,,,,,,,,3,,,0,not_enough_blocks,3972,skip,,,,triangle_alpha
,,,,,,,,,,,,,,,,,,,,,3,,,0,not_enough_blocks,3973,skip,,,,triangle_alpha
,,,,,,,,,,,,,,,,,,,,,3,,,0,not_enough_blocks,3974,skip,,,,triangle_alpha
,,,,,,,,,,,,,,,,,,,,,3,,,0,not_enough_blocks,3975,skip,,,,triangle_alpha
,,,,,,,,,,,,,,,,,,,,,3,,,0,not_enough_blocks,3976,skip,,,,triangle_alpha
,,,,,,,,,,,,,,,,,,,,,3,,,0,not_enough_blocks,3977,skip,,,,triangle_alpha
,,,,,,,,,,,,,,,,,,,,,3,,,0,not_enough_blocks,3978,skip,,,,triangle_alpha
,,,,,,,,,,,,,,,,,,,,,3,,,0,not_enough_blocks,3979,skip,,,,triangle_alpha
,,,,,,,,,,,,,,,,,,,,,3,,,0,not_enough_blocks,3980,skip,,,,triangle_alpha
,,,,,,,,,,,,,,,,,,,,,3,,,0,not_enough_blocks,3981,skip,,,,triangle_alpha
,,,,,,,,,,,,,,,,,,,,,3,,,0,not_enough_blocks,3982,skip,,,,triangle_alpha
,,,,,,,,,,,,,,,,,,,,,3,,,0,not_enough_blocks,3983,skip,,,,triangle_alpha
,,,,,,,,,,,,,,,,,,,,,3,,,0,not_enough_blocks,3984,skip,,,,triangle_alpha
,,,,,,,,,,,,,,,,,,,,,3,,,0,not_enough_blocks,3985,skip,,,,triangle_alpha
,,,,,,,,,,,,,,,,,,,,,3,,,0,not_enough_blocks,3986,skip,,,,triangle_alpha
,,,,,,,,,,,,,,,,,,,,,3,,,0,not_enough_blocks,3987,skip,,,,triangle_alpha
,,,,,,,,,,,,,,,,,,,,,3,,,0,not_enough_blocks,3988,skip,,,,triangle_alpha
,,,,,,,,,,,,,,,,,,,,,3,,,0,not_enough_blocks,3989,skip,,,,triangle_alpha
,,,,,,,,,,,,,,,,,,,,,3,,,0,not_enough_blocks,3990,skip,,,,triangle_alpha
,,,,,,,,,,,,,,,,,,,,,3,,,0,not_enough_blocks,3991,skip,,,,triangle_alpha
,,,,,,,,,,,,,,,,,,,,,3,,,0,not_enough_blocks,3992,skip,,,,triangle_alpha
,,,,,,,,,,,,,,,,,,,,,3,,,0,not_enough_blocks,3993,skip,,,,triangle_alpha
,,,,,,,,,,,,,,,,,,,,,3,,,0,not_enough_blocks,3994,skip,,,,triangle_alpha
,,,,,,,,,,,,,,,,,,,,,3,,,0,not_enough_blocks,3995,skip,,,,triangle_alpha
,,,,,,,,,,,,,,,,,,,,,3,,,1,not_enough_blocks,3996,skip,,,,triangle_alpha
,,,,,,,,,,,,,,,,,,,,,3,,,0,not_enough_blocks,3997,skip,,,,triangle_alpha
,,,,,,,,,,,,,,,,,,,,,3,,,0,not_enough_blocks,3998,skip,,,,triangle_alpha
,,,,,,,,,,,,,,,,,,,,,3,,,0,not_enough_blocks,3999,skip,,,,triangle_alpha
,,,,,,,,,,,,,,,,,,,,,3,,,0,not_enough_blocks,4000,skip,,,,triangle_alpha
,,,,,,,,,,,,,,,,,,,,,3,,,0,not_enough_blocks,4001,skip,,,,triangle_alpha
,,,,,,,,,,,,,,,,,,,,,3,,,0,not_enough_blocks,4002,skip,,,,triangle_alpha
,,,,,,,,,,,,,,,,,,,,,3,,,0,not_enough_blocks,4003,skip,,,,triangle_alpha
,,,,,,,,,,,,,,,,,,,,,3,,,1,not_enough_blocks,4004,skip,,,,triangle_alpha
,,,,,,,,,,,,,,,,,,,,,3,,,1,not_enough_blocks,4005,skip,,,,triangle_alpha
,,,,,,,,,,,,,,,,,,,,,3,,,0,not_enough_blocks,4006,skip,,,,triangle_alpha
,,,,,,,,,,,,,,,,,,,,,3,,,0,not_enough_blocks,4007,skip,,,,triangle_alpha
,,,,,,,,,,,,,,,,,,,,,3,,,0,not_enough_blocks,4008,skip,,,,triangle_alpha
,,,,,,,,,,,,,,,,,,,,,3,,,1,not_enough_blocks,4009,skip,,,,triangle_alpha
,,,,,,,,,,,,,,,,,,,,,3,,,0,not_enough_blocks,4010,skip,,,,triangle_alpha
,,,,,,,,,,,,,,,,,,,,,3,,,0,not_enough_blocks,4011,skip,,,,triangle_alpha
,,,,,,,,,,,,,,,,,,,,,3,,,0,not_enough_blocks,4012,skip,,,,triangle_alpha
,,,,,,,,,,,,,,,,,,,,,3,,,0,not_enough_blocks,4013,skip,,,,triangle_alpha
,,,,,,,,,,,,,,,,,,,,,3,,,1,not_enough_blocks,4014,skip,,,,triangle_alpha
,,,,,,,,,,,,,,,,,,,,,3,,,1,not_enough_blocks,4015,skip,,,,triangle_alpha
,,,,,,,,,,,,,,,,,,,,,3,,,0,not_enough_blocks,4016,skip,,,,triangle_alpha
,,,,,,,,,,,,,,,,,,,,,3,,,0,not_enough_blocks,4017,skip,,,,triangle_alpha
,,,,,,,,,,,,,,,,,,,,,3,,,0,not_enough_blocks,4018,skip,,,,triangle_alpha
,,,,,,,,,,,,,,,,,,,,,3,,,0,not_enough_blocks,4019,skip,,,,triangle_alpha
,,,,,,,,,,,,,,,,,,,,,3,,,0,not_enough_blocks,4020,skip,,,,triangle_alpha
,,,,,,,,,,,,,,,,,,,,,3,,,2,not_enough_blocks,4021,skip,,,,triangle_alpha
,,,,,,,,,,,,,,,,,,,,,3,,,0,not_enough_blocks,4022,skip,,,,triangle_alpha
,,,,,,,,,,,,,,,,,,,,,3,,,0,not_enough_blocks,4023,skip,,,,triangle_alpha
,,,,,,,,,,,,,,,,,,,,,3,,,1,not_enough_blocks,4024,skip,,,,triangle_alpha
,,,,,,,,,,,,,,,,,,,,,3,,,0,not_enough_blocks,4025,skip,,,,triangle_alpha
,,,,,,,,,,,,,,,,,,,,,3,,,0,not_enough_blocks,4026,skip,,,,triangle_alpha
,,,,,,,,,,,,,,,,,,,,,3,,,0,not_enough_blocks,4027,skip,,,,triangle_alpha
,,,,,,,,,,,,,,,,,,,,,3,,,0,not_enough_blocks,4028,skip,,,,triangle_alpha
,,,,,,,,,,,,,,,,,,,,,3,,,0,not_enough_blocks,4029,skip,,,,triangle_alpha
,,,,,,,,,,,,,,,,,,,,,3,,,0,not_enough_blocks,4030,skip,,,,triangle_alpha
,,,,,,,,,,,,,,,,,,,,,3,,,0,not_enough_blocks,4031,skip,,,,triangle_alpha
,,,,,,,,,,,,,,,,,,,,,3,,,0,not_enough_blocks,4032,skip,,,,triangle_alpha
,,,,,,,,,,,,,,,,,,,,,3,,,0,not_enough_blocks,4033,skip,,,,triangle_alpha
,,,,,,,,,,,,,,,,,,,,,3,,,0,not_enough_blocks,4034,skip,,,,triangle_alpha
,,,,,,,,,,,,,,,,,,,,,3,,,0,not_enough_blocks,4035,skip,,,,triangle_alpha
,,,,,,,,,,,,,,,,,,,,,3,,,1,not_enough_blocks,4036,skip,,,,triangle_alpha
,,,,,,,,,,,,,,,,,,,,,3,,,0,not_enough_blocks,4037,skip,,,,triangle_alpha
,,,,,,,,,,,,,,,,,,,,,3,,,0,not_enough_blocks,4038,skip,,,,triangle_alpha
,,,,,,,,,,,,,,,,,,,,,3,,,0,not_enough_blocks,4039,skip,,,,triangle_alpha
,,,,,,,,,,,,,,,,,,,,,3,,,1,not_enough_blocks,4040,skip,,,,triangle_alpha
,,,,,,,,,,,,,,,,,,,,,3,,,0,not_enough_blocks,4041,skip,,,,triangle_alpha
,,,,,,,,,,,,,,,,,,,,,3,,,1,not_enough_blocks,4042,skip,,,,triangle_alpha
,,,,,,,,,,,,,,,,,,,,,3,,,0,not_enough_blocks,4043,skip,,,,triangle_alpha
,,,,,,,,,,,,,,,,,,,,,3,,,0,not_enough_blocks,4044,skip,,,,triangle_alpha
,,,,,,,,,,,,,,,,,,,,,3,,,1,not_enough_blocks,4045,skip,,,,triangle_alpha
,,,,,,,,,,,,,,,,,,,,,3,,,0,not_enough_blocks,4046,skip,,,,triangle_alpha
,,,,,,,,,,,,,,,,,,,,,3,,,0,not_enough_blocks,4047,skip,,,,triangle_alpha
,,,,,,,,,,,,,,,,,,,,,3,,,0,not_enough_blocks,4048,skip,,,,triangle_alpha
,,,,,,,,,,,,,,,,,,,,,3,,,1,not_enough_blocks,4049,skip,,,,triangle_alpha
,,,,,,,,,,,,,,,,,,,,,3,,,0,not_enough_blocks,4050,skip,,,,triangle_alpha
,,,,,,,,,,,,,,,,,,,,,3,,,0,not_enough_blocks,4051,skip,,,,triangle_alpha
,,,,,,,,,,,,,,,,,,,,,3,,,0,not_enough_blocks,4052,skip,,,,triangle_alpha
,,,,,,,,,,,,,,,,,,,,,3,,,0,not_enough_blocks,4053,skip,,,,triangle_alpha
,,,,,,,,,,,,,,,,,,,,,3,,,0,not_enough_blocks,4054,skip,,,,triangle_alpha
,,,,,,,,,,,,,,,,,,,,,3,,,0,not_enough_blocks,4055,skip,,,,triangle_alpha
,,,,,,,,,,,,,,,,,,,,,3,,,0,not_enough_blocks,4056,skip,,,,triangle_alpha
,,,,,,,,,,,,,,,,,,,,,3,,,0,not_enough_blocks,4057,skip,,,,triangle_alpha
,,,,,,,,,,,,,,,,,,,,,3,,,0,not_enough_blocks,4058,skip,,,,triangle_alpha
,,,,,,,,,,,,,,,,,,,,,3,,,0,not_enough_blocks,4059,skip,,,,triangle_alpha
,,,,,,,,,,,,,,,,,,,,,3,,,0,not_enough_blocks,4060,skip,,,,triangle_alpha
,,,,,,,,,,,,,,,,,,,,,3,,,0,not_enough_blocks,4061,skip,,,,triangle_alpha
,,,,,,,,,,,,,,,,,,,,,3,,,0,not_enough_blocks,4062,skip,,,,triangle_alpha
,,,,,,,,,,,,,,,,,,,,,3,,,0,not_enough_blocks,4063,skip,,,,triangle_alpha
,,,,,,,,,,,,,,,,,,,,,3,,,0,not_enough_blocks,4064,skip,,,,triangle_alpha
,,,,,,,,,,,,,,,,,,,,,3,,,0,not_enough_blocks,4065,skip,,,,triangle_alpha
,,,,,,,,,,,,,,,,,,,,,3,,,0,not_enough_blocks,4066,skip,,,,triangle_alpha
,,,,,,,,,,,,,,,,,,,,,3,,,0,not_enough_blocks,4067,skip,,,,triangle_alpha
,,,,,,,,,,,,,,,,,,,,,3,,,0,not_enough_blocks,4068,skip,,,,triangle_alpha
,,,,,,,,,,,,,,,,,,,,,3,,,0,not_enough_blocks,4069,skip,,,,triangle_alpha
,,,,,,,,,,,,,,,,,,,,,3,,,0,not_enough_blocks,4070,skip,,,,triangle_alpha
,,,,,,,,,,,,,,,,,,,,,3,,,0,not_enough_blocks,4071,skip,,,,triangle_alpha
,,,,,,,,,,,,,,,,,,,,,3,,,0,not_enough_blocks,4072,skip,,,,triangle_alpha
,,,,,,,,,,,,,,,,,,,,,3,,,0,not_enough_blocks,4073,skip,,,,triangle_alpha
,,,,,,,,,,,,,,,,,,,,,3,,,1,not_enough_blocks,4074,skip,,,,triangle_alpha
,,,,,,,,,,,,,,,,,,,,,3,,,1,not_enough_blocks,4075,skip,,,,triangle_alpha
,,,,,,,,,,,,,,,,,,,,,3,,,0,not_enough_blocks,4076,skip,,,,triangle_alpha
,,,,,,,,,,,,,,,,,,,,,3,,,0,not_enough_blocks,4077,skip,,,,triangle_alpha
,,,,,,,,,,,,,,,,,,,,,3,,,0,not_enough_blocks,4078,skip,,,,triangle_alpha
,,,,,,,,,,,,,,,,,,,,,3,,,0,not_enough_blocks,4079,skip,,,,triangle_alpha
,,,,,,,,,,,,,,,,,,,,,3,,,0,not_enough_blocks,4080,skip,,,,triangle_alpha
,,,,,,,,,,,,,,,,,,,,,3,,,0,not_enough_blocks,4081,skip,,,,triangle_alpha
,,,,,,,,,,,,,,,,,,,,,3,,,0,not_enough_blocks,4082,skip,,,,triangle_alpha
,,,,,,,,,,,,,,,,,,,,,3,,,0,not_enough_blocks,4083,skip,,,,triangle_alpha
,,,,,,,,,,,,,,,,,,,,,3,,,0,not_enough_blocks,4084,skip,,,,triangle_alpha
,,,,,,,,,,,,,,,,,,,,,3,,,0,not_enough_blocks,4085,skip,,,,triangle_alpha
,,,,,,,,,,,,,,,,,,,,,3,,,0,not_enough_blocks,4086,skip,,,,triangle_alpha
,,,,,,,,,,,,,,,,,,,,,3,,,0,not_enough_blocks,4087,skip,,,,triangle_alpha
,,,,,,,,,,,,,,,,,,,,,3,,,1,not_enough_blocks,4088,skip,,,,triangle_alpha
,,,,,,,,,,,,,,,,,,,,,3,,,1,not_enough_blocks,4089,skip,,,,triangle_alpha
,,,,,,,,,,,,,,,,,,,,,3,,,0,not_enough_blocks,4090,skip,,,,triangle_alpha
,,,,,,,,,,,,,,,,,,,,,3,,,1,not_enough_blocks,4091,skip,,,,triangle_alpha
,,,,,,,,,,,,,,,,,,,,,3,,,0,not_enough_blocks,4092,skip,,,,triangle_alpha
,,,,,,,,,,,,,,,,,,,,,3,,,0,not_enough_blocks,4093,skip,,,,triangle_alpha
,,,,,,,,,,,,,,,,,,,,,3,,,0,not_enough_blocks,4094,skip,,,,triangle_alpha
,,,,,,,,,,,,,,,,,,,,,3,,,0,not_enough_blocks,4095,skip,,,,triangle_alpha
,,,,,,,,,,,,,,,,,,,,,3,,,0,not_enough_blocks,4096,skip,,,,triangle_alpha
,,,,,,,,,,,,,,,,,,,,,3,,,0,not_enough_blocks,4097,skip,,,,triangle_alpha
,,,,,,,,,,,,,,,,,,,,,3,,,1,not_enough_blocks,4098,skip,,,,triangle_alpha
,,,,,,,,,,,,,,,,,,,,,3,,,0,not_enough_blocks,4099,skip,,,,triangle_alpha
,,,,,,,,,,,,,,,,,,,,,3,,,0,not_enough_blocks,4100,skip,,,,triangle_alpha
,,,,,,,,,,,,,,,,,,,,,3,,,0,not_enough_blocks,4101,skip,,,,triangle_alpha
,,,,,,,,,,,,,,,,,,,,,3,,,0,not_enough_blocks,4102,skip,,,,triangle_alpha
,,,,,,,,,,,,,,,,,,,,,3,,,0,not_enough_blocks,4103,skip,,,,triangle_alpha
,,,,,,,,,,,,,,,,,,,,,3,,,1,not_enough_blocks,4104,skip,,,,triangle_alpha
,,,,,,,,,,,,,,,,,,,,,3,,,0,not_enough_blocks,4105,skip,,,,triangle_alpha
,,,,,,,,,,,,,,,,,,,,,3,,,0,not_enough_blocks,4106,skip,,,,triangle_alpha
,,,,,,,,,,,,,,,,,,,,,3,,,0,not_enough_blocks,4107,skip,,,,triangle_alpha
,,,,,,,,,,,,,,,,,,,,,3,,,0,not_enough_blocks,4108,skip,,,,triangle_alpha
,,,,,,,,,,,,,,,,,,,,,3,,,1,not_enough_blocks,4109,skip,,,,triangle_alpha
,,,,,,,,,,,,,,,,,,,,,3,,,0,not_enough_blocks,4110,skip,,,,triangle_alpha
,,,,,,,,,,,,,,,,,,,,,3,,,0,not_enough_blocks,4111,skip,,,,triangle_alpha
,,,,,,,,,,,,,,,,,,,,,3,,,0,not_enough_blocks,4112,skip,,,,triangle_alpha
,,,,,,,,,,,,,,,,,,,,,3,,,0,not_enough_blocks,4113,skip,,,,triangle_alpha
,,,,,,,,,,,,,,,,,,,,,3,,,0,not_enough_blocks,4114,skip,,,,triangle_alpha
,,,,,,,,,,,,,,,,,,,,,3,,,0,not_enough_blocks,4115,skip,,,,triangle_alpha
,,,,,,,,,,,,,,,,,,,,,3,,,1,not_enough_blocks,4116,skip,,,,triangle_alpha
,,,,,,,,,,,,,,,,,,,,,3,,,0,not_enough_blocks,4117,skip,,,,triangle_alpha
,,,,,,,,,,,,,,,,,,,,,3,,,0,not_enough_blocks,4118,skip,,,,triangle_alpha
,,,,,,,,,,,,,,,,,,,,,3,,,0,not_enough_blocks,4119,skip,,,,triangle_alpha
,,,,,,,,,,,,,,,,,,,,,3,,,1,not_enough_blocks,4120,skip,,,,triangle_alpha
,,,,,,,,,,,,,,,,,,,,,3,,,1,not_enough_blocks,4121,skip,,,,triangle_alpha
,,,,,,,,,,,,,,,,,,,,,3,,,0,not_enough_blocks,4122,skip,,,,triangle_alpha
,,,,,,,,,,,,,,,,,,,,,3,,,0,not_enough_blocks,4123,skip,,,,triangle_alpha
,,,,,,,,,,,,,,,,,,,,,3,,,0,not_enough_blocks,4124,skip,,,,triangle_alpha
,,,,,,,,,,,,,,,,,,,,,3,,,1,not_enough_blocks,4125,skip,,,,triangle_alpha
,,,,,,,,,,,,,,,,,,,,,3,,,0,not_enough_blocks,4126,skip,,,,triangle_alpha
,,,,,,,,,,,,,,,,,,,,,3,,,1,not_enough_blocks,4127,skip,,,,triangle_alpha
,,,,,,,,,,,,,,,,,,,,,3,,,0,not_enough_blocks,4128,skip,,,,triangle_alpha
,,,,,,,,,,,,,,,,,,,,,3,,,0,not_enough_blocks,4129,skip,,,,triangle_alpha
,,,,,,,,,,,,,,,,,,,,,3,,,0,not_enough_blocks,4130,skip,,,,triangle_alpha
,,,,,,,,,,,,,,,,,,,,,3,,,0,not_enough_blocks,4131,skip,,,,triangle_alpha
,,,,,,,,,,,,,,,,,,,,,3,,,1,not_enough_blocks,4132,skip,,,,triangle_alpha
,,,,,,,,,,,,,,,,,,,,,3,,,0,not_enough_blocks,4133,skip,,,,triangle_alpha
,,,,,,,,,,,,,,,,,,,,,3,,,0,not_enough_blocks,4134,skip,,,,triangle_alpha
,,,,,,,,,,,,,,,,,,,,,3,,,0,not_enough_blocks,4135,skip,,,,triangle_alpha
,,,,,,,,,,,,,,,,,,,,,3,,,0,not_enough_blocks,4136,skip,,,,triangle_alpha
,,,,,,,,,,,,,,,,,,,,,3,,,1,not_enough_blocks,4137,skip,,,,triangle_alpha
,,,,,,,,,,,,,,,,,,,,,3,,,0,not_enough_blocks,4138,skip,,,,triangle_alpha
,,,,,,,,,,,,,,,,,,,,,3,,,1,not_enough_blocks,4139,skip,,,,triangle_alpha
,,,,,,,,,,,,,,,,,,,,,3,,,0,not_enough_blocks,4140,skip,,,,triangle_alpha
,,,,,,,,,,,,,,,,,,,,,3,,,0,not_enough_blocks,4141,skip,,,,triangle_alpha
,,,,,,,,,,,,,,,,,,,,,3,,,0,not_enough_blocks,4142,skip,,,,triangle_alpha
,,,,,,,,,,,,,,,,,,,,,3,,,1,not_enough_blocks,4143,skip,,,,triangle_alpha
,,,,,,,,,,,,,,,,,,,,,3,,,0,not_enough_blocks,4144,skip,,,,triangle_alpha
,,,,,,,,,,,,,,,,,,,,,3,,,1,not_enough_blocks,4145,skip,,,,triangle_alpha
,,,,,,,,,,,,,,,,,,,,,3,,,0,not_enough_blocks,4146,skip,,,,triangle_alpha
,,,,,,,,,,,,,,,,,,,,,3,,,0,not_enough_blocks,4147,skip,,,,triangle_alpha
,,,,,,,,,,,,,,,,,,,,,3,,,0,not_enough_blocks,4148,skip,,,,triangle_alpha
,,,,,,,,,,,,,,,,,,,,,3,,,0,not_enough_blocks,4149,skip,,,,triangle_alpha
,,,,,,,,,,,,,,,,,,,,,3,,,0,not_enough_blocks,4150,skip,,,,triangle_alpha
,,,,,,,,,,,,,,,,,,,,,3,,,0,not_enough_blocks,4151,skip,,,,triangle_alpha
,,,,,,,,,,,,,,,,,,,,,3,,,0,not_enough_blocks,4152,skip,,,,triangle_alpha
,,,,,,,,,,,,,,,,,,,,,3,,,0,not_enough_blocks,4153,skip,,,,triangle_alpha
,,,,,,,,,,,,,,,,,,,,,3,,,0,not_enough_blocks,4154,skip,,,,triangle_alpha
,,,,,,,,,,,,,,,,,,,,,3,,,0,not_enough_blocks,4155,skip,,,,triangle_alpha
,,,,,,,,,,,,,,,,,,,,,3,,,0,not_enough_blocks,4156,skip,,,,triangle_alpha
,,,,,,,,,,,,,,,,,,,,,3,,,0,not_enough_blocks,4157,skip,,,,triangle_alpha
,,,,,,,,,,,,,,,,,,,,,3,,,1,not_enough_blocks,4158,skip,,,,triangle_alpha
,,,,,,,,,,,,,,,,,,,,,3,,,0,not_enough_blocks,4159,skip,,,,triangle_alpha
,,,,,,,,,,,,,,,,,,,,,3,,,1,not_enough_blocks,4160,skip,,,,triangle_alpha
,,,,,,,,,,,,,,,,,,,,,3,,,1,not_enough_blocks,4161,skip,,,,triangle_alpha
,,,,,,,,,,,,,,,,,,,,,3,,,0,not_enough_blocks,4162,skip,,,,triangle_alpha
,,,,,,,,,,,,,,,,,,,,,3,,,0,not_enough_blocks,4163,skip,,,,triangle_alpha
,,,,,,,,,,,,,,,,,,,,,3,,,0,not_enough_blocks,4164,skip,,,,triangle_alpha
,,,,,,,,,,,,,,,,,,,,,3,,,0,not_enough_blocks,4165,skip,,,,triangle_alpha
,,,,,,,,,,,,,,,,,,,,,3,,,0,not_enough_blocks,4166,skip,,,,triangle_alpha
,,,,,,,,,,,,,,,,,,,,,3,,,0,not_enough_blocks,4167,skip,,,,triangle_alpha
,,,,,,,,,,,,,,,,,,,,,3,,,1,not_enough_blocks,4168,skip,,,,triangle_alpha
,,,,,,,,,,,,,,,,,,,,,3,,,1,not_enough_blocks,4169,skip,,,,triangle_alpha
,,,,,,,,,,,,,,,,,,,,,3,,,0,not_enough_blocks,4170,skip,,,,triangle_alpha
,,,,,,,,,,,,,,,,,,,,,3,,,0,not_enough_blocks,4171,skip,,,,triangle_alpha
,,,,,,,,,,,,,,,,,,,,,3,,,0,not_enough_blocks,4172,skip,,,,triangle_alpha
,,,,,,,,,,,,,,,,,,,,,3,,,0,not_enough_blocks,4173,skip,,,,triangle_alpha
,,,,,,,,,,,,,,,,,,,,,3,,,1,not_enough_blocks,4174,skip,,,,triangle_alpha
,,,,,,,,,,,,,,,,,,,,,3,,,0,not_enough_blocks,4175,skip,,,,triangle_alpha
,,,,,,,,,,,,,,,,,,,,,3,,,1,not_enough_blocks,4176,skip,,,,triangle_alpha
,,,,,,,,,,,,,,,,,,,,,3,,,0,not_enough_blocks,4177,skip,,,,triangle_alpha
,,,,,,,,,,,,,,,,,,,,,3,,,0,not_enough_blocks,4178,skip,,,,triangle_alpha
,,,,,,,,,,,,,,,,,,,,,3,,,0,not_enough_blocks,4179,skip,,,,triangle_alpha
,,,,,,,,,,,,,,,,,,,,,3,,,0,not_enough_blocks,4180,skip,,,,triangle_alpha
,,,,,,,,,,,,,,,,,,,,,3,,,0,not_enough_blocks,4181,skip,,,,triangle_alpha
,,,,,,,,,,,,,,,,,,,,,3,,,0,not_enough_blocks,4182,skip,,,,triangle_alpha
,,,,,,,,,,,,,,,,,,,,,3,,,0,not_enough_blocks,4183,skip,,,,triangle_alpha
,,,,,,,,,,,,,,,,,,,,,3,,,0,not_enough_blocks,4184,skip,,,,triangle_alpha
,,,,,,,,,,,,,,,,,,,,,3,,,0,not_enough_blocks,4185,skip,,,,triangle_alpha
,,,,,,,,,,,,,,,,,,,,,3,,,0,not_enough_blocks,4186,skip,,,,triangle_alpha
,,,,,,,,,,,,,,,,,,,,,3,,,0,not_enough_blocks,4187,skip,,,,triangle_alpha
,,,,,,,,,,,,,,,,,,,,,3,,,0,not_enough_blocks,4188,skip,,,,triangle_alpha
,,,,,,,,,,,,,,,,,,,,,3,,,0,not_enough_blocks,4189,skip,,,,triangle_alpha
,,,,,,,,,,,,,,,,,,,,,3,,,0,not_enough_blocks,4190,skip,,,,triangle_alpha
,,,,,,,,,,,,,,,,,,,,,3,,,0,not_enough_blocks,4191,skip,,,,triangle_alpha
,,,,,,,,,,,,,,,,,,,,,3,,,0,not_enough_blocks,4192,skip,,,,triangle_alpha
,,,,,,,,,,,,,,,,,,,,,3,,,0,not_enough_blocks,4193,skip,,,,triangle_alpha
,,,,,,,,,,,,,,,,,,,,,3,,,0,not_enough_blocks,4194,skip,,,,triangle_alpha
,,,,,,,,,,,,,,,,,,,,,3,,,0,not_enough_blocks,4195,skip,,,,triangle_alpha
,,,,,,,,,,,,,,,,,,,,,3,,,0,not_enough_blocks,4196,skip,,,,triangle_alpha
,,,,,,,,,,,,,,,,,,,,,3,,,0,not_enough_blocks,4197,skip,,,,triangle_alpha
,,,,,,,,,,,,,,,,,,,,,3,,,1,not_enough_blocks,4198,skip,,,,triangle_alpha
,,,,,,,,,,,,,,,,,,,,,3,,,0,not_enough_blocks,4199,skip,,,,triangle_alpha
,,,,,,,,,,,,,,,,,,,,,3,,,0,not_enough_blocks,4200,skip,,,,triangle_alpha
,,,,,,,,,,,,,,,,,,,,,3,,,1,not_enough_blocks,4201,skip,,,,triangle_alpha
,,,,,,,,,,,,,,,,,,,,,3,,,0,not_enough_blocks,4202,skip,,,,triangle_alpha
,,,,,,,,,,,,,,,,,,,,,3,,,0,not_enough_blocks,4203,skip,,,,triangle_alpha
,,,,,,,,,,,,,,,,,,,,,3,,,0,not_enough_blocks,4204,skip,,,,triangle_alpha
,,,,,,,,,,,,,,,,,,,,,3,,,0,not_enough_blocks,4205,skip,,,,triangle_alpha
,,,,,,,,,,,,,,,,,,,,,3,,,0,not_enough_blocks,4206,skip,,,,triangle_alpha
,,,,,,,,,,,,,,,,,,,,,3,,,0,not_enough_blocks,4207,skip,,,,triangle_alpha
,,,,,,,,,,,,,,,,,,,,,3,,,0,not_enough_blocks,4208,skip,,,,triangle_alpha
,,,,,,,,,,,,,,,,,,,,,3,,,0,not_enough_blocks,4209,skip,,,,triangle_alpha
,,,,,,,,,,,,,,,,,,,,,3,,,0,not_enough_blocks,4210,skip,,,,triangle_alpha
,,,,,,,,,,,,,,,,,,,,,3,,,0,not_enough_blocks,4211,skip,,,,triangle_alpha
,,,,,,,,,,,,,,,,,,,,,3,,,0,not_enough_blocks,4212,skip,,,,triangle_alpha
,,,,,,,,,,,,,,,,,,,,,3,,,0,not_enough_blocks,4213,skip,,,,triangle_alpha
,,,,,,,,,,,,,,,,,,,,,3,,,0,not_enough_blocks,4214,skip,,,,triangle_alpha
,,,,,,,,,,,,,,,,,,,,,3,,,0,not_enough_blocks,4215,skip,,,,triangle_alpha
,,,,,,,,,,,,,,,,,,,,,3,,,1,not_enough_blocks,4216,skip,,,,triangle_alpha
,,,,,,,,,,,,,,,,,,,,,3,,,0,not_enough_blocks,4217,skip,,,,triangle_alpha
,,,,,,,,,,,,,,,,,,,,,3,,,0,not_enough_blocks,4218,skip,,,,triangle_alpha
,,,,,,,,,,,,,,,,,,,,,3,,,0,not_enough_blocks,4219,skip,,,,triangle_alpha
,,,,,,,,,,,,,,,,,,,,,3,,,1,not_enough_blocks,4220,skip,,,,triangle_alpha
,,,,,,,,,,,,,,,,,,,,,3,,,0,not_enough_blocks,4221,skip,,,,triangle_alpha
,,,,,,,,,,,,,,,,,,,,,3,,,0,not_enough_blocks,4222,skip,,,,triangle_alpha
,,,,,,,,,,,,,,,,,,,,,3,,,0,not_enough_blocks,4223,skip,,,,triangle_alpha
,,,,,,,,,,,,,,,,,,,,,3,,,0,not_enough_blocks,4224,skip,,,,triangle_alpha
,,,,,,,,,,,,,,,,,,,,,3,,,0,not_enough_blocks,4225,skip,,,,triangle_alpha
,,,,,,,,,,,,,,,,,,,,,3,,,0,not_enough_blocks,4226,skip,,,,triangle_alpha
,,,,,,,,,,,,,,,,,,,,,3,,,0,not_enough_blocks,4227,skip,,,,triangle_alpha
,,,,,,,,,,,,,,,,,,,,,3,,,1,not_enough_blocks,4228,skip,,,,triangle_alpha
,,,,,,,,,,,,,,,,,,,,,3,,,0,not_enough_blocks,4229,skip,,,,triangle_alpha
,,,,,,,,,,,,,,,,,,,,,3,,,0,not_enough_blocks,4230,skip,,,,triangle_alpha
,,,,,,,,,,,,,,,,,,,,,3,,,0,not_enough_blocks,4231,skip,,,,triangle_alpha
,,,,,,,,,,,,,,,,,,,,,3,,,0,not_enough_blocks,4232,skip,,,,triangle_alpha
,,,,,,,,,,,,,,,,,,,,,3,,,0,not_enough_blocks,4233,skip,,,,triangle_alpha
,,,,,,,,,,,,,,,,,,,,,3,,,0,not_enough_blocks,4234,skip,,,,triangle_alpha
,,,,,,,,,,,,,,,,,,,,,3,,,0,not_enough_blocks,4235,skip,,,,triangle_alpha
,,,,,,,,,,,,,,,,,,,,,3,,,1,not_enough_blocks,4236,skip,,,,triangle_alpha
,,,,,,,,,,,,,,,,,,,,,3,,,0,not_enough_blocks,4237,skip,,,,triangle_alpha
,,,,,,,,,,,,,,,,,,,,,3,,,0,not_enough_blocks,4238,skip,,,,triangle_alpha
,,,,,,,,,,,,,,,,,,,,,3,,,1,not_enough_blocks,4239,skip,,,,triangle_alpha
,,,,,,,,,,,,,,,,,,,,,3,,,0,not_enough_blocks,4240,skip,,,,triangle_alpha
,,,,,,,,,,,,,,,,,,,,,3,,,0,not_enough_blocks,4241,skip,,,,triangle_alpha
,,,,,,,,,,,,,,,,,,,,,3,,,0,not_enough_blocks,4242,skip,,,,triangle_alpha
,,,,,,,,,,,,,,,,,,,,,3,,,0,not_enough_blocks,4243,skip,,,,triangle_alpha
,,,,,,,,,,,,,,,,,,,,,3,,,0,not_enough_blocks,4244,skip,,,,triangle_alpha
,,,,,,,,,,,,,,,,,,,,,3,,,0,not_enough_blocks,4245,skip,,,,triangle_alpha
,,,,,,,,,,,,,,,,,,,,,3,,,1,not_enough_blocks,4246,skip,,,,triangle_alpha
,,,,,,,,,,,,,,,,,,,,,3,,,0,not_enough_blocks,4247,skip,,,,triangle_alpha
,,,,,,,,,,,,,,,,,,,,,3,,,1,not_enough_blocks,4248,skip,,,,triangle_alpha
,,,,,,,,,,,,,,,,,,,,,3,,,0,not_enough_blocks,4249,skip,,,,triangle_alpha
,,,,,,,,,,,,,,,,,,,,,3,,,0,not_enough_blocks,4250,skip,,,,triangle_alpha
,,,,,,,,,,,,,,,,,,,,,3,,,0,not_enough_blocks,4251,skip,,,,triangle_alpha
,,,,,,,,,,,,,,,,,,,,,3,,,0,not_enough_blocks,4252,skip,,,,triangle_alpha
,,,,,,,,,,,,,,,,,,,,,3,,,0,not_enough_blocks,4253,skip,,,,triangle_alpha
,,,,,,,,,,,,,,,,,,,,,3,,,0,not_enough_blocks,4254,skip,,,,triangle_alpha
,,,,,,,,,,,,,,,,,,,,,3,,,0,not_enough_blocks,4255,skip,,,,triangle_alpha
,,,,,,,,,,,,,,,,,,,,,3,,,0,not_enough_blocks,4256,skip,,,,triangle_alpha
,,,,,,,,,,,,,,,,,,,,,3,,,0,not_enough_blocks,4257,skip,,,,triangle_alpha
,,,,,,,,,,,,,,,,,,,,,3,,,0,not_enough_blocks,4258,skip,,,,triangle_alpha
,,,,,,,,,,,,,,,,,,,,,3,,,0,not_enough_blocks,4259,skip,,,,triangle_alpha
,,,,,,,,,,,,,,,,,,,,,3,,,0,not_enough_blocks,4260,skip,,,,triangle_alpha
,,,,,,,,,,,,,,,,,,,,,3,,,0,not_enough_blocks,4261,skip,,,,triangle_alpha
,,,,,,,,,,,,,,,,,,,,,3,,,0,not_enough_blocks,4262,skip,,,,triangle_alpha
,,,,,,,,,,,,,,,,,,,,,3,,,0,not_enough_blocks,4263,skip,,,,triangle_alpha
,,,,,,,,,,,,,,,,,,,,,3,,,1,not_enough_blocks,4264,skip,,,,triangle_alpha
,,,,,,,,,,,,,,,,,,,,,3,,,0,not_enough_blocks,4265,skip,,,,triangle_alpha
,,,,,,,,,,,,,,,,,,,,,3,,,0,not_enough_blocks,4266,skip,,,,triangle_alpha
,,,,,,,,,,,,,,,,,,,,,3,,,1,not_enough_blocks,4267,skip,,,,triangle_alpha
,,,,,,,,,,,,,,,,,,,,,3,,,0,not_enough_blocks,4268,skip,,,,triangle_alpha
,,,,,,,,,,,,,,,,,,,,,3,,,0,not_enough_blocks,4269,skip,,,,triangle_alpha
,,,,,,,,,,,,,,,,,,,,,3,,,0,not_enough_blocks,4270,skip,,,,triangle_alpha
,,,,,,,,,,,,,,,,,,,,,3,,,0,not_enough_blocks,4271,skip,,,,triangle_alpha
,,,,,,,,,,,,,,,,,,,,,3,,,0,not_enough_blocks,4272,skip,,,,triangle_alpha
,,,,,,,,,,,,,,,,,,,,,3,,,0,not_enough_blocks,4273,skip,,,,triangle_alpha
,,,,,,,,,,,,,,,,,,,,,3,,,0,not_enough_blocks,4274,skip,,,,triangle_alpha
,,,,,,,,,,,,,,,,,,,,,3,,,0,not_enough_blocks,4275,skip,,,,triangle_alpha
,,,,,,,,,,,,,,,,,,,,,3,,,1,not_enough_blocks,4276,skip,,,,triangle_alpha
,,,,,,,,,,,,,,,,,,,,,3,,,0,not_enough_blocks,4277,skip,,,,triangle_alpha
,,,,,,,,,,,,,,,,,,,,,3,,,0,not_enough_blocks,4278,skip,,,,triangle_alpha
,,,,,,,,,,,,,,,,,,,,,3,,,1,not_enough_blocks,4279,skip,,,,triangle_alpha
,,,,,,,,,,,,,,,,,,,,,3,,,0,not_enough_blocks,4280,skip,,,,triangle_alpha
,,,,,,,,,,,,,,,,,,,,,3,,,1,not_enough_blocks,4281,skip,,,,triangle_alpha
,,,,,,,,,,,,,,,,,,,,,3,,,0,not_enough_blocks,4282,skip,,,,triangle_alpha
,,,,,,,,,,,,,,,,,,,,,3,,,0,not_enough_blocks,4283,skip,,,,triangle_alpha
,,,,,,,,,,,,,,,,,,,,,3,,,0,not_enough_blocks,4284,skip,,,,triangle_alpha
,,,,,,,,,,,,,,,,,,,,,3,,,1,not_enough_blocks,4285,skip,,,,triangle_alpha
,,,,,,,,,,,,,,,,,,,,,3,,,0,not_enough_blocks,4286,skip,,,,triangle_alpha
,,,,,,,,,,,,,,,,,,,,,3,,,0,not_enough_blocks,4287,skip,,,,triangle_alpha
,,,,,,,,,,,,,,,,,,,,,3,,,0,not_enough_blocks,4288,skip,,,,triangle_alpha
,,,,,,,,,,,,,,,,,,,,,3,,,0,not_enough_blocks,4289,skip,,,,triangle_alpha
,,,,,,,,,,,,,,,,,,,,,3,,,0,not_enough_blocks,4290,skip,,,,triangle_alpha
,,,,,,,,,,,,,,,,,,,,,3,,,0,not_enough_blocks,4291,skip,,,,triangle_alpha
,,,,,,,,,,,,,,,,,,,,,3,,,0,not_enough_blocks,4292,skip,,,,triangle_alpha
,,,,,,,,,,,,,,,,,,,,,3,,,0,not_enough_blocks,4293,skip,,,,triangle_alpha
,,,,,,,,,,,,,,,,,,,,,3,,,0,not_enough_blocks,4294,skip,,,,triangle_alpha
,,,,,,,,,,,,,,,,,,,,,3,,,0,not_enough_blocks,4295,skip,,,,triangle_alpha
,,,,,,,,,,,,,,,,,,,,,3,,,0,not_enough_blocks,4296,skip,,,,triangle_alpha
,,,,,,,,,,,,,,,,,,,,,3,,,0,not_enough_blocks,4297,skip,,,,triangle_alpha
,,,,,,,,,,,,,,,,,,,,,3,,,0,not_enough_blocks,4298,skip,,,,triangle_alpha
,,,,,,,,,,,,,,,,,,,,,3,,,0,not_enough_blocks,4299,skip,,,,triangle_alpha
,,,,,,,,,,,,,,,,,,,,,3,,,0,not_enough_blocks,4300,skip,,,,triangle_alpha
,,,,,,,,,,,,,,,,,,,,,3,,,0,not_enough_blocks,4301,skip,,,,triangle_alpha
,,,,,,,,,,,,,,,,,,,,,3,,,0,not_enough_blocks,4302,skip,,,,triangle_alpha
,,,,,,,,,,,,,,,,,,,,,3,,,0,not_enough_blocks,4303,skip,,,,triangle_alpha
,,,,,,,,,,,,,,,,,,,,,3,,,0,not_enough_blocks,4304,skip,,,,triangle_alpha
,,,,,,,,,,,,,,,,,,,,,3,,,1,not_enough_blocks,4305,skip,,,,triangle_alpha
,,,,,,,,,,,,,,,,,,,,,3,,,0,not_enough_blocks,4306,skip,,,,triangle_alpha
,,,,,,,,,,,,,,,,,,,,,3,,,0,not_enough_blocks,4307,skip,,,,triangle_alpha
,,,,,,,,,,,,,,,,,,,,,3,,,0,not_enough_blocks,4308,skip,,,,triangle_alpha
,,,,,,,,,,,,,,,,,,,,,3,,,0,not_enough_blocks,4309,skip,,,,triangle_alpha
,,,,,,,,,,,,,,,,,,,,,3,,,0,not_enough_blocks,4310,skip,,,,triangle_alpha
,,,,,,,,,,,,,,,,,,,,,3,,,0,not_enough_blocks,4311,skip,,,,triangle_alpha
,,,,,,,,,,,,,,,,,,,,,3,,,0,not_enough_blocks,4312,skip,,,,triangle_alpha
,,,,,,,,,,,,,,,,,,,,,3,,,0,not_enough_blocks,4313,skip,,,,triangle_alpha
,,,,,,,,,,,,,,,,,,,,,3,,,1,not_enough_blocks,4314,skip,,,,triangle_alpha
,,,,,,,,,,,,,,,,,,,,,3,,,1,not_enough_blocks,4315,skip,,,,triangle_alpha
,,,,,,,,,,,,,,,,,,,,,3,,,0,not_enough_blocks,4316,skip,,,,triangle_alpha
,,,,,,,,,,,,,,,,,,,,,3,,,0,not_enough_blocks,4317,skip,,,,triangle_alpha
,,,,,,,,,,,,,,,,,,,,,3,,,0,not_enough_blocks,4318,skip,,,,triangle_alpha
,,,,,,,,,,,,,,,,,,,,,3,,,0,not_enough_blocks,4319,skip,,,,triangle_alpha
,,,,,,,,,,,,,,,,,,,,,3,,,0,not_enough_blocks,4320,skip,,,,triangle_alpha
,,,,,,,,,,,,,,,,,,,,,3,,,0,not_enough_blocks,4321,skip,,,,triangle_alpha
,,,,,,,,,,,,,,,,,,,,,3,,,0,not_enough_blocks,4322,skip,,,,triangle_alpha
,,,,,,,,,,,,,,,,,,,,,3,,,0,not_enough_blocks,4323,skip,,,,triangle_alpha
,,,,,,,,,,,,,,,,,,,,,3,,,1,not_enough_blocks,4324,skip,,,,triangle_alpha
,,,,,,,,,,,,,,,,,,,,,3,,,0,not_enough_blocks,4325,skip,,,,triangle_alpha
,,,,,,,,,,,,,,,,,,,,,3,,,0,not_enough_blocks,4326,skip,,,,triangle_alpha
,,,,,,,,,,,,,,,,,,,,,3,,,0,not_enough_blocks,4327,skip,,,,triangle_alpha
,,,,,,,,,,,,,,,,,,,,,3,,,0,not_enough_blocks,4328,skip,,,,triangle_alpha
,,,,,,,,,,,,,,,,,,,,,3,,,0,not_enough_blocks,4329,skip,,,,triangle_alpha
,,,,,,,,,,,,,,,,,,,,,3,,,0,not_enough_blocks,4330,skip,,,,triangle_alpha
,,,,,,,,,,,,,,,,,,,,,3,,,0,not_enough_blocks,4331,skip,,,,triangle_alpha
,,,,,,,,,,,,,,,,,,,,,3,,,1,not_enough_blocks,4332,skip,,,,triangle_alpha
,,,,,,,,,,,,,,,,,,,,,3,,,1,not_enough_blocks,4333,skip,,,,triangle_alpha
,,,,,,,,,,,,,,,,,,,,,3,,,0,not_enough_blocks,4334,skip,,,,triangle_alpha
,,,,,,,,,,,,,,,,,,,,,3,,,0,not_enough_blocks,4335,skip,,,,triangle_alpha
,,,,,,,,,,,,,,,,,,,,,3,,,0,not_enough_blocks,4336,skip,,,,triangle_alpha
,,,,,,,,,,,,,,,,,,,,,3,,,0,not_enough_blocks,4337,skip,,,,triangle_alpha
,,,,,,,,,,,,,,,,,,,,,3,,,0,not_enough_blocks,4338,skip,,,,triangle_alpha
,,,,,,,,,,,,,,,,,,,,,3,,,0,not_enough_blocks,4339,skip,,,,triangle_alpha
,,,,,,,,,,,,,,,,,,,,,3,,,1,not_enough_blocks,4340,skip,,,,triangle_alpha
,,,,,,,,,,,,,,,,,,,,,3,,,1,not_enough_blocks,4341,skip,,,,triangle_alpha
,,,,,,,,,,,,,,,,,,,,,3,,,1,not_enough_blocks,4342,skip,,,,triangle_alpha
,,,,,,,,,,,,,,,,,,,,,3,,,0,not_enough_blocks,4343,skip,,,,triangle_alpha
,,,,,,,,,,,,,,,,,,,,,3,,,0,not_enough_blocks,4344,skip,,,,triangle_alpha
,,,,,,,,,,,,,,,,,,,,,3,,,0,not_enough_blocks,4345,skip,,,,triangle_alpha
,,,,,,,,,,,,,,,,,,,,,3,,,0,not_enough_blocks,4346,skip,,,,triangle_alpha
,,,,,,,,,,,,,,,,,,,,,3,,,0,not_enough_blocks,4347,skip,,,,triangle_alpha
,,,,,,,,,,,,,,,,,,,,,3,,,0,not_enough_blocks,4348,skip,,,,triangle_alpha
,,,,,,,,,,,,,,,,,,,,,3,,,0,not_enough_blocks,4349,skip,,,,triangle_alpha
,,,,,,,,,,,,,,,,,,,,,3,,,0,not_enough_blocks,4350,skip,,,,triangle_alpha
,,,,,,,,,,,,,,,,,,,,,3,,,0,not_enough_blocks,4351,skip,,,,triangle_alpha
,,,,,,,,,,,,,,,,,,,,,3,,,0,not_enough_blocks,4352,skip,,,,triangle_alpha
,,,,,,,,,,,,,,,,,,,,,3,,,0,not_enough_blocks,4353,skip,,,,triangle_alpha
,,,,,,,,,,,,,,,,,,,,,3,,,0,not_enough_blocks,4354,skip,,,,triangle_alpha
,,,,,,,,,,,,,,,,,,,,,3,,,0,not_enough_blocks,4355,skip,,,,triangle_alpha
,,,,,,,,,,,,,,,,,,,,,3,,,0,not_enough_blocks,4356,skip,,,,triangle_alpha
,,,,,,,,,,,,,,,,,,,,,3,,,0,not_enough_blocks,4357,skip,,,,triangle_alpha
,,,,,,,,,,,,,,,,,,,,,3,,,0,not_enough_blocks,4358,skip,,,,triangle_alpha
,,,,,,,,,,,,,,,,,,,,,3,,,0,not_enough_blocks,4359,skip,,,,triangle_alpha
,,,,,,,,,,,,,,,,,,,,,3,,,0,not_enough_blocks,4360,skip,,,,triangle_alpha
,,,,,,,,,,,,,,,,,,,,,3,,,0,not_enough_blocks,4361,skip,,,,triangle_alpha
,,,,,,,,,,,,,,,,,,,,,3,,,1,not_enough_blocks,4362,skip,,,,triangle_alpha
,,,,,,,,,,,,,,,,,,,,,3,,,0,not_enough_blocks,4363,skip,,,,triangle_alpha
,,,,,,,,,,,,,,,,,,,,,3,,,0,not_enough_blocks,4364,skip,,,,triangle_alpha
,,,,,,,,,,,,,,,,,,,,,3,,,0,not_enough_blocks,4365,skip,,,,triangle_alpha
,,,,,,,,,,,,,,,,,,,,,3,,,0,not_enough_blocks,4366,skip,,,,triangle_alpha
,,,,,,,,,,,,,,,,,,,,,3,,,0,not_enough_blocks,4367,skip,,,,triangle_alpha
,,,,,,,,,,,,,,,,,,,,,3,,,0,not_enough_blocks,4368,skip,,,,triangle_alpha
,,,,,,,,,,,,,,,,,,,,,3,,,0,not_enough_blocks,4369,skip,,,,triangle_alpha
,,,,,,,,,,,,,,,,,,,,,3,,,0,not_enough_blocks,4370,skip,,,,triangle_alpha
,,,,,,,,,,,,,,,,,,,,,3,,,0,not_enough_blocks,4371,skip,,,,triangle_alpha
,,,,,,,,,,,,,,,,,,,,,3,,,0,not_enough_blocks,4372,skip,,,,triangle_alpha
,,,,,,,,,,,,,,,,,,,,,3,,,0,not_enough_blocks,4373,skip,,,,triangle_alpha
,,,,,,,,,,,,,,,,,,,,,3,,,0,not_enough_blocks,4374,skip,,,,triangle_alpha
,,,,,,,,,,,,,,,,,,,,,3,,,2,not_enough_blocks,4375,skip,,,,triangle_alpha
,,,,,,,,,,,,,,,,,,,,,3,,,0,not_enough_blocks,4376,skip,,,,triangle_alpha
,,,,,,,,,,,,,,,,,,,,,3,,,0,not_enough_blocks,4377,skip,,,,triangle_alpha
,,,,,,,,,,,,,,,,,,,,,3,,,0,not_enough_blocks,4378,skip,,,,triangle_alpha
,,,,,,,,,,,,,,,,,,,,,3,,,0,not_enough_blocks,4379,skip,,,,triangle_alpha
,,,,,,,,,,,,,,,,,,,,,3,,,0,not_enough_blocks,4380,skip,,,,triangle_alpha
,,,,,,,,,,,,,,,,,,,,,3,,,1,not_enough_blocks,4381,skip,,,,triangle_alpha
,,,,,,,,,,,,,,,,,,,,,3,,,0,not_enough_blocks,4382,skip,,,,triangle_alpha
,,,,,,,,,,,,,,,,,,,,,3,,,0,not_enough_blocks,4383,skip,,,,triangle_alpha
,,,,,,,,,,,,,,,,,,,,,3,,,0,not_enough_blocks,4384,skip,,,,triangle_alpha
,,,,,,,,,,,,,,,,,,,,,3,,,0,not_enough_blocks,4385,skip,,,,triangle_alpha
,,,,,,,,,,,,,,,,,,,,,3,,,0,not_enough_blocks,4386,skip,,,,triangle_alpha
,,,,,,,,,,,,,,,,,,,,,3,,,0,not_enough_blocks,4387,skip,,,,triangle_alpha
,,,,,,,,,,,,,,,,,,,,,3,,,0,not_enough_blocks,4388,skip,,,,triangle_alpha
,,,,,,,,,,,,,,,,,,,,,3,,,0,not_enough_blocks,4389,skip,,,,triangle_alpha
,,,,,,,,,,,,,,,,,,,,,3,,,0,not_enough_blocks,4390,skip,,,,triangle_alpha
,,,,,,,,,,,,,,,,,,,,,3,,,1,not_enough_blocks,4391,skip,,,,triangle_alpha
,,,,,,,,,,,,,,,,,,,,,3,,,0,not_enough_blocks,4392,skip,,,,triangle_alpha
,,,,,,,,,,,,,,,,,,,,,3,,,0,not_enough_blocks,4393,skip,,,,triangle_alpha
,,,,,,,,,,,,,,,,,,,,,3,,,0,not_enough_blocks,4394,skip,,,,triangle_alpha
,,,,,,,,,,,,,,,,,,,,,3,,,0,not_enough_blocks,4395,skip,,,,triangle_alpha
,,,,,,,,,,,,,,,,,,,,,3,,,1,not_enough_blocks,4396,skip,,,,triangle_alpha
,,,,,,,,,,,,,,,,,,,,,3,,,0,not_enough_blocks,4397,skip,,,,triangle_alpha
,,,,,,,,,,,,,,,,,,,,,3,,,1,not_enough_blocks,4398,skip,,,,triangle_alpha
,,,,,,,,,,,,,,,,,,,,,3,,,0,not_enough_blocks,4399,skip,,,,triangle_alpha
,,,,,,,,,,,,,,,,,,,,,3,,,0,not_enough_blocks,4400,skip,,,,triangle_alpha
,,,,,,,,,,,,,,,,,,,,,3,,,0,not_enough_blocks,4401,skip,,,,triangle_alpha
,,,,,,,,,,,,,,,,,,,,,3,,,0,not_enough_blocks,4402,skip,,,,triangle_alpha
,,,,,,,,,,,,,,,,,,,,,3,,,0,not_enough_blocks,4403,skip,,,,triangle_alpha
,,,,,,,,,,,,,,,,,,,,,3,,,0,not_enough_blocks,4404,skip,,,,triangle_alpha
,,,,,,,,,,,,,,,,,,,,,3,,,0,not_enough_blocks,4405,skip,,,,triangle_alpha
,,,,,,,,,,,,,,,,,,,,,3,,,0,not_enough_blocks,4406,skip,,,,triangle_alpha
,,,,,,,,,,,,,,,,,,,,,3,,,0,not_enough_blocks,4407,skip,,,,triangle_alpha
,,,,,,,,,,,,,,,,,,,,,3,,,0,not_enough_blocks,4408,skip,,,,triangle_alpha
,,,,,,,,,,,,,,,,,,,,,3,,,0,not_enough_blocks,4409,skip,,,,triangle_alpha
,,,,,,,,,,,,,,,,,,,,,3,,,1,not_enough_blocks,4410,skip,,,,triangle_alpha
,,,,,,,,,,,,,,,,,,,,,3,,,0,not_enough_blocks,4411,skip,,,,triangle_alpha
,,,,,,,,,,,,,,,,,,,,,3,,,0,not_enough_blocks,4412,skip,,,,triangle_alpha
,,,,,,,,,,,,,,,,,,,,,3,,,0,not_enough_blocks,4413,skip,,,,triangle_alpha
,,,,,,,,,,,,,,,,,,,,,3,,,0,not_enough_blocks,4414,skip,,,,triangle_alpha
,,,,,,,,,,,,,,,,,,,,,3,,,0,not_enough_blocks,4415,skip,,,,triangle_alpha
,,,,,,,,,,,,,,,,,,,,,3,,,0,not_enough_blocks,4416,skip,,,,triangle_alpha
,,,,,,,,,,,,,,,,,,,,,3,,,0,not_enough_blocks,4417,skip,,,,triangle_alpha
,,,,,,,,,,,,,,,,,,,,,3,,,0,not_enough_blocks,4418,skip,,,,triangle_alpha
,,,,,,,,,,,,,,,,,,,,,3,,,0,not_enough_blocks,4419,skip,,,,triangle_alpha
,,,,,,,,,,,,,,,,,,,,,3,,,0,not_enough_blocks,4420,skip,,,,triangle_alpha
,,,,,,,,,,,,,,,,,,,,,3,,,0,not_enough_blocks,4421,skip,,,,triangle_alpha
,,,,,,,,,,,,,,,,,,,,,3,,,0,not_enough_blocks,4422,skip,,,,triangle_alpha
,,,,,,,,,,,,,,,,,,,,,3,,,0,not_enough_blocks,4423,skip,,,,triangle_alpha
,,,,,,,,,,,,,,,,,,,,,3,,,0,not_enough_blocks,4424,skip,,,,triangle_alpha
,,,,,,,,,,,,,,,,,,,,,3,,,0,not_enough_blocks,4425,skip,,,,triangle_alpha
,,,,,,,,,,,,,,,,,,,,,3,,,0,not_enough_blocks,4426,skip,,,,triangle_alpha
,,,,,,,,,,,,,,,,,,,,,3,,,0,not_enough_blocks,4427,skip,,,,triangle_alpha
,,,,,,,,,,,,,,,,,,,,,3,,,0,not_enough_blocks,4428,skip,,,,triangle_alpha
,,,,,,,,,,,,,,,,,,,,,3,,,1,not_enough_blocks,4429,skip,,,,triangle_alpha
,,,,,,,,,,,,,,,,,,,,,3,,,0,not_enough_blocks,4430,skip,,,,triangle_alpha
,,,,,,,,,,,,,,,,,,,,,3,,,1,not_enough_blocks,4431,skip,,,,triangle_alpha
,,,,,,,,,,,,,,,,,,,,,3,,,0,not_enough_blocks,4432,skip,,,,triangle_alpha
,,,,,,,,,,,,,,,,,,,,,3,,,0,not_enough_blocks,4433,skip,,,,triangle_alpha
,,,,,,,,,,,,,,,,,,,,,3,,,0,not_enough_blocks,4434,skip,,,,triangle_alpha
,,,,,,,,,,,,,,,,,,,,,3,,,0,not_enough_blocks,4435,skip,,,,triangle_alpha
,,,,,,,,,,,,,,,,,,,,,3,,,0,not_enough_blocks,4436,skip,,,,triangle_alpha
,,,,,,,,,,,,,,,,,,,,,3,,,0,not_enough_blocks,4437,skip,,,,triangle_alpha
,,,,,,,,,,,,,,,,,,,,,3,,,0,not_enough_blocks,4438,skip,,,,triangle_alpha
,,,,,,,,,,,,,,,,,,,,,3,,,0,not_enough_blocks,4439,skip,,,,triangle_alpha
,,,,,,,,,,,,,,,,,,,,,3,,,0,not_enough_blocks,4440,skip,,,,triangle_alpha
,,,,,,,,,,,,,,,,,,,,,3,,,0,not_enough_blocks,4441,skip,,,,triangle_alpha
,,,,,,,,,,,,,,,,,,,,,3,,,0,not_enough_blocks,4442,skip,,,,triangle_alpha
,,,,,,,,,,,,,,,,,,,,,3,,,0,not_enough_blocks,4443,skip,,,,triangle_alpha
,,,,,,,,,,,,,,,,,,,,,3,,,0,not_enough_blocks,4444,skip,,,,triangle_alpha
,,,,,,,,,,,,,,,,,,,,,3,,,1,not_enough_blocks,4445,skip,,,,triangle_alpha
,,,,,,,,,,,,,,,,,,,,,3,,,0,not_enough_blocks,4446,skip,,,,triangle_alpha
,,,,,,,,,,,,,,,,,,,,,3,,,0,not_enough_blocks,4447,skip,,,,triangle_alpha
,,,,,,,,,,,,,,,,,,,,,3,,,1,not_enough_blocks,4448,skip,,,,triangle_alpha
,,,,,,,,,,,,,,,,,,,,,3,,,0,not_enough_blocks,4449,skip,,,,triangle_alpha
,,,,,,,,,,,,,,,,,,,,,3,,,0,not_enough_blocks,4450,skip,,,,triangle_alpha
,,,,,,,,,,,,,,,,,,,,,3,,,0,not_enough_blocks,4451,skip,,,,triangle_alpha
,,,,,,,,,,,,,,,,,,,,,3,,,0,not_enough_blocks,4452,skip,,,,triangle_alpha
,,,,,,,,,,,,,,,,,,,,,3,,,0,not_enough_blocks,4453,skip,,,,triangle_alpha
,,,,,,,,,,,,,,,,,,,,,3,,,0,not_enough_blocks,4454,skip,,,,triangle_alpha
,,,,,,,,,,,,,,,,,,,,,3,,,0,not_enough_blocks,4455,skip,,,,triangle_alpha
,,,,,,,,,,,,,,,,,,,,,3,,,1,not_enough_blocks,4456,skip,,,,triangle_alpha
,,,,,,,,,,,,,,,,,,,,,3,,,0,not_enough_blocks,4457,skip,,,,triangle_alpha
,,,,,,,,,,,,,,,,,,,,,3,,,0,not_enough_blocks,4458,skip,,,,triangle_alpha
,,,,,,,,,,,,,,,,,,,,,3,,,0,not_enough_blocks,4459,skip,,,,triangle_alpha
,,,,,,,,,,,,,,,,,,,,,3,,,1,not_enough_blocks,4460,skip,,,,triangle_alpha
,,,,,,,,,,,,,,,,,,,,,3,,,0,not_enough_blocks,4461,skip,,,,triangle_alpha
,,,,,,,,,,,,,,,,,,,,,3,,,0,not_enough_blocks,4462,skip,,,,triangle_alpha
,,,,,,,,,,,,,,,,,,,,,3,,,0,not_enough_blocks,4463,skip,,,,triangle_alpha
,,,,,,,,,,,,,,,,,,,,,3,,,0,not_enough_blocks,4464,skip,,,,triangle_alpha
,,,,,,,,,,,,,,,,,,,,,3,,,0,not_enough_blocks,4465,skip,,,,triangle_alpha
,,,,,,,,,,,,,,,,,,,,,3,,,1,not_enough_blocks,4466,skip,,,,triangle_alpha
,,,,,,,,,,,,,,,,,,,,,3,,,0,not_enough_blocks,4467,skip,,,,triangle_alpha
,,,,,,,,,,,,,,,,,,,,,3,,,0,not_enough_blocks,4468,skip,,,,triangle_alpha
,,,,,,,,,,,,,,,,,,,,,3,,,0,not_enough_blocks,4469,skip,,,,triangle_alpha
,,,,,,,,,,,,,,,,,,,,,3,,,0,not_enough_blocks,4470,skip,,,,triangle_alpha
,,,,,,,,,,,,,,,,,,,,,3,,,0,not_enough_blocks,4471,skip,,,,triangle_alpha
,,,,,,,,,,,,,,,,,,,,,3,,,0,not_enough_blocks,4472,skip,,,,triangle_alpha
,,,,,,,,,,,,,,,,,,,,,3,,,0,not_enough_blocks,4473,skip,,,,triangle_alpha
,,,,,,,,,,,,,,,,,,,,,3,,,0,not_enough_blocks,4474,skip,,,,triangle_alpha
,,,,,,,,,,,,,,,,,,,,,3,,,1,not_enough_blocks,4475,skip,,,,triangle_alpha
,,,,,,,,,,,,,,,,,,,,,3,,,0,not_enough_blocks,4476,skip,,,,triangle_alpha
,,,,,,,,,,,,,,,,,,,,,3,,,1,not_enough_blocks,4477,skip,,,,triangle_alpha
,,,,,,,,,,,,,,,,,,,,,3,,,0,not_enough_blocks,4478,skip,,,,triangle_alpha
,,,,,,,,,,,,,,,,,,,,,3,,,0,not_enough_blocks,4479,skip,,,,triangle_alpha
,,,,,,,,,,,,,,,,,,,,,3,,,0,not_enough_blocks,4480,skip,,,,triangle_alpha
,,,,,,,,,,,,,,,,,,,,,3,,,0,not_enough_blocks,4481,skip,,,,triangle_alpha
,,,,,,,,,,,,,,,,,,,,,3,,,0,not_enough_blocks,4482,skip,,,,triangle_alpha
,,,,,,,,,,,,,,,,,,,,,3,,,0,not_enough_blocks,4483,skip,,,,triangle_alpha
,,,,,,,,,,,,,,,,,,,,,3,,,0,not_enough_blocks,4484,skip,,,,triangle_alpha
,,,,,,,,,,,,,,,,,,,,,3,,,0,not_enough_blocks,4485,skip,,,,triangle_alpha
,,,,,,,,,,,,,,,,,,,,,3,,,0,not_enough_blocks,4486,skip,,,,triangle_alpha
,,,,,,,,,,,,,,,,,,,,,3,,,0,not_enough_blocks,4487,skip,,,,triangle_alpha
,,,,,,,,,,,,,,,,,,,,,3,,,0,not_enough_blocks,4488,skip,,,,triangle_alpha
,,,,,,,,,,,,,,,,,,,,,3,,,0,not_enough_blocks,4489,skip,,,,triangle_alpha
,,,,,,,,,,,,,,,,,,,,,3,,,0,not_enough_blocks,4490,skip,,,,triangle_alpha
,,,,,,,,,,,,,,,,,,,,,3,,,1,not_enough_blocks,4491,skip,,,,triangle_alpha
,,,,,,,,,,,,,,,,,,,,,3,,,0,not_enough_blocks,4492,skip,,,,triangle_alpha
,,,,,,,,,,,,,,,,,,,,,3,,,0,not_enough_blocks,4493,skip,,,,triangle_alpha
,,,,,,,,,,,,,,,,,,,,,3,,,0,not_enough_blocks,4494,skip,,,,triangle_alpha
,,,,,,,,,,,,,,,,,,,,,3,,,0,not_enough_blocks,4495,skip,,,,triangle_alpha
,,,,,,,,,,,,,,,,,,,,,3,,,0,not_enough_blocks,4496,skip,,,,triangle_alpha
,,,,,,,,,,,,,,,,,,,,,3,,,1,not_enough_blocks,4497,skip,,,,triangle_alpha
,,,,,,,,,,,,,,,,,,,,,3,,,0,not_enough_blocks,4498,skip,,,,triangle_alpha
,,,,,,,,,,,,,,,,,,,,,3,,,0,not_enough_blocks,4499,skip,,,,triangle_alpha
,,,,,,,,,,,,,,,,,,,,,3,,,1,not_enough_blocks,4500,skip,,,,triangle_alpha
,,,,,,,,,,,,,,,,,,,,,3,,,0,not_enough_blocks,4501,skip,,,,triangle_alpha
,,,,,,,,,,,,,,,,,,,,,3,,,0,not_enough_blocks,4502,skip,,,,triangle_alpha
,,,,,,,,,,,,,,,,,,,,,3,,,1,not_enough_blocks,4503,skip,,,,triangle_alpha
,,,,,,,,,,,,,,,,,,,,,3,,,0,not_enough_blocks,4504,skip,,,,triangle_alpha
,,,,,,,,,,,,,,,,,,,,,3,,,0,not_enough_blocks,4505,skip,,,,triangle_alpha
,,,,,,,,,,,,,,,,,,,,,3,,,0,not_enough_blocks,4506,skip,,,,triangle_alpha
,,,,,,,,,,,,,,,,,,,,,3,,,0,not_enough_blocks,4507,skip,,,,triangle_alpha
,,,,,,,,,,,,,,,,,,,,,3,,,0,not_enough_blocks,4508,skip,,,,triangle_alpha
,,,,,,,,,,,,,,,,,,,,,3,,,1,not_enough_blocks,4509,skip,,,,triangle_alpha
,,,,,,,,,,,,,,,,,,,,,3,,,0,not_enough_blocks,4510,skip,,,,triangle_alpha
,,,,,,,,,,,,,,,,,,,,,3,,,0,not_enough_blocks,4511,skip,,,,triangle_alpha
,,,,,,,,,,,,,,,,,,,,,3,,,0,not_enough_blocks,4512,skip,,,,triangle_alpha
,,,,,,,,,,,,,,,,,,,,,3,,,0,not_enough_blocks,4513,skip,,,,triangle_alpha
,,,,,,,,,,,,,,,,,,,,,3,,,0,not_enough_blocks,4514,skip,,,,triangle_alpha
,,,,,,,,,,,,,,,,,,,,,3,,,0,not_enough_blocks,4515,skip,,,,triangle_alpha
,,,,,,,,,,,,,,,,,,,,,3,,,1,not_enough_blocks,4516,skip,,,,triangle_alpha
,,,,,,,,,,,,,,,,,,,,,3,,,0,not_enough_blocks,4517,skip,,,,triangle_alpha
,,,,,,,,,,,,,,,,,,,,,3,,,1,not_enough_blocks,4518,skip,,,,triangle_alpha
,,,,,,,,,,,,,,,,,,,,,3,,,0,not_enough_blocks,4519,skip,,,,triangle_alpha
,,,,,,,,,,,,,,,,,,,,,3,,,0,not_enough_blocks,4520,skip,,,,triangle_alpha
,,,,,,,,,,,,,,,,,,,,,3,,,0,not_enough_blocks,4521,skip,,,,triangle_alpha
,,,,,,,,,,,,,,,,,,,,,3,,,0,not_enough_blocks,4522,skip,,,,triangle_alpha
,,,,,,,,,,,,,,,,,,,,,3,,,0,not_enough_blocks,4523,skip,,,,triangle_alpha
,,,,,,,,,,,,,,,,,,,,,3,,,0,not_enough_blocks,4524,skip,,,,triangle_alpha
,,,,,,,,,,,,,,,,,,,,,3,,,0,not_enough_blocks,4525,skip,,,,triangle_alpha
,,,,,,,,,,,,,,,,,,,,,3,,,0,not_enough_blocks,4526,skip,,,,triangle_alpha
,,,,,,,,,,,,,,,,,,,,,3,,,0,not_enough_blocks,4527,skip,,,,triangle_alpha
,,,,,,,,,,,,,,,,,,,,,3,,,0,not_enough_blocks,4528,skip,,,,triangle_alpha
,,,,,,,,,,,,,,,,,,,,,3,,,1,not_enough_blocks,4529,skip,,,,triangle_alpha
,,,,,,,,,,,,,,,,,,,,,3,,,0,not_enough_blocks,4530,skip,,,,triangle_alpha
,,,,,,,,,,,,,,,,,,,,,3,,,1,not_enough_blocks,4531,skip,,,,triangle_alpha
,,,,,,,,,,,,,,,,,,,,,3,,,0,not_enough_blocks,4532,skip,,,,triangle_alpha
,,,,,,,,,,,,,,,,,,,,,3,,,0,not_enough_blocks,4533,skip,,,,triangle_alpha
,,,,,,,,,,,,,,,,,,,,,3,,,0,not_enough_blocks,4534,skip,,,,triangle_alpha
,,,,,,,,,,,,,,,,,,,,,3,,,1,not_enough_blocks,4535,skip,,,,triangle_alpha
,,,,,,,,,,,,,,,,,,,,,3,,,2,not_enough_blocks,4536,skip,,,,triangle_alpha
,,,,,,,,,,,,,,,,,,,,,3,,,1,not_enough_blocks,4537,skip,,,,triangle_alpha
,,,,,,,,,,,,,,,,,,,,,3,,,0,not_enough_blocks,4538,skip,,,,triangle_alpha
,,,,,,,,,,,,,,,,,,,,,3,,,0,not_enough_blocks,4539,skip,,,,triangle_alpha
,,,,,,,,,,,,,,,,,,,,,3,,,0,not_enough_blocks,4540,skip,,,,triangle_alpha
,,,,,,,,,,,,,,,,,,,,,3,,,0,not_enough_blocks,4541,skip,,,,triangle_alpha
,,,,,,,,,,,,,,,,,,,,,3,,,0,not_enough_blocks,4542,skip,,,,triangle_alpha
,,,,,,,,,,,,,,,,,,,,,3,,,0,not_enough_blocks,4543,skip,,,,triangle_alpha
,,,,,,,,,,,,,,,,,,,,,3,,,0,not_enough_blocks,4544,skip,,,,triangle_alpha
,,,,,,,,,,,,,,,,,,,,,3,,,0,not_enough_blocks,4545,skip,,,,triangle_alpha
,,,,,,,,,,,,,,,,,,,,,3,,,0,not_enough_blocks,4546,skip,,,,triangle_alpha
,,,,,,,,,,,,,,,,,,,,,3,,,1,not_enough_blocks,4547,skip,,,,triangle_alpha
,,,,,,,,,,,,,,,,,,,,,3,,,0,not_enough_blocks,4548,skip,,,,triangle_alpha
,,,,,,,,,,,,,,,,,,,,,3,,,0,not_enough_blocks,4549,skip,,,,triangle_alpha
,,,,,,,,,,,,,,,,,,,,,3,,,0,not_enough_blocks,4550,skip,,,,triangle_alpha
,,,,,,,,,,,,,,,,,,,,,3,,,0,not_enough_blocks,4551,skip,,,,triangle_alpha
,,,,,,,,,,,,,,,,,,,,,3,,,0,not_enough_blocks,4552,skip,,,,triangle_alpha
,,,,,,,,,,,,,,,,,,,,,3,,,0,not_enough_blocks,4553,skip,,,,triangle_alpha
,,,,,,,,,,,,,,,,,,,,,3,,,0,not_enough_blocks,4554,skip,,,,triangle_alpha
,,,,,,,,,,,,,,,,,,,,,3,,,0,not_enough_blocks,4555,skip,,,,triangle_alpha
,,,,,,,,,,,,,,,,,,,,,3,,,0,not_enough_blocks,4556,skip,,,,triangle_alpha
,,,,,,,,,,,,,,,,,,,,,3,,,1,not_enough_blocks,4557,skip,,,,triangle_alpha
,,,,,,,,,,,,,,,,,,,,,3,,,1,not_enough_blocks,4558,skip,,,,triangle_alpha
,,,,,,,,,,,,,,,,,,,,,3,,,0,not_enough_blocks,4559,skip,,,,triangle_alpha
,,,,,,,,,,,,,,,,,,,,,3,,,0,not_enough_blocks,4560,skip,,,,triangle_alpha
,,,,,,,,,,,,,,,,,,,,,3,,,2,not_enough_blocks,4561,skip,,,,triangle_alpha
,,,,,,,,,,,,,,,,,,,,,3,,,1,not_enough_blocks,4562,skip,,,,triangle_alpha
,,,,,,,,,,,,,,,,,,,,,3,,,0,not_enough_blocks,4563,skip,,,,triangle_alpha
,,,,,,,,,,,,,,,,,,,,,3,,,0,not_enough_blocks,4564,skip,,,,triangle_alpha
,,,,,,,,,,,,,,,,,,,,,3,,,0,not_enough_blocks,4565,skip,,,,triangle_alpha
,,,,,,,,,,,,,,,,,,,,,3,,,0,not_enough_blocks,4566,skip,,,,triangle_alpha
,,,,,,,,,,,,,,,,,,,,,3,,,0,not_enough_blocks,4567,skip,,,,triangle_alpha
,,,,,,,,,,,,,,,,,,,,,3,,,0,not_enough_blocks,4568,skip,,,,triangle_alpha
,,,,,,,,,,,,,,,,,,,,,3,,,0,not_enough_blocks,4569,skip,,,,triangle_alpha
,,,,,,,,,,,,,,,,,,,,,3,,,0,not_enough_blocks,4570,skip,,,,triangle_alpha
,,,,,,,,,,,,,,,,,,,,,3,,,0,not_enough_blocks,4571,skip,,,,triangle_alpha
,,,,,,,,,,,,,,,,,,,,,3,,,0,not_enough_blocks,4572,skip,,,,triangle_alpha
,,,,,,,,,,,,,,,,,,,,,3,,,0,not_enough_blocks,4573,skip,,,,triangle_alpha
,,,,,,,,,,,,,,,,,,,,,3,,,0,not_enough_blocks,4574,skip,,,,triangle_alpha
,,,,,,,,,,,,,,,,,,,,,3,,,1,not_enough_blocks,4575,skip,,,,triangle_alpha
,,,,,,,,,,,,,,,,,,,,,3,,,0,not_enough_blocks,4576,skip,,,,triangle_alpha
,,,,,,,,,,,,,,,,,,,,,3,,,0,not_enough_blocks,4577,skip,,,,triangle_alpha
,,,,,,,,,,,,,,,,,,,,,3,,,0,not_enough_blocks,4578,skip,,,,triangle_alpha
,,,,,,,,,,,,,,,,,,,,,3,,,0,not_enough_blocks,4579,skip,,,,triangle_alpha
,,,,,,,,,,,,,,,,,,,,,3,,,1,not_enough_blocks,4580,skip,,,,triangle_alpha
,,,,,,,,,,,,,,,,,,,,,3,,,0,not_enough_blocks,4581,skip,,,,triangle_alpha
,,,,,,,,,,,,,,,,,,,,,3,,,0,not_enough_blocks,4582,skip,,,,triangle_alpha
,,,,,,,,,,,,,,,,,,,,,3,,,0,not_enough_blocks,4583,skip,,,,triangle_alpha
,,,,,,,,,,,,,,,,,,,,,3,,,0,not_enough_blocks,4584,skip,,,,triangle_alpha
,,,,,,,,,,,,,,,,,,,,,3,,,1,not_enough_blocks,4585,skip,,,,triangle_alpha
,,,,,,,,,,,,,,,,,,,,,3,,,1,not_enough_blocks,4586,skip,,,,triangle_alpha
,,,,,,,,,,,,,,,,,,,,,3,,,0,not_enough_blocks,4587,skip,,,,triangle_alpha
,,,,,,,,,,,,,,,,,,,,,3,,,0,not_enough_blocks,4588,skip,,,,triangle_alpha
,,,,,,,,,,,,,,,,,,,,,3,,,0,not_enough_blocks,4589,skip,,,,triangle_alpha
,,,,,,,,,,,,,,,,,,,,,3,,,0,not_enough_blocks,4590,skip,,,,triangle_alpha
,,,,,,,,,,,,,,,,,,,,,3,,,0,not_enough_blocks,4591,skip,,,,triangle_alpha
,,,,,,,,,,,,,,,,,,,,,3,,,0,not_enough_blocks,4592,skip,,,,triangle_alpha
,,,,,,,,,,,,,,,,,,,,,3,,,0,not_enough_blocks,4593,skip,,,,triangle_alpha
,,,,,,,,,,,,,,,,,,,,,3,,,0,not_enough_blocks,4594,skip,,,,triangle_alpha
,,,,,,,,,,,,,,,,,,,,,3,,,0,not_enough_blocks,4595,skip,,,,triangle_alpha
,,,,,,,,,,,,,,,,,,,,,3,,,0,not_enough_blocks,4596,skip,,,,triangle_alpha
,,,,,,,,,,,,,,,,,,,,,3,,,0,not_enough_blocks,4597,skip,,,,triangle_alpha
,,,,,,,,,,,,,,,,,,,,,3,,,0,not_enough_blocks,4598,skip,,,,triangle_alpha
,,,,,,,,,,,,,,,,,,,,,3,,,0,not_enough_blocks,4599,skip,,,,triangle_alpha
,,,,,,,,,,,,,,,,,,,,,3,,,0,not_enough_blocks,4600,skip,,,,triangle_alpha
,,,,,,,,,,,,,,,,,,,,,3,,,0,not_enough_blocks,4601,skip,,,,triangle_alpha
,,,,,,,,,,,,,,,,,,,,,3,,,0,not_enough_blocks,4602,skip,,,,triangle_alpha
,,,,,,,,,,,,,,,,,,,,,3,,,1,not_enough_blocks,4603,skip,,,,triangle_alpha
,,,,,,,,,,,,,,,,,,,,,3,,,1,not_enough_blocks,4604,skip,,,,triangle_alpha
,,,,,,,,,,,,,,,,,,,,,3,,,0,not_enough_blocks,4605,skip,,,,triangle_alpha
,,,,,,,,,,,,,,,,,,,,,3,,,0,not_enough_blocks,4606,skip,,,,triangle_alpha
,,,,,,,,,,,,,,,,,,,,,3,,,1,not_enough_blocks,4607,skip,,,,triangle_alpha
,,,,,,,,,,,,,,,,,,,,,3,,,0,not_enough_blocks,4608,skip,,,,triangle_alpha
,,,,,,,,,,,,,,,,,,,,,3,,,0,not_enough_blocks,4609,skip,,,,triangle_alpha
,,,,,,,,,,,,,,,,,,,,,3,,,1,not_enough_blocks,4610,skip,,,,triangle_alpha
,,,,,,,,,,,,,,,,,,,,,3,,,0,not_enough_blocks,4611,skip,,,,triangle_alpha
,,,,,,,,,,,,,,,,,,,,,3,,,0,not_enough_blocks,4612,skip,,,,triangle_alpha
,,,,,,,,,,,,,,,,,,,,,3,,,0,not_enough_blocks,4613,skip,,,,triangle_alpha
,,,,,,,,,,,,,,,,,,,,,3,,,0,not_enough_blocks,4614,skip,,,,triangle_alpha
,,,,,,,,,,,,,,,,,,,,,3,,,0,not_enough_blocks,4615,skip,,,,triangle_alpha
,,,,,,,,,,,,,,,,,,,,,3,,,0,not_enough_blocks,4616,skip,,,,triangle_alpha
,,,,,,,,,,,,,,,,,,,,,3,,,0,not_enough_blocks,4617,skip,,,,triangle_alpha
,,,,,,,,,,,,,,,,,,,,,3,,,0,not_enough_blocks,4618,skip,,,,triangle_alpha
,,,,,,,,,,,,,,,,,,,,,3,,,1,not_enough_blocks,4619,skip,,,,triangle_alpha
,,,,,,,,,,,,,,,,,,,,,3,,,1,not_enough_blocks,4620,skip,,,,triangle_alpha
,,,,,,,,,,,,,,,,,,,,,3,,,0,not_enough_blocks,4621,skip,,,,triangle_alpha
,,,,,,,,,,,,,,,,,,,,,3,,,0,not_enough_blocks,4622,skip,,,,triangle_alpha
,,,,,,,,,,,,,,,,,,,,,3,,,1,not_enough_blocks,4623,skip,,,,triangle_alpha
,,,,,,,,,,,,,,,,,,,,,3,,,0,not_enough_blocks,4624,skip,,,,triangle_alpha
,,,,,,,,,,,,,,,,,,,,,3,,,2,not_enough_blocks,4625,skip,,,,triangle_alpha
,,,,,,,,,,,,,,,,,,,,,3,,,0,not_enough_blocks,4626,skip,,,,triangle_alpha
,,,,,,,,,,,,,,,,,,,,,3,,,0,not_enough_blocks,4627,skip,,,,triangle_alpha
,,,,,,,,,,,,,,,,,,,,,3,,,0,not_enough_blocks,4628,skip,,,,triangle_alpha
,,,,,,,,,,,,,,,,,,,,,3,,,0,not_enough_blocks,4629,skip,,,,triangle_alpha
,,,,,,,,,,,,,,,,,,,,,3,,,0,not_enough_blocks,4630,skip,,,,triangle_alpha
,,,,,,,,,,,,,,,,,,,,,3,,,0,not_enough_blocks,4631,skip,,,,triangle_alpha
,,,,,,,,,,,,,,,,,,,,,3,,,1,not_enough_blocks,4632,skip,,,,triangle_alpha
,,,,,,,,,,,,,,,,,,,,,3,,,0,not_enough_blocks,4633,skip,,,,triangle_alpha
,,,,,,,,,,,,,,,,,,,,,3,,,0,not_enough_blocks,4634,skip,,,,triangle_alpha
,,,,,,,,,,,,,,,,,,,,,3,,,0,not_enough_blocks,4635,skip,,,,triangle_alpha
,,,,,,,,,,,,,,,,,,,,,3,,,0,not_enough_blocks,4636,skip,,,,triangle_alpha
,,,,,,,,,,,,,,,,,,,,,3,,,0,not_enough_blocks,4637,skip,,,,triangle_alpha
,,,,,,,,,,,,,,,,,,,,,3,,,1,not_enough_blocks,4638,skip,,,,triangle_alpha
,,,,,,,,,,,,,,,,,,,,,3,,,0,not_enough_blocks,4639,skip,,,,triangle_alpha
,,,,,,,,,,,,,,,,,,,,,3,,,0,not_enough_blocks,4640,skip,,,,triangle_alpha
,,,,,,,,,,,,,,,,,,,,,3,,,0,not_enough_blocks,4641,skip,,,,triangle_alpha
,,,,,,,,,,,,,,,,,,,,,3,,,0,not_enough_blocks,4642,skip,,,,triangle_alpha
,,,,,,,,,,,,,,,,,,,,,3,,,0,not_enough_blocks,4643,skip,,,,triangle_alpha
,,,,,,,,,,,,,,,,,,,,,3,,,0,not_enough_blocks,4644,skip,,,,triangle_alpha
,,,,,,,,,,,,,,,,,,,,,3,,,1,not_enough_blocks,4645,skip,,,,triangle_alpha
,,,,,,,,,,,,,,,,,,,,,3,,,2,not_enough_blocks,4646,skip,,,,triangle_alpha
,,,,,,,,,,,,,,,,,,,,,3,,,0,not_enough_blocks,4647,skip,,,,triangle_alpha
,,,,,,,,,,,,,,,,,,,,,3,,,0,not_enough_blocks,4648,skip,,,,triangle_alpha
,,,,,,,,,,,,,,,,,,,,,3,,,0,not_enough_blocks,4649,skip,,,,triangle_alpha
,,,,,,,,,,,,,,,,,,,,,3,,,0,not_enough_blocks,4650,skip,,,,triangle_alpha
,,,,,,,,,,,,,,,,,,,,,3,,,1,not_enough_blocks,4651,skip,,,,triangle_alpha
,,,,,,,,,,,,,,,,,,,,,3,,,1,not_enough_blocks,4652,skip,,,,triangle_alpha
,,,,,,,,,,,,,,,,,,,,,3,,,0,not_enough_blocks,4653,skip,,,,triangle_alpha
,,,,,,,,,,,,,,,,,,,,,3,,,1,not_enough_blocks,4654,skip,,,,triangle_alpha
,,,,,,,,,,,,,,,,,,,,,3,,,0,not_enough_blocks,4655,skip,,,,triangle_alpha
,,,,,,,,,,,,,,,,,,,,,3,,,0,not_enough_blocks,4656,skip,,,,triangle_alpha
,,,,,,,,,,,,,,,,,,,,,3,,,0,not_enough_blocks,4657,skip,,,,triangle_alpha
,,,,,,,,,,,,,,,,,,,,,3,,,1,not_enough_blocks,4658,skip,,,,triangle_alpha
,,,,,,,,,,,,,,,,,,,,,3,,,0,not_enough_blocks,4659,skip,,,,triangle_alpha
,,,,,,,,,,,,,,,,,,,,,3,,,0,not_enough_blocks,4660,skip,,,,triangle_alpha
,,,,,,,,,,,,,,,,,,,,,3,,,1,not_enough_blocks,4661,skip,,,,triangle_alpha
,,,,,,,,,,,,,,,,,,,,,3,,,0,not_enough_blocks,4662,skip,,,,triangle_alpha
,,,,,,,,,,,,,,,,,,,,,3,,,0,not_enough_blocks,4663,skip,,,,triangle_alpha
,,,,,,,,,,,,,,,,,,,,,3,,,2,not_enough_blocks,4664,skip,,,,triangle_alpha
,,,,,,,,,,,,,,,,,,,,,3,,,1,not_enough_blocks,4665,skip,,,,triangle_alpha
,,,,,,,,,,,,,,,,,,,,,3,,,0,not_enough_blocks,4666,skip,,,,triangle_alpha
,,,,,,,,,,,,,,,,,,,,,3,,,0,not_enough_blocks,4667,skip,,,,triangle_alpha
,,,,,,,,,,,,,,,,,,,,,3,,,0,not_enough_blocks,4668,skip,,,,triangle_alpha
,,,,,,,,,,,,,,,,,,,,,3,,,0,not_enough_blocks,4669,skip,,,,triangle_alpha
,,,,,,,,,,,,,,,,,,,,,3,,,0,not_enough_blocks,4670,skip,,,,triangle_alpha
,,,,,,,,,,,,,,,,,,,,,3,,,0,not_enough_blocks,4671,skip,,,,triangle_alpha
,,,,,,,,,,,,,,,,,,,,,3,,,0,not_enough_blocks,4672,skip,,,,triangle_alpha
,,,,,,,,,,,,,,,,,,,,,3,,,1,not_enough_blocks,4673,skip,,,,triangle_alpha
,,,,,,,,,,,,,,,,,,,,,3,,,1,not_enough_blocks,4674,skip,,,,triangle_alpha
,,,,,,,,,,,,,,,,,,,,,3,,,1,not_enough_blocks,4675,skip,,,,triangle_alpha
,,,,,,,,,,,,,,,,,,,,,3,,,0,not_enough_blocks,4676,skip,,,,triangle_alpha
,,,,,,,,,,,,,,,,,,,,,3,,,0,not_enough_blocks,4677,skip,,,,triangle_alpha
,,,,,,,,,,,,,,,,,,,,,3,,,0,not_enough_blocks,4678,skip,,,,triangle_alpha
,,,,,,,,,,,,,,,,,,,,,3,,,1,not_enough_blocks,4679,skip,,,,triangle_alpha
,,,,,,,,,,,,,,,,,,,,,3,,,0,not_enough_blocks,4680,skip,,,,triangle_alpha
,,,,,,,,,,,,,,,,,,,,,3,,,0,not_enough_blocks,4681,skip,,,,triangle_alpha
,,,,,,,,,,,,,,,,,,,,,3,,,0,not_enough_blocks,4682,skip,,,,triangle_alpha
,,,,,,,,,,,,,,,,,,,,,3,,,0,not_enough_blocks,4683,skip,,,,triangle_alpha
,,,,,,,,,,,,,,,,,,,,,3,,,0,not_enough_blocks,4684,skip,,,,triangle_alpha
,,,,,,,,,,,,,,,,,,,,,3,,,0,not_enough_blocks,4685,skip,,,,triangle_alpha
,,,,,,,,,,,,,,,,,,,,,3,,,0,not_enough_blocks,4686,skip,,,,triangle_alpha
,,,,,,,,,,,,,,,,,,,,,3,,,0,not_enough_blocks,4687,skip,,,,triangle_alpha
,,,,,,,,,,,,,,,,,,,,,3,,,0,not_enough_blocks,4688,skip,,,,triangle_alpha
,,,,,,,,,,,,,,,,,,,,,3,,,0,not_enough_blocks,4689,skip,,,,triangle_alpha
,,,,,,,,,,,,,,,,,,,,,3,,,0,not_enough_blocks,4690,skip,,,,triangle_alpha
,,,,,,,,,,,,,,,,,,,,,3,,,0,not_enough_blocks,4691,skip,,,,triangle_alpha
,,,,,,,,,,,,,,,,,,,,,3,,,0,not_enough_blocks,4692,skip,,,,triangle_alpha
,,,,,,,,,,,,,,,,,,,,,3,,,0,not_enough_blocks,4693,skip,,,,triangle_alpha
,,,,,,,,,,,,,,,,,,,,,3,,,0,not_enough_blocks,4694,skip,,,,triangle_alpha
,,,,,,,,,,,,,,,,,,,,,3,,,0,not_enough_blocks,4695,skip,,,,triangle_alpha
,,,,,,,,,,,,,,,,,,,,,3,,,0,not_enough_blocks,4696,skip,,,,triangle_alpha
,,,,,,,,,,,,,,,,,,,,,3,,,0,not_enough_blocks,4697,skip,,,,triangle_alpha
,,,,,,,,,,,,,,,,,,,,,3,,,0,not_enough_blocks,4698,skip,,,,triangle_alpha
,,,,,,,,,,,,,,,,,,,,,3,,,0,not_enough_blocks,4699,skip,,,,triangle_alpha
,,,,,,,,,,,,,,,,,,,,,3,,,0,not_enough_blocks,4700,skip,,,,triangle_alpha
,,,,,,,,,,,,,,,,,,,,,3,,,0,not_enough_blocks,4701,skip,,,,triangle_alpha
,,,,,,,,,,,,,,,,,,,,,3,,,0,not_enough_blocks,4702,skip,,,,triangle_alpha
,,,,,,,,,,,,,,,,,,,,,3,,,0,not_enough_blocks,4703,skip,,,,triangle_alpha
,,,,,,,,,,,,,,,,,,,,,3,,,1,not_enough_blocks,4704,skip,,,,triangle_alpha
,,,,,,,,,,,,,,,,,,,,,3,,,0,not_enough_blocks,4705,skip,,,,triangle_alpha
,,,,,,,,,,,,,,,,,,,,,3,,,0,not_enough_blocks,4706,skip,,,,triangle_alpha
,,,,,,,,,,,,,,,,,,,,,3,,,0,not_enough_blocks,4707,skip,,,,triangle_alpha
,,,,,,,,,,,,,,,,,,,,,3,,,0,not_enough_blocks,4708,skip,,,,triangle_alpha
,,,,,,,,,,,,,,,,,,,,,3,,,0,not_enough_blocks,4709,skip,,,,triangle_alpha
,,,,,,,,,,,,,,,,,,,,,3,,,0,not_enough_blocks,4710,skip,,,,triangle_alpha
,,,,,,,,,,,,,,,,,,,,,3,,,0,not_enough_blocks,4711,skip,,,,triangle_alpha
,,,,,,,,,,,,,,,,,,,,,3,,,1,not_enough_blocks,4712,skip,,,,triangle_alpha
,,,,,,,,,,,,,,,,,,,,,3,,,0,not_enough_blocks,4713,skip,,,,triangle_alpha
,,,,,,,,,,,,,,,,,,,,,3,,,0,not_enough_blocks,4714,skip,,,,triangle_alpha
,,,,,,,,,,,,,,,,,,,,,3,,,0,not_enough_blocks,4715,skip,,,,triangle_alpha
,,,,,,,,,,,,,,,,,,,,,3,,,0,not_enough_blocks,4716,skip,,,,triangle_alpha
,,,,,,,,,,,,,,,,,,,,,3,,,0,not_enough_blocks,4717,skip,,,,triangle_alpha
,,,,,,,,,,,,,,,,,,,,,3,,,0,not_enough_blocks,4718,skip,,,,triangle_alpha
,,,,,,,,,,,,,,,,,,,,,3,,,0,not_enough_blocks,4719,skip,,,,triangle_alpha
,,,,,,,,,,,,,,,,,,,,,3,,,0,not_enough_blocks,4720,skip,,,,triangle_alpha
,,,,,,,,,,,,,,,,,,,,,3,,,0,not_enough_blocks,4721,skip,,,,triangle_alpha
,,,,,,,,,,,,,,,,,,,,,3,,,0,not_enough_blocks,4722,skip,,,,triangle_alpha
,,,,,,,,,,,,,,,,,,,,,3,,,1,not_enough_blocks,4723,skip,,,,triangle_alpha
,,,,,,,,,,,,,,,,,,,,,3,,,0,not_enough_blocks,4724,skip,,,,triangle_alpha
,,,,,,,,,,,,,,,,,,,,,3,,,1,not_enough_blocks,4725,skip,,,,triangle_alpha
,,,,,,,,,,,,,,,,,,,,,3,,,0,not_enough_blocks,4726,skip,,,,triangle_alpha
,,,,,,,,,,,,,,,,,,,,,3,,,0,not_enough_blocks,4727,skip,,,,triangle_alpha
,,,,,,,,,,,,,,,,,,,,,3,,,0,not_enough_blocks,4728,skip,,,,triangle_alpha
,,,,,,,,,,,,,,,,,,,,,3,,,0,not_enough_blocks,4729,skip,,,,triangle_alpha
,,,,,,,,,,,,,,,,,,,,,3,,,0,not_enough_blocks,4730,skip,,,,triangle_alpha
,,,,,,,,,,,,,,,,,,,,,3,,,1,not_enough_blocks,4731,skip,,,,triangle_alpha
,,,,,,,,,,,,,,,,,,,,,3,,,0,not_enough_blocks,4732,skip,,,,triangle_alpha
,,,,,,,,,,,,,,,,,,,,,3,,,1,not_enough_blocks,4733,skip,,,,triangle_alpha
,,,,,,,,,,,,,,,,,,,,,3,,,0,not_enough_blocks,4734,skip,,,,triangle_alpha
,,,,,,,,,,,,,,,,,,,,,3,,,0,not_enough_blocks,4735,skip,,,,triangle_alpha
,,,,,,,,,,,,,,,,,,,,,3,,,0,not_enough_blocks,4736,skip,,,,triangle_alpha
,,,,,,,,,,,,,,,,,,,,,3,,,0,not_enough_blocks,4737,skip,,,,triangle_alpha
,,,,,,,,,,,,,,,,,,,,,3,,,0,not_enough_blocks,4738,skip,,,,triangle_alpha
,,,,,,,,,,,,,,,,,,,,,3,,,0,not_enough_blocks,4739,skip,,,,triangle_alpha
,,,,,,,,,,,,,,,,,,,,,3,,,0,not_enough_blocks,4740,skip,,,,triangle_alpha
,,,,,,,,,,,,,,,,,,,,,3,,,0,not_enough_blocks,4741,skip,,,,triangle_alpha
,,,,,,,,,,,,,,,,,,,,,3,,,0,not_enough_blocks,4742,skip,,,,triangle_alpha
,,,,,,,,,,,,,,,,,,,,,3,,,1,not_enough_blocks,4743,skip,,,,triangle_alpha
,,,,,,,,,,,,,,,,,,,,,3,,,0,not_enough_blocks,4744,skip,,,,triangle_alpha
,,,,,,,,,,,,,,,,,,,,,3,,,0,not_enough_blocks,4745,skip,,,,triangle_alpha
,,,,,,,,,,,,,,,,,,,,,3,,,0,not_enough_blocks,4746,skip,,,,triangle_alpha
,,,,,,,,,,,,,,,,,,,,,3,,,0,not_enough_blocks,4747,skip,,,,triangle_alpha
,,,,,,,,,,,,,,,,,,,,,3,,,0,not_enough_blocks,4748,skip,,,,triangle_alpha
,,,,,,,,,,,,,,,,,,,,,3,,,0,not_enough_blocks,4749,skip,,,,triangle_alpha
,,,,,,,,,,,,,,,,,,,,,3,,,0,not_enough_blocks,4750,skip,,,,triangle_alpha
,,,,,,,,,,,,,,,,,,,,,3,,,0,not_enough_blocks,4751,skip,,,,triangle_alpha
,,,,,,,,,,,,,,,,,,,,,3,,,0,not_enough_blocks,4752,skip,,,,triangle_alpha
,,,,,,,,,,,,,,,,,,,,,3,,,0,not_enough_blocks,4753,skip,,,,triangle_alpha
,,,,,,,,,,,,,,,,,,,,,3,,,0,not_enough_blocks,4754,skip,,,,triangle_alpha
,,,,,,,,,,,,,,,,,,,,,3,,,0,not_enough_blocks,4755,skip,,,,triangle_alpha
,,,,,,,,,,,,,,,,,,,,,3,,,0,not_enough_blocks,4756,skip,,,,triangle_alpha
,,,,,,,,,,,,,,,,,,,,,3,,,1,not_enough_blocks,4757,skip,,,,triangle_alpha
,,,,,,,,,,,,,,,,,,,,,3,,,0,not_enough_blocks,4758,skip,,,,triangle_alpha
,,,,,,,,,,,,,,,,,,,,,3,,,0,not_enough_blocks,4759,skip,,,,triangle_alpha
,,,,,,,,,,,,,,,,,,,,,3,,,0,not_enough_blocks,4760,skip,,,,triangle_alpha
,,,,,,,,,,,,,,,,,,,,,3,,,1,not_enough_blocks,4761,skip,,,,triangle_alpha
,,,,,,,,,,,,,,,,,,,,,3,,,0,not_enough_blocks,4762,skip,,,,triangle_alpha
,,,,,,,,,,,,,,,,,,,,,3,,,0,not_enough_blocks,4763,skip,,,,triangle_alpha
,,,,,,,,,,,,,,,,,,,,,3,,,1,not_enough_blocks,4764,skip,,,,triangle_alpha
,,,,,,,,,,,,,,,,,,,,,3,,,0,not_enough_blocks,4765,skip,,,,triangle_alpha
,,,,,,,,,,,,,,,,,,,,,3,,,0,not_enough_blocks,4766,skip,,,,triangle_alpha
,,,,,,,,,,,,,,,,,,,,,3,,,0,not_enough_blocks,4767,skip,,,,triangle_alpha
,,,,,,,,,,,,,,,,,,,,,3,,,0,not_enough_blocks,4768,skip,,,,triangle_alpha
,,,,,,,,,,,,,,,,,,,,,3,,,0,not_enough_blocks,4769,skip,,,,triangle_alpha
,,,,,,,,,,,,,,,,,,,,,3,,,0,not_enough_blocks,4770,skip,,,,triangle_alpha
,,,,,,,,,,,,,,,,,,,,,3,,,0,not_enough_blocks,4771,skip,,,,triangle_alpha
,,,,,,,,,,,,,,,,,,,,,3,,,0,not_enough_blocks,4772,skip,,,,triangle_alpha
,,,,,,,,,,,,,,,,,,,,,3,,,0,not_enough_blocks,4773,skip,,,,triangle_alpha
,,,,,,,,,,,,,,,,,,,,,3,,,0,not_enough_blocks,4774,skip,,,,triangle_alpha
,,,,,,,,,,,,,,,,,,,,,3,,,0,not_enough_blocks,4775,skip,,,,triangle_alpha
,,,,,,,,,,,,,,,,,,,,,3,,,0,not_enough_blocks,4776,skip,,,,triangle_alpha
,,,,,,,,,,,,,,,,,,,,,3,,,0,not_enough_blocks,4777,skip,,,,triangle_alpha
,,,,,,,,,,,,,,,,,,,,,3,,,0,not_enough_blocks,4778,skip,,,,triangle_alpha
,,,,,,,,,,,,,,,,,,,,,3,,,0,not_enough_blocks,4779,skip,,,,triangle_alpha
,,,,,,,,,,,,,,,,,,,,,3,,,0,not_enough_blocks,4780,skip,,,,triangle_alpha
,,,,,,,,,,,,,,,,,,,,,3,,,1,not_enough_blocks,4781,skip,,,,triangle_alpha
,,,,,,,,,,,,,,,,,,,,,3,,,1,not_enough_blocks,4782,skip,,,,triangle_alpha
,,,,,,,,,,,,,,,,,,,,,3,,,0,not_enough_blocks,4783,skip,,,,triangle_alpha
,,,,,,,,,,,,,,,,,,,,,3,,,1,not_enough_blocks,4784,skip,,,,triangle_alpha
,,,,,,,,,,,,,,,,,,,,,3,,,0,not_enough_blocks,4785,skip,,,,triangle_alpha
,,,,,,,,,,,,,,,,,,,,,3,,,0,not_enough_blocks,4786,skip,,,,triangle_alpha
,,,,,,,,,,,,,,,,,,,,,3,,,0,not_enough_blocks,4787,skip,,,,triangle_alpha
,,,,,,,,,,,,,,,,,,,,,3,,,0,not_enough_blocks,4788,skip,,,,triangle_alpha
,,,,,,,,,,,,,,,,,,,,,3,,,0,not_enough_blocks,4789,skip,,,,triangle_alpha
,,,,,,,,,,,,,,,,,,,,,3,,,0,not_enough_blocks,4790,skip,,,,triangle_alpha
,,,,,,,,,,,,,,,,,,,,,3,,,0,not_enough_blocks,4791,skip,,,,triangle_alpha
,,,,,,,,,,,,,,,,,,,,,3,,,0,not_enough_blocks,4792,skip,,,,triangle_alpha
,,,,,,,,,,,,,,,,,,,,,3,,,0,not_enough_blocks,4793,skip,,,,triangle_alpha
,,,,,,,,,,,,,,,,,,,,,3,,,1,not_enough_blocks,4794,skip,,,,triangle_alpha
,,,,,,,,,,,,,,,,,,,,,3,,,0,not_enough_blocks,4795,skip,,,,triangle_alpha
,,,,,,,,,,,,,,,,,,,,,3,,,0,not_enough_blocks,4796,skip,,,,triangle_alpha
,,,,,,,,,,,,,,,,,,,,,3,,,0,not_enough_blocks,4797,skip,,,,triangle_alpha
,,,,,,,,,,,,,,,,,,,,,3,,,0,not_enough_blocks,4798,skip,,,,triangle_alpha
,,,,,,,,,,,,,,,,,,,,,3,,,0,not_enough_blocks,4799,skip,,,,triangle_alpha
,,,,,,,,,,,,,,,,,,,,,3,,,0,not_enough_blocks,4800,skip,,,,triangle_alpha
,,,,,,,,,,,,,,,,,,,,,3,,,0,not_enough_blocks,4801,skip,,,,triangle_alpha
,,,,,,,,,,,,,,,,,,,,,3,,,1,not_enough_blocks,4802,skip,,,,triangle_alpha
,,,,,,,,,,,,,,,,,,,,,3,,,0,not_enough_blocks,4803,skip,,,,triangle_alpha
,,,,,,,,,,,,,,,,,,,,,3,,,0,not_enough_blocks,4804,skip,,,,triangle_alpha
,,,,,,,,,,,,,,,,,,,,,3,,,1,not_enough_blocks,4805,skip,,,,triangle_alpha
,,,,,,,,,,,,,,,,,,,,,3,,,0,not_enough_blocks,4806,skip,,,,triangle_alpha
,,,,,,,,,,,,,,,,,,,,,3,,,1,not_enough_blocks,4807,skip,,,,triangle_alpha
,,,,,,,,,,,,,,,,,,,,,3,,,0,not_enough_blocks,4808,skip,,,,triangle_alpha
,,,,,,,,,,,,,,,,,,,,,3,,,0,not_enough_blocks,4809,skip,,,,triangle_alpha
,,,,,,,,,,,,,,,,,,,,,3,,,0,not_enough_blocks,4810,skip,,,,triangle_alpha
,,,,,,,,,,,,,,,,,,,,,3,,,0,not_enough_blocks,4811,skip,,,,triangle_alpha
,,,,,,,,,,,,,,,,,,,,,3,,,0,not_enough_blocks,4812,skip,,,,triangle_alpha
,,,,,,,,,,,,,,,,,,,,,3,,,0,not_enough_blocks,4813,skip,,,,triangle_alpha
,,,,,,,,,,,,,,,,,,,,,3,,,1,not_enough_blocks,4814,skip,,,,triangle_alpha
,,,,,,,,,,,,,,,,,,,,,3,,,0,not_enough_blocks,4815,skip,,,,triangle_alpha
,,,,,,,,,,,,,,,,,,,,,3,,,0,not_enough_blocks,4816,skip,,,,triangle_alpha
,,,,,,,,,,,,,,,,,,,,,3,,,0,not_enough_blocks,4817,skip,,,,triangle_alpha
,,,,,,,,,,,,,,,,,,,,,3,,,1,not_enough_blocks,4818,skip,,,,triangle_alpha
,,,,,,,,,,,,,,,,,,,,,3,,,0,not_enough_blocks,4819,skip,,,,triangle_alpha
,,,,,,,,,,,,,,,,,,,,,3,,,0,not_enough_blocks,4820,skip,,,,triangle_alpha
,,,,,,,,,,,,,,,,,,,,,3,,,0,not_enough_blocks,4821,skip,,,,triangle_alpha
,,,,,,,,,,,,,,,,,,,,,3,,,1,not_enough_blocks,4822,skip,,,,triangle_alpha
,,,,,,,,,,,,,,,,,,,,,3,,,0,not_enough_blocks,4823,skip,,,,triangle_alpha
,,,,,,,,,,,,,,,,,,,,,3,,,1,not_enough_blocks,4824,skip,,,,triangle_alpha
,,,,,,,,,,,,,,,,,,,,,3,,,0,not_enough_blocks,4825,skip,,,,triangle_alpha
,,,,,,,,,,,,,,,,,,,,,3,,,0,not_enough_blocks,4826,skip,,,,triangle_alpha
,,,,,,,,,,,,,,,,,,,,,3,,,0,not_enough_blocks,4827,skip,,,,triangle_alpha
,,,,,,,,,,,,,,,,,,,,,3,,,0,not_enough_blocks,4828,skip,,,,triangle_alpha
,,,,,,,,,,,,,,,,,,,,,3,,,0,not_enough_blocks,4829,skip,,,,triangle_alpha
,,,,,,,,,,,,,,,,,,,,,3,,,0,not_enough_blocks,4830,skip,,,,triangle_alpha
,,,,,,,,,,,,,,,,,,,,,3,,,0,not_enough_blocks,4831,skip,,,,triangle_alpha
,,,,,,,,,,,,,,,,,,,,,3,,,0,not_enough_blocks,4832,skip,,,,triangle_alpha
,,,,,,,,,,,,,,,,,,,,,3,,,1,not_enough_blocks,4833,skip,,,,triangle_alpha
,,,,,,,,,,,,,,,,,,,,,3,,,0,not_enough_blocks,4834,skip,,,,triangle_alpha
,,,,,,,,,,,,,,,,,,,,,3,,,0,not_enough_blocks,4835,skip,,,,triangle_alpha
,,,,,,,,,,,,,,,,,,,,,3,,,0,not_enough_blocks,4836,skip,,,,triangle_alpha
,,,,,,,,,,,,,,,,,,,,,3,,,0,not_enough_blocks,4837,skip,,,,triangle_alpha
,,,,,,,,,,,,,,,,,,,,,3,,,1,not_enough_blocks,4838,skip,,,,triangle_alpha
,,,,,,,,,,,,,,,,,,,,,3,,,2,not_enough_blocks,4839,skip,,,,triangle_alpha
,,,,,,,,,,,,,,,,,,,,,3,,,0,not_enough_blocks,4840,skip,,,,triangle_alpha
,,,,,,,,,,,,,,,,,,,,,3,,,0,not_enough_blocks,4841,skip,,,,triangle_alpha
,,,,,,,,,,,,,,,,,,,,,3,,,0,not_enough_blocks,4842,skip,,,,triangle_alpha
,,,,,,,,,,,,,,,,,,,,,3,,,0,not_enough_blocks,4843,skip,,,,triangle_alpha
,,,,,,,,,,,,,,,,,,,,,3,,,0,not_enough_blocks,4844,skip,,,,triangle_alpha
,,,,,,,,,,,,,,,,,,,,,3,,,0,not_enough_blocks,4845,skip,,,,triangle_alpha
,,,,,,,,,,,,,,,,,,,,,3,,,0,not_enough_blocks,4846,skip,,,,triangle_alpha
,,,,,,,,,,,,,,,,,,,,,3,,,0,not_enough_blocks,4847,skip,,,,triangle_alpha
,,,,,,,,,,,,,,,,,,,,,3,,,0,not_enough_blocks,4848,skip,,,,triangle_alpha
,,,,,,,,,,,,,,,,,,,,,3,,,0,not_enough_blocks,4849,skip,,,,triangle_alpha
,,,,,,,,,,,,,,,,,,,,,3,,,0,not_enough_blocks,4850,skip,,,,triangle_alpha
,,,,,,,,,,,,,,,,,,,,,3,,,1,not_enough_blocks,4851,skip,,,,triangle_alpha
,,,,,,,,,,,,,,,,,,,,,3,,,0,not_enough_blocks,4852,skip,,,,triangle_alpha
,,,,,,,,,,,,,,,,,,,,,3,,,0,not_enough_blocks,4853,skip,,,,triangle_alpha
,,,,,,,,,,,,,,,,,,,,,3,,,0,not_enough_blocks,4854,skip,,,,triangle_alpha
,,,,,,,,,,,,,,,,,,,,,3,,,0,not_enough_blocks,4855,skip,,,,triangle_alpha
,,,,,,,,,,,,,,,,,,,,,3,,,0,not_enough_blocks,4856,skip,,,,triangle_alpha
,,,,,,,,,,,,,,,,,,,,,3,,,0,not_enough_blocks,4857,skip,,,,triangle_alpha
,,,,,,,,,,,,,,,,,,,,,3,,,0,not_enough_blocks,4858,skip,,,,triangle_alpha
,,,,,,,,,,,,,,,,,,,,,3,,,0,not_enough_blocks,4859,skip,,,,triangle_alpha
,,,,,,,,,,,,,,,,,,,,,3,,,0,not_enough_blocks,4860,skip,,,,triangle_alpha
,,,,,,,,,,,,,,,,,,,,,3,,,0,not_enough_blocks,4861,skip,,,,triangle_alpha
,,,,,,,,,,,,,,,,,,,,,3,,,0,not_enough_blocks,4862,skip,,,,triangle_alpha
,,,,,,,,,,,,,,,,,,,,,3,,,1,not_enough_blocks,4863,skip,,,,triangle_alpha
,,,,,,,,,,,,,,,,,,,,,3,,,0,not_enough_blocks,4864,skip,,,,triangle_alpha
,,,,,,,,,,,,,,,,,,,,,3,,,0,not_enough_blocks,4865,skip,,,,triangle_alpha
,,,,,,,,,,,,,,,,,,,,,3,,,0,not_enough_blocks,4866,skip,,,,triangle_alpha
,,,,,,,,,,,,,,,,,,,,,3,,,0,not_enough_blocks,4867,skip,,,,triangle_alpha
,,,,,,,,,,,,,,,,,,,,,3,,,0,not_enough_blocks,4868,skip,,,,triangle_alpha
,,,,,,,,,,,,,,,,,,,,,3,,,0,not_enough_blocks,4869,skip,,,,triangle_alpha
,,,,,,,,,,,,,,,,,,,,,3,,,0,not_enough_blocks,4870,skip,,,,triangle_alpha
,,,,,,,,,,,,,,,,,,,,,3,,,0,not_enough_blocks,4871,skip,,,,triangle_alpha
,,,,,,,,,,,,,,,,,,,,,3,,,1,not_enough_blocks,4872,skip,,,,triangle_alpha
,,,,,,,,,,,,,,,,,,,,,3,,,0,not_enough_blocks,4873,skip,,,,triangle_alpha
,,,,,,,,,,,,,,,,,,,,,3,,,0,not_enough_blocks,4874,skip,,,,triangle_alpha
,,,,,,,,,,,,,,,,,,,,,3,,,0,not_enough_blocks,4875,skip,,,,triangle_alpha
,,,,,,,,,,,,,,,,,,,,,3,,,0,not_enough_blocks,4876,skip,,,,triangle_alpha
,,,,,,,,,,,,,,,,,,,,,3,,,0,not_enough_blocks,4877,skip,,,,triangle_alpha
,,,,,,,,,,,,,,,,,,,,,3,,,0,not_enough_blocks,4878,skip,,,,triangle_alpha
,,,,,,,,,,,,,,,,,,,,,3,,,0,not_enough_blocks,4879,skip,,,,triangle_alpha
,,,,,,,,,,,,,,,,,,,,,3,,,0,not_enough_blocks,4880,skip,,,,triangle_alpha
,,,,,,,,,,,,,,,,,,,,,3,,,0,not_enough_blocks,4881,skip,,,,triangle_alpha
,,,,,,,,,,,,,,,,,,,,,3,,,0,not_enough_blocks,4882,skip,,,,triangle_alpha
,,,,,,,,,,,,,,,,,,,,,3,,,0,not_enough_blocks,4883,skip,,,,triangle_alpha
,,,,,,,,,,,,,,,,,,,,,3,,,0,not_enough_blocks,4884,skip,,,,triangle_alpha
,,,,,,,,,,,,,,,,,,,,,3,,,0,not_enough_blocks,4885,skip,,,,triangle_alpha
,,,,,,,,,,,,,,,,,,,,,3,,,0,not_enough_blocks,4886,skip,,,,triangle_alpha
,,,,,,,,,,,,,,,,,,,,,3,,,0,not_enough_blocks,4887,skip,,,,triangle_alpha
,,,,,,,,,,,,,,,,,,,,,3,,,0,not_enough_blocks,4888,skip,,,,triangle_alpha
,,,,,,,,,,,,,,,,,,,,,3,,,0,not_enough_blocks,4889,skip,,,,triangle_alpha
,,,,,,,,,,,,,,,,,,,,,3,,,0,not_enough_blocks,4890,skip,,,,triangle_alpha
,,,,,,,,,,,,,,,,,,,,,3,,,0,not_enough_blocks,4891,skip,,,,triangle_alpha
,,,,,,,,,,,,,,,,,,,,,3,,,0,not_enough_blocks,4892,skip,,,,triangle_alpha
,,,,,,,,,,,,,,,,,,,,,3,,,1,not_enough_blocks,4893,skip,,,,triangle_alpha
,,,,,,,,,,,,,,,,,,,,,3,,,0,not_enough_blocks,4894,skip,,,,triangle_alpha
,,,,,,,,,,,,,,,,,,,,,3,,,0,not_enough_blocks,4895,skip,,,,triangle_alpha
,,,,,,,,,,,,,,,,,,,,,3,,,0,not_enough_blocks,4896,skip,,,,triangle_alpha
,,,,,,,,,,,,,,,,,,,,,3,,,0,not_enough_blocks,4897,skip,,,,triangle_alpha
,,,,,,,,,,,,,,,,,,,,,3,,,0,not_enough_blocks,4898,skip,,,,triangle_alpha
,,,,,,,,,,,,,,,,,,,,,3,,,0,not_enough_blocks,4899,skip,,,,triangle_alpha
,,,,,,,,,,,,,,,,,,,,,3,,,0,not_enough_blocks,4900,skip,,,,triangle_alpha
,,,,,,,,,,,,,,,,,,,,,3,,,0,not_enough_blocks,4901,skip,,,,triangle_alpha
,,,,,,,,,,,,,,,,,,,,,3,,,0,not_enough_blocks,4902,skip,,,,triangle_alpha
,,,,,,,,,,,,,,,,,,,,,3,,,0,not_enough_blocks,4903,skip,,,,triangle_alpha
,,,,,,,,,,,,,,,,,,,,,3,,,0,not_enough_blocks,4904,skip,,,,triangle_alpha
,,,,,,,,,,,,,,,,,,,,,3,,,0,not_enough_blocks,4905,skip,,,,triangle_alpha
,,,,,,,,,,,,,,,,,,,,,3,,,0,not_enough_blocks,4906,skip,,,,triangle_alpha
,,,,,,,,,,,,,,,,,,,,,3,,,0,not_enough_blocks,4907,skip,,,,triangle_alpha
,,,,,,,,,,,,,,,,,,,,,3,,,0,not_enough_blocks,4908,skip,,,,triangle_alpha
,,,,,,,,,,,,,,,,,,,,,3,,,0,not_enough_blocks,4909,skip,,,,triangle_alpha
,,,,,,,,,,,,,,,,,,,,,3,,,1,not_enough_blocks,4910,skip,,,,triangle_alpha
,,,,,,,,,,,,,,,,,,,,,3,,,0,not_enough_blocks,4911,skip,,,,triangle_alpha
,,,,,,,,,,,,,,,,,,,,,3,,,0,not_enough_blocks,4912,skip,,,,triangle_alpha
,,,,,,,,,,,,,,,,,,,,,3,,,0,not_enough_blocks,4913,skip,,,,triangle_alpha
,,,,,,,,,,,,,,,,,,,,,3,,,0,not_enough_blocks,4914,skip,,,,triangle_alpha
,,,,,,,,,,,,,,,,,,,,,3,,,1,not_enough_blocks,4915,skip,,,,triangle_alpha
,,,,,,,,,,,,,,,,,,,,,3,,,0,not_enough_blocks,4916,skip,,,,triangle_alpha
,,,,,,,,,,,,,,,,,,,,,3,,,1,not_enough_blocks,4917,skip,,,,triangle_alpha
,,,,,,,,,,,,,,,,,,,,,3,,,0,not_enough_blocks,4918,skip,,,,triangle_alpha
,,,,,,,,,,,,,,,,,,,,,3,,,0,not_enough_blocks,4919,skip,,,,triangle_alpha
,,,,,,,,,,,,,,,,,,,,,3,,,0,not_enough_blocks,4920,skip,,,,triangle_alpha
,,,,,,,,,,,,,,,,,,,,,3,,,0,not_enough_blocks,4921,skip,,,,triangle_alpha
,,,,,,,,,,,,,,,,,,,,,3,,,0,not_enough_blocks,4922,skip,,,,triangle_alpha
,,,,,,,,,,,,,,,,,,,,,3,,,0,not_enough_blocks,4923,skip,,,,triangle_alpha
,,,,,,,,,,,,,,,,,,,,,3,,,0,not_enough_blocks,4924,skip,,,,triangle_alpha
,,,,,,,,,,,,,,,,,,,,,3,,,1,not_enough_blocks,4925,skip,,,,triangle_alpha
,,,,,,,,,,,,,,,,,,,,,3,,,0,not_enough_blocks,4926,skip,,,,triangle_alpha
,,,,,,,,,,,,,,,,,,,,,3,,,0,not_enough_blocks,4927,skip,,,,triangle_alpha
,,,,,,,,,,,,,,,,,,,,,3,,,1,not_enough_blocks,4928,skip,,,,triangle_alpha
,,,,,,,,,,,,,,,,,,,,,3,,,0,not_enough_blocks,4929,skip,,,,triangle_alpha
,,,,,,,,,,,,,,,,,,,,,3,,,1,not_enough_blocks,4930,skip,,,,triangle_alpha
,,,,,,,,,,,,,,,,,,,,,3,,,0,not_enough_blocks,4931,skip,,,,triangle_alpha
,,,,,,,,,,,,,,,,,,,,,3,,,0,not_enough_blocks,4932,skip,,,,triangle_alpha
,,,,,,,,,,,,,,,,,,,,,3,,,0,not_enough_blocks,4933,skip,,,,triangle_alpha
,,,,,,,,,,,,,,,,,,,,,3,,,0,not_enough_blocks,4934,skip,,,,triangle_alpha
,,,,,,,,,,,,,,,,,,,,,3,,,0,not_enough_blocks,4935,skip,,,,triangle_alpha
,,,,,,,,,,,,,,,,,,,,,3,,,0,not_enough_blocks,4936,skip,,,,triangle_alpha
,,,,,,,,,,,,,,,,,,,,,3,,,0,not_enough_blocks,4937,skip,,,,triangle_alpha
,,,,,,,,,,,,,,,,,,,,,3,,,0,not_enough_blocks,4938,skip,,,,triangle_alpha
,,,,,,,,,,,,,,,,,,,,,3,,,0,not_enough_blocks,4939,skip,,,,triangle_alpha
,,,,,,,,,,,,,,,,,,,,,3,,,0,not_enough_blocks,4940,skip,,,,triangle_alpha
,,,,,,,,,,,,,,,,,,,,,3,,,0,not_enough_blocks,4941,skip,,,,triangle_alpha
,,,,,,,,,,,,,,,,,,,,,3,,,0,not_enough_blocks,4942,skip,,,,triangle_alpha
,,,,,,,,,,,,,,,,,,,,,3,,,0,not_enough_blocks,4943,skip,,,,triangle_alpha
,,,,,,,,,,,,,,,,,,,,,3,,,0,not_enough_blocks,4944,skip,,,,triangle_alpha
,,,,,,,,,,,,,,,,,,,,,3,,,0,not_enough_blocks,4945,skip,,,,triangle_alpha
,,,,,,,,,,,,,,,,,,,,,3,,,0,not_enough_blocks,4946,skip,,,,triangle_alpha
,,,,,,,,,,,,,,,,,,,,,3,,,1,not_enough_blocks,4947,skip,,,,triangle_alpha
,,,,,,,,,,,,,,,,,,,,,3,,,0,not_enough_blocks,4948,skip,,,,triangle_alpha
,,,,,,,,,,,,,,,,,,,,,3,,,0,not_enough_blocks,4949,skip,,,,triangle_alpha
,,,,,,,,,,,,,,,,,,,,,3,,,0,not_enough_blocks,4950,skip,,,,triangle_alpha
,,,,,,,,,,,,,,,,,,,,,3,,,1,not_enough_blocks,4951,skip,,,,triangle_alpha
,,,,,,,,,,,,,,,,,,,,,3,,,0,not_enough_blocks,4952,skip,,,,triangle_alpha
,,,,,,,,,,,,,,,,,,,,,3,,,0,not_enough_blocks,4953,skip,,,,triangle_alpha
,,,,,,,,,,,,,,,,,,,,,3,,,0,not_enough_blocks,4954,skip,,,,triangle_alpha
,,,,,,,,,,,,,,,,,,,,,3,,,0,not_enough_blocks,4955,skip,,,,triangle_alpha
,,,,,,,,,,,,,,,,,,,,,3,,,0,not_enough_blocks,4956,skip,,,,triangle_alpha
,,,,,,,,,,,,,,,,,,,,,3,,,0,not_enough_blocks,4957,skip,,,,triangle_alpha
,,,,,,,,,,,,,,,,,,,,,3,,,0,not_enough_blocks,4958,skip,,,,triangle_alpha
,,,,,,,,,,,,,,,,,,,,,3,,,0,not_enough_blocks,4959,skip,,,,triangle_alpha
,,,,,,,,,,,,,,,,,,,,,3,,,0,not_enough_blocks,4960,skip,,,,triangle_alpha
,,,,,,,,,,,,,,,,,,,,,3,,,0,not_enough_blocks,4961,skip,,,,triangle_alpha
,,,,,,,,,,,,,,,,,,,,,3,,,0,not_enough_blocks,4962,skip,,,,triangle_alpha
,,,,,,,,,,,,,,,,,,,,,3,,,0,not_enough_blocks,4963,skip,,,,triangle_alpha
,,,,,,,,,,,,,,,,,,,,,3,,,0,not_enough_blocks,4964,skip,,,,triangle_alpha
,,,,,,,,,,,,,,,,,,,,,3,,,0,not_enough_blocks,4965,skip,,,,triangle_alpha
,,,,,,,,,,,,,,,,,,,,,3,,,0,not_enough_blocks,4966,skip,,,,triangle_alpha
,,,,,,,,,,,,,,,,,,,,,3,,,1,not_enough_blocks,4967,skip,,,,triangle_alpha
,,,,,,,,,,,,,,,,,,,,,3,,,0,not_enough_blocks,4968,skip,,,,triangle_alpha
,,,,,,,,,,,,,,,,,,,,,3,,,0,not_enough_blocks,4969,skip,,,,triangle_alpha
,,,,,,,,,,,,,,,,,,,,,3,,,0,not_enough_blocks,4970,skip,,,,triangle_alpha
,,,,,,,,,,,,,,,,,,,,,3,,,0,not_enough_blocks,4971,skip,,,,triangle_alpha
,,,,,,,,,,,,,,,,,,,,,3,,,0,not_enough_blocks,4972,skip,,,,triangle_alpha
,,,,,,,,,,,,,,,,,,,,,3,,,1,not_enough_blocks,4973,skip,,,,triangle_alpha
,,,,,,,,,,,,,,,,,,,,,3,,,1,not_enough_blocks,4974,skip,,,,triangle_alpha
,,,,,,,,,,,,,,,,,,,,,3,,,0,not_enough_blocks,4975,skip,,,,triangle_alpha
,,,,,,,,,,,,,,,,,,,,,3,,,0,not_enough_blocks,4976,skip,,,,triangle_alpha
,,,,,,,,,,,,,,,,,,,,,3,,,0,not_enough_blocks,4977,skip,,,,triangle_alpha
,,,,,,,,,,,,,,,,,,,,,3,,,0,not_enough_blocks,4978,skip,,,,triangle_alpha
,,,,,,,,,,,,,,,,,,,,,3,,,0,not_enough_blocks,4979,skip,,,,triangle_alpha
,,,,,,,,,,,,,,,,,,,,,3,,,0,not_enough_blocks,4980,skip,,,,triangle_alpha
,,,,,,,,,,,,,,,,,,,,,3,,,1,not_enough_blocks,4981,skip,,,,triangle_alpha
,,,,,,,,,,,,,,,,,,,,,3,,,0,not_enough_blocks,4982,skip,,,,triangle_alpha
,,,,,,,,,,,,,,,,,,,,,3,,,0,not_enough_blocks,4983,skip,,,,triangle_alpha
,,,,,,,,,,,,,,,,,,,,,3,,,0,not_enough_blocks,4984,skip,,,,triangle_alpha
,,,,,,,,,,,,,,,,,,,,,3,,,0,not_enough_blocks,4985,skip,,,,triangle_alpha
,,,,,,,,,,,,,,,,,,,,,3,,,0,not_enough_blocks,4986,skip,,,,triangle_alpha
,,,,,,,,,,,,,,,,,,,,,3,,,0,not_enough_blocks,4987,skip,,,,triangle_alpha
,,,,,,,,,,,,,,,,,,,,,3,,,0,not_enough_blocks,4988,skip,,,,triangle_alpha
,,,,,,,,,,,,,,,,,,,,,3,,,1,not_enough_blocks,4989,skip,,,,triangle_alpha
,,,,,,,,,,,,,,,,,,,,,3,,,0,not_enough_blocks,4990,skip,,,,triangle_alpha
,,,,,,,,,,,,,,,,,,,,,3,,,0,not_enough_blocks,4991,skip,,,,triangle_alpha
,,,,,,,,,,,,,,,,,,,,,3,,,0,not_enough_blocks,4992,skip,,,,triangle_alpha
,,,,,,,,,,,,,,,,,,,,,3,,,0,not_enough_blocks,4993,skip,,,,triangle_alpha
,,,,,,,,,,,,,,,,,,,,,3,,,0,not_enough_blocks,4994,skip,,,,triangle_alpha
,,,,,,,,,,,,,,,,,,,,,3,,,0,not_enough_blocks,4995,skip,,,,triangle_alpha
,,,,,,,,,,,,,,,,,,,,,3,,,0,not_enough_blocks,4996,skip,,,,triangle_alpha
,,,,,,,,,,,,,,,,,,,,,3,,,0,not_enough_blocks,4997,skip,,,,triangle_alpha
,,,,,,,,,,,,,,,,,,,,,3,,,0,not_enough_blocks,4998,skip,,,,triangle_alpha
,,,,,,,,,,,,,,,,,,,,,3,,,0,not_enough_blocks,4999,skip,,,,triangle_alpha
,,,,,,,,,,,,,,,,,,,,,3,,,0,not_enough_blocks,5000,skip,,,,triangle_alpha
,,,,,,,,,,,,,,,,,,,,,3,,,0,not_enough_blocks,5001,skip,,,,triangle_alpha
,,,,,,,,,,,,,,,,,,,,,3,,,1,not_enough_blocks,5002,skip,,,,triangle_alpha
,,,,,,,,,,,,,,,,,,,,,3,,,0,not_enough_blocks,5003,skip,,,,triangle_alpha
,,,,,,,,,,,,,,,,,,,,,3,,,0,not_enough_blocks,5004,skip,,,,triangle_alpha
,,,,,,,,,,,,,,,,,,,,,3,,,0,not_enough_blocks,5005,skip,,,,triangle_alpha
,,,,,,,,,,,,,,,,,,,,,3,,,0,not_enough_blocks,5006,skip,,,,triangle_alpha
,,,,,,,,,,,,,,,,,,,,,3,,,0,not_enough_blocks,5007,skip,,,,triangle_alpha
,,,,,,,,,,,,,,,,,,,,,3,,,0,not_enough_blocks,5008,skip,,,,triangle_alpha
,,,,,,,,,,,,,,,,,,,,,3,,,1,not_enough_blocks,5009,skip,,,,triangle_alpha
,,,,,,,,,,,,,,,,,,,,,3,,,0,not_enough_blocks,5010,skip,,,,triangle_alpha
,,,,,,,,,,,,,,,,,,,,,3,,,1,not_enough_blocks,5011,skip,,,,triangle_alpha
,,,,,,,,,,,,,,,,,,,,,3,,,0,not_enough_blocks,5012,skip,,,,triangle_alpha
,,,,,,,,,,,,,,,,,,,,,3,,,0,not_enough_blocks,5013,skip,,,,triangle_alpha
,,,,,,,,,,,,,,,,,,,,,3,,,0,not_enough_blocks,5014,skip,,,,triangle_alpha
,,,,,,,,,,,,,,,,,,,,,3,,,0,not_enough_blocks,5015,skip,,,,triangle_alpha
,,,,,,,,,,,,,,,,,,,,,3,,,0,not_enough_blocks,5016,skip,,,,triangle_alpha
,,,,,,,,,,,,,,,,,,,,,3,,,0,not_enough_blocks,5017,skip,,,,triangle_alpha
,,,,,,,,,,,,,,,,,,,,,3,,,0,not_enough_blocks,5018,skip,,,,triangle_alpha
,,,,,,,,,,,,,,,,,,,,,3,,,1,not_enough_blocks,5019,skip,,,,triangle_alpha
,,,,,,,,,,,,,,,,,,,,,3,,,0,not_enough_blocks,5020,skip,,,,triangle_alpha
,,,,,,,,,,,,,,,,,,,,,3,,,0,not_enough_blocks,5021,skip,,,,triangle_alpha
,,,,,,,,,,,,,,,,,,,,,3,,,0,not_enough_blocks,5022,skip,,,,triangle_alpha
,,,,,,,,,,,,,,,,,,,,,3,,,0,not_enough_blocks,5023,skip,,,,triangle_alpha
,,,,,,,,,,,,,,,,,,,,,3,,,0,not_enough_blocks,5024,skip,,,,triangle_alpha
,,,,,,,,,,,,,,,,,,,,,3,,,1,not_enough_blocks,5025,skip,,,,triangle_alpha
,,,,,,,,,,,,,,,,,,,,,3,,,1,not_enough_blocks,5026,skip,,,,triangle_alpha
,,,,,,,,,,,,,,,,,,,,,3,,,0,not_enough_blocks,5027,skip,,,,triangle_alpha
,,,,,,,,,,,,,,,,,,,,,3,,,0,not_enough_blocks,5028,skip,,,,triangle_alpha
,,,,,,,,,,,,,,,,,,,,,3,,,0,not_enough_blocks,5029,skip,,,,triangle_alpha
,,,,,,,,,,,,,,,,,,,,,3,,,0,not_enough_blocks,5030,skip,,,,triangle_alpha
,,,,,,,,,,,,,,,,,,,,,3,,,0,not_enough_blocks,5031,skip,,,,triangle_alpha
,,,,,,,,,,,,,,,,,,,,,3,,,0,not_enough_blocks,5032,skip,,,,triangle_alpha
,,,,,,,,,,,,,,,,,,,,,3,,,0,not_enough_blocks,5033,skip,,,,triangle_alpha
,,,,,,,,,,,,,,,,,,,,,3,,,2,not_enough_blocks,5034,skip,,,,triangle_alpha
,,,,,,,,,,,,,,,,,,,,,3,,,0,not_enough_blocks,5035,skip,,,,triangle_alpha
,,,,,,,,,,,,,,,,,,,,,3,,,0,not_enough_blocks,5036,skip,,,,triangle_alpha
,,,,,,,,,,,,,,,,,,,,,3,,,0,not_enough_blocks,5037,skip,,,,triangle_alpha
,,,,,,,,,,,,,,,,,,,,,3,,,0,not_enough_blocks,5038,skip,,,,triangle_alpha
,,,,,,,,,,,,,,,,,,,,,3,,,0,not_enough_blocks,5039,skip,,,,triangle_alpha
,,,,,,,,,,,,,,,,,,,,,3,,,0,not_enough_blocks,5040,skip,,,,triangle_alpha
,,,,,,,,,,,,,,,,,,,,,3,,,0,not_enough_blocks,5041,skip,,,,triangle_alpha
,,,,,,,,,,,,,,,,,,,,,3,,,0,not_enough_blocks,5042,skip,,,,triangle_alpha
,,,,,,,,,,,,,,,,,,,,,3,,,0,not_enough_blocks,5043,skip,,,,triangle_alpha
,,,,,,,,,,,,,,,,,,,,,3,,,1,not_enough_blocks,5044,skip,,,,triangle_alpha
,,,,,,,,,,,,,,,,,,,,,3,,,1,not_enough_blocks,5045,skip,,,,triangle_alpha
,,,,,,,,,,,,,,,,,,,,,3,,,0,not_enough_blocks,5046,skip,,,,triangle_alpha
,,,,,,,,,,,,,,,,,,,,,3,,,0,not_enough_blocks,5047,skip,,,,triangle_alpha
,,,,,,,,,,,,,,,,,,,,,3,,,0,not_enough_blocks,5048,skip,,,,triangle_alpha
,,,,,,,,,,,,,,,,,,,,,3,,,0,not_enough_blocks,5049,skip,,,,triangle_alpha
,,,,,,,,,,,,,,,,,,,,,3,,,0,not_enough_blocks,5050,skip,,,,triangle_alpha
,,,,,,,,,,,,,,,,,,,,,3,,,0,not_enough_blocks,5051,skip,,,,triangle_alpha
,,,,,,,,,,,,,,,,,,,,,3,,,0,not_enough_blocks,5052,skip,,,,triangle_alpha
,,,,,,,,,,,,,,,,,,,,,3,,,0,not_enough_blocks,5053,skip,,,,triangle_alpha
,,,,,,,,,,,,,,,,,,,,,3,,,0,not_enough_blocks,5054,skip,,,,triangle_alpha
,,,,,,,,,,,,,,,,,,,,,3,,,0,not_enough_blocks,5055,skip,,,,triangle_alpha
,,,,,,,,,,,,,,,,,,,,,3,,,0,not_enough_blocks,5056,skip,,,,triangle_alpha
,,,,,,,,,,,,,,,,,,,,,3,,,0,not_enough_blocks,5057,skip,,,,triangle_alpha
,,,,,,,,,,,,,,,,,,,,,3,,,0,not_enough_blocks,5058,skip,,,,triangle_alpha
,,,,,,,,,,,,,,,,,,,,,3,,,0,not_enough_blocks,5059,skip,,,,triangle_alpha
,,,,,,,,,,,,,,,,,,,,,3,,,1,not_enough_blocks,5060,skip,,,,triangle_alpha
,,,,,,,,,,,,,,,,,,,,,3,,,0,not_enough_blocks,5061,skip,,,,triangle_alpha
,,,,,,,,,,,,,,,,,,,,,3,,,0,not_enough_blocks,5062,skip,,,,triangle_alpha
,,,,,,,,,,,,,,,,,,,,,3,,,0,not_enough_blocks,5063,skip,,,,triangle_alpha
,,,,,,,,,,,,,,,,,,,,,3,,,0,not_enough_blocks,5064,skip,,,,triangle_alpha
,,,,,,,,,,,,,,,,,,,,,3,,,1,not_enough_blocks,5065,skip,,,,triangle_alpha
,,,,,,,,,,,,,,,,,,,,,3,,,1,not_enough_blocks,5066,skip,,,,triangle_alpha
,,,,,,,,,,,,,,,,,,,,,3,,,0,not_enough_blocks,5067,skip,,,,triangle_alpha
,,,,,,,,,,,,,,,,,,,,,3,,,0,not_enough_blocks,5068,skip,,,,triangle_alpha
,,,,,,,,,,,,,,,,,,,,,3,,,0,not_enough_blocks,5069,skip,,,,triangle_alpha
,,,,,,,,,,,,,,,,,,,,,3,,,0,not_enough_blocks,5070,skip,,,,triangle_alpha
,,,,,,,,,,,,,,,,,,,,,3,,,0,not_enough_blocks,5071,skip,,,,triangle_alpha
,,,,,,,,,,,,,,,,,,,,,3,,,1,not_enough_blocks,5072,skip,,,,triangle_alpha
,,,,,,,,,,,,,,,,,,,,,3,,,0,not_enough_blocks,5073,skip,,,,triangle_alpha
,,,,,,,,,,,,,,,,,,,,,3,,,0,not_enough_blocks,5074,skip,,,,triangle_alpha
,,,,,,,,,,,,,,,,,,,,,3,,,0,not_enough_blocks,5075,skip,,,,triangle_alpha
,,,,,,,,,,,,,,,,,,,,,3,,,0,not_enough_blocks,5076,skip,,,,triangle_alpha
,,,,,,,,,,,,,,,,,,,,,3,,,0,not_enough_blocks,5077,skip,,,,triangle_alpha
,,,,,,,,,,,,,,,,,,,,,3,,,0,not_enough_blocks,5078,skip,,,,triangle_alpha
,,,,,,,,,,,,,,,,,,,,,3,,,0,not_enough_blocks,5079,skip,,,,triangle_alpha
,,,,,,,,,,,,,,,,,,,,,3,,,0,not_enough_blocks,5080,skip,,,,triangle_alpha
,,,,,,,,,,,,,,,,,,,,,3,,,0,not_enough_blocks,5081,skip,,,,triangle_alpha
,,,,,,,,,,,,,,,,,,,,,3,,,0,not_enough_blocks,5082,skip,,,,triangle_alpha
,,,,,,,,,,,,,,,,,,,,,3,,,0,not_enough_blocks,5083,skip,,,,triangle_alpha
,,,,,,,,,,,,,,,,,,,,,3,,,0,not_enough_blocks,5084,skip,,,,triangle_alpha
,,,,,,,,,,,,,,,,,,,,,3,,,0,not_enough_blocks,5085,skip,,,,triangle_alpha
,,,,,,,,,,,,,,,,,,,,,3,,,0,not_enough_blocks,5086,skip,,,,triangle_alpha
,,,,,,,,,,,,,,,,,,,,,3,,,1,not_enough_blocks,5087,skip,,,,triangle_alpha
,,,,,,,,,,,,,,,,,,,,,3,,,0,not_enough_blocks,5088,skip,,,,triangle_alpha
,,,,,,,,,,,,,,,,,,,,,3,,,1,not_enough_blocks,5089,skip,,,,triangle_alpha
,,,,,,,,,,,,,,,,,,,,,3,,,0,not_enough_blocks,5090,skip,,,,triangle_alpha
,,,,,,,,,,,,,,,,,,,,,3,,,0,not_enough_blocks,5091,skip,,,,triangle_alpha
,,,,,,,,,,,,,,,,,,,,,3,,,0,not_enough_blocks,5092,skip,,,,triangle_alpha
,,,,,,,,,,,,,,,,,,,,,3,,,1,not_enough_blocks,5093,skip,,,,triangle_alpha
,,,,,,,,,,,,,,,,,,,,,3,,,0,not_enough_blocks,5094,skip,,,,triangle_alpha
,,,,,,,,,,,,,,,,,,,,,3,,,0,not_enough_blocks,5095,skip,,,,triangle_alpha
,,,,,,,,,,,,,,,,,,,,,3,,,1,not_enough_blocks,5096,skip,,,,triangle_alpha
,,,,,,,,,,,,,,,,,,,,,3,,,0,not_enough_blocks,5097,skip,,,,triangle_alpha
,,,,,,,,,,,,,,,,,,,,,3,,,1,not_enough_blocks,5098,skip,,,,triangle_alpha
,,,,,,,,,,,,,,,,,,,,,3,,,0,not_enough_blocks,5099,skip,,,,triangle_alpha
,,,,,,,,,,,,,,,,,,,,,3,,,0,not_enough_blocks,5100,skip,,,,triangle_alpha
,,,,,,,,,,,,,,,,,,,,,3,,,1,not_enough_blocks,5101,skip,,,,triangle_alpha
,,,,,,,,,,,,,,,,,,,,,3,,,0,not_enough_blocks,5102,skip,,,,triangle_alpha
,,,,,,,,,,,,,,,,,,,,,3,,,1,not_enough_blocks,5103,skip,,,,triangle_alpha
,,,,,,,,,,,,,,,,,,,,,3,,,0,not_enough_blocks,5104,skip,,,,triangle_alpha
,,,,,,,,,,,,,,,,,,,,,3,,,0,not_enough_blocks,5105,skip,,,,triangle_alpha
,,,,,,,,,,,,,,,,,,,,,3,,,0,not_enough_blocks,5106,skip,,,,triangle_alpha
,,,,,,,,,,,,,,,,,,,,,3,,,0,not_enough_blocks,5107,skip,,,,triangle_alpha
,,,,,,,,,,,,,,,,,,,,,3,,,1,not_enough_blocks,5108,skip,,,,triangle_alpha
,,,,,,,,,,,,,,,,,,,,,3,,,0,not_enough_blocks,5109,skip,,,,triangle_alpha
,,,,,,,,,,,,,,,,,,,,,3,,,0,not_enough_blocks,5110,skip,,,,triangle_alpha
,,,,,,,,,,,,,,,,,,,,,3,,,0,not_enough_blocks,5111,skip,,,,triangle_alpha
,,,,,,,,,,,,,,,,,,,,,3,,,0,not_enough_blocks,5112,skip,,,,triangle_alpha
,,,,,,,,,,,,,,,,,,,,,3,,,0,not_enough_blocks,5113,skip,,,,triangle_alpha
,,,,,,,,,,,,,,,,,,,,,3,,,0,not_enough_blocks,5114,skip,,,,triangle_alpha
,,,,,,,,,,,,,,,,,,,,,3,,,0,not_enough_blocks,5115,skip,,,,triangle_alpha
,,,,,,,,,,,,,,,,,,,,,3,,,0,not_enough_blocks,5116,skip,,,,triangle_alpha
,,,,,,,,,,,,,,,,,,,,,3,,,0,not_enough_blocks,5117,skip,,,,triangle_alpha
,,,,,,,,,,,,,,,,,,,,,3,,,0,not_enough_blocks,5118,skip,,,,triangle_alpha
,,,,,,,,,,,,,,,,,,,,,3,,,0,not_enough_blocks,5119,skip,,,,triangle_alpha
,,,,,,,,,,,,,,,,,,,,,3,,,0,not_enough_blocks,5120,skip,,,,triangle_alpha
,,,,,,,,,,,,,,,,,,,,,3,,,0,not_enough_blocks,5121,skip,,,,triangle_alpha
,,,,,,,,,,,,,,,,,,,,,3,,,0,not_enough_blocks,5122,skip,,,,triangle_alpha
,,,,,,,,,,,,,,,,,,,,,3,,,0,not_enough_blocks,5123,skip,,,,triangle_alpha
,,,,,,,,,,,,,,,,,,,,,3,,,1,not_enough_blocks,5124,skip,,,,triangle_alpha
,,,,,,,,,,,,,,,,,,,,,3,,,0,not_enough_blocks,5125,skip,,,,triangle_alpha
,,,,,,,,,,,,,,,,,,,,,3,,,0,not_enough_blocks,5126,skip,,,,triangle_alpha
,,,,,,,,,,,,,,,,,,,,,3,,,1,not_enough_blocks,5127,skip,,,,triangle_alpha
,,,,,,,,,,,,,,,,,,,,,3,,,0,not_enough_blocks,5128,skip,,,,triangle_alpha
,,,,,,,,,,,,,,,,,,,,,3,,,0,not_enough_blocks,5129,skip,,,,triangle_alpha
,,,,,,,,,,,,,,,,,,,,,3,,,0,not_enough_blocks,5130,skip,,,,triangle_alpha
,,,,,,,,,,,,,,,,,,,,,3,,,0,not_enough_blocks,5131,skip,,,,triangle_alpha
,,,,,,,,,,,,,,,,,,,,,3,,,0,not_enough_blocks,5132,skip,,,,triangle_alpha
,,,,,,,,,,,,,,,,,,,,,3,,,0,not_enough_blocks,5133,skip,,,,triangle_alpha
,,,,,,,,,,,,,,,,,,,,,3,,,0,not_enough_blocks,5134,skip,,,,triangle_alpha
,,,,,,,,,,,,,,,,,,,,,3,,,0,not_enough_blocks,5135,skip,,,,triangle_alpha
,,,,,,,,,,,,,,,,,,,,,3,,,0,not_enough_blocks,5136,skip,,,,triangle_alpha
,,,,,,,,,,,,,,,,,,,,,3,,,0,not_enough_blocks,5137,skip,,,,triangle_alpha
,,,,,,,,,,,,,,,,,,,,,3,,,0,not_enough_blocks,5138,skip,,,,triangle_alpha
,,,,,,,,,,,,,,,,,,,,,3,,,0,not_enough_blocks,5139,skip,,,,triangle_alpha
,,,,,,,,,,,,,,,,,,,,,3,,,0,not_enough_blocks,5140,skip,,,,triangle_alpha
,,,,,,,,,,,,,,,,,,,,,3,,,0,not_enough_blocks,5141,skip,,,,triangle_alpha
,,,,,,,,,,,,,,,,,,,,,3,,,0,not_enough_blocks,5142,skip,,,,triangle_alpha
,,,,,,,,,,,,,,,,,,,,,3,,,0,not_enough_blocks,5143,skip,,,,triangle_alpha
,,,,,,,,,,,,,,,,,,,,,3,,,0,not_enough_blocks,5144,skip,,,,triangle_alpha
,,,,,,,,,,,,,,,,,,,,,3,,,0,not_enough_blocks,5145,skip,,,,triangle_alpha
,,,,,,,,,,,,,,,,,,,,,3,,,1,not_enough_blocks,5146,skip,,,,triangle_alpha
,,,,,,,,,,,,,,,,,,,,,3,,,0,not_enough_blocks,5147,skip,,,,triangle_alpha
,,,,,,,,,,,,,,,,,,,,,3,,,0,not_enough_blocks,5148,skip,,,,triangle_alpha
,,,,,,,,,,,,,,,,,,,,,3,,,0,not_enough_blocks,5149,skip,,,,triangle_alpha
,,,,,,,,,,,,,,,,,,,,,3,,,0,not_enough_blocks,5150,skip,,,,triangle_alpha
,,,,,,,,,,,,,,,,,,,,,3,,,0,not_enough_blocks,5151,skip,,,,triangle_alpha
,,,,,,,,,,,,,,,,,,,,,3,,,0,not_enough_blocks,5152,skip,,,,triangle_alpha
,,,,,,,,,,,,,,,,,,,,,3,,,0,not_enough_blocks,5153,skip,,,,triangle_alpha
,,,,,,,,,,,,,,,,,,,,,3,,,0,not_enough_blocks,5154,skip,,,,triangle_alpha
,,,,,,,,,,,,,,,,,,,,,3,,,0,not_enough_blocks,5155,skip,,,,triangle_alpha
,,,,,,,,,,,,,,,,,,,,,3,,,0,not_enough_blocks,5156,skip,,,,triangle_alpha
,,,,,,,,,,,,,,,,,,,,,3,,,0,not_enough_blocks,5157,skip,,,,triangle_alpha
,,,,,,,,,,,,,,,,,,,,,3,,,0,not_enough_blocks,5158,skip,,,,triangle_alpha
,,,,,,,,,,,,,,,,,,,,,3,,,0,not_enough_blocks,5159,skip,,,,triangle_alpha
,,,,,,,,,,,,,,,,,,,,,3,,,0,not_enough_blocks,5160,skip,,,,triangle_alpha
,,,,,,,,,,,,,,,,,,,,,3,,,1,not_enough_blocks,5161,skip,,,,triangle_alpha
,,,,,,,,,,,,,,,,,,,,,3,,,0,not_enough_blocks,5162,skip,,,,triangle_alpha
,,,,,,,,,,,,,,,,,,,,,3,,,0,not_enough_blocks,5163,skip,,,,triangle_alpha
,,,,,,,,,,,,,,,,,,,,,3,,,0,not_enough_blocks,5164,skip,,,,triangle_alpha
,,,,,,,,,,,,,,,,,,,,,3,,,0,not_enough_blocks,5165,skip,,,,triangle_alpha
,,,,,,,,,,,,,,,,,,,,,3,,,1,not_enough_blocks,5166,skip,,,,triangle_alpha
,,,,,,,,,,,,,,,,,,,,,3,,,0,not_enough_blocks,5167,skip,,,,triangle_alpha
,,,,,,,,,,,,,,,,,,,,,3,,,0,not_enough_blocks,5168,skip,,,,triangle_alpha
,,,,,,,,,,,,,,,,,,,,,3,,,0,not_enough_blocks,5169,skip,,,,triangle_alpha
,,,,,,,,,,,,,,,,,,,,,3,,,0,not_enough_blocks,5170,skip,,,,triangle_alpha
,,,,,,,,,,,,,,,,,,,,,3,,,0,not_enough_blocks,5171,skip,,,,triangle_alpha
,,,,,,,,,,,,,,,,,,,,,3,,,0,not_enough_blocks,5172,skip,,,,triangle_alpha
,,,,,,,,,,,,,,,,,,,,,3,,,0,not_enough_blocks,5173,skip,,,,triangle_alpha
,,,,,,,,,,,,,,,,,,,,,3,,,0,not_enough_blocks,5174,skip,,,,triangle_alpha
,,,,,,,,,,,,,,,,,,,,,3,,,1,not_enough_blocks,5175,skip,,,,triangle_alpha
,,,,,,,,,,,,,,,,,,,,,3,,,0,not_enough_blocks,5176,skip,,,,triangle_alpha
,,,,,,,,,,,,,,,,,,,,,3,,,1,not_enough_blocks,5177,skip,,,,triangle_alpha
,,,,,,,,,,,,,,,,,,,,,3,,,0,not_enough_blocks,5178,skip,,,,triangle_alpha
,,,,,,,,,,,,,,,,,,,,,3,,,0,not_enough_blocks,5179,skip,,,,triangle_alpha
,,,,,,,,,,,,,,,,,,,,,3,,,0,not_enough_blocks,5180,skip,,,,triangle_alpha
,,,,,,,,,,,,,,,,,,,,,3,,,0,not_enough_blocks,5181,skip,,,,triangle_alpha
,,,,,,,,,,,,,,,,,,,,,3,,,0,not_enough_blocks,5182,skip,,,,triangle_alpha
,,,,,,,,,,,,,,,,,,,,,3,,,0,not_enough_blocks,5183,skip,,,,triangle_alpha
,,,,,,,,,,,,,,,,,,,,,3,,,0,not_enough_blocks,5184,skip,,,,triangle_alpha
,,,,,,,,,,,,,,,,,,,,,3,,,0,not_enough_blocks,5185,skip,,,,triangle_alpha
,,,,,,,,,,,,,,,,,,,,,3,,,0,not_enough_blocks,5186,skip,,,,triangle_alpha
,,,,,,,,,,,,,,,,,,,,,3,,,0,not_enough_blocks,5187,skip,,,,triangle_alpha
,,,,,,,,,,,,,,,,,,,,,3,,,0,not_enough_blocks,5188,skip,,,,triangle_alpha
,,,,,,,,,,,,,,,,,,,,,3,,,1,not_enough_blocks,5189,skip,,,,triangle_alpha
,,,,,,,,,,,,,,,,,,,,,3,,,1,not_enough_blocks,5190,skip,,,,triangle_alpha
,,,,,,,,,,,,,,,,,,,,,3,,,0,not_enough_blocks,5191,skip,,,,triangle_alpha
,,,,,,,,,,,,,,,,,,,,,3,,,0,not_enough_blocks,5192,skip,,,,triangle_alpha
,,,,,,,,,,,,,,,,,,,,,3,,,1,not_enough_blocks,5193,skip,,,,triangle_alpha
,,,,,,,,,,,,,,,,,,,,,3,,,0,not_enough_blocks,5194,skip,,,,triangle_alpha
,,,,,,,,,,,,,,,,,,,,,3,,,0,not_enough_blocks,5195,skip,,,,triangle_alpha
,,,,,,,,,,,,,,,,,,,,,3,,,0,not_enough_blocks,5196,skip,,,,triangle_alpha
,,,,,,,,,,,,,,,,,,,,,3,,,0,not_enough_blocks,5197,skip,,,,triangle_alpha
,,,,,,,,,,,,,,,,,,,,,3,,,0,not_enough_blocks,5198,skip,,,,triangle_alpha
,,,,,,,,,,,,,,,,,,,,,3,,,0,not_enough_blocks,5199,skip,,,,triangle_alpha
,,,,,,,,,,,,,,,,,,,,,3,,,0,not_enough_blocks,5200,skip,,,,triangle_alpha
,,,,,,,,,,,,,,,,,,,,,3,,,0,not_enough_blocks,5201,skip,,,,triangle_alpha
,,,,,,,,,,,,,,,,,,,,,3,,,0,not_enough_blocks,5202,skip,,,,triangle_alpha
,,,,,,,,,,,,,,,,,,,,,3,,,0,not_enough_blocks,5203,skip,,,,triangle_alpha
,,,,,,,,,,,,,,,,,,,,,3,,,0,not_enough_blocks,5204,skip,,,,triangle_alpha
,,,,,,,,,,,,,,,,,,,,,3,,,0,not_enough_blocks,5205,skip,,,,triangle_alpha
,,,,,,,,,,,,,,,,,,,,,3,,,0,not_enough_blocks,5206,skip,,,,triangle_alpha
,,,,,,,,,,,,,,,,,,,,,3,,,0,not_enough_blocks,5207,skip,,,,triangle_alpha
,,,,,,,,,,,,,,,,,,,,,3,,,0,not_enough_blocks,5208,skip,,,,triangle_alpha
,,,,,,,,,,,,,,,,,,,,,3,,,0,not_enough_blocks,5209,skip,,,,triangle_alpha
,,,,,,,,,,,,,,,,,,,,,3,,,0,not_enough_blocks,5210,skip,,,,triangle_alpha
,,,,,,,,,,,,,,,,,,,,,3,,,0,not_enough_blocks,5211,skip,,,,triangle_alpha
,,,,,,,,,,,,,,,,,,,,,3,,,1,not_enough_blocks,5212,skip,,,,triangle_alpha
,,,,,,,,,,,,,,,,,,,,,3,,,0,not_enough_blocks,5213,skip,,,,triangle_alpha
,,,,,,,,,,,,,,,,,,,,,3,,,0,not_enough_blocks,5214,skip,,,,triangle_alpha
,,,,,,,,,,,,,,,,,,,,,3,,,0,not_enough_blocks,5215,skip,,,,triangle_alpha
,,,,,,,,,,,,,,,,,,,,,3,,,0,not_enough_blocks,5216,skip,,,,triangle_alpha
,,,,,,,,,,,,,,,,,,,,,3,,,0,not_enough_blocks,5217,skip,,,,triangle_alpha
,,,,,,,,,,,,,,,,,,,,,3,,,1,not_enough_blocks,5218,skip,,,,triangle_alpha
,,,,,,,,,,,,,,,,,,,,,3,,,1,not_enough_blocks,5219,skip,,,,triangle_alpha
,,,,,,,,,,,,,,,,,,,,,3,,,0,not_enough_blocks,5220,skip,,,,triangle_alpha
,,,,,,,,,,,,,,,,,,,,,3,,,0,not_enough_blocks,5221,skip,,,,triangle_alpha
,,,,,,,,,,,,,,,,,,,,,3,,,0,not_enough_blocks,5222,skip,,,,triangle_alpha
,,,,,,,,,,,,,,,,,,,,,3,,,0,not_enough_blocks,5223,skip,,,,triangle_alpha
,,,,,,,,,,,,,,,,,,,,,3,,,1,not_enough_blocks,5224,skip,,,,triangle_alpha
,,,,,,,,,,,,,,,,,,,,,3,,,1,not_enough_blocks,5225,skip,,,,triangle_alpha
,,,,,,,,,,,,,,,,,,,,,3,,,0,not_enough_blocks,5226,skip,,,,triangle_alpha
,,,,,,,,,,,,,,,,,,,,,3,,,0,not_enough_blocks,5227,skip,,,,triangle_alpha
,,,,,,,,,,,,,,,,,,,,,3,,,0,not_enough_blocks,5228,skip,,,,triangle_alpha
,,,,,,,,,,,,,,,,,,,,,3,,,0,not_enough_blocks,5229,skip,,,,triangle_alpha
,,,,,,,,,,,,,,,,,,,,,3,,,0,not_enough_blocks,5230,skip,,,,triangle_alpha
,,,,,,,,,,,,,,,,,,,,,3,,,0,not_enough_blocks,5231,skip,,,,triangle_alpha
,,,,,,,,,,,,,,,,,,,,,3,,,0,not_enough_blocks,5232,skip,,,,triangle_alpha
,,,,,,,,,,,,,,,,,,,,,3,,,0,not_enough_blocks,5233,skip,,,,triangle_alpha
,,,,,,,,,,,,,,,,,,,,,3,,,0,not_enough_blocks,5234,skip,,,,triangle_alpha
,,,,,,,,,,,,,,,,,,,,,3,,,0,not_enough_blocks,5235,skip,,,,triangle_alpha
,,,,,,,,,,,,,,,,,,,,,3,,,0,not_enough_blocks,5236,skip,,,,triangle_alpha
,,,,,,,,,,,,,,,,,,,,,3,,,0,not_enough_blocks,5237,skip,,,,triangle_alpha
,,,,,,,,,,,,,,,,,,,,,3,,,0,not_enough_blocks,5238,skip,,,,triangle_alpha
,,,,,,,,,,,,,,,,,,,,,3,,,0,not_enough_blocks,5239,skip,,,,triangle_alpha
,,,,,,,,,,,,,,,,,,,,,3,,,0,not_enough_blocks,5240,skip,,,,triangle_alpha
,,,,,,,,,,,,,,,,,,,,,3,,,0,not_enough_blocks,5241,skip,,,,triangle_alpha
,,,,,,,,,,,,,,,,,,,,,3,,,1,not_enough_blocks,5242,skip,,,,triangle_alpha
,,,,,,,,,,,,,,,,,,,,,3,,,0,not_enough_blocks,5243,skip,,,,triangle_alpha
,,,,,,,,,,,,,,,,,,,,,3,,,0,not_enough_blocks,5244,skip,,,,triangle_alpha
,,,,,,,,,,,,,,,,,,,,,3,,,0,not_enough_blocks,5245,skip,,,,triangle_alpha
,,,,,,,,,,,,,,,,,,,,,3,,,0,not_enough_blocks,5246,skip,,,,triangle_alpha
,,,,,,,,,,,,,,,,,,,,,3,,,0,not_enough_blocks,5247,skip,,,,triangle_alpha
,,,,,,,,,,,,,,,,,,,,,3,,,1,not_enough_blocks,5248,skip,,,,triangle_alpha
,,,,,,,,,,,,,,,,,,,,,3,,,0,not_enough_blocks,5249,skip,,,,triangle_alpha
,,,,,,,,,,,,,,,,,,,,,3,,,1,not_enough_blocks,5250,skip,,,,triangle_alpha
,,,,,,,,,,,,,,,,,,,,,3,,,1,not_enough_blocks,5251,skip,,,,triangle_alpha
,,,,,,,,,,,,,,,,,,,,,3,,,1,not_enough_blocks,5252,skip,,,,triangle_alpha
,,,,,,,,,,,,,,,,,,,,,3,,,0,not_enough_blocks,5253,skip,,,,triangle_alpha
,,,,,,,,,,,,,,,,,,,,,3,,,0,not_enough_blocks,5254,skip,,,,triangle_alpha
,,,,,,,,,,,,,,,,,,,,,3,,,0,not_enough_blocks,5255,skip,,,,triangle_alpha
,,,,,,,,,,,,,,,,,,,,,3,,,0,not_enough_blocks,5256,skip,,,,triangle_alpha
,,,,,,,,,,,,,,,,,,,,,3,,,0,not_enough_blocks,5257,skip,,,,triangle_alpha
,,,,,,,,,,,,,,,,,,,,,3,,,0,not_enough_blocks,5258,skip,,,,triangle_alpha
,,,,,,,,,,,,,,,,,,,,,3,,,0,not_enough_blocks,5259,skip,,,,triangle_alpha
,,,,,,,,,,,,,,,,,,,,,3,,,0,not_enough_blocks,5260,skip,,,,triangle_alpha
,,,,,,,,,,,,,,,,,,,,,3,,,1,not_enough_blocks,5261,skip,,,,triangle_alpha
,,,,,,,,,,,,,,,,,,,,,3,,,1,not_enough_blocks,5262,skip,,,,triangle_alpha
,,,,,,,,,,,,,,,,,,,,,3,,,2,not_enough_blocks,5263,skip,,,,triangle_alpha
,,,,,,,,,,,,,,,,,,,,,3,,,0,not_enough_blocks,5264,skip,,,,triangle_alpha
,,,,,,,,,,,,,,,,,,,,,3,,,0,not_enough_blocks,5265,skip,,,,triangle_alpha
,,,,,,,,,,,,,,,,,,,,,3,,,0,not_enough_blocks,5266,skip,,,,triangle_alpha
,,,,,,,,,,,,,,,,,,,,,3,,,0,not_enough_blocks,5267,skip,,,,triangle_alpha
,,,,,,,,,,,,,,,,,,,,,3,,,0,not_enough_blocks,5268,skip,,,,triangle_alpha
,,,,,,,,,,,,,,,,,,,,,3,,,0,not_enough_blocks,5269,skip,,,,triangle_alpha
,,,,,,,,,,,,,,,,,,,,,3,,,0,not_enough_blocks,5270,skip,,,,triangle_alpha
,,,,,,,,,,,,,,,,,,,,,3,,,0,not_enough_blocks,5271,skip,,,,triangle_alpha
,,,,,,,,,,,,,,,,,,,,,3,,,0,not_enough_blocks,5272,skip,,,,triangle_alpha
,,,,,,,,,,,,,,,,,,,,,3,,,0,not_enough_blocks,5273,skip,,,,triangle_alpha
,,,,,,,,,,,,,,,,,,,,,3,,,0,not_enough_blocks,5274,skip,,,,triangle_alpha
,,,,,,,,,,,,,,,,,,,,,3,,,0,not_enough_blocks,5275,skip,,,,triangle_alpha
,,,,,,,,,,,,,,,,,,,,,3,,,0,not_enough_blocks,5276,skip,,,,triangle_alpha
,,,,,,,,,,,,,,,,,,,,,3,,,0,not_enough_blocks,5277,skip,,,,triangle_alpha
,,,,,,,,,,,,,,,,,,,,,3,,,0,not_enough_blocks,5278,skip,,,,triangle_alpha
,,,,,,,,,,,,,,,,,,,,,3,,,0,not_enough_blocks,5279,skip,,,,triangle_alpha
,,,,,,,,,,,,,,,,,,,,,3,,,0,not_enough_blocks,5280,skip,,,,triangle_alpha
,,,,,,,,,,,,,,,,,,,,,3,,,1,not_enough_blocks,5281,skip,,,,triangle_alpha
,,,,,,,,,,,,,,,,,,,,,3,,,0,not_enough_blocks,5282,skip,,,,triangle_alpha
,,,,,,,,,,,,,,,,,,,,,3,,,0,not_enough_blocks,5283,skip,,,,triangle_alpha
,,,,,,,,,,,,,,,,,,,,,3,,,0,not_enough_blocks,5284,skip,,,,triangle_alpha
,,,,,,,,,,,,,,,,,,,,,3,,,1,not_enough_blocks,5285,skip,,,,triangle_alpha
,,,,,,,,,,,,,,,,,,,,,3,,,1,not_enough_blocks,5286,skip,,,,triangle_alpha
,,,,,,,,,,,,,,,,,,,,,3,,,0,not_enough_blocks,5287,skip,,,,triangle_alpha
,,,,,,,,,,,,,,,,,,,,,3,,,0,not_enough_blocks,5288,skip,,,,triangle_alpha
,,,,,,,,,,,,,,,,,,,,,3,,,0,not_enough_blocks,5289,skip,,,,triangle_alpha
,,,,,,,,,,,,,,,,,,,,,3,,,0,not_enough_blocks,5290,skip,,,,triangle_alpha
,,,,,,,,,,,,,,,,,,,,,3,,,0,not_enough_blocks,5291,skip,,,,triangle_alpha
,,,,,,,,,,,,,,,,,,,,,3,,,0,not_enough_blocks,5292,skip,,,,triangle_alpha
,,,,,,,,,,,,,,,,,,,,,3,,,0,not_enough_blocks,5293,skip,,,,triangle_alpha
,,,,,,,,,,,,,,,,,,,,,3,,,1,not_enough_blocks,5294,skip,,,,triangle_alpha
,,,,,,,,,,,,,,,,,,,,,3,,,0,not_enough_blocks,5295,skip,,,,triangle_alpha
,,,,,,,,,,,,,,,,,,,,,3,,,0,not_enough_blocks,5296,skip,,,,triangle_alpha
,,,,,,,,,,,,,,,,,,,,,3,,,0,not_enough_blocks,5297,skip,,,,triangle_alpha
,,,,,,,,,,,,,,,,,,,,,3,,,0,not_enough_blocks,5298,skip,,,,triangle_alpha
,,,,,,,,,,,,,,,,,,,,,3,,,0,not_enough_blocks,5299,skip,,,,triangle_alpha
,,,,,,,,,,,,,,,,,,,,,3,,,0,not_enough_blocks,5300,skip,,,,triangle_alpha
,,,,,,,,,,,,,,,,,,,,,3,,,1,not_enough_blocks,5301,skip,,,,triangle_alpha
,,,,,,,,,,,,,,,,,,,,,3,,,0,not_enough_blocks,5302,skip,,,,triangle_alpha
,,,,,,,,,,,,,,,,,,,,,3,,,0,not_enough_blocks,5303,skip,,,,triangle_alpha
,,,,,,,,,,,,,,,,,,,,,3,,,0,not_enough_blocks,5304,skip,,,,triangle_alpha
,,,,,,,,,,,,,,,,,,,,,3,,,1,not_enough_blocks,5305,skip,,,,triangle_alpha
,,,,,,,,,,,,,,,,,,,,,3,,,0,not_enough_blocks,5306,skip,,,,triangle_alpha
,,,,,,,,,,,,,,,,,,,,,3,,,0,not_enough_blocks,5307,skip,,,,triangle_alpha
,,,,,,,,,,,,,,,,,,,,,3,,,0,not_enough_blocks,5308,skip,,,,triangle_alpha
,,,,,,,,,,,,,,,,,,,,,3,,,0,not_enough_blocks,5309,skip,,,,triangle_alpha
,,,,,,,,,,,,,,,,,,,,,3,,,1,not_enough_blocks,5310,skip,,,,triangle_alpha
,,,,,,,,,,,,,,,,,,,,,3,,,1,not_enough_blocks,5311,skip,,,,triangle_alpha
,,,,,,,,,,,,,,,,,,,,,3,,,0,not_enough_blocks,5312,skip,,,,triangle_alpha
,,,,,,,,,,,,,,,,,,,,,3,,,0,not_enough_blocks,5313,skip,,,,triangle_alpha
,,,,,,,,,,,,,,,,,,,,,3,,,0,not_enough_blocks,5314,skip,,,,triangle_alpha
,,,,,,,,,,,,,,,,,,,,,3,,,2,not_enough_blocks,5315,skip,,,,triangle_alpha
,,,,,,,,,,,,,,,,,,,,,3,,,0,not_enough_blocks,5316,skip,,,,triangle_alpha
,,,,,,,,,,,,,,,,,,,,,3,,,0,not_enough_blocks,5317,skip,,,,triangle_alpha
,,,,,,,,,,,,,,,,,,,,,3,,,0,not_enough_blocks,5318,skip,,,,triangle_alpha
,,,,,,,,,,,,,,,,,,,,,3,,,0,not_enough_blocks,5319,skip,,,,triangle_alpha
,,,,,,,,,,,,,,,,,,,,,3,,,0,not_enough_blocks,5320,skip,,,,triangle_alpha
,,,,,,,,,,,,,,,,,,,,,3,,,0,not_enough_blocks,5321,skip,,,,triangle_alpha
,,,,,,,,,,,,,,,,,,,,,3,,,0,not_enough_blocks,5322,skip,,,,triangle_alpha
,,,,,,,,,,,,,,,,,,,,,3,,,0,not_enough_blocks,5323,skip,,,,triangle_alpha
,,,,,,,,,,,,,,,,,,,,,3,,,0,not_enough_blocks,5324,skip,,,,triangle_alpha
,,,,,,,,,,,,,,,,,,,,,3,,,0,not_enough_blocks,5325,skip,,,,triangle_alpha
,,,,,,,,,,,,,,,,,,,,,3,,,0,not_enough_blocks,5326,skip,,,,triangle_alpha
,,,,,,,,,,,,,,,,,,,,,3,,,0,not_enough_blocks,5327,skip,,,,triangle_alpha
,,,,,,,,,,,,,,,,,,,,,3,,,0,not_enough_blocks,5328,skip,,,,triangle_alpha
,,,,,,,,,,,,,,,,,,,,,3,,,1,not_enough_blocks,5329,skip,,,,triangle_alpha
,,,,,,,,,,,,,,,,,,,,,3,,,0,not_enough_blocks,5330,skip,,,,triangle_alpha
,,,,,,,,,,,,,,,,,,,,,3,,,0,not_enough_blocks,5331,skip,,,,triangle_alpha
,,,,,,,,,,,,,,,,,,,,,3,,,0,not_enough_blocks,5332,skip,,,,triangle_alpha
,,,,,,,,,,,,,,,,,,,,,3,,,0,not_enough_blocks,5333,skip,,,,triangle_alpha
,,,,,,,,,,,,,,,,,,,,,3,,,0,not_enough_blocks,5334,skip,,,,triangle_alpha
,,,,,,,,,,,,,,,,,,,,,3,,,1,not_enough_blocks,5335,skip,,,,triangle_alpha
,,,,,,,,,,,,,,,,,,,,,3,,,0,not_enough_blocks,5336,skip,,,,triangle_alpha
,,,,,,,,,,,,,,,,,,,,,3,,,1,not_enough_blocks,5337,skip,,,,triangle_alpha
,,,,,,,,,,,,,,,,,,,,,3,,,1,not_enough_blocks,5338,skip,,,,triangle_alpha
,,,,,,,,,,,,,,,,,,,,,3,,,0,not_enough_blocks,5339,skip,,,,triangle_alpha
,,,,,,,,,,,,,,,,,,,,,3,,,1,not_enough_blocks,5340,skip,,,,triangle_alpha
,,,,,,,,,,,,,,,,,,,,,3,,,0,not_enough_blocks,5341,skip,,,,triangle_alpha
,,,,,,,,,,,,,,,,,,,,,3,,,0,not_enough_blocks,5342,skip,,,,triangle_alpha
,,,,,,,,,,,,,,,,,,,,,3,,,0,not_enough_blocks,5343,skip,,,,triangle_alpha
,,,,,,,,,,,,,,,,,,,,,3,,,0,not_enough_blocks,5344,skip,,,,triangle_alpha
,,,,,,,,,,,,,,,,,,,,,3,,,0,not_enough_blocks,5345,skip,,,,triangle_alpha
,,,,,,,,,,,,,,,,,,,,,3,,,0,not_enough_blocks,5346,skip,,,,triangle_alpha
,,,,,,,,,,,,,,,,,,,,,3,,,0,not_enough_blocks,5347,skip,,,,triangle_alpha
,,,,,,,,,,,,,,,,,,,,,3,,,0,not_enough_blocks,5348,skip,,,,triangle_alpha
,,,,,,,,,,,,,,,,,,,,,3,,,0,not_enough_blocks,5349,skip,,,,triangle_alpha
,,,,,,,,,,,,,,,,,,,,,3,,,0,not_enough_blocks,5350,skip,,,,triangle_alpha
,,,,,,,,,,,,,,,,,,,,,3,,,0,not_enough_blocks,5351,skip,,,,triangle_alpha
,,,,,,,,,,,,,,,,,,,,,3,,,1,not_enough_blocks,5352,skip,,,,triangle_alpha
,,,,,,,,,,,,,,,,,,,,,3,,,0,not_enough_blocks,5353,skip,,,,triangle_alpha
,,,,,,,,,,,,,,,,,,,,,3,,,1,not_enough_blocks,5354,skip,,,,triangle_alpha
,,,,,,,,,,,,,,,,,,,,,3,,,0,not_enough_blocks,5355,skip,,,,triangle_alpha
,,,,,,,,,,,,,,,,,,,,,3,,,0,not_enough_blocks,5356,skip,,,,triangle_alpha
,,,,,,,,,,,,,,,,,,,,,3,,,0,not_enough_blocks,5357,skip,,,,triangle_alpha
,,,,,,,,,,,,,,,,,,,,,3,,,0,not_enough_blocks,5358,skip,,,,triangle_alpha
,,,,,,,,,,,,,,,,,,,,,3,,,0,not_enough_blocks,5359,skip,,,,triangle_alpha
,,,,,,,,,,,,,,,,,,,,,3,,,1,not_enough_blocks,5360,skip,,,,triangle_alpha
,,,,,,,,,,,,,,,,,,,,,3,,,0,not_enough_blocks,5361,skip,,,,triangle_alpha
,,,,,,,,,,,,,,,,,,,,,3,,,0,not_enough_blocks,5362,skip,,,,triangle_alpha
,,,,,,,,,,,,,,,,,,,,,3,,,0,not_enough_blocks,5363,skip,,,,triangle_alpha
,,,,,,,,,,,,,,,,,,,,,3,,,0,not_enough_blocks,5364,skip,,,,triangle_alpha
,,,,,,,,,,,,,,,,,,,,,3,,,0,not_enough_blocks,5365,skip,,,,triangle_alpha
,,,,,,,,,,,,,,,,,,,,,3,,,0,not_enough_blocks,5366,skip,,,,triangle_alpha
,,,,,,,,,,,,,,,,,,,,,3,,,0,not_enough_blocks,5367,skip,,,,triangle_alpha
,,,,,,,,,,,,,,,,,,,,,3,,,0,not_enough_blocks,5368,skip,,,,triangle_alpha
,,,,,,,,,,,,,,,,,,,,,3,,,0,not_enough_blocks,5369,skip,,,,triangle_alpha
,,,,,,,,,,,,,,,,,,,,,3,,,0,not_enough_blocks,5370,skip,,,,triangle_alpha
,,,,,,,,,,,,,,,,,,,,,3,,,0,not_enough_blocks,5371,skip,,,,triangle_alpha
,,,,,,,,,,,,,,,,,,,,,3,,,0,not_enough_blocks,5372,skip,,,,triangle_alpha
,,,,,,,,,,,,,,,,,,,,,3,,,0,not_enough_blocks,5373,skip,,,,triangle_alpha
,,,,,,,,,,,,,,,,,,,,,3,,,0,not_enough_blocks,5374,skip,,,,triangle_alpha
,,,,,,,,,,,,,,,,,,,,,3,,,0,not_enough_blocks,5375,skip,,,,triangle_alpha
,,,,,,,,,,,,,,,,,,,,,3,,,0,not_enough_blocks,5376,skip,,,,triangle_alpha
,,,,,,,,,,,,,,,,,,,,,3,,,0,not_enough_blocks,5377,skip,,,,triangle_alpha
,,,,,,,,,,,,,,,,,,,,,3,,,0,not_enough_blocks,5378,skip,,,,triangle_alpha
,,,,,,,,,,,,,,,,,,,,,3,,,0,not_enough_blocks,5379,skip,,,,triangle_alpha
,,,,,,,,,,,,,,,,,,,,,3,,,1,not_enough_blocks,5380,skip,,,,triangle_alpha
,,,,,,,,,,,,,,,,,,,,,3,,,1,not_enough_blocks,5381,skip,,,,triangle_alpha
,,,,,,,,,,,,,,,,,,,,,3,,,2,not_enough_blocks,5382,skip,,,,triangle_alpha
,,,,,,,,,,,,,,,,,,,,,3,,,1,not_enough_blocks,5383,skip,,,,triangle_alpha
,,,,,,,,,,,,,,,,,,,,,3,,,0,not_enough_blocks,5384,skip,,,,triangle_alpha
,,,,,,,,,,,,,,,,,,,,,3,,,2,not_enough_blocks,5385,skip,,,,triangle_alpha
,,,,,,,,,,,,,,,,,,,,,3,,,1,not_enough_blocks,5386,skip,,,,triangle_alpha
,,,,,,,,,,,,,,,,,,,,,3,,,0,not_enough_blocks,5387,skip,,,,triangle_alpha
,,,,,,,,,,,,,,,,,,,,,3,,,0,not_enough_blocks,5388,skip,,,,triangle_alpha
,,,,,,,,,,,,,,,,,,,,,3,,,0,not_enough_blocks,5389,skip,,,,triangle_alpha
,,,,,,,,,,,,,,,,,,,,,3,,,0,not_enough_blocks,5390,skip,,,,triangle_alpha
,,,,,,,,,,,,,,,,,,,,,3,,,1,not_enough_blocks,5391,skip,,,,triangle_alpha
,,,,,,,,,,,,,,,,,,,,,3,,,0,not_enough_blocks,5392,skip,,,,triangle_alpha
,,,,,,,,,,,,,,,,,,,,,3,,,0,not_enough_blocks,5393,skip,,,,triangle_alpha
,,,,,,,,,,,,,,,,,,,,,3,,,0,not_enough_blocks,5394,skip,,,,triangle_alpha
,,,,,,,,,,,,,,,,,,,,,3,,,0,not_enough_blocks,5395,skip,,,,triangle_alpha
,,,,,,,,,,,,,,,,,,,,,3,,,0,not_enough_blocks,5396,skip,,,,triangle_alpha
,,,,,,,,,,,,,,,,,,,,,3,,,1,not_enough_blocks,5397,skip,,,,triangle_alpha
,,,,,,,,,,,,,,,,,,,,,3,,,0,not_enough_blocks,5398,skip,,,,triangle_alpha
,,,,,,,,,,,,,,,,,,,,,3,,,0,not_enough_blocks,5399,skip,,,,triangle_alpha
,,,,,,,,,,,,,,,,,,,,,3,,,0,not_enough_blocks,5400,skip,,,,triangle_alpha
,,,,,,,,,,,,,,,,,,,,,3,,,0,not_enough_blocks,5401,skip,,,,triangle_alpha
,,,,,,,,,,,,,,,,,,,,,3,,,0,not_enough_blocks,5402,skip,,,,triangle_alpha
,,,,,,,,,,,,,,,,,,,,,3,,,0,not_enough_blocks,5403,skip,,,,triangle_alpha
,,,,,,,,,,,,,,,,,,,,,3,,,0,not_enough_blocks,5404,skip,,,,triangle_alpha
,,,,,,,,,,,,,,,,,,,,,3,,,0,not_enough_blocks,5405,skip,,,,triangle_alpha
,,,,,,,,,,,,,,,,,,,,,3,,,0,not_enough_blocks,5406,skip,,,,triangle_alpha
,,,,,,,,,,,,,,,,,,,,,3,,,0,not_enough_blocks,5407,skip,,,,triangle_alpha
,,,,,,,,,,,,,,,,,,,,,3,,,0,not_enough_blocks,5408,skip,,,,triangle_alpha
,,,,,,,,,,,,,,,,,,,,,3,,,0,not_enough_blocks,5409,skip,,,,triangle_alpha
,,,,,,,,,,,,,,,,,,,,,3,,,0,not_enough_blocks,5410,skip,,,,triangle_alpha
,,,,,,,,,,,,,,,,,,,,,3,,,1,not_enough_blocks,5411,skip,,,,triangle_alpha
,,,,,,,,,,,,,,,,,,,,,3,,,2,not_enough_blocks,5412,skip,,,,triangle_alpha
,,,,,,,,,,,,,,,,,,,,,3,,,0,not_enough_blocks,5413,skip,,,,triangle_alpha
,,,,,,,,,,,,,,,,,,,,,3,,,0,not_enough_blocks,5414,skip,,,,triangle_alpha
,,,,,,,,,,,,,,,,,,,,,3,,,0,not_enough_blocks,5415,skip,,,,triangle_alpha
,,,,,,,,,,,,,,,,,,,,,3,,,0,not_enough_blocks,5416,skip,,,,triangle_alpha
,,,,,,,,,,,,,,,,,,,,,3,,,0,not_enough_blocks,5417,skip,,,,triangle_alpha
,,,,,,,,,,,,,,,,,,,,,3,,,0,not_enough_blocks,5418,skip,,,,triangle_alpha
,,,,,,,,,,,,,,,,,,,,,3,,,0,not_enough_blocks,5419,skip,,,,triangle_alpha
,,,,,,,,,,,,,,,,,,,,,3,,,0,not_enough_blocks,5420,skip,,,,triangle_alpha
,,,,,,,,,,,,,,,,,,,,,3,,,0,not_enough_blocks,5421,skip,,,,triangle_alpha
,,,,,,,,,,,,,,,,,,,,,3,,,0,not_enough_blocks,5422,skip,,,,triangle_alpha
,,,,,,,,,,,,,,,,,,,,,3,,,0,not_enough_blocks,5423,skip,,,,triangle_alpha
,,,,,,,,,,,,,,,,,,,,,3,,,0,not_enough_blocks,5424,skip,,,,triangle_alpha
,,,,,,,,,,,,,,,,,,,,,3,,,1,not_enough_blocks,5425,skip,,,,triangle_alpha
,,,,,,,,,,,,,,,,,,,,,3,,,0,not_enough_blocks,5426,skip,,,,triangle_alpha
,,,,,,,,,,,,,,,,,,,,,3,,,0,not_enough_blocks,5427,skip,,,,triangle_alpha
,,,,,,,,,,,,,,,,,,,,,3,,,0,not_enough_blocks,5428,skip,,,,triangle_alpha
,,,,,,,,,,,,,,,,,,,,,3,,,1,not_enough_blocks,5429,skip,,,,triangle_alpha
,,,,,,,,,,,,,,,,,,,,,3,,,1,not_enough_blocks,5430,skip,,,,triangle_alpha
,,,,,,,,,,,,,,,,,,,,,3,,,0,not_enough_blocks,5431,skip,,,,triangle_alpha
,,,,,,,,,,,,,,,,,,,,,3,,,1,not_enough_blocks,5432,skip,,,,triangle_alpha
,,,,,,,,,,,,,,,,,,,,,3,,,0,not_enough_blocks,5433,skip,,,,triangle_alpha
,,,,,,,,,,,,,,,,,,,,,3,,,0,not_enough_blocks,5434,skip,,,,triangle_alpha
,,,,,,,,,,,,,,,,,,,,,3,,,0,not_enough_blocks,5435,skip,,,,triangle_alpha
,,,,,,,,,,,,,,,,,,,,,3,,,0,not_enough_blocks,5436,skip,,,,triangle_alpha
,,,,,,,,,,,,,,,,,,,,,3,,,0,not_enough_blocks,5437,skip,,,,triangle_alpha
,,,,,,,,,,,,,,,,,,,,,3,,,0,not_enough_blocks,5438,skip,,,,triangle_alpha
,,,,,,,,,,,,,,,,,,,,,3,,,0,not_enough_blocks,5439,skip,,,,triangle_alpha
,,,,,,,,,,,,,,,,,,,,,3,,,1,not_enough_blocks,5440,skip,,,,triangle_alpha
,,,,,,,,,,,,,,,,,,,,,3,,,0,not_enough_blocks,5441,skip,,,,triangle_alpha
,,,,,,,,,,,,,,,,,,,,,3,,,0,not_enough_blocks,5442,skip,,,,triangle_alpha
,,,,,,,,,,,,,,,,,,,,,3,,,0,not_enough_blocks,5443,skip,,,,triangle_alpha
,,,,,,,,,,,,,,,,,,,,,3,,,0,not_enough_blocks,5444,skip,,,,triangle_alpha
,,,,,,,,,,,,,,,,,,,,,3,,,1,not_enough_blocks,5445,skip,,,,triangle_alpha
,,,,,,,,,,,,,,,,,,,,,3,,,0,not_enough_blocks,5446,skip,,,,triangle_alpha
,,,,,,,,,,,,,,,,,,,,,3,,,0,not_enough_blocks,5447,skip,,,,triangle_alpha
,,,,,,,,,,,,,,,,,,,,,3,,,0,not_enough_blocks,5448,skip,,,,triangle_alpha
,,,,,,,,,,,,,,,,,,,,,3,,,0,not_enough_blocks,5449,skip,,,,triangle_alpha
,,,,,,,,,,,,,,,,,,,,,3,,,0,not_enough_blocks,5450,skip,,,,triangle_alpha
,,,,,,,,,,,,,,,,,,,,,3,,,0,not_enough_blocks,5451,skip,,,,triangle_alpha
,,,,,,,,,,,,,,,,,,,,,3,,,0,not_enough_blocks,5452,skip,,,,triangle_alpha
,,,,,,,,,,,,,,,,,,,,,3,,,0,not_enough_blocks,5453,skip,,,,triangle_alpha
,,,,,,,,,,,,,,,,,,,,,3,,,0,not_enough_blocks,5454,skip,,,,triangle_alpha
,,,,,,,,,,,,,,,,,,,,,3,,,0,not_enough_blocks,5455,skip,,,,triangle_alpha
,,,,,,,,,,,,,,,,,,,,,3,,,0,not_enough_blocks,5456,skip,,,,triangle_alpha
,,,,,,,,,,,,,,,,,,,,,3,,,0,not_enough_blocks,5457,skip,,,,triangle_alpha
,,,,,,,,,,,,,,,,,,,,,3,,,0,not_enough_blocks,5458,skip,,,,triangle_alpha
,,,,,,,,,,,,,,,,,,,,,3,,,1,not_enough_blocks,5459,skip,,,,triangle_alpha
,,,,,,,,,,,,,,,,,,,,,3,,,0,not_enough_blocks,5460,skip,,,,triangle_alpha
,,,,,,,,,,,,,,,,,,,,,3,,,0,not_enough_blocks,5461,skip,,,,triangle_alpha
,,,,,,,,,,,,,,,,,,,,,3,,,0,not_enough_blocks,5462,skip,,,,triangle_alpha
,,,,,,,,,,,,,,,,,,,,,3,,,0,not_enough_blocks,5463,skip,,,,triangle_alpha
,,,,,,,,,,,,,,,,,,,,,3,,,0,not_enough_blocks,5464,skip,,,,triangle_alpha
,,,,,,,,,,,,,,,,,,,,,3,,,1,not_enough_blocks,5465,skip,,,,triangle_alpha
,,,,,,,,,,,,,,,,,,,,,3,,,0,not_enough_blocks,5466,skip,,,,triangle_alpha
,,,,,,,,,,,,,,,,,,,,,3,,,1,not_enough_blocks,5467,skip,,,,triangle_alpha
,,,,,,,,,,,,,,,,,,,,,3,,,0,not_enough_blocks,5468,skip,,,,triangle_alpha
,,,,,,,,,,,,,,,,,,,,,3,,,0,not_enough_blocks,5469,skip,,,,triangle_alpha
,,,,,,,,,,,,,,,,,,,,,3,,,0,not_enough_blocks,5470,skip,,,,triangle_alpha
,,,,,,,,,,,,,,,,,,,,,3,,,0,not_enough_blocks,5471,skip,,,,triangle_alpha
,,,,,,,,,,,,,,,,,,,,,3,,,0,not_enough_blocks,5472,skip,,,,triangle_alpha
,,,,,,,,,,,,,,,,,,,,,3,,,0,not_enough_blocks,5473,skip,,,,triangle_alpha
,,,,,,,,,,,,,,,,,,,,,3,,,0,not_enough_blocks,5474,skip,,,,triangle_alpha
,,,,,,,,,,,,,,,,,,,,,3,,,0,not_enough_blocks,5475,skip,,,,triangle_alpha
,,,,,,,,,,,,,,,,,,,,,3,,,0,not_enough_blocks,5476,skip,,,,triangle_alpha
,,,,,,,,,,,,,,,,,,,,,3,,,0,not_enough_blocks,5477,skip,,,,triangle_alpha
,,,,,,,,,,,,,,,,,,,,,3,,,0,not_enough_blocks,5478,skip,,,,triangle_alpha
,,,,,,,,,,,,,,,,,,,,,3,,,0,not_enough_blocks,5479,skip,,,,triangle_alpha
,,,,,,,,,,,,,,,,,,,,,3,,,0,not_enough_blocks,5480,skip,,,,triangle_alpha
,,,,,,,,,,,,,,,,,,,,,3,,,0,not_enough_blocks,5481,skip,,,,triangle_alpha
,,,,,,,,,,,,,,,,,,,,,3,,,0,not_enough_blocks,5482,skip,,,,triangle_alpha
,,,,,,,,,,,,,,,,,,,,,3,,,0,not_enough_blocks,5483,skip,,,,triangle_alpha
,,,,,,,,,,,,,,,,,,,,,3,,,0,not_enough_blocks,5484,skip,,,,triangle_alpha
,,,,,,,,,,,,,,,,,,,,,3,,,0,not_enough_blocks,5485,skip,,,,triangle_alpha
,,,,,,,,,,,,,,,,,,,,,3,,,0,not_enough_blocks,5486,skip,,,,triangle_alpha
,,,,,,,,,,,,,,,,,,,,,3,,,0,not_enough_blocks,5487,skip,,,,triangle_alpha
,,,,,,,,,,,,,,,,,,,,,3,,,0,not_enough_blocks,5488,skip,,,,triangle_alpha
,,,,,,,,,,,,,,,,,,,,,3,,,0,not_enough_blocks,5489,skip,,,,triangle_alpha
,,,,,,,,,,,,,,,,,,,,,3,,,0,not_enough_blocks,5490,skip,,,,triangle_alpha
,,,,,,,,,,,,,,,,,,,,,3,,,0,not_enough_blocks,5491,skip,,,,triangle_alpha
,,,,,,,,,,,,,,,,,,,,,3,,,0,not_enough_blocks,5492,skip,,,,triangle_alpha
,,,,,,,,,,,,,,,,,,,,,3,,,0,not_enough_blocks,5493,skip,,,,triangle_alpha
,,,,,,,,,,,,,,,,,,,,,3,,,0,not_enough_blocks,5494,skip,,,,triangle_alpha
,,,,,,,,,,,,,,,,,,,,,3,,,0,not_enough_blocks,5495,skip,,,,triangle_alpha
,,,,,,,,,,,,,,,,,,,,,3,,,0,not_enough_blocks,5496,skip,,,,triangle_alpha
,,,,,,,,,,,,,,,,,,,,,3,,,1,not_enough_blocks,5497,skip,,,,triangle_alpha
,,,,,,,,,,,,,,,,,,,,,3,,,0,not_enough_blocks,5498,skip,,,,triangle_alpha
,,,,,,,,,,,,,,,,,,,,,3,,,1,not_enough_blocks,5499,skip,,,,triangle_alpha
,,,,,,,,,,,,,,,,,,,,,3,,,0,not_enough_blocks,5500,skip,,,,triangle_alpha
,,,,,,,,,,,,,,,,,,,,,3,,,0,not_enough_blocks,5501,skip,,,,triangle_alpha
,,,,,,,,,,,,,,,,,,,,,3,,,0,not_enough_blocks,5502,skip,,,,triangle_alpha
,,,,,,,,,,,,,,,,,,,,,3,,,0,not_enough_blocks,5503,skip,,,,triangle_alpha
,,,,,,,,,,,,,,,,,,,,,3,,,2,not_enough_blocks,5504,skip,,,,triangle_alpha
,,,,,,,,,,,,,,,,,,,,,3,,,0,not_enough_blocks,5505,skip,,,,triangle_alpha
,,,,,,,,,,,,,,,,,,,,,3,,,0,not_enough_blocks,5506,skip,,,,triangle_alpha
,,,,,,,,,,,,,,,,,,,,,3,,,1,not_enough_blocks,5507,skip,,,,triangle_alpha
,,,,,,,,,,,,,,,,,,,,,3,,,0,not_enough_blocks,5508,skip,,,,triangle_alpha
,,,,,,,,,,,,,,,,,,,,,3,,,0,not_enough_blocks,5509,skip,,,,triangle_alpha
,,,,,,,,,,,,,,,,,,,,,3,,,1,not_enough_blocks,5510,skip,,,,triangle_alpha
,,,,,,,,,,,,,,,,,,,,,3,,,0,not_enough_blocks,5511,skip,,,,triangle_alpha
,,,,,,,,,,,,,,,,,,,,,3,,,0,not_enough_blocks,5512,skip,,,,triangle_alpha
,,,,,,,,,,,,,,,,,,,,,3,,,0,not_enough_blocks,5513,skip,,,,triangle_alpha
,,,,,,,,,,,,,,,,,,,,,3,,,0,not_enough_blocks,5514,skip,,,,triangle_alpha
,,,,,,,,,,,,,,,,,,,,,3,,,0,not_enough_blocks,5515,skip,,,,triangle_alpha
,,,,,,,,,,,,,,,,,,,,,3,,,0,not_enough_blocks,5516,skip,,,,triangle_alpha
,,,,,,,,,,,,,,,,,,,,,3,,,0,not_enough_blocks,5517,skip,,,,triangle_alpha
,,,,,,,,,,,,,,,,,,,,,3,,,0,not_enough_blocks,5518,skip,,,,triangle_alpha
,,,,,,,,,,,,,,,,,,,,,3,,,0,not_enough_blocks,5519,skip,,,,triangle_alpha
,,,,,,,,,,,,,,,,,,,,,3,,,0,not_enough_blocks,5520,skip,,,,triangle_alpha
,,,,,,,,,,,,,,,,,,,,,3,,,0,not_enough_blocks,5521,skip,,,,triangle_alpha
,,,,,,,,,,,,,,,,,,,,,3,,,0,not_enough_blocks,5522,skip,,,,triangle_alpha
,,,,,,,,,,,,,,,,,,,,,3,,,1,not_enough_blocks,5523,skip,,,,triangle_alpha
,,,,,,,,,,,,,,,,,,,,,3,,,0,not_enough_blocks,5524,skip,,,,triangle_alpha
,,,,,,,,,,,,,,,,,,,,,3,,,0,not_enough_blocks,5525,skip,,,,triangle_alpha
,,,,,,,,,,,,,,,,,,,,,3,,,1,not_enough_blocks,5526,skip,,,,triangle_alpha
,,,,,,,,,,,,,,,,,,,,,3,,,0,not_enough_blocks,5527,skip,,,,triangle_alpha
,,,,,,,,,,,,,,,,,,,,,3,,,0,not_enough_blocks,5528,skip,,,,triangle_alpha
,,,,,,,,,,,,,,,,,,,,,3,,,0,not_enough_blocks,5529,skip,,,,triangle_alpha
,,,,,,,,,,,,,,,,,,,,,3,,,0,not_enough_blocks,5530,skip,,,,triangle_alpha
,,,,,,,,,,,,,,,,,,,,,3,,,0,not_enough_blocks,5531,skip,,,,triangle_alpha
,,,,,,,,,,,,,,,,,,,,,3,,,0,not_enough_blocks,5532,skip,,,,triangle_alpha
,,,,,,,,,,,,,,,,,,,,,3,,,0,not_enough_blocks,5533,skip,,,,triangle_alpha
,,,,,,,,,,,,,,,,,,,,,3,,,0,not_enough_blocks,5534,skip,,,,triangle_alpha
,,,,,,,,,,,,,,,,,,,,,3,,,0,not_enough_blocks,5535,skip,,,,triangle_alpha
,,,,,,,,,,,,,,,,,,,,,3,,,0,not_enough_blocks,5536,skip,,,,triangle_alpha
,,,,,,,,,,,,,,,,,,,,,3,,,0,not_enough_blocks,5537,skip,,,,triangle_alpha
,,,,,,,,,,,,,,,,,,,,,3,,,0,not_enough_blocks,5538,skip,,,,triangle_alpha
,,,,,,,,,,,,,,,,,,,,,3,,,0,not_enough_blocks,5539,skip,,,,triangle_alpha
,,,,,,,,,,,,,,,,,,,,,3,,,0,not_enough_blocks,5540,skip,,,,triangle_alpha
,,,,,,,,,,,,,,,,,,,,,3,,,0,not_enough_blocks,5541,skip,,,,triangle_alpha
,,,,,,,,,,,,,,,,,,,,,3,,,0,not_enough_blocks,5542,skip,,,,triangle_alpha
,,,,,,,,,,,,,,,,,,,,,3,,,0,not_enough_blocks,5543,skip,,,,triangle_alpha
,,,,,,,,,,,,,,,,,,,,,3,,,1,not_enough_blocks,5544,skip,,,,triangle_alpha
,,,,,,,,,,,,,,,,,,,,,3,,,1,not_enough_blocks,5545,skip,,,,triangle_alpha
,,,,,,,,,,,,,,,,,,,,,3,,,0,not_enough_blocks,5546,skip,,,,triangle_alpha
,,,,,,,,,,,,,,,,,,,,,3,,,0,not_enough_blocks,5547,skip,,,,triangle_alpha
,,,,,,,,,,,,,,,,,,,,,3,,,1,not_enough_blocks,5548,skip,,,,triangle_alpha
,,,,,,,,,,,,,,,,,,,,,3,,,0,not_enough_blocks,5549,skip,,,,triangle_alpha
,,,,,,,,,,,,,,,,,,,,,3,,,0,not_enough_blocks,5550,skip,,,,triangle_alpha
,,,,,,,,,,,,,,,,,,,,,3,,,0,not_enough_blocks,5551,skip,,,,triangle_alpha
,,,,,,,,,,,,,,,,,,,,,3,,,0,not_enough_blocks,5552,skip,,,,triangle_alpha
,,,,,,,,,,,,,,,,,,,,,3,,,0,not_enough_blocks,5553,skip,,,,triangle_alpha
,,,,,,,,,,,,,,,,,,,,,3,,,0,not_enough_blocks,5554,skip,,,,triangle_alpha
,,,,,,,,,,,,,,,,,,,,,3,,,0,not_enough_blocks,5555,skip,,,,triangle_alpha
,,,,,,,,,,,,,,,,,,,,,3,,,0,not_enough_blocks,5556,skip,,,,triangle_alpha
,,,,,,,,,,,,,,,,,,,,,3,,,0,not_enough_blocks,5557,skip,,,,triangle_alpha
,,,,,,,,,,,,,,,,,,,,,3,,,0,not_enough_blocks,5558,skip,,,,triangle_alpha
,,,,,,,,,,,,,,,,,,,,,3,,,0,not_enough_blocks,5559,skip,,,,triangle_alpha
,,,,,,,,,,,,,,,,,,,,,3,,,0,not_enough_blocks,5560,skip,,,,triangle_alpha
,,,,,,,,,,,,,,,,,,,,,3,,,0,not_enough_blocks,5561,skip,,,,triangle_alpha
,,,,,,,,,,,,,,,,,,,,,3,,,0,not_enough_blocks,5562,skip,,,,triangle_alpha
,,,,,,,,,,,,,,,,,,,,,3,,,0,not_enough_blocks,5563,skip,,,,triangle_alpha
,,,,,,,,,,,,,,,,,,,,,3,,,0,not_enough_blocks,5564,skip,,,,triangle_alpha
,,,,,,,,,,,,,,,,,,,,,3,,,0,not_enough_blocks,5565,skip,,,,triangle_alpha
,,,,,,,,,,,,,,,,,,,,,3,,,1,not_enough_blocks,5566,skip,,,,triangle_alpha
,,,,,,,,,,,,,,,,,,,,,3,,,1,not_enough_blocks,5567,skip,,,,triangle_alpha
,,,,,,,,,,,,,,,,,,,,,3,,,0,not_enough_blocks,5568,skip,,,,triangle_alpha
,,,,,,,,,,,,,,,,,,,,,3,,,0,not_enough_blocks,5569,skip,,,,triangle_alpha
,,,,,,,,,,,,,,,,,,,,,3,,,1,not_enough_blocks,5570,skip,,,,triangle_alpha
,,,,,,,,,,,,,,,,,,,,,3,,,1,not_enough_blocks,5571,skip,,,,triangle_alpha
,,,,,,,,,,,,,,,,,,,,,3,,,0,not_enough_blocks,5572,skip,,,,triangle_alpha
,,,,,,,,,,,,,,,,,,,,,3,,,0,not_enough_blocks,5573,skip,,,,triangle_alpha
,,,,,,,,,,,,,,,,,,,,,3,,,0,not_enough_blocks,5574,skip,,,,triangle_alpha
,,,,,,,,,,,,,,,,,,,,,3,,,0,not_enough_blocks,5575,skip,,,,triangle_alpha
,,,,,,,,,,,,,,,,,,,,,3,,,0,not_enough_blocks,5576,skip,,,,triangle_alpha
,,,,,,,,,,,,,,,,,,,,,3,,,0,not_enough_blocks,5577,skip,,,,triangle_alpha
,,,,,,,,,,,,,,,,,,,,,3,,,0,not_enough_blocks,5578,skip,,,,triangle_alpha
,,,,,,,,,,,,,,,,,,,,,3,,,0,not_enough_blocks,5579,skip,,,,triangle_alpha
,,,,,,,,,,,,,,,,,,,,,3,,,1,not_enough_blocks,5580,skip,,,,triangle_alpha
,,,,,,,,,,,,,,,,,,,,,3,,,0,not_enough_blocks,5581,skip,,,,triangle_alpha
,,,,,,,,,,,,,,,,,,,,,3,,,0,not_enough_blocks,5582,skip,,,,triangle_alpha
,,,,,,,,,,,,,,,,,,,,,3,,,0,not_enough_blocks,5583,skip,,,,triangle_alpha
,,,,,,,,,,,,,,,,,,,,,3,,,0,not_enough_blocks,5584,skip,,,,triangle_alpha
,,,,,,,,,,,,,,,,,,,,,3,,,0,not_enough_blocks,5585,skip,,,,triangle_alpha
,,,,,,,,,,,,,,,,,,,,,3,,,0,not_enough_blocks,5586,skip,,,,triangle_alpha
,,,,,,,,,,,,,,,,,,,,,3,,,0,not_enough_blocks,5587,skip,,,,triangle_alpha
,,,,,,,,,,,,,,,,,,,,,3,,,0,not_enough_blocks,5588,skip,,,,triangle_alpha
,,,,,,,,,,,,,,,,,,,,,3,,,0,not_enough_blocks,5589,skip,,,,triangle_alpha
,,,,,,,,,,,,,,,,,,,,,3,,,0,not_enough_blocks,5590,skip,,,,triangle_alpha
,,,,,,,,,,,,,,,,,,,,,3,,,0,not_enough_blocks,5591,skip,,,,triangle_alpha
,,,,,,,,,,,,,,,,,,,,,3,,,0,not_enough_blocks,5592,skip,,,,triangle_alpha
,,,,,,,,,,,,,,,,,,,,,3,,,0,not_enough_blocks,5593,skip,,,,triangle_alpha
,,,,,,,,,,,,,,,,,,,,,3,,,0,not_enough_blocks,5594,skip,,,,triangle_alpha
,,,,,,,,,,,,,,,,,,,,,3,,,0,not_enough_blocks,5595,skip,,,,triangle_alpha
,,,,,,,,,,,,,,,,,,,,,3,,,0,not_enough_blocks,5596,skip,,,,triangle_alpha
,,,,,,,,,,,,,,,,,,,,,3,,,0,not_enough_blocks,5597,skip,,,,triangle_alpha
,,,,,,,,,,,,,,,,,,,,,3,,,0,not_enough_blocks,5598,skip,,,,triangle_alpha
,,,,,,,,,,,,,,,,,,,,,3,,,1,not_enough_blocks,5599,skip,,,,triangle_alpha
,,,,,,,,,,,,,,,,,,,,,3,,,1,not_enough_blocks,5600,skip,,,,triangle_alpha
,,,,,,,,,,,,,,,,,,,,,3,,,0,not_enough_blocks,5601,skip,,,,triangle_alpha
,,,,,,,,,,,,,,,,,,,,,3,,,0,not_enough_blocks,5602,skip,,,,triangle_alpha
,,,,,,,,,,,,,,,,,,,,,3,,,0,not_enough_blocks,5603,skip,,,,triangle_alpha
,,,,,,,,,,,,,,,,,,,,,3,,,0,not_enough_blocks,5604,skip,,,,triangle_alpha
,,,,,,,,,,,,,,,,,,,,,3,,,0,not_enough_blocks,5605,skip,,,,triangle_alpha
,,,,,,,,,,,,,,,,,,,,,3,,,0,not_enough_blocks,5606,skip,,,,triangle_alpha
,,,,,,,,,,,,,,,,,,,,,3,,,0,not_enough_blocks,5607,skip,,,,triangle_alpha
,,,,,,,,,,,,,,,,,,,,,3,,,0,not_enough_blocks,5608,skip,,,,triangle_alpha
,,,,,,,,,,,,,,,,,,,,,3,,,0,not_enough_blocks,5609,skip,,,,triangle_alpha
,,,,,,,,,,,,,,,,,,,,,3,,,0,not_enough_blocks,5610,skip,,,,triangle_alpha
,,,,,,,,,,,,,,,,,,,,,3,,,1,not_enough_blocks,5611,skip,,,,triangle_alpha
,,,,,,,,,,,,,,,,,,,,,3,,,0,not_enough_blocks,5612,skip,,,,triangle_alpha
,,,,,,,,,,,,,,,,,,,,,3,,,0,not_enough_blocks,5613,skip,,,,triangle_alpha
,,,,,,,,,,,,,,,,,,,,,3,,,1,not_enough_blocks,5614,skip,,,,triangle_alpha
,,,,,,,,,,,,,,,,,,,,,3,,,0,not_enough_blocks,5615,skip,,,,triangle_alpha
,,,,,,,,,,,,,,,,,,,,,3,,,0,not_enough_blocks,5616,skip,,,,triangle_alpha
,,,,,,,,,,,,,,,,,,,,,3,,,0,not_enough_blocks,5617,skip,,,,triangle_alpha
,,,,,,,,,,,,,,,,,,,,,3,,,0,not_enough_blocks,5618,skip,,,,triangle_alpha
,,,,,,,,,,,,,,,,,,,,,3,,,0,not_enough_blocks,5619,skip,,,,triangle_alpha
,,,,,,,,,,,,,,,,,,,,,3,,,0,not_enough_blocks,5620,skip,,,,triangle_alpha
,,,,,,,,,,,,,,,,,,,,,3,,,0,not_enough_blocks,5621,skip,,,,triangle_alpha
,,,,,,,,,,,,,,,,,,,,,3,,,1,not_enough_blocks,5622,skip,,,,triangle_alpha
,,,,,,,,,,,,,,,,,,,,,3,,,0,not_enough_blocks,5623,skip,,,,triangle_alpha
,,,,,,,,,,,,,,,,,,,,,3,,,0,not_enough_blocks,5624,skip,,,,triangle_alpha
,,,,,,,,,,,,,,,,,,,,,3,,,0,not_enough_blocks,5625,skip,,,,triangle_alpha
,,,,,,,,,,,,,,,,,,,,,3,,,1,not_enough_blocks,5626,skip,,,,triangle_alpha
,,,,,,,,,,,,,,,,,,,,,3,,,0,not_enough_blocks,5627,skip,,,,triangle_alpha
,,,,,,,,,,,,,,,,,,,,,3,,,0,not_enough_blocks,5628,skip,,,,triangle_alpha
,,,,,,,,,,,,,,,,,,,,,3,,,0,not_enough_blocks,5629,skip,,,,triangle_alpha
,,,,,,,,,,,,,,,,,,,,,3,,,0,not_enough_blocks,5630,skip,,,,triangle_alpha
,,,,,,,,,,,,,,,,,,,,,3,,,0,not_enough_blocks,5631,skip,,,,triangle_alpha
,,,,,,,,,,,,,,,,,,,,,3,,,0,not_enough_blocks,5632,skip,,,,triangle_alpha
,,,,,,,,,,,,,,,,,,,,,3,,,0,not_enough_blocks,5633,skip,,,,triangle_alpha
,,,,,,,,,,,,,,,,,,,,,3,,,1,not_enough_blocks,5634,skip,,,,triangle_alpha
,,,,,,,,,,,,,,,,,,,,,3,,,0,not_enough_blocks,5635,skip,,,,triangle_alpha
,,,,,,,,,,,,,,,,,,,,,3,,,1,not_enough_blocks,5636,skip,,,,triangle_alpha
,,,,,,,,,,,,,,,,,,,,,3,,,0,not_enough_blocks,5637,skip,,,,triangle_alpha
,,,,,,,,,,,,,,,,,,,,,3,,,1,not_enough_blocks,5638,skip,,,,triangle_alpha
,,,,,,,,,,,,,,,,,,,,,3,,,0,not_enough_blocks,5639,skip,,,,triangle_alpha
,,,,,,,,,,,,,,,,,,,,,3,,,0,not_enough_blocks,5640,skip,,,,triangle_alpha
,,,,,,,,,,,,,,,,,,,,,3,,,0,not_enough_blocks,5641,skip,,,,triangle_alpha
,,,,,,,,,,,,,,,,,,,,,3,,,0,not_enough_blocks,5642,skip,,,,triangle_alpha
,,,,,,,,,,,,,,,,,,,,,3,,,0,not_enough_blocks,5643,skip,,,,triangle_alpha
,,,,,,,,,,,,,,,,,,,,,3,,,0,not_enough_blocks,5644,skip,,,,triangle_alpha
,,,,,,,,,,,,,,,,,,,,,3,,,0,not_enough_blocks,5645,skip,,,,triangle_alpha
,,,,,,,,,,,,,,,,,,,,,3,,,0,not_enough_blocks,5646,skip,,,,triangle_alpha
,,,,,,,,,,,,,,,,,,,,,3,,,1,not_enough_blocks,5647,skip,,,,triangle_alpha
,,,,,,,,,,,,,,,,,,,,,3,,,0,not_enough_blocks,5648,skip,,,,triangle_alpha
,,,,,,,,,,,,,,,,,,,,,3,,,0,not_enough_blocks,5649,skip,,,,triangle_alpha
,,,,,,,,,,,,,,,,,,,,,3,,,0,not_enough_blocks,5650,skip,,,,triangle_alpha
,,,,,,,,,,,,,,,,,,,,,3,,,0,not_enough_blocks,5651,skip,,,,triangle_alpha
,,,,,,,,,,,,,,,,,,,,,3,,,1,not_enough_blocks,5652,skip,,,,triangle_alpha
,,,,,,,,,,,,,,,,,,,,,3,,,0,not_enough_blocks,5653,skip,,,,triangle_alpha
,,,,,,,,,,,,,,,,,,,,,3,,,0,not_enough_blocks,5654,skip,,,,triangle_alpha
,,,,,,,,,,,,,,,,,,,,,3,,,1,not_enough_blocks,5655,skip,,,,triangle_alpha
,,,,,,,,,,,,,,,,,,,,,3,,,0,not_enough_blocks,5656,skip,,,,triangle_alpha
,,,,,,,,,,,,,,,,,,,,,3,,,2,not_enough_blocks,5657,skip,,,,triangle_alpha
,,,,,,,,,,,,,,,,,,,,,3,,,1,not_enough_blocks,5658,skip,,,,triangle_alpha
,,,,,,,,,,,,,,,,,,,,,3,,,0,not_enough_blocks,5659,skip,,,,triangle_alpha
,,,,,,,,,,,,,,,,,,,,,3,,,0,not_enough_blocks,5660,skip,,,,triangle_alpha
,,,,,,,,,,,,,,,,,,,,,3,,,0,not_enough_blocks,5661,skip,,,,triangle_alpha
,,,,,,,,,,,,,,,,,,,,,3,,,0,not_enough_blocks,5662,skip,,,,triangle_alpha
,,,,,,,,,,,,,,,,,,,,,3,,,0,not_enough_blocks,5663,skip,,,,triangle_alpha
,,,,,,,,,,,,,,,,,,,,,3,,,0,not_enough_blocks,5664,skip,,,,triangle_alpha
,,,,,,,,,,,,,,,,,,,,,3,,,0,not_enough_blocks,5665,skip,,,,triangle_alpha
,,,,,,,,,,,,,,,,,,,,,3,,,0,not_enough_blocks,5666,skip,,,,triangle_alpha
,,,,,,,,,,,,,,,,,,,,,3,,,0,not_enough_blocks,5667,skip,,,,triangle_alpha
,,,,,,,,,,,,,,,,,,,,,3,,,0,not_enough_blocks,5668,skip,,,,triangle_alpha
,,,,,,,,,,,,,,,,,,,,,3,,,0,not_enough_blocks,5669,skip,,,,triangle_alpha
,,,,,,,,,,,,,,,,,,,,,3,,,0,not_enough_blocks,5670,skip,,,,triangle_alpha
,,,,,,,,,,,,,,,,,,,,,3,,,0,not_enough_blocks,5671,skip,,,,triangle_alpha
,,,,,,,,,,,,,,,,,,,,,3,,,0,not_enough_blocks,5672,skip,,,,triangle_alpha
,,,,,,,,,,,,,,,,,,,,,3,,,0,not_enough_blocks,5673,skip,,,,triangle_alpha
,,,,,,,,,,,,,,,,,,,,,3,,,0,not_enough_blocks,5674,skip,,,,triangle_alpha
,,,,,,,,,,,,,,,,,,,,,3,,,0,not_enough_blocks,5675,skip,,,,triangle_alpha
,,,,,,,,,,,,,,,,,,,,,3,,,0,not_enough_blocks,5676,skip,,,,triangle_alpha
,,,,,,,,,,,,,,,,,,,,,3,,,0,not_enough_blocks,5677,skip,,,,triangle_alpha
,,,,,,,,,,,,,,,,,,,,,3,,,0,not_enough_blocks,5678,skip,,,,triangle_alpha
,,,,,,,,,,,,,,,,,,,,,3,,,0,not_enough_blocks,5679,skip,,,,triangle_alpha
,,,,,,,,,,,,,,,,,,,,,3,,,0,not_enough_blocks,5680,skip,,,,triangle_alpha
,,,,,,,,,,,,,,,,,,,,,3,,,1,not_enough_blocks,5681,skip,,,,triangle_alpha
,,,,,,,,,,,,,,,,,,,,,3,,,0,not_enough_blocks,5682,skip,,,,triangle_alpha
,,,,,,,,,,,,,,,,,,,,,3,,,0,not_enough_blocks,5683,skip,,,,triangle_alpha
,,,,,,,,,,,,,,,,,,,,,3,,,0,not_enough_blocks,5684,skip,,,,triangle_alpha
,,,,,,,,,,,,,,,,,,,,,3,,,0,not_enough_blocks,5685,skip,,,,triangle_alpha
,,,,,,,,,,,,,,,,,,,,,3,,,0,not_enough_blocks,5686,skip,,,,triangle_alpha
,,,,,,,,,,,,,,,,,,,,,3,,,0,not_enough_blocks,5687,skip,,,,triangle_alpha
,,,,,,,,,,,,,,,,,,,,,3,,,1,not_enough_blocks,5688,skip,,,,triangle_alpha
,,,,,,,,,,,,,,,,,,,,,3,,,1,not_enough_blocks,5689,skip,,,,triangle_alpha
,,,,,,,,,,,,,,,,,,,,,3,,,0,not_enough_blocks,5690,skip,,,,triangle_alpha
,,,,,,,,,,,,,,,,,,,,,3,,,0,not_enough_blocks,5691,skip,,,,triangle_alpha
,,,,,,,,,,,,,,,,,,,,,3,,,0,not_enough_blocks,5692,skip,,,,triangle_alpha
,,,,,,,,,,,,,,,,,,,,,3,,,0,not_enough_blocks,5693,skip,,,,triangle_alpha
,,,,,,,,,,,,,,,,,,,,,3,,,0,not_enough_blocks,5694,skip,,,,triangle_alpha
,,,,,,,,,,,,,,,,,,,,,3,,,0,not_enough_blocks,5695,skip,,,,triangle_alpha
,,,,,,,,,,,,,,,,,,,,,3,,,0,not_enough_blocks,5696,skip,,,,triangle_alpha
,,,,,,,,,,,,,,,,,,,,,3,,,1,not_enough_blocks,5697,skip,,,,triangle_alpha
,,,,,,,,,,,,,,,,,,,,,3,,,0,not_enough_blocks,5698,skip,,,,triangle_alpha
,,,,,,,,,,,,,,,,,,,,,3,,,0,not_enough_blocks,5699,skip,,,,triangle_alpha
,,,,,,,,,,,,,,,,,,,,,3,,,0,not_enough_blocks,5700,skip,,,,triangle_alpha
,,,,,,,,,,,,,,,,,,,,,3,,,0,not_enough_blocks,5701,skip,,,,triangle_alpha
,,,,,,,,,,,,,,,,,,,,,3,,,0,not_enough_blocks,5702,skip,,,,triangle_alpha
,,,,,,,,,,,,,,,,,,,,,3,,,0,not_enough_blocks,5703,skip,,,,triangle_alpha
,,,,,,,,,,,,,,,,,,,,,3,,,0,not_enough_blocks,5704,skip,,,,triangle_alpha
,,,,,,,,,,,,,,,,,,,,,3,,,0,not_enough_blocks,5705,skip,,,,triangle_alpha
,,,,,,,,,,,,,,,,,,,,,3,,,0,not_enough_blocks,5706,skip,,,,triangle_alpha
,,,,,,,,,,,,,,,,,,,,,3,,,0,not_enough_blocks,5707,skip,,,,triangle_alpha
,,,,,,,,,,,,,,,,,,,,,3,,,0,not_enough_blocks,5708,skip,,,,triangle_alpha
,,,,,,,,,,,,,,,,,,,,,3,,,0,not_enough_blocks,5709,skip,,,,triangle_alpha
,,,,,,,,,,,,,,,,,,,,,3,,,0,not_enough_blocks,5710,skip,,,,triangle_alpha
,,,,,,,,,,,,,,,,,,,,,3,,,0,not_enough_blocks,5711,skip,,,,triangle_alpha
,,,,,,,,,,,,,,,,,,,,,3,,,0,not_enough_blocks,5712,skip,,,,triangle_alpha
,,,,,,,,,,,,,,,,,,,,,3,,,0,not_enough_blocks,5713,skip,,,,triangle_alpha
,,,,,,,,,,,,,,,,,,,,,3,,,0,not_enough_blocks,5714,skip,,,,triangle_alpha
,,,,,,,,,,,,,,,,,,,,,3,,,0,not_enough_blocks,5715,skip,,,,triangle_alpha
,,,,,,,,,,,,,,,,,,,,,3,,,0,not_enough_blocks,5716,skip,,,,triangle_alpha
,,,,,,,,,,,,,,,,,,,,,3,,,0,not_enough_blocks,5717,skip,,,,triangle_alpha
,,,,,,,,,,,,,,,,,,,,,3,,,0,not_enough_blocks,5718,skip,,,,triangle_alpha
,,,,,,,,,,,,,,,,,,,,,3,,,0,not_enough_blocks,5719,skip,,,,triangle_alpha
,,,,,,,,,,,,,,,,,,,,,3,,,0,not_enough_blocks,5720,skip,,,,triangle_alpha
,,,,,,,,,,,,,,,,,,,,,3,,,0,not_enough_blocks,5721,skip,,,,triangle_alpha
,,,,,,,,,,,,,,,,,,,,,3,,,0,not_enough_blocks,5722,skip,,,,triangle_alpha
,,,,,,,,,,,,,,,,,,,,,3,,,0,not_enough_blocks,5723,skip,,,,triangle_alpha
,,,,,,,,,,,,,,,,,,,,,3,,,1,not_enough_blocks,5724,skip,,,,triangle_alpha
,,,,,,,,,,,,,,,,,,,,,3,,,0,not_enough_blocks,5725,skip,,,,triangle_alpha
,,,,,,,,,,,,,,,,,,,,,3,,,0,not_enough_blocks,5726,skip,,,,triangle_alpha
,,,,,,,,,,,,,,,,,,,,,3,,,0,not_enough_blocks,5727,skip,,,,triangle_alpha
,,,,,,,,,,,,,,,,,,,,,3,,,0,not_enough_blocks,5728,skip,,,,triangle_alpha
,,,,,,,,,,,,,,,,,,,,,3,,,0,not_enough_blocks,5729,skip,,,,triangle_alpha
,,,,,,,,,,,,,,,,,,,,,3,,,1,not_enough_blocks,5730,skip,,,,triangle_alpha
,,,,,,,,,,,,,,,,,,,,,3,,,0,not_enough_blocks,5731,skip,,,,triangle_alpha
,,,,,,,,,,,,,,,,,,,,,3,,,0,not_enough_blocks,5732,skip,,,,triangle_alpha
,,,,,,,,,,,,,,,,,,,,,3,,,0,not_enough_blocks,5733,skip,,,,triangle_alpha
,,,,,,,,,,,,,,,,,,,,,3,,,0,not_enough_blocks,5734,skip,,,,triangle_alpha
,,,,,,,,,,,,,,,,,,,,,3,,,0,not_enough_blocks,5735,skip,,,,triangle_alpha
,,,,,,,,,,,,,,,,,,,,,3,,,0,not_enough_blocks,5736,skip,,,,triangle_alpha
,,,,,,,,,,,,,,,,,,,,,3,,,1,not_enough_blocks,5737,skip,,,,triangle_alpha
,,,,,,,,,,,,,,,,,,,,,3,,,1,not_enough_blocks,5738,skip,,,,triangle_alpha
,,,,,,,,,,,,,,,,,,,,,3,,,0,not_enough_blocks,5739,skip,,,,triangle_alpha
,,,,,,,,,,,,,,,,,,,,,3,,,0,not_enough_blocks,5740,skip,,,,triangle_alpha
,,,,,,,,,,,,,,,,,,,,,3,,,0,not_enough_blocks,5741,skip,,,,triangle_alpha
,,,,,,,,,,,,,,,,,,,,,3,,,0,not_enough_blocks,5742,skip,,,,triangle_alpha
,,,,,,,,,,,,,,,,,,,,,3,,,0,not_enough_blocks,5743,skip,,,,triangle_alpha
,,,,,,,,,,,,,,,,,,,,,3,,,0,not_enough_blocks,5744,skip,,,,triangle_alpha
,,,,,,,,,,,,,,,,,,,,,3,,,0,not_enough_blocks,5745,skip,,,,triangle_alpha
,,,,,,,,,,,,,,,,,,,,,3,,,0,not_enough_blocks,5746,skip,,,,triangle_alpha
,,,,,,,,,,,,,,,,,,,,,3,,,0,not_enough_blocks,5747,skip,,,,triangle_alpha
,,,,,,,,,,,,,,,,,,,,,3,,,0,not_enough_blocks,5748,skip,,,,triangle_alpha
,,,,,,,,,,,,,,,,,,,,,3,,,0,not_enough_blocks,5749,skip,,,,triangle_alpha
,,,,,,,,,,,,,,,,,,,,,3,,,0,not_enough_blocks,5750,skip,,,,triangle_alpha
,,,,,,,,,,,,,,,,,,,,,3,,,0,not_enough_blocks,5751,skip,,,,triangle_alpha
,,,,,,,,,,,,,,,,,,,,,3,,,0,not_enough_blocks,5752,skip,,,,triangle_alpha
,,,,,,,,,,,,,,,,,,,,,3,,,0,not_enough_blocks,5753,skip,,,,triangle_alpha
,,,,,,,,,,,,,,,,,,,,,3,,,0,not_enough_blocks,5754,skip,,,,triangle_alpha
,,,,,,,,,,,,,,,,,,,,,3,,,0,not_enough_blocks,5755,skip,,,,triangle_alpha
,,,,,,,,,,,,,,,,,,,,,3,,,0,not_enough_blocks,5756,skip,,,,triangle_alpha
,,,,,,,,,,,,,,,,,,,,,3,,,0,not_enough_blocks,5757,skip,,,,triangle_alpha
,,,,,,,,,,,,,,,,,,,,,3,,,1,not_enough_blocks,5758,skip,,,,triangle_alpha
,,,,,,,,,,,,,,,,,,,,,3,,,0,not_enough_blocks,5759,skip,,,,triangle_alpha
,,,,,,,,,,,,,,,,,,,,,3,,,0,not_enough_blocks,5760,skip,,,,triangle_alpha
,,,,,,,,,,,,,,,,,,,,,3,,,0,not_enough_blocks,5761,skip,,,,triangle_alpha
,,,,,,,,,,,,,,,,,,,,,3,,,0,not_enough_blocks,5762,skip,,,,triangle_alpha
,,,,,,,,,,,,,,,,,,,,,3,,,0,not_enough_blocks,5763,skip,,,,triangle_alpha
,,,,,,,,,,,,,,,,,,,,,3,,,0,not_enough_blocks,5764,skip,,,,triangle_alpha
,,,,,,,,,,,,,,,,,,,,,3,,,0,not_enough_blocks,5765,skip,,,,triangle_alpha
,,,,,,,,,,,,,,,,,,,,,3,,,0,not_enough_blocks,5766,skip,,,,triangle_alpha
,,,,,,,,,,,,,,,,,,,,,3,,,0,not_enough_blocks,5767,skip,,,,triangle_alpha
,,,,,,,,,,,,,,,,,,,,,3,,,0,not_enough_blocks,5768,skip,,,,triangle_alpha
,,,,,,,,,,,,,,,,,,,,,3,,,0,not_enough_blocks,5769,skip,,,,triangle_alpha
,,,,,,,,,,,,,,,,,,,,,3,,,1,not_enough_blocks,5770,skip,,,,triangle_alpha
,,,,,,,,,,,,,,,,,,,,,3,,,0,not_enough_blocks,5771,skip,,,,triangle_alpha
,,,,,,,,,,,,,,,,,,,,,3,,,0,not_enough_blocks,5772,skip,,,,triangle_alpha
,,,,,,,,,,,,,,,,,,,,,3,,,0,not_enough_blocks,5773,skip,,,,triangle_alpha
,,,,,,,,,,,,,,,,,,,,,3,,,0,not_enough_blocks,5774,skip,,,,triangle_alpha
,,,,,,,,,,,,,,,,,,,,,3,,,0,not_enough_blocks,5775,skip,,,,triangle_alpha
,,,,,,,,,,,,,,,,,,,,,3,,,0,not_enough_blocks,5776,skip,,,,triangle_alpha
,,,,,,,,,,,,,,,,,,,,,3,,,1,not_enough_blocks,5777,skip,,,,triangle_alpha
,,,,,,,,,,,,,,,,,,,,,3,,,0,not_enough_blocks,5778,skip,,,,triangle_alpha
,,,,,,,,,,,,,,,,,,,,,3,,,0,not_enough_blocks,5779,skip,,,,triangle_alpha
,,,,,,,,,,,,,,,,,,,,,3,,,0,not_enough_blocks,5780,skip,,,,triangle_alpha
,,,,,,,,,,,,,,,,,,,,,3,,,0,not_enough_blocks,5781,skip,,,,triangle_alpha
,,,,,,,,,,,,,,,,,,,,,3,,,0,not_enough_blocks,5782,skip,,,,triangle_alpha
,,,,,,,,,,,,,,,,,,,,,3,,,0,not_enough_blocks,5783,skip,,,,triangle_alpha
,,,,,,,,,,,,,,,,,,,,,3,,,0,not_enough_blocks,5784,skip,,,,triangle_alpha
,,,,,,,,,,,,,,,,,,,,,3,,,0,not_enough_blocks,5785,skip,,,,triangle_alpha
,,,,,,,,,,,,,,,,,,,,,3,,,0,not_enough_blocks,5786,skip,,,,triangle_alpha
,,,,,,,,,,,,,,,,,,,,,3,,,0,not_enough_blocks,5787,skip,,,,triangle_alpha
,,,,,,,,,,,,,,,,,,,,,3,,,0,not_enough_blocks,5788,skip,,,,triangle_alpha
,,,,,,,,,,,,,,,,,,,,,3,,,0,not_enough_blocks,5789,skip,,,,triangle_alpha
,,,,,,,,,,,,,,,,,,,,,3,,,0,not_enough_blocks,5790,skip,,,,triangle_alpha
,,,,,,,,,,,,,,,,,,,,,3,,,0,not_enough_blocks,5791,skip,,,,triangle_alpha
,,,,,,,,,,,,,,,,,,,,,3,,,0,not_enough_blocks,5792,skip,,,,triangle_alpha
,,,,,,,,,,,,,,,,,,,,,3,,,0,not_enough_blocks,5793,skip,,,,triangle_alpha
,,,,,,,,,,,,,,,,,,,,,3,,,1,not_enough_blocks,5794,skip,,,,triangle_alpha
,,,,,,,,,,,,,,,,,,,,,3,,,0,not_enough_blocks,5795,skip,,,,triangle_alpha
,,,,,,,,,,,,,,,,,,,,,3,,,1,not_enough_blocks,5796,skip,,,,triangle_alpha
,,,,,,,,,,,,,,,,,,,,,3,,,1,not_enough_blocks,5797,skip,,,,triangle_alpha
,,,,,,,,,,,,,,,,,,,,,3,,,0,not_enough_blocks,5798,skip,,,,triangle_alpha
,,,,,,,,,,,,,,,,,,,,,3,,,0,not_enough_blocks,5799,skip,,,,triangle_alpha
,,,,,,,,,,,,,,,,,,,,,3,,,0,not_enough_blocks,5800,skip,,,,triangle_alpha
,,,,,,,,,,,,,,,,,,,,,3,,,0,not_enough_blocks,5801,skip,,,,triangle_alpha
,,,,,,,,,,,,,,,,,,,,,3,,,0,not_enough_blocks,5802,skip,,,,triangle_alpha
,,,,,,,,,,,,,,,,,,,,,3,,,0,not_enough_blocks,5803,skip,,,,triangle_alpha
,,,,,,,,,,,,,,,,,,,,,3,,,0,not_enough_blocks,5804,skip,,,,triangle_alpha
,,,,,,,,,,,,,,,,,,,,,3,,,0,not_enough_blocks,5805,skip,,,,triangle_alpha
,,,,,,,,,,,,,,,,,,,,,3,,,0,not_enough_blocks,5806,skip,,,,triangle_alpha
,,,,,,,,,,,,,,,,,,,,,3,,,1,not_enough_blocks,5807,skip,,,,triangle_alpha
,,,,,,,,,,,,,,,,,,,,,3,,,0,not_enough_blocks,5808,skip,,,,triangle_alpha
,,,,,,,,,,,,,,,,,,,,,3,,,0,not_enough_blocks,5809,skip,,,,triangle_alpha
,,,,,,,,,,,,,,,,,,,,,3,,,1,not_enough_blocks,5810,skip,,,,triangle_alpha
,,,,,,,,,,,,,,,,,,,,,3,,,0,not_enough_blocks,5811,skip,,,,triangle_alpha
,,,,,,,,,,,,,,,,,,,,,3,,,1,not_enough_blocks,5812,skip,,,,triangle_alpha
,,,,,,,,,,,,,,,,,,,,,3,,,1,not_enough_blocks,5813,skip,,,,triangle_alpha
,,,,,,,,,,,,,,,,,,,,,3,,,0,not_enough_blocks,5814,skip,,,,triangle_alpha
,,,,,,,,,,,,,,,,,,,,,3,,,0,not_enough_blocks,5815,skip,,,,triangle_alpha
,,,,,,,,,,,,,,,,,,,,,3,,,0,not_enough_blocks,5816,skip,,,,triangle_alpha
,,,,,,,,,,,,,,,,,,,,,3,,,0,not_enough_blocks,5817,skip,,,,triangle_alpha
,,,,,,,,,,,,,,,,,,,,,3,,,0,not_enough_blocks,5818,skip,,,,triangle_alpha
,,,,,,,,,,,,,,,,,,,,,3,,,0,not_enough_blocks,5819,skip,,,,triangle_alpha
,,,,,,,,,,,,,,,,,,,,,3,,,1,not_enough_blocks,5820,skip,,,,triangle_alpha
,,,,,,,,,,,,,,,,,,,,,3,,,1,not_enough_blocks,5821,skip,,,,triangle_alpha
,,,,,,,,,,,,,,,,,,,,,3,,,0,not_enough_blocks,5822,skip,,,,triangle_alpha
,,,,,,,,,,,,,,,,,,,,,3,,,0,not_enough_blocks,5823,skip,,,,triangle_alpha
,,,,,,,,,,,,,,,,,,,,,3,,,0,not_enough_blocks,5824,skip,,,,triangle_alpha
,,,,,,,,,,,,,,,,,,,,,3,,,0,not_enough_blocks,5825,skip,,,,triangle_alpha
,,,,,,,,,,,,,,,,,,,,,3,,,0,not_enough_blocks,5826,skip,,,,triangle_alpha
,,,,,,,,,,,,,,,,,,,,,3,,,1,not_enough_blocks,5827,skip,,,,triangle_alpha
,,,,,,,,,,,,,,,,,,,,,3,,,1,not_enough_blocks,5828,skip,,,,triangle_alpha
,,,,,,,,,,,,,,,,,,,,,3,,,0,not_enough_blocks,5829,skip,,,,triangle_alpha
,,,,,,,,,,,,,,,,,,,,,3,,,0,not_enough_blocks,5830,skip,,,,triangle_alpha
,,,,,,,,,,,,,,,,,,,,,3,,,1,not_enough_blocks,5831,skip,,,,triangle_alpha
,,,,,,,,,,,,,,,,,,,,,3,,,0,not_enough_blocks,5832,skip,,,,triangle_alpha
,,,,,,,,,,,,,,,,,,,,,3,,,1,not_enough_blocks,5833,skip,,,,triangle_alpha
,,,,,,,,,,,,,,,,,,,,,3,,,0,not_enough_blocks,5834,skip,,,,triangle_alpha
,,,,,,,,,,,,,,,,,,,,,3,,,0,not_enough_blocks,5835,skip,,,,triangle_alpha
,,,,,,,,,,,,,,,,,,,,,3,,,0,not_enough_blocks,5836,skip,,,,triangle_alpha
,,,,,,,,,,,,,,,,,,,,,3,,,0,not_enough_blocks,5837,skip,,,,triangle_alpha
,,,,,,,,,,,,,,,,,,,,,3,,,0,not_enough_blocks,5838,skip,,,,triangle_alpha
,,,,,,,,,,,,,,,,,,,,,3,,,0,not_enough_blocks,5839,skip,,,,triangle_alpha
,,,,,,,,,,,,,,,,,,,,,3,,,0,not_enough_blocks,5840,skip,,,,triangle_alpha
,,,,,,,,,,,,,,,,,,,,,3,,,0,not_enough_blocks,5841,skip,,,,triangle_alpha
,,,,,,,,,,,,,,,,,,,,,3,,,0,not_enough_blocks,5842,skip,,,,triangle_alpha
,,,,,,,,,,,,,,,,,,,,,3,,,0,not_enough_blocks,5843,skip,,,,triangle_alpha
,,,,,,,,,,,,,,,,,,,,,3,,,0,not_enough_blocks,5844,skip,,,,triangle_alpha
,,,,,,,,,,,,,,,,,,,,,3,,,0,not_enough_blocks,5845,skip,,,,triangle_alpha
,,,,,,,,,,,,,,,,,,,,,3,,,1,not_enough_blocks,5846,skip,,,,triangle_alpha
,,,,,,,,,,,,,,,,,,,,,3,,,0,not_enough_blocks,5847,skip,,,,triangle_alpha
,,,,,,,,,,,,,,,,,,,,,3,,,1,not_enough_blocks,5848,skip,,,,triangle_alpha
,,,,,,,,,,,,,,,,,,,,,3,,,0,not_enough_blocks,5849,skip,,,,triangle_alpha
,,,,,,,,,,,,,,,,,,,,,3,,,1,not_enough_blocks,5850,skip,,,,triangle_alpha
,,,,,,,,,,,,,,,,,,,,,3,,,0,not_enough_blocks,5851,skip,,,,triangle_alpha
,,,,,,,,,,,,,,,,,,,,,3,,,0,not_enough_blocks,5852,skip,,,,triangle_alpha
,,,,,,,,,,,,,,,,,,,,,3,,,0,not_enough_blocks,5853,skip,,,,triangle_alpha
,,,,,,,,,,,,,,,,,,,,,3,,,1,not_enough_blocks,5854,skip,,,,triangle_alpha
,,,,,,,,,,,,,,,,,,,,,3,,,0,not_enough_blocks,5855,skip,,,,triangle_alpha
,,,,,,,,,,,,,,,,,,,,,3,,,0,not_enough_blocks,5856,skip,,,,triangle_alpha
,,,,,,,,,,,,,,,,,,,,,3,,,0,not_enough_blocks,5857,skip,,,,triangle_alpha
,,,,,,,,,,,,,,,,,,,,,3,,,0,not_enough_blocks,5858,skip,,,,triangle_alpha
,,,,,,,,,,,,,,,,,,,,,3,,,1,not_enough_blocks,5859,skip,,,,triangle_alpha
,,,,,,,,,,,,,,,,,,,,,3,,,1,not_enough_blocks,5860,skip,,,,triangle_alpha
,,,,,,,,,,,,,,,,,,,,,3,,,0,not_enough_blocks,5861,skip,,,,triangle_alpha
,,,,,,,,,,,,,,,,,,,,,3,,,0,not_enough_blocks,5862,skip,,,,triangle_alpha
,,,,,,,,,,,,,,,,,,,,,3,,,0,not_enough_blocks,5863,skip,,,,triangle_alpha
,,,,,,,,,,,,,,,,,,,,,3,,,0,not_enough_blocks,5864,skip,,,,triangle_alpha
,,,,,,,,,,,,,,,,,,,,,3,,,0,not_enough_blocks,5865,skip,,,,triangle_alpha
,,,,,,,,,,,,,,,,,,,,,3,,,1,not_enough_blocks,5866,skip,,,,triangle_alpha
,,,,,,,,,,,,,,,,,,,,,3,,,0,not_enough_blocks,5867,skip,,,,triangle_alpha
,,,,,,,,,,,,,,,,,,,,,3,,,0,not_enough_blocks,5868,skip,,,,triangle_alpha
,,,,,,,,,,,,,,,,,,,,,3,,,0,not_enough_blocks,5869,skip,,,,triangle_alpha
,,,,,,,,,,,,,,,,,,,,,3,,,0,not_enough_blocks,5870,skip,,,,triangle_alpha
,,,,,,,,,,,,,,,,,,,,,3,,,0,not_enough_blocks,5871,skip,,,,triangle_alpha
,,,,,,,,,,,,,,,,,,,,,3,,,0,not_enough_blocks,5872,skip,,,,triangle_alpha
,,,,,,,,,,,,,,,,,,,,,3,,,0,not_enough_blocks,5873,skip,,,,triangle_alpha
,,,,,,,,,,,,,,,,,,,,,3,,,0,not_enough_blocks,5874,skip,,,,triangle_alpha
,,,,,,,,,,,,,,,,,,,,,3,,,0,not_enough_blocks,5875,skip,,,,triangle_alpha
,,,,,,,,,,,,,,,,,,,,,3,,,0,not_enough_blocks,5876,skip,,,,triangle_alpha
,,,,,,,,,,,,,,,,,,,,,3,,,1,not_enough_blocks,5877,skip,,,,triangle_alpha
,,,,,,,,,,,,,,,,,,,,,3,,,0,not_enough_blocks,5878,skip,,,,triangle_alpha
,,,,,,,,,,,,,,,,,,,,,3,,,0,not_enough_blocks,5879,skip,,,,triangle_alpha
,,,,,,,,,,,,,,,,,,,,,3,,,0,not_enough_blocks,5880,skip,,,,triangle_alpha
,,,,,,,,,,,,,,,,,,,,,3,,,1,not_enough_blocks,5881,skip,,,,triangle_alpha
,,,,,,,,,,,,,,,,,,,,,3,,,0,not_enough_blocks,5882,skip,,,,triangle_alpha
,,,,,,,,,,,,,,,,,,,,,3,,,0,not_enough_blocks,5883,skip,,,,triangle_alpha
,,,,,,,,,,,,,,,,,,,,,3,,,0,not_enough_blocks,5884,skip,,,,triangle_alpha
,,,,,,,,,,,,,,,,,,,,,3,,,0,not_enough_blocks,5885,skip,,,,triangle_alpha
,,,,,,,,,,,,,,,,,,,,,3,,,0,not_enough_blocks,5886,skip,,,,triangle_alpha
,,,,,,,,,,,,,,,,,,,,,3,,,0,not_enough_blocks,5887,skip,,,,triangle_alpha
,,,,,,,,,,,,,,,,,,,,,3,,,0,not_enough_blocks,5888,skip,,,,triangle_alpha
,,,,,,,,,,,,,,,,,,,,,3,,,0,not_enough_blocks,5889,skip,,,,triangle_alpha
,,,,,,,,,,,,,,,,,,,,,3,,,0,not_enough_blocks,5890,skip,,,,triangle_alpha
,,,,,,,,,,,,,,,,,,,,,3,,,0,not_enough_blocks,5891,skip,,,,triangle_alpha
,,,,,,,,,,,,,,,,,,,,,3,,,0,not_enough_blocks,5892,skip,,,,triangle_alpha
,,,,,,,,,,,,,,,,,,,,,3,,,0,not_enough_blocks,5893,skip,,,,triangle_alpha
,,,,,,,,,,,,,,,,,,,,,3,,,0,not_enough_blocks,5894,skip,,,,triangle_alpha
,,,,,,,,,,,,,,,,,,,,,3,,,0,not_enough_blocks,5895,skip,,,,triangle_alpha
,,,,,,,,,,,,,,,,,,,,,3,,,0,not_enough_blocks,5896,skip,,,,triangle_alpha
,,,,,,,,,,,,,,,,,,,,,3,,,0,not_enough_blocks,5897,skip,,,,triangle_alpha
,,,,,,,,,,,,,,,,,,,,,3,,,0,not_enough_blocks,5898,skip,,,,triangle_alpha
,,,,,,,,,,,,,,,,,,,,,3,,,0,not_enough_blocks,5899,skip,,,,triangle_alpha
,,,,,,,,,,,,,,,,,,,,,3,,,0,not_enough_blocks,5900,skip,,,,triangle_alpha
,,,,,,,,,,,,,,,,,,,,,3,,,0,not_enough_blocks,5901,skip,,,,triangle_alpha
,,,,,,,,,,,,,,,,,,,,,3,,,1,not_enough_blocks,5902,skip,,,,triangle_alpha
,,,,,,,,,,,,,,,,,,,,,3,,,0,not_enough_blocks,5903,skip,,,,triangle_alpha
,,,,,,,,,,,,,,,,,,,,,3,,,0,not_enough_blocks,5904,skip,,,,triangle_alpha
,,,,,,,,,,,,,,,,,,,,,3,,,0,not_enough_blocks,5905,skip,,,,triangle_alpha
,,,,,,,,,,,,,,,,,,,,,3,,,0,not_enough_blocks,5906,skip,,,,triangle_alpha
,,,,,,,,,,,,,,,,,,,,,3,,,0,not_enough_blocks,5907,skip,,,,triangle_alpha
,,,,,,,,,,,,,,,,,,,,,3,,,0,not_enough_blocks,5908,skip,,,,triangle_alpha
,,,,,,,,,,,,,,,,,,,,,3,,,0,not_enough_blocks,5909,skip,,,,triangle_alpha
,,,,,,,,,,,,,,,,,,,,,3,,,0,not_enough_blocks,5910,skip,,,,triangle_alpha
,,,,,,,,,,,,,,,,,,,,,3,,,0,not_enough_blocks,5911,skip,,,,triangle_alpha
,,,,,,,,,,,,,,,,,,,,,3,,,0,not_enough_blocks,5912,skip,,,,triangle_alpha
,,,,,,,,,,,,,,,,,,,,,3,,,1,not_enough_blocks,5913,skip,,,,triangle_alpha
,,,,,,,,,,,,,,,,,,,,,3,,,1,not_enough_blocks,5914,skip,,,,triangle_alpha
,,,,,,,,,,,,,,,,,,,,,3,,,0,not_enough_blocks,5915,skip,,,,triangle_alpha
,,,,,,,,,,,,,,,,,,,,,3,,,0,not_enough_blocks,5916,skip,,,,triangle_alpha
,,,,,,,,,,,,,,,,,,,,,3,,,1,not_enough_blocks,5917,skip,,,,triangle_alpha
,,,,,,,,,,,,,,,,,,,,,3,,,0,not_enough_blocks,5918,skip,,,,triangle_alpha
,,,,,,,,,,,,,,,,,,,,,3,,,0,not_enough_blocks,5919,skip,,,,triangle_alpha
,,,,,,,,,,,,,,,,,,,,,3,,,0,not_enough_blocks,5920,skip,,,,triangle_alpha
,,,,,,,,,,,,,,,,,,,,,3,,,0,not_enough_blocks,5921,skip,,,,triangle_alpha
,,,,,,,,,,,,,,,,,,,,,3,,,0,not_enough_blocks,5922,skip,,,,triangle_alpha
,,,,,,,,,,,,,,,,,,,,,3,,,0,not_enough_blocks,5923,skip,,,,triangle_alpha
,,,,,,,,,,,,,,,,,,,,,3,,,0,not_enough_blocks,5924,skip,,,,triangle_alpha
,,,,,,,,,,,,,,,,,,,,,3,,,0,not_enough_blocks,5925,skip,,,,triangle_alpha
,,,,,,,,,,,,,,,,,,,,,3,,,1,not_enough_blocks,5926,skip,,,,triangle_alpha
,,,,,,,,,,,,,,,,,,,,,3,,,0,not_enough_blocks,5927,skip,,,,triangle_alpha
,,,,,,,,,,,,,,,,,,,,,3,,,0,not_enough_blocks,5928,skip,,,,triangle_alpha
,,,,,,,,,,,,,,,,,,,,,3,,,0,not_enough_blocks,5929,skip,,,,triangle_alpha
,,,,,,,,,,,,,,,,,,,,,3,,,0,not_enough_blocks,5930,skip,,,,triangle_alpha
,,,,,,,,,,,,,,,,,,,,,3,,,1,not_enough_blocks,5931,skip,,,,triangle_alpha
,,,,,,,,,,,,,,,,,,,,,3,,,0,not_enough_blocks,5932,skip,,,,triangle_alpha
,,,,,,,,,,,,,,,,,,,,,3,,,0,not_enough_blocks,5933,skip,,,,triangle_alpha
,,,,,,,,,,,,,,,,,,,,,3,,,0,not_enough_blocks,5934,skip,,,,triangle_alpha
,,,,,,,,,,,,,,,,,,,,,3,,,0,not_enough_blocks,5935,skip,,,,triangle_alpha
,,,,,,,,,,,,,,,,,,,,,3,,,0,not_enough_blocks,5936,skip,,,,triangle_alpha
,,,,,,,,,,,,,,,,,,,,,3,,,1,not_enough_blocks,5937,skip,,,,triangle_alpha
,,,,,,,,,,,,,,,,,,,,,3,,,0,not_enough_blocks,5938,skip,,,,triangle_alpha
,,,,,,,,,,,,,,,,,,,,,3,,,0,not_enough_blocks,5939,skip,,,,triangle_alpha
,,,,,,,,,,,,,,,,,,,,,3,,,0,not_enough_blocks,5940,skip,,,,triangle_alpha
,,,,,,,,,,,,,,,,,,,,,3,,,0,not_enough_blocks,5941,skip,,,,triangle_alpha
,,,,,,,,,,,,,,,,,,,,,3,,,0,not_enough_blocks,5942,skip,,,,triangle_alpha
,,,,,,,,,,,,,,,,,,,,,3,,,1,not_enough_blocks,5943,skip,,,,triangle_alpha
,,,,,,,,,,,,,,,,,,,,,3,,,0,not_enough_blocks,5944,skip,,,,triangle_alpha
,,,,,,,,,,,,,,,,,,,,,3,,,0,not_enough_blocks,5945,skip,,,,triangle_alpha
,,,,,,,,,,,,,,,,,,,,,3,,,0,not_enough_blocks,5946,skip,,,,triangle_alpha
,,,,,,,,,,,,,,,,,,,,,3,,,0,not_enough_blocks,5947,skip,,,,triangle_alpha
,,,,,,,,,,,,,,,,,,,,,3,,,0,not_enough_blocks,5948,skip,,,,triangle_alpha
,,,,,,,,,,,,,,,,,,,,,3,,,0,not_enough_blocks,5949,skip,,,,triangle_alpha
,,,,,,,,,,,,,,,,,,,,,3,,,0,not_enough_blocks,5950,skip,,,,triangle_alpha
,,,,,,,,,,,,,,,,,,,,,3,,,0,not_enough_blocks,5951,skip,,,,triangle_alpha
,,,,,,,,,,,,,,,,,,,,,3,,,0,not_enough_blocks,5952,skip,,,,triangle_alpha
,,,,,,,,,,,,,,,,,,,,,3,,,0,not_enough_blocks,5953,skip,,,,triangle_alpha
,,,,,,,,,,,,,,,,,,,,,3,,,1,not_enough_blocks,5954,skip,,,,triangle_alpha
,,,,,,,,,,,,,,,,,,,,,3,,,0,not_enough_blocks,5955,skip,,,,triangle_alpha
,,,,,,,,,,,,,,,,,,,,,3,,,0,not_enough_blocks,5956,skip,,,,triangle_alpha
,,,,,,,,,,,,,,,,,,,,,3,,,1,not_enough_blocks,5957,skip,,,,triangle_alpha
,,,,,,,,,,,,,,,,,,,,,3,,,0,not_enough_blocks,5958,skip,,,,triangle_alpha
,,,,,,,,,,,,,,,,,,,,,3,,,0,not_enough_blocks,5959,skip,,,,triangle_alpha
,,,,,,,,,,,,,,,,,,,,,3,,,0,not_enough_blocks,5960,skip,,,,triangle_alpha
,,,,,,,,,,,,,,,,,,,,,3,,,0,not_enough_blocks,5961,skip,,,,triangle_alpha
,,,,,,,,,,,,,,,,,,,,,3,,,1,not_enough_blocks,5962,skip,,,,triangle_alpha
,,,,,,,,,,,,,,,,,,,,,3,,,0,not_enough_blocks,5963,skip,,,,triangle_alpha
,,,,,,,,,,,,,,,,,,,,,3,,,0,not_enough_blocks,5964,skip,,,,triangle_alpha
,,,,,,,,,,,,,,,,,,,,,3,,,0,not_enough_blocks,5965,skip,,,,triangle_alpha
,,,,,,,,,,,,,,,,,,,,,3,,,0,not_enough_blocks,5966,skip,,,,triangle_alpha
,,,,,,,,,,,,,,,,,,,,,3,,,0,not_enough_blocks,5967,skip,,,,triangle_alpha
,,,,,,,,,,,,,,,,,,,,,3,,,0,not_enough_blocks,5968,skip,,,,triangle_alpha
,,,,,,,,,,,,,,,,,,,,,3,,,1,not_enough_blocks,5969,skip,,,,triangle_alpha
,,,,,,,,,,,,,,,,,,,,,3,,,0,not_enough_blocks,5970,skip,,,,triangle_alpha
,,,,,,,,,,,,,,,,,,,,,3,,,1,not_enough_blocks,5971,skip,,,,triangle_alpha
,,,,,,,,,,,,,,,,,,,,,3,,,0,not_enough_blocks,5972,skip,,,,triangle_alpha
,,,,,,,,,,,,,,,,,,,,,3,,,0,not_enough_blocks,5973,skip,,,,triangle_alpha
,,,,,,,,,,,,,,,,,,,,,3,,,0,not_enough_blocks,5974,skip,,,,triangle_alpha
,,,,,,,,,,,,,,,,,,,,,3,,,1,not_enough_blocks,5975,skip,,,,triangle_alpha
,,,,,,,,,,,,,,,,,,,,,3,,,0,not_enough_blocks,5976,skip,,,,triangle_alpha
,,,,,,,,,,,,,,,,,,,,,3,,,0,not_enough_blocks,5977,skip,,,,triangle_alpha
,,,,,,,,,,,,,,,,,,,,,3,,,0,not_enough_blocks,5978,skip,,,,triangle_alpha
,,,,,,,,,,,,,,,,,,,,,3,,,1,not_enough_blocks,5979,skip,,,,triangle_alpha
,,,,,,,,,,,,,,,,,,,,,3,,,0,not_enough_blocks,5980,skip,,,,triangle_alpha
,,,,,,,,,,,,,,,,,,,,,3,,,0,not_enough_blocks,5981,skip,,,,triangle_alpha
,,,,,,,,,,,,,,,,,,,,,3,,,1,not_enough_blocks,5982,skip,,,,triangle_alpha
,,,,,,,,,,,,,,,,,,,,,3,,,0,not_enough_blocks,5983,skip,,,,triangle_alpha
,,,,,,,,,,,,,,,,,,,,,3,,,0,not_enough_blocks,5984,skip,,,,triangle_alpha
,,,,,,,,,,,,,,,,,,,,,3,,,1,not_enough_blocks,5985,skip,,,,triangle_alpha
,,,,,,,,,,,,,,,,,,,,,3,,,0,not_enough_blocks,5986,skip,,,,triangle_alpha
,,,,,,,,,,,,,,,,,,,,,3,,,0,not_enough_blocks,5987,skip,,,,triangle_alpha
,,,,,,,,,,,,,,,,,,,,,3,,,0,not_enough_blocks,5988,skip,,,,triangle_alpha
,,,,,,,,,,,,,,,,,,,,,3,,,0,not_enough_blocks,5989,skip,,,,triangle_alpha
,,,,,,,,,,,,,,,,,,,,,3,,,0,not_enough_blocks,5990,skip,,,,triangle_alpha
,,,,,,,,,,,,,,,,,,,,,3,,,0,not_enough_blocks,5991,skip,,,,triangle_alpha
,,,,,,,,,,,,,,,,,,,,,3,,,0,not_enough_blocks,5992,skip,,,,triangle_alpha
,,,,,,,,,,,,,,,,,,,,,3,,,0,not_enough_blocks,5993,skip,,,,triangle_alpha
,,,,,,,,,,,,,,,,,,,,,3,,,0,not_enough_blocks,5994,skip,,,,triangle_alpha
,,,,,,,,,,,,,,,,,,,,,3,,,0,not_enough_blocks,5995,skip,,,,triangle_alpha
,,,,,,,,,,,,,,,,,,,,,3,,,0,not_enough_blocks,5996,skip,,,,triangle_alpha
,,,,,,,,,,,,,,,,,,,,,3,,,0,not_enough_blocks,5997,skip,,,,triangle_alpha
,,,,,,,,,,,,,,,,,,,,,3,,,0,not_enough_blocks,5998,skip,,,,triangle_alpha
,,,,,,,,,,,,,,,,,,,,,3,,,1,not_enough_blocks,5999,skip,,,,triangle_alpha
,,,,,,,,,,,,,,,,,,,,,3,,,0,not_enough_blocks,6000,skip,,,,triangle_alpha
,,,,,,,,,,,,,,,,,,,,,3,,,0,not_enough_blocks,6001,skip,,,,triangle_alpha
,,,,,,,,,,,,,,,,,,,,,3,,,0,not_enough_blocks,6002,skip,,,,triangle_alpha
,,,,,,,,,,,,,,,,,,,,,3,,,0,not_enough_blocks,6003,skip,,,,triangle_alpha
,,,,,,,,,,,,,,,,,,,,,3,,,0,not_enough_blocks,6004,skip,,,,triangle_alpha
,,,,,,,,,,,,,,,,,,,,,3,,,0,not_enough_blocks,6005,skip,,,,triangle_alpha
,,,,,,,,,,,,,,,,,,,,,3,,,0,not_enough_blocks,6006,skip,,,,triangle_alpha
,,,,,,,,,,,,,,,,,,,,,3,,,0,not_enough_blocks,6007,skip,,,,triangle_alpha
,,,,,,,,,,,,,,,,,,,,,3,,,0,not_enough_blocks,6008,skip,,,,triangle_alpha
,,,,,,,,,,,,,,,,,,,,,3,,,0,not_enough_blocks,6009,skip,,,,triangle_alpha
,,,,,,,,,,,,,,,,,,,,,3,,,1,not_enough_blocks,6010,skip,,,,triangle_alpha
,,,,,,,,,,,,,,,,,,,,,3,,,1,not_enough_blocks,6011,skip,,,,triangle_alpha
,,,,,,,,,,,,,,,,,,,,,3,,,0,not_enough_blocks,6012,skip,,,,triangle_alpha
,,,,,,,,,,,,,,,,,,,,,3,,,0,not_enough_blocks,6013,skip,,,,triangle_alpha
,,,,,,,,,,,,,,,,,,,,,3,,,0,not_enough_blocks,6014,skip,,,,triangle_alpha
,,,,,,,,,,,,,,,,,,,,,3,,,0,not_enough_blocks,6015,skip,,,,triangle_alpha
,,,,,,,,,,,,,,,,,,,,,3,,,0,not_enough_blocks,6016,skip,,,,triangle_alpha
,,,,,,,,,,,,,,,,,,,,,3,,,0,not_enough_blocks,6017,skip,,,,triangle_alpha
,,,,,,,,,,,,,,,,,,,,,3,,,2,not_enough_blocks,6018,skip,,,,triangle_alpha
,,,,,,,,,,,,,,,,,,,,,3,,,0,not_enough_blocks,6019,skip,,,,triangle_alpha
,,,,,,,,,,,,,,,,,,,,,3,,,0,not_enough_blocks,6020,skip,,,,triangle_alpha
,,,,,,,,,,,,,,,,,,,,,3,,,0,not_enough_blocks,6021,skip,,,,triangle_alpha
,,,,,,,,,,,,,,,,,,,,,3,,,0,not_enough_blocks,6022,skip,,,,triangle_alpha
,,,,,,,,,,,,,,,,,,,,,3,,,0,not_enough_blocks,6023,skip,,,,triangle_alpha
,,,,,,,,,,,,,,,,,,,,,3,,,0,not_enough_blocks,6024,skip,,,,triangle_alpha
,,,,,,,,,,,,,,,,,,,,,3,,,1,not_enough_blocks,6025,skip,,,,triangle_alpha
,,,,,,,,,,,,,,,,,,,,,3,,,0,not_enough_blocks,6026,skip,,,,triangle_alpha
,,,,,,,,,,,,,,,,,,,,,3,,,0,not_enough_blocks,6027,skip,,,,triangle_alpha
,,,,,,,,,,,,,,,,,,,,,3,,,0,not_enough_blocks,6028,skip,,,,triangle_alpha
,,,,,,,,,,,,,,,,,,,,,3,,,0,not_enough_blocks,6029,skip,,,,triangle_alpha
,,,,,,,,,,,,,,,,,,,,,3,,,0,not_enough_blocks,6030,skip,,,,triangle_alpha
,,,,,,,,,,,,,,,,,,,,,3,,,0,not_enough_blocks,6031,skip,,,,triangle_alpha
,,,,,,,,,,,,,,,,,,,,,3,,,0,not_enough_blocks,6032,skip,,,,triangle_alpha
,,,,,,,,,,,,,,,,,,,,,3,,,0,not_enough_blocks,6033,skip,,,,triangle_alpha
,,,,,,,,,,,,,,,,,,,,,3,,,0,not_enough_blocks,6034,skip,,,,triangle_alpha
,,,,,,,,,,,,,,,,,,,,,3,,,0,not_enough_blocks,6035,skip,,,,triangle_alpha
,,,,,,,,,,,,,,,,,,,,,3,,,0,not_enough_blocks,6036,skip,,,,triangle_alpha
,,,,,,,,,,,,,,,,,,,,,3,,,0,not_enough_blocks,6037,skip,,,,triangle_alpha
,,,,,,,,,,,,,,,,,,,,,3,,,0,not_enough_blocks,6038,skip,,,,triangle_alpha
,,,,,,,,,,,,,,,,,,,,,3,,,0,not_enough_blocks,6039,skip,,,,triangle_alpha
,,,,,,,,,,,,,,,,,,,,,3,,,0,not_enough_blocks,6040,skip,,,,triangle_alpha
,,,,,,,,,,,,,,,,,,,,,3,,,0,not_enough_blocks,6041,skip,,,,triangle_alpha
,,,,,,,,,,,,,,,,,,,,,3,,,0,not_enough_blocks,6042,skip,,,,triangle_alpha
,,,,,,,,,,,,,,,,,,,,,3,,,0,not_enough_blocks,6043,skip,,,,triangle_alpha
,,,,,,,,,,,,,,,,,,,,,3,,,0,not_enough_blocks,6044,skip,,,,triangle_alpha
,,,,,,,,,,,,,,,,,,,,,3,,,1,not_enough_blocks,6045,skip,,,,triangle_alpha
,,,,,,,,,,,,,,,,,,,,,3,,,0,not_enough_blocks,6046,skip,,,,triangle_alpha
,,,,,,,,,,,,,,,,,,,,,3,,,0,not_enough_blocks,6047,skip,,,,triangle_alpha
,,,,,,,,,,,,,,,,,,,,,3,,,0,not_enough_blocks,6048,skip,,,,triangle_alpha
,,,,,,,,,,,,,,,,,,,,,3,,,0,not_enough_blocks,6049,skip,,,,triangle_alpha
,,,,,,,,,,,,,,,,,,,,,3,,,0,not_enough_blocks,6050,skip,,,,triangle_alpha
,,,,,,,,,,,,,,,,,,,,,3,,,0,not_enough_blocks,6051,skip,,,,triangle_alpha
,,,,,,,,,,,,,,,,,,,,,3,,,0,not_enough_blocks,6052,skip,,,,triangle_alpha
,,,,,,,,,,,,,,,,,,,,,3,,,0,not_enough_blocks,6053,skip,,,,triangle_alpha
,,,,,,,,,,,,,,,,,,,,,3,,,0,not_enough_blocks,6054,skip,,,,triangle_alpha
,,,,,,,,,,,,,,,,,,,,,3,,,0,not_enough_blocks,6055,skip,,,,triangle_alpha
,,,,,,,,,,,,,,,,,,,,,3,,,0,not_enough_blocks,6056,skip,,,,triangle_alpha
,,,,,,,,,,,,,,,,,,,,,3,,,1,not_enough_blocks,6057,skip,,,,triangle_alpha
,,,,,,,,,,,,,,,,,,,,,3,,,0,not_enough_blocks,6058,skip,,,,triangle_alpha
,,,,,,,,,,,,,,,,,,,,,3,,,0,not_enough_blocks,6059,skip,,,,triangle_alpha
,,,,,,,,,,,,,,,,,,,,,3,,,0,not_enough_blocks,6060,skip,,,,triangle_alpha
,,,,,,,,,,,,,,,,,,,,,3,,,0,not_enough_blocks,6061,skip,,,,triangle_alpha
,,,,,,,,,,,,,,,,,,,,,3,,,0,not_enough_blocks,6062,skip,,,,triangle_alpha
,,,,,,,,,,,,,,,,,,,,,3,,,0,not_enough_blocks,6063,skip,,,,triangle_alpha
,,,,,,,,,,,,,,,,,,,,,3,,,0,not_enough_blocks,6064,skip,,,,triangle_alpha
,,,,,,,,,,,,,,,,,,,,,3,,,1,not_enough_blocks,6065,skip,,,,triangle_alpha
,,,,,,,,,,,,,,,,,,,,,3,,,0,not_enough_blocks,6066,skip,,,,triangle_alpha
,,,,,,,,,,,,,,,,,,,,,3,,,0,not_enough_blocks,6067,skip,,,,triangle_alpha
,,,,,,,,,,,,,,,,,,,,,3,,,0,not_enough_blocks,6068,skip,,,,triangle_alpha
,,,,,,,,,,,,,,,,,,,,,3,,,0,not_enough_blocks,6069,skip,,,,triangle_alpha
,,,,,,,,,,,,,,,,,,,,,3,,,0,not_enough_blocks,6070,skip,,,,triangle_alpha
,,,,,,,,,,,,,,,,,,,,,3,,,0,not_enough_blocks,6071,skip,,,,triangle_alpha
,,,,,,,,,,,,,,,,,,,,,3,,,0,not_enough_blocks,6072,skip,,,,triangle_alpha
,,,,,,,,,,,,,,,,,,,,,3,,,0,not_enough_blocks,6073,skip,,,,triangle_alpha
,,,,,,,,,,,,,,,,,,,,,3,,,0,not_enough_blocks,6074,skip,,,,triangle_alpha
,,,,,,,,,,,,,,,,,,,,,3,,,0,not_enough_blocks,6075,skip,,,,triangle_alpha
,,,,,,,,,,,,,,,,,,,,,3,,,0,not_enough_blocks,6076,skip,,,,triangle_alpha
,,,,,,,,,,,,,,,,,,,,,3,,,0,not_enough_blocks,6077,skip,,,,triangle_alpha
,,,,,,,,,,,,,,,,,,,,,3,,,0,not_enough_blocks,6078,skip,,,,triangle_alpha
,,,,,,,,,,,,,,,,,,,,,3,,,0,not_enough_blocks,6079,skip,,,,triangle_alpha
,,,,,,,,,,,,,,,,,,,,,3,,,0,not_enough_blocks,6080,skip,,,,triangle_alpha
,,,,,,,,,,,,,,,,,,,,,3,,,0,not_enough_blocks,6081,skip,,,,triangle_alpha
,,,,,,,,,,,,,,,,,,,,,3,,,1,not_enough_blocks,6082,skip,,,,triangle_alpha
,,,,,,,,,,,,,,,,,,,,,3,,,1,not_enough_blocks,6083,skip,,,,triangle_alpha
,,,,,,,,,,,,,,,,,,,,,3,,,1,not_enough_blocks,6084,skip,,,,triangle_alpha
,,,,,,,,,,,,,,,,,,,,,3,,,1,not_enough_blocks,6085,skip,,,,triangle_alpha
,,,,,,,,,,,,,,,,,,,,,3,,,0,not_enough_blocks,6086,skip,,,,triangle_alpha
,,,,,,,,,,,,,,,,,,,,,3,,,0,not_enough_blocks,6087,skip,,,,triangle_alpha
,,,,,,,,,,,,,,,,,,,,,3,,,0,not_enough_blocks,6088,skip,,,,triangle_alpha
,,,,,,,,,,,,,,,,,,,,,3,,,0,not_enough_blocks,6089,skip,,,,triangle_alpha
,,,,,,,,,,,,,,,,,,,,,3,,,0,not_enough_blocks,6090,skip,,,,triangle_alpha
,,,,,,,,,,,,,,,,,,,,,3,,,0,not_enough_blocks,6091,skip,,,,triangle_alpha
,,,,,,,,,,,,,,,,,,,,,3,,,0,not_enough_blocks,6092,skip,,,,triangle_alpha
,,,,,,,,,,,,,,,,,,,,,3,,,0,not_enough_blocks,6093,skip,,,,triangle_alpha
,,,,,,,,,,,,,,,,,,,,,3,,,0,not_enough_blocks,6094,skip,,,,triangle_alpha
,,,,,,,,,,,,,,,,,,,,,3,,,1,not_enough_blocks,6095,skip,,,,triangle_alpha
,,,,,,,,,,,,,,,,,,,,,3,,,1,not_enough_blocks,6096,skip,,,,triangle_alpha
,,,,,,,,,,,,,,,,,,,,,3,,,0,not_enough_blocks,6097,skip,,,,triangle_alpha
,,,,,,,,,,,,,,,,,,,,,3,,,0,not_enough_blocks,6098,skip,,,,triangle_alpha
,,,,,,,,,,,,,,,,,,,,,3,,,0,not_enough_blocks,6099,skip,,,,triangle_alpha
,,,,,,,,,,,,,,,,,,,,,3,,,0,not_enough_blocks,6100,skip,,,,triangle_alpha
,,,,,,,,,,,,,,,,,,,,,3,,,0,not_enough_blocks,6101,skip,,,,triangle_alpha
,,,,,,,,,,,,,,,,,,,,,3,,,0,not_enough_blocks,6102,skip,,,,triangle_alpha
,,,,,,,,,,,,,,,,,,,,,3,,,0,not_enough_blocks,6103,skip,,,,triangle_alpha
,,,,,,,,,,,,,,,,,,,,,3,,,0,not_enough_blocks,6104,skip,,,,triangle_alpha
,,,,,,,,,,,,,,,,,,,,,3,,,1,not_enough_blocks,6105,skip,,,,triangle_alpha
,,,,,,,,,,,,,,,,,,,,,3,,,0,not_enough_blocks,6106,skip,,,,triangle_alpha
,,,,,,,,,,,,,,,,,,,,,3,,,0,not_enough_blocks,6107,skip,,,,triangle_alpha
,,,,,,,,,,,,,,,,,,,,,3,,,0,not_enough_blocks,6108,skip,,,,triangle_alpha
,,,,,,,,,,,,,,,,,,,,,3,,,0,not_enough_blocks,6109,skip,,,,triangle_alpha
,,,,,,,,,,,,,,,,,,,,,3,,,0,not_enough_blocks,6110,skip,,,,triangle_alpha
,,,,,,,,,,,,,,,,,,,,,3,,,0,not_enough_blocks,6111,skip,,,,triangle_alpha
,,,,,,,,,,,,,,,,,,,,,3,,,0,not_enough_blocks,6112,skip,,,,triangle_alpha
,,,,,,,,,,,,,,,,,,,,,3,,,0,not_enough_blocks,6113,skip,,,,triangle_alpha
,,,,,,,,,,,,,,,,,,,,,3,,,1,not_enough_blocks,6114,skip,,,,triangle_alpha
,,,,,,,,,,,,,,,,,,,,,3,,,0,not_enough_blocks,6115,skip,,,,triangle_alpha
,,,,,,,,,,,,,,,,,,,,,3,,,0,not_enough_blocks,6116,skip,,,,triangle_alpha
,,,,,,,,,,,,,,,,,,,,,3,,,0,not_enough_blocks,6117,skip,,,,triangle_alpha
,,,,,,,,,,,,,,,,,,,,,3,,,0,not_enough_blocks,6118,skip,,,,triangle_alpha
,,,,,,,,,,,,,,,,,,,,,3,,,0,not_enough_blocks,6119,skip,,,,triangle_alpha
,,,,,,,,,,,,,,,,,,,,,3,,,0,not_enough_blocks,6120,skip,,,,triangle_alpha
,,,,,,,,,,,,,,,,,,,,,3,,,1,not_enough_blocks,6121,skip,,,,triangle_alpha
,,,,,,,,,,,,,,,,,,,,,3,,,0,not_enough_blocks,6122,skip,,,,triangle_alpha
,,,,,,,,,,,,,,,,,,,,,3,,,0,not_enough_blocks,6123,skip,,,,triangle_alpha
,,,,,,,,,,,,,,,,,,,,,3,,,0,not_enough_blocks,6124,skip,,,,triangle_alpha
,,,,,,,,,,,,,,,,,,,,,3,,,0,not_enough_blocks,6125,skip,,,,triangle_alpha
,,,,,,,,,,,,,,,,,,,,,3,,,0,not_enough_blocks,6126,skip,,,,triangle_alpha
,,,,,,,,,,,,,,,,,,,,,3,,,1,not_enough_blocks,6127,skip,,,,triangle_alpha
,,,,,,,,,,,,,,,,,,,,,3,,,0,not_enough_blocks,6128,skip,,,,triangle_alpha
,,,,,,,,,,,,,,,,,,,,,3,,,0,not_enough_blocks,6129,skip,,,,triangle_alpha
,,,,,,,,,,,,,,,,,,,,,3,,,0,not_enough_blocks,6130,skip,,,,triangle_alpha
,,,,,,,,,,,,,,,,,,,,,3,,,0,not_enough_blocks,6131,skip,,,,triangle_alpha
,,,,,,,,,,,,,,,,,,,,,3,,,0,not_enough_blocks,6132,skip,,,,triangle_alpha
,,,,,,,,,,,,,,,,,,,,,3,,,0,not_enough_blocks,6133,skip,,,,triangle_alpha
,,,,,,,,,,,,,,,,,,,,,3,,,0,not_enough_blocks,6134,skip,,,,triangle_alpha
,,,,,,,,,,,,,,,,,,,,,3,,,0,not_enough_blocks,6135,skip,,,,triangle_alpha
,,,,,,,,,,,,,,,,,,,,,3,,,0,not_enough_blocks,6136,skip,,,,triangle_alpha
,,,,,,,,,,,,,,,,,,,,,3,,,0,not_enough_blocks,6137,skip,,,,triangle_alpha
,,,,,,,,,,,,,,,,,,,,,3,,,0,not_enough_blocks,6138,skip,,,,triangle_alpha
,,,,,,,,,,,,,,,,,,,,,3,,,1,not_enough_blocks,6139,skip,,,,triangle_alpha
,,,,,,,,,,,,,,,,,,,,,3,,,0,not_enough_blocks,6140,skip,,,,triangle_alpha
,,,,,,,,,,,,,,,,,,,,,3,,,0,not_enough_blocks,6141,skip,,,,triangle_alpha
,,,,,,,,,,,,,,,,,,,,,3,,,0,not_enough_blocks,6142,skip,,,,triangle_alpha
,,,,,,,,,,,,,,,,,,,,,3,,,0,not_enough_blocks,6143,skip,,,,triangle_alpha
,,,,,,,,,,,,,,,,,,,,,3,,,1,not_enough_blocks,6144,skip,,,,triangle_alpha
,,,,,,,,,,,,,,,,,,,,,3,,,0,not_enough_blocks,6145,skip,,,,triangle_alpha
,,,,,,,,,,,,,,,,,,,,,3,,,0,not_enough_blocks,6146,skip,,,,triangle_alpha
,,,,,,,,,,,,,,,,,,,,,3,,,0,not_enough_blocks,6147,skip,,,,triangle_alpha
,,,,,,,,,,,,,,,,,,,,,3,,,0,not_enough_blocks,6148,skip,,,,triangle_alpha
,,,,,,,,,,,,,,,,,,,,,3,,,0,not_enough_blocks,6149,skip,,,,triangle_alpha
,,,,,,,,,,,,,,,,,,,,,3,,,0,not_enough_blocks,6150,skip,,,,triangle_alpha
,,,,,,,,,,,,,,,,,,,,,3,,,2,not_enough_blocks,6151,skip,,,,triangle_alpha
,,,,,,,,,,,,,,,,,,,,,3,,,0,not_enough_blocks,6152,skip,,,,triangle_alpha
,,,,,,,,,,,,,,,,,,,,,3,,,0,not_enough_blocks,6153,skip,,,,triangle_alpha
,,,,,,,,,,,,,,,,,,,,,3,,,0,not_enough_blocks,6154,skip,,,,triangle_alpha
,,,,,,,,,,,,,,,,,,,,,3,,,0,not_enough_blocks,6155,skip,,,,triangle_alpha
,,,,,,,,,,,,,,,,,,,,,3,,,0,not_enough_blocks,6156,skip,,,,triangle_alpha
,,,,,,,,,,,,,,,,,,,,,3,,,0,not_enough_blocks,6157,skip,,,,triangle_alpha
,,,,,,,,,,,,,,,,,,,,,3,,,1,not_enough_blocks,6158,skip,,,,triangle_alpha
,,,,,,,,,,,,,,,,,,,,,3,,,0,not_enough_blocks,6159,skip,,,,triangle_alpha
,,,,,,,,,,,,,,,,,,,,,3,,,0,not_enough_blocks,6160,skip,,,,triangle_alpha
,,,,,,,,,,,,,,,,,,,,,3,,,0,not_enough_blocks,6161,skip,,,,triangle_alpha
,,,,,,,,,,,,,,,,,,,,,3,,,1,not_enough_blocks,6162,skip,,,,triangle_alpha
,,,,,,,,,,,,,,,,,,,,,3,,,0,not_enough_blocks,6163,skip,,,,triangle_alpha
,,,,,,,,,,,,,,,,,,,,,3,,,0,not_enough_blocks,6164,skip,,,,triangle_alpha
,,,,,,,,,,,,,,,,,,,,,3,,,0,not_enough_blocks,6165,skip,,,,triangle_alpha
,,,,,,,,,,,,,,,,,,,,,3,,,0,not_enough_blocks,6166,skip,,,,triangle_alpha
,,,,,,,,,,,,,,,,,,,,,3,,,1,not_enough_blocks,6167,skip,,,,triangle_alpha
,,,,,,,,,,,,,,,,,,,,,3,,,1,not_enough_blocks,6168,skip,,,,triangle_alpha
,,,,,,,,,,,,,,,,,,,,,3,,,1,not_enough_blocks,6169,skip,,,,triangle_alpha
,,,,,,,,,,,,,,,,,,,,,3,,,1,not_enough_blocks,6170,skip,,,,triangle_alpha
,,,,,,,,,,,,,,,,,,,,,3,,,1,not_enough_blocks,6171,skip,,,,triangle_alpha
,,,,,,,,,,,,,,,,,,,,,3,,,0,not_enough_blocks,6172,skip,,,,triangle_alpha
,,,,,,,,,,,,,,,,,,,,,3,,,0,not_enough_blocks,6173,skip,,,,triangle_alpha
,,,,,,,,,,,,,,,,,,,,,3,,,0,not_enough_blocks,6174,skip,,,,triangle_alpha
,,,,,,,,,,,,,,,,,,,,,3,,,0,not_enough_blocks,6175,skip,,,,triangle_alpha
,,,,,,,,,,,,,,,,,,,,,3,,,1,not_enough_blocks,6176,skip,,,,triangle_alpha
,,,,,,,,,,,,,,,,,,,,,3,,,0,not_enough_blocks,6177,skip,,,,triangle_alpha
,,,,,,,,,,,,,,,,,,,,,3,,,0,not_enough_blocks,6178,skip,,,,triangle_alpha
,,,,,,,,,,,,,,,,,,,,,3,,,0,not_enough_blocks,6179,skip,,,,triangle_alpha
,,,,,,,,,,,,,,,,,,,,,3,,,0,not_enough_blocks,6180,skip,,,,triangle_alpha
,,,,,,,,,,,,,,,,,,,,,3,,,1,not_enough_blocks,6181,skip,,,,triangle_alpha
,,,,,,,,,,,,,,,,,,,,,3,,,0,not_enough_blocks,6182,skip,,,,triangle_alpha
,,,,,,,,,,,,,,,,,,,,,3,,,0,not_enough_blocks,6183,skip,,,,triangle_alpha
,,,,,,,,,,,,,,,,,,,,,3,,,0,not_enough_blocks,6184,skip,,,,triangle_alpha
,,,,,,,,,,,,,,,,,,,,,3,,,0,not_enough_blocks,6185,skip,,,,triangle_alpha
,,,,,,,,,,,,,,,,,,,,,3,,,1,not_enough_blocks,6186,skip,,,,triangle_alpha
,,,,,,,,,,,,,,,,,,,,,3,,,1,not_enough_blocks,6187,skip,,,,triangle_alpha
,,,,,,,,,,,,,,,,,,,,,3,,,0,not_enough_blocks,6188,skip,,,,triangle_alpha
,,,,,,,,,,,,,,,,,,,,,3,,,0,not_enough_blocks,6189,skip,,,,triangle_alpha
,,,,,,,,,,,,,,,,,,,,,3,,,0,not_enough_blocks,6190,skip,,,,triangle_alpha
,,,,,,,,,,,,,,,,,,,,,3,,,0,not_enough_blocks,6191,skip,,,,triangle_alpha
,,,,,,,,,,,,,,,,,,,,,3,,,0,not_enough_blocks,6192,skip,,,,triangle_alpha
,,,,,,,,,,,,,,,,,,,,,3,,,0,not_enough_blocks,6193,skip,,,,triangle_alpha
,,,,,,,,,,,,,,,,,,,,,3,,,0,not_enough_blocks,6194,skip,,,,triangle_alpha
,,,,,,,,,,,,,,,,,,,,,3,,,0,not_enough_blocks,6195,skip,,,,triangle_alpha
,,,,,,,,,,,,,,,,,,,,,3,,,0,not_enough_blocks,6196,skip,,,,triangle_alpha
,,,,,,,,,,,,,,,,,,,,,3,,,0,not_enough_blocks,6197,skip,,,,triangle_alpha
,,,,,,,,,,,,,,,,,,,,,3,,,0,not_enough_blocks,6198,skip,,,,triangle_alpha
,,,,,,,,,,,,,,,,,,,,,3,,,0,not_enough_blocks,6199,skip,,,,triangle_alpha
,,,,,,,,,,,,,,,,,,,,,3,,,1,not_enough_blocks,6200,skip,,,,triangle_alpha
,,,,,,,,,,,,,,,,,,,,,3,,,0,not_enough_blocks,6201,skip,,,,triangle_alpha
,,,,,,,,,,,,,,,,,,,,,3,,,0,not_enough_blocks,6202,skip,,,,triangle_alpha
,,,,,,,,,,,,,,,,,,,,,3,,,0,not_enough_blocks,6203,skip,,,,triangle_alpha
,,,,,,,,,,,,,,,,,,,,,3,,,0,not_enough_blocks,6204,skip,,,,triangle_alpha
,,,,,,,,,,,,,,,,,,,,,3,,,0,not_enough_blocks,6205,skip,,,,triangle_alpha
,,,,,,,,,,,,,,,,,,,,,3,,,0,not_enough_blocks,6206,skip,,,,triangle_alpha
,,,,,,,,,,,,,,,,,,,,,3,,,0,not_enough_blocks,6207,skip,,,,triangle_alpha
,,,,,,,,,,,,,,,,,,,,,3,,,0,not_enough_blocks,6208,skip,,,,triangle_alpha
,,,,,,,,,,,,,,,,,,,,,3,,,0,not_enough_blocks,6209,skip,,,,triangle_alpha
,,,,,,,,,,,,,,,,,,,,,3,,,0,not_enough_blocks,6210,skip,,,,triangle_alpha
,,,,,,,,,,,,,,,,,,,,,3,,,2,not_enough_blocks,6211,skip,,,,triangle_alpha
,,,,,,,,,,,,,,,,,,,,,3,,,1,not_enough_blocks,6212,skip,,,,triangle_alpha
,,,,,,,,,,,,,,,,,,,,,3,,,0,not_enough_blocks,6213,skip,,,,triangle_alpha
,,,,,,,,,,,,,,,,,,,,,3,,,0,not_enough_blocks,6214,skip,,,,triangle_alpha
,,,,,,,,,,,,,,,,,,,,,3,,,0,not_enough_blocks,6215,skip,,,,triangle_alpha
,,,,,,,,,,,,,,,,,,,,,3,,,0,not_enough_blocks,6216,skip,,,,triangle_alpha
,,,,,,,,,,,,,,,,,,,,,3,,,1,not_enough_blocks,6217,skip,,,,triangle_alpha
,,,,,,,,,,,,,,,,,,,,,3,,,0,not_enough_blocks,6218,skip,,,,triangle_alpha
,,,,,,,,,,,,,,,,,,,,,3,,,0,not_enough_blocks,6219,skip,,,,triangle_alpha
,,,,,,,,,,,,,,,,,,,,,3,,,2,not_enough_blocks,6220,skip,,,,triangle_alpha
,,,,,,,,,,,,,,,,,,,,,3,,,0,not_enough_blocks,6221,skip,,,,triangle_alpha
,,,,,,,,,,,,,,,,,,,,,3,,,0,not_enough_blocks,6222,skip,,,,triangle_alpha
,,,,,,,,,,,,,,,,,,,,,3,,,0,not_enough_blocks,6223,skip,,,,triangle_alpha
,,,,,,,,,,,,,,,,,,,,,3,,,0,not_enough_blocks,6224,skip,,,,triangle_alpha
,,,,,,,,,,,,,,,,,,,,,3,,,1,not_enough_blocks,6225,skip,,,,triangle_alpha
,,,,,,,,,,,,,,,,,,,,,3,,,0,not_enough_blocks,6226,skip,,,,triangle_alpha
,,,,,,,,,,,,,,,,,,,,,3,,,0,not_enough_blocks,6227,skip,,,,triangle_alpha
,,,,,,,,,,,,,,,,,,,,,3,,,0,not_enough_blocks,6228,skip,,,,triangle_alpha
,,,,,,,,,,,,,,,,,,,,,3,,,0,not_enough_blocks,6229,skip,,,,triangle_alpha
,,,,,,,,,,,,,,,,,,,,,3,,,1,not_enough_blocks,6230,skip,,,,triangle_alpha
,,,,,,,,,,,,,,,,,,,,,3,,,0,not_enough_blocks,6231,skip,,,,triangle_alpha
,,,,,,,,,,,,,,,,,,,,,3,,,0,not_enough_blocks,6232,skip,,,,triangle_alpha
,,,,,,,,,,,,,,,,,,,,,3,,,0,not_enough_blocks,6233,skip,,,,triangle_alpha
,,,,,,,,,,,,,,,,,,,,,3,,,1,not_enough_blocks,6234,skip,,,,triangle_alpha
,,,,,,,,,,,,,,,,,,,,,3,,,0,not_enough_blocks,6235,skip,,,,triangle_alpha
,,,,,,,,,,,,,,,,,,,,,3,,,0,not_enough_blocks,6236,skip,,,,triangle_alpha
,,,,,,,,,,,,,,,,,,,,,3,,,0,not_enough_blocks,6237,skip,,,,triangle_alpha
,,,,,,,,,,,,,,,,,,,,,3,,,0,not_enough_blocks,6238,skip,,,,triangle_alpha
,,,,,,,,,,,,,,,,,,,,,3,,,0,not_enough_blocks,6239,skip,,,,triangle_alpha
,,,,,,,,,,,,,,,,,,,,,3,,,0,not_enough_blocks,6240,skip,,,,triangle_alpha
,,,,,,,,,,,,,,,,,,,,,3,,,1,not_enough_blocks,6241,skip,,,,triangle_alpha
,,,,,,,,,,,,,,,,,,,,,3,,,0,not_enough_blocks,6242,skip,,,,triangle_alpha
,,,,,,,,,,,,,,,,,,,,,3,,,0,not_enough_blocks,6243,skip,,,,triangle_alpha
,,,,,,,,,,,,,,,,,,,,,3,,,0,not_enough_blocks,6244,skip,,,,triangle_alpha
,,,,,,,,,,,,,,,,,,,,,3,,,1,not_enough_blocks,6245,skip,,,,triangle_alpha
,,,,,,,,,,,,,,,,,,,,,3,,,0,not_enough_blocks,6246,skip,,,,triangle_alpha
,,,,,,,,,,,,,,,,,,,,,3,,,0,not_enough_blocks,6247,skip,,,,triangle_alpha
,,,,,,,,,,,,,,,,,,,,,3,,,0,not_enough_blocks,6248,skip,,,,triangle_alpha
,,,,,,,,,,,,,,,,,,,,,3,,,0,not_enough_blocks,6249,skip,,,,triangle_alpha
,,,,,,,,,,,,,,,,,,,,,3,,,0,not_enough_blocks,6250,skip,,,,triangle_alpha
,,,,,,,,,,,,,,,,,,,,,3,,,1,not_enough_blocks,6251,skip,,,,triangle_alpha
,,,,,,,,,,,,,,,,,,,,,3,,,0,not_enough_blocks,6252,skip,,,,triangle_alpha
,,,,,,,,,,,,,,,,,,,,,3,,,0,not_enough_blocks,6253,skip,,,,triangle_alpha
,,,,,,,,,,,,,,,,,,,,,3,,,0,not_enough_blocks,6254,skip,,,,triangle_alpha
,,,,,,,,,,,,,,,,,,,,,3,,,0,not_enough_blocks,6255,skip,,,,triangle_alpha
,,,,,,,,,,,,,,,,,,,,,3,,,0,not_enough_blocks,6256,skip,,,,triangle_alpha
,,,,,,,,,,,,,,,,,,,,,3,,,0,not_enough_blocks,6257,skip,,,,triangle_alpha
,,,,,,,,,,,,,,,,,,,,,3,,,0,not_enough_blocks,6258,skip,,,,triangle_alpha
,,,,,,,,,,,,,,,,,,,,,3,,,0,not_enough_blocks,6259,skip,,,,triangle_alpha
,,,,,,,,,,,,,,,,,,,,,3,,,0,not_enough_blocks,6260,skip,,,,triangle_alpha
,,,,,,,,,,,,,,,,,,,,,3,,,1,not_enough_blocks,6261,skip,,,,triangle_alpha
,,,,,,,,,,,,,,,,,,,,,3,,,0,not_enough_blocks,6262,skip,,,,triangle_alpha
,,,,,,,,,,,,,,,,,,,,,3,,,0,not_enough_blocks,6263,skip,,,,triangle_alpha
,,,,,,,,,,,,,,,,,,,,,3,,,0,not_enough_blocks,6264,skip,,,,triangle_alpha
,,,,,,,,,,,,,,,,,,,,,3,,,0,not_enough_blocks,6265,skip,,,,triangle_alpha
,,,,,,,,,,,,,,,,,,,,,3,,,1,not_enough_blocks,6266,skip,,,,triangle_alpha
,,,,,,,,,,,,,,,,,,,,,3,,,2,not_enough_blocks,6267,skip,,,,triangle_alpha
,,,,,,,,,,,,,,,,,,,,,3,,,0,not_enough_blocks,6268,skip,,,,triangle_alpha
,,,,,,,,,,,,,,,,,,,,,3,,,0,not_enough_blocks,6269,skip,,,,triangle_alpha
,,,,,,,,,,,,,,,,,,,,,3,,,0,not_enough_blocks,6270,skip,,,,triangle_alpha
,,,,,,,,,,,,,,,,,,,,,3,,,0,not_enough_blocks,6271,skip,,,,triangle_alpha
,,,,,,,,,,,,,,,,,,,,,3,,,0,not_enough_blocks,6272,skip,,,,triangle_alpha
,,,,,,,,,,,,,,,,,,,,,3,,,1,not_enough_blocks,6273,skip,,,,triangle_alpha
,,,,,,,,,,,,,,,,,,,,,3,,,0,not_enough_blocks,6274,skip,,,,triangle_alpha
,,,,,,,,,,,,,,,,,,,,,3,,,0,not_enough_blocks,6275,skip,,,,triangle_alpha
,,,,,,,,,,,,,,,,,,,,,3,,,0,not_enough_blocks,6276,skip,,,,triangle_alpha
,,,,,,,,,,,,,,,,,,,,,3,,,1,not_enough_blocks,6277,skip,,,,triangle_alpha
,,,,,,,,,,,,,,,,,,,,,3,,,0,not_enough_blocks,6278,skip,,,,triangle_alpha
,,,,,,,,,,,,,,,,,,,,,3,,,0,not_enough_blocks,6279,skip,,,,triangle_alpha
,,,,,,,,,,,,,,,,,,,,,3,,,0,not_enough_blocks,6280,skip,,,,triangle_alpha
,,,,,,,,,,,,,,,,,,,,,3,,,0,not_enough_blocks,6281,skip,,,,triangle_alpha
,,,,,,,,,,,,,,,,,,,,,3,,,0,not_enough_blocks,6282,skip,,,,triangle_alpha
,,,,,,,,,,,,,,,,,,,,,3,,,0,not_enough_blocks,6283,skip,,,,triangle_alpha
,,,,,,,,,,,,,,,,,,,,,3,,,1,not_enough_blocks,6284,skip,,,,triangle_alpha
,,,,,,,,,,,,,,,,,,,,,3,,,1,not_enough_blocks,6285,skip,,,,triangle_alpha
,,,,,,,,,,,,,,,,,,,,,3,,,0,not_enough_blocks,6286,skip,,,,triangle_alpha
,,,,,,,,,,,,,,,,,,,,,3,,,0,not_enough_blocks,6287,skip,,,,triangle_alpha
,,,,,,,,,,,,,,,,,,,,,3,,,0,not_enough_blocks,6288,skip,,,,triangle_alpha
,,,,,,,,,,,,,,,,,,,,,3,,,0,not_enough_blocks,6289,skip,,,,triangle_alpha
,,,,,,,,,,,,,,,,,,,,,3,,,0,not_enough_blocks,6290,skip,,,,triangle_alpha
,,,,,,,,,,,,,,,,,,,,,3,,,0,not_enough_blocks,6291,skip,,,,triangle_alpha
,,,,,,,,,,,,,,,,,,,,,3,,,0,not_enough_blocks,6292,skip,,,,triangle_alpha
,,,,,,,,,,,,,,,,,,,,,3,,,0,not_enough_blocks,6293,skip,,,,triangle_alpha
,,,,,,,,,,,,,,,,,,,,,3,,,0,not_enough_blocks,6294,skip,,,,triangle_alpha
,,,,,,,,,,,,,,,,,,,,,3,,,0,not_enough_blocks,6295,skip,,,,triangle_alpha
,,,,,,,,,,,,,,,,,,,,,3,,,0,not_enough_blocks,6296,skip,,,,triangle_alpha
,,,,,,,,,,,,,,,,,,,,,3,,,0,not_enough_blocks,6297,skip,,,,triangle_alpha
,,,,,,,,,,,,,,,,,,,,,3,,,1,not_enough_blocks,6298,skip,,,,triangle_alpha
,,,,,,,,,,,,,,,,,,,,,3,,,0,not_enough_blocks,6299,skip,,,,triangle_alpha
,,,,,,,,,,,,,,,,,,,,,3,,,0,not_enough_blocks,6300,skip,,,,triangle_alpha
,,,,,,,,,,,,,,,,,,,,,3,,,0,not_enough_blocks,6301,skip,,,,triangle_alpha
,,,,,,,,,,,,,,,,,,,,,3,,,0,not_enough_blocks,6302,skip,,,,triangle_alpha
,,,,,,,,,,,,,,,,,,,,,3,,,0,not_enough_blocks,6303,skip,,,,triangle_alpha
,,,,,,,,,,,,,,,,,,,,,3,,,0,not_enough_blocks,6304,skip,,,,triangle_alpha
,,,,,,,,,,,,,,,,,,,,,3,,,0,not_enough_blocks,6305,skip,,,,triangle_alpha
,,,,,,,,,,,,,,,,,,,,,3,,,1,not_enough_blocks,6306,skip,,,,triangle_alpha
,,,,,,,,,,,,,,,,,,,,,3,,,0,not_enough_blocks,6307,skip,,,,triangle_alpha
,,,,,,,,,,,,,,,,,,,,,3,,,0,not_enough_blocks,6308,skip,,,,triangle_alpha
,,,,,,,,,,,,,,,,,,,,,3,,,1,not_enough_blocks,6309,skip,,,,triangle_alpha
,,,,,,,,,,,,,,,,,,,,,3,,,0,not_enough_blocks,6310,skip,,,,triangle_alpha
,,,,,,,,,,,,,,,,,,,,,3,,,0,not_enough_blocks,6311,skip,,,,triangle_alpha
,,,,,,,,,,,,,,,,,,,,,3,,,0,not_enough_blocks,6312,skip,,,,triangle_alpha
,,,,,,,,,,,,,,,,,,,,,3,,,0,not_enough_blocks,6313,skip,,,,triangle_alpha
,,,,,,,,,,,,,,,,,,,,,3,,,0,not_enough_blocks,6314,skip,,,,triangle_alpha
,,,,,,,,,,,,,,,,,,,,,3,,,1,not_enough_blocks,6315,skip,,,,triangle_alpha
,,,,,,,,,,,,,,,,,,,,,3,,,0,not_enough_blocks,6316,skip,,,,triangle_alpha
,,,,,,,,,,,,,,,,,,,,,3,,,0,not_enough_blocks,6317,skip,,,,triangle_alpha
,,,,,,,,,,,,,,,,,,,,,3,,,0,not_enough_blocks,6318,skip,,,,triangle_alpha
,,,,,,,,,,,,,,,,,,,,,3,,,0,not_enough_blocks,6319,skip,,,,triangle_alpha
,,,,,,,,,,,,,,,,,,,,,3,,,0,not_enough_blocks,6320,skip,,,,triangle_alpha
,,,,,,,,,,,,,,,,,,,,,3,,,0,not_enough_blocks,6321,skip,,,,triangle_alpha
,,,,,,,,,,,,,,,,,,,,,3,,,0,not_enough_blocks,6322,skip,,,,triangle_alpha
,,,,,,,,,,,,,,,,,,,,,3,,,0,not_enough_blocks,6323,skip,,,,triangle_alpha
,,,,,,,,,,,,,,,,,,,,,3,,,0,not_enough_blocks,6324,skip,,,,triangle_alpha
,,,,,,,,,,,,,,,,,,,,,3,,,0,not_enough_blocks,6325,skip,,,,triangle_alpha
,,,,,,,,,,,,,,,,,,,,,3,,,0,not_enough_blocks,6326,skip,,,,triangle_alpha
,,,,,,,,,,,,,,,,,,,,,3,,,0,not_enough_blocks,6327,skip,,,,triangle_alpha
,,,,,,,,,,,,,,,,,,,,,3,,,0,not_enough_blocks,6328,skip,,,,triangle_alpha
,,,,,,,,,,,,,,,,,,,,,3,,,0,not_enough_blocks,6329,skip,,,,triangle_alpha
,,,,,,,,,,,,,,,,,,,,,3,,,0,not_enough_blocks,6330,skip,,,,triangle_alpha
,,,,,,,,,,,,,,,,,,,,,3,,,0,not_enough_blocks,6331,skip,,,,triangle_alpha
,,,,,,,,,,,,,,,,,,,,,3,,,0,not_enough_blocks,6332,skip,,,,triangle_alpha
,,,,,,,,,,,,,,,,,,,,,3,,,0,not_enough_blocks,6333,skip,,,,triangle_alpha
,,,,,,,,,,,,,,,,,,,,,3,,,0,not_enough_blocks,6334,skip,,,,triangle_alpha
,,,,,,,,,,,,,,,,,,,,,3,,,0,not_enough_blocks,6335,skip,,,,triangle_alpha
,,,,,,,,,,,,,,,,,,,,,3,,,0,not_enough_blocks,6336,skip,,,,triangle_alpha
,,,,,,,,,,,,,,,,,,,,,3,,,0,not_enough_blocks,6337,skip,,,,triangle_alpha
,,,,,,,,,,,,,,,,,,,,,3,,,0,not_enough_blocks,6338,skip,,,,triangle_alpha
,,,,,,,,,,,,,,,,,,,,,3,,,0,not_enough_blocks,6339,skip,,,,triangle_alpha
,,,,,,,,,,,,,,,,,,,,,3,,,1,not_enough_blocks,6340,skip,,,,triangle_alpha
,,,,,,,,,,,,,,,,,,,,,3,,,0,not_enough_blocks,6341,skip,,,,triangle_alpha
,,,,,,,,,,,,,,,,,,,,,3,,,0,not_enough_blocks,6342,skip,,,,triangle_alpha
,,,,,,,,,,,,,,,,,,,,,3,,,0,not_enough_blocks,6343,skip,,,,triangle_alpha
,,,,,,,,,,,,,,,,,,,,,3,,,0,not_enough_blocks,6344,skip,,,,triangle_alpha
,,,,,,,,,,,,,,,,,,,,,3,,,0,not_enough_blocks,6345,skip,,,,triangle_alpha
,,,,,,,,,,,,,,,,,,,,,3,,,0,not_enough_blocks,6346,skip,,,,triangle_alpha
,,,,,,,,,,,,,,,,,,,,,3,,,0,not_enough_blocks,6347,skip,,,,triangle_alpha
,,,,,,,,,,,,,,,,,,,,,3,,,0,not_enough_blocks,6348,skip,,,,triangle_alpha
,,,,,,,,,,,,,,,,,,,,,3,,,2,not_enough_blocks,6349,skip,,,,triangle_alpha
,,,,,,,,,,,,,,,,,,,,,3,,,0,not_enough_blocks,6350,skip,,,,triangle_alpha
,,,,,,,,,,,,,,,,,,,,,3,,,0,not_enough_blocks,6351,skip,,,,triangle_alpha
,,,,,,,,,,,,,,,,,,,,,3,,,1,not_enough_blocks,6352,skip,,,,triangle_alpha
,,,,,,,,,,,,,,,,,,,,,3,,,0,not_enough_blocks,6353,skip,,,,triangle_alpha
,,,,,,,,,,,,,,,,,,,,,3,,,0,not_enough_blocks,6354,skip,,,,triangle_alpha
,,,,,,,,,,,,,,,,,,,,,3,,,0,not_enough_blocks,6355,skip,,,,triangle_alpha
,,,,,,,,,,,,,,,,,,,,,3,,,0,not_enough_blocks,6356,skip,,,,triangle_alpha
,,,,,,,,,,,,,,,,,,,,,3,,,0,not_enough_blocks,6357,skip,,,,triangle_alpha
,,,,,,,,,,,,,,,,,,,,,3,,,2,not_enough_blocks,6358,skip,,,,triangle_alpha
,,,,,,,,,,,,,,,,,,,,,3,,,0,not_enough_blocks,6359,skip,,,,triangle_alpha
,,,,,,,,,,,,,,,,,,,,,3,,,0,not_enough_blocks,6360,skip,,,,triangle_alpha
,,,,,,,,,,,,,,,,,,,,,3,,,0,not_enough_blocks,6361,skip,,,,triangle_alpha
,,,,,,,,,,,,,,,,,,,,,3,,,0,not_enough_blocks,6362,skip,,,,triangle_alpha
,,,,,,,,,,,,,,,,,,,,,3,,,0,not_enough_blocks,6363,skip,,,,triangle_alpha
,,,,,,,,,,,,,,,,,,,,,3,,,1,not_enough_blocks,6364,skip,,,,triangle_alpha
,,,,,,,,,,,,,,,,,,,,,3,,,0,not_enough_blocks,6365,skip,,,,triangle_alpha
,,,,,,,,,,,,,,,,,,,,,3,,,0,not_enough_blocks,6366,skip,,,,triangle_alpha
,,,,,,,,,,,,,,,,,,,,,3,,,0,not_enough_blocks,6367,skip,,,,triangle_alpha
,,,,,,,,,,,,,,,,,,,,,3,,,0,not_enough_blocks,6368,skip,,,,triangle_alpha
,,,,,,,,,,,,,,,,,,,,,3,,,0,not_enough_blocks,6369,skip,,,,triangle_alpha
,,,,,,,,,,,,,,,,,,,,,3,,,0,not_enough_blocks,6370,skip,,,,triangle_alpha
,,,,,,,,,,,,,,,,,,,,,3,,,0,not_enough_blocks,6371,skip,,,,triangle_alpha
,,,,,,,,,,,,,,,,,,,,,3,,,0,not_enough_blocks,6372,skip,,,,triangle_alpha
,,,,,,,,,,,,,,,,,,,,,3,,,0,not_enough_blocks,6373,skip,,,,triangle_alpha
,,,,,,,,,,,,,,,,,,,,,3,,,0,not_enough_blocks,6374,skip,,,,triangle_alpha
,,,,,,,,,,,,,,,,,,,,,3,,,1,not_enough_blocks,6375,skip,,,,triangle_alpha
,,,,,,,,,,,,,,,,,,,,,3,,,0,not_enough_blocks,6376,skip,,,,triangle_alpha
,,,,,,,,,,,,,,,,,,,,,3,,,0,not_enough_blocks,6377,skip,,,,triangle_alpha
,,,,,,,,,,,,,,,,,,,,,3,,,0,not_enough_blocks,6378,skip,,,,triangle_alpha
,,,,,,,,,,,,,,,,,,,,,3,,,0,not_enough_blocks,6379,skip,,,,triangle_alpha
,,,,,,,,,,,,,,,,,,,,,3,,,0,not_enough_blocks,6380,skip,,,,triangle_alpha
,,,,,,,,,,,,,,,,,,,,,3,,,0,not_enough_blocks,6381,skip,,,,triangle_alpha
,,,,,,,,,,,,,,,,,,,,,3,,,0,not_enough_blocks,6382,skip,,,,triangle_alpha
,,,,,,,,,,,,,,,,,,,,,3,,,0,not_enough_blocks,6383,skip,,,,triangle_alpha
,,,,,,,,,,,,,,,,,,,,,3,,,0,not_enough_blocks,6384,skip,,,,triangle_alpha
,,,,,,,,,,,,,,,,,,,,,3,,,0,not_enough_blocks,6385,skip,,,,triangle_alpha
,,,,,,,,,,,,,,,,,,,,,3,,,1,not_enough_blocks,6386,skip,,,,triangle_alpha
,,,,,,,,,,,,,,,,,,,,,3,,,0,not_enough_blocks,6387,skip,,,,triangle_alpha
,,,,,,,,,,,,,,,,,,,,,3,,,1,not_enough_blocks,6388,skip,,,,triangle_alpha
,,,,,,,,,,,,,,,,,,,,,3,,,0,not_enough_blocks,6389,skip,,,,triangle_alpha
,,,,,,,,,,,,,,,,,,,,,3,,,0,not_enough_blocks,6390,skip,,,,triangle_alpha
,,,,,,,,,,,,,,,,,,,,,3,,,0,not_enough_blocks,6391,skip,,,,triangle_alpha
,,,,,,,,,,,,,,,,,,,,,3,,,0,not_enough_blocks,6392,skip,,,,triangle_alpha
,,,,,,,,,,,,,,,,,,,,,3,,,0,not_enough_blocks,6393,skip,,,,triangle_alpha
,,,,,,,,,,,,,,,,,,,,,3,,,0,not_enough_blocks,6394,skip,,,,triangle_alpha
,,,,,,,,,,,,,,,,,,,,,3,,,0,not_enough_blocks,6395,skip,,,,triangle_alpha
,,,,,,,,,,,,,,,,,,,,,3,,,0,not_enough_blocks,6396,skip,,,,triangle_alpha
,,,,,,,,,,,,,,,,,,,,,3,,,0,not_enough_blocks,6397,skip,,,,triangle_alpha
,,,,,,,,,,,,,,,,,,,,,3,,,0,not_enough_blocks,6398,skip,,,,triangle_alpha
,,,,,,,,,,,,,,,,,,,,,3,,,1,not_enough_blocks,6399,skip,,,,triangle_alpha
,,,,,,,,,,,,,,,,,,,,,3,,,0,not_enough_blocks,6400,skip,,,,triangle_alpha
,,,,,,,,,,,,,,,,,,,,,3,,,0,not_enough_blocks,6401,skip,,,,triangle_alpha
,,,,,,,,,,,,,,,,,,,,,3,,,1,not_enough_blocks,6402,skip,,,,triangle_alpha
,,,,,,,,,,,,,,,,,,,,,3,,,0,not_enough_blocks,6403,skip,,,,triangle_alpha
,,,,,,,,,,,,,,,,,,,,,3,,,0,not_enough_blocks,6404,skip,,,,triangle_alpha
,,,,,,,,,,,,,,,,,,,,,3,,,0,not_enough_blocks,6405,skip,,,,triangle_alpha
,,,,,,,,,,,,,,,,,,,,,3,,,1,not_enough_blocks,6406,skip,,,,triangle_alpha
,,,,,,,,,,,,,,,,,,,,,3,,,0,not_enough_blocks,6407,skip,,,,triangle_alpha
,,,,,,,,,,,,,,,,,,,,,3,,,0,not_enough_blocks,6408,skip,,,,triangle_alpha
,,,,,,,,,,,,,,,,,,,,,3,,,0,not_enough_blocks,6409,skip,,,,triangle_alpha
,,,,,,,,,,,,,,,,,,,,,3,,,0,not_enough_blocks,6410,skip,,,,triangle_alpha
,,,,,,,,,,,,,,,,,,,,,3,,,1,not_enough_blocks,6411,skip,,,,triangle_alpha
,,,,,,,,,,,,,,,,,,,,,3,,,0,not_enough_blocks,6412,skip,,,,triangle_alpha
,,,,,,,,,,,,,,,,,,,,,3,,,0,not_enough_blocks,6413,skip,,,,triangle_alpha
,,,,,,,,,,,,,,,,,,,,,3,,,0,not_enough_blocks,6414,skip,,,,triangle_alpha
,,,,,,,,,,,,,,,,,,,,,3,,,0,not_enough_blocks,6415,skip,,,,triangle_alpha
,,,,,,,,,,,,,,,,,,,,,3,,,0,not_enough_blocks,6416,skip,,,,triangle_alpha
,,,,,,,,,,,,,,,,,,,,,3,,,0,not_enough_blocks,6417,skip,,,,triangle_alpha
,,,,,,,,,,,,,,,,,,,,,3,,,0,not_enough_blocks,6418,skip,,,,triangle_alpha
,,,,,,,,,,,,,,,,,,,,,3,,,1,not_enough_blocks,6419,skip,,,,triangle_alpha
,,,,,,,,,,,,,,,,,,,,,3,,,0,not_enough_blocks,6420,skip,,,,triangle_alpha
,,,,,,,,,,,,,,,,,,,,,3,,,0,not_enough_blocks,6421,skip,,,,triangle_alpha
,,,,,,,,,,,,,,,,,,,,,3,,,1,not_enough_blocks,6422,skip,,,,triangle_alpha
,,,,,,,,,,,,,,,,,,,,,3,,,0,not_enough_blocks,6423,skip,,,,triangle_alpha
,,,,,,,,,,,,,,,,,,,,,3,,,1,not_enough_blocks,6424,skip,,,,triangle_alpha
,,,,,,,,,,,,,,,,,,,,,3,,,0,not_enough_blocks,6425,skip,,,,triangle_alpha
,,,,,,,,,,,,,,,,,,,,,3,,,0,not_enough_blocks,6426,skip,,,,triangle_alpha
,,,,,,,,,,,,,,,,,,,,,3,,,0,not_enough_blocks,6427,skip,,,,triangle_alpha
,,,,,,,,,,,,,,,,,,,,,3,,,0,not_enough_blocks,6428,skip,,,,triangle_alpha
,,,,,,,,,,,,,,,,,,,,,3,,,0,not_enough_blocks,6429,skip,,,,triangle_alpha
,,,,,,,,,,,,,,,,,,,,,3,,,0,not_enough_blocks,6430,skip,,,,triangle_alpha
,,,,,,,,,,,,,,,,,,,,,3,,,0,not_enough_blocks,6431,skip,,,,triangle_alpha
,,,,,,,,,,,,,,,,,,,,,3,,,0,not_enough_blocks,6432,skip,,,,triangle_alpha
,,,,,,,,,,,,,,,,,,,,,3,,,0,not_enough_blocks,6433,skip,,,,triangle_alpha
,,,,,,,,,,,,,,,,,,,,,3,,,0,not_enough_blocks,6434,skip,,,,triangle_alpha
,,,,,,,,,,,,,,,,,,,,,3,,,0,not_enough_blocks,6435,skip,,,,triangle_alpha
,,,,,,,,,,,,,,,,,,,,,3,,,0,not_enough_blocks,6436,skip,,,,triangle_alpha
,,,,,,,,,,,,,,,,,,,,,3,,,0,not_enough_blocks,6437,skip,,,,triangle_alpha
,,,,,,,,,,,,,,,,,,,,,3,,,0,not_enough_blocks,6438,skip,,,,triangle_alpha
,,,,,,,,,,,,,,,,,,,,,3,,,0,not_enough_blocks,6439,skip,,,,triangle_alpha
,,,,,,,,,,,,,,,,,,,,,3,,,0,not_enough_blocks,6440,skip,,,,triangle_alpha
,,,,,,,,,,,,,,,,,,,,,3,,,0,not_enough_blocks,6441,skip,,,,triangle_alpha
,,,,,,,,,,,,,,,,,,,,,3,,,0,not_enough_blocks,6442,skip,,,,triangle_alpha
,,,,,,,,,,,,,,,,,,,,,3,,,0,not_enough_blocks,6443,skip,,,,triangle_alpha
,,,,,,,,,,,,,,,,,,,,,3,,,1,not_enough_blocks,6444,skip,,,,triangle_alpha
,,,,,,,,,,,,,,,,,,,,,3,,,0,not_enough_blocks,6445,skip,,,,triangle_alpha
,,,,,,,,,,,,,,,,,,,,,3,,,1,not_enough_blocks,6446,skip,,,,triangle_alpha
,,,,,,,,,,,,,,,,,,,,,3,,,0,not_enough_blocks,6447,skip,,,,triangle_alpha
,,,,,,,,,,,,,,,,,,,,,3,,,0,not_enough_blocks,6448,skip,,,,triangle_alpha
,,,,,,,,,,,,,,,,,,,,,3,,,0,not_enough_blocks,6449,skip,,,,triangle_alpha
,,,,,,,,,,,,,,,,,,,,,3,,,0,not_enough_blocks,6450,skip,,,,triangle_alpha
,,,,,,,,,,,,,,,,,,,,,3,,,0,not_enough_blocks,6451,skip,,,,triangle_alpha
,,,,,,,,,,,,,,,,,,,,,3,,,1,not_enough_blocks,6452,skip,,,,triangle_alpha
,,,,,,,,,,,,,,,,,,,,,3,,,0,not_enough_blocks,6453,skip,,,,triangle_alpha
,,,,,,,,,,,,,,,,,,,,,3,,,0,not_enough_blocks,6454,skip,,,,triangle_alpha
,,,,,,,,,,,,,,,,,,,,,3,,,0,not_enough_blocks,6455,skip,,,,triangle_alpha
,,,,,,,,,,,,,,,,,,,,,3,,,1,not_enough_blocks,6456,skip,,,,triangle_alpha
,,,,,,,,,,,,,,,,,,,,,3,,,1,not_enough_blocks,6457,skip,,,,triangle_alpha
,,,,,,,,,,,,,,,,,,,,,3,,,0,not_enough_blocks,6458,skip,,,,triangle_alpha
,,,,,,,,,,,,,,,,,,,,,3,,,0,not_enough_blocks,6459,skip,,,,triangle_alpha
,,,,,,,,,,,,,,,,,,,,,3,,,0,not_enough_blocks,6460,skip,,,,triangle_alpha
,,,,,,,,,,,,,,,,,,,,,3,,,0,not_enough_blocks,6461,skip,,,,triangle_alpha
,,,,,,,,,,,,,,,,,,,,,3,,,0,not_enough_blocks,6462,skip,,,,triangle_alpha
,,,,,,,,,,,,,,,,,,,,,3,,,0,not_enough_blocks,6463,skip,,,,triangle_alpha
,,,,,,,,,,,,,,,,,,,,,3,,,0,not_enough_blocks,6464,skip,,,,triangle_alpha
,,,,,,,,,,,,,,,,,,,,,3,,,0,not_enough_blocks,6465,skip,,,,triangle_alpha
,,,,,,,,,,,,,,,,,,,,,3,,,0,not_enough_blocks,6466,skip,,,,triangle_alpha
,,,,,,,,,,,,,,,,,,,,,3,,,1,not_enough_blocks,6467,skip,,,,triangle_alpha
,,,,,,,,,,,,,,,,,,,,,3,,,0,not_enough_blocks,6468,skip,,,,triangle_alpha
,,,,,,,,,,,,,,,,,,,,,3,,,1,not_enough_blocks,6469,skip,,,,triangle_alpha
,,,,,,,,,,,,,,,,,,,,,3,,,0,not_enough_blocks,6470,skip,,,,triangle_alpha
,,,,,,,,,,,,,,,,,,,,,3,,,0,not_enough_blocks,6471,skip,,,,triangle_alpha
,,,,,,,,,,,,,,,,,,,,,3,,,0,not_enough_blocks,6472,skip,,,,triangle_alpha
,,,,,,,,,,,,,,,,,,,,,3,,,0,not_enough_blocks,6473,skip,,,,triangle_alpha
,,,,,,,,,,,,,,,,,,,,,3,,,0,not_enough_blocks,6474,skip,,,,triangle_alpha
,,,,,,,,,,,,,,,,,,,,,3,,,0,not_enough_blocks,6475,skip,,,,triangle_alpha
,,,,,,,,,,,,,,,,,,,,,3,,,0,not_enough_blocks,6476,skip,,,,triangle_alpha
,,,,,,,,,,,,,,,,,,,,,3,,,0,not_enough_blocks,6477,skip,,,,triangle_alpha
,,,,,,,,,,,,,,,,,,,,,3,,,0,not_enough_blocks,6478,skip,,,,triangle_alpha
,,,,,,,,,,,,,,,,,,,,,3,,,0,not_enough_blocks,6479,skip,,,,triangle_alpha
,,,,,,,,,,,,,,,,,,,,,3,,,0,not_enough_blocks,6480,skip,,,,triangle_alpha
,,,,,,,,,,,,,,,,,,,,,3,,,0,not_enough_blocks,6481,skip,,,,triangle_alpha
,,,,,,,,,,,,,,,,,,,,,3,,,0,not_enough_blocks,6482,skip,,,,triangle_alpha
,,,,,,,,,,,,,,,,,,,,,3,,,0,not_enough_blocks,6483,skip,,,,triangle_alpha
,,,,,,,,,,,,,,,,,,,,,3,,,0,not_enough_blocks,6484,skip,,,,triangle_alpha
,,,,,,,,,,,,,,,,,,,,,3,,,0,not_enough_blocks,6485,skip,,,,triangle_alpha
,,,,,,,,,,,,,,,,,,,,,3,,,0,not_enough_blocks,6486,skip,,,,triangle_alpha
,,,,,,,,,,,,,,,,,,,,,3,,,0,not_enough_blocks,6487,skip,,,,triangle_alpha
,,,,,,,,,,,,,,,,,,,,,3,,,0,not_enough_blocks,6488,skip,,,,triangle_alpha
,,,,,,,,,,,,,,,,,,,,,3,,,0,not_enough_blocks,6489,skip,,,,triangle_alpha
,,,,,,,,,,,,,,,,,,,,,3,,,1,not_enough_blocks,6490,skip,,,,triangle_alpha
,,,,,,,,,,,,,,,,,,,,,3,,,0,not_enough_blocks,6491,skip,,,,triangle_alpha
,,,,,,,,,,,,,,,,,,,,,3,,,0,not_enough_blocks,6492,skip,,,,triangle_alpha
,,,,,,,,,,,,,,,,,,,,,3,,,0,not_enough_blocks,6493,skip,,,,triangle_alpha
,,,,,,,,,,,,,,,,,,,,,3,,,0,not_enough_blocks,6494,skip,,,,triangle_alpha
,,,,,,,,,,,,,,,,,,,,,3,,,0,not_enough_blocks,6495,skip,,,,triangle_alpha
,,,,,,,,,,,,,,,,,,,,,3,,,0,not_enough_blocks,6496,skip,,,,triangle_alpha
,,,,,,,,,,,,,,,,,,,,,3,,,0,not_enough_blocks,6497,skip,,,,triangle_alpha
,,,,,,,,,,,,,,,,,,,,,3,,,1,not_enough_blocks,6498,skip,,,,triangle_alpha
,,,,,,,,,,,,,,,,,,,,,3,,,0,not_enough_blocks,6499,skip,,,,triangle_alpha
,,,,,,,,,,,,,,,,,,,,,3,,,1,not_enough_blocks,6500,skip,,,,triangle_alpha
,,,,,,,,,,,,,,,,,,,,,3,,,0,not_enough_blocks,6501,skip,,,,triangle_alpha
,,,,,,,,,,,,,,,,,,,,,3,,,0,not_enough_blocks,6502,skip,,,,triangle_alpha
,,,,,,,,,,,,,,,,,,,,,3,,,0,not_enough_blocks,6503,skip,,,,triangle_alpha
,,,,,,,,,,,,,,,,,,,,,3,,,0,not_enough_blocks,6504,skip,,,,triangle_alpha
,,,,,,,,,,,,,,,,,,,,,3,,,0,not_enough_blocks,6505,skip,,,,triangle_alpha
,,,,,,,,,,,,,,,,,,,,,3,,,1,not_enough_blocks,6506,skip,,,,triangle_alpha
,,,,,,,,,,,,,,,,,,,,,3,,,0,not_enough_blocks,6507,skip,,,,triangle_alpha
,,,,,,,,,,,,,,,,,,,,,3,,,0,not_enough_blocks,6508,skip,,,,triangle_alpha
,,,,,,,,,,,,,,,,,,,,,3,,,0,not_enough_blocks,6509,skip,,,,triangle_alpha
,,,,,,,,,,,,,,,,,,,,,3,,,0,not_enough_blocks,6510,skip,,,,triangle_alpha
,,,,,,,,,,,,,,,,,,,,,3,,,0,not_enough_blocks,6511,skip,,,,triangle_alpha
,,,,,,,,,,,,,,,,,,,,,3,,,1,not_enough_blocks,6512,skip,,,,triangle_alpha
,,,,,,,,,,,,,,,,,,,,,3,,,0,not_enough_blocks,6513,skip,,,,triangle_alpha
,,,,,,,,,,,,,,,,,,,,,3,,,0,not_enough_blocks,6514,skip,,,,triangle_alpha
,,,,,,,,,,,,,,,,,,,,,3,,,0,not_enough_blocks,6515,skip,,,,triangle_alpha
,,,,,,,,,,,,,,,,,,,,,3,,,0,not_enough_blocks,6516,skip,,,,triangle_alpha
,,,,,,,,,,,,,,,,,,,,,3,,,0,not_enough_blocks,6517,skip,,,,triangle_alpha
,,,,,,,,,,,,,,,,,,,,,3,,,0,not_enough_blocks,6518,skip,,,,triangle_alpha
,,,,,,,,,,,,,,,,,,,,,3,,,0,not_enough_blocks,6519,skip,,,,triangle_alpha
,,,,,,,,,,,,,,,,,,,,,3,,,0,not_enough_blocks,6520,skip,,,,triangle_alpha
,,,,,,,,,,,,,,,,,,,,,3,,,0,not_enough_blocks,6521,skip,,,,triangle_alpha
,,,,,,,,,,,,,,,,,,,,,3,,,0,not_enough_blocks,6522,skip,,,,triangle_alpha
,,,,,,,,,,,,,,,,,,,,,3,,,0,not_enough_blocks,6523,skip,,,,triangle_alpha
,,,,,,,,,,,,,,,,,,,,,3,,,1,not_enough_blocks,6524,skip,,,,triangle_alpha
,,,,,,,,,,,,,,,,,,,,,3,,,0,not_enough_blocks,6525,skip,,,,triangle_alpha
,,,,,,,,,,,,,,,,,,,,,3,,,0,not_enough_blocks,6526,skip,,,,triangle_alpha
,,,,,,,,,,,,,,,,,,,,,3,,,0,not_enough_blocks,6527,skip,,,,triangle_alpha
,,,,,,,,,,,,,,,,,,,,,3,,,1,not_enough_blocks,6528,skip,,,,triangle_alpha
,,,,,,,,,,,,,,,,,,,,,3,,,1,not_enough_blocks,6529,skip,,,,triangle_alpha
,,,,,,,,,,,,,,,,,,,,,3,,,0,not_enough_blocks,6530,skip,,,,triangle_alpha
,,,,,,,,,,,,,,,,,,,,,3,,,0,not_enough_blocks,6531,skip,,,,triangle_alpha
,,,,,,,,,,,,,,,,,,,,,3,,,0,not_enough_blocks,6532,skip,,,,triangle_alpha
,,,,,,,,,,,,,,,,,,,,,3,,,0,not_enough_blocks,6533,skip,,,,triangle_alpha
,,,,,,,,,,,,,,,,,,,,,3,,,0,not_enough_blocks,6534,skip,,,,triangle_alpha
,,,,,,,,,,,,,,,,,,,,,3,,,0,not_enough_blocks,6535,skip,,,,triangle_alpha
,,,,,,,,,,,,,,,,,,,,,3,,,0,not_enough_blocks,6536,skip,,,,triangle_alpha
,,,,,,,,,,,,,,,,,,,,,3,,,0,not_enough_blocks,6537,skip,,,,triangle_alpha
,,,,,,,,,,,,,,,,,,,,,3,,,0,not_enough_blocks,6538,skip,,,,triangle_alpha
,,,,,,,,,,,,,,,,,,,,,3,,,0,not_enough_blocks,6539,skip,,,,triangle_alpha
,,,,,,,,,,,,,,,,,,,,,3,,,1,not_enough_blocks,6540,skip,,,,triangle_alpha
,,,,,,,,,,,,,,,,,,,,,3,,,0,not_enough_blocks,6541,skip,,,,triangle_alpha
,,,,,,,,,,,,,,,,,,,,,3,,,1,not_enough_blocks,6542,skip,,,,triangle_alpha
,,,,,,,,,,,,,,,,,,,,,3,,,0,not_enough_blocks,6543,skip,,,,triangle_alpha
,,,,,,,,,,,,,,,,,,,,,3,,,2,not_enough_blocks,6544,skip,,,,triangle_alpha
,,,,,,,,,,,,,,,,,,,,,3,,,0,not_enough_blocks,6545,skip,,,,triangle_alpha
,,,,,,,,,,,,,,,,,,,,,3,,,0,not_enough_blocks,6546,skip,,,,triangle_alpha
,,,,,,,,,,,,,,,,,,,,,3,,,1,not_enough_blocks,6547,skip,,,,triangle_alpha
,,,,,,,,,,,,,,,,,,,,,3,,,1,not_enough_blocks,6548,skip,,,,triangle_alpha
,,,,,,,,,,,,,,,,,,,,,3,,,0,not_enough_blocks,6549,skip,,,,triangle_alpha
,,,,,,,,,,,,,,,,,,,,,3,,,0,not_enough_blocks,6550,skip,,,,triangle_alpha
,,,,,,,,,,,,,,,,,,,,,3,,,0,not_enough_blocks,6551,skip,,,,triangle_alpha
,,,,,,,,,,,,,,,,,,,,,3,,,0,not_enough_blocks,6552,skip,,,,triangle_alpha
,,,,,,,,,,,,,,,,,,,,,3,,,0,not_enough_blocks,6553,skip,,,,triangle_alpha
,,,,,,,,,,,,,,,,,,,,,3,,,0,not_enough_blocks,6554,skip,,,,triangle_alpha
,,,,,,,,,,,,,,,,,,,,,3,,,1,not_enough_blocks,6555,skip,,,,triangle_alpha
,,,,,,,,,,,,,,,,,,,,,3,,,0,not_enough_blocks,6556,skip,,,,triangle_alpha
,,,,,,,,,,,,,,,,,,,,,3,,,0,not_enough_blocks,6557,skip,,,,triangle_alpha
,,,,,,,,,,,,,,,,,,,,,3,,,1,not_enough_blocks,6558,skip,,,,triangle_alpha
,,,,,,,,,,,,,,,,,,,,,3,,,0,not_enough_blocks,6559,skip,,,,triangle_alpha
,,,,,,,,,,,,,,,,,,,,,3,,,1,not_enough_blocks,6560,skip,,,,triangle_alpha
,,,,,,,,,,,,,,,,,,,,,3,,,0,not_enough_blocks,6561,skip,,,,triangle_alpha
,,,,,,,,,,,,,,,,,,,,,3,,,0,not_enough_blocks,6562,skip,,,,triangle_alpha
,,,,,,,,,,,,,,,,,,,,,3,,,1,not_enough_blocks,6563,skip,,,,triangle_alpha
,,,,,,,,,,,,,,,,,,,,,3,,,0,not_enough_blocks,6564,skip,,,,triangle_alpha
,,,,,,,,,,,,,,,,,,,,,3,,,0,not_enough_blocks,6565,skip,,,,triangle_alpha
,,,,,,,,,,,,,,,,,,,,,3,,,1,not_enough_blocks,6566,skip,,,,triangle_alpha
,,,,,,,,,,,,,,,,,,,,,3,,,0,not_enough_blocks,6567,skip,,,,triangle_alpha
,,,,,,,,,,,,,,,,,,,,,3,,,0,not_enough_blocks,6568,skip,,,,triangle_alpha
,,,,,,,,,,,,,,,,,,,,,3,,,0,not_enough_blocks,6569,skip,,,,triangle_alpha
,,,,,,,,,,,,,,,,,,,,,3,,,0,not_enough_blocks,6570,skip,,,,triangle_alpha
,,,,,,,,,,,,,,,,,,,,,3,,,0,not_enough_blocks,6571,skip,,,,triangle_alpha
,,,,,,,,,,,,,,,,,,,,,3,,,0,not_enough_blocks,6572,skip,,,,triangle_alpha
,,,,,,,,,,,,,,,,,,,,,3,,,0,not_enough_blocks,6573,skip,,,,triangle_alpha
,,,,,,,,,,,,,,,,,,,,,3,,,0,not_enough_blocks,6574,skip,,,,triangle_alpha
,,,,,,,,,,,,,,,,,,,,,3,,,0,not_enough_blocks,6575,skip,,,,triangle_alpha
,,,,,,,,,,,,,,,,,,,,,3,,,0,not_enough_blocks,6576,skip,,,,triangle_alpha
,,,,,,,,,,,,,,,,,,,,,3,,,1,not_enough_blocks,6577,skip,,,,triangle_alpha
,,,,,,,,,,,,,,,,,,,,,3,,,0,not_enough_blocks,6578,skip,,,,triangle_alpha
,,,,,,,,,,,,,,,,,,,,,3,,,0,not_enough_blocks,6579,skip,,,,triangle_alpha
,,,,,,,,,,,,,,,,,,,,,3,,,0,not_enough_blocks,6580,skip,,,,triangle_alpha
,,,,,,,,,,,,,,,,,,,,,3,,,0,not_enough_blocks,6581,skip,,,,triangle_alpha
,,,,,,,,,,,,,,,,,,,,,3,,,0,not_enough_blocks,6582,skip,,,,triangle_alpha
,,,,,,,,,,,,,,,,,,,,,3,,,0,not_enough_blocks,6583,skip,,,,triangle_alpha
,,,,,,,,,,,,,,,,,,,,,3,,,0,not_enough_blocks,6584,skip,,,,triangle_alpha
,,,,,,,,,,,,,,,,,,,,,3,,,0,not_enough_blocks,6585,skip,,,,triangle_alpha
,,,,,,,,,,,,,,,,,,,,,3,,,0,not_enough_blocks,6586,skip,,,,triangle_alpha
,,,,,,,,,,,,,,,,,,,,,3,,,0,not_enough_blocks,6587,skip,,,,triangle_alpha
,,,,,,,,,,,,,,,,,,,,,3,,,0,not_enough_blocks,6588,skip,,,,triangle_alpha
,,,,,,,,,,,,,,,,,,,,,3,,,0,not_enough_blocks,6589,skip,,,,triangle_alpha
,,,,,,,,,,,,,,,,,,,,,3,,,0,not_enough_blocks,6590,skip,,,,triangle_alpha
,,,,,,,,,,,,,,,,,,,,,3,,,0,not_enough_blocks,6591,skip,,,,triangle_alpha
,,,,,,,,,,,,,,,,,,,,,3,,,0,not_enough_blocks,6592,skip,,,,triangle_alpha
,,,,,,,,,,,,,,,,,,,,,3,,,0,not_enough_blocks,6593,skip,,,,triangle_alpha
,,,,,,,,,,,,,,,,,,,,,3,,,0,not_enough_blocks,6594,skip,,,,triangle_alpha
,,,,,,,,,,,,,,,,,,,,,3,,,0,not_enough_blocks,6595,skip,,,,triangle_alpha
,,,,,,,,,,,,,,,,,,,,,3,,,0,not_enough_blocks,6596,skip,,,,triangle_alpha
,,,,,,,,,,,,,,,,,,,,,3,,,0,not_enough_blocks,6597,skip,,,,triangle_alpha
,,,,,,,,,,,,,,,,,,,,,3,,,0,not_enough_blocks,6598,skip,,,,triangle_alpha
,,,,,,,,,,,,,,,,,,,,,3,,,0,not_enough_blocks,6599,skip,,,,triangle_alpha
,,,,,,,,,,,,,,,,,,,,,3,,,0,not_enough_blocks,6600,skip,,,,triangle_alpha
,,,,,,,,,,,,,,,,,,,,,3,,,1,not_enough_blocks,6601,skip,,,,triangle_alpha
,,,,,,,,,,,,,,,,,,,,,3,,,0,not_enough_blocks,6602,skip,,,,triangle_alpha
,,,,,,,,,,,,,,,,,,,,,3,,,0,not_enough_blocks,6603,skip,,,,triangle_alpha
,,,,,,,,,,,,,,,,,,,,,3,,,0,not_enough_blocks,6604,skip,,,,triangle_alpha
,,,,,,,,,,,,,,,,,,,,,3,,,0,not_enough_blocks,6605,skip,,,,triangle_alpha
,,,,,,,,,,,,,,,,,,,,,3,,,0,not_enough_blocks,6606,skip,,,,triangle_alpha
,,,,,,,,,,,,,,,,,,,,,3,,,0,not_enough_blocks,6607,skip,,,,triangle_alpha
,,,,,,,,,,,,,,,,,,,,,3,,,0,not_enough_blocks,6608,skip,,,,triangle_alpha
,,,,,,,,,,,,,,,,,,,,,3,,,1,not_enough_blocks,6609,skip,,,,triangle_alpha
,,,,,,,,,,,,,,,,,,,,,3,,,0,not_enough_blocks,6610,skip,,,,triangle_alpha
,,,,,,,,,,,,,,,,,,,,,3,,,0,not_enough_blocks,6611,skip,,,,triangle_alpha
,,,,,,,,,,,,,,,,,,,,,3,,,1,not_enough_blocks,6612,skip,,,,triangle_alpha
,,,,,,,,,,,,,,,,,,,,,3,,,0,not_enough_blocks,6613,skip,,,,triangle_alpha
,,,,,,,,,,,,,,,,,,,,,3,,,0,not_enough_blocks,6614,skip,,,,triangle_alpha
,,,,,,,,,,,,,,,,,,,,,3,,,1,not_enough_blocks,6615,skip,,,,triangle_alpha
,,,,,,,,,,,,,,,,,,,,,3,,,0,not_enough_blocks,6616,skip,,,,triangle_alpha
,,,,,,,,,,,,,,,,,,,,,3,,,0,not_enough_blocks,6617,skip,,,,triangle_alpha
,,,,,,,,,,,,,,,,,,,,,3,,,1,not_enough_blocks,6618,skip,,,,triangle_alpha
,,,,,,,,,,,,,,,,,,,,,3,,,0,not_enough_blocks,6619,skip,,,,triangle_alpha
,,,,,,,,,,,,,,,,,,,,,3,,,1,not_enough_blocks,6620,skip,,,,triangle_alpha
,,,,,,,,,,,,,,,,,,,,,3,,,0,not_enough_blocks,6621,skip,,,,triangle_alpha
,,,,,,,,,,,,,,,,,,,,,3,,,0,not_enough_blocks,6622,skip,,,,triangle_alpha
,,,,,,,,,,,,,,,,,,,,,3,,,0,not_enough_blocks,6623,skip,,,,triangle_alpha
,,,,,,,,,,,,,,,,,,,,,3,,,0,not_enough_blocks,6624,skip,,,,triangle_alpha
,,,,,,,,,,,,,,,,,,,,,3,,,0,not_enough_blocks,6625,skip,,,,triangle_alpha
,,,,,,,,,,,,,,,,,,,,,3,,,0,not_enough_blocks,6626,skip,,,,triangle_alpha
,,,,,,,,,,,,,,,,,,,,,3,,,0,not_enough_blocks,6627,skip,,,,triangle_alpha
,,,,,,,,,,,,,,,,,,,,,3,,,0,not_enough_blocks,6628,skip,,,,triangle_alpha
,,,,,,,,,,,,,,,,,,,,,3,,,0,not_enough_blocks,6629,skip,,,,triangle_alpha
,,,,,,,,,,,,,,,,,,,,,3,,,0,not_enough_blocks,6630,skip,,,,triangle_alpha
,,,,,,,,,,,,,,,,,,,,,3,,,0,not_enough_blocks,6631,skip,,,,triangle_alpha
,,,,,,,,,,,,,,,,,,,,,3,,,0,not_enough_blocks,6632,skip,,,,triangle_alpha
,,,,,,,,,,,,,,,,,,,,,3,,,0,not_enough_blocks,6633,skip,,,,triangle_alpha
,,,,,,,,,,,,,,,,,,,,,3,,,0,not_enough_blocks,6634,skip,,,,triangle_alpha
,,,,,,,,,,,,,,,,,,,,,3,,,0,not_enough_blocks,6635,skip,,,,triangle_alpha
,,,,,,,,,,,,,,,,,,,,,3,,,1,not_enough_blocks,6636,skip,,,,triangle_alpha
,,,,,,,,,,,,,,,,,,,,,3,,,0,not_enough_blocks,6637,skip,,,,triangle_alpha
,,,,,,,,,,,,,,,,,,,,,3,,,1,not_enough_blocks,6638,skip,,,,triangle_alpha
,,,,,,,,,,,,,,,,,,,,,3,,,0,not_enough_blocks,6639,skip,,,,triangle_alpha
,,,,,,,,,,,,,,,,,,,,,3,,,0,not_enough_blocks,6640,skip,,,,triangle_alpha
,,,,,,,,,,,,,,,,,,,,,3,,,0,not_enough_blocks,6641,skip,,,,triangle_alpha
,,,,,,,,,,,,,,,,,,,,,3,,,0,not_enough_blocks,6642,skip,,,,triangle_alpha
,,,,,,,,,,,,,,,,,,,,,3,,,1,not_enough_blocks,6643,skip,,,,triangle_alpha
,,,,,,,,,,,,,,,,,,,,,3,,,0,not_enough_blocks,6644,skip,,,,triangle_alpha
,,,,,,,,,,,,,,,,,,,,,3,,,0,not_enough_blocks,6645,skip,,,,triangle_alpha
,,,,,,,,,,,,,,,,,,,,,3,,,0,not_enough_blocks,6646,skip,,,,triangle_alpha
,,,,,,,,,,,,,,,,,,,,,3,,,0,not_enough_blocks,6647,skip,,,,triangle_alpha
,,,,,,,,,,,,,,,,,,,,,3,,,0,not_enough_blocks,6648,skip,,,,triangle_alpha
,,,,,,,,,,,,,,,,,,,,,3,,,0,not_enough_blocks,6649,skip,,,,triangle_alpha
,,,,,,,,,,,,,,,,,,,,,3,,,0,not_enough_blocks,6650,skip,,,,triangle_alpha
,,,,,,,,,,,,,,,,,,,,,3,,,0,not_enough_blocks,6651,skip,,,,triangle_alpha
,,,,,,,,,,,,,,,,,,,,,3,,,1,not_enough_blocks,6652,skip,,,,triangle_alpha
,,,,,,,,,,,,,,,,,,,,,3,,,0,not_enough_blocks,6653,skip,,,,triangle_alpha
,,,,,,,,,,,,,,,,,,,,,3,,,0,not_enough_blocks,6654,skip,,,,triangle_alpha
,,,,,,,,,,,,,,,,,,,,,3,,,0,not_enough_blocks,6655,skip,,,,triangle_alpha
,,,,,,,,,,,,,,,,,,,,,3,,,0,not_enough_blocks,6656,skip,,,,triangle_alpha
,,,,,,,,,,,,,,,,,,,,,3,,,0,not_enough_blocks,6657,skip,,,,triangle_alpha
,,,,,,,,,,,,,,,,,,,,,3,,,0,not_enough_blocks,6658,skip,,,,triangle_alpha
,,,,,,,,,,,,,,,,,,,,,3,,,0,not_enough_blocks,6659,skip,,,,triangle_alpha
,,,,,,,,,,,,,,,,,,,,,3,,,0,not_enough_blocks,6660,skip,,,,triangle_alpha
,,,,,,,,,,,,,,,,,,,,,3,,,0,not_enough_blocks,6661,skip,,,,triangle_alpha
,,,,,,,,,,,,,,,,,,,,,3,,,0,not_enough_blocks,6662,skip,,,,triangle_alpha
,,,,,,,,,,,,,,,,,,,,,3,,,0,not_enough_blocks,6663,skip,,,,triangle_alpha
,,,,,,,,,,,,,,,,,,,,,3,,,0,not_enough_blocks,6664,skip,,,,triangle_alpha
,,,,,,,,,,,,,,,,,,,,,3,,,0,not_enough_blocks,6665,skip,,,,triangle_alpha
,,,,,,,,,,,,,,,,,,,,,3,,,0,not_enough_blocks,6666,skip,,,,triangle_alpha
,,,,,,,,,,,,,,,,,,,,,3,,,0,not_enough_blocks,6667,skip,,,,triangle_alpha
,,,,,,,,,,,,,,,,,,,,,3,,,0,not_enough_blocks,6668,skip,,,,triangle_alpha
,,,,,,,,,,,,,,,,,,,,,3,,,0,not_enough_blocks,6669,skip,,,,triangle_alpha
,,,,,,,,,,,,,,,,,,,,,3,,,1,not_enough_blocks,6670,skip,,,,triangle_alpha
,,,,,,,,,,,,,,,,,,,,,3,,,1,not_enough_blocks,6671,skip,,,,triangle_alpha
,,,,,,,,,,,,,,,,,,,,,3,,,0,not_enough_blocks,6672,skip,,,,triangle_alpha
,,,,,,,,,,,,,,,,,,,,,3,,,0,not_enough_blocks,6673,skip,,,,triangle_alpha
,,,,,,,,,,,,,,,,,,,,,3,,,0,not_enough_blocks,6674,skip,,,,triangle_alpha
,,,,,,,,,,,,,,,,,,,,,3,,,1,not_enough_blocks,6675,skip,,,,triangle_alpha
,,,,,,,,,,,,,,,,,,,,,3,,,0,not_enough_blocks,6676,skip,,,,triangle_alpha
,,,,,,,,,,,,,,,,,,,,,3,,,0,not_enough_blocks,6677,skip,,,,triangle_alpha
,,,,,,,,,,,,,,,,,,,,,3,,,0,not_enough_blocks,6678,skip,,,,triangle_alpha
,,,,,,,,,,,,,,,,,,,,,3,,,1,not_enough_blocks,6679,skip,,,,triangle_alpha
,,,,,,,,,,,,,,,,,,,,,3,,,0,not_enough_blocks,6680,skip,,,,triangle_alpha
,,,,,,,,,,,,,,,,,,,,,3,,,0,not_enough_blocks,6681,skip,,,,triangle_alpha
,,,,,,,,,,,,,,,,,,,,,3,,,0,not_enough_blocks,6682,skip,,,,triangle_alpha
,,,,,,,,,,,,,,,,,,,,,3,,,0,not_enough_blocks,6683,skip,,,,triangle_alpha
,,,,,,,,,,,,,,,,,,,,,3,,,0,not_enough_blocks,6684,skip,,,,triangle_alpha
,,,,,,,,,,,,,,,,,,,,,3,,,0,not_enough_blocks,6685,skip,,,,triangle_alpha
,,,,,,,,,,,,,,,,,,,,,3,,,2,not_enough_blocks,6686,skip,,,,triangle_alpha
,,,,,,,,,,,,,,,,,,,,,3,,,1,not_enough_blocks,6687,skip,,,,triangle_alpha
,,,,,,,,,,,,,,,,,,,,,3,,,0,not_enough_blocks,6688,skip,,,,triangle_alpha
,,,,,,,,,,,,,,,,,,,,,3,,,0,not_enough_blocks,6689,skip,,,,triangle_alpha
,,,,,,,,,,,,,,,,,,,,,3,,,1,not_enough_blocks,6690,skip,,,,triangle_alpha
,,,,,,,,,,,,,,,,,,,,,3,,,0,not_enough_blocks,6691,skip,,,,triangle_alpha
,,,,,,,,,,,,,,,,,,,,,3,,,0,not_enough_blocks,6692,skip,,,,triangle_alpha
,,,,,,,,,,,,,,,,,,,,,3,,,0,not_enough_blocks,6693,skip,,,,triangle_alpha
,,,,,,,,,,,,,,,,,,,,,3,,,0,not_enough_blocks,6694,skip,,,,triangle_alpha
,,,,,,,,,,,,,,,,,,,,,3,,,0,not_enough_blocks,6695,skip,,,,triangle_alpha
,,,,,,,,,,,,,,,,,,,,,3,,,1,not_enough_blocks,6696,skip,,,,triangle_alpha
,,,,,,,,,,,,,,,,,,,,,3,,,1,not_enough_blocks,6697,skip,,,,triangle_alpha
,,,,,,,,,,,,,,,,,,,,,3,,,0,not_enough_blocks,6698,skip,,,,triangle_alpha
,,,,,,,,,,,,,,,,,,,,,3,,,0,not_enough_blocks,6699,skip,,,,triangle_alpha
,,,,,,,,,,,,,,,,,,,,,3,,,0,not_enough_blocks,6700,skip,,,,triangle_alpha
,,,,,,,,,,,,,,,,,,,,,3,,,0,not_enough_blocks,6701,skip,,,,triangle_alpha
,,,,,,,,,,,,,,,,,,,,,3,,,0,not_enough_blocks,6702,skip,,,,triangle_alpha
,,,,,,,,,,,,,,,,,,,,,3,,,1,not_enough_blocks,6703,skip,,,,triangle_alpha
,,,,,,,,,,,,,,,,,,,,,3,,,0,not_enough_blocks,6704,skip,,,,triangle_alpha
,,,,,,,,,,,,,,,,,,,,,3,,,0,not_enough_blocks,6705,skip,,,,triangle_alpha
,,,,,,,,,,,,,,,,,,,,,3,,,0,not_enough_blocks,6706,skip,,,,triangle_alpha
,,,,,,,,,,,,,,,,,,,,,3,,,1,not_enough_blocks,6707,skip,,,,triangle_alpha
,,,,,,,,,,,,,,,,,,,,,3,,,1,not_enough_blocks,6708,skip,,,,triangle_alpha
,,,,,,,,,,,,,,,,,,,,,3,,,0,not_enough_blocks,6709,skip,,,,triangle_alpha
,,,,,,,,,,,,,,,,,,,,,3,,,0,not_enough_blocks,6710,skip,,,,triangle_alpha
,,,,,,,,,,,,,,,,,,,,,3,,,0,not_enough_blocks,6711,skip,,,,triangle_alpha
,,,,,,,,,,,,,,,,,,,,,3,,,0,not_enough_blocks,6712,skip,,,,triangle_alpha
,,,,,,,,,,,,,,,,,,,,,3,,,0,not_enough_blocks,6713,skip,,,,triangle_alpha
,,,,,,,,,,,,,,,,,,,,,3,,,1,not_enough_blocks,6714,skip,,,,triangle_alpha
,,,,,,,,,,,,,,,,,,,,,3,,,0,not_enough_blocks,6715,skip,,,,triangle_alpha
,,,,,,,,,,,,,,,,,,,,,3,,,0,not_enough_blocks,6716,skip,,,,triangle_alpha
,,,,,,,,,,,,,,,,,,,,,3,,,0,not_enough_blocks,6717,skip,,,,triangle_alpha
,,,,,,,,,,,,,,,,,,,,,3,,,0,not_enough_blocks,6718,skip,,,,triangle_alpha
,,,,,,,,,,,,,,,,,,,,,3,,,0,not_enough_blocks,6719,skip,,,,triangle_alpha
,,,,,,,,,,,,,,,,,,,,,3,,,0,not_enough_blocks,6720,skip,,,,triangle_alpha
,,,,,,,,,,,,,,,,,,,,,3,,,0,not_enough_blocks,6721,skip,,,,triangle_alpha
,,,,,,,,,,,,,,,,,,,,,3,,,0,not_enough_blocks,6722,skip,,,,triangle_alpha
,,,,,,,,,,,,,,,,,,,,,3,,,0,not_enough_blocks,6723,skip,,,,triangle_alpha
,,,,,,,,,,,,,,,,,,,,,3,,,0,not_enough_blocks,6724,skip,,,,triangle_alpha
,,,,,,,,,,,,,,,,,,,,,3,,,1,not_enough_blocks,6725,skip,,,,triangle_alpha
,,,,,,,,,,,,,,,,,,,,,3,,,0,not_enough_blocks,6726,skip,,,,triangle_alpha
,,,,,,,,,,,,,,,,,,,,,3,,,0,not_enough_blocks,6727,skip,,,,triangle_alpha
,,,,,,,,,,,,,,,,,,,,,3,,,0,not_enough_blocks,6728,skip,,,,triangle_alpha
,,,,,,,,,,,,,,,,,,,,,3,,,0,not_enough_blocks,6729,skip,,,,triangle_alpha
,,,,,,,,,,,,,,,,,,,,,3,,,1,not_enough_blocks,6730,skip,,,,triangle_alpha
,,,,,,,,,,,,,,,,,,,,,3,,,0,not_enough_blocks,6731,skip,,,,triangle_alpha
,,,,,,,,,,,,,,,,,,,,,3,,,1,not_enough_blocks,6732,skip,,,,triangle_alpha
,,,,,,,,,,,,,,,,,,,,,3,,,0,not_enough_blocks,6733,skip,,,,triangle_alpha
,,,,,,,,,,,,,,,,,,,,,3,,,0,not_enough_blocks,6734,skip,,,,triangle_alpha
,,,,,,,,,,,,,,,,,,,,,3,,,0,not_enough_blocks,6735,skip,,,,triangle_alpha
,,,,,,,,,,,,,,,,,,,,,3,,,0,not_enough_blocks,6736,skip,,,,triangle_alpha
,,,,,,,,,,,,,,,,,,,,,3,,,1,not_enough_blocks,6737,skip,,,,triangle_alpha
,,,,,,,,,,,,,,,,,,,,,3,,,0,not_enough_blocks,6738,skip,,,,triangle_alpha
,,,,,,,,,,,,,,,,,,,,,3,,,0,not_enough_blocks,6739,skip,,,,triangle_alpha
,,,,,,,,,,,,,,,,,,,,,3,,,1,not_enough_blocks,6740,skip,,,,triangle_alpha
,,,,,,,,,,,,,,,,,,,,,3,,,0,not_enough_blocks,6741,skip,,,,triangle_alpha
,,,,,,,,,,,,,,,,,,,,,3,,,0,not_enough_blocks,6742,skip,,,,triangle_alpha
,,,,,,,,,,,,,,,,,,,,,3,,,0,not_enough_blocks,6743,skip,,,,triangle_alpha
,,,,,,,,,,,,,,,,,,,,,3,,,0,not_enough_blocks,6744,skip,,,,triangle_alpha
,,,,,,,,,,,,,,,,,,,,,3,,,0,not_enough_blocks,6745,skip,,,,triangle_alpha
,,,,,,,,,,,,,,,,,,,,,3,,,0,not_enough_blocks,6746,skip,,,,triangle_alpha
,,,,,,,,,,,,,,,,,,,,,3,,,1,not_enough_blocks,6747,skip,,,,triangle_alpha
,,,,,,,,,,,,,,,,,,,,,3,,,0,not_enough_blocks,6748,skip,,,,triangle_alpha
,,,,,,,,,,,,,,,,,,,,,3,,,0,not_enough_blocks,6749,skip,,,,triangle_alpha
,,,,,,,,,,,,,,,,,,,,,3,,,0,not_enough_blocks,6750,skip,,,,triangle_alpha
,,,,,,,,,,,,,,,,,,,,,3,,,0,not_enough_blocks,6751,skip,,,,triangle_alpha
,,,,,,,,,,,,,,,,,,,,,3,,,0,not_enough_blocks,6752,skip,,,,triangle_alpha
,,,,,,,,,,,,,,,,,,,,,3,,,0,not_enough_blocks,6753,skip,,,,triangle_alpha
,,,,,,,,,,,,,,,,,,,,,3,,,0,not_enough_blocks,6754,skip,,,,triangle_alpha
,,,,,,,,,,,,,,,,,,,,,3,,,0,not_enough_blocks,6755,skip,,,,triangle_alpha
,,,,,,,,,,,,,,,,,,,,,3,,,1,not_enough_blocks,6756,skip,,,,triangle_alpha
,,,,,,,,,,,,,,,,,,,,,3,,,0,not_enough_blocks,6757,skip,,,,triangle_alpha
,,,,,,,,,,,,,,,,,,,,,3,,,0,not_enough_blocks,6758,skip,,,,triangle_alpha
,,,,,,,,,,,,,,,,,,,,,3,,,0,not_enough_blocks,6759,skip,,,,triangle_alpha
,,,,,,,,,,,,,,,,,,,,,3,,,0,not_enough_blocks,6760,skip,,,,triangle_alpha
,,,,,,,,,,,,,,,,,,,,,3,,,0,not_enough_blocks,6761,skip,,,,triangle_alpha
,,,,,,,,,,,,,,,,,,,,,3,,,0,not_enough_blocks,6762,skip,,,,triangle_alpha
,,,,,,,,,,,,,,,,,,,,,3,,,0,not_enough_blocks,6763,skip,,,,triangle_alpha
,,,,,,,,,,,,,,,,,,,,,3,,,0,not_enough_blocks,6764,skip,,,,triangle_alpha
,,,,,,,,,,,,,,,,,,,,,3,,,0,not_enough_blocks,6765,skip,,,,triangle_alpha
,,,,,,,,,,,,,,,,,,,,,3,,,0,not_enough_blocks,6766,skip,,,,triangle_alpha
,,,,,,,,,,,,,,,,,,,,,3,,,0,not_enough_blocks,6767,skip,,,,triangle_alpha
,,,,,,,,,,,,,,,,,,,,,3,,,0,not_enough_blocks,6768,skip,,,,triangle_alpha
,,,,,,,,,,,,,,,,,,,,,3,,,0,not_enough_blocks,6769,skip,,,,triangle_alpha
,,,,,,,,,,,,,,,,,,,,,3,,,0,not_enough_blocks,6770,skip,,,,triangle_alpha
,,,,,,,,,,,,,,,,,,,,,3,,,0,not_enough_blocks,6771,skip,,,,triangle_alpha
,,,,,,,,,,,,,,,,,,,,,3,,,0,not_enough_blocks,6772,skip,,,,triangle_alpha
,,,,,,,,,,,,,,,,,,,,,3,,,0,not_enough_blocks,6773,skip,,,,triangle_alpha
,,,,,,,,,,,,,,,,,,,,,3,,,0,not_enough_blocks,6774,skip,,,,triangle_alpha
,,,,,,,,,,,,,,,,,,,,,3,,,0,not_enough_blocks,6775,skip,,,,triangle_alpha
,,,,,,,,,,,,,,,,,,,,,3,,,1,not_enough_blocks,6776,skip,,,,triangle_alpha
,,,,,,,,,,,,,,,,,,,,,3,,,0,not_enough_blocks,6777,skip,,,,triangle_alpha
,,,,,,,,,,,,,,,,,,,,,3,,,0,not_enough_blocks,6778,skip,,,,triangle_alpha
,,,,,,,,,,,,,,,,,,,,,3,,,0,not_enough_blocks,6779,skip,,,,triangle_alpha
,,,,,,,,,,,,,,,,,,,,,3,,,0,not_enough_blocks,6780,skip,,,,triangle_alpha
,,,,,,,,,,,,,,,,,,,,,3,,,0,not_enough_blocks,6781,skip,,,,triangle_alpha
,,,,,,,,,,,,,,,,,,,,,3,,,1,not_enough_blocks,6782,skip,,,,triangle_alpha
,,,,,,,,,,,,,,,,,,,,,3,,,0,not_enough_blocks,6783,skip,,,,triangle_alpha
,,,,,,,,,,,,,,,,,,,,,3,,,0,not_enough_blocks,6784,skip,,,,triangle_alpha
,,,,,,,,,,,,,,,,,,,,,3,,,0,not_enough_blocks,6785,skip,,,,triangle_alpha
,,,,,,,,,,,,,,,,,,,,,3,,,0,not_enough_blocks,6786,skip,,,,triangle_alpha
,,,,,,,,,,,,,,,,,,,,,3,,,0,not_enough_blocks,6787,skip,,,,triangle_alpha
,,,,,,,,,,,,,,,,,,,,,3,,,0,not_enough_blocks,6788,skip,,,,triangle_alpha
,,,,,,,,,,,,,,,,,,,,,3,,,0,not_enough_blocks,6789,skip,,,,triangle_alpha
,,,,,,,,,,,,,,,,,,,,,3,,,0,not_enough_blocks,6790,skip,,,,triangle_alpha
,,,,,,,,,,,,,,,,,,,,,3,,,0,not_enough_blocks,6791,skip,,,,triangle_alpha
,,,,,,,,,,,,,,,,,,,,,3,,,0,not_enough_blocks,6792,skip,,,,triangle_alpha
,,,,,,,,,,,,,,,,,,,,,3,,,0,not_enough_blocks,6793,skip,,,,triangle_alpha
,,,,,,,,,,,,,,,,,,,,,3,,,1,not_enough_blocks,6794,skip,,,,triangle_alpha
,,,,,,,,,,,,,,,,,,,,,3,,,0,not_enough_blocks,6795,skip,,,,triangle_alpha
,,,,,,,,,,,,,,,,,,,,,3,,,0,not_enough_blocks,6796,skip,,,,triangle_alpha
,,,,,,,,,,,,,,,,,,,,,3,,,0,not_enough_blocks,6797,skip,,,,triangle_alpha
,,,,,,,,,,,,,,,,,,,,,3,,,0,not_enough_blocks,6798,skip,,,,triangle_alpha
,,,,,,,,,,,,,,,,,,,,,3,,,0,not_enough_blocks,6799,skip,,,,triangle_alpha
,,,,,,,,,,,,,,,,,,,,,3,,,0,not_enough_blocks,6800,skip,,,,triangle_alpha
,,,,,,,,,,,,,,,,,,,,,3,,,0,not_enough_blocks,6801,skip,,,,triangle_alpha
,,,,,,,,,,,,,,,,,,,,,3,,,0,not_enough_blocks,6802,skip,,,,triangle_alpha
,,,,,,,,,,,,,,,,,,,,,3,,,0,not_enough_blocks,6803,skip,,,,triangle_alpha
,,,,,,,,,,,,,,,,,,,,,3,,,1,not_enough_blocks,6804,skip,,,,triangle_alpha
,,,,,,,,,,,,,,,,,,,,,3,,,0,not_enough_blocks,6805,skip,,,,triangle_alpha
,,,,,,,,,,,,,,,,,,,,,3,,,0,not_enough_blocks,6806,skip,,,,triangle_alpha
,,,,,,,,,,,,,,,,,,,,,3,,,0,not_enough_blocks,6807,skip,,,,triangle_alpha
,,,,,,,,,,,,,,,,,,,,,3,,,0,not_enough_blocks,6808,skip,,,,triangle_alpha
,,,,,,,,,,,,,,,,,,,,,3,,,0,not_enough_blocks,6809,skip,,,,triangle_alpha
,,,,,,,,,,,,,,,,,,,,,3,,,0,not_enough_blocks,6810,skip,,,,triangle_alpha
,,,,,,,,,,,,,,,,,,,,,3,,,0,not_enough_blocks,6811,skip,,,,triangle_alpha
,,,,,,,,,,,,,,,,,,,,,3,,,0,not_enough_blocks,6812,skip,,,,triangle_alpha
,,,,,,,,,,,,,,,,,,,,,3,,,1,not_enough_blocks,6813,skip,,,,triangle_alpha
,,,,,,,,,,,,,,,,,,,,,3,,,0,not_enough_blocks,6814,skip,,,,triangle_alpha
,,,,,,,,,,,,,,,,,,,,,3,,,0,not_enough_blocks,6815,skip,,,,triangle_alpha
,,,,,,,,,,,,,,,,,,,,,3,,,0,not_enough_blocks,6816,skip,,,,triangle_alpha
,,,,,,,,,,,,,,,,,,,,,3,,,0,not_enough_blocks,6817,skip,,,,triangle_alpha
,,,,,,,,,,,,,,,,,,,,,3,,,0,not_enough_blocks,6818,skip,,,,triangle_alpha
,,,,,,,,,,,,,,,,,,,,,3,,,0,not_enough_blocks,6819,skip,,,,triangle_alpha
,,,,,,,,,,,,,,,,,,,,,3,,,1,not_enough_blocks,6820,skip,,,,triangle_alpha
,,,,,,,,,,,,,,,,,,,,,3,,,0,not_enough_blocks,6821,skip,,,,triangle_alpha
,,,,,,,,,,,,,,,,,,,,,3,,,0,not_enough_blocks,6822,skip,,,,triangle_alpha
,,,,,,,,,,,,,,,,,,,,,3,,,2,not_enough_blocks,6823,skip,,,,triangle_alpha
,,,,,,,,,,,,,,,,,,,,,3,,,0,not_enough_blocks,6824,skip,,,,triangle_alpha
,,,,,,,,,,,,,,,,,,,,,3,,,0,not_enough_blocks,6825,skip,,,,triangle_alpha
,,,,,,,,,,,,,,,,,,,,,3,,,0,not_enough_blocks,6826,skip,,,,triangle_alpha
,,,,,,,,,,,,,,,,,,,,,3,,,0,not_enough_blocks,6827,skip,,,,triangle_alpha
,,,,,,,,,,,,,,,,,,,,,3,,,0,not_enough_blocks,6828,skip,,,,triangle_alpha
,,,,,,,,,,,,,,,,,,,,,3,,,0,not_enough_blocks,6829,skip,,,,triangle_alpha
,,,,,,,,,,,,,,,,,,,,,3,,,0,not_enough_blocks,6830,skip,,,,triangle_alpha
,,,,,,,,,,,,,,,,,,,,,3,,,0,not_enough_blocks,6831,skip,,,,triangle_alpha
,,,,,,,,,,,,,,,,,,,,,3,,,0,not_enough_blocks,6832,skip,,,,triangle_alpha
,,,,,,,,,,,,,,,,,,,,,3,,,0,not_enough_blocks,6833,skip,,,,triangle_alpha
,,,,,,,,,,,,,,,,,,,,,3,,,0,not_enough_blocks,6834,skip,,,,triangle_alpha
,,,,,,,,,,,,,,,,,,,,,3,,,0,not_enough_blocks,6835,skip,,,,triangle_alpha
,,,,,,,,,,,,,,,,,,,,,3,,,1,not_enough_blocks,6836,skip,,,,triangle_alpha
,,,,,,,,,,,,,,,,,,,,,3,,,0,not_enough_blocks,6837,skip,,,,triangle_alpha
,,,,,,,,,,,,,,,,,,,,,3,,,0,not_enough_blocks,6838,skip,,,,triangle_alpha
,,,,,,,,,,,,,,,,,,,,,3,,,0,not_enough_blocks,6839,skip,,,,triangle_alpha
,,,,,,,,,,,,,,,,,,,,,3,,,0,not_enough_blocks,6840,skip,,,,triangle_alpha
,,,,,,,,,,,,,,,,,,,,,3,,,0,not_enough_blocks,6841,skip,,,,triangle_alpha
,,,,,,,,,,,,,,,,,,,,,3,,,0,not_enough_blocks,6842,skip,,,,triangle_alpha
,,,,,,,,,,,,,,,,,,,,,3,,,0,not_enough_blocks,6843,skip,,,,triangle_alpha
,,,,,,,,,,,,,,,,,,,,,3,,,1,not_enough_blocks,6844,skip,,,,triangle_alpha
,,,,,,,,,,,,,,,,,,,,,3,,,0,not_enough_blocks,6845,skip,,,,triangle_alpha
,,,,,,,,,,,,,,,,,,,,,3,,,0,not_enough_blocks,6846,skip,,,,triangle_alpha
,,,,,,,,,,,,,,,,,,,,,3,,,0,not_enough_blocks,6847,skip,,,,triangle_alpha
,,,,,,,,,,,,,,,,,,,,,3,,,1,not_enough_blocks,6848,skip,,,,triangle_alpha
,,,,,,,,,,,,,,,,,,,,,3,,,0,not_enough_blocks,6849,skip,,,,triangle_alpha
,,,,,,,,,,,,,,,,,,,,,3,,,0,not_enough_blocks,6850,skip,,,,triangle_alpha
,,,,,,,,,,,,,,,,,,,,,3,,,1,not_enough_blocks,6851,skip,,,,triangle_alpha
,,,,,,,,,,,,,,,,,,,,,3,,,0,not_enough_blocks,6852,skip,,,,triangle_alpha
,,,,,,,,,,,,,,,,,,,,,3,,,0,not_enough_blocks,6853,skip,,,,triangle_alpha
,,,,,,,,,,,,,,,,,,,,,3,,,0,not_enough_blocks,6854,skip,,,,triangle_alpha
,,,,,,,,,,,,,,,,,,,,,3,,,0,not_enough_blocks,6855,skip,,,,triangle_alpha
,,,,,,,,,,,,,,,,,,,,,3,,,0,not_enough_blocks,6856,skip,,,,triangle_alpha
,,,,,,,,,,,,,,,,,,,,,3,,,0,not_enough_blocks,6857,skip,,,,triangle_alpha
,,,,,,,,,,,,,,,,,,,,,3,,,1,not_enough_blocks,6858,skip,,,,triangle_alpha
,,,,,,,,,,,,,,,,,,,,,3,,,0,not_enough_blocks,6859,skip,,,,triangle_alpha
,,,,,,,,,,,,,,,,,,,,,3,,,0,not_enough_blocks,6860,skip,,,,triangle_alpha
,,,,,,,,,,,,,,,,,,,,,3,,,0,not_enough_blocks,6861,skip,,,,triangle_alpha
,,,,,,,,,,,,,,,,,,,,,3,,,0,not_enough_blocks,6862,skip,,,,triangle_alpha
,,,,,,,,,,,,,,,,,,,,,3,,,0,not_enough_blocks,6863,skip,,,,triangle_alpha
,,,,,,,,,,,,,,,,,,,,,3,,,0,not_enough_blocks,6864,skip,,,,triangle_alpha
,,,,,,,,,,,,,,,,,,,,,3,,,0,not_enough_blocks,6865,skip,,,,triangle_alpha
,,,,,,,,,,,,,,,,,,,,,3,,,0,not_enough_blocks,6866,skip,,,,triangle_alpha
,,,,,,,,,,,,,,,,,,,,,3,,,0,not_enough_blocks,6867,skip,,,,triangle_alpha
,,,,,,,,,,,,,,,,,,,,,3,,,1,not_enough_blocks,6868,skip,,,,triangle_alpha
,,,,,,,,,,,,,,,,,,,,,3,,,0,not_enough_blocks,6869,skip,,,,triangle_alpha
,,,,,,,,,,,,,,,,,,,,,3,,,0,not_enough_blocks,6870,skip,,,,triangle_alpha
,,,,,,,,,,,,,,,,,,,,,3,,,0,not_enough_blocks,6871,skip,,,,triangle_alpha
,,,,,,,,,,,,,,,,,,,,,3,,,0,not_enough_blocks,6872,skip,,,,triangle_alpha
,,,,,,,,,,,,,,,,,,,,,3,,,0,not_enough_blocks,6873,skip,,,,triangle_alpha
,,,,,,,,,,,,,,,,,,,,,3,,,0,not_enough_blocks,6874,skip,,,,triangle_alpha
,,,,,,,,,,,,,,,,,,,,,3,,,1,not_enough_blocks,6875,skip,,,,triangle_alpha
,,,,,,,,,,,,,,,,,,,,,3,,,1,not_enough_blocks,6876,skip,,,,triangle_alpha
,,,,,,,,,,,,,,,,,,,,,3,,,0,not_enough_blocks,6877,skip,,,,triangle_alpha
,,,,,,,,,,,,,,,,,,,,,3,,,0,not_enough_blocks,6878,skip,,,,triangle_alpha
,,,,,,,,,,,,,,,,,,,,,3,,,0,not_enough_blocks,6879,skip,,,,triangle_alpha
,,,,,,,,,,,,,,,,,,,,,3,,,0,not_enough_blocks,6880,skip,,,,triangle_alpha
,,,,,,,,,,,,,,,,,,,,,3,,,1,not_enough_blocks,6881,skip,,,,triangle_alpha
,,,,,,,,,,,,,,,,,,,,,3,,,0,not_enough_blocks,6882,skip,,,,triangle_alpha
,,,,,,,,,,,,,,,,,,,,,3,,,0,not_enough_blocks,6883,skip,,,,triangle_alpha
,,,,,,,,,,,,,,,,,,,,,3,,,1,not_enough_blocks,6884,skip,,,,triangle_alpha
,,,,,,,,,,,,,,,,,,,,,3,,,0,not_enough_blocks,6885,skip,,,,triangle_alpha
,,,,,,,,,,,,,,,,,,,,,3,,,0,not_enough_blocks,6886,skip,,,,triangle_alpha
,,,,,,,,,,,,,,,,,,,,,3,,,0,not_enough_blocks,6887,skip,,,,triangle_alpha
,,,,,,,,,,,,,,,,,,,,,3,,,1,not_enough_blocks,6888,skip,,,,triangle_alpha
,,,,,,,,,,,,,,,,,,,,,3,,,0,not_enough_blocks,6889,skip,,,,triangle_alpha
,,,,,,,,,,,,,,,,,,,,,3,,,0,not_enough_blocks,6890,skip,,,,triangle_alpha
,,,,,,,,,,,,,,,,,,,,,3,,,0,not_enough_blocks,6891,skip,,,,triangle_alpha
,,,,,,,,,,,,,,,,,,,,,3,,,0,not_enough_blocks,6892,skip,,,,triangle_alpha
,,,,,,,,,,,,,,,,,,,,,3,,,0,not_enough_blocks,6893,skip,,,,triangle_alpha
,,,,,,,,,,,,,,,,,,,,,3,,,0,not_enough_blocks,6894,skip,,,,triangle_alpha
,,,,,,,,,,,,,,,,,,,,,3,,,0,not_enough_blocks,6895,skip,,,,triangle_alpha
,,,,,,,,,,,,,,,,,,,,,3,,,1,not_enough_blocks,6896,skip,,,,triangle_alpha
,,,,,,,,,,,,,,,,,,,,,3,,,0,not_enough_blocks,6897,skip,,,,triangle_alpha
,,,,,,,,,,,,,,,,,,,,,3,,,1,not_enough_blocks,6898,skip,,,,triangle_alpha
,,,,,,,,,,,,,,,,,,,,,3,,,0,not_enough_blocks,6899,skip,,,,triangle_alpha
,,,,,,,,,,,,,,,,,,,,,3,,,1,not_enough_blocks,6900,skip,,,,triangle_alpha
,,,,,,,,,,,,,,,,,,,,,3,,,0,not_enough_blocks,6901,skip,,,,triangle_alpha
,,,,,,,,,,,,,,,,,,,,,3,,,1,not_enough_blocks,6902,skip,,,,triangle_alpha
,,,,,,,,,,,,,,,,,,,,,3,,,0,not_enough_blocks,6903,skip,,,,triangle_alpha
,,,,,,,,,,,,,,,,,,,,,3,,,0,not_enough_blocks,6904,skip,,,,triangle_alpha
,,,,,,,,,,,,,,,,,,,,,3,,,1,not_enough_blocks,6905,skip,,,,triangle_alpha
,,,,,,,,,,,,,,,,,,,,,3,,,0,not_enough_blocks,6906,skip,,,,triangle_alpha
,,,,,,,,,,,,,,,,,,,,,3,,,0,not_enough_blocks,6907,skip,,,,triangle_alpha
,,,,,,,,,,,,,,,,,,,,,3,,,0,not_enough_blocks,6908,skip,,,,triangle_alpha
,,,,,,,,,,,,,,,,,,,,,3,,,0,not_enough_blocks,6909,skip,,,,triangle_alpha
,,,,,,,,,,,,,,,,,,,,,3,,,0,not_enough_blocks,6910,skip,,,,triangle_alpha
,,,,,,,,,,,,,,,,,,,,,3,,,0,not_enough_blocks,6911,skip,,,,triangle_alpha
,,,,,,,,,,,,,,,,,,,,,3,,,0,not_enough_blocks,6912,skip,,,,triangle_alpha
,,,,,,,,,,,,,,,,,,,,,3,,,0,not_enough_blocks,6913,skip,,,,triangle_alpha
,,,,,,,,,,,,,,,,,,,,,3,,,0,not_enough_blocks,6914,skip,,,,triangle_alpha
,,,,,,,,,,,,,,,,,,,,,3,,,0,not_enough_blocks,6915,skip,,,,triangle_alpha
,,,,,,,,,,,,,,,,,,,,,3,,,0,not_enough_blocks,6916,skip,,,,triangle_alpha
,,,,,,,,,,,,,,,,,,,,,3,,,0,not_enough_blocks,6917,skip,,,,triangle_alpha
,,,,,,,,,,,,,,,,,,,,,3,,,0,not_enough_blocks,6918,skip,,,,triangle_alpha
,,,,,,,,,,,,,,,,,,,,,3,,,0,not_enough_blocks,6919,skip,,,,triangle_alpha
,,,,,,,,,,,,,,,,,,,,,3,,,0,not_enough_blocks,6920,skip,,,,triangle_alpha
,,,,,,,,,,,,,,,,,,,,,3,,,0,not_enough_blocks,6921,skip,,,,triangle_alpha
,,,,,,,,,,,,,,,,,,,,,3,,,0,not_enough_blocks,6922,skip,,,,triangle_alpha
,,,,,,,,,,,,,,,,,,,,,3,,,0,not_enough_blocks,6923,skip,,,,triangle_alpha
,,,,,,,,,,,,,,,,,,,,,3,,,0,not_enough_blocks,6924,skip,,,,triangle_alpha
,,,,,,,,,,,,,,,,,,,,,3,,,1,not_enough_blocks,6925,skip,,,,triangle_alpha
,,,,,,,,,,,,,,,,,,,,,3,,,0,not_enough_blocks,6926,skip,,,,triangle_alpha
,,,,,,,,,,,,,,,,,,,,,3,,,0,not_enough_blocks,6927,skip,,,,triangle_alpha
,,,,,,,,,,,,,,,,,,,,,3,,,0,not_enough_blocks,6928,skip,,,,triangle_alpha
,,,,,,,,,,,,,,,,,,,,,3,,,0,not_enough_blocks,6929,skip,,,,triangle_alpha
,,,,,,,,,,,,,,,,,,,,,3,,,0,not_enough_blocks,6930,skip,,,,triangle_alpha
,,,,,,,,,,,,,,,,,,,,,3,,,0,not_enough_blocks,6931,skip,,,,triangle_alpha
,,,,,,,,,,,,,,,,,,,,,3,,,0,not_enough_blocks,6932,skip,,,,triangle_alpha
,,,,,,,,,,,,,,,,,,,,,3,,,1,not_enough_blocks,6933,skip,,,,triangle_alpha
,,,,,,,,,,,,,,,,,,,,,3,,,0,not_enough_blocks,6934,skip,,,,triangle_alpha
,,,,,,,,,,,,,,,,,,,,,3,,,0,not_enough_blocks,6935,skip,,,,triangle_alpha
,,,,,,,,,,,,,,,,,,,,,3,,,0,not_enough_blocks,6936,skip,,,,triangle_alpha
,,,,,,,,,,,,,,,,,,,,,3,,,0,not_enough_blocks,6937,skip,,,,triangle_alpha
,,,,,,,,,,,,,,,,,,,,,3,,,0,not_enough_blocks,6938,skip,,,,triangle_alpha
,,,,,,,,,,,,,,,,,,,,,3,,,1,not_enough_blocks,6939,skip,,,,triangle_alpha
,,,,,,,,,,,,,,,,,,,,,3,,,1,not_enough_blocks,6940,skip,,,,triangle_alpha
,,,,,,,,,,,,,,,,,,,,,3,,,0,not_enough_blocks,6941,skip,,,,triangle_alpha
,,,,,,,,,,,,,,,,,,,,,3,,,1,not_enough_blocks,6942,skip,,,,triangle_alpha
,,,,,,,,,,,,,,,,,,,,,3,,,0,not_enough_blocks,6943,skip,,,,triangle_alpha
,,,,,,,,,,,,,,,,,,,,,3,,,0,not_enough_blocks,6944,skip,,,,triangle_alpha
,,,,,,,,,,,,,,,,,,,,,3,,,1,not_enough_blocks,6945,skip,,,,triangle_alpha
,,,,,,,,,,,,,,,,,,,,,3,,,0,not_enough_blocks,6946,skip,,,,triangle_alpha
,,,,,,,,,,,,,,,,,,,,,3,,,0,not_enough_blocks,6947,skip,,,,triangle_alpha
,,,,,,,,,,,,,,,,,,,,,3,,,0,not_enough_blocks,6948,skip,,,,triangle_alpha
,,,,,,,,,,,,,,,,,,,,,3,,,0,not_enough_blocks,6949,skip,,,,triangle_alpha
,,,,,,,,,,,,,,,,,,,,,3,,,0,not_enough_blocks,6950,skip,,,,triangle_alpha
,,,,,,,,,,,,,,,,,,,,,3,,,0,not_enough_blocks,6951,skip,,,,triangle_alpha
,,,,,,,,,,,,,,,,,,,,,3,,,1,not_enough_blocks,6952,skip,,,,triangle_alpha
,,,,,,,,,,,,,,,,,,,,,3,,,1,not_enough_blocks,6953,skip,,,,triangle_alpha
,,,,,,,,,,,,,,,,,,,,,3,,,0,not_enough_blocks,6954,skip,,,,triangle_alpha
,,,,,,,,,,,,,,,,,,,,,3,,,0,not_enough_blocks,6955,skip,,,,triangle_alpha
,,,,,,,,,,,,,,,,,,,,,3,,,1,not_enough_blocks,6956,skip,,,,triangle_alpha
,,,,,,,,,,,,,,,,,,,,,3,,,0,not_enough_blocks,6957,skip,,,,triangle_alpha
,,,,,,,,,,,,,,,,,,,,,3,,,0,not_enough_blocks,6958,skip,,,,triangle_alpha
,,,,,,,,,,,,,,,,,,,,,3,,,2,not_enough_blocks,6959,skip,,,,triangle_alpha
,,,,,,,,,,,,,,,,,,,,,3,,,0,not_enough_blocks,6960,skip,,,,triangle_alpha
,,,,,,,,,,,,,,,,,,,,,3,,,0,not_enough_blocks,6961,skip,,,,triangle_alpha
,,,,,,,,,,,,,,,,,,,,,3,,,0,not_enough_blocks,6962,skip,,,,triangle_alpha
,,,,,,,,,,,,,,,,,,,,,3,,,0,not_enough_blocks,6963,skip,,,,triangle_alpha
,,,,,,,,,,,,,,,,,,,,,3,,,0,not_enough_blocks,6964,skip,,,,triangle_alpha
,,,,,,,,,,,,,,,,,,,,,3,,,0,not_enough_blocks,6965,skip,,,,triangle_alpha
,,,,,,,,,,,,,,,,,,,,,3,,,0,not_enough_blocks,6966,skip,,,,triangle_alpha
,,,,,,,,,,,,,,,,,,,,,3,,,0,not_enough_blocks,6967,skip,,,,triangle_alpha
,,,,,,,,,,,,,,,,,,,,,3,,,0,not_enough_blocks,6968,skip,,,,triangle_alpha
,,,,,,,,,,,,,,,,,,,,,3,,,0,not_enough_blocks,6969,skip,,,,triangle_alpha
,,,,,,,,,,,,,,,,,,,,,3,,,0,not_enough_blocks,6970,skip,,,,triangle_alpha
,,,,,,,,,,,,,,,,,,,,,3,,,0,not_enough_blocks,6971,skip,,,,triangle_alpha
,,,,,,,,,,,,,,,,,,,,,3,,,0,not_enough_blocks,6972,skip,,,,triangle_alpha
,,,,,,,,,,,,,,,,,,,,,3,,,0,not_enough_blocks,6973,skip,,,,triangle_alpha
,,,,,,,,,,,,,,,,,,,,,3,,,0,not_enough_blocks,6974,skip,,,,triangle_alpha
,,,,,,,,,,,,,,,,,,,,,3,,,0,not_enough_blocks,6975,skip,,,,triangle_alpha
,,,,,,,,,,,,,,,,,,,,,3,,,0,not_enough_blocks,6976,skip,,,,triangle_alpha
,,,,,,,,,,,,,,,,,,,,,3,,,0,not_enough_blocks,6977,skip,,,,triangle_alpha
,,,,,,,,,,,,,,,,,,,,,3,,,0,not_enough_blocks,6978,skip,,,,triangle_alpha
,,,,,,,,,,,,,,,,,,,,,3,,,0,not_enough_blocks,6979,skip,,,,triangle_alpha
,,,,,,,,,,,,,,,,,,,,,3,,,0,not_enough_blocks,6980,skip,,,,triangle_alpha
,,,,,,,,,,,,,,,,,,,,,3,,,0,not_enough_blocks,6981,skip,,,,triangle_alpha
,,,,,,,,,,,,,,,,,,,,,3,,,1,not_enough_blocks,6982,skip,,,,triangle_alpha
,,,,,,,,,,,,,,,,,,,,,3,,,0,not_enough_blocks,6983,skip,,,,triangle_alpha
,,,,,,,,,,,,,,,,,,,,,3,,,0,not_enough_blocks,6984,skip,,,,triangle_alpha
,,,,,,,,,,,,,,,,,,,,,3,,,0,not_enough_blocks,6985,skip,,,,triangle_alpha
,,,,,,,,,,,,,,,,,,,,,3,,,0,not_enough_blocks,6986,skip,,,,triangle_alpha
,,,,,,,,,,,,,,,,,,,,,3,,,0,not_enough_blocks,6987,skip,,,,triangle_alpha
,,,,,,,,,,,,,,,,,,,,,3,,,0,not_enough_blocks,6988,skip,,,,triangle_alpha
,,,,,,,,,,,,,,,,,,,,,3,,,0,not_enough_blocks,6989,skip,,,,triangle_alpha
,,,,,,,,,,,,,,,,,,,,,3,,,1,not_enough_blocks,6990,skip,,,,triangle_alpha
,,,,,,,,,,,,,,,,,,,,,3,,,0,not_enough_blocks,6991,skip,,,,triangle_alpha
,,,,,,,,,,,,,,,,,,,,,3,,,1,not_enough_blocks,6992,skip,,,,triangle_alpha
,,,,,,,,,,,,,,,,,,,,,3,,,1,not_enough_blocks,6993,skip,,,,triangle_alpha
,,,,,,,,,,,,,,,,,,,,,3,,,0,not_enough_blocks,6994,skip,,,,triangle_alpha
,,,,,,,,,,,,,,,,,,,,,3,,,0,not_enough_blocks,6995,skip,,,,triangle_alpha
,,,,,,,,,,,,,,,,,,,,,3,,,1,not_enough_blocks,6996,skip,,,,triangle_alpha
,,,,,,,,,,,,,,,,,,,,,3,,,0,not_enough_blocks,6997,skip,,,,triangle_alpha
,,,,,,,,,,,,,,,,,,,,,3,,,0,not_enough_blocks,6998,skip,,,,triangle_alpha
,,,,,,,,,,,,,,,,,,,,,3,,,0,not_enough_blocks,6999,skip,,,,triangle_alpha
,,,,,,,,,,,,,,,,,,,,,3,,,0,not_enough_blocks,7000,skip,,,,triangle_alpha
,,,,,,,,,,,,,,,,,,,,,3,,,0,not_enough_blocks,7001,skip,,,,triangle_alpha
,,,,,,,,,,,,,,,,,,,,,3,,,1,not_enough_blocks,7002,skip,,,,triangle_alpha
,,,,,,,,,,,,,,,,,,,,,3,,,0,not_enough_blocks,7003,skip,,,,triangle_alpha
,,,,,,,,,,,,,,,,,,,,,3,,,1,not_enough_blocks,7004,skip,,,,triangle_alpha
,,,,,,,,,,,,,,,,,,,,,3,,,0,not_enough_blocks,7005,skip,,,,triangle_alpha
,,,,,,,,,,,,,,,,,,,,,3,,,0,not_enough_blocks,7006,skip,,,,triangle_alpha
,,,,,,,,,,,,,,,,,,,,,3,,,0,not_enough_blocks,7007,skip,,,,triangle_alpha
,,,,,,,,,,,,,,,,,,,,,3,,,0,not_enough_blocks,7008,skip,,,,triangle_alpha
,,,,,,,,,,,,,,,,,,,,,3,,,0,not_enough_blocks,7009,skip,,,,triangle_alpha
,,,,,,,,,,,,,,,,,,,,,3,,,0,not_enough_blocks,7010,skip,,,,triangle_alpha
,,,,,,,,,,,,,,,,,,,,,3,,,0,not_enough_blocks,7011,skip,,,,triangle_alpha
,,,,,,,,,,,,,,,,,,,,,3,,,0,not_enough_blocks,7012,skip,,,,triangle_alpha
,,,,,,,,,,,,,,,,,,,,,3,,,0,not_enough_blocks,7013,skip,,,,triangle_alpha
,,,,,,,,,,,,,,,,,,,,,3,,,0,not_enough_blocks,7014,skip,,,,triangle_alpha
,,,,,,,,,,,,,,,,,,,,,3,,,1,not_enough_blocks,7015,skip,,,,triangle_alpha
,,,,,,,,,,,,,,,,,,,,,3,,,0,not_enough_blocks,7016,skip,,,,triangle_alpha
,,,,,,,,,,,,,,,,,,,,,3,,,0,not_enough_blocks,7017,skip,,,,triangle_alpha
,,,,,,,,,,,,,,,,,,,,,3,,,0,not_enough_blocks,7018,skip,,,,triangle_alpha
,,,,,,,,,,,,,,,,,,,,,3,,,1,not_enough_blocks,7019,skip,,,,triangle_alpha
,,,,,,,,,,,,,,,,,,,,,3,,,0,not_enough_blocks,7020,skip,,,,triangle_alpha
,,,,,,,,,,,,,,,,,,,,,3,,,0,not_enough_blocks,7021,skip,,,,triangle_alpha
,,,,,,,,,,,,,,,,,,,,,3,,,1,not_enough_blocks,7022,skip,,,,triangle_alpha
,,,,,,,,,,,,,,,,,,,,,3,,,1,not_enough_blocks,7023,skip,,,,triangle_alpha
,,,,,,,,,,,,,,,,,,,,,3,,,1,not_enough_blocks,7024,skip,,,,triangle_alpha
,,,,,,,,,,,,,,,,,,,,,3,,,0,not_enough_blocks,7025,skip,,,,triangle_alpha
,,,,,,,,,,,,,,,,,,,,,3,,,0,not_enough_blocks,7026,skip,,,,triangle_alpha
,,,,,,,,,,,,,,,,,,,,,3,,,0,not_enough_blocks,7027,skip,,,,triangle_alpha
,,,,,,,,,,,,,,,,,,,,,3,,,0,not_enough_blocks,7028,skip,,,,triangle_alpha
,,,,,,,,,,,,,,,,,,,,,3,,,0,not_enough_blocks,7029,skip,,,,triangle_alpha
,,,,,,,,,,,,,,,,,,,,,3,,,1,not_enough_blocks,7030,skip,,,,triangle_alpha
,,,,,,,,,,,,,,,,,,,,,3,,,1,not_enough_blocks,7031,skip,,,,triangle_alpha
,,,,,,,,,,,,,,,,,,,,,3,,,0,not_enough_blocks,7032,skip,,,,triangle_alpha
,,,,,,,,,,,,,,,,,,,,,3,,,1,not_enough_blocks,7033,skip,,,,triangle_alpha
,,,,,,,,,,,,,,,,,,,,,3,,,0,not_enough_blocks,7034,skip,,,,triangle_alpha
,,,,,,,,,,,,,,,,,,,,,3,,,0,not_enough_blocks,7035,skip,,,,triangle_alpha
,,,,,,,,,,,,,,,,,,,,,3,,,1,not_enough_blocks,7036,skip,,,,triangle_alpha
,,,,,,,,,,,,,,,,,,,,,3,,,1,not_enough_blocks,7037,skip,,,,triangle_alpha
,,,,,,,,,,,,,,,,,,,,,3,,,0,not_enough_blocks,7038,skip,,,,triangle_alpha
,,,,,,,,,,,,,,,,,,,,,3,,,0,not_enough_blocks,7039,skip,,,,triangle_alpha
,,,,,,,,,,,,,,,,,,,,,3,,,0,not_enough_blocks,7040,skip,,,,triangle_alpha
,,,,,,,,,,,,,,,,,,,,,3,,,0,not_enough_blocks,7041,skip,,,,triangle_alpha
,,,,,,,,,,,,,,,,,,,,,3,,,0,not_enough_blocks,7042,skip,,,,triangle_alpha
,,,,,,,,,,,,,,,,,,,,,3,,,2,not_enough_blocks,7043,skip,,,,triangle_alpha
,,,,,,,,,,,,,,,,,,,,,3,,,0,not_enough_blocks,7044,skip,,,,triangle_alpha
,,,,,,,,,,,,,,,,,,,,,3,,,0,not_enough_blocks,7045,skip,,,,triangle_alpha
,,,,,,,,,,,,,,,,,,,,,3,,,0,not_enough_blocks,7046,skip,,,,triangle_alpha
,,,,,,,,,,,,,,,,,,,,,3,,,0,not_enough_blocks,7047,skip,,,,triangle_alpha
,,,,,,,,,,,,,,,,,,,,,3,,,0,not_enough_blocks,7048,skip,,,,triangle_alpha
,,,,,,,,,,,,,,,,,,,,,3,,,0,not_enough_blocks,7049,skip,,,,triangle_alpha
,,,,,,,,,,,,,,,,,,,,,3,,,0,not_enough_blocks,7050,skip,,,,triangle_alpha
,,,,,,,,,,,,,,,,,,,,,3,,,1,not_enough_blocks,7051,skip,,,,triangle_alpha
,,,,,,,,,,,,,,,,,,,,,3,,,0,not_enough_blocks,7052,skip,,,,triangle_alpha
,,,,,,,,,,,,,,,,,,,,,3,,,0,not_enough_blocks,7053,skip,,,,triangle_alpha
,,,,,,,,,,,,,,,,,,,,,3,,,1,not_enough_blocks,7054,skip,,,,triangle_alpha
,,,,,,,,,,,,,,,,,,,,,3,,,0,not_enough_blocks,7055,skip,,,,triangle_alpha
,,,,,,,,,,,,,,,,,,,,,3,,,0,not_enough_blocks,7056,skip,,,,triangle_alpha
,,,,,,,,,,,,,,,,,,,,,3,,,0,not_enough_blocks,7057,skip,,,,triangle_alpha
,,,,,,,,,,,,,,,,,,,,,3,,,0,not_enough_blocks,7058,skip,,,,triangle_alpha
,,,,,,,,,,,,,,,,,,,,,3,,,0,not_enough_blocks,7059,skip,,,,triangle_alpha
,,,,,,,,,,,,,,,,,,,,,3,,,0,not_enough_blocks,7060,skip,,,,triangle_alpha
,,,,,,,,,,,,,,,,,,,,,3,,,0,not_enough_blocks,7061,skip,,,,triangle_alpha
,,,,,,,,,,,,,,,,,,,,,3,,,0,not_enough_blocks,7062,skip,,,,triangle_alpha
,,,,,,,,,,,,,,,,,,,,,3,,,0,not_enough_blocks,7063,skip,,,,triangle_alpha
,,,,,,,,,,,,,,,,,,,,,3,,,0,not_enough_blocks,7064,skip,,,,triangle_alpha
,,,,,,,,,,,,,,,,,,,,,3,,,0,not_enough_blocks,7065,skip,,,,triangle_alpha
,,,,,,,,,,,,,,,,,,,,,3,,,0,not_enough_blocks,7066,skip,,,,triangle_alpha
,,,,,,,,,,,,,,,,,,,,,3,,,0,not_enough_blocks,7067,skip,,,,triangle_alpha
,,,,,,,,,,,,,,,,,,,,,3,,,0,not_enough_blocks,7068,skip,,,,triangle_alpha
,,,,,,,,,,,,,,,,,,,,,3,,,0,not_enough_blocks,7069,skip,,,,triangle_alpha
,,,,,,,,,,,,,,,,,,,,,3,,,0,not_enough_blocks,7070,skip,,,,triangle_alpha
,,,,,,,,,,,,,,,,,,,,,3,,,0,not_enough_blocks,7071,skip,,,,triangle_alpha
,,,,,,,,,,,,,,,,,,,,,3,,,1,not_enough_blocks,7072,skip,,,,triangle_alpha
,,,,,,,,,,,,,,,,,,,,,3,,,0,not_enough_blocks,7073,skip,,,,triangle_alpha
,,,,,,,,,,,,,,,,,,,,,3,,,0,not_enough_blocks,7074,skip,,,,triangle_alpha
,,,,,,,,,,,,,,,,,,,,,3,,,0,not_enough_blocks,7075,skip,,,,triangle_alpha
,,,,,,,,,,,,,,,,,,,,,3,,,0,not_enough_blocks,7076,skip,,,,triangle_alpha
,,,,,,,,,,,,,,,,,,,,,3,,,1,not_enough_blocks,7077,skip,,,,triangle_alpha
,,,,,,,,,,,,,,,,,,,,,3,,,1,not_enough_blocks,7078,skip,,,,triangle_alpha
,,,,,,,,,,,,,,,,,,,,,3,,,0,not_enough_blocks,7079,skip,,,,triangle_alpha
,,,,,,,,,,,,,,,,,,,,,3,,,1,not_enough_blocks,7080,skip,,,,triangle_alpha
,,,,,,,,,,,,,,,,,,,,,3,,,1,not_enough_blocks,7081,skip,,,,triangle_alpha
,,,,,,,,,,,,,,,,,,,,,3,,,0,not_enough_blocks,7082,skip,,,,triangle_alpha
,,,,,,,,,,,,,,,,,,,,,3,,,0,not_enough_blocks,7083,skip,,,,triangle_alpha
,,,,,,,,,,,,,,,,,,,,,3,,,0,not_enough_blocks,7084,skip,,,,triangle_alpha
,,,,,,,,,,,,,,,,,,,,,3,,,0,not_enough_blocks,7085,skip,,,,triangle_alpha
,,,,,,,,,,,,,,,,,,,,,3,,,0,not_enough_blocks,7086,skip,,,,triangle_alpha
,,,,,,,,,,,,,,,,,,,,,3,,,0,not_enough_blocks,7087,skip,,,,triangle_alpha
,,,,,,,,,,,,,,,,,,,,,3,,,0,not_enough_blocks,7088,skip,,,,triangle_alpha
,,,,,,,,,,,,,,,,,,,,,3,,,0,not_enough_blocks,7089,skip,,,,triangle_alpha
,,,,,,,,,,,,,,,,,,,,,3,,,0,not_enough_blocks,7090,skip,,,,triangle_alpha
,,,,,,,,,,,,,,,,,,,,,3,,,0,not_enough_blocks,7091,skip,,,,triangle_alpha
,,,,,,,,,,,,,,,,,,,,,3,,,0,not_enough_blocks,7092,skip,,,,triangle_alpha
,,,,,,,,,,,,,,,,,,,,,3,,,0,not_enough_blocks,7093,skip,,,,triangle_alpha
,,,,,,,,,,,,,,,,,,,,,3,,,2,not_enough_blocks,7094,skip,,,,triangle_alpha
,,,,,,,,,,,,,,,,,,,,,3,,,1,not_enough_blocks,7095,skip,,,,triangle_alpha
,,,,,,,,,,,,,,,,,,,,,3,,,0,not_enough_blocks,7096,skip,,,,triangle_alpha
,,,,,,,,,,,,,,,,,,,,,3,,,0,not_enough_blocks,7097,skip,,,,triangle_alpha
,,,,,,,,,,,,,,,,,,,,,3,,,0,not_enough_blocks,7098,skip,,,,triangle_alpha
,,,,,,,,,,,,,,,,,,,,,3,,,0,not_enough_blocks,7099,skip,,,,triangle_alpha
,,,,,,,,,,,,,,,,,,,,,3,,,0,not_enough_blocks,7100,skip,,,,triangle_alpha
,,,,,,,,,,,,,,,,,,,,,3,,,0,not_enough_blocks,7101,skip,,,,triangle_alpha
,,,,,,,,,,,,,,,,,,,,,3,,,0,not_enough_blocks,7102,skip,,,,triangle_alpha
,,,,,,,,,,,,,,,,,,,,,3,,,0,not_enough_blocks,7103,skip,,,,triangle_alpha
,,,,,,,,,,,,,,,,,,,,,3,,,0,not_enough_blocks,7104,skip,,,,triangle_alpha
,,,,,,,,,,,,,,,,,,,,,3,,,0,not_enough_blocks,7105,skip,,,,triangle_alpha
,,,,,,,,,,,,,,,,,,,,,3,,,0,not_enough_blocks,7106,skip,,,,triangle_alpha
,,,,,,,,,,,,,,,,,,,,,3,,,0,not_enough_blocks,7107,skip,,,,triangle_alpha
,,,,,,,,,,,,,,,,,,,,,3,,,0,not_enough_blocks,7108,skip,,,,triangle_alpha
,,,,,,,,,,,,,,,,,,,,,3,,,0,not_enough_blocks,7109,skip,,,,triangle_alpha
,,,,,,,,,,,,,,,,,,,,,3,,,0,not_enough_blocks,7110,skip,,,,triangle_alpha
,,,,,,,,,,,,,,,,,,,,,3,,,0,not_enough_blocks,7111,skip,,,,triangle_alpha
,,,,,,,,,,,,,,,,,,,,,3,,,0,not_enough_blocks,7112,skip,,,,triangle_alpha
,,,,,,,,,,,,,,,,,,,,,3,,,0,not_enough_blocks,7113,skip,,,,triangle_alpha
,,,,,,,,,,,,,,,,,,,,,3,,,2,not_enough_blocks,7114,skip,,,,triangle_alpha
,,,,,,,,,,,,,,,,,,,,,3,,,0,not_enough_blocks,7115,skip,,,,triangle_alpha
,,,,,,,,,,,,,,,,,,,,,3,,,0,not_enough_blocks,7116,skip,,,,triangle_alpha
,,,,,,,,,,,,,,,,,,,,,3,,,1,not_enough_blocks,7117,skip,,,,triangle_alpha
,,,,,,,,,,,,,,,,,,,,,3,,,0,not_enough_blocks,7118,skip,,,,triangle_alpha
,,,,,,,,,,,,,,,,,,,,,3,,,1,not_enough_blocks,7119,skip,,,,triangle_alpha
,,,,,,,,,,,,,,,,,,,,,3,,,0,not_enough_blocks,7120,skip,,,,triangle_alpha
,,,,,,,,,,,,,,,,,,,,,3,,,2,not_enough_blocks,7121,skip,,,,triangle_alpha
,,,,,,,,,,,,,,,,,,,,,3,,,1,not_enough_blocks,7122,skip,,,,triangle_alpha
,,,,,,,,,,,,,,,,,,,,,3,,,0,not_enough_blocks,7123,skip,,,,triangle_alpha
,,,,,,,,,,,,,,,,,,,,,3,,,1,not_enough_blocks,7124,skip,,,,triangle_alpha
,,,,,,,,,,,,,,,,,,,,,3,,,0,not_enough_blocks,7125,skip,,,,triangle_alpha
,,,,,,,,,,,,,,,,,,,,,3,,,0,not_enough_blocks,7126,skip,,,,triangle_alpha
,,,,,,,,,,,,,,,,,,,,,3,,,0,not_enough_blocks,7127,skip,,,,triangle_alpha
,,,,,,,,,,,,,,,,,,,,,3,,,0,not_enough_blocks,7128,skip,,,,triangle_alpha
,,,,,,,,,,,,,,,,,,,,,3,,,1,not_enough_blocks,7129,skip,,,,triangle_alpha
,,,,,,,,,,,,,,,,,,,,,3,,,0,not_enough_blocks,7130,skip,,,,triangle_alpha
,,,,,,,,,,,,,,,,,,,,,3,,,0,not_enough_blocks,7131,skip,,,,triangle_alpha
,,,,,,,,,,,,,,,,,,,,,3,,,0,not_enough_blocks,7132,skip,,,,triangle_alpha
,,,,,,,,,,,,,,,,,,,,,3,,,0,not_enough_blocks,7133,skip,,,,triangle_alpha
,,,,,,,,,,,,,,,,,,,,,3,,,0,not_enough_blocks,7134,skip,,,,triangle_alpha
,,,,,,,,,,,,,,,,,,,,,3,,,1,not_enough_blocks,7135,skip,,,,triangle_alpha
,,,,,,,,,,,,,,,,,,,,,3,,,0,not_enough_blocks,7136,skip,,,,triangle_alpha
,,,,,,,,,,,,,,,,,,,,,3,,,1,not_enough_blocks,7137,skip,,,,triangle_alpha
,,,,,,,,,,,,,,,,,,,,,3,,,0,not_enough_blocks,7138,skip,,,,triangle_alpha
,,,,,,,,,,,,,,,,,,,,,3,,,0,not_enough_blocks,7139,skip,,,,triangle_alpha
,,,,,,,,,,,,,,,,,,,,,3,,,0,not_enough_blocks,7140,skip,,,,triangle_alpha
,,,,,,,,,,,,,,,,,,,,,3,,,0,not_enough_blocks,7141,skip,,,,triangle_alpha
,,,,,,,,,,,,,,,,,,,,,3,,,1,not_enough_blocks,7142,skip,,,,triangle_alpha
,,,,,,,,,,,,,,,,,,,,,3,,,0,not_enough_blocks,7143,skip,,,,triangle_alpha
,,,,,,,,,,,,,,,,,,,,,3,,,0,not_enough_blocks,7144,skip,,,,triangle_alpha
,,,,,,,,,,,,,,,,,,,,,3,,,0,not_enough_blocks,7145,skip,,,,triangle_alpha
,,,,,,,,,,,,,,,,,,,,,3,,,0,not_enough_blocks,7146,skip,,,,triangle_alpha
,,,,,,,,,,,,,,,,,,,,,3,,,0,not_enough_blocks,7147,skip,,,,triangle_alpha
,,,,,,,,,,,,,,,,,,,,,3,,,0,not_enough_blocks,7148,skip,,,,triangle_alpha
,,,,,,,,,,,,,,,,,,,,,3,,,2,not_enough_blocks,7149,skip,,,,triangle_alpha
,,,,,,,,,,,,,,,,,,,,,3,,,0,not_enough_blocks,7150,skip,,,,triangle_alpha
,,,,,,,,,,,,,,,,,,,,,3,,,0,not_enough_blocks,7151,skip,,,,triangle_alpha
,,,,,,,,,,,,,,,,,,,,,3,,,0,not_enough_blocks,7152,skip,,,,triangle_alpha
,,,,,,,,,,,,,,,,,,,,,3,,,0,not_enough_blocks,7153,skip,,,,triangle_alpha
,,,,,,,,,,,,,,,,,,,,,3,,,1,not_enough_blocks,7154,skip,,,,triangle_alpha
,,,,,,,,,,,,,,,,,,,,,3,,,0,not_enough_blocks,7155,skip,,,,triangle_alpha
,,,,,,,,,,,,,,,,,,,,,3,,,0,not_enough_blocks,7156,skip,,,,triangle_alpha
,,,,,,,,,,,,,,,,,,,,,3,,,0,not_enough_blocks,7157,skip,,,,triangle_alpha
,,,,,,,,,,,,,,,,,,,,,3,,,0,not_enough_blocks,7158,skip,,,,triangle_alpha
,,,,,,,,,,,,,,,,,,,,,3,,,0,not_enough_blocks,7159,skip,,,,triangle_alpha
,,,,,,,,,,,,,,,,,,,,,3,,,0,not_enough_blocks,7160,skip,,,,triangle_alpha
,,,,,,,,,,,,,,,,,,,,,3,,,0,not_enough_blocks,7161,skip,,,,triangle_alpha
,,,,,,,,,,,,,,,,,,,,,3,,,0,not_enough_blocks,7162,skip,,,,triangle_alpha
,,,,,,,,,,,,,,,,,,,,,3,,,0,not_enough_blocks,7163,skip,,,,triangle_alpha
,,,,,,,,,,,,,,,,,,,,,3,,,0,not_enough_blocks,7164,skip,,,,triangle_alpha
,,,,,,,,,,,,,,,,,,,,,3,,,0,not_enough_blocks,7165,skip,,,,triangle_alpha
,,,,,,,,,,,,,,,,,,,,,3,,,0,not_enough_blocks,7166,skip,,,,triangle_alpha
,,,,,,,,,,,,,,,,,,,,,3,,,0,not_enough_blocks,7167,skip,,,,triangle_alpha
,,,,,,,,,,,,,,,,,,,,,3,,,1,not_enough_blocks,7168,skip,,,,triangle_alpha
,,,,,,,,,,,,,,,,,,,,,3,,,0,not_enough_blocks,7169,skip,,,,triangle_alpha
,,,,,,,,,,,,,,,,,,,,,3,,,0,not_enough_blocks,7170,skip,,,,triangle_alpha
,,,,,,,,,,,,,,,,,,,,,3,,,0,not_enough_blocks,7171,skip,,,,triangle_alpha
,,,,,,,,,,,,,,,,,,,,,3,,,0,not_enough_blocks,7172,skip,,,,triangle_alpha
,,,,,,,,,,,,,,,,,,,,,3,,,0,not_enough_blocks,7173,skip,,,,triangle_alpha
,,,,,,,,,,,,,,,,,,,,,3,,,0,not_enough_blocks,7174,skip,,,,triangle_alpha
,,,,,,,,,,,,,,,,,,,,,3,,,0,not_enough_blocks,7175,skip,,,,triangle_alpha
,,,,,,,,,,,,,,,,,,,,,3,,,0,not_enough_blocks,7176,skip,,,,triangle_alpha
,,,,,,,,,,,,,,,,,,,,,3,,,0,not_enough_blocks,7177,skip,,,,triangle_alpha
,,,,,,,,,,,,,,,,,,,,,3,,,0,not_enough_blocks,7178,skip,,,,triangle_alpha
,,,,,,,,,,,,,,,,,,,,,3,,,0,not_enough_blocks,7179,skip,,,,triangle_alpha
,,,,,,,,,,,,,,,,,,,,,3,,,0,not_enough_blocks,7180,skip,,,,triangle_alpha
,,,,,,,,,,,,,,,,,,,,,3,,,0,not_enough_blocks,7181,skip,,,,triangle_alpha
,,,,,,,,,,,,,,,,,,,,,3,,,1,not_enough_blocks,7182,skip,,,,triangle_alpha
,,,,,,,,,,,,,,,,,,,,,3,,,0,not_enough_blocks,7183,skip,,,,triangle_alpha
,,,,,,,,,,,,,,,,,,,,,3,,,0,not_enough_blocks,7184,skip,,,,triangle_alpha
,,,,,,,,,,,,,,,,,,,,,3,,,0,not_enough_blocks,7185,skip,,,,triangle_alpha
,,,,,,,,,,,,,,,,,,,,,3,,,0,not_enough_blocks,7186,skip,,,,triangle_alpha
,,,,,,,,,,,,,,,,,,,,,3,,,0,not_enough_blocks,7187,skip,,,,triangle_alpha
,,,,,,,,,,,,,,,,,,,,,3,,,0,not_enough_blocks,7188,skip,,,,triangle_alpha
,,,,,,,,,,,,,,,,,,,,,3,,,1,not_enough_blocks,7189,skip,,,,triangle_alpha
,,,,,,,,,,,,,,,,,,,,,3,,,0,not_enough_blocks,7190,skip,,,,triangle_alpha
,,,,,,,,,,,,,,,,,,,,,3,,,0,not_enough_blocks,7191,skip,,,,triangle_alpha
,,,,,,,,,,,,,,,,,,,,,3,,,0,not_enough_blocks,7192,skip,,,,triangle_alpha
,,,,,,,,,,,,,,,,,,,,,3,,,0,not_enough_blocks,7193,skip,,,,triangle_alpha
,,,,,,,,,,,,,,,,,,,,,3,,,1,not_enough_blocks,7194,skip,,,,triangle_alpha
,,,,,,,,,,,,,,,,,,,,,3,,,1,not_enough_blocks,7195,skip,,,,triangle_alpha
,,,,,,,,,,,,,,,,,,,,,3,,,0,not_enough_blocks,7196,skip,,,,triangle_alpha
,,,,,,,,,,,,,,,,,,,,,3,,,0,not_enough_blocks,7197,skip,,,,triangle_alpha
,,,,,,,,,,,,,,,,,,,,,3,,,0,not_enough_blocks,7198,skip,,,,triangle_alpha
,,,,,,,,,,,,,,,,,,,,,3,,,0,not_enough_blocks,7199,skip,,,,triangle_alpha
,,,,,,,,,,,,,,,,,,,,,3,,,1,not_enough_blocks,7200,skip,,,,triangle_alpha
,,,,,,,,,,,,,,,,,,,,,3,,,0,not_enough_blocks,7201,skip,,,,triangle_alpha
,,,,,,,,,,,,,,,,,,,,,3,,,0,not_enough_blocks,7202,skip,,,,triangle_alpha
,,,,,,,,,,,,,,,,,,,,,3,,,0,not_enough_blocks,7203,skip,,,,triangle_alpha
,,,,,,,,,,,,,,,,,,,,,3,,,0,not_enough_blocks,7204,skip,,,,triangle_alpha
,,,,,,,,,,,,,,,,,,,,,3,,,0,not_enough_blocks,7205,skip,,,,triangle_alpha
,,,,,,,,,,,,,,,,,,,,,3,,,0,not_enough_blocks,7206,skip,,,,triangle_alpha
,,,,,,,,,,,,,,,,,,,,,3,,,1,not_enough_blocks,7207,skip,,,,triangle_alpha
,,,,,,,,,,,,,,,,,,,,,3,,,1,not_enough_blocks,7208,skip,,,,triangle_alpha
,,,,,,,,,,,,,,,,,,,,,3,,,0,not_enough_blocks,7209,skip,,,,triangle_alpha
,,,,,,,,,,,,,,,,,,,,,3,,,0,not_enough_blocks,7210,skip,,,,triangle_alpha
,,,,,,,,,,,,,,,,,,,,,3,,,0,not_enough_blocks,7211,skip,,,,triangle_alpha
,,,,,,,,,,,,,,,,,,,,,3,,,0,not_enough_blocks,7212,skip,,,,triangle_alpha
,,,,,,,,,,,,,,,,,,,,,3,,,0,not_enough_blocks,7213,skip,,,,triangle_alpha
,,,,,,,,,,,,,,,,,,,,,3,,,0,not_enough_blocks,7214,skip,,,,triangle_alpha
,,,,,,,,,,,,,,,,,,,,,3,,,0,not_enough_blocks,7215,skip,,,,triangle_alpha
,,,,,,,,,,,,,,,,,,,,,3,,,1,not_enough_blocks,7216,skip,,,,triangle_alpha
,,,,,,,,,,,,,,,,,,,,,3,,,0,not_enough_blocks,7217,skip,,,,triangle_alpha
,,,,,,,,,,,,,,,,,,,,,3,,,0,not_enough_blocks,7218,skip,,,,triangle_alpha
,,,,,,,,,,,,,,,,,,,,,3,,,0,not_enough_blocks,7219,skip,,,,triangle_alpha
,,,,,,,,,,,,,,,,,,,,,3,,,0,not_enough_blocks,7220,skip,,,,triangle_alpha
,,,,,,,,,,,,,,,,,,,,,3,,,1,not_enough_blocks,7221,skip,,,,triangle_alpha
,,,,,,,,,,,,,,,,,,,,,3,,,0,not_enough_blocks,7222,skip,,,,triangle_alpha
,,,,,,,,,,,,,,,,,,,,,3,,,0,not_enough_blocks,7223,skip,,,,triangle_alpha
,,,,,,,,,,,,,,,,,,,,,3,,,0,not_enough_blocks,7224,skip,,,,triangle_alpha
,,,,,,,,,,,,,,,,,,,,,3,,,0,not_enough_blocks,7225,skip,,,,triangle_alpha
,,,,,,,,,,,,,,,,,,,,,3,,,0,not_enough_blocks,7226,skip,,,,triangle_alpha
,,,,,,,,,,,,,,,,,,,,,3,,,0,not_enough_blocks,7227,skip,,,,triangle_alpha
,,,,,,,,,,,,,,,,,,,,,3,,,1,not_enough_blocks,7228,skip,,,,triangle_alpha
,,,,,,,,,,,,,,,,,,,,,3,,,0,not_enough_blocks,7229,skip,,,,triangle_alpha
,,,,,,,,,,,,,,,,,,,,,3,,,0,not_enough_blocks,7230,skip,,,,triangle_alpha
,,,,,,,,,,,,,,,,,,,,,3,,,0,not_enough_blocks,7231,skip,,,,triangle_alpha
,,,,,,,,,,,,,,,,,,,,,3,,,0,not_enough_blocks,7232,skip,,,,triangle_alpha
,,,,,,,,,,,,,,,,,,,,,3,,,1,not_enough_blocks,7233,skip,,,,triangle_alpha
,,,,,,,,,,,,,,,,,,,,,3,,,0,not_enough_blocks,7234,skip,,,,triangle_alpha
,,,,,,,,,,,,,,,,,,,,,3,,,0,not_enough_blocks,7235,skip,,,,triangle_alpha
,,,,,,,,,,,,,,,,,,,,,3,,,0,not_enough_blocks,7236,skip,,,,triangle_alpha
,,,,,,,,,,,,,,,,,,,,,3,,,1,not_enough_blocks,7237,skip,,,,triangle_alpha
,,,,,,,,,,,,,,,,,,,,,3,,,1,not_enough_blocks,7238,skip,,,,triangle_alpha
,,,,,,,,,,,,,,,,,,,,,3,,,0,not_enough_blocks,7239,skip,,,,triangle_alpha
,,,,,,,,,,,,,,,,,,,,,3,,,0,not_enough_blocks,7240,skip,,,,triangle_alpha
,,,,,,,,,,,,,,,,,,,,,3,,,0,not_enough_blocks,7241,skip,,,,triangle_alpha
,,,,,,,,,,,,,,,,,,,,,3,,,0,not_enough_blocks,7242,skip,,,,triangle_alpha
,,,,,,,,,,,,,,,,,,,,,3,,,1,not_enough_blocks,7243,skip,,,,triangle_alpha
,,,,,,,,,,,,,,,,,,,,,3,,,0,not_enough_blocks,7244,skip,,,,triangle_alpha
,,,,,,,,,,,,,,,,,,,,,3,,,0,not_enough_blocks,7245,skip,,,,triangle_alpha
,,,,,,,,,,,,,,,,,,,,,3,,,0,not_enough_blocks,7246,skip,,,,triangle_alpha
,,,,,,,,,,,,,,,,,,,,,3,,,0,not_enough_blocks,7247,skip,,,,triangle_alpha
,,,,,,,,,,,,,,,,,,,,,3,,,0,not_enough_blocks,7248,skip,,,,triangle_alpha
,,,,,,,,,,,,,,,,,,,,,3,,,0,not_enough_blocks,7249,skip,,,,triangle_alpha
,,,,,,,,,,,,,,,,,,,,,3,,,1,not_enough_blocks,7250,skip,,,,triangle_alpha
,,,,,,,,,,,,,,,,,,,,,3,,,0,not_enough_blocks,7251,skip,,,,triangle_alpha
,,,,,,,,,,,,,,,,,,,,,3,,,0,not_enough_blocks,7252,skip,,,,triangle_alpha
,,,,,,,,,,,,,,,,,,,,,3,,,0,not_enough_blocks,7253,skip,,,,triangle_alpha
,,,,,,,,,,,,,,,,,,,,,3,,,0,not_enough_blocks,7254,skip,,,,triangle_alpha
,,,,,,,,,,,,,,,,,,,,,3,,,0,not_enough_blocks,7255,skip,,,,triangle_alpha
,,,,,,,,,,,,,,,,,,,,,3,,,0,not_enough_blocks,7256,skip,,,,triangle_alpha
,,,,,,,,,,,,,,,,,,,,,3,,,0,not_enough_blocks,7257,skip,,,,triangle_alpha
,,,,,,,,,,,,,,,,,,,,,3,,,0,not_enough_blocks,7258,skip,,,,triangle_alpha
,,,,,,,,,,,,,,,,,,,,,3,,,0,not_enough_blocks,7259,skip,,,,triangle_alpha
,,,,,,,,,,,,,,,,,,,,,3,,,0,not_enough_blocks,7260,skip,,,,triangle_alpha
,,,,,,,,,,,,,,,,,,,,,3,,,0,not_enough_blocks,7261,skip,,,,triangle_alpha
,,,,,,,,,,,,,,,,,,,,,3,,,0,not_enough_blocks,7262,skip,,,,triangle_alpha
,,,,,,,,,,,,,,,,,,,,,3,,,0,not_enough_blocks,7263,skip,,,,triangle_alpha
,,,,,,,,,,,,,,,,,,,,,3,,,1,not_enough_blocks,7264,skip,,,,triangle_alpha
,,,,,,,,,,,,,,,,,,,,,3,,,0,not_enough_blocks,7265,skip,,,,triangle_alpha
,,,,,,,,,,,,,,,,,,,,,3,,,1,not_enough_blocks,7266,skip,,,,triangle_alpha
,,,,,,,,,,,,,,,,,,,,,3,,,0,not_enough_blocks,7267,skip,,,,triangle_alpha
,,,,,,,,,,,,,,,,,,,,,3,,,0,not_enough_blocks,7268,skip,,,,triangle_alpha
,,,,,,,,,,,,,,,,,,,,,3,,,0,not_enough_blocks,7269,skip,,,,triangle_alpha
,,,,,,,,,,,,,,,,,,,,,3,,,0,not_enough_blocks,7270,skip,,,,triangle_alpha
,,,,,,,,,,,,,,,,,,,,,3,,,0,not_enough_blocks,7271,skip,,,,triangle_alpha
,,,,,,,,,,,,,,,,,,,,,3,,,1,not_enough_blocks,7272,skip,,,,triangle_alpha
,,,,,,,,,,,,,,,,,,,,,3,,,0,not_enough_blocks,7273,skip,,,,triangle_alpha
,,,,,,,,,,,,,,,,,,,,,3,,,0,not_enough_blocks,7274,skip,,,,triangle_alpha
,,,,,,,,,,,,,,,,,,,,,3,,,0,not_enough_blocks,7275,skip,,,,triangle_alpha
,,,,,,,,,,,,,,,,,,,,,3,,,0,not_enough_blocks,7276,skip,,,,triangle_alpha
,,,,,,,,,,,,,,,,,,,,,3,,,1,not_enough_blocks,7277,skip,,,,triangle_alpha
,,,,,,,,,,,,,,,,,,,,,3,,,0,not_enough_blocks,7278,skip,,,,triangle_alpha
,,,,,,,,,,,,,,,,,,,,,3,,,1,not_enough_blocks,7279,skip,,,,triangle_alpha
,,,,,,,,,,,,,,,,,,,,,3,,,0,not_enough_blocks,7280,skip,,,,triangle_alpha
,,,,,,,,,,,,,,,,,,,,,3,,,0,not_enough_blocks,7281,skip,,,,triangle_alpha
,,,,,,,,,,,,,,,,,,,,,3,,,1,not_enough_blocks,7282,skip,,,,triangle_alpha
,,,,,,,,,,,,,,,,,,,,,3,,,0,not_enough_blocks,7283,skip,,,,triangle_alpha
,,,,,,,,,,,,,,,,,,,,,3,,,0,not_enough_blocks,7284,skip,,,,triangle_alpha
,,,,,,,,,,,,,,,,,,,,,3,,,0,not_enough_blocks,7285,skip,,,,triangle_alpha
,,,,,,,,,,,,,,,,,,,,,3,,,0,not_enough_blocks,7286,skip,,,,triangle_alpha
,,,,,,,,,,,,,,,,,,,,,3,,,0,not_enough_blocks,7287,skip,,,,triangle_alpha
,,,,,,,,,,,,,,,,,,,,,3,,,0,not_enough_blocks,7288,skip,,,,triangle_alpha
,,,,,,,,,,,,,,,,,,,,,3,,,0,not_enough_blocks,7289,skip,,,,triangle_alpha
,,,,,,,,,,,,,,,,,,,,,3,,,1,not_enough_blocks,7290,skip,,,,triangle_alpha
,,,,,,,,,,,,,,,,,,,,,3,,,0,not_enough_blocks,7291,skip,,,,triangle_alpha
,,,,,,,,,,,,,,,,,,,,,3,,,0,not_enough_blocks,7292,skip,,,,triangle_alpha
,,,,,,,,,,,,,,,,,,,,,3,,,0,not_enough_blocks,7293,skip,,,,triangle_alpha
,,,,,,,,,,,,,,,,,,,,,3,,,0,not_enough_blocks,7294,skip,,,,triangle_alpha
,,,,,,,,,,,,,,,,,,,,,3,,,0,not_enough_blocks,7295,skip,,,,triangle_alpha
,,,,,,,,,,,,,,,,,,,,,3,,,0,not_enough_blocks,7296,skip,,,,triangle_alpha
,,,,,,,,,,,,,,,,,,,,,3,,,0,not_enough_blocks,7297,skip,,,,triangle_alpha
,,,,,,,,,,,,,,,,,,,,,3,,,0,not_enough_blocks,7298,skip,,,,triangle_alpha
,,,,,,,,,,,,,,,,,,,,,3,,,1,not_enough_blocks,7299,skip,,,,triangle_alpha
,,,,,,,,,,,,,,,,,,,,,3,,,0,not_enough_blocks,7300,skip,,,,triangle_alpha
,,,,,,,,,,,,,,,,,,,,,3,,,0,not_enough_blocks,7301,skip,,,,triangle_alpha
,,,,,,,,,,,,,,,,,,,,,3,,,0,not_enough_blocks,7302,skip,,,,triangle_alpha
,,,,,,,,,,,,,,,,,,,,,3,,,0,not_enough_blocks,7303,skip,,,,triangle_alpha
,,,,,,,,,,,,,,,,,,,,,3,,,0,not_enough_blocks,7304,skip,,,,triangle_alpha
,,,,,,,,,,,,,,,,,,,,,3,,,0,not_enough_blocks,7305,skip,,,,triangle_alpha
,,,,,,,,,,,,,,,,,,,,,3,,,1,not_enough_blocks,7306,skip,,,,triangle_alpha
,,,,,,,,,,,,,,,,,,,,,3,,,0,not_enough_blocks,7307,skip,,,,triangle_alpha
,,,,,,,,,,,,,,,,,,,,,3,,,0,not_enough_blocks,7308,skip,,,,triangle_alpha
,,,,,,,,,,,,,,,,,,,,,3,,,0,not_enough_blocks,7309,skip,,,,triangle_alpha
,,,,,,,,,,,,,,,,,,,,,3,,,1,not_enough_blocks,7310,skip,,,,triangle_alpha
,,,,,,,,,,,,,,,,,,,,,3,,,0,not_enough_blocks,7311,skip,,,,triangle_alpha
,,,,,,,,,,,,,,,,,,,,,3,,,0,not_enough_blocks,7312,skip,,,,triangle_alpha
,,,,,,,,,,,,,,,,,,,,,3,,,0,not_enough_blocks,7313,skip,,,,triangle_alpha
,,,,,,,,,,,,,,,,,,,,,3,,,0,not_enough_blocks,7314,skip,,,,triangle_alpha
,,,,,,,,,,,,,,,,,,,,,3,,,0,not_enough_blocks,7315,skip,,,,triangle_alpha
,,,,,,,,,,,,,,,,,,,,,3,,,0,not_enough_blocks,7316,skip,,,,triangle_alpha
,,,,,,,,,,,,,,,,,,,,,3,,,0,not_enough_blocks,7317,skip,,,,triangle_alpha
,,,,,,,,,,,,,,,,,,,,,3,,,0,not_enough_blocks,7318,skip,,,,triangle_alpha
,,,,,,,,,,,,,,,,,,,,,3,,,0,not_enough_blocks,7319,skip,,,,triangle_alpha
,,,,,,,,,,,,,,,,,,,,,3,,,1,not_enough_blocks,7320,skip,,,,triangle_alpha
,,,,,,,,,,,,,,,,,,,,,3,,,0,not_enough_blocks,7321,skip,,,,triangle_alpha
,,,,,,,,,,,,,,,,,,,,,3,,,0,not_enough_blocks,7322,skip,,,,triangle_alpha
,,,,,,,,,,,,,,,,,,,,,3,,,0,not_enough_blocks,7323,skip,,,,triangle_alpha
,,,,,,,,,,,,,,,,,,,,,3,,,0,not_enough_blocks,7324,skip,,,,triangle_alpha
,,,,,,,,,,,,,,,,,,,,,3,,,0,not_enough_blocks,7325,skip,,,,triangle_alpha
,,,,,,,,,,,,,,,,,,,,,3,,,0,not_enough_blocks,7326,skip,,,,triangle_alpha
,,,,,,,,,,,,,,,,,,,,,3,,,0,not_enough_blocks,7327,skip,,,,triangle_alpha
,,,,,,,,,,,,,,,,,,,,,3,,,0,not_enough_blocks,7328,skip,,,,triangle_alpha
,,,,,,,,,,,,,,,,,,,,,3,,,0,not_enough_blocks,7329,skip,,,,triangle_alpha
,,,,,,,,,,,,,,,,,,,,,3,,,0,not_enough_blocks,7330,skip,,,,triangle_alpha
,,,,,,,,,,,,,,,,,,,,,3,,,0,not_enough_blocks,7331,skip,,,,triangle_alpha
,,,,,,,,,,,,,,,,,,,,,3,,,0,not_enough_blocks,7332,skip,,,,triangle_alpha
,,,,,,,,,,,,,,,,,,,,,3,,,0,not_enough_blocks,7333,skip,,,,triangle_alpha
,,,,,,,,,,,,,,,,,,,,,3,,,0,not_enough_blocks,7334,skip,,,,triangle_alpha
,,,,,,,,,,,,,,,,,,,,,3,,,0,not_enough_blocks,7335,skip,,,,triangle_alpha
,,,,,,,,,,,,,,,,,,,,,3,,,0,not_enough_blocks,7336,skip,,,,triangle_alpha
,,,,,,,,,,,,,,,,,,,,,3,,,0,not_enough_blocks,7337,skip,,,,triangle_alpha
,,,,,,,,,,,,,,,,,,,,,3,,,0,not_enough_blocks,7338,skip,,,,triangle_alpha
,,,,,,,,,,,,,,,,,,,,,3,,,0,not_enough_blocks,7339,skip,,,,triangle_alpha
,,,,,,,,,,,,,,,,,,,,,3,,,0,not_enough_blocks,7340,skip,,,,triangle_alpha
,,,,,,,,,,,,,,,,,,,,,3,,,0,not_enough_blocks,7341,skip,,,,triangle_alpha
,,,,,,,,,,,,,,,,,,,,,3,,,0,not_enough_blocks,7342,skip,,,,triangle_alpha
,,,,,,,,,,,,,,,,,,,,,3,,,1,not_enough_blocks,7343,skip,,,,triangle_alpha
,,,,,,,,,,,,,,,,,,,,,3,,,0,not_enough_blocks,7344,skip,,,,triangle_alpha
,,,,,,,,,,,,,,,,,,,,,3,,,0,not_enough_blocks,7345,skip,,,,triangle_alpha
,,,,,,,,,,,,,,,,,,,,,3,,,0,not_enough_blocks,7346,skip,,,,triangle_alpha
,,,,,,,,,,,,,,,,,,,,,3,,,1,not_enough_blocks,7347,skip,,,,triangle_alpha
,,,,,,,,,,,,,,,,,,,,,3,,,0,not_enough_blocks,7348,skip,,,,triangle_alpha
,,,,,,,,,,,,,,,,,,,,,3,,,0,not_enough_blocks,7349,skip,,,,triangle_alpha
,,,,,,,,,,,,,,,,,,,,,3,,,0,not_enough_blocks,7350,skip,,,,triangle_alpha
,,,,,,,,,,,,,,,,,,,,,3,,,0,not_enough_blocks,7351,skip,,,,triangle_alpha
,,,,,,,,,,,,,,,,,,,,,3,,,0,not_enough_blocks,7352,skip,,,,triangle_alpha
,,,,,,,,,,,,,,,,,,,,,3,,,0,not_enough_blocks,7353,skip,,,,triangle_alpha
,,,,,,,,,,,,,,,,,,,,,3,,,0,not_enough_blocks,7354,skip,,,,triangle_alpha
,,,,,,,,,,,,,,,,,,,,,3,,,0,not_enough_blocks,7355,skip,,,,triangle_alpha
,,,,,,,,,,,,,,,,,,,,,3,,,1,not_enough_blocks,7356,skip,,,,triangle_alpha
,,,,,,,,,,,,,,,,,,,,,3,,,0,not_enough_blocks,7357,skip,,,,triangle_alpha
,,,,,,,,,,,,,,,,,,,,,3,,,0,not_enough_blocks,7358,skip,,,,triangle_alpha
,,,,,,,,,,,,,,,,,,,,,3,,,0,not_enough_blocks,7359,skip,,,,triangle_alpha
,,,,,,,,,,,,,,,,,,,,,3,,,1,not_enough_blocks,7360,skip,,,,triangle_alpha
,,,,,,,,,,,,,,,,,,,,,3,,,0,not_enough_blocks,7361,skip,,,,triangle_alpha
,,,,,,,,,,,,,,,,,,,,,3,,,0,not_enough_blocks,7362,skip,,,,triangle_alpha
,,,,,,,,,,,,,,,,,,,,,3,,,0,not_enough_blocks,7363,skip,,,,triangle_alpha
,,,,,,,,,,,,,,,,,,,,,3,,,0,not_enough_blocks,7364,skip,,,,triangle_alpha
,,,,,,,,,,,,,,,,,,,,,3,,,0,not_enough_blocks,7365,skip,,,,triangle_alpha
,,,,,,,,,,,,,,,,,,,,,3,,,0,not_enough_blocks,7366,skip,,,,triangle_alpha
,,,,,,,,,,,,,,,,,,,,,3,,,0,not_enough_blocks,7367,skip,,,,triangle_alpha
,,,,,,,,,,,,,,,,,,,,,3,,,0,not_enough_blocks,7368,skip,,,,triangle_alpha
,,,,,,,,,,,,,,,,,,,,,3,,,0,not_enough_blocks,7369,skip,,,,triangle_alpha
,,,,,,,,,,,,,,,,,,,,,3,,,0,not_enough_blocks,7370,skip,,,,triangle_alpha
,,,,,,,,,,,,,,,,,,,,,3,,,0,not_enough_blocks,7371,skip,,,,triangle_alpha
,,,,,,,,,,,,,,,,,,,,,3,,,1,not_enough_blocks,7372,skip,,,,triangle_alpha
,,,,,,,,,,,,,,,,,,,,,3,,,0,not_enough_blocks,7373,skip,,,,triangle_alpha
,,,,,,,,,,,,,,,,,,,,,3,,,1,not_enough_blocks,7374,skip,,,,triangle_alpha
,,,,,,,,,,,,,,,,,,,,,3,,,0,not_enough_blocks,7375,skip,,,,triangle_alpha
,,,,,,,,,,,,,,,,,,,,,3,,,0,not_enough_blocks,7376,skip,,,,triangle_alpha
,,,,,,,,,,,,,,,,,,,,,3,,,0,not_enough_blocks,7377,skip,,,,triangle_alpha
,,,,,,,,,,,,,,,,,,,,,3,,,0,not_enough_blocks,7378,skip,,,,triangle_alpha
,,,,,,,,,,,,,,,,,,,,,3,,,1,not_enough_blocks,7379,skip,,,,triangle_alpha
,,,,,,,,,,,,,,,,,,,,,3,,,0,not_enough_blocks,7380,skip,,,,triangle_alpha
,,,,,,,,,,,,,,,,,,,,,3,,,1,not_enough_blocks,7381,skip,,,,triangle_alpha
,,,,,,,,,,,,,,,,,,,,,3,,,0,not_enough_blocks,7382,skip,,,,triangle_alpha
,,,,,,,,,,,,,,,,,,,,,3,,,1,not_enough_blocks,7383,skip,,,,triangle_alpha
,,,,,,,,,,,,,,,,,,,,,3,,,0,not_enough_blocks,7384,skip,,,,triangle_alpha
,,,,,,,,,,,,,,,,,,,,,3,,,1,not_enough_blocks,7385,skip,,,,triangle_alpha
,,,,,,,,,,,,,,,,,,,,,3,,,0,not_enough_blocks,7386,skip,,,,triangle_alpha
,,,,,,,,,,,,,,,,,,,,,3,,,0,not_enough_blocks,7387,skip,,,,triangle_alpha
,,,,,,,,,,,,,,,,,,,,,3,,,1,not_enough_blocks,7388,skip,,,,triangle_alpha
,,,,,,,,,,,,,,,,,,,,,3,,,0,not_enough_blocks,7389,skip,,,,triangle_alpha
,,,,,,,,,,,,,,,,,,,,,3,,,0,not_enough_blocks,7390,skip,,,,triangle_alpha
,,,,,,,,,,,,,,,,,,,,,3,,,0,not_enough_blocks,7391,skip,,,,triangle_alpha
,,,,,,,,,,,,,,,,,,,,,3,,,0,not_enough_blocks,7392,skip,,,,triangle_alpha
,,,,,,,,,,,,,,,,,,,,,3,,,0,not_enough_blocks,7393,skip,,,,triangle_alpha
,,,,,,,,,,,,,,,,,,,,,3,,,0,not_enough_blocks,7394,skip,,,,triangle_alpha
,,,,,,,,,,,,,,,,,,,,,3,,,1,not_enough_blocks,7395,skip,,,,triangle_alpha
,,,,,,,,,,,,,,,,,,,,,3,,,0,not_enough_blocks,7396,skip,,,,triangle_alpha
,,,,,,,,,,,,,,,,,,,,,3,,,0,not_enough_blocks,7397,skip,,,,triangle_alpha
,,,,,,,,,,,,,,,,,,,,,3,,,1,not_enough_blocks,7398,skip,,,,triangle_alpha
,,,,,,,,,,,,,,,,,,,,,3,,,1,not_enough_blocks,7399,skip,,,,triangle_alpha
,,,,,,,,,,,,,,,,,,,,,3,,,0,not_enough_blocks,7400,skip,,,,triangle_alpha
,,,,,,,,,,,,,,,,,,,,,3,,,0,not_enough_blocks,7401,skip,,,,triangle_alpha
,,,,,,,,,,,,,,,,,,,,,3,,,0,not_enough_blocks,7402,skip,,,,triangle_alpha
,,,,,,,,,,,,,,,,,,,,,3,,,0,not_enough_blocks,7403,skip,,,,triangle_alpha
,,,,,,,,,,,,,,,,,,,,,3,,,0,not_enough_blocks,7404,skip,,,,triangle_alpha
,,,,,,,,,,,,,,,,,,,,,3,,,1,not_enough_blocks,7405,skip,,,,triangle_alpha
,,,,,,,,,,,,,,,,,,,,,3,,,1,not_enough_blocks,7406,skip,,,,triangle_alpha
,,,,,,,,,,,,,,,,,,,,,3,,,0,not_enough_blocks,7407,skip,,,,triangle_alpha
,,,,,,,,,,,,,,,,,,,,,3,,,0,not_enough_blocks,7408,skip,,,,triangle_alpha
,,,,,,,,,,,,,,,,,,,,,3,,,0,not_enough_blocks,7409,skip,,,,triangle_alpha
,,,,,,,,,,,,,,,,,,,,,3,,,2,not_enough_blocks,7410,skip,,,,triangle_alpha
,,,,,,,,,,,,,,,,,,,,,3,,,1,not_enough_blocks,7411,skip,,,,triangle_alpha
,,,,,,,,,,,,,,,,,,,,,3,,,0,not_enough_blocks,7412,skip,,,,triangle_alpha
,,,,,,,,,,,,,,,,,,,,,3,,,0,not_enough_blocks,7413,skip,,,,triangle_alpha
,,,,,,,,,,,,,,,,,,,,,3,,,0,not_enough_blocks,7414,skip,,,,triangle_alpha
,,,,,,,,,,,,,,,,,,,,,3,,,0,not_enough_blocks,7415,skip,,,,triangle_alpha
,,,,,,,,,,,,,,,,,,,,,3,,,0,not_enough_blocks,7416,skip,,,,triangle_alpha
,,,,,,,,,,,,,,,,,,,,,3,,,0,not_enough_blocks,7417,skip,,,,triangle_alpha
,,,,,,,,,,,,,,,,,,,,,3,,,0,not_enough_blocks,7418,skip,,,,triangle_alpha
,,,,,,,,,,,,,,,,,,,,,3,,,0,not_enough_blocks,7419,skip,,,,triangle_alpha
,,,,,,,,,,,,,,,,,,,,,3,,,0,not_enough_blocks,7420,skip,,,,triangle_alpha
,,,,,,,,,,,,,,,,,,,,,3,,,0,not_enough_blocks,7421,skip,,,,triangle_alpha
,,,,,,,,,,,,,,,,,,,,,3,,,0,not_enough_blocks,7422,skip,,,,triangle_alpha
,,,,,,,,,,,,,,,,,,,,,3,,,1,not_enough_blocks,7423,skip,,,,triangle_alpha
,,,,,,,,,,,,,,,,,,,,,3,,,0,not_enough_blocks,7424,skip,,,,triangle_alpha
,,,,,,,,,,,,,,,,,,,,,3,,,0,not_enough_blocks,7425,skip,,,,triangle_alpha
,,,,,,,,,,,,,,,,,,,,,3,,,0,not_enough_blocks,7426,skip,,,,triangle_alpha
,,,,,,,,,,,,,,,,,,,,,3,,,1,not_enough_blocks,7427,skip,,,,triangle_alpha
,,,,,,,,,,,,,,,,,,,,,3,,,0,not_enough_blocks,7428,skip,,,,triangle_alpha
,,,,,,,,,,,,,,,,,,,,,3,,,1,not_enough_blocks,7429,skip,,,,triangle_alpha
,,,,,,,,,,,,,,,,,,,,,3,,,0,not_enough_blocks,7430,skip,,,,triangle_alpha
,,,,,,,,,,,,,,,,,,,,,3,,,0,not_enough_blocks,7431,skip,,,,triangle_alpha
,,,,,,,,,,,,,,,,,,,,,3,,,0,not_enough_blocks,7432,skip,,,,triangle_alpha
,,,,,,,,,,,,,,,,,,,,,3,,,1,not_enough_blocks,7433,skip,,,,triangle_alpha
,,,,,,,,,,,,,,,,,,,,,3,,,0,not_enough_blocks,7434,skip,,,,triangle_alpha
,,,,,,,,,,,,,,,,,,,,,3,,,0,not_enough_blocks,7435,skip,,,,triangle_alpha
,,,,,,,,,,,,,,,,,,,,,3,,,1,not_enough_blocks,7436,skip,,,,triangle_alpha
,,,,,,,,,,,,,,,,,,,,,3,,,0,not_enough_blocks,7437,skip,,,,triangle_alpha
,,,,,,,,,,,,,,,,,,,,,3,,,0,not_enough_blocks,7438,skip,,,,triangle_alpha
,,,,,,,,,,,,,,,,,,,,,3,,,0,not_enough_blocks,7439,skip,,,,triangle_alpha
,,,,,,,,,,,,,,,,,,,,,3,,,0,not_enough_blocks,7440,skip,,,,triangle_alpha
,,,,,,,,,,,,,,,,,,,,,3,,,0,not_enough_blocks,7441,skip,,,,triangle_alpha
,,,,,,,,,,,,,,,,,,,,,3,,,1,not_enough_blocks,7442,skip,,,,triangle_alpha
,,,,,,,,,,,,,,,,,,,,,3,,,0,not_enough_blocks,7443,skip,,,,triangle_alpha
,,,,,,,,,,,,,,,,,,,,,3,,,0,not_enough_blocks,7444,skip,,,,triangle_alpha
,,,,,,,,,,,,,,,,,,,,,3,,,0,not_enough_blocks,7445,skip,,,,triangle_alpha
,,,,,,,,,,,,,,,,,,,,,3,,,1,not_enough_blocks,7446,skip,,,,triangle_alpha
,,,,,,,,,,,,,,,,,,,,,3,,,0,not_enough_blocks,7447,skip,,,,triangle_alpha
,,,,,,,,,,,,,,,,,,,,,3,,,0,not_enough_blocks,7448,skip,,,,triangle_alpha
,,,,,,,,,,,,,,,,,,,,,3,,,0,not_enough_blocks,7449,skip,,,,triangle_alpha
,,,,,,,,,,,,,,,,,,,,,3,,,1,not_enough_blocks,7450,skip,,,,triangle_alpha
,,,,,,,,,,,,,,,,,,,,,3,,,0,not_enough_blocks,7451,skip,,,,triangle_alpha
,,,,,,,,,,,,,,,,,,,,,3,,,1,not_enough_blocks,7452,skip,,,,triangle_alpha
,,,,,,,,,,,,,,,,,,,,,3,,,0,not_enough_blocks,7453,skip,,,,triangle_alpha
,,,,,,,,,,,,,,,,,,,,,3,,,0,not_enough_blocks,7454,skip,,,,triangle_alpha
,,,,,,,,,,,,,,,,,,,,,3,,,0,not_enough_blocks,7455,skip,,,,triangle_alpha
,,,,,,,,,,,,,,,,,,,,,3,,,0,not_enough_blocks,7456,skip,,,,triangle_alpha
,,,,,,,,,,,,,,,,,,,,,3,,,0,not_enough_blocks,7457,skip,,,,triangle_alpha
,,,,,,,,,,,,,,,,,,,,,3,,,0,not_enough_blocks,7458,skip,,,,triangle_alpha
,,,,,,,,,,,,,,,,,,,,,3,,,0,not_enough_blocks,7459,skip,,,,triangle_alpha
,,,,,,,,,,,,,,,,,,,,,3,,,0,not_enough_blocks,7460,skip,,,,triangle_alpha
,,,,,,,,,,,,,,,,,,,,,3,,,0,not_enough_blocks,7461,skip,,,,triangle_alpha
,,,,,,,,,,,,,,,,,,,,,3,,,1,not_enough_blocks,7462,skip,,,,triangle_alpha
,,,,,,,,,,,,,,,,,,,,,3,,,2,not_enough_blocks,7463,skip,,,,triangle_alpha
,,,,,,,,,,,,,,,,,,,,,3,,,0,not_enough_blocks,7464,skip,,,,triangle_alpha
,,,,,,,,,,,,,,,,,,,,,3,,,0,not_enough_blocks,7465,skip,,,,triangle_alpha
,,,,,,,,,,,,,,,,,,,,,3,,,0,not_enough_blocks,7466,skip,,,,triangle_alpha
,,,,,,,,,,,,,,,,,,,,,3,,,0,not_enough_blocks,7467,skip,,,,triangle_alpha
,,,,,,,,,,,,,,,,,,,,,3,,,0,not_enough_blocks,7468,skip,,,,triangle_alpha
,,,,,,,,,,,,,,,,,,,,,3,,,0,not_enough_blocks,7469,skip,,,,triangle_alpha
,,,,,,,,,,,,,,,,,,,,,3,,,0,not_enough_blocks,7470,skip,,,,triangle_alpha
,,,,,,,,,,,,,,,,,,,,,3,,,0,not_enough_blocks,7471,skip,,,,triangle_alpha
,,,,,,,,,,,,,,,,,,,,,3,,,1,not_enough_blocks,7472,skip,,,,triangle_alpha
,,,,,,,,,,,,,,,,,,,,,3,,,1,not_enough_blocks,7473,skip,,,,triangle_alpha
,,,,,,,,,,,,,,,,,,,,,3,,,0,not_enough_blocks,7474,skip,,,,triangle_alpha
,,,,,,,,,,,,,,,,,,,,,3,,,0,not_enough_blocks,7475,skip,,,,triangle_alpha
,,,,,,,,,,,,,,,,,,,,,3,,,0,not_enough_blocks,7476,skip,,,,triangle_alpha
,,,,,,,,,,,,,,,,,,,,,3,,,0,not_enough_blocks,7477,skip,,,,triangle_alpha
,,,,,,,,,,,,,,,,,,,,,3,,,0,not_enough_blocks,7478,skip,,,,triangle_alpha
,,,,,,,,,,,,,,,,,,,,,3,,,0,not_enough_blocks,7479,skip,,,,triangle_alpha
,,,,,,,,,,,,,,,,,,,,,3,,,0,not_enough_blocks,7480,skip,,,,triangle_alpha
,,,,,,,,,,,,,,,,,,,,,3,,,0,not_enough_blocks,7481,skip,,,,triangle_alpha
,,,,,,,,,,,,,,,,,,,,,3,,,1,not_enough_blocks,7482,skip,,,,triangle_alpha
,,,,,,,,,,,,,,,,,,,,,3,,,0,not_enough_blocks,7483,skip,,,,triangle_alpha
,,,,,,,,,,,,,,,,,,,,,3,,,0,not_enough_blocks,7484,skip,,,,triangle_alpha
,,,,,,,,,,,,,,,,,,,,,3,,,0,not_enough_blocks,7485,skip,,,,triangle_alpha
,,,,,,,,,,,,,,,,,,,,,3,,,0,not_enough_blocks,7486,skip,,,,triangle_alpha
,,,,,,,,,,,,,,,,,,,,,3,,,0,not_enough_blocks,7487,skip,,,,triangle_alpha
,,,,,,,,,,,,,,,,,,,,,3,,,0,not_enough_blocks,7488,skip,,,,triangle_alpha
,,,,,,,,,,,,,,,,,,,,,3,,,0,not_enough_blocks,7489,skip,,,,triangle_alpha
,,,,,,,,,,,,,,,,,,,,,3,,,1,not_enough_blocks,7490,skip,,,,triangle_alpha
,,,,,,,,,,,,,,,,,,,,,3,,,0,not_enough_blocks,7491,skip,,,,triangle_alpha
,,,,,,,,,,,,,,,,,,,,,3,,,0,not_enough_blocks,7492,skip,,,,triangle_alpha
,,,,,,,,,,,,,,,,,,,,,3,,,0,not_enough_blocks,7493,skip,,,,triangle_alpha
,,,,,,,,,,,,,,,,,,,,,3,,,0,not_enough_blocks,7494,skip,,,,triangle_alpha
,,,,,,,,,,,,,,,,,,,,,3,,,0,not_enough_blocks,7495,skip,,,,triangle_alpha
,,,,,,,,,,,,,,,,,,,,,3,,,1,not_enough_blocks,7496,skip,,,,triangle_alpha
,,,,,,,,,,,,,,,,,,,,,3,,,0,not_enough_blocks,7497,skip,,,,triangle_alpha
,,,,,,,,,,,,,,,,,,,,,3,,,0,not_enough_blocks,7498,skip,,,,triangle_alpha
,,,,,,,,,,,,,,,,,,,,,3,,,0,not_enough_blocks,7499,skip,,,,triangle_alpha
,,,,,,,,,,,,,,,,,,,,,3,,,0,not_enough_blocks,7500,skip,,,,triangle_alpha
,,,,,,,,,,,,,,,,,,,,,3,,,1,not_enough_blocks,7501,skip,,,,triangle_alpha
,,,,,,,,,,,,,,,,,,,,,3,,,0,not_enough_blocks,7502,skip,,,,triangle_alpha
,,,,,,,,,,,,,,,,,,,,,3,,,0,not_enough_blocks,7503,skip,,,,triangle_alpha
,,,,,,,,,,,,,,,,,,,,,3,,,0,not_enough_blocks,7504,skip,,,,triangle_alpha
,,,,,,,,,,,,,,,,,,,,,3,,,0,not_enough_blocks,7505,skip,,,,triangle_alpha
,,,,,,,,,,,,,,,,,,,,,3,,,0,not_enough_blocks,7506,skip,,,,triangle_alpha
,,,,,,,,,,,,,,,,,,,,,3,,,0,not_enough_blocks,7507,skip,,,,triangle_alpha
,,,,,,,,,,,,,,,,,,,,,3,,,1,not_enough_blocks,7508,skip,,,,triangle_alpha
,,,,,,,,,,,,,,,,,,,,,3,,,0,not_enough_blocks,7509,skip,,,,triangle_alpha
,,,,,,,,,,,,,,,,,,,,,3,,,1,not_enough_blocks,7510,skip,,,,triangle_alpha
,,,,,,,,,,,,,,,,,,,,,3,,,0,not_enough_blocks,7511,skip,,,,triangle_alpha
,,,,,,,,,,,,,,,,,,,,,3,,,0,not_enough_blocks,7512,skip,,,,triangle_alpha
,,,,,,,,,,,,,,,,,,,,,3,,,0,not_enough_blocks,7513,skip,,,,triangle_alpha
,,,,,,,,,,,,,,,,,,,,,3,,,0,not_enough_blocks,7514,skip,,,,triangle_alpha
,,,,,,,,,,,,,,,,,,,,,3,,,0,not_enough_blocks,7515,skip,,,,triangle_alpha
,,,,,,,,,,,,,,,,,,,,,3,,,0,not_enough_blocks,7516,skip,,,,triangle_alpha
,,,,,,,,,,,,,,,,,,,,,3,,,0,not_enough_blocks,7517,skip,,,,triangle_alpha
,,,,,,,,,,,,,,,,,,,,,3,,,0,not_enough_blocks,7518,skip,,,,triangle_alpha
,,,,,,,,,,,,,,,,,,,,,3,,,1,not_enough_blocks,7519,skip,,,,triangle_alpha
,,,,,,,,,,,,,,,,,,,,,3,,,1,not_enough_blocks,7520,skip,,,,triangle_alpha
,,,,,,,,,,,,,,,,,,,,,3,,,0,not_enough_blocks,7521,skip,,,,triangle_alpha
,,,,,,,,,,,,,,,,,,,,,3,,,0,not_enough_blocks,7522,skip,,,,triangle_alpha
,,,,,,,,,,,,,,,,,,,,,3,,,0,not_enough_blocks,7523,skip,,,,triangle_alpha
,,,,,,,,,,,,,,,,,,,,,3,,,0,not_enough_blocks,7524,skip,,,,triangle_alpha
,,,,,,,,,,,,,,,,,,,,,3,,,0,not_enough_blocks,7525,skip,,,,triangle_alpha
,,,,,,,,,,,,,,,,,,,,,3,,,1,not_enough_blocks,7526,skip,,,,triangle_alpha
,,,,,,,,,,,,,,,,,,,,,3,,,0,not_enough_blocks,7527,skip,,,,triangle_alpha
,,,,,,,,,,,,,,,,,,,,,3,,,0,not_enough_blocks,7528,skip,,,,triangle_alpha
,,,,,,,,,,,,,,,,,,,,,3,,,0,not_enough_blocks,7529,skip,,,,triangle_alpha
,,,,,,,,,,,,,,,,,,,,,3,,,0,not_enough_blocks,7530,skip,,,,triangle_alpha
,,,,,,,,,,,,,,,,,,,,,3,,,0,not_enough_blocks,7531,skip,,,,triangle_alpha
,,,,,,,,,,,,,,,,,,,,,3,,,0,not_enough_blocks,7532,skip,,,,triangle_alpha
,,,,,,,,,,,,,,,,,,,,,3,,,0,not_enough_blocks,7533,skip,,,,triangle_alpha
,,,,,,,,,,,,,,,,,,,,,3,,,0,not_enough_blocks,7534,skip,,,,triangle_alpha
,,,,,,,,,,,,,,,,,,,,,3,,,0,not_enough_blocks,7535,skip,,,,triangle_alpha
,,,,,,,,,,,,,,,,,,,,,3,,,0,not_enough_blocks,7536,skip,,,,triangle_alpha
,,,,,,,,,,,,,,,,,,,,,3,,,0,not_enough_blocks,7537,skip,,,,triangle_alpha
,,,,,,,,,,,,,,,,,,,,,3,,,0,not_enough_blocks,7538,skip,,,,triangle_alpha
,,,,,,,,,,,,,,,,,,,,,3,,,0,not_enough_blocks,7539,skip,,,,triangle_alpha
,,,,,,,,,,,,,,,,,,,,,3,,,0,not_enough_blocks,7540,skip,,,,triangle_alpha
,,,,,,,,,,,,,,,,,,,,,3,,,0,not_enough_blocks,7541,skip,,,,triangle_alpha
,,,,,,,,,,,,,,,,,,,,,3,,,0,not_enough_blocks,7542,skip,,,,triangle_alpha
,,,,,,,,,,,,,,,,,,,,,3,,,0,not_enough_blocks,7543,skip,,,,triangle_alpha
,,,,,,,,,,,,,,,,,,,,,3,,,2,not_enough_blocks,7544,skip,,,,triangle_alpha
,,,,,,,,,,,,,,,,,,,,,3,,,0,not_enough_blocks,7545,skip,,,,triangle_alpha
,,,,,,,,,,,,,,,,,,,,,3,,,1,not_enough_blocks,7546,skip,,,,triangle_alpha
,,,,,,,,,,,,,,,,,,,,,3,,,0,not_enough_blocks,7547,skip,,,,triangle_alpha
,,,,,,,,,,,,,,,,,,,,,3,,,0,not_enough_blocks,7548,skip,,,,triangle_alpha
,,,,,,,,,,,,,,,,,,,,,3,,,0,not_enough_blocks,7549,skip,,,,triangle_alpha
,,,,,,,,,,,,,,,,,,,,,3,,,0,not_enough_blocks,7550,skip,,,,triangle_alpha
,,,,,,,,,,,,,,,,,,,,,3,,,0,not_enough_blocks,7551,skip,,,,triangle_alpha
,,,,,,,,,,,,,,,,,,,,,3,,,0,not_enough_blocks,7552,skip,,,,triangle_alpha
,,,,,,,,,,,,,,,,,,,,,3,,,0,not_enough_blocks,7553,skip,,,,triangle_alpha
,,,,,,,,,,,,,,,,,,,,,3,,,0,not_enough_blocks,7554,skip,,,,triangle_alpha
,,,,,,,,,,,,,,,,,,,,,3,,,0,not_enough_blocks,7555,skip,,,,triangle_alpha
,,,,,,,,,,,,,,,,,,,,,3,,,0,not_enough_blocks,7556,skip,,,,triangle_alpha
,,,,,,,,,,,,,,,,,,,,,3,,,0,not_enough_blocks,7557,skip,,,,triangle_alpha
,,,,,,,,,,,,,,,,,,,,,3,,,0,not_enough_blocks,7558,skip,,,,triangle_alpha
,,,,,,,,,,,,,,,,,,,,,3,,,0,not_enough_blocks,7559,skip,,,,triangle_alpha
,,,,,,,,,,,,,,,,,,,,,3,,,0,not_enough_blocks,7560,skip,,,,triangle_alpha
,,,,,,,,,,,,,,,,,,,,,3,,,0,not_enough_blocks,7561,skip,,,,triangle_alpha
,,,,,,,,,,,,,,,,,,,,,3,,,0,not_enough_blocks,7562,skip,,,,triangle_alpha
,,,,,,,,,,,,,,,,,,,,,3,,,1,not_enough_blocks,7563,skip,,,,triangle_alpha
,,,,,,,,,,,,,,,,,,,,,3,,,0,not_enough_blocks,7564,skip,,,,triangle_alpha
,,,,,,,,,,,,,,,,,,,,,3,,,0,not_enough_blocks,7565,skip,,,,triangle_alpha
,,,,,,,,,,,,,,,,,,,,,3,,,0,not_enough_blocks,7566,skip,,,,triangle_alpha
,,,,,,,,,,,,,,,,,,,,,3,,,0,not_enough_blocks,7567,skip,,,,triangle_alpha
,,,,,,,,,,,,,,,,,,,,,3,,,0,not_enough_blocks,7568,skip,,,,triangle_alpha
,,,,,,,,,,,,,,,,,,,,,3,,,0,not_enough_blocks,7569,skip,,,,triangle_alpha
,,,,,,,,,,,,,,,,,,,,,3,,,0,not_enough_blocks,7570,skip,,,,triangle_alpha
,,,,,,,,,,,,,,,,,,,,,3,,,0,not_enough_blocks,7571,skip,,,,triangle_alpha
,,,,,,,,,,,,,,,,,,,,,3,,,0,not_enough_blocks,7572,skip,,,,triangle_alpha
,,,,,,,,,,,,,,,,,,,,,3,,,2,not_enough_blocks,7573,skip,,,,triangle_alpha
,,,,,,,,,,,,,,,,,,,,,3,,,0,not_enough_blocks,7574,skip,,,,triangle_alpha
,,,,,,,,,,,,,,,,,,,,,3,,,0,not_enough_blocks,7575,skip,,,,triangle_alpha
,,,,,,,,,,,,,,,,,,,,,3,,,0,not_enough_blocks,7576,skip,,,,triangle_alpha
,,,,,,,,,,,,,,,,,,,,,3,,,0,not_enough_blocks,7577,skip,,,,triangle_alpha
,,,,,,,,,,,,,,,,,,,,,3,,,0,not_enough_blocks,7578,skip,,,,triangle_alpha
,,,,,,,,,,,,,,,,,,,,,3,,,0,not_enough_blocks,7579,skip,,,,triangle_alpha
,,,,,,,,,,,,,,,,,,,,,3,,,0,not_enough_blocks,7580,skip,,,,triangle_alpha
,,,,,,,,,,,,,,,,,,,,,3,,,1,not_enough_blocks,7581,skip,,,,triangle_alpha
,,,,,,,,,,,,,,,,,,,,,3,,,0,not_enough_blocks,7582,skip,,,,triangle_alpha
,,,,,,,,,,,,,,,,,,,,,3,,,0,not_enough_blocks,7583,skip,,,,triangle_alpha
,,,,,,,,,,,,,,,,,,,,,3,,,1,not_enough_blocks,7584,skip,,,,triangle_alpha
,,,,,,,,,,,,,,,,,,,,,3,,,0,not_enough_blocks,7585,skip,,,,triangle_alpha
,,,,,,,,,,,,,,,,,,,,,3,,,1,not_enough_blocks,7586,skip,,,,triangle_alpha
,,,,,,,,,,,,,,,,,,,,,3,,,0,not_enough_blocks,7587,skip,,,,triangle_alpha
,,,,,,,,,,,,,,,,,,,,,3,,,0,not_enough_blocks,7588,skip,,,,triangle_alpha
,,,,,,,,,,,,,,,,,,,,,3,,,0,not_enough_blocks,7589,skip,,,,triangle_alpha
,,,,,,,,,,,,,,,,,,,,,3,,,0,not_enough_blocks,7590,skip,,,,triangle_alpha
,,,,,,,,,,,,,,,,,,,,,3,,,0,not_enough_blocks,7591,skip,,,,triangle_alpha
,,,,,,,,,,,,,,,,,,,,,3,,,0,not_enough_blocks,7592,skip,,,,triangle_alpha
,,,,,,,,,,,,,,,,,,,,,3,,,0,not_enough_blocks,7593,skip,,,,triangle_alpha
,,,,,,,,,,,,,,,,,,,,,3,,,0,not_enough_blocks,7594,skip,,,,triangle_alpha
,,,,,,,,,,,,,,,,,,,,,3,,,0,not_enough_blocks,7595,skip,,,,triangle_alpha
,,,,,,,,,,,,,,,,,,,,,3,,,0,not_enough_blocks,7596,skip,,,,triangle_alpha
,,,,,,,,,,,,,,,,,,,,,3,,,1,not_enough_blocks,7597,skip,,,,triangle_alpha
,,,,,,,,,,,,,,,,,,,,,3,,,0,not_enough_blocks,7598,skip,,,,triangle_alpha
,,,,,,,,,,,,,,,,,,,,,3,,,0,not_enough_blocks,7599,skip,,,,triangle_alpha
,,,,,,,,,,,,,,,,,,,,,3,,,1,not_enough_blocks,7600,skip,,,,triangle_alpha
,,,,,,,,,,,,,,,,,,,,,3,,,0,not_enough_blocks,7601,skip,,,,triangle_alpha
,,,,,,,,,,,,,,,,,,,,,3,,,0,not_enough_blocks,7602,skip,,,,triangle_alpha
,,,,,,,,,,,,,,,,,,,,,3,,,1,not_enough_blocks,7603,skip,,,,triangle_alpha
,,,,,,,,,,,,,,,,,,,,,3,,,0,not_enough_blocks,7604,skip,,,,triangle_alpha
,,,,,,,,,,,,,,,,,,,,,3,,,0,not_enough_blocks,7605,skip,,,,triangle_alpha
,,,,,,,,,,,,,,,,,,,,,3,,,0,not_enough_blocks,7606,skip,,,,triangle_alpha
,,,,,,,,,,,,,,,,,,,,,3,,,0,not_enough_blocks,7607,skip,,,,triangle_alpha
,,,,,,,,,,,,,,,,,,,,,3,,,0,not_enough_blocks,7608,skip,,,,triangle_alpha
,,,,,,,,,,,,,,,,,,,,,3,,,0,not_enough_blocks,7609,skip,,,,triangle_alpha
,,,,,,,,,,,,,,,,,,,,,3,,,0,not_enough_blocks,7610,skip,,,,triangle_alpha
,,,,,,,,,,,,,,,,,,,,,3,,,0,not_enough_blocks,7611,skip,,,,triangle_alpha
,,,,,,,,,,,,,,,,,,,,,3,,,0,not_enough_blocks,7612,skip,,,,triangle_alpha
,,,,,,,,,,,,,,,,,,,,,3,,,1,not_enough_blocks,7613,skip,,,,triangle_alpha
,,,,,,,,,,,,,,,,,,,,,3,,,0,not_enough_blocks,7614,skip,,,,triangle_alpha
,,,,,,,,,,,,,,,,,,,,,3,,,0,not_enough_blocks,7615,skip,,,,triangle_alpha
,,,,,,,,,,,,,,,,,,,,,3,,,0,not_enough_blocks,7616,skip,,,,triangle_alpha
,,,,,,,,,,,,,,,,,,,,,3,,,0,not_enough_blocks,7617,skip,,,,triangle_alpha
,,,,,,,,,,,,,,,,,,,,,3,,,0,not_enough_blocks,7618,skip,,,,triangle_alpha
,,,,,,,,,,,,,,,,,,,,,3,,,0,not_enough_blocks,7619,skip,,,,triangle_alpha
,,,,,,,,,,,,,,,,,,,,,3,,,0,not_enough_blocks,7620,skip,,,,triangle_alpha
,,,,,,,,,,,,,,,,,,,,,3,,,0,not_enough_blocks,7621,skip,,,,triangle_alpha
,,,,,,,,,,,,,,,,,,,,,3,,,0,not_enough_blocks,7622,skip,,,,triangle_alpha
,,,,,,,,,,,,,,,,,,,,,3,,,0,not_enough_blocks,7623,skip,,,,triangle_alpha
,,,,,,,,,,,,,,,,,,,,,3,,,0,not_enough_blocks,7624,skip,,,,triangle_alpha
,,,,,,,,,,,,,,,,,,,,,3,,,0,not_enough_blocks,7625,skip,,,,triangle_alpha
,,,,,,,,,,,,,,,,,,,,,3,,,0,not_enough_blocks,7626,skip,,,,triangle_alpha
,,,,,,,,,,,,,,,,,,,,,3,,,0,not_enough_blocks,7627,skip,,,,triangle_alpha
,,,,,,,,,,,,,,,,,,,,,3,,,0,not_enough_blocks,7628,skip,,,,triangle_alpha
,,,,,,,,,,,,,,,,,,,,,3,,,0,not_enough_blocks,7629,skip,,,,triangle_alpha
,,,,,,,,,,,,,,,,,,,,,3,,,0,not_enough_blocks,7630,skip,,,,triangle_alpha
,,,,,,,,,,,,,,,,,,,,,3,,,0,not_enough_blocks,7631,skip,,,,triangle_alpha
,,,,,,,,,,,,,,,,,,,,,3,,,0,not_enough_blocks,7632,skip,,,,triangle_alpha
,,,,,,,,,,,,,,,,,,,,,3,,,0,not_enough_blocks,7633,skip,,,,triangle_alpha
,,,,,,,,,,,,,,,,,,,,,3,,,0,not_enough_blocks,7634,skip,,,,triangle_alpha
,,,,,,,,,,,,,,,,,,,,,3,,,0,not_enough_blocks,7635,skip,,,,triangle_alpha
,,,,,,,,,,,,,,,,,,,,,3,,,0,not_enough_blocks,7636,skip,,,,triangle_alpha
,,,,,,,,,,,,,,,,,,,,,3,,,0,not_enough_blocks,7637,skip,,,,triangle_alpha
,,,,,,,,,,,,,,,,,,,,,3,,,0,not_enough_blocks,7638,skip,,,,triangle_alpha
,,,,,,,,,,,,,,,,,,,,,3,,,0,not_enough_blocks,7639,skip,,,,triangle_alpha
,,,,,,,,,,,,,,,,,,,,,3,,,0,not_enough_blocks,7640,skip,,,,triangle_alpha
,,,,,,,,,,,,,,,,,,,,,3,,,2,not_enough_blocks,7641,skip,,,,triangle_alpha
,,,,,,,,,,,,,,,,,,,,,3,,,0,not_enough_blocks,7642,skip,,,,triangle_alpha
,,,,,,,,,,,,,,,,,,,,,3,,,0,not_enough_blocks,7643,skip,,,,triangle_alpha
,,,,,,,,,,,,,,,,,,,,,3,,,0,not_enough_blocks,7644,skip,,,,triangle_alpha
,,,,,,,,,,,,,,,,,,,,,3,,,0,not_enough_blocks,7645,skip,,,,triangle_alpha
,,,,,,,,,,,,,,,,,,,,,3,,,0,not_enough_blocks,7646,skip,,,,triangle_alpha
,,,,,,,,,,,,,,,,,,,,,3,,,0,not_enough_blocks,7647,skip,,,,triangle_alpha
,,,,,,,,,,,,,,,,,,,,,3,,,0,not_enough_blocks,7648,skip,,,,triangle_alpha
,,,,,,,,,,,,,,,,,,,,,3,,,0,not_enough_blocks,7649,skip,,,,triangle_alpha
,,,,,,,,,,,,,,,,,,,,,3,,,0,not_enough_blocks,7650,skip,,,,triangle_alpha
,,,,,,,,,,,,,,,,,,,,,3,,,0,not_enough_blocks,7651,skip,,,,triangle_alpha
,,,,,,,,,,,,,,,,,,,,,3,,,2,not_enough_blocks,7652,skip,,,,triangle_alpha
,,,,,,,,,,,,,,,,,,,,,3,,,1,not_enough_blocks,7653,skip,,,,triangle_alpha
,,,,,,,,,,,,,,,,,,,,,3,,,0,not_enough_blocks,7654,skip,,,,triangle_alpha
,,,,,,,,,,,,,,,,,,,,,3,,,0,not_enough_blocks,7655,skip,,,,triangle_alpha
,,,,,,,,,,,,,,,,,,,,,3,,,0,not_enough_blocks,7656,skip,,,,triangle_alpha
,,,,,,,,,,,,,,,,,,,,,3,,,0,not_enough_blocks,7657,skip,,,,triangle_alpha
,,,,,,,,,,,,,,,,,,,,,3,,,1,not_enough_blocks,7658,skip,,,,triangle_alpha
,,,,,,,,,,,,,,,,,,,,,3,,,0,not_enough_blocks,7659,skip,,,,triangle_alpha
,,,,,,,,,,,,,,,,,,,,,3,,,0,not_enough_blocks,7660,skip,,,,triangle_alpha
,,,,,,,,,,,,,,,,,,,,,3,,,0,not_enough_blocks,7661,skip,,,,triangle_alpha
,,,,,,,,,,,,,,,,,,,,,3,,,0,not_enough_blocks,7662,skip,,,,triangle_alpha
,,,,,,,,,,,,,,,,,,,,,3,,,0,not_enough_blocks,7663,skip,,,,triangle_alpha
,,,,,,,,,,,,,,,,,,,,,3,,,0,not_enough_blocks,7664,skip,,,,triangle_alpha
,,,,,,,,,,,,,,,,,,,,,3,,,0,not_enough_blocks,7665,skip,,,,triangle_alpha
,,,,,,,,,,,,,,,,,,,,,3,,,0,not_enough_blocks,7666,skip,,,,triangle_alpha
,,,,,,,,,,,,,,,,,,,,,3,,,0,not_enough_blocks,7667,skip,,,,triangle_alpha
,,,,,,,,,,,,,,,,,,,,,3,,,0,not_enough_blocks,7668,skip,,,,triangle_alpha
,,,,,,,,,,,,,,,,,,,,,3,,,0,not_enough_blocks,7669,skip,,,,triangle_alpha
,,,,,,,,,,,,,,,,,,,,,3,,,0,not_enough_blocks,7670,skip,,,,triangle_alpha
,,,,,,,,,,,,,,,,,,,,,3,,,0,not_enough_blocks,7671,skip,,,,triangle_alpha
,,,,,,,,,,,,,,,,,,,,,3,,,0,not_enough_blocks,7672,skip,,,,triangle_alpha
,,,,,,,,,,,,,,,,,,,,,3,,,0,not_enough_blocks,7673,skip,,,,triangle_alpha
,,,,,,,,,,,,,,,,,,,,,3,,,0,not_enough_blocks,7674,skip,,,,triangle_alpha
,,,,,,,,,,,,,,,,,,,,,3,,,0,not_enough_blocks,7675,skip,,,,triangle_alpha
,,,,,,,,,,,,,,,,,,,,,3,,,0,not_enough_blocks,7676,skip,,,,triangle_alpha
,,,,,,,,,,,,,,,,,,,,,3,,,0,not_enough_blocks,7677,skip,,,,triangle_alpha
,,,,,,,,,,,,,,,,,,,,,3,,,0,not_enough_blocks,7678,skip,,,,triangle_alpha
,,,,,,,,,,,,,,,,,,,,,3,,,1,not_enough_blocks,7679,skip,,,,triangle_alpha
,,,,,,,,,,,,,,,,,,,,,3,,,0,not_enough_blocks,7680,skip,,,,triangle_alpha
,,,,,,,,,,,,,,,,,,,,,3,,,0,not_enough_blocks,7681,skip,,,,triangle_alpha
,,,,,,,,,,,,,,,,,,,,,3,,,0,not_enough_blocks,7682,skip,,,,triangle_alpha
,,,,,,,,,,,,,,,,,,,,,3,,,0,not_enough_blocks,7683,skip,,,,triangle_alpha
,,,,,,,,,,,,,,,,,,,,,3,,,0,not_enough_blocks,7684,skip,,,,triangle_alpha
,,,,,,,,,,,,,,,,,,,,,3,,,0,not_enough_blocks,7685,skip,,,,triangle_alpha
,,,,,,,,,,,,,,,,,,,,,3,,,0,not_enough_blocks,7686,skip,,,,triangle_alpha
,,,,,,,,,,,,,,,,,,,,,3,,,0,not_enough_blocks,7687,skip,,,,triangle_alpha
,,,,,,,,,,,,,,,,,,,,,3,,,0,not_enough_blocks,7688,skip,,,,triangle_alpha
,,,,,,,,,,,,,,,,,,,,,3,,,0,not_enough_blocks,7689,skip,,,,triangle_alpha
,,,,,,,,,,,,,,,,,,,,,3,,,0,not_enough_blocks,7690,skip,,,,triangle_alpha
,,,,,,,,,,,,,,,,,,,,,3,,,1,not_enough_blocks,7691,skip,,,,triangle_alpha
,,,,,,,,,,,,,,,,,,,,,3,,,0,not_enough_blocks,7692,skip,,,,triangle_alpha
,,,,,,,,,,,,,,,,,,,,,3,,,0,not_enough_blocks,7693,skip,,,,triangle_alpha
,,,,,,,,,,,,,,,,,,,,,3,,,0,not_enough_blocks,7694,skip,,,,triangle_alpha
,,,,,,,,,,,,,,,,,,,,,3,,,1,not_enough_blocks,7695,skip,,,,triangle_alpha
,,,,,,,,,,,,,,,,,,,,,3,,,0,not_enough_blocks,7696,skip,,,,triangle_alpha
,,,,,,,,,,,,,,,,,,,,,3,,,0,not_enough_blocks,7697,skip,,,,triangle_alpha
,,,,,,,,,,,,,,,,,,,,,3,,,0,not_enough_blocks,7698,skip,,,,triangle_alpha
,,,,,,,,,,,,,,,,,,,,,3,,,0,not_enough_blocks,7699,skip,,,,triangle_alpha
,,,,,,,,,,,,,,,,,,,,,3,,,0,not_enough_blocks,7700,skip,,,,triangle_alpha
,,,,,,,,,,,,,,,,,,,,,3,,,0,not_enough_blocks,7701,skip,,,,triangle_alpha
,,,,,,,,,,,,,,,,,,,,,3,,,0,not_enough_blocks,7702,skip,,,,triangle_alpha
,,,,,,,,,,,,,,,,,,,,,3,,,0,not_enough_blocks,7703,skip,,,,triangle_alpha
,,,,,,,,,,,,,,,,,,,,,3,,,0,not_enough_blocks,7704,skip,,,,triangle_alpha
,,,,,,,,,,,,,,,,,,,,,3,,,0,not_enough_blocks,7705,skip,,,,triangle_alpha
,,,,,,,,,,,,,,,,,,,,,3,,,0,not_enough_blocks,7706,skip,,,,triangle_alpha
,,,,,,,,,,,,,,,,,,,,,3,,,0,not_enough_blocks,7707,skip,,,,triangle_alpha
,,,,,,,,,,,,,,,,,,,,,3,,,0,not_enough_blocks,7708,skip,,,,triangle_alpha
,,,,,,,,,,,,,,,,,,,,,3,,,0,not_enough_blocks,7709,skip,,,,triangle_alpha
,,,,,,,,,,,,,,,,,,,,,3,,,1,not_enough_blocks,7710,skip,,,,triangle_alpha
,,,,,,,,,,,,,,,,,,,,,3,,,0,not_enough_blocks,7711,skip,,,,triangle_alpha
,,,,,,,,,,,,,,,,,,,,,3,,,1,not_enough_blocks,7712,skip,,,,triangle_alpha
,,,,,,,,,,,,,,,,,,,,,3,,,0,not_enough_blocks,7713,skip,,,,triangle_alpha
,,,,,,,,,,,,,,,,,,,,,3,,,0,not_enough_blocks,7714,skip,,,,triangle_alpha
,,,,,,,,,,,,,,,,,,,,,3,,,0,not_enough_blocks,7715,skip,,,,triangle_alpha
,,,,,,,,,,,,,,,,,,,,,3,,,0,not_enough_blocks,7716,skip,,,,triangle_alpha
,,,,,,,,,,,,,,,,,,,,,3,,,0,not_enough_blocks,7717,skip,,,,triangle_alpha
,,,,,,,,,,,,,,,,,,,,,3,,,0,not_enough_blocks,7718,skip,,,,triangle_alpha
,,,,,,,,,,,,,,,,,,,,,3,,,0,not_enough_blocks,7719,skip,,,,triangle_alpha
,,,,,,,,,,,,,,,,,,,,,3,,,0,not_enough_blocks,7720,skip,,,,triangle_alpha
,,,,,,,,,,,,,,,,,,,,,3,,,0,not_enough_blocks,7721,skip,,,,triangle_alpha
,,,,,,,,,,,,,,,,,,,,,3,,,0,not_enough_blocks,7722,skip,,,,triangle_alpha
,,,,,,,,,,,,,,,,,,,,,3,,,1,not_enough_blocks,7723,skip,,,,triangle_alpha
,,,,,,,,,,,,,,,,,,,,,3,,,0,not_enough_blocks,7724,skip,,,,triangle_alpha
,,,,,,,,,,,,,,,,,,,,,3,,,1,not_enough_blocks,7725,skip,,,,triangle_alpha
,,,,,,,,,,,,,,,,,,,,,3,,,0,not_enough_blocks,7726,skip,,,,triangle_alpha
,,,,,,,,,,,,,,,,,,,,,3,,,0,not_enough_blocks,7727,skip,,,,triangle_alpha
,,,,,,,,,,,,,,,,,,,,,3,,,1,not_enough_blocks,7728,skip,,,,triangle_alpha
,,,,,,,,,,,,,,,,,,,,,3,,,1,not_enough_blocks,7729,skip,,,,triangle_alpha
,,,,,,,,,,,,,,,,,,,,,3,,,0,not_enough_blocks,7730,skip,,,,triangle_alpha
,,,,,,,,,,,,,,,,,,,,,3,,,0,not_enough_blocks,7731,skip,,,,triangle_alpha
,,,,,,,,,,,,,,,,,,,,,3,,,0,not_enough_blocks,7732,skip,,,,triangle_alpha
,,,,,,,,,,,,,,,,,,,,,3,,,1,not_enough_blocks,7733,skip,,,,triangle_alpha
,,,,,,,,,,,,,,,,,,,,,3,,,0,not_enough_blocks,7734,skip,,,,triangle_alpha
,,,,,,,,,,,,,,,,,,,,,3,,,1,not_enough_blocks,7735,skip,,,,triangle_alpha
,,,,,,,,,,,,,,,,,,,,,3,,,2,not_enough_blocks,7736,skip,,,,triangle_alpha
,,,,,,,,,,,,,,,,,,,,,3,,,0,not_enough_blocks,7737,skip,,,,triangle_alpha
,,,,,,,,,,,,,,,,,,,,,3,,,0,not_enough_blocks,7738,skip,,,,triangle_alpha
,,,,,,,,,,,,,,,,,,,,,3,,,0,not_enough_blocks,7739,skip,,,,triangle_alpha
,,,,,,,,,,,,,,,,,,,,,3,,,0,not_enough_blocks,7740,skip,,,,triangle_alpha
,,,,,,,,,,,,,,,,,,,,,3,,,0,not_enough_blocks,7741,skip,,,,triangle_alpha
,,,,,,,,,,,,,,,,,,,,,3,,,0,not_enough_blocks,7742,skip,,,,triangle_alpha
,,,,,,,,,,,,,,,,,,,,,3,,,0,not_enough_blocks,7743,skip,,,,triangle_alpha
,,,,,,,,,,,,,,,,,,,,,3,,,0,not_enough_blocks,7744,skip,,,,triangle_alpha
,,,,,,,,,,,,,,,,,,,,,3,,,0,not_enough_blocks,7745,skip,,,,triangle_alpha
,,,,,,,,,,,,,,,,,,,,,3,,,0,not_enough_blocks,7746,skip,,,,triangle_alpha
,,,,,,,,,,,,,,,,,,,,,3,,,0,not_enough_blocks,7747,skip,,,,triangle_alpha
,,,,,,,,,,,,,,,,,,,,,3,,,0,not_enough_blocks,7748,skip,,,,triangle_alpha
,,,,,,,,,,,,,,,,,,,,,3,,,0,not_enough_blocks,7749,skip,,,,triangle_alpha
,,,,,,,,,,,,,,,,,,,,,3,,,1,not_enough_blocks,7750,skip,,,,triangle_alpha
,,,,,,,,,,,,,,,,,,,,,3,,,0,not_enough_blocks,7751,skip,,,,triangle_alpha
,,,,,,,,,,,,,,,,,,,,,3,,,0,not_enough_blocks,7752,skip,,,,triangle_alpha
,,,,,,,,,,,,,,,,,,,,,3,,,1,not_enough_blocks,7753,skip,,,,triangle_alpha
,,,,,,,,,,,,,,,,,,,,,3,,,1,not_enough_blocks,7754,skip,,,,triangle_alpha
,,,,,,,,,,,,,,,,,,,,,3,,,0,not_enough_blocks,7755,skip,,,,triangle_alpha
,,,,,,,,,,,,,,,,,,,,,3,,,0,not_enough_blocks,7756,skip,,,,triangle_alpha
,,,,,,,,,,,,,,,,,,,,,3,,,0,not_enough_blocks,7757,skip,,,,triangle_alpha
,,,,,,,,,,,,,,,,,,,,,3,,,0,not_enough_blocks,7758,skip,,,,triangle_alpha
,,,,,,,,,,,,,,,,,,,,,3,,,0,not_enough_blocks,7759,skip,,,,triangle_alpha
,,,,,,,,,,,,,,,,,,,,,3,,,0,not_enough_blocks,7760,skip,,,,triangle_alpha
,,,,,,,,,,,,,,,,,,,,,3,,,0,not_enough_blocks,7761,skip,,,,triangle_alpha
,,,,,,,,,,,,,,,,,,,,,3,,,0,not_enough_blocks,7762,skip,,,,triangle_alpha
,,,,,,,,,,,,,,,,,,,,,3,,,1,not_enough_blocks,7763,skip,,,,triangle_alpha
,,,,,,,,,,,,,,,,,,,,,3,,,1,not_enough_blocks,7764,skip,,,,triangle_alpha
,,,,,,,,,,,,,,,,,,,,,3,,,0,not_enough_blocks,7765,skip,,,,triangle_alpha
,,,,,,,,,,,,,,,,,,,,,3,,,0,not_enough_blocks,7766,skip,,,,triangle_alpha
,,,,,,,,,,,,,,,,,,,,,3,,,0,not_enough_blocks,7767,skip,,,,triangle_alpha
,,,,,,,,,,,,,,,,,,,,,3,,,0,not_enough_blocks,7768,skip,,,,triangle_alpha
,,,,,,,,,,,,,,,,,,,,,3,,,0,not_enough_blocks,7769,skip,,,,triangle_alpha
,,,,,,,,,,,,,,,,,,,,,3,,,0,not_enough_blocks,7770,skip,,,,triangle_alpha
,,,,,,,,,,,,,,,,,,,,,3,,,1,not_enough_blocks,7771,skip,,,,triangle_alpha
,,,,,,,,,,,,,,,,,,,,,3,,,0,not_enough_blocks,7772,skip,,,,triangle_alpha
,,,,,,,,,,,,,,,,,,,,,3,,,0,not_enough_blocks,7773,skip,,,,triangle_alpha
,,,,,,,,,,,,,,,,,,,,,3,,,0,not_enough_blocks,7774,skip,,,,triangle_alpha
,,,,,,,,,,,,,,,,,,,,,3,,,0,not_enough_blocks,7775,skip,,,,triangle_alpha
,,,,,,,,,,,,,,,,,,,,,3,,,0,not_enough_blocks,7776,skip,,,,triangle_alpha
,,,,,,,,,,,,,,,,,,,,,3,,,0,not_enough_blocks,7777,skip,,,,triangle_alpha
,,,,,,,,,,,,,,,,,,,,,3,,,0,not_enough_blocks,7778,skip,,,,triangle_alpha
,,,,,,,,,,,,,,,,,,,,,3,,,0,not_enough_blocks,7779,skip,,,,triangle_alpha
,,,,,,,,,,,,,,,,,,,,,3,,,0,not_enough_blocks,7780,skip,,,,triangle_alpha
,,,,,,,,,,,,,,,,,,,,,3,,,0,not_enough_blocks,7781,skip,,,,triangle_alpha
,,,,,,,,,,,,,,,,,,,,,3,,,0,not_enough_blocks,7782,skip,,,,triangle_alpha
,,,,,,,,,,,,,,,,,,,,,3,,,0,not_enough_blocks,7783,skip,,,,triangle_alpha
,,,,,,,,,,,,,,,,,,,,,3,,,0,not_enough_blocks,7784,skip,,,,triangle_alpha
,,,,,,,,,,,,,,,,,,,,,3,,,0,not_enough_blocks,7785,skip,,,,triangle_alpha
,,,,,,,,,,,,,,,,,,,,,3,,,1,not_enough_blocks,7786,skip,,,,triangle_alpha
,,,,,,,,,,,,,,,,,,,,,3,,,0,not_enough_blocks,7787,skip,,,,triangle_alpha
,,,,,,,,,,,,,,,,,,,,,3,,,0,not_enough_blocks,7788,skip,,,,triangle_alpha
,,,,,,,,,,,,,,,,,,,,,3,,,0,not_enough_blocks,7789,skip,,,,triangle_alpha
,,,,,,,,,,,,,,,,,,,,,3,,,0,not_enough_blocks,7790,skip,,,,triangle_alpha
,,,,,,,,,,,,,,,,,,,,,3,,,0,not_enough_blocks,7791,skip,,,,triangle_alpha
,,,,,,,,,,,,,,,,,,,,,3,,,0,not_enough_blocks,7792,skip,,,,triangle_alpha
,,,,,,,,,,,,,,,,,,,,,3,,,0,not_enough_blocks,7793,skip,,,,triangle_alpha
,,,,,,,,,,,,,,,,,,,,,3,,,1,not_enough_blocks,7794,skip,,,,triangle_alpha
,,,,,,,,,,,,,,,,,,,,,3,,,0,not_enough_blocks,7795,skip,,,,triangle_alpha
,,,,,,,,,,,,,,,,,,,,,3,,,0,not_enough_blocks,7796,skip,,,,triangle_alpha
,,,,,,,,,,,,,,,,,,,,,3,,,0,not_enough_blocks,7797,skip,,,,triangle_alpha
,,,,,,,,,,,,,,,,,,,,,3,,,1,not_enough_blocks,7798,skip,,,,triangle_alpha
,,,,,,,,,,,,,,,,,,,,,3,,,0,not_enough_blocks,7799,skip,,,,triangle_alpha
,,,,,,,,,,,,,,,,,,,,,3,,,0,not_enough_blocks,7800,skip,,,,triangle_alpha
,,,,,,,,,,,,,,,,,,,,,3,,,0,not_enough_blocks,7801,skip,,,,triangle_alpha
,,,,,,,,,,,,,,,,,,,,,3,,,0,not_enough_blocks,7802,skip,,,,triangle_alpha
,,,,,,,,,,,,,,,,,,,,,3,,,0,not_enough_blocks,7803,skip,,,,triangle_alpha
,,,,,,,,,,,,,,,,,,,,,3,,,0,not_enough_blocks,7804,skip,,,,triangle_alpha
,,,,,,,,,,,,,,,,,,,,,3,,,0,not_enough_blocks,7805,skip,,,,triangle_alpha
,,,,,,,,,,,,,,,,,,,,,3,,,0,not_enough_blocks,7806,skip,,,,triangle_alpha
,,,,,,,,,,,,,,,,,,,,,3,,,0,not_enough_blocks,7807,skip,,,,triangle_alpha
,,,,,,,,,,,,,,,,,,,,,3,,,0,not_enough_blocks,7808,skip,,,,triangle_alpha
,,,,,,,,,,,,,,,,,,,,,3,,,0,not_enough_blocks,7809,skip,,,,triangle_alpha
,,,,,,,,,,,,,,,,,,,,,3,,,0,not_enough_blocks,7810,skip,,,,triangle_alpha
,,,,,,,,,,,,,,,,,,,,,3,,,0,not_enough_blocks,7811,skip,,,,triangle_alpha
,,,,,,,,,,,,,,,,,,,,,3,,,0,not_enough_blocks,7812,skip,,,,triangle_alpha
,,,,,,,,,,,,,,,,,,,,,3,,,0,not_enough_blocks,7813,skip,,,,triangle_alpha
,,,,,,,,,,,,,,,,,,,,,3,,,0,not_enough_blocks,7814,skip,,,,triangle_alpha
,,,,,,,,,,,,,,,,,,,,,3,,,1,not_enough_blocks,7815,skip,,,,triangle_alpha
,,,,,,,,,,,,,,,,,,,,,3,,,0,not_enough_blocks,7816,skip,,,,triangle_alpha
,,,,,,,,,,,,,,,,,,,,,3,,,0,not_enough_blocks,7817,skip,,,,triangle_alpha
,,,,,,,,,,,,,,,,,,,,,3,,,0,not_enough_blocks,7818,skip,,,,triangle_alpha
,,,,,,,,,,,,,,,,,,,,,3,,,0,not_enough_blocks,7819,skip,,,,triangle_alpha
,,,,,,,,,,,,,,,,,,,,,3,,,0,not_enough_blocks,7820,skip,,,,triangle_alpha
,,,,,,,,,,,,,,,,,,,,,3,,,0,not_enough_blocks,7821,skip,,,,triangle_alpha
,,,,,,,,,,,,,,,,,,,,,3,,,1,not_enough_blocks,7822,skip,,,,triangle_alpha
,,,,,,,,,,,,,,,,,,,,,3,,,0,not_enough_blocks,7823,skip,,,,triangle_alpha
,,,,,,,,,,,,,,,,,,,,,3,,,0,not_enough_blocks,7824,skip,,,,triangle_alpha
,,,,,,,,,,,,,,,,,,,,,3,,,1,not_enough_blocks,7825,skip,,,,triangle_alpha
,,,,,,,,,,,,,,,,,,,,,3,,,0,not_enough_blocks,7826,skip,,,,triangle_alpha
,,,,,,,,,,,,,,,,,,,,,3,,,0,not_enough_blocks,7827,skip,,,,triangle_alpha
,,,,,,,,,,,,,,,,,,,,,3,,,0,not_enough_blocks,7828,skip,,,,triangle_alpha
,,,,,,,,,,,,,,,,,,,,,3,,,0,not_enough_blocks,7829,skip,,,,triangle_alpha
,,,,,,,,,,,,,,,,,,,,,3,,,0,not_enough_blocks,7830,skip,,,,triangle_alpha
,,,,,,,,,,,,,,,,,,,,,3,,,0,not_enough_blocks,7831,skip,,,,triangle_alpha
,,,,,,,,,,,,,,,,,,,,,3,,,0,not_enough_blocks,7832,skip,,,,triangle_alpha
,,,,,,,,,,,,,,,,,,,,,3,,,1,not_enough_blocks,7833,skip,,,,triangle_alpha
,,,,,,,,,,,,,,,,,,,,,3,,,1,not_enough_blocks,7834,skip,,,,triangle_alpha
,,,,,,,,,,,,,,,,,,,,,3,,,0,not_enough_blocks,7835,skip,,,,triangle_alpha
,,,,,,,,,,,,,,,,,,,,,3,,,1,not_enough_blocks,7836,skip,,,,triangle_alpha
,,,,,,,,,,,,,,,,,,,,,3,,,0,not_enough_blocks,7837,skip,,,,triangle_alpha
,,,,,,,,,,,,,,,,,,,,,3,,,0,not_enough_blocks,7838,skip,,,,triangle_alpha
,,,,,,,,,,,,,,,,,,,,,3,,,0,not_enough_blocks,7839,skip,,,,triangle_alpha
,,,,,,,,,,,,,,,,,,,,,3,,,1,not_enough_blocks,7840,skip,,,,triangle_alpha
,,,,,,,,,,,,,,,,,,,,,3,,,0,not_enough_blocks,7841,skip,,,,triangle_alpha
,,,,,,,,,,,,,,,,,,,,,3,,,0,not_enough_blocks,7842,skip,,,,triangle_alpha
,,,,,,,,,,,,,,,,,,,,,3,,,0,not_enough_blocks,7843,skip,,,,triangle_alpha
,,,,,,,,,,,,,,,,,,,,,3,,,0,not_enough_blocks,7844,skip,,,,triangle_alpha
,,,,,,,,,,,,,,,,,,,,,3,,,0,not_enough_blocks,7845,skip,,,,triangle_alpha
,,,,,,,,,,,,,,,,,,,,,3,,,0,not_enough_blocks,7846,skip,,,,triangle_alpha
,,,,,,,,,,,,,,,,,,,,,3,,,0,not_enough_blocks,7847,skip,,,,triangle_alpha
,,,,,,,,,,,,,,,,,,,,,3,,,0,not_enough_blocks,7848,skip,,,,triangle_alpha
,,,,,,,,,,,,,,,,,,,,,3,,,0,not_enough_blocks,7849,skip,,,,triangle_alpha
,,,,,,,,,,,,,,,,,,,,,3,,,0,not_enough_blocks,7850,skip,,,,triangle_alpha
,,,,,,,,,,,,,,,,,,,,,3,,,0,not_enough_blocks,7851,skip,,,,triangle_alpha
,,,,,,,,,,,,,,,,,,,,,3,,,0,not_enough_blocks,7852,skip,,,,triangle_alpha
,,,,,,,,,,,,,,,,,,,,,3,,,1,not_enough_blocks,7853,skip,,,,triangle_alpha
,,,,,,,,,,,,,,,,,,,,,3,,,0,not_enough_blocks,7854,skip,,,,triangle_alpha
,,,,,,,,,,,,,,,,,,,,,3,,,0,not_enough_blocks,7855,skip,,,,triangle_alpha
,,,,,,,,,,,,,,,,,,,,,3,,,0,not_enough_blocks,7856,skip,,,,triangle_alpha
,,,,,,,,,,,,,,,,,,,,,3,,,0,not_enough_blocks,7857,skip,,,,triangle_alpha
,,,,,,,,,,,,,,,,,,,,,3,,,0,not_enough_blocks,7858,skip,,,,triangle_alpha
,,,,,,,,,,,,,,,,,,,,,3,,,0,not_enough_blocks,7859,skip,,,,triangle_alpha
,,,,,,,,,,,,,,,,,,,,,3,,,0,not_enough_blocks,7860,skip,,,,triangle_alpha
,,,,,,,,,,,,,,,,,,,,,3,,,0,not_enough_blocks,7861,skip,,,,triangle_alpha
,,,,,,,,,,,,,,,,,,,,,3,,,1,not_enough_blocks,7862,skip,,,,triangle_alpha
,,,,,,,,,,,,,,,,,,,,,3,,,0,not_enough_blocks,7863,skip,,,,triangle_alpha
,,,,,,,,,,,,,,,,,,,,,3,,,0,not_enough_blocks,7864,skip,,,,triangle_alpha
,,,,,,,,,,,,,,,,,,,,,3,,,0,not_enough_blocks,7865,skip,,,,triangle_alpha
,,,,,,,,,,,,,,,,,,,,,3,,,0,not_enough_blocks,7866,skip,,,,triangle_alpha
,,,,,,,,,,,,,,,,,,,,,3,,,0,not_enough_blocks,7867,skip,,,,triangle_alpha
,,,,,,,,,,,,,,,,,,,,,3,,,0,not_enough_blocks,7868,skip,,,,triangle_alpha
,,,,,,,,,,,,,,,,,,,,,3,,,0,not_enough_blocks,7869,skip,,,,triangle_alpha
,,,,,,,,,,,,,,,,,,,,,3,,,0,not_enough_blocks,7870,skip,,,,triangle_alpha
,,,,,,,,,,,,,,,,,,,,,3,,,0,not_enough_blocks,7871,skip,,,,triangle_alpha
,,,,,,,,,,,,,,,,,,,,,3,,,0,not_enough_blocks,7872,skip,,,,triangle_alpha
,,,,,,,,,,,,,,,,,,,,,3,,,0,not_enough_blocks,7873,skip,,,,triangle_alpha
,,,,,,,,,,,,,,,,,,,,,3,,,0,not_enough_blocks,7874,skip,,,,triangle_alpha
,,,,,,,,,,,,,,,,,,,,,3,,,0,not_enough_blocks,7875,skip,,,,triangle_alpha
,,,,,,,,,,,,,,,,,,,,,3,,,0,not_enough_blocks,7876,skip,,,,triangle_alpha
,,,,,,,,,,,,,,,,,,,,,3,,,0,not_enough_blocks,7877,skip,,,,triangle_alpha
,,,,,,,,,,,,,,,,,,,,,3,,,0,not_enough_blocks,7878,skip,,,,triangle_alpha
,,,,,,,,,,,,,,,,,,,,,3,,,0,not_enough_blocks,7879,skip,,,,triangle_alpha
,,,,,,,,,,,,,,,,,,,,,3,,,1,not_enough_blocks,7880,skip,,,,triangle_alpha
,,,,,,,,,,,,,,,,,,,,,3,,,1,not_enough_blocks,7881,skip,,,,triangle_alpha
,,,,,,,,,,,,,,,,,,,,,3,,,0,not_enough_blocks,7882,skip,,,,triangle_alpha
,,,,,,,,,,,,,,,,,,,,,3,,,0,not_enough_blocks,7883,skip,,,,triangle_alpha
,,,,,,,,,,,,,,,,,,,,,3,,,0,not_enough_blocks,7884,skip,,,,triangle_alpha
,,,,,,,,,,,,,,,,,,,,,3,,,0,not_enough_blocks,7885,skip,,,,triangle_alpha
,,,,,,,,,,,,,,,,,,,,,3,,,0,not_enough_blocks,7886,skip,,,,triangle_alpha
,,,,,,,,,,,,,,,,,,,,,3,,,0,not_enough_blocks,7887,skip,,,,triangle_alpha
,,,,,,,,,,,,,,,,,,,,,3,,,0,not_enough_blocks,7888,skip,,,,triangle_alpha
,,,,,,,,,,,,,,,,,,,,,3,,,0,not_enough_blocks,7889,skip,,,,triangle_alpha
,,,,,,,,,,,,,,,,,,,,,3,,,0,not_enough_blocks,7890,skip,,,,triangle_alpha
,,,,,,,,,,,,,,,,,,,,,3,,,0,not_enough_blocks,7891,skip,,,,triangle_alpha
,,,,,,,,,,,,,,,,,,,,,3,,,0,not_enough_blocks,7892,skip,,,,triangle_alpha
,,,,,,,,,,,,,,,,,,,,,3,,,0,not_enough_blocks,7893,skip,,,,triangle_alpha
,,,,,,,,,,,,,,,,,,,,,3,,,0,not_enough_blocks,7894,skip,,,,triangle_alpha
,,,,,,,,,,,,,,,,,,,,,3,,,0,not_enough_blocks,7895,skip,,,,triangle_alpha
,,,,,,,,,,,,,,,,,,,,,3,,,0,not_enough_blocks,7896,skip,,,,triangle_alpha
,,,,,,,,,,,,,,,,,,,,,3,,,0,not_enough_blocks,7897,skip,,,,triangle_alpha
,,,,,,,,,,,,,,,,,,,,,3,,,0,not_enough_blocks,7898,skip,,,,triangle_alpha
,,,,,,,,,,,,,,,,,,,,,3,,,1,not_enough_blocks,7899,skip,,,,triangle_alpha
,,,,,,,,,,,,,,,,,,,,,3,,,0,not_enough_blocks,7900,skip,,,,triangle_alpha
,,,,,,,,,,,,,,,,,,,,,3,,,0,not_enough_blocks,7901,skip,,,,triangle_alpha
,,,,,,,,,,,,,,,,,,,,,3,,,2,not_enough_blocks,7902,skip,,,,triangle_alpha
,,,,,,,,,,,,,,,,,,,,,3,,,0,not_enough_blocks,7903,skip,,,,triangle_alpha
,,,,,,,,,,,,,,,,,,,,,3,,,0,not_enough_blocks,7904,skip,,,,triangle_alpha
,,,,,,,,,,,,,,,,,,,,,3,,,0,not_enough_blocks,7905,skip,,,,triangle_alpha
,,,,,,,,,,,,,,,,,,,,,3,,,0,not_enough_blocks,7906,skip,,,,triangle_alpha
,,,,,,,,,,,,,,,,,,,,,3,,,0,not_enough_blocks,7907,skip,,,,triangle_alpha
,,,,,,,,,,,,,,,,,,,,,3,,,0,not_enough_blocks,7908,skip,,,,triangle_alpha
,,,,,,,,,,,,,,,,,,,,,3,,,0,not_enough_blocks,7909,skip,,,,triangle_alpha
,,,,,,,,,,,,,,,,,,,,,3,,,0,not_enough_blocks,7910,skip,,,,triangle_alpha
,,,,,,,,,,,,,,,,,,,,,3,,,0,not_enough_blocks,7911,skip,,,,triangle_alpha
,,,,,,,,,,,,,,,,,,,,,3,,,0,not_enough_blocks,7912,skip,,,,triangle_alpha
,,,,,,,,,,,,,,,,,,,,,3,,,0,not_enough_blocks,7913,skip,,,,triangle_alpha
,,,,,,,,,,,,,,,,,,,,,3,,,1,not_enough_blocks,7914,skip,,,,triangle_alpha
,,,,,,,,,,,,,,,,,,,,,3,,,0,not_enough_blocks,7915,skip,,,,triangle_alpha
,,,,,,,,,,,,,,,,,,,,,3,,,0,not_enough_blocks,7916,skip,,,,triangle_alpha
,,,,,,,,,,,,,,,,,,,,,3,,,0,not_enough_blocks,7917,skip,,,,triangle_alpha
,,,,,,,,,,,,,,,,,,,,,3,,,0,not_enough_blocks,7918,skip,,,,triangle_alpha
,,,,,,,,,,,,,,,,,,,,,3,,,2,not_enough_blocks,7919,skip,,,,triangle_alpha
,,,,,,,,,,,,,,,,,,,,,3,,,1,not_enough_blocks,7920,skip,,,,triangle_alpha
,,,,,,,,,,,,,,,,,,,,,3,,,0,not_enough_blocks,7921,skip,,,,triangle_alpha
,,,,,,,,,,,,,,,,,,,,,3,,,0,not_enough_blocks,7922,skip,,,,triangle_alpha
,,,,,,,,,,,,,,,,,,,,,3,,,0,not_enough_blocks,7923,skip,,,,triangle_alpha
,,,,,,,,,,,,,,,,,,,,,3,,,0,not_enough_blocks,7924,skip,,,,triangle_alpha
,,,,,,,,,,,,,,,,,,,,,3,,,0,not_enough_blocks,7925,skip,,,,triangle_alpha
,,,,,,,,,,,,,,,,,,,,,3,,,1,not_enough_blocks,7926,skip,,,,triangle_alpha
,,,,,,,,,,,,,,,,,,,,,3,,,0,not_enough_blocks,7927,skip,,,,triangle_alpha
,,,,,,,,,,,,,,,,,,,,,3,,,0,not_enough_blocks,7928,skip,,,,triangle_alpha
,,,,,,,,,,,,,,,,,,,,,3,,,1,not_enough_blocks,7929,skip,,,,triangle_alpha
,,,,,,,,,,,,,,,,,,,,,3,,,0,not_enough_blocks,7930,skip,,,,triangle_alpha
,,,,,,,,,,,,,,,,,,,,,3,,,1,not_enough_blocks,7931,skip,,,,triangle_alpha
,,,,,,,,,,,,,,,,,,,,,3,,,0,not_enough_blocks,7932,skip,,,,triangle_alpha
,,,,,,,,,,,,,,,,,,,,,3,,,0,not_enough_blocks,7933,skip,,,,triangle_alpha
,,,,,,,,,,,,,,,,,,,,,3,,,0,not_enough_blocks,7934,skip,,,,triangle_alpha
,,,,,,,,,,,,,,,,,,,,,3,,,0,not_enough_blocks,7935,skip,,,,triangle_alpha
,,,,,,,,,,,,,,,,,,,,,3,,,1,not_enough_blocks,7936,skip,,,,triangle_alpha
,,,,,,,,,,,,,,,,,,,,,3,,,0,not_enough_blocks,7937,skip,,,,triangle_alpha
,,,,,,,,,,,,,,,,,,,,,3,,,0,not_enough_blocks,7938,skip,,,,triangle_alpha
,,,,,,,,,,,,,,,,,,,,,3,,,0,not_enough_blocks,7939,skip,,,,triangle_alpha
,,,,,,,,,,,,,,,,,,,,,3,,,0,not_enough_blocks,7940,skip,,,,triangle_alpha
,,,,,,,,,,,,,,,,,,,,,3,,,0,not_enough_blocks,7941,skip,,,,triangle_alpha
,,,,,,,,,,,,,,,,,,,,,3,,,0,not_enough_blocks,7942,skip,,,,triangle_alpha
,,,,,,,,,,,,,,,,,,,,,3,,,1,not_enough_blocks,7943,skip,,,,triangle_alpha
,,,,,,,,,,,,,,,,,,,,,3,,,0,not_enough_blocks,7944,skip,,,,triangle_alpha
,,,,,,,,,,,,,,,,,,,,,3,,,0,not_enough_blocks,7945,skip,,,,triangle_alpha
,,,,,,,,,,,,,,,,,,,,,3,,,1,not_enough_blocks,7946,skip,,,,triangle_alpha
,,,,,,,,,,,,,,,,,,,,,3,,,0,not_enough_blocks,7947,skip,,,,triangle_alpha
,,,,,,,,,,,,,,,,,,,,,3,,,0,not_enough_blocks,7948,skip,,,,triangle_alpha
,,,,,,,,,,,,,,,,,,,,,3,,,0,not_enough_blocks,7949,skip,,,,triangle_alpha
,,,,,,,,,,,,,,,,,,,,,3,,,0,not_enough_blocks,7950,skip,,,,triangle_alpha
,,,,,,,,,,,,,,,,,,,,,3,,,0,not_enough_blocks,7951,skip,,,,triangle_alpha
,,,,,,,,,,,,,,,,,,,,,3,,,0,not_enough_blocks,7952,skip,,,,triangle_alpha
,,,,,,,,,,,,,,,,,,,,,3,,,0,not_enough_blocks,7953,skip,,,,triangle_alpha
,,,,,,,,,,,,,,,,,,,,,3,,,0,not_enough_blocks,7954,skip,,,,triangle_alpha
,,,,,,,,,,,,,,,,,,,,,3,,,1,not_enough_blocks,7955,skip,,,,triangle_alpha
,,,,,,,,,,,,,,,,,,,,,3,,,0,not_enough_blocks,7956,skip,,,,triangle_alpha
,,,,,,,,,,,,,,,,,,,,,3,,,0,not_enough_blocks,7957,skip,,,,triangle_alpha
,,,,,,,,,,,,,,,,,,,,,3,,,0,not_enough_blocks,7958,skip,,,,triangle_alpha
,,,,,,,,,,,,,,,,,,,,,3,,,0,not_enough_blocks,7959,skip,,,,triangle_alpha
,,,,,,,,,,,,,,,,,,,,,3,,,0,not_enough_blocks,7960,skip,,,,triangle_alpha
,,,,,,,,,,,,,,,,,,,,,3,,,0,not_enough_blocks,7961,skip,,,,triangle_alpha
,,,,,,,,,,,,,,,,,,,,,3,,,1,not_enough_blocks,7962,skip,,,,triangle_alpha
,,,,,,,,,,,,,,,,,,,,,3,,,0,not_enough_blocks,7963,skip,,,,triangle_alpha
,,,,,,,,,,,,,,,,,,,,,3,,,0,not_enough_blocks,7964,skip,,,,triangle_alpha
,,,,,,,,,,,,,,,,,,,,,3,,,0,not_enough_blocks,7965,skip,,,,triangle_alpha
,,,,,,,,,,,,,,,,,,,,,3,,,1,not_enough_blocks,7966,skip,,,,triangle_alpha
,,,,,,,,,,,,,,,,,,,,,3,,,0,not_enough_blocks,7967,skip,,,,triangle_alpha
,,,,,,,,,,,,,,,,,,,,,3,,,0,not_enough_blocks,7968,skip,,,,triangle_alpha
,,,,,,,,,,,,,,,,,,,,,3,,,0,not_enough_blocks,7969,skip,,,,triangle_alpha
,,,,,,,,,,,,,,,,,,,,,3,,,0,not_enough_blocks,7970,skip,,,,triangle_alpha
,,,,,,,,,,,,,,,,,,,,,3,,,0,not_enough_blocks,7971,skip,,,,triangle_alpha
,,,,,,,,,,,,,,,,,,,,,3,,,1,not_enough_blocks,7972,skip,,,,triangle_alpha
,,,,,,,,,,,,,,,,,,,,,3,,,1,not_enough_blocks,7973,skip,,,,triangle_alpha
,,,,,,,,,,,,,,,,,,,,,3,,,0,not_enough_blocks,7974,skip,,,,triangle_alpha
,,,,,,,,,,,,,,,,,,,,,3,,,0,not_enough_blocks,7975,skip,,,,triangle_alpha
,,,,,,,,,,,,,,,,,,,,,3,,,0,not_enough_blocks,7976,skip,,,,triangle_alpha
,,,,,,,,,,,,,,,,,,,,,3,,,0,not_enough_blocks,7977,skip,,,,triangle_alpha
,,,,,,,,,,,,,,,,,,,,,3,,,1,not_enough_blocks,7978,skip,,,,triangle_alpha
,,,,,,,,,,,,,,,,,,,,,3,,,0,not_enough_blocks,7979,skip,,,,triangle_alpha
,,,,,,,,,,,,,,,,,,,,,3,,,0,not_enough_blocks,7980,skip,,,,triangle_alpha
,,,,,,,,,,,,,,,,,,,,,3,,,0,not_enough_blocks,7981,skip,,,,triangle_alpha
,,,,,,,,,,,,,,,,,,,,,3,,,0,not_enough_blocks,7982,skip,,,,triangle_alpha
,,,,,,,,,,,,,,,,,,,,,3,,,0,not_enough_blocks,7983,skip,,,,triangle_alpha
,,,,,,,,,,,,,,,,,,,,,3,,,0,not_enough_blocks,7984,skip,,,,triangle_alpha
,,,,,,,,,,,,,,,,,,,,,3,,,0,not_enough_blocks,7985,skip,,,,triangle_alpha
,,,,,,,,,,,,,,,,,,,,,3,,,1,not_enough_blocks,7986,skip,,,,triangle_alpha
,,,,,,,,,,,,,,,,,,,,,3,,,0,not_enough_blocks,7987,skip,,,,triangle_alpha
,,,,,,,,,,,,,,,,,,,,,3,,,0,not_enough_blocks,7988,skip,,,,triangle_alpha
,,,,,,,,,,,,,,,,,,,,,3,,,0,not_enough_blocks,7989,skip,,,,triangle_alpha
,,,,,,,,,,,,,,,,,,,,,3,,,0,not_enough_blocks,7990,skip,,,,triangle_alpha
,,,,,,,,,,,,,,,,,,,,,3,,,1,not_enough_blocks,7991,skip,,,,triangle_alpha
,,,,,,,,,,,,,,,,,,,,,3,,,0,not_enough_blocks,7992,skip,,,,triangle_alpha
,,,,,,,,,,,,,,,,,,,,,3,,,0,not_enough_blocks,7993,skip,,,,triangle_alpha
,,,,,,,,,,,,,,,,,,,,,3,,,0,not_enough_blocks,7994,skip,,,,triangle_alpha
,,,,,,,,,,,,,,,,,,,,,3,,,0,not_enough_blocks,7995,skip,,,,triangle_alpha
,,,,,,,,,,,,,,,,,,,,,3,,,0,not_enough_blocks,7996,skip,,,,triangle_alpha
,,,,,,,,,,,,,,,,,,,,,3,,,0,not_enough_blocks,7997,skip,,,,triangle_alpha
,,,,,,,,,,,,,,,,,,,,,3,,,1,not_enough_blocks,7998,skip,,,,triangle_alpha
,,,,,,,,,,,,,,,,,,,,,3,,,1,not_enough_blocks,7999,skip,,,,triangle_alpha
,,,,,,,,,,,,,,,,,,,,,3,,,1,not_enough_blocks,8000,skip,,,,triangle_alpha
,,,,,,,,,,,,,,,,,,,,,3,,,0,not_enough_blocks,8001,skip,,,,triangle_alpha
,,,,,,,,,,,,,,,,,,,,,3,,,0,not_enough_blocks,8002,skip,,,,triangle_alpha
,,,,,,,,,,,,,,,,,,,,,3,,,0,not_enough_blocks,8003,skip,,,,triangle_alpha
,,,,,,,,,,,,,,,,,,,,,3,,,1,not_enough_blocks,8004,skip,,,,triangle_alpha
,,,,,,,,,,,,,,,,,,,,,3,,,0,not_enough_blocks,8005,skip,,,,triangle_alpha
,,,,,,,,,,,,,,,,,,,,,3,,,0,not_enough_blocks,8006,skip,,,,triangle_alpha
,,,,,,,,,,,,,,,,,,,,,3,,,0,not_enough_blocks,8007,skip,,,,triangle_alpha
,,,,,,,,,,,,,,,,,,,,,3,,,0,not_enough_blocks,8008,skip,,,,triangle_alpha
,,,,,,,,,,,,,,,,,,,,,3,,,0,not_enough_blocks,8009,skip,,,,triangle_alpha
,,,,,,,,,,,,,,,,,,,,,3,,,0,not_enough_blocks,8010,skip,,,,triangle_alpha
,,,,,,,,,,,,,,,,,,,,,3,,,0,not_enough_blocks,8011,skip,,,,triangle_alpha
,,,,,,,,,,,,,,,,,,,,,3,,,1,not_enough_blocks,8012,skip,,,,triangle_alpha
,,,,,,,,,,,,,,,,,,,,,3,,,0,not_enough_blocks,8013,skip,,,,triangle_alpha
,,,,,,,,,,,,,,,,,,,,,3,,,0,not_enough_blocks,8014,skip,,,,triangle_alpha
,,,,,,,,,,,,,,,,,,,,,3,,,0,not_enough_blocks,8015,skip,,,,triangle_alpha
,,,,,,,,,,,,,,,,,,,,,3,,,1,not_enough_blocks,8016,skip,,,,triangle_alpha
,,,,,,,,,,,,,,,,,,,,,3,,,0,not_enough_blocks,8017,skip,,,,triangle_alpha
,,,,,,,,,,,,,,,,,,,,,3,,,0,not_enough_blocks,8018,skip,,,,triangle_alpha
,,,,,,,,,,,,,,,,,,,,,3,,,0,not_enough_blocks,8019,skip,,,,triangle_alpha
,,,,,,,,,,,,,,,,,,,,,3,,,0,not_enough_blocks,8020,skip,,,,triangle_alpha
,,,,,,,,,,,,,,,,,,,,,3,,,0,not_enough_blocks,8021,skip,,,,triangle_alpha
,,,,,,,,,,,,,,,,,,,,,3,,,1,not_enough_blocks,8022,skip,,,,triangle_alpha
,,,,,,,,,,,,,,,,,,,,,3,,,0,not_enough_blocks,8023,skip,,,,triangle_alpha
,,,,,,,,,,,,,,,,,,,,,3,,,0,not_enough_blocks,8024,skip,,,,triangle_alpha
,,,,,,,,,,,,,,,,,,,,,3,,,0,not_enough_blocks,8025,skip,,,,triangle_alpha
,,,,,,,,,,,,,,,,,,,,,3,,,1,not_enough_blocks,8026,skip,,,,triangle_alpha
,,,,,,,,,,,,,,,,,,,,,3,,,0,not_enough_blocks,8027,skip,,,,triangle_alpha
,,,,,,,,,,,,,,,,,,,,,3,,,0,not_enough_blocks,8028,skip,,,,triangle_alpha
,,,,,,,,,,,,,,,,,,,,,3,,,0,not_enough_blocks,8029,skip,,,,triangle_alpha
,,,,,,,,,,,,,,,,,,,,,3,,,0,not_enough_blocks,8030,skip,,,,triangle_alpha
,,,,,,,,,,,,,,,,,,,,,3,,,1,not_enough_blocks,8031,skip,,,,triangle_alpha
,,,,,,,,,,,,,,,,,,,,,3,,,0,not_enough_blocks,8032,skip,,,,triangle_alpha
,,,,,,,,,,,,,,,,,,,,,3,,,0,not_enough_blocks,8033,skip,,,,triangle_alpha
,,,,,,,,,,,,,,,,,,,,,3,,,0,not_enough_blocks,8034,skip,,,,triangle_alpha
,,,,,,,,,,,,,,,,,,,,,3,,,1,not_enough_blocks,8035,skip,,,,triangle_alpha
,,,,,,,,,,,,,,,,,,,,,3,,,0,not_enough_blocks,8036,skip,,,,triangle_alpha
,,,,,,,,,,,,,,,,,,,,,3,,,0,not_enough_blocks,8037,skip,,,,triangle_alpha
,,,,,,,,,,,,,,,,,,,,,3,,,1,not_enough_blocks,8038,skip,,,,triangle_alpha
,,,,,,,,,,,,,,,,,,,,,3,,,0,not_enough_blocks,8039,skip,,,,triangle_alpha
,,,,,,,,,,,,,,,,,,,,,3,,,0,not_enough_blocks,8040,skip,,,,triangle_alpha
,,,,,,,,,,,,,,,,,,,,,3,,,0,not_enough_blocks,8041,skip,,,,triangle_alpha
,,,,,,,,,,,,,,,,,,,,,3,,,0,not_enough_blocks,8042,skip,,,,triangle_alpha
,,,,,,,,,,,,,,,,,,,,,3,,,1,not_enough_blocks,8043,skip,,,,triangle_alpha
,,,,,,,,,,,,,,,,,,,,,3,,,0,not_enough_blocks,8044,skip,,,,triangle_alpha
,,,,,,,,,,,,,,,,,,,,,3,,,0,not_enough_blocks,8045,skip,,,,triangle_alpha
,,,,,,,,,,,,,,,,,,,,,3,,,0,not_enough_blocks,8046,skip,,,,triangle_alpha
,,,,,,,,,,,,,,,,,,,,,3,,,1,not_enough_blocks,8047,skip,,,,triangle_alpha
,,,,,,,,,,,,,,,,,,,,,3,,,0,not_enough_blocks,8048,skip,,,,triangle_alpha
,,,,,,,,,,,,,,,,,,,,,3,,,0,not_enough_blocks,8049,skip,,,,triangle_alpha
,,,,,,,,,,,,,,,,,,,,,3,,,0,not_enough_blocks,8050,skip,,,,triangle_alpha
,,,,,,,,,,,,,,,,,,,,,3,,,1,not_enough_blocks,8051,skip,,,,triangle_alpha
,,,,,,,,,,,,,,,,,,,,,3,,,0,not_enough_blocks,8052,skip,,,,triangle_alpha
,,,,,,,,,,,,,,,,,,,,,3,,,0,not_enough_blocks,8053,skip,,,,triangle_alpha
,,,,,,,,,,,,,,,,,,,,,3,,,0,not_enough_blocks,8054,skip,,,,triangle_alpha
,,,,,,,,,,,,,,,,,,,,,3,,,0,not_enough_blocks,8055,skip,,,,triangle_alpha
,,,,,,,,,,,,,,,,,,,,,3,,,0,not_enough_blocks,8056,skip,,,,triangle_alpha
,,,,,,,,,,,,,,,,,,,,,3,,,0,not_enough_blocks,8057,skip,,,,triangle_alpha
,,,,,,,,,,,,,,,,,,,,,3,,,0,not_enough_blocks,8058,skip,,,,triangle_alpha
,,,,,,,,,,,,,,,,,,,,,3,,,0,not_enough_blocks,8059,skip,,,,triangle_alpha
,,,,,,,,,,,,,,,,,,,,,3,,,0,not_enough_blocks,8060,skip,,,,triangle_alpha
,,,,,,,,,,,,,,,,,,,,,3,,,1,not_enough_blocks,8061,skip,,,,triangle_alpha
,,,,,,,,,,,,,,,,,,,,,3,,,0,not_enough_blocks,8062,skip,,,,triangle_alpha
,,,,,,,,,,,,,,,,,,,,,3,,,0,not_enough_blocks,8063,skip,,,,triangle_alpha
,,,,,,,,,,,,,,,,,,,,,3,,,1,not_enough_blocks,8064,skip,,,,triangle_alpha
,,,,,,,,,,,,,,,,,,,,,3,,,0,not_enough_blocks,8065,skip,,,,triangle_alpha
,,,,,,,,,,,,,,,,,,,,,3,,,0,not_enough_blocks,8066,skip,,,,triangle_alpha
,,,,,,,,,,,,,,,,,,,,,3,,,0,not_enough_blocks,8067,skip,,,,triangle_alpha
,,,,,,,,,,,,,,,,,,,,,3,,,0,not_enough_blocks,8068,skip,,,,triangle_alpha
,,,,,,,,,,,,,,,,,,,,,3,,,0,not_enough_blocks,8069,skip,,,,triangle_alpha
,,,,,,,,,,,,,,,,,,,,,3,,,0,not_enough_blocks,8070,skip,,,,triangle_alpha
,,,,,,,,,,,,,,,,,,,,,3,,,0,not_enough_blocks,8071,skip,,,,triangle_alpha
,,,,,,,,,,,,,,,,,,,,,3,,,1,not_enough_blocks,8072,skip,,,,triangle_alpha
,,,,,,,,,,,,,,,,,,,,,3,,,0,not_enough_blocks,8073,skip,,,,triangle_alpha
,,,,,,,,,,,,,,,,,,,,,3,,,0,not_enough_blocks,8074,skip,,,,triangle_alpha
,,,,,,,,,,,,,,,,,,,,,3,,,0,not_enough_blocks,8075,skip,,,,triangle_alpha
,,,,,,,,,,,,,,,,,,,,,3,,,0,not_enough_blocks,8076,skip,,,,triangle_alpha
,,,,,,,,,,,,,,,,,,,,,3,,,1,not_enough_blocks,8077,skip,,,,triangle_alpha
,,,,,,,,,,,,,,,,,,,,,3,,,0,not_enough_blocks,8078,skip,,,,triangle_alpha
,,,,,,,,,,,,,,,,,,,,,3,,,0,not_enough_blocks,8079,skip,,,,triangle_alpha
,,,,,,,,,,,,,,,,,,,,,3,,,0,not_enough_blocks,8080,skip,,,,triangle_alpha
,,,,,,,,,,,,,,,,,,,,,3,,,0,not_enough_blocks,8081,skip,,,,triangle_alpha
,,,,,,,,,,,,,,,,,,,,,3,,,1,not_enough_blocks,8082,skip,,,,triangle_alpha
,,,,,,,,,,,,,,,,,,,,,3,,,1,not_enough_blocks,8083,skip,,,,triangle_alpha
,,,,,,,,,,,,,,,,,,,,,3,,,0,not_enough_blocks,8084,skip,,,,triangle_alpha
,,,,,,,,,,,,,,,,,,,,,3,,,0,not_enough_blocks,8085,skip,,,,triangle_alpha
,,,,,,,,,,,,,,,,,,,,,3,,,1,not_enough_blocks,8086,skip,,,,triangle_alpha
,,,,,,,,,,,,,,,,,,,,,3,,,1,not_enough_blocks,8087,skip,,,,triangle_alpha
,,,,,,,,,,,,,,,,,,,,,3,,,0,not_enough_blocks,8088,skip,,,,triangle_alpha
,,,,,,,,,,,,,,,,,,,,,3,,,0,not_enough_blocks,8089,skip,,,,triangle_alpha
,,,,,,,,,,,,,,,,,,,,,3,,,1,not_enough_blocks,8090,skip,,,,triangle_alpha
,,,,,,,,,,,,,,,,,,,,,3,,,0,not_enough_blocks,8091,skip,,,,triangle_alpha
,,,,,,,,,,,,,,,,,,,,,3,,,0,not_enough_blocks,8092,skip,,,,triangle_alpha
,,,,,,,,,,,,,,,,,,,,,3,,,0,not_enough_blocks,8093,skip,,,,triangle_alpha
,,,,,,,,,,,,,,,,,,,,,3,,,0,not_enough_blocks,8094,skip,,,,triangle_alpha
,,,,,,,,,,,,,,,,,,,,,3,,,0,not_enough_blocks,8095,skip,,,,triangle_alpha
,,,,,,,,,,,,,,,,,,,,,3,,,0,not_enough_blocks,8096,skip,,,,triangle_alpha
,,,,,,,,,,,,,,,,,,,,,3,,,0,not_enough_blocks,8097,skip,,,,triangle_alpha
,,,,,,,,,,,,,,,,,,,,,3,,,0,not_enough_blocks,8098,skip,,,,triangle_alpha
,,,,,,,,,,,,,,,,,,,,,3,,,1,not_enough_blocks,8099,skip,,,,triangle_alpha
,,,,,,,,,,,,,,,,,,,,,3,,,0,not_enough_blocks,8100,skip,,,,triangle_alpha
,,,,,,,,,,,,,,,,,,,,,3,,,0,not_enough_blocks,8101,skip,,,,triangle_alpha
,,,,,,,,,,,,,,,,,,,,,3,,,0,not_enough_blocks,8102,skip,,,,triangle_alpha
,,,,,,,,,,,,,,,,,,,,,3,,,0,not_enough_blocks,8103,skip,,,,triangle_alpha
,,,,,,,,,,,,,,,,,,,,,3,,,0,not_enough_blocks,8104,skip,,,,triangle_alpha
,,,,,,,,,,,,,,,,,,,,,3,,,0,not_enough_blocks,8105,skip,,,,triangle_alpha
,,,,,,,,,,,,,,,,,,,,,3,,,0,not_enough_blocks,8106,skip,,,,triangle_alpha
,,,,,,,,,,,,,,,,,,,,,3,,,0,not_enough_blocks,8107,skip,,,,triangle_alpha
,,,,,,,,,,,,,,,,,,,,,3,,,0,not_enough_blocks,8108,skip,,,,triangle_alpha
,,,,,,,,,,,,,,,,,,,,,3,,,0,not_enough_blocks,8109,skip,,,,triangle_alpha
,,,,,,,,,,,,,,,,,,,,,3,,,0,not_enough_blocks,8110,skip,,,,triangle_alpha
,,,,,,,,,,,,,,,,,,,,,3,,,0,not_enough_blocks,8111,skip,,,,triangle_alpha
,,,,,,,,,,,,,,,,,,,,,3,,,0,not_enough_blocks,8112,skip,,,,triangle_alpha
,,,,,,,,,,,,,,,,,,,,,3,,,0,not_enough_blocks,8113,skip,,,,triangle_alpha
,,,,,,,,,,,,,,,,,,,,,3,,,0,not_enough_blocks,8114,skip,,,,triangle_alpha
,,,,,,,,,,,,,,,,,,,,,3,,,0,not_enough_blocks,8115,skip,,,,triangle_alpha
,,,,,,,,,,,,,,,,,,,,,3,,,0,not_enough_blocks,8116,skip,,,,triangle_alpha
,,,,,,,,,,,,,,,,,,,,,3,,,0,not_enough_blocks,8117,skip,,,,triangle_alpha
,,,,,,,,,,,,,,,,,,,,,3,,,0,not_enough_blocks,8118,skip,,,,triangle_alpha
,,,,,,,,,,,,,,,,,,,,,3,,,0,not_enough_blocks,8119,skip,,,,triangle_alpha
,,,,,,,,,,,,,,,,,,,,,3,,,0,not_enough_blocks,8120,skip,,,,triangle_alpha
,,,,,,,,,,,,,,,,,,,,,3,,,0,not_enough_blocks,8121,skip,,,,triangle_alpha
,,,,,,,,,,,,,,,,,,,,,3,,,0,not_enough_blocks,8122,skip,,,,triangle_alpha
,,,,,,,,,,,,,,,,,,,,,3,,,1,not_enough_blocks,8123,skip,,,,triangle_alpha
,,,,,,,,,,,,,,,,,,,,,3,,,0,not_enough_blocks,8124,skip,,,,triangle_alpha
,,,,,,,,,,,,,,,,,,,,,3,,,1,not_enough_blocks,8125,skip,,,,triangle_alpha
,,,,,,,,,,,,,,,,,,,,,3,,,0,not_enough_blocks,8126,skip,,,,triangle_alpha
,,,,,,,,,,,,,,,,,,,,,3,,,1,not_enough_blocks,8127,skip,,,,triangle_alpha
,,,,,,,,,,,,,,,,,,,,,3,,,0,not_enough_blocks,8128,skip,,,,triangle_alpha
,,,,,,,,,,,,,,,,,,,,,3,,,0,not_enough_blocks,8129,skip,,,,triangle_alpha
,,,,,,,,,,,,,,,,,,,,,3,,,0,not_enough_blocks,8130,skip,,,,triangle_alpha
,,,,,,,,,,,,,,,,,,,,,3,,,1,not_enough_blocks,8131,skip,,,,triangle_alpha
,,,,,,,,,,,,,,,,,,,,,3,,,0,not_enough_blocks,8132,skip,,,,triangle_alpha
,,,,,,,,,,,,,,,,,,,,,3,,,1,not_enough_blocks,8133,skip,,,,triangle_alpha
,,,,,,,,,,,,,,,,,,,,,3,,,0,not_enough_blocks,8134,skip,,,,triangle_alpha
,,,,,,,,,,,,,,,,,,,,,3,,,0,not_enough_blocks,8135,skip,,,,triangle_alpha
,,,,,,,,,,,,,,,,,,,,,3,,,1,not_enough_blocks,8136,skip,,,,triangle_alpha
,,,,,,,,,,,,,,,,,,,,,3,,,1,not_enough_blocks,8137,skip,,,,triangle_alpha
,,,,,,,,,,,,,,,,,,,,,3,,,0,not_enough_blocks,8138,skip,,,,triangle_alpha
,,,,,,,,,,,,,,,,,,,,,3,,,0,not_enough_blocks,8139,skip,,,,triangle_alpha
,,,,,,,,,,,,,,,,,,,,,3,,,1,not_enough_blocks,8140,skip,,,,triangle_alpha
,,,,,,,,,,,,,,,,,,,,,3,,,0,not_enough_blocks,8141,skip,,,,triangle_alpha
,,,,,,,,,,,,,,,,,,,,,3,,,0,not_enough_blocks,8142,skip,,,,triangle_alpha
,,,,,,,,,,,,,,,,,,,,,3,,,0,not_enough_blocks,8143,skip,,,,triangle_alpha
,,,,,,,,,,,,,,,,,,,,,3,,,0,not_enough_blocks,8144,skip,,,,triangle_alpha
,,,,,,,,,,,,,,,,,,,,,3,,,0,not_enough_blocks,8145,skip,,,,triangle_alpha
,,,,,,,,,,,,,,,,,,,,,3,,,0,not_enough_blocks,8146,skip,,,,triangle_alpha
,,,,,,,,,,,,,,,,,,,,,3,,,1,not_enough_blocks,8147,skip,,,,triangle_alpha
,,,,,,,,,,,,,,,,,,,,,3,,,1,not_enough_blocks,8148,skip,,,,triangle_alpha
,,,,,,,,,,,,,,,,,,,,,3,,,0,not_enough_blocks,8149,skip,,,,triangle_alpha
,,,,,,,,,,,,,,,,,,,,,3,,,0,not_enough_blocks,8150,skip,,,,triangle_alpha
,,,,,,,,,,,,,,,,,,,,,3,,,0,not_enough_blocks,8151,skip,,,,triangle_alpha
,,,,,,,,,,,,,,,,,,,,,3,,,0,not_enough_blocks,8152,skip,,,,triangle_alpha
,,,,,,,,,,,,,,,,,,,,,3,,,0,not_enough_blocks,8153,skip,,,,triangle_alpha
,,,,,,,,,,,,,,,,,,,,,3,,,0,not_enough_blocks,8154,skip,,,,triangle_alpha
,,,,,,,,,,,,,,,,,,,,,3,,,0,not_enough_blocks,8155,skip,,,,triangle_alpha
,,,,,,,,,,,,,,,,,,,,,3,,,0,not_enough_blocks,8156,skip,,,,triangle_alpha
,,,,,,,,,,,,,,,,,,,,,3,,,0,not_enough_blocks,8157,skip,,,,triangle_alpha
,,,,,,,,,,,,,,,,,,,,,3,,,0,not_enough_blocks,8158,skip,,,,triangle_alpha
,,,,,,,,,,,,,,,,,,,,,3,,,0,not_enough_blocks,8159,skip,,,,triangle_alpha
,,,,,,,,,,,,,,,,,,,,,3,,,0,not_enough_blocks,8160,skip,,,,triangle_alpha
,,,,,,,,,,,,,,,,,,,,,3,,,0,not_enough_blocks,8161,skip,,,,triangle_alpha
,,,,,,,,,,,,,,,,,,,,,3,,,0,not_enough_blocks,8162,skip,,,,triangle_alpha
,,,,,,,,,,,,,,,,,,,,,3,,,0,not_enough_blocks,8163,skip,,,,triangle_alpha
,,,,,,,,,,,,,,,,,,,,,3,,,0,not_enough_blocks,8164,skip,,,,triangle_alpha
,,,,,,,,,,,,,,,,,,,,,3,,,0,not_enough_blocks,8165,skip,,,,triangle_alpha
,,,,,,,,,,,,,,,,,,,,,3,,,0,not_enough_blocks,8166,skip,,,,triangle_alpha
,,,,,,,,,,,,,,,,,,,,,3,,,1,not_enough_blocks,8167,skip,,,,triangle_alpha
,,,,,,,,,,,,,,,,,,,,,3,,,0,not_enough_blocks,8168,skip,,,,triangle_alpha
,,,,,,,,,,,,,,,,,,,,,3,,,0,not_enough_blocks,8169,skip,,,,triangle_alpha
,,,,,,,,,,,,,,,,,,,,,3,,,0,not_enough_blocks,8170,skip,,,,triangle_alpha
,,,,,,,,,,,,,,,,,,,,,3,,,0,not_enough_blocks,8171,skip,,,,triangle_alpha
,,,,,,,,,,,,,,,,,,,,,3,,,0,not_enough_blocks,8172,skip,,,,triangle_alpha
,,,,,,,,,,,,,,,,,,,,,3,,,0,not_enough_blocks,8173,skip,,,,triangle_alpha
,,,,,,,,,,,,,,,,,,,,,3,,,1,not_enough_blocks,8174,skip,,,,triangle_alpha
,,,,,,,,,,,,,,,,,,,,,3,,,0,not_enough_blocks,8175,skip,,,,triangle_alpha
,,,,,,,,,,,,,,,,,,,,,3,,,0,not_enough_blocks,8176,skip,,,,triangle_alpha
,,,,,,,,,,,,,,,,,,,,,3,,,0,not_enough_blocks,8177,skip,,,,triangle_alpha
,,,,,,,,,,,,,,,,,,,,,3,,,0,not_enough_blocks,8178,skip,,,,triangle_alpha
,,,,,,,,,,,,,,,,,,,,,3,,,0,not_enough_blocks,8179,skip,,,,triangle_alpha
,,,,,,,,,,,,,,,,,,,,,3,,,0,not_enough_blocks,8180,skip,,,,triangle_alpha
,,,,,,,,,,,,,,,,,,,,,3,,,0,not_enough_blocks,8181,skip,,,,triangle_alpha
,,,,,,,,,,,,,,,,,,,,,3,,,0,not_enough_blocks,8182,skip,,,,triangle_alpha
,,,,,,,,,,,,,,,,,,,,,3,,,0,not_enough_blocks,8183,skip,,,,triangle_alpha
,,,,,,,,,,,,,,,,,,,,,3,,,0,not_enough_blocks,8184,skip,,,,triangle_alpha
,,,,,,,,,,,,,,,,,,,,,3,,,0,not_enough_blocks,8185,skip,,,,triangle_alpha
,,,,,,,,,,,,,,,,,,,,,3,,,0,not_enough_blocks,8186,skip,,,,triangle_alpha
,,,,,,,,,,,,,,,,,,,,,3,,,0,not_enough_blocks,8187,skip,,,,triangle_alpha
,,,,,,,,,,,,,,,,,,,,,3,,,0,not_enough_blocks,8188,skip,,,,triangle_alpha
,,,,,,,,,,,,,,,,,,,,,3,,,0,not_enough_blocks,8189,skip,,,,triangle_alpha
,,,,,,,,,,,,,,,,,,,,,3,,,0,not_enough_blocks,8190,skip,,,,triangle_alpha
,,,,,,,,,,,,,,,,,,,,,3,,,0,not_enough_blocks,8191,skip,,,,triangle_alpha
,,,,,,,,,,,,,,,,,,,,,3,,,0,not_enough_blocks,8192,skip,,,,triangle_alpha
,,,,,,,,,,,,,,,,,,,,,3,,,0,not_enough_blocks,8193,skip,,,,triangle_alpha
,,,,,,,,,,,,,,,,,,,,,3,,,0,not_enough_blocks,8194,skip,,,,triangle_alpha
,,,,,,,,,,,,,,,,,,,,,3,,,1,not_enough_blocks,8195,skip,,,,triangle_alpha
,,,,,,,,,,,,,,,,,,,,,3,,,0,not_enough_blocks,8196,skip,,,,triangle_alpha
,,,,,,,,,,,,,,,,,,,,,3,,,0,not_enough_blocks,8197,skip,,,,triangle_alpha
,,,,,,,,,,,,,,,,,,,,,3,,,0,not_enough_blocks,8198,skip,,,,triangle_alpha
,,,,,,,,,,,,,,,,,,,,,3,,,0,not_enough_blocks,8199,skip,,,,triangle_alpha
,,,,,,,,,,,,,,,,,,,,,3,,,0,not_enough_blocks,8200,skip,,,,triangle_alpha
,,,,,,,,,,,,,,,,,,,,,3,,,0,not_enough_blocks,8201,skip,,,,triangle_alpha
,,,,,,,,,,,,,,,,,,,,,3,,,0,not_enough_blocks,8202,skip,,,,triangle_alpha
,,,,,,,,,,,,,,,,,,,,,3,,,0,not_enough_blocks,8203,skip,,,,triangle_alpha
,,,,,,,,,,,,,,,,,,,,,3,,,0,not_enough_blocks,8204,skip,,,,triangle_alpha
,,,,,,,,,,,,,,,,,,,,,3,,,0,not_enough_blocks,8205,skip,,,,triangle_alpha
,,,,,,,,,,,,,,,,,,,,,3,,,0,not_enough_blocks,8206,skip,,,,triangle_alpha
,,,,,,,,,,,,,,,,,,,,,3,,,0,not_enough_blocks,8207,skip,,,,triangle_alpha
,,,,,,,,,,,,,,,,,,,,,3,,,0,not_enough_blocks,8208,skip,,,,triangle_alpha
,,,,,,,,,,,,,,,,,,,,,3,,,0,not_enough_blocks,8209,skip,,,,triangle_alpha
,,,,,,,,,,,,,,,,,,,,,3,,,1,not_enough_blocks,8210,skip,,,,triangle_alpha
,,,,,,,,,,,,,,,,,,,,,3,,,0,not_enough_blocks,8211,skip,,,,triangle_alpha
,,,,,,,,,,,,,,,,,,,,,3,,,0,not_enough_blocks,8212,skip,,,,triangle_alpha
,,,,,,,,,,,,,,,,,,,,,3,,,0,not_enough_blocks,8213,skip,,,,triangle_alpha
,,,,,,,,,,,,,,,,,,,,,3,,,0,not_enough_blocks,8214,skip,,,,triangle_alpha
,,,,,,,,,,,,,,,,,,,,,3,,,1,not_enough_blocks,8215,skip,,,,triangle_alpha
,,,,,,,,,,,,,,,,,,,,,3,,,0,not_enough_blocks,8216,skip,,,,triangle_alpha
,,,,,,,,,,,,,,,,,,,,,3,,,0,not_enough_blocks,8217,skip,,,,triangle_alpha
,,,,,,,,,,,,,,,,,,,,,3,,,0,not_enough_blocks,8218,skip,,,,triangle_alpha
,,,,,,,,,,,,,,,,,,,,,3,,,0,not_enough_blocks,8219,skip,,,,triangle_alpha
,,,,,,,,,,,,,,,,,,,,,3,,,1,not_enough_blocks,8220,skip,,,,triangle_alpha
,,,,,,,,,,,,,,,,,,,,,3,,,1,not_enough_blocks,8221,skip,,,,triangle_alpha
,,,,,,,,,,,,,,,,,,,,,3,,,0,not_enough_blocks,8222,skip,,,,triangle_alpha
,,,,,,,,,,,,,,,,,,,,,3,,,1,not_enough_blocks,8223,skip,,,,triangle_alpha
,,,,,,,,,,,,,,,,,,,,,3,,,0,not_enough_blocks,8224,skip,,,,triangle_alpha
,,,,,,,,,,,,,,,,,,,,,3,,,1,not_enough_blocks,8225,skip,,,,triangle_alpha
,,,,,,,,,,,,,,,,,,,,,3,,,1,not_enough_blocks,8226,skip,,,,triangle_alpha
,,,,,,,,,,,,,,,,,,,,,3,,,0,not_enough_blocks,8227,skip,,,,triangle_alpha
,,,,,,,,,,,,,,,,,,,,,3,,,0,not_enough_blocks,8228,skip,,,,triangle_alpha
,,,,,,,,,,,,,,,,,,,,,3,,,0,not_enough_blocks,8229,skip,,,,triangle_alpha
,,,,,,,,,,,,,,,,,,,,,3,,,0,not_enough_blocks,8230,skip,,,,triangle_alpha
,,,,,,,,,,,,,,,,,,,,,3,,,0,not_enough_blocks,8231,skip,,,,triangle_alpha
,,,,,,,,,,,,,,,,,,,,,3,,,0,not_enough_blocks,8232,skip,,,,triangle_alpha
,,,,,,,,,,,,,,,,,,,,,3,,,0,not_enough_blocks,8233,skip,,,,triangle_alpha
,,,,,,,,,,,,,,,,,,,,,3,,,1,not_enough_blocks,8234,skip,,,,triangle_alpha
,,,,,,,,,,,,,,,,,,,,,3,,,0,not_enough_blocks,8235,skip,,,,triangle_alpha
,,,,,,,,,,,,,,,,,,,,,3,,,0,not_enough_blocks,8236,skip,,,,triangle_alpha
,,,,,,,,,,,,,,,,,,,,,3,,,0,not_enough_blocks,8237,skip,,,,triangle_alpha
,,,,,,,,,,,,,,,,,,,,,3,,,0,not_enough_blocks,8238,skip,,,,triangle_alpha
,,,,,,,,,,,,,,,,,,,,,3,,,0,not_enough_blocks,8239,skip,,,,triangle_alpha
,,,,,,,,,,,,,,,,,,,,,3,,,0,not_enough_blocks,8240,skip,,,,triangle_alpha
,,,,,,,,,,,,,,,,,,,,,3,,,0,not_enough_blocks,8241,skip,,,,triangle_alpha
,,,,,,,,,,,,,,,,,,,,,3,,,0,not_enough_blocks,8242,skip,,,,triangle_alpha
,,,,,,,,,,,,,,,,,,,,,3,,,1,not_enough_blocks,8243,skip,,,,triangle_alpha
,,,,,,,,,,,,,,,,,,,,,3,,,0,not_enough_blocks,8244,skip,,,,triangle_alpha
,,,,,,,,,,,,,,,,,,,,,3,,,0,not_enough_blocks,8245,skip,,,,triangle_alpha
,,,,,,,,,,,,,,,,,,,,,3,,,0,not_enough_blocks,8246,skip,,,,triangle_alpha
,,,,,,,,,,,,,,,,,,,,,3,,,1,not_enough_blocks,8247,skip,,,,triangle_alpha
,,,,,,,,,,,,,,,,,,,,,3,,,0,not_enough_blocks,8248,skip,,,,triangle_alpha
,,,,,,,,,,,,,,,,,,,,,3,,,0,not_enough_blocks,8249,skip,,,,triangle_alpha
,,,,,,,,,,,,,,,,,,,,,3,,,0,not_enough_blocks,8250,skip,,,,triangle_alpha
,,,,,,,,,,,,,,,,,,,,,3,,,0,not_enough_blocks,8251,skip,,,,triangle_alpha
,,,,,,,,,,,,,,,,,,,,,3,,,0,not_enough_blocks,8252,skip,,,,triangle_alpha
,,,,,,,,,,,,,,,,,,,,,3,,,0,not_enough_blocks,8253,skip,,,,triangle_alpha
,,,,,,,,,,,,,,,,,,,,,3,,,0,not_enough_blocks,8254,skip,,,,triangle_alpha
,,,,,,,,,,,,,,,,,,,,,3,,,1,not_enough_blocks,8255,skip,,,,triangle_alpha
,,,,,,,,,,,,,,,,,,,,,3,,,1,not_enough_blocks,8256,skip,,,,triangle_alpha
,,,,,,,,,,,,,,,,,,,,,3,,,0,not_enough_blocks,8257,skip,,,,triangle_alpha
,,,,,,,,,,,,,,,,,,,,,3,,,1,not_enough_blocks,8258,skip,,,,triangle_alpha
,,,,,,,,,,,,,,,,,,,,,3,,,0,not_enough_blocks,8259,skip,,,,triangle_alpha
,,,,,,,,,,,,,,,,,,,,,3,,,0,not_enough_blocks,8260,skip,,,,triangle_alpha
,,,,,,,,,,,,,,,,,,,,,3,,,0,not_enough_blocks,8261,skip,,,,triangle_alpha
,,,,,,,,,,,,,,,,,,,,,3,,,1,not_enough_blocks,8262,skip,,,,triangle_alpha
,,,,,,,,,,,,,,,,,,,,,3,,,0,not_enough_blocks,8263,skip,,,,triangle_alpha
,,,,,,,,,,,,,,,,,,,,,3,,,0,not_enough_blocks,8264,skip,,,,triangle_alpha
,,,,,,,,,,,,,,,,,,,,,3,,,0,not_enough_blocks,8265,skip,,,,triangle_alpha
,,,,,,,,,,,,,,,,,,,,,3,,,1,not_enough_blocks,8266,skip,,,,triangle_alpha
,,,,,,,,,,,,,,,,,,,,,3,,,2,not_enough_blocks,8267,skip,,,,triangle_alpha
,,,,,,,,,,,,,,,,,,,,,3,,,0,not_enough_blocks,8268,skip,,,,triangle_alpha
,,,,,,,,,,,,,,,,,,,,,3,,,0,not_enough_blocks,8269,skip,,,,triangle_alpha
,,,,,,,,,,,,,,,,,,,,,3,,,0,not_enough_blocks,8270,skip,,,,triangle_alpha
,,,,,,,,,,,,,,,,,,,,,3,,,0,not_enough_blocks,8271,skip,,,,triangle_alpha
,,,,,,,,,,,,,,,,,,,,,3,,,0,not_enough_blocks,8272,skip,,,,triangle_alpha
,,,,,,,,,,,,,,,,,,,,,3,,,0,not_enough_blocks,8273,skip,,,,triangle_alpha
,,,,,,,,,,,,,,,,,,,,,3,,,0,not_enough_blocks,8274,skip,,,,triangle_alpha
,,,,,,,,,,,,,,,,,,,,,3,,,0,not_enough_blocks,8275,skip,,,,triangle_alpha
,,,,,,,,,,,,,,,,,,,,,3,,,0,not_enough_blocks,8276,skip,,,,triangle_alpha
,,,,,,,,,,,,,,,,,,,,,3,,,1,not_enough_blocks,8277,skip,,,,triangle_alpha
,,,,,,,,,,,,,,,,,,,,,3,,,1,not_enough_blocks,8278,skip,,,,triangle_alpha
,,,,,,,,,,,,,,,,,,,,,3,,,1,not_enough_blocks,8279,skip,,,,triangle_alpha
,,,,,,,,,,,,,,,,,,,,,3,,,1,not_enough_blocks,8280,skip,,,,triangle_alpha
,,,,,,,,,,,,,,,,,,,,,3,,,2,not_enough_blocks,8281,skip,,,,triangle_alpha
,,,,,,,,,,,,,,,,,,,,,3,,,0,not_enough_blocks,8282,skip,,,,triangle_alpha
,,,,,,,,,,,,,,,,,,,,,3,,,0,not_enough_blocks,8283,skip,,,,triangle_alpha
,,,,,,,,,,,,,,,,,,,,,3,,,0,not_enough_blocks,8284,skip,,,,triangle_alpha
,,,,,,,,,,,,,,,,,,,,,3,,,1,not_enough_blocks,8285,skip,,,,triangle_alpha
,,,,,,,,,,,,,,,,,,,,,3,,,0,not_enough_blocks,8286,skip,,,,triangle_alpha
,,,,,,,,,,,,,,,,,,,,,3,,,0,not_enough_blocks,8287,skip,,,,triangle_alpha
,,,,,,,,,,,,,,,,,,,,,3,,,0,not_enough_blocks,8288,skip,,,,triangle_alpha
,,,,,,,,,,,,,,,,,,,,,3,,,0,not_enough_blocks,8289,skip,,,,triangle_alpha
,,,,,,,,,,,,,,,,,,,,,3,,,0,not_enough_blocks,8290,skip,,,,triangle_alpha
,,,,,,,,,,,,,,,,,,,,,3,,,0,not_enough_blocks,8291,skip,,,,triangle_alpha
,,,,,,,,,,,,,,,,,,,,,3,,,0,not_enough_blocks,8292,skip,,,,triangle_alpha
,,,,,,,,,,,,,,,,,,,,,3,,,0,not_enough_blocks,8293,skip,,,,triangle_alpha
,,,,,,,,,,,,,,,,,,,,,3,,,0,not_enough_blocks,8294,skip,,,,triangle_alpha
,,,,,,,,,,,,,,,,,,,,,3,,,0,not_enough_blocks,8295,skip,,,,triangle_alpha
,,,,,,,,,,,,,,,,,,,,,3,,,0,not_enough_blocks,8296,skip,,,,triangle_alpha
,,,,,,,,,,,,,,,,,,,,,3,,,1,not_enough_blocks,8297,skip,,,,triangle_alpha
,,,,,,,,,,,,,,,,,,,,,3,,,0,not_enough_blocks,8298,skip,,,,triangle_alpha
,,,,,,,,,,,,,,,,,,,,,3,,,0,not_enough_blocks,8299,skip,,,,triangle_alpha
,,,,,,,,,,,,,,,,,,,,,3,,,1,not_enough_blocks,8300,skip,,,,triangle_alpha
,,,,,,,,,,,,,,,,,,,,,3,,,0,not_enough_blocks,8301,skip,,,,triangle_alpha
,,,,,,,,,,,,,,,,,,,,,3,,,0,not_enough_blocks,8302,skip,,,,triangle_alpha
,,,,,,,,,,,,,,,,,,,,,3,,,0,not_enough_blocks,8303,skip,,,,triangle_alpha
,,,,,,,,,,,,,,,,,,,,,3,,,0,not_enough_blocks,8304,skip,,,,triangle_alpha
,,,,,,,,,,,,,,,,,,,,,3,,,0,not_enough_blocks,8305,skip,,,,triangle_alpha
,,,,,,,,,,,,,,,,,,,,,3,,,0,not_enough_blocks,8306,skip,,,,triangle_alpha
,,,,,,,,,,,,,,,,,,,,,3,,,0,not_enough_blocks,8307,skip,,,,triangle_alpha
,,,,,,,,,,,,,,,,,,,,,3,,,0,not_enough_blocks,8308,skip,,,,triangle_alpha
,,,,,,,,,,,,,,,,,,,,,3,,,0,not_enough_blocks,8309,skip,,,,triangle_alpha
,,,,,,,,,,,,,,,,,,,,,3,,,0,not_enough_blocks,8310,skip,,,,triangle_alpha
,,,,,,,,,,,,,,,,,,,,,3,,,0,not_enough_blocks,8311,skip,,,,triangle_alpha
,,,,,,,,,,,,,,,,,,,,,3,,,0,not_enough_blocks,8312,skip,,,,triangle_alpha
,,,,,,,,,,,,,,,,,,,,,3,,,0,not_enough_blocks,8313,skip,,,,triangle_alpha
,,,,,,,,,,,,,,,,,,,,,3,,,0,not_enough_blocks,8314,skip,,,,triangle_alpha
,,,,,,,,,,,,,,,,,,,,,3,,,0,not_enough_blocks,8315,skip,,,,triangle_alpha
,,,,,,,,,,,,,,,,,,,,,3,,,0,not_enough_blocks,8316,skip,,,,triangle_alpha
,,,,,,,,,,,,,,,,,,,,,3,,,0,not_enough_blocks,8317,skip,,,,triangle_alpha
,,,,,,,,,,,,,,,,,,,,,3,,,0,not_enough_blocks,8318,skip,,,,triangle_alpha
,,,,,,,,,,,,,,,,,,,,,3,,,0,not_enough_blocks,8319,skip,,,,triangle_alpha
,,,,,,,,,,,,,,,,,,,,,3,,,0,not_enough_blocks,8320,skip,,,,triangle_alpha
,,,,,,,,,,,,,,,,,,,,,3,,,0,not_enough_blocks,8321,skip,,,,triangle_alpha
,,,,,,,,,,,,,,,,,,,,,3,,,1,not_enough_blocks,8322,skip,,,,triangle_alpha
,,,,,,,,,,,,,,,,,,,,,3,,,0,not_enough_blocks,8323,skip,,,,triangle_alpha
,,,,,,,,,,,,,,,,,,,,,3,,,0,not_enough_blocks,8324,skip,,,,triangle_alpha
,,,,,,,,,,,,,,,,,,,,,3,,,1,not_enough_blocks,8325,skip,,,,triangle_alpha
,,,,,,,,,,,,,,,,,,,,,3,,,0,not_enough_blocks,8326,skip,,,,triangle_alpha
,,,,,,,,,,,,,,,,,,,,,3,,,0,not_enough_blocks,8327,skip,,,,triangle_alpha
,,,,,,,,,,,,,,,,,,,,,3,,,0,not_enough_blocks,8328,skip,,,,triangle_alpha
,,,,,,,,,,,,,,,,,,,,,3,,,0,not_enough_blocks,8329,skip,,,,triangle_alpha
,,,,,,,,,,,,,,,,,,,,,3,,,0,not_enough_blocks,8330,skip,,,,triangle_alpha
,,,,,,,,,,,,,,,,,,,,,3,,,0,not_enough_blocks,8331,skip,,,,triangle_alpha
,,,,,,,,,,,,,,,,,,,,,3,,,0,not_enough_blocks,8332,skip,,,,triangle_alpha
,,,,,,,,,,,,,,,,,,,,,3,,,0,not_enough_blocks,8333,skip,,,,triangle_alpha
,,,,,,,,,,,,,,,,,,,,,3,,,0,not_enough_blocks,8334,skip,,,,triangle_alpha
,,,,,,,,,,,,,,,,,,,,,3,,,0,not_enough_blocks,8335,skip,,,,triangle_alpha
,,,,,,,,,,,,,,,,,,,,,3,,,0,not_enough_blocks,8336,skip,,,,triangle_alpha
,,,,,,,,,,,,,,,,,,,,,3,,,0,not_enough_blocks,8337,skip,,,,triangle_alpha
,,,,,,,,,,,,,,,,,,,,,3,,,0,not_enough_blocks,8338,skip,,,,triangle_alpha
,,,,,,,,,,,,,,,,,,,,,3,,,1,not_enough_blocks,8339,skip,,,,triangle_alpha
,,,,,,,,,,,,,,,,,,,,,3,,,0,not_enough_blocks,8340,skip,,,,triangle_alpha
,,,,,,,,,,,,,,,,,,,,,3,,,0,not_enough_blocks,8341,skip,,,,triangle_alpha
,,,,,,,,,,,,,,,,,,,,,3,,,1,not_enough_blocks,8342,skip,,,,triangle_alpha
,,,,,,,,,,,,,,,,,,,,,3,,,0,not_enough_blocks,8343,skip,,,,triangle_alpha
,,,,,,,,,,,,,,,,,,,,,3,,,0,not_enough_blocks,8344,skip,,,,triangle_alpha
,,,,,,,,,,,,,,,,,,,,,3,,,0,not_enough_blocks,8345,skip,,,,triangle_alpha
,,,,,,,,,,,,,,,,,,,,,3,,,0,not_enough_blocks,8346,skip,,,,triangle_alpha
,,,,,,,,,,,,,,,,,,,,,3,,,1,not_enough_blocks,8347,skip,,,,triangle_alpha
,,,,,,,,,,,,,,,,,,,,,3,,,1,not_enough_blocks,8348,skip,,,,triangle_alpha
,,,,,,,,,,,,,,,,,,,,,3,,,0,not_enough_blocks,8349,skip,,,,triangle_alpha
,,,,,,,,,,,,,,,,,,,,,3,,,0,not_enough_blocks,8350,skip,,,,triangle_alpha
,,,,,,,,,,,,,,,,,,,,,3,,,2,not_enough_blocks,8351,skip,,,,triangle_alpha
,,,,,,,,,,,,,,,,,,,,,3,,,0,not_enough_blocks,8352,skip,,,,triangle_alpha
,,,,,,,,,,,,,,,,,,,,,3,,,0,not_enough_blocks,8353,skip,,,,triangle_alpha
,,,,,,,,,,,,,,,,,,,,,3,,,0,not_enough_blocks,8354,skip,,,,triangle_alpha
,,,,,,,,,,,,,,,,,,,,,3,,,0,not_enough_blocks,8355,skip,,,,triangle_alpha
,,,,,,,,,,,,,,,,,,,,,3,,,0,not_enough_blocks,8356,skip,,,,triangle_alpha
,,,,,,,,,,,,,,,,,,,,,3,,,0,not_enough_blocks,8357,skip,,,,triangle_alpha
,,,,,,,,,,,,,,,,,,,,,3,,,1,not_enough_blocks,8358,skip,,,,triangle_alpha
,,,,,,,,,,,,,,,,,,,,,3,,,0,not_enough_blocks,8359,skip,,,,triangle_alpha
,,,,,,,,,,,,,,,,,,,,,3,,,0,not_enough_blocks,8360,skip,,,,triangle_alpha
,,,,,,,,,,,,,,,,,,,,,3,,,1,not_enough_blocks,8361,skip,,,,triangle_alpha
,,,,,,,,,,,,,,,,,,,,,3,,,1,not_enough_blocks,8362,skip,,,,triangle_alpha
,,,,,,,,,,,,,,,,,,,,,3,,,0,not_enough_blocks,8363,skip,,,,triangle_alpha
,,,,,,,,,,,,,,,,,,,,,3,,,1,not_enough_blocks,8364,skip,,,,triangle_alpha
,,,,,,,,,,,,,,,,,,,,,3,,,2,not_enough_blocks,8365,skip,,,,triangle_alpha
,,,,,,,,,,,,,,,,,,,,,3,,,0,not_enough_blocks,8366,skip,,,,triangle_alpha
,,,,,,,,,,,,,,,,,,,,,3,,,0,not_enough_blocks,8367,skip,,,,triangle_alpha
,,,,,,,,,,,,,,,,,,,,,3,,,1,not_enough_blocks,8368,skip,,,,triangle_alpha
,,,,,,,,,,,,,,,,,,,,,3,,,1,not_enough_blocks,8369,skip,,,,triangle_alpha
,,,,,,,,,,,,,,,,,,,,,3,,,0,not_enough_blocks,8370,skip,,,,triangle_alpha
,,,,,,,,,,,,,,,,,,,,,3,,,0,not_enough_blocks,8371,skip,,,,triangle_alpha
,,,,,,,,,,,,,,,,,,,,,3,,,0,not_enough_blocks,8372,skip,,,,triangle_alpha
,,,,,,,,,,,,,,,,,,,,,3,,,0,not_enough_blocks,8373,skip,,,,triangle_alpha
,,,,,,,,,,,,,,,,,,,,,3,,,0,not_enough_blocks,8374,skip,,,,triangle_alpha
,,,,,,,,,,,,,,,,,,,,,3,,,0,not_enough_blocks,8375,skip,,,,triangle_alpha
,,,,,,,,,,,,,,,,,,,,,3,,,0,not_enough_blocks,8376,skip,,,,triangle_alpha
,,,,,,,,,,,,,,,,,,,,,3,,,0,not_enough_blocks,8377,skip,,,,triangle_alpha
,,,,,,,,,,,,,,,,,,,,,3,,,0,not_enough_blocks,8378,skip,,,,triangle_alpha
,,,,,,,,,,,,,,,,,,,,,3,,,1,not_enough_blocks,8379,skip,,,,triangle_alpha
,,,,,,,,,,,,,,,,,,,,,3,,,0,not_enough_blocks,8380,skip,,,,triangle_alpha
,,,,,,,,,,,,,,,,,,,,,3,,,0,not_enough_blocks,8381,skip,,,,triangle_alpha
,,,,,,,,,,,,,,,,,,,,,3,,,0,not_enough_blocks,8382,skip,,,,triangle_alpha
,,,,,,,,,,,,,,,,,,,,,3,,,0,not_enough_blocks,8383,skip,,,,triangle_alpha
,,,,,,,,,,,,,,,,,,,,,3,,,0,not_enough_blocks,8384,skip,,,,triangle_alpha
,,,,,,,,,,,,,,,,,,,,,3,,,0,not_enough_blocks,8385,skip,,,,triangle_alpha
,,,,,,,,,,,,,,,,,,,,,3,,,0,not_enough_blocks,8386,skip,,,,triangle_alpha
,,,,,,,,,,,,,,,,,,,,,3,,,1,not_enough_blocks,8387,skip,,,,triangle_alpha
,,,,,,,,,,,,,,,,,,,,,3,,,0,not_enough_blocks,8388,skip,,,,triangle_alpha
,,,,,,,,,,,,,,,,,,,,,3,,,0,not_enough_blocks,8389,skip,,,,triangle_alpha
,,,,,,,,,,,,,,,,,,,,,3,,,0,not_enough_blocks,8390,skip,,,,triangle_alpha
,,,,,,,,,,,,,,,,,,,,,3,,,1,not_enough_blocks,8391,skip,,,,triangle_alpha
,,,,,,,,,,,,,,,,,,,,,3,,,0,not_enough_blocks,8392,skip,,,,triangle_alpha
,,,,,,,,,,,,,,,,,,,,,3,,,0,not_enough_blocks,8393,skip,,,,triangle_alpha
,,,,,,,,,,,,,,,,,,,,,3,,,0,not_enough_blocks,8394,skip,,,,triangle_alpha
,,,,,,,,,,,,,,,,,,,,,3,,,0,not_enough_blocks,8395,skip,,,,triangle_alpha
,,,,,,,,,,,,,,,,,,,,,3,,,0,not_enough_blocks,8396,skip,,,,triangle_alpha
,,,,,,,,,,,,,,,,,,,,,3,,,0,not_enough_blocks,8397,skip,,,,triangle_alpha
,,,,,,,,,,,,,,,,,,,,,3,,,0,not_enough_blocks,8398,skip,,,,triangle_alpha
,,,,,,,,,,,,,,,,,,,,,3,,,0,not_enough_blocks,8399,skip,,,,triangle_alpha
,,,,,,,,,,,,,,,,,,,,,3,,,0,not_enough_blocks,8400,skip,,,,triangle_alpha
,,,,,,,,,,,,,,,,,,,,,3,,,0,not_enough_blocks,8401,skip,,,,triangle_alpha
,,,,,,,,,,,,,,,,,,,,,3,,,0,not_enough_blocks,8402,skip,,,,triangle_alpha
,,,,,,,,,,,,,,,,,,,,,3,,,1,not_enough_blocks,8403,skip,,,,triangle_alpha
,,,,,,,,,,,,,,,,,,,,,3,,,0,not_enough_blocks,8404,skip,,,,triangle_alpha
,,,,,,,,,,,,,,,,,,,,,3,,,1,not_enough_blocks,8405,skip,,,,triangle_alpha
,,,,,,,,,,,,,,,,,,,,,3,,,0,not_enough_blocks,8406,skip,,,,triangle_alpha
,,,,,,,,,,,,,,,,,,,,,3,,,0,not_enough_blocks,8407,skip,,,,triangle_alpha
,,,,,,,,,,,,,,,,,,,,,3,,,0,not_enough_blocks,8408,skip,,,,triangle_alpha
,,,,,,,,,,,,,,,,,,,,,3,,,0,not_enough_blocks,8409,skip,,,,triangle_alpha
,,,,,,,,,,,,,,,,,,,,,3,,,0,not_enough_blocks,8410,skip,,,,triangle_alpha
,,,,,,,,,,,,,,,,,,,,,3,,,0,not_enough_blocks,8411,skip,,,,triangle_alpha
,,,,,,,,,,,,,,,,,,,,,3,,,0,not_enough_blocks,8412,skip,,,,triangle_alpha
,,,,,,,,,,,,,,,,,,,,,3,,,0,not_enough_blocks,8413,skip,,,,triangle_alpha
,,,,,,,,,,,,,,,,,,,,,3,,,1,not_enough_blocks,8414,skip,,,,triangle_alpha
,,,,,,,,,,,,,,,,,,,,,3,,,0,not_enough_blocks,8415,skip,,,,triangle_alpha
,,,,,,,,,,,,,,,,,,,,,3,,,0,not_enough_blocks,8416,skip,,,,triangle_alpha
,,,,,,,,,,,,,,,,,,,,,3,,,1,not_enough_blocks,8417,skip,,,,triangle_alpha
,,,,,,,,,,,,,,,,,,,,,3,,,0,not_enough_blocks,8418,skip,,,,triangle_alpha
,,,,,,,,,,,,,,,,,,,,,3,,,1,not_enough_blocks,8419,skip,,,,triangle_alpha
,,,,,,,,,,,,,,,,,,,,,3,,,0,not_enough_blocks,8420,skip,,,,triangle_alpha
,,,,,,,,,,,,,,,,,,,,,3,,,0,not_enough_blocks,8421,skip,,,,triangle_alpha
,,,,,,,,,,,,,,,,,,,,,3,,,1,not_enough_blocks,8422,skip,,,,triangle_alpha
,,,,,,,,,,,,,,,,,,,,,3,,,0,not_enough_blocks,8423,skip,,,,triangle_alpha
,,,,,,,,,,,,,,,,,,,,,3,,,0,not_enough_blocks,8424,skip,,,,triangle_alpha
,,,,,,,,,,,,,,,,,,,,,3,,,0,not_enough_blocks,8425,skip,,,,triangle_alpha
,,,,,,,,,,,,,,,,,,,,,3,,,0,not_enough_blocks,8426,skip,,,,triangle_alpha
,,,,,,,,,,,,,,,,,,,,,3,,,0,not_enough_blocks,8427,skip,,,,triangle_alpha
,,,,,,,,,,,,,,,,,,,,,3,,,0,not_enough_blocks,8428,skip,,,,triangle_alpha
,,,,,,,,,,,,,,,,,,,,,3,,,0,not_enough_blocks,8429,skip,,,,triangle_alpha
,,,,,,,,,,,,,,,,,,,,,3,,,0,not_enough_blocks,8430,skip,,,,triangle_alpha
,,,,,,,,,,,,,,,,,,,,,3,,,0,not_enough_blocks,8431,skip,,,,triangle_alpha
,,,,,,,,,,,,,,,,,,,,,3,,,0,not_enough_blocks,8432,skip,,,,triangle_alpha
,,,,,,,,,,,,,,,,,,,,,3,,,0,not_enough_blocks,8433,skip,,,,triangle_alpha
,,,,,,,,,,,,,,,,,,,,,3,,,0,not_enough_blocks,8434,skip,,,,triangle_alpha
,,,,,,,,,,,,,,,,,,,,,3,,,0,not_enough_blocks,8435,skip,,,,triangle_alpha
,,,,,,,,,,,,,,,,,,,,,3,,,0,not_enough_blocks,8436,skip,,,,triangle_alpha
,,,,,,,,,,,,,,,,,,,,,3,,,0,not_enough_blocks,8437,skip,,,,triangle_alpha
,,,,,,,,,,,,,,,,,,,,,3,,,0,not_enough_blocks,8438,skip,,,,triangle_alpha
,,,,,,,,,,,,,,,,,,,,,3,,,0,not_enough_blocks,8439,skip,,,,triangle_alpha
,,,,,,,,,,,,,,,,,,,,,3,,,0,not_enough_blocks,8440,skip,,,,triangle_alpha
,,,,,,,,,,,,,,,,,,,,,3,,,0,not_enough_blocks,8441,skip,,,,triangle_alpha
,,,,,,,,,,,,,,,,,,,,,3,,,0,not_enough_blocks,8442,skip,,,,triangle_alpha
,,,,,,,,,,,,,,,,,,,,,3,,,0,not_enough_blocks,8443,skip,,,,triangle_alpha
,,,,,,,,,,,,,,,,,,,,,3,,,0,not_enough_blocks,8444,skip,,,,triangle_alpha
,,,,,,,,,,,,,,,,,,,,,3,,,0,not_enough_blocks,8445,skip,,,,triangle_alpha
,,,,,,,,,,,,,,,,,,,,,3,,,0,not_enough_blocks,8446,skip,,,,triangle_alpha
,,,,,,,,,,,,,,,,,,,,,3,,,0,not_enough_blocks,8447,skip,,,,triangle_alpha
,,,,,,,,,,,,,,,,,,,,,3,,,2,not_enough_blocks,8448,skip,,,,triangle_alpha
,,,,,,,,,,,,,,,,,,,,,3,,,1,not_enough_blocks,8449,skip,,,,triangle_alpha
,,,,,,,,,,,,,,,,,,,,,3,,,1,not_enough_blocks,8450,skip,,,,triangle_alpha
,,,,,,,,,,,,,,,,,,,,,3,,,0,not_enough_blocks,8451,skip,,,,triangle_alpha
,,,,,,,,,,,,,,,,,,,,,3,,,0,not_enough_blocks,8452,skip,,,,triangle_alpha
,,,,,,,,,,,,,,,,,,,,,3,,,0,not_enough_blocks,8453,skip,,,,triangle_alpha
,,,,,,,,,,,,,,,,,,,,,3,,,0,not_enough_blocks,8454,skip,,,,triangle_alpha
,,,,,,,,,,,,,,,,,,,,,3,,,2,not_enough_blocks,8455,skip,,,,triangle_alpha
,,,,,,,,,,,,,,,,,,,,,3,,,1,not_enough_blocks,8456,skip,,,,triangle_alpha
,,,,,,,,,,,,,,,,,,,,,3,,,0,not_enough_blocks,8457,skip,,,,triangle_alpha
,,,,,,,,,,,,,,,,,,,,,3,,,0,not_enough_blocks,8458,skip,,,,triangle_alpha
,,,,,,,,,,,,,,,,,,,,,3,,,0,not_enough_blocks,8459,skip,,,,triangle_alpha
,,,,,,,,,,,,,,,,,,,,,3,,,0,not_enough_blocks,8460,skip,,,,triangle_alpha
,,,,,,,,,,,,,,,,,,,,,3,,,0,not_enough_blocks,8461,skip,,,,triangle_alpha
,,,,,,,,,,,,,,,,,,,,,3,,,0,not_enough_blocks,8462,skip,,,,triangle_alpha
,,,,,,,,,,,,,,,,,,,,,3,,,0,not_enough_blocks,8463,skip,,,,triangle_alpha
,,,,,,,,,,,,,,,,,,,,,3,,,0,not_enough_blocks,8464,skip,,,,triangle_alpha
,,,,,,,,,,,,,,,,,,,,,3,,,0,not_enough_blocks,8465,skip,,,,triangle_alpha
,,,,,,,,,,,,,,,,,,,,,3,,,1,not_enough_blocks,8466,skip,,,,triangle_alpha
,,,,,,,,,,,,,,,,,,,,,3,,,1,not_enough_blocks,8467,skip,,,,triangle_alpha
,,,,,,,,,,,,,,,,,,,,,3,,,0,not_enough_blocks,8468,skip,,,,triangle_alpha
,,,,,,,,,,,,,,,,,,,,,3,,,0,not_enough_blocks,8469,skip,,,,triangle_alpha
,,,,,,,,,,,,,,,,,,,,,3,,,0,not_enough_blocks,8470,skip,,,,triangle_alpha
,,,,,,,,,,,,,,,,,,,,,3,,,0,not_enough_blocks,8471,skip,,,,triangle_alpha
,,,,,,,,,,,,,,,,,,,,,3,,,1,not_enough_blocks,8472,skip,,,,triangle_alpha
,,,,,,,,,,,,,,,,,,,,,3,,,1,not_enough_blocks,8473,skip,,,,triangle_alpha
,,,,,,,,,,,,,,,,,,,,,3,,,0,not_enough_blocks,8474,skip,,,,triangle_alpha
,,,,,,,,,,,,,,,,,,,,,3,,,0,not_enough_blocks,8475,skip,,,,triangle_alpha
,,,,,,,,,,,,,,,,,,,,,3,,,0,not_enough_blocks,8476,skip,,,,triangle_alpha
,,,,,,,,,,,,,,,,,,,,,3,,,0,not_enough_blocks,8477,skip,,,,triangle_alpha
,,,,,,,,,,,,,,,,,,,,,3,,,0,not_enough_blocks,8478,skip,,,,triangle_alpha
,,,,,,,,,,,,,,,,,,,,,3,,,0,not_enough_blocks,8479,skip,,,,triangle_alpha
,,,,,,,,,,,,,,,,,,,,,3,,,0,not_enough_blocks,8480,skip,,,,triangle_alpha
,,,,,,,,,,,,,,,,,,,,,3,,,0,not_enough_blocks,8481,skip,,,,triangle_alpha
,,,,,,,,,,,,,,,,,,,,,3,,,0,not_enough_blocks,8482,skip,,,,triangle_alpha
,,,,,,,,,,,,,,,,,,,,,3,,,1,not_enough_blocks,8483,skip,,,,triangle_alpha
,,,,,,,,,,,,,,,,,,,,,3,,,0,not_enough_blocks,8484,skip,,,,triangle_alpha
,,,,,,,,,,,,,,,,,,,,,3,,,0,not_enough_blocks,8485,skip,,,,triangle_alpha
,,,,,,,,,,,,,,,,,,,,,3,,,0,not_enough_blocks,8486,skip,,,,triangle_alpha
,,,,,,,,,,,,,,,,,,,,,3,,,0,not_enough_blocks,8487,skip,,,,triangle_alpha
,,,,,,,,,,,,,,,,,,,,,3,,,0,not_enough_blocks,8488,skip,,,,triangle_alpha
,,,,,,,,,,,,,,,,,,,,,3,,,1,not_enough_blocks,8489,skip,,,,triangle_alpha
,,,,,,,,,,,,,,,,,,,,,3,,,0,not_enough_blocks,8490,skip,,,,triangle_alpha
,,,,,,,,,,,,,,,,,,,,,3,,,0,not_enough_blocks,8491,skip,,,,triangle_alpha
,,,,,,,,,,,,,,,,,,,,,3,,,0,not_enough_blocks,8492,skip,,,,triangle_alpha
,,,,,,,,,,,,,,,,,,,,,3,,,0,not_enough_blocks,8493,skip,,,,triangle_alpha
,,,,,,,,,,,,,,,,,,,,,3,,,0,not_enough_blocks,8494,skip,,,,triangle_alpha
,,,,,,,,,,,,,,,,,,,,,3,,,1,not_enough_blocks,8495,skip,,,,triangle_alpha
,,,,,,,,,,,,,,,,,,,,,3,,,0,not_enough_blocks,8496,skip,,,,triangle_alpha
,,,,,,,,,,,,,,,,,,,,,3,,,0,not_enough_blocks,8497,skip,,,,triangle_alpha
,,,,,,,,,,,,,,,,,,,,,3,,,0,not_enough_blocks,8498,skip,,,,triangle_alpha
,,,,,,,,,,,,,,,,,,,,,3,,,0,not_enough_blocks,8499,skip,,,,triangle_alpha
,,,,,,,,,,,,,,,,,,,,,3,,,0,not_enough_blocks,8500,skip,,,,triangle_alpha
,,,,,,,,,,,,,,,,,,,,,3,,,0,not_enough_blocks,8501,skip,,,,triangle_alpha
,,,,,,,,,,,,,,,,,,,,,3,,,0,not_enough_blocks,8502,skip,,,,triangle_alpha
,,,,,,,,,,,,,,,,,,,,,3,,,0,not_enough_blocks,8503,skip,,,,triangle_alpha
,,,,,,,,,,,,,,,,,,,,,3,,,0,not_enough_blocks,8504,skip,,,,triangle_alpha
,,,,,,,,,,,,,,,,,,,,,3,,,0,not_enough_blocks,8505,skip,,,,triangle_alpha
,,,,,,,,,,,,,,,,,,,,,3,,,0,not_enough_blocks,8506,skip,,,,triangle_alpha
,,,,,,,,,,,,,,,,,,,,,3,,,0,not_enough_blocks,8507,skip,,,,triangle_alpha
,,,,,,,,,,,,,,,,,,,,,3,,,0,not_enough_blocks,8508,skip,,,,triangle_alpha
,,,,,,,,,,,,,,,,,,,,,3,,,0,not_enough_blocks,8509,skip,,,,triangle_alpha
,,,,,,,,,,,,,,,,,,,,,3,,,0,not_enough_blocks,8510,skip,,,,triangle_alpha
,,,,,,,,,,,,,,,,,,,,,3,,,0,not_enough_blocks,8511,skip,,,,triangle_alpha
,,,,,,,,,,,,,,,,,,,,,3,,,0,not_enough_blocks,8512,skip,,,,triangle_alpha
,,,,,,,,,,,,,,,,,,,,,3,,,0,not_enough_blocks,8513,skip,,,,triangle_alpha
,,,,,,,,,,,,,,,,,,,,,3,,,0,not_enough_blocks,8514,skip,,,,triangle_alpha
,,,,,,,,,,,,,,,,,,,,,3,,,0,not_enough_blocks,8515,skip,,,,triangle_alpha
,,,,,,,,,,,,,,,,,,,,,3,,,0,not_enough_blocks,8516,skip,,,,triangle_alpha
,,,,,,,,,,,,,,,,,,,,,3,,,0,not_enough_blocks,8517,skip,,,,triangle_alpha
,,,,,,,,,,,,,,,,,,,,,3,,,0,not_enough_blocks,8518,skip,,,,triangle_alpha
,,,,,,,,,,,,,,,,,,,,,3,,,0,not_enough_blocks,8519,skip,,,,triangle_alpha
,,,,,,,,,,,,,,,,,,,,,3,,,0,not_enough_blocks,8520,skip,,,,triangle_alpha
,,,,,,,,,,,,,,,,,,,,,3,,,0,not_enough_blocks,8521,skip,,,,triangle_alpha
,,,,,,,,,,,,,,,,,,,,,3,,,0,not_enough_blocks,8522,skip,,,,triangle_alpha
,,,,,,,,,,,,,,,,,,,,,3,,,0,not_enough_blocks,8523,skip,,,,triangle_alpha
,,,,,,,,,,,,,,,,,,,,,3,,,1,not_enough_blocks,8524,skip,,,,triangle_alpha
,,,,,,,,,,,,,,,,,,,,,3,,,0,not_enough_blocks,8525,skip,,,,triangle_alpha
,,,,,,,,,,,,,,,,,,,,,3,,,0,not_enough_blocks,8526,skip,,,,triangle_alpha
,,,,,,,,,,,,,,,,,,,,,3,,,0,not_enough_blocks,8527,skip,,,,triangle_alpha
,,,,,,,,,,,,,,,,,,,,,3,,,0,not_enough_blocks,8528,skip,,,,triangle_alpha
,,,,,,,,,,,,,,,,,,,,,3,,,0,not_enough_blocks,8529,skip,,,,triangle_alpha
,,,,,,,,,,,,,,,,,,,,,3,,,0,not_enough_blocks,8530,skip,,,,triangle_alpha
,,,,,,,,,,,,,,,,,,,,,3,,,0,not_enough_blocks,8531,skip,,,,triangle_alpha
,,,,,,,,,,,,,,,,,,,,,3,,,0,not_enough_blocks,8532,skip,,,,triangle_alpha
,,,,,,,,,,,,,,,,,,,,,3,,,1,not_enough_blocks,8533,skip,,,,triangle_alpha
,,,,,,,,,,,,,,,,,,,,,3,,,0,not_enough_blocks,8534,skip,,,,triangle_alpha
,,,,,,,,,,,,,,,,,,,,,3,,,0,not_enough_blocks,8535,skip,,,,triangle_alpha
,,,,,,,,,,,,,,,,,,,,,3,,,1,not_enough_blocks,8536,skip,,,,triangle_alpha
,,,,,,,,,,,,,,,,,,,,,3,,,0,not_enough_blocks,8537,skip,,,,triangle_alpha
,,,,,,,,,,,,,,,,,,,,,3,,,0,not_enough_blocks,8538,skip,,,,triangle_alpha
,,,,,,,,,,,,,,,,,,,,,3,,,1,not_enough_blocks,8539,skip,,,,triangle_alpha
,,,,,,,,,,,,,,,,,,,,,3,,,0,not_enough_blocks,8540,skip,,,,triangle_alpha
,,,,,,,,,,,,,,,,,,,,,3,,,0,not_enough_blocks,8541,skip,,,,triangle_alpha
,,,,,,,,,,,,,,,,,,,,,3,,,0,not_enough_blocks,8542,skip,,,,triangle_alpha
,,,,,,,,,,,,,,,,,,,,,3,,,1,not_enough_blocks,8543,skip,,,,triangle_alpha
,,,,,,,,,,,,,,,,,,,,,3,,,1,not_enough_blocks,8544,skip,,,,triangle_alpha
,,,,,,,,,,,,,,,,,,,,,3,,,0,not_enough_blocks,8545,skip,,,,triangle_alpha
,,,,,,,,,,,,,,,,,,,,,3,,,2,not_enough_blocks,8546,skip,,,,triangle_alpha
,,,,,,,,,,,,,,,,,,,,,3,,,0,not_enough_blocks,8547,skip,,,,triangle_alpha
,,,,,,,,,,,,,,,,,,,,,3,,,0,not_enough_blocks,8548,skip,,,,triangle_alpha
,,,,,,,,,,,,,,,,,,,,,3,,,1,not_enough_blocks,8549,skip,,,,triangle_alpha
,,,,,,,,,,,,,,,,,,,,,3,,,2,not_enough_blocks,8550,skip,,,,triangle_alpha
,,,,,,,,,,,,,,,,,,,,,3,,,0,not_enough_blocks,8551,skip,,,,triangle_alpha
,,,,,,,,,,,,,,,,,,,,,3,,,0,not_enough_blocks,8552,skip,,,,triangle_alpha
,,,,,,,,,,,,,,,,,,,,,3,,,0,not_enough_blocks,8553,skip,,,,triangle_alpha
,,,,,,,,,,,,,,,,,,,,,3,,,0,not_enough_blocks,8554,skip,,,,triangle_alpha
,,,,,,,,,,,,,,,,,,,,,3,,,0,not_enough_blocks,8555,skip,,,,triangle_alpha
,,,,,,,,,,,,,,,,,,,,,3,,,0,not_enough_blocks,8556,skip,,,,triangle_alpha
,,,,,,,,,,,,,,,,,,,,,3,,,0,not_enough_blocks,8557,skip,,,,triangle_alpha
,,,,,,,,,,,,,,,,,,,,,3,,,0,not_enough_blocks,8558,skip,,,,triangle_alpha
,,,,,,,,,,,,,,,,,,,,,3,,,0,not_enough_blocks,8559,skip,,,,triangle_alpha
,,,,,,,,,,,,,,,,,,,,,3,,,0,not_enough_blocks,8560,skip,,,,triangle_alpha
,,,,,,,,,,,,,,,,,,,,,3,,,0,not_enough_blocks,8561,skip,,,,triangle_alpha
,,,,,,,,,,,,,,,,,,,,,3,,,0,not_enough_blocks,8562,skip,,,,triangle_alpha
,,,,,,,,,,,,,,,,,,,,,3,,,0,not_enough_blocks,8563,skip,,,,triangle_alpha
,,,,,,,,,,,,,,,,,,,,,3,,,0,not_enough_blocks,8564,skip,,,,triangle_alpha
,,,,,,,,,,,,,,,,,,,,,3,,,0,not_enough_blocks,8565,skip,,,,triangle_alpha
,,,,,,,,,,,,,,,,,,,,,3,,,0,not_enough_blocks,8566,skip,,,,triangle_alpha
,,,,,,,,,,,,,,,,,,,,,3,,,0,not_enough_blocks,8567,skip,,,,triangle_alpha
,,,,,,,,,,,,,,,,,,,,,3,,,0,not_enough_blocks,8568,skip,,,,triangle_alpha
,,,,,,,,,,,,,,,,,,,,,3,,,0,not_enough_blocks,8569,skip,,,,triangle_alpha
,,,,,,,,,,,,,,,,,,,,,3,,,1,not_enough_blocks,8570,skip,,,,triangle_alpha
,,,,,,,,,,,,,,,,,,,,,3,,,1,not_enough_blocks,8571,skip,,,,triangle_alpha
,,,,,,,,,,,,,,,,,,,,,3,,,2,not_enough_blocks,8572,skip,,,,triangle_alpha
,,,,,,,,,,,,,,,,,,,,,3,,,0,not_enough_blocks,8573,skip,,,,triangle_alpha
,,,,,,,,,,,,,,,,,,,,,3,,,0,not_enough_blocks,8574,skip,,,,triangle_alpha
,,,,,,,,,,,,,,,,,,,,,3,,,1,not_enough_blocks,8575,skip,,,,triangle_alpha
,,,,,,,,,,,,,,,,,,,,,3,,,0,not_enough_blocks,8576,skip,,,,triangle_alpha
,,,,,,,,,,,,,,,,,,,,,3,,,0,not_enough_blocks,8577,skip,,,,triangle_alpha
,,,,,,,,,,,,,,,,,,,,,3,,,0,not_enough_blocks,8578,skip,,,,triangle_alpha
,,,,,,,,,,,,,,,,,,,,,3,,,0,not_enough_blocks,8579,skip,,,,triangle_alpha
,,,,,,,,,,,,,,,,,,,,,3,,,0,not_enough_blocks,8580,skip,,,,triangle_alpha
,,,,,,,,,,,,,,,,,,,,,3,,,0,not_enough_blocks,8581,skip,,,,triangle_alpha
,,,,,,,,,,,,,,,,,,,,,3,,,0,not_enough_blocks,8582,skip,,,,triangle_alpha
,,,,,,,,,,,,,,,,,,,,,3,,,0,not_enough_blocks,8583,skip,,,,triangle_alpha
,,,,,,,,,,,,,,,,,,,,,3,,,0,not_enough_blocks,8584,skip,,,,triangle_alpha
,,,,,,,,,,,,,,,,,,,,,3,,,0,not_enough_blocks,8585,skip,,,,triangle_alpha
,,,,,,,,,,,,,,,,,,,,,3,,,0,not_enough_blocks,8586,skip,,,,triangle_alpha
,,,,,,,,,,,,,,,,,,,,,3,,,0,not_enough_blocks,8587,skip,,,,triangle_alpha
,,,,,,,,,,,,,,,,,,,,,3,,,0,not_enough_blocks,8588,skip,,,,triangle_alpha
,,,,,,,,,,,,,,,,,,,,,3,,,1,not_enough_blocks,8589,skip,,,,triangle_alpha
,,,,,,,,,,,,,,,,,,,,,3,,,0,not_enough_blocks,8590,skip,,,,triangle_alpha
,,,,,,,,,,,,,,,,,,,,,3,,,1,not_enough_blocks,8591,skip,,,,triangle_alpha
,,,,,,,,,,,,,,,,,,,,,3,,,0,not_enough_blocks,8592,skip,,,,triangle_alpha
,,,,,,,,,,,,,,,,,,,,,3,,,1,not_enough_blocks,8593,skip,,,,triangle_alpha
,,,,,,,,,,,,,,,,,,,,,3,,,0,not_enough_blocks,8594,skip,,,,triangle_alpha
,,,,,,,,,,,,,,,,,,,,,3,,,0,not_enough_blocks,8595,skip,,,,triangle_alpha
,,,,,,,,,,,,,,,,,,,,,3,,,1,not_enough_blocks,8596,skip,,,,triangle_alpha
,,,,,,,,,,,,,,,,,,,,,3,,,0,not_enough_blocks,8597,skip,,,,triangle_alpha
,,,,,,,,,,,,,,,,,,,,,3,,,0,not_enough_blocks,8598,skip,,,,triangle_alpha
,,,,,,,,,,,,,,,,,,,,,3,,,0,not_enough_blocks,8599,skip,,,,triangle_alpha
,,,,,,,,,,,,,,,,,,,,,3,,,1,not_enough_blocks,8600,skip,,,,triangle_alpha
,,,,,,,,,,,,,,,,,,,,,3,,,2,not_enough_blocks,8601,skip,,,,triangle_alpha
,,,,,,,,,,,,,,,,,,,,,3,,,0,not_enough_blocks,8602,skip,,,,triangle_alpha
,,,,,,,,,,,,,,,,,,,,,3,,,1,not_enough_blocks,8603,skip,,,,triangle_alpha
,,,,,,,,,,,,,,,,,,,,,3,,,0,not_enough_blocks,8604,skip,,,,triangle_alpha
,,,,,,,,,,,,,,,,,,,,,3,,,0,not_enough_blocks,8605,skip,,,,triangle_alpha
,,,,,,,,,,,,,,,,,,,,,3,,,1,not_enough_blocks,8606,skip,,,,triangle_alpha
,,,,,,,,,,,,,,,,,,,,,3,,,0,not_enough_blocks,8607,skip,,,,triangle_alpha
,,,,,,,,,,,,,,,,,,,,,3,,,0,not_enough_blocks,8608,skip,,,,triangle_alpha
,,,,,,,,,,,,,,,,,,,,,3,,,0,not_enough_blocks,8609,skip,,,,triangle_alpha
,,,,,,,,,,,,,,,,,,,,,3,,,0,not_enough_blocks,8610,skip,,,,triangle_alpha
,,,,,,,,,,,,,,,,,,,,,3,,,2,not_enough_blocks,8611,skip,,,,triangle_alpha
,,,,,,,,,,,,,,,,,,,,,3,,,0,not_enough_blocks,8612,skip,,,,triangle_alpha
,,,,,,,,,,,,,,,,,,,,,3,,,0,not_enough_blocks,8613,skip,,,,triangle_alpha
,,,,,,,,,,,,,,,,,,,,,3,,,0,not_enough_blocks,8614,skip,,,,triangle_alpha
,,,,,,,,,,,,,,,,,,,,,3,,,0,not_enough_blocks,8615,skip,,,,triangle_alpha
,,,,,,,,,,,,,,,,,,,,,3,,,0,not_enough_blocks,8616,skip,,,,triangle_alpha
,,,,,,,,,,,,,,,,,,,,,3,,,0,not_enough_blocks,8617,skip,,,,triangle_alpha
,,,,,,,,,,,,,,,,,,,,,3,,,0,not_enough_blocks,8618,skip,,,,triangle_alpha
,,,,,,,,,,,,,,,,,,,,,3,,,0,not_enough_blocks,8619,skip,,,,triangle_alpha
,,,,,,,,,,,,,,,,,,,,,3,,,0,not_enough_blocks,8620,skip,,,,triangle_alpha
,,,,,,,,,,,,,,,,,,,,,3,,,0,not_enough_blocks,8621,skip,,,,triangle_alpha
,,,,,,,,,,,,,,,,,,,,,3,,,0,not_enough_blocks,8622,skip,,,,triangle_alpha
,,,,,,,,,,,,,,,,,,,,,3,,,0,not_enough_blocks,8623,skip,,,,triangle_alpha
,,,,,,,,,,,,,,,,,,,,,3,,,0,not_enough_blocks,8624,skip,,,,triangle_alpha
,,,,,,,,,,,,,,,,,,,,,3,,,1,not_enough_blocks,8625,skip,,,,triangle_alpha
,,,,,,,,,,,,,,,,,,,,,3,,,0,not_enough_blocks,8626,skip,,,,triangle_alpha
,,,,,,,,,,,,,,,,,,,,,3,,,0,not_enough_blocks,8627,skip,,,,triangle_alpha
,,,,,,,,,,,,,,,,,,,,,3,,,0,not_enough_blocks,8628,skip,,,,triangle_alpha
,,,,,,,,,,,,,,,,,,,,,3,,,2,not_enough_blocks,8629,skip,,,,triangle_alpha
,,,,,,,,,,,,,,,,,,,,,3,,,1,not_enough_blocks,8630,skip,,,,triangle_alpha
,,,,,,,,,,,,,,,,,,,,,3,,,0,not_enough_blocks,8631,skip,,,,triangle_alpha
,,,,,,,,,,,,,,,,,,,,,3,,,0,not_enough_blocks,8632,skip,,,,triangle_alpha
,,,,,,,,,,,,,,,,,,,,,3,,,0,not_enough_blocks,8633,skip,,,,triangle_alpha
,,,,,,,,,,,,,,,,,,,,,3,,,0,not_enough_blocks,8634,skip,,,,triangle_alpha
,,,,,,,,,,,,,,,,,,,,,3,,,0,not_enough_blocks,8635,skip,,,,triangle_alpha
,,,,,,,,,,,,,,,,,,,,,3,,,0,not_enough_blocks,8636,skip,,,,triangle_alpha
,,,,,,,,,,,,,,,,,,,,,3,,,0,not_enough_blocks,8637,skip,,,,triangle_alpha
,,,,,,,,,,,,,,,,,,,,,3,,,0,not_enough_blocks,8638,skip,,,,triangle_alpha
,,,,,,,,,,,,,,,,,,,,,3,,,0,not_enough_blocks,8639,skip,,,,triangle_alpha
,,,,,,,,,,,,,,,,,,,,,3,,,0,not_enough_blocks,8640,skip,,,,triangle_alpha
,,,,,,,,,,,,,,,,,,,,,3,,,0,not_enough_blocks,8641,skip,,,,triangle_alpha
,,,,,,,,,,,,,,,,,,,,,3,,,1,not_enough_blocks,8642,skip,,,,triangle_alpha
,,,,,,,,,,,,,,,,,,,,,3,,,0,not_enough_blocks,8643,skip,,,,triangle_alpha
,,,,,,,,,,,,,,,,,,,,,3,,,0,not_enough_blocks,8644,skip,,,,triangle_alpha
,,,,,,,,,,,,,,,,,,,,,3,,,2,not_enough_blocks,8645,skip,,,,triangle_alpha
,,,,,,,,,,,,,,,,,,,,,3,,,0,not_enough_blocks,8646,skip,,,,triangle_alpha
,,,,,,,,,,,,,,,,,,,,,3,,,0,not_enough_blocks,8647,skip,,,,triangle_alpha
,,,,,,,,,,,,,,,,,,,,,3,,,0,not_enough_blocks,8648,skip,,,,triangle_alpha
,,,,,,,,,,,,,,,,,,,,,3,,,0,not_enough_blocks,8649,skip,,,,triangle_alpha
,,,,,,,,,,,,,,,,,,,,,3,,,1,not_enough_blocks,8650,skip,,,,triangle_alpha
,,,,,,,,,,,,,,,,,,,,,3,,,0,not_enough_blocks,8651,skip,,,,triangle_alpha
,,,,,,,,,,,,,,,,,,,,,3,,,0,not_enough_blocks,8652,skip,,,,triangle_alpha
,,,,,,,,,,,,,,,,,,,,,3,,,0,not_enough_blocks,8653,skip,,,,triangle_alpha
,,,,,,,,,,,,,,,,,,,,,3,,,0,not_enough_blocks,8654,skip,,,,triangle_alpha
,,,,,,,,,,,,,,,,,,,,,3,,,1,not_enough_blocks,8655,skip,,,,triangle_alpha
,,,,,,,,,,,,,,,,,,,,,3,,,0,not_enough_blocks,8656,skip,,,,triangle_alpha
,,,,,,,,,,,,,,,,,,,,,3,,,0,not_enough_blocks,8657,skip,,,,triangle_alpha
,,,,,,,,,,,,,,,,,,,,,3,,,0,not_enough_blocks,8658,skip,,,,triangle_alpha
,,,,,,,,,,,,,,,,,,,,,3,,,0,not_enough_blocks,8659,skip,,,,triangle_alpha
,,,,,,,,,,,,,,,,,,,,,3,,,0,not_enough_blocks,8660,skip,,,,triangle_alpha
,,,,,,,,,,,,,,,,,,,,,3,,,0,not_enough_blocks,8661,skip,,,,triangle_alpha
,,,,,,,,,,,,,,,,,,,,,3,,,0,not_enough_blocks,8662,skip,,,,triangle_alpha
,,,,,,,,,,,,,,,,,,,,,3,,,0,not_enough_blocks,8663,skip,,,,triangle_alpha
,,,,,,,,,,,,,,,,,,,,,3,,,1,not_enough_blocks,8664,skip,,,,triangle_alpha
,,,,,,,,,,,,,,,,,,,,,3,,,0,not_enough_blocks,8665,skip,,,,triangle_alpha
,,,,,,,,,,,,,,,,,,,,,3,,,0,not_enough_blocks,8666,skip,,,,triangle_alpha
,,,,,,,,,,,,,,,,,,,,,3,,,0,not_enough_blocks,8667,skip,,,,triangle_alpha
,,,,,,,,,,,,,,,,,,,,,3,,,0,not_enough_blocks,8668,skip,,,,triangle_alpha
,,,,,,,,,,,,,,,,,,,,,3,,,0,not_enough_blocks,8669,skip,,,,triangle_alpha
,,,,,,,,,,,,,,,,,,,,,3,,,0,not_enough_blocks,8670,skip,,,,triangle_alpha
,,,,,,,,,,,,,,,,,,,,,3,,,0,not_enough_blocks,8671,skip,,,,triangle_alpha
,,,,,,,,,,,,,,,,,,,,,3,,,0,not_enough_blocks,8672,skip,,,,triangle_alpha
,,,,,,,,,,,,,,,,,,,,,3,,,0,not_enough_blocks,8673,skip,,,,triangle_alpha
,,,,,,,,,,,,,,,,,,,,,3,,,0,not_enough_blocks,8674,skip,,,,triangle_alpha
,,,,,,,,,,,,,,,,,,,,,3,,,0,not_enough_blocks,8675,skip,,,,triangle_alpha
,,,,,,,,,,,,,,,,,,,,,3,,,0,not_enough_blocks,8676,skip,,,,triangle_alpha
,,,,,,,,,,,,,,,,,,,,,3,,,0,not_enough_blocks,8677,skip,,,,triangle_alpha
,,,,,,,,,,,,,,,,,,,,,3,,,0,not_enough_blocks,8678,skip,,,,triangle_alpha
,,,,,,,,,,,,,,,,,,,,,3,,,1,not_enough_blocks,8679,skip,,,,triangle_alpha
,,,,,,,,,,,,,,,,,,,,,3,,,0,not_enough_blocks,8680,skip,,,,triangle_alpha
,,,,,,,,,,,,,,,,,,,,,3,,,0,not_enough_blocks,8681,skip,,,,triangle_alpha
,,,,,,,,,,,,,,,,,,,,,3,,,0,not_enough_blocks,8682,skip,,,,triangle_alpha
,,,,,,,,,,,,,,,,,,,,,3,,,0,not_enough_blocks,8683,skip,,,,triangle_alpha
,,,,,,,,,,,,,,,,,,,,,3,,,0,not_enough_blocks,8684,skip,,,,triangle_alpha
,,,,,,,,,,,,,,,,,,,,,3,,,0,not_enough_blocks,8685,skip,,,,triangle_alpha
,,,,,,,,,,,,,,,,,,,,,3,,,1,not_enough_blocks,8686,skip,,,,triangle_alpha
,,,,,,,,,,,,,,,,,,,,,3,,,0,not_enough_blocks,8687,skip,,,,triangle_alpha
,,,,,,,,,,,,,,,,,,,,,3,,,0,not_enough_blocks,8688,skip,,,,triangle_alpha
,,,,,,,,,,,,,,,,,,,,,3,,,0,not_enough_blocks,8689,skip,,,,triangle_alpha
,,,,,,,,,,,,,,,,,,,,,3,,,0,not_enough_blocks,8690,skip,,,,triangle_alpha
,,,,,,,,,,,,,,,,,,,,,3,,,0,not_enough_blocks,8691,skip,,,,triangle_alpha
,,,,,,,,,,,,,,,,,,,,,3,,,0,not_enough_blocks,8692,skip,,,,triangle_alpha
,,,,,,,,,,,,,,,,,,,,,3,,,0,not_enough_blocks,8693,skip,,,,triangle_alpha
,,,,,,,,,,,,,,,,,,,,,3,,,0,not_enough_blocks,8694,skip,,,,triangle_alpha
,,,,,,,,,,,,,,,,,,,,,3,,,1,not_enough_blocks,8695,skip,,,,triangle_alpha
,,,,,,,,,,,,,,,,,,,,,3,,,0,not_enough_blocks,8696,skip,,,,triangle_alpha
,,,,,,,,,,,,,,,,,,,,,3,,,0,not_enough_blocks,8697,skip,,,,triangle_alpha
,,,,,,,,,,,,,,,,,,,,,3,,,0,not_enough_blocks,8698,skip,,,,triangle_alpha
,,,,,,,,,,,,,,,,,,,,,3,,,0,not_enough_blocks,8699,skip,,,,triangle_alpha
,,,,,,,,,,,,,,,,,,,,,3,,,0,not_enough_blocks,8700,skip,,,,triangle_alpha
,,,,,,,,,,,,,,,,,,,,,3,,,0,not_enough_blocks,8701,skip,,,,triangle_alpha
,,,,,,,,,,,,,,,,,,,,,3,,,0,not_enough_blocks,8702,skip,,,,triangle_alpha
,,,,,,,,,,,,,,,,,,,,,3,,,0,not_enough_blocks,8703,skip,,,,triangle_alpha
,,,,,,,,,,,,,,,,,,,,,3,,,0,not_enough_blocks,8704,skip,,,,triangle_alpha
,,,,,,,,,,,,,,,,,,,,,3,,,0,not_enough_blocks,8705,skip,,,,triangle_alpha
,,,,,,,,,,,,,,,,,,,,,3,,,1,not_enough_blocks,8706,skip,,,,triangle_alpha
,,,,,,,,,,,,,,,,,,,,,3,,,0,not_enough_blocks,8707,skip,,,,triangle_alpha
,,,,,,,,,,,,,,,,,,,,,3,,,0,not_enough_blocks,8708,skip,,,,triangle_alpha
,,,,,,,,,,,,,,,,,,,,,3,,,0,not_enough_blocks,8709,skip,,,,triangle_alpha
,,,,,,,,,,,,,,,,,,,,,3,,,0,not_enough_blocks,8710,skip,,,,triangle_alpha
,,,,,,,,,,,,,,,,,,,,,3,,,1,not_enough_blocks,8711,skip,,,,triangle_alpha
,,,,,,,,,,,,,,,,,,,,,3,,,0,not_enough_blocks,8712,skip,,,,triangle_alpha
,,,,,,,,,,,,,,,,,,,,,3,,,0,not_enough_blocks,8713,skip,,,,triangle_alpha
,,,,,,,,,,,,,,,,,,,,,3,,,0,not_enough_blocks,8714,skip,,,,triangle_alpha
,,,,,,,,,,,,,,,,,,,,,3,,,0,not_enough_blocks,8715,skip,,,,triangle_alpha
,,,,,,,,,,,,,,,,,,,,,3,,,0,not_enough_blocks,8716,skip,,,,triangle_alpha
,,,,,,,,,,,,,,,,,,,,,3,,,1,not_enough_blocks,8717,skip,,,,triangle_alpha
,,,,,,,,,,,,,,,,,,,,,3,,,0,not_enough_blocks,8718,skip,,,,triangle_alpha
,,,,,,,,,,,,,,,,,,,,,3,,,0,not_enough_blocks,8719,skip,,,,triangle_alpha
,,,,,,,,,,,,,,,,,,,,,3,,,0,not_enough_blocks,8720,skip,,,,triangle_alpha
,,,,,,,,,,,,,,,,,,,,,3,,,0,not_enough_blocks,8721,skip,,,,triangle_alpha
,,,,,,,,,,,,,,,,,,,,,3,,,0,not_enough_blocks,8722,skip,,,,triangle_alpha
,,,,,,,,,,,,,,,,,,,,,3,,,0,not_enough_blocks,8723,skip,,,,triangle_alpha
,,,,,,,,,,,,,,,,,,,,,3,,,0,not_enough_blocks,8724,skip,,,,triangle_alpha
,,,,,,,,,,,,,,,,,,,,,3,,,0,not_enough_blocks,8725,skip,,,,triangle_alpha
,,,,,,,,,,,,,,,,,,,,,3,,,0,not_enough_blocks,8726,skip,,,,triangle_alpha
,,,,,,,,,,,,,,,,,,,,,3,,,0,not_enough_blocks,8727,skip,,,,triangle_alpha
,,,,,,,,,,,,,,,,,,,,,3,,,0,not_enough_blocks,8728,skip,,,,triangle_alpha
,,,,,,,,,,,,,,,,,,,,,3,,,0,not_enough_blocks,8729,skip,,,,triangle_alpha
,,,,,,,,,,,,,,,,,,,,,3,,,0,not_enough_blocks,8730,skip,,,,triangle_alpha
,,,,,,,,,,,,,,,,,,,,,3,,,0,not_enough_blocks,8731,skip,,,,triangle_alpha
,,,,,,,,,,,,,,,,,,,,,3,,,0,not_enough_blocks,8732,skip,,,,triangle_alpha
,,,,,,,,,,,,,,,,,,,,,3,,,0,not_enough_blocks,8733,skip,,,,triangle_alpha
,,,,,,,,,,,,,,,,,,,,,3,,,0,not_enough_blocks,8734,skip,,,,triangle_alpha
,,,,,,,,,,,,,,,,,,,,,3,,,0,not_enough_blocks,8735,skip,,,,triangle_alpha
,,,,,,,,,,,,,,,,,,,,,3,,,0,not_enough_blocks,8736,skip,,,,triangle_alpha
,,,,,,,,,,,,,,,,,,,,,3,,,1,not_enough_blocks,8737,skip,,,,triangle_alpha
,,,,,,,,,,,,,,,,,,,,,3,,,1,not_enough_blocks,8738,skip,,,,triangle_alpha
,,,,,,,,,,,,,,,,,,,,,3,,,1,not_enough_blocks,8739,skip,,,,triangle_alpha
,,,,,,,,,,,,,,,,,,,,,3,,,0,not_enough_blocks,8740,skip,,,,triangle_alpha
,,,,,,,,,,,,,,,,,,,,,3,,,0,not_enough_blocks,8741,skip,,,,triangle_alpha
,,,,,,,,,,,,,,,,,,,,,3,,,0,not_enough_blocks,8742,skip,,,,triangle_alpha
,,,,,,,,,,,,,,,,,,,,,3,,,0,not_enough_blocks,8743,skip,,,,triangle_alpha
,,,,,,,,,,,,,,,,,,,,,3,,,0,not_enough_blocks,8744,skip,,,,triangle_alpha
,,,,,,,,,,,,,,,,,,,,,3,,,1,not_enough_blocks,8745,skip,,,,triangle_alpha
,,,,,,,,,,,,,,,,,,,,,3,,,0,not_enough_blocks,8746,skip,,,,triangle_alpha
,,,,,,,,,,,,,,,,,,,,,3,,,0,not_enough_blocks,8747,skip,,,,triangle_alpha
,,,,,,,,,,,,,,,,,,,,,3,,,0,not_enough_blocks,8748,skip,,,,triangle_alpha
,,,,,,,,,,,,,,,,,,,,,3,,,0,not_enough_blocks,8749,skip,,,,triangle_alpha
,,,,,,,,,,,,,,,,,,,,,3,,,0,not_enough_blocks,8750,skip,,,,triangle_alpha
,,,,,,,,,,,,,,,,,,,,,3,,,0,not_enough_blocks,8751,skip,,,,triangle_alpha
,,,,,,,,,,,,,,,,,,,,,3,,,0,not_enough_blocks,8752,skip,,,,triangle_alpha
,,,,,,,,,,,,,,,,,,,,,3,,,0,not_enough_blocks,8753,skip,,,,triangle_alpha
,,,,,,,,,,,,,,,,,,,,,3,,,1,not_enough_blocks,8754,skip,,,,triangle_alpha
,,,,,,,,,,,,,,,,,,,,,3,,,1,not_enough_blocks,8755,skip,,,,triangle_alpha
,,,,,,,,,,,,,,,,,,,,,3,,,0,not_enough_blocks,8756,skip,,,,triangle_alpha
,,,,,,,,,,,,,,,,,,,,,3,,,0,not_enough_blocks,8757,skip,,,,triangle_alpha
,,,,,,,,,,,,,,,,,,,,,3,,,0,not_enough_blocks,8758,skip,,,,triangle_alpha
,,,,,,,,,,,,,,,,,,,,,3,,,0,not_enough_blocks,8759,skip,,,,triangle_alpha
,,,,,,,,,,,,,,,,,,,,,3,,,0,not_enough_blocks,8760,skip,,,,triangle_alpha
,,,,,,,,,,,,,,,,,,,,,3,,,0,not_enough_blocks,8761,skip,,,,triangle_alpha
,,,,,,,,,,,,,,,,,,,,,3,,,1,not_enough_blocks,8762,skip,,,,triangle_alpha
,,,,,,,,,,,,,,,,,,,,,3,,,0,not_enough_blocks,8763,skip,,,,triangle_alpha
,,,,,,,,,,,,,,,,,,,,,3,,,0,not_enough_blocks,8764,skip,,,,triangle_alpha
,,,,,,,,,,,,,,,,,,,,,3,,,0,not_enough_blocks,8765,skip,,,,triangle_alpha
,,,,,,,,,,,,,,,,,,,,,3,,,0,not_enough_blocks,8766,skip,,,,triangle_alpha
,,,,,,,,,,,,,,,,,,,,,3,,,0,not_enough_blocks,8767,skip,,,,triangle_alpha
,,,,,,,,,,,,,,,,,,,,,3,,,0,not_enough_blocks,8768,skip,,,,triangle_alpha
,,,,,,,,,,,,,,,,,,,,,3,,,0,not_enough_blocks,8769,skip,,,,triangle_alpha
,,,,,,,,,,,,,,,,,,,,,3,,,0,not_enough_blocks,8770,skip,,,,triangle_alpha
,,,,,,,,,,,,,,,,,,,,,3,,,0,not_enough_blocks,8771,skip,,,,triangle_alpha
,,,,,,,,,,,,,,,,,,,,,3,,,1,not_enough_blocks,8772,skip,,,,triangle_alpha
,,,,,,,,,,,,,,,,,,,,,3,,,0,not_enough_blocks,8773,skip,,,,triangle_alpha
,,,,,,,,,,,,,,,,,,,,,3,,,0,not_enough_blocks,8774,skip,,,,triangle_alpha
,,,,,,,,,,,,,,,,,,,,,3,,,0,not_enough_blocks,8775,skip,,,,triangle_alpha
,,,,,,,,,,,,,,,,,,,,,3,,,0,not_enough_blocks,8776,skip,,,,triangle_alpha
,,,,,,,,,,,,,,,,,,,,,3,,,0,not_enough_blocks,8777,skip,,,,triangle_alpha
,,,,,,,,,,,,,,,,,,,,,3,,,0,not_enough_blocks,8778,skip,,,,triangle_alpha
,,,,,,,,,,,,,,,,,,,,,3,,,0,not_enough_blocks,8779,skip,,,,triangle_alpha
,,,,,,,,,,,,,,,,,,,,,3,,,1,not_enough_blocks,8780,skip,,,,triangle_alpha
,,,,,,,,,,,,,,,,,,,,,3,,,0,not_enough_blocks,8781,skip,,,,triangle_alpha
,,,,,,,,,,,,,,,,,,,,,3,,,0,not_enough_blocks,8782,skip,,,,triangle_alpha
,,,,,,,,,,,,,,,,,,,,,3,,,0,not_enough_blocks,8783,skip,,,,triangle_alpha
,,,,,,,,,,,,,,,,,,,,,3,,,0,not_enough_blocks,8784,skip,,,,triangle_alpha
,,,,,,,,,,,,,,,,,,,,,3,,,0,not_enough_blocks,8785,skip,,,,triangle_alpha
,,,,,,,,,,,,,,,,,,,,,3,,,0,not_enough_blocks,8786,skip,,,,triangle_alpha
,,,,,,,,,,,,,,,,,,,,,3,,,0,not_enough_blocks,8787,skip,,,,triangle_alpha
,,,,,,,,,,,,,,,,,,,,,3,,,1,not_enough_blocks,8788,skip,,,,triangle_alpha
,,,,,,,,,,,,,,,,,,,,,3,,,0,not_enough_blocks,8789,skip,,,,triangle_alpha
,,,,,,,,,,,,,,,,,,,,,3,,,0,not_enough_blocks,8790,skip,,,,triangle_alpha
,,,,,,,,,,,,,,,,,,,,,3,,,0,not_enough_blocks,8791,skip,,,,triangle_alpha
,,,,,,,,,,,,,,,,,,,,,3,,,0,not_enough_blocks,8792,skip,,,,triangle_alpha
,,,,,,,,,,,,,,,,,,,,,3,,,0,not_enough_blocks,8793,skip,,,,triangle_alpha
,,,,,,,,,,,,,,,,,,,,,3,,,0,not_enough_blocks,8794,skip,,,,triangle_alpha
,,,,,,,,,,,,,,,,,,,,,3,,,0,not_enough_blocks,8795,skip,,,,triangle_alpha
,,,,,,,,,,,,,,,,,,,,,3,,,1,not_enough_blocks,8796,skip,,,,triangle_alpha
,,,,,,,,,,,,,,,,,,,,,3,,,0,not_enough_blocks,8797,skip,,,,triangle_alpha
,,,,,,,,,,,,,,,,,,,,,3,,,0,not_enough_blocks,8798,skip,,,,triangle_alpha
,,,,,,,,,,,,,,,,,,,,,3,,,0,not_enough_blocks,8799,skip,,,,triangle_alpha
,,,,,,,,,,,,,,,,,,,,,3,,,0,not_enough_blocks,8800,skip,,,,triangle_alpha
,,,,,,,,,,,,,,,,,,,,,3,,,0,not_enough_blocks,8801,skip,,,,triangle_alpha
,,,,,,,,,,,,,,,,,,,,,3,,,0,not_enough_blocks,8802,skip,,,,triangle_alpha
,,,,,,,,,,,,,,,,,,,,,3,,,0,not_enough_blocks,8803,skip,,,,triangle_alpha
,,,,,,,,,,,,,,,,,,,,,3,,,0,not_enough_blocks,8804,skip,,,,triangle_alpha
,,,,,,,,,,,,,,,,,,,,,3,,,1,not_enough_blocks,8805,skip,,,,triangle_alpha
,,,,,,,,,,,,,,,,,,,,,3,,,0,not_enough_blocks,8806,skip,,,,triangle_alpha
,,,,,,,,,,,,,,,,,,,,,3,,,0,not_enough_blocks,8807,skip,,,,triangle_alpha
,,,,,,,,,,,,,,,,,,,,,3,,,0,not_enough_blocks,8808,skip,,,,triangle_alpha
,,,,,,,,,,,,,,,,,,,,,3,,,0,not_enough_blocks,8809,skip,,,,triangle_alpha
,,,,,,,,,,,,,,,,,,,,,3,,,0,not_enough_blocks,8810,skip,,,,triangle_alpha
,,,,,,,,,,,,,,,,,,,,,3,,,0,not_enough_blocks,8811,skip,,,,triangle_alpha
,,,,,,,,,,,,,,,,,,,,,3,,,0,not_enough_blocks,8812,skip,,,,triangle_alpha
,,,,,,,,,,,,,,,,,,,,,3,,,1,not_enough_blocks,8813,skip,,,,triangle_alpha
,,,,,,,,,,,,,,,,,,,,,3,,,0,not_enough_blocks,8814,skip,,,,triangle_alpha
,,,,,,,,,,,,,,,,,,,,,3,,,0,not_enough_blocks,8815,skip,,,,triangle_alpha
,,,,,,,,,,,,,,,,,,,,,3,,,1,not_enough_blocks,8816,skip,,,,triangle_alpha
,,,,,,,,,,,,,,,,,,,,,3,,,0,not_enough_blocks,8817,skip,,,,triangle_alpha
,,,,,,,,,,,,,,,,,,,,,3,,,0,not_enough_blocks,8818,skip,,,,triangle_alpha
,,,,,,,,,,,,,,,,,,,,,3,,,0,not_enough_blocks,8819,skip,,,,triangle_alpha
,,,,,,,,,,,,,,,,,,,,,3,,,1,not_enough_blocks,8820,skip,,,,triangle_alpha
,,,,,,,,,,,,,,,,,,,,,3,,,0,not_enough_blocks,8821,skip,,,,triangle_alpha
,,,,,,,,,,,,,,,,,,,,,3,,,0,not_enough_blocks,8822,skip,,,,triangle_alpha
,,,,,,,,,,,,,,,,,,,,,3,,,0,not_enough_blocks,8823,skip,,,,triangle_alpha
,,,,,,,,,,,,,,,,,,,,,3,,,0,not_enough_blocks,8824,skip,,,,triangle_alpha
,,,,,,,,,,,,,,,,,,,,,3,,,0,not_enough_blocks,8825,skip,,,,triangle_alpha
,,,,,,,,,,,,,,,,,,,,,3,,,1,not_enough_blocks,8826,skip,,,,triangle_alpha
,,,,,,,,,,,,,,,,,,,,,3,,,0,not_enough_blocks,8827,skip,,,,triangle_alpha
,,,,,,,,,,,,,,,,,,,,,3,,,1,not_enough_blocks,8828,skip,,,,triangle_alpha
,,,,,,,,,,,,,,,,,,,,,3,,,0,not_enough_blocks,8829,skip,,,,triangle_alpha
,,,,,,,,,,,,,,,,,,,,,3,,,0,not_enough_blocks,8830,skip,,,,triangle_alpha
,,,,,,,,,,,,,,,,,,,,,3,,,1,not_enough_blocks,8831,skip,,,,triangle_alpha
,,,,,,,,,,,,,,,,,,,,,3,,,0,not_enough_blocks,8832,skip,,,,triangle_alpha
,,,,,,,,,,,,,,,,,,,,,3,,,0,not_enough_blocks,8833,skip,,,,triangle_alpha
,,,,,,,,,,,,,,,,,,,,,3,,,1,not_enough_blocks,8834,skip,,,,triangle_alpha
,,,,,,,,,,,,,,,,,,,,,3,,,2,not_enough_blocks,8835,skip,,,,triangle_alpha
,,,,,,,,,,,,,,,,,,,,,3,,,1,not_enough_blocks,8836,skip,,,,triangle_alpha
,,,,,,,,,,,,,,,,,,,,,3,,,0,not_enough_blocks,8837,skip,,,,triangle_alpha
,,,,,,,,,,,,,,,,,,,,,3,,,0,not_enough_blocks,8838,skip,,,,triangle_alpha
,,,,,,,,,,,,,,,,,,,,,3,,,0,not_enough_blocks,8839,skip,,,,triangle_alpha
,,,,,,,,,,,,,,,,,,,,,3,,,0,not_enough_blocks,8840,skip,,,,triangle_alpha
,,,,,,,,,,,,,,,,,,,,,3,,,1,not_enough_blocks,8841,skip,,,,triangle_alpha
,,,,,,,,,,,,,,,,,,,,,3,,,0,not_enough_blocks,8842,skip,,,,triangle_alpha
,,,,,,,,,,,,,,,,,,,,,3,,,0,not_enough_blocks,8843,skip,,,,triangle_alpha
,,,,,,,,,,,,,,,,,,,,,3,,,0,not_enough_blocks,8844,skip,,,,triangle_alpha
,,,,,,,,,,,,,,,,,,,,,3,,,1,not_enough_blocks,8845,skip,,,,triangle_alpha
,,,,,,,,,,,,,,,,,,,,,3,,,0,not_enough_blocks,8846,skip,,,,triangle_alpha
,,,,,,,,,,,,,,,,,,,,,3,,,0,not_enough_blocks,8847,skip,,,,triangle_alpha
,,,,,,,,,,,,,,,,,,,,,3,,,0,not_enough_blocks,8848,skip,,,,triangle_alpha
,,,,,,,,,,,,,,,,,,,,,3,,,0,not_enough_blocks,8849,skip,,,,triangle_alpha
,,,,,,,,,,,,,,,,,,,,,3,,,0,not_enough_blocks,8850,skip,,,,triangle_alpha
,,,,,,,,,,,,,,,,,,,,,3,,,1,not_enough_blocks,8851,skip,,,,triangle_alpha
,,,,,,,,,,,,,,,,,,,,,3,,,0,not_enough_blocks,8852,skip,,,,triangle_alpha
,,,,,,,,,,,,,,,,,,,,,3,,,0,not_enough_blocks,8853,skip,,,,triangle_alpha
,,,,,,,,,,,,,,,,,,,,,3,,,0,not_enough_blocks,8854,skip,,,,triangle_alpha
,,,,,,,,,,,,,,,,,,,,,3,,,0,not_enough_blocks,8855,skip,,,,triangle_alpha
,,,,,,,,,,,,,,,,,,,,,3,,,0,not_enough_blocks,8856,skip,,,,triangle_alpha
,,,,,,,,,,,,,,,,,,,,,3,,,0,not_enough_blocks,8857,skip,,,,triangle_alpha
,,,,,,,,,,,,,,,,,,,,,3,,,2,not_enough_blocks,8858,skip,,,,triangle_alpha
,,,,,,,,,,,,,,,,,,,,,3,,,0,not_enough_blocks,8859,skip,,,,triangle_alpha
,,,,,,,,,,,,,,,,,,,,,3,,,1,not_enough_blocks,8860,skip,,,,triangle_alpha
,,,,,,,,,,,,,,,,,,,,,3,,,0,not_enough_blocks,8861,skip,,,,triangle_alpha
,,,,,,,,,,,,,,,,,,,,,3,,,0,not_enough_blocks,8862,skip,,,,triangle_alpha
,,,,,,,,,,,,,,,,,,,,,3,,,1,not_enough_blocks,8863,skip,,,,triangle_alpha
,,,,,,,,,,,,,,,,,,,,,3,,,1,not_enough_blocks,8864,skip,,,,triangle_alpha
,,,,,,,,,,,,,,,,,,,,,3,,,0,not_enough_blocks,8865,skip,,,,triangle_alpha
,,,,,,,,,,,,,,,,,,,,,3,,,1,not_enough_blocks,8866,skip,,,,triangle_alpha
,,,,,,,,,,,,,,,,,,,,,3,,,0,not_enough_blocks,8867,skip,,,,triangle_alpha
,,,,,,,,,,,,,,,,,,,,,3,,,0,not_enough_blocks,8868,skip,,,,triangle_alpha
,,,,,,,,,,,,,,,,,,,,,3,,,0,not_enough_blocks,8869,skip,,,,triangle_alpha
,,,,,,,,,,,,,,,,,,,,,3,,,1,not_enough_blocks,8870,skip,,,,triangle_alpha
,,,,,,,,,,,,,,,,,,,,,3,,,0,not_enough_blocks,8871,skip,,,,triangle_alpha
,,,,,,,,,,,,,,,,,,,,,3,,,0,not_enough_blocks,8872,skip,,,,triangle_alpha
,,,,,,,,,,,,,,,,,,,,,3,,,1,not_enough_blocks,8873,skip,,,,triangle_alpha
,,,,,,,,,,,,,,,,,,,,,3,,,0,not_enough_blocks,8874,skip,,,,triangle_alpha
,,,,,,,,,,,,,,,,,,,,,3,,,0,not_enough_blocks,8875,skip,,,,triangle_alpha
,,,,,,,,,,,,,,,,,,,,,3,,,0,not_enough_blocks,8876,skip,,,,triangle_alpha
,,,,,,,,,,,,,,,,,,,,,3,,,0,not_enough_blocks,8877,skip,,,,triangle_alpha
,,,,,,,,,,,,,,,,,,,,,3,,,0,not_enough_blocks,8878,skip,,,,triangle_alpha
,,,,,,,,,,,,,,,,,,,,,3,,,0,not_enough_blocks,8879,skip,,,,triangle_alpha
,,,,,,,,,,,,,,,,,,,,,3,,,0,not_enough_blocks,8880,skip,,,,triangle_alpha
,,,,,,,,,,,,,,,,,,,,,3,,,0,not_enough_blocks,8881,skip,,,,triangle_alpha
,,,,,,,,,,,,,,,,,,,,,3,,,0,not_enough_blocks,8882,skip,,,,triangle_alpha
,,,,,,,,,,,,,,,,,,,,,3,,,0,not_enough_blocks,8883,skip,,,,triangle_alpha
,,,,,,,,,,,,,,,,,,,,,3,,,1,not_enough_blocks,8884,skip,,,,triangle_alpha
,,,,,,,,,,,,,,,,,,,,,3,,,0,not_enough_blocks,8885,skip,,,,triangle_alpha
,,,,,,,,,,,,,,,,,,,,,3,,,0,not_enough_blocks,8886,skip,,,,triangle_alpha
,,,,,,,,,,,,,,,,,,,,,3,,,1,not_enough_blocks,8887,skip,,,,triangle_alpha
,,,,,,,,,,,,,,,,,,,,,3,,,0,not_enough_blocks,8888,skip,,,,triangle_alpha
,,,,,,,,,,,,,,,,,,,,,3,,,0,not_enough_blocks,8889,skip,,,,triangle_alpha
,,,,,,,,,,,,,,,,,,,,,3,,,0,not_enough_blocks,8890,skip,,,,triangle_alpha
,,,,,,,,,,,,,,,,,,,,,3,,,1,not_enough_blocks,8891,skip,,,,triangle_alpha
,,,,,,,,,,,,,,,,,,,,,3,,,0,not_enough_blocks,8892,skip,,,,triangle_alpha
,,,,,,,,,,,,,,,,,,,,,3,,,0,not_enough_blocks,8893,skip,,,,triangle_alpha
,,,,,,,,,,,,,,,,,,,,,3,,,0,not_enough_blocks,8894,skip,,,,triangle_alpha
,,,,,,,,,,,,,,,,,,,,,3,,,0,not_enough_blocks,8895,skip,,,,triangle_alpha
,,,,,,,,,,,,,,,,,,,,,3,,,0,not_enough_blocks,8896,skip,,,,triangle_alpha
,,,,,,,,,,,,,,,,,,,,,3,,,1,not_enough_blocks,8897,skip,,,,triangle_alpha
,,,,,,,,,,,,,,,,,,,,,3,,,0,not_enough_blocks,8898,skip,,,,triangle_alpha
,,,,,,,,,,,,,,,,,,,,,3,,,0,not_enough_blocks,8899,skip,,,,triangle_alpha
,,,,,,,,,,,,,,,,,,,,,3,,,0,not_enough_blocks,8900,skip,,,,triangle_alpha
,,,,,,,,,,,,,,,,,,,,,3,,,0,not_enough_blocks,8901,skip,,,,triangle_alpha
,,,,,,,,,,,,,,,,,,,,,3,,,0,not_enough_blocks,8902,skip,,,,triangle_alpha
,,,,,,,,,,,,,,,,,,,,,3,,,0,not_enough_blocks,8903,skip,,,,triangle_alpha
,,,,,,,,,,,,,,,,,,,,,3,,,0,not_enough_blocks,8904,skip,,,,triangle_alpha
,,,,,,,,,,,,,,,,,,,,,3,,,0,not_enough_blocks,8905,skip,,,,triangle_alpha
,,,,,,,,,,,,,,,,,,,,,3,,,0,not_enough_blocks,8906,skip,,,,triangle_alpha
,,,,,,,,,,,,,,,,,,,,,3,,,0,not_enough_blocks,8907,skip,,,,triangle_alpha
,,,,,,,,,,,,,,,,,,,,,3,,,0,not_enough_blocks,8908,skip,,,,triangle_alpha
,,,,,,,,,,,,,,,,,,,,,3,,,0,not_enough_blocks,8909,skip,,,,triangle_alpha
,,,,,,,,,,,,,,,,,,,,,3,,,0,not_enough_blocks,8910,skip,,,,triangle_alpha
,,,,,,,,,,,,,,,,,,,,,3,,,0,not_enough_blocks,8911,skip,,,,triangle_alpha
,,,,,,,,,,,,,,,,,,,,,3,,,2,not_enough_blocks,8912,skip,,,,triangle_alpha
,,,,,,,,,,,,,,,,,,,,,3,,,0,not_enough_blocks,8913,skip,,,,triangle_alpha
,,,,,,,,,,,,,,,,,,,,,3,,,1,not_enough_blocks,8914,skip,,,,triangle_alpha
,,,,,,,,,,,,,,,,,,,,,3,,,0,not_enough_blocks,8915,skip,,,,triangle_alpha
,,,,,,,,,,,,,,,,,,,,,3,,,0,not_enough_blocks,8916,skip,,,,triangle_alpha
,,,,,,,,,,,,,,,,,,,,,3,,,0,not_enough_blocks,8917,skip,,,,triangle_alpha
,,,,,,,,,,,,,,,,,,,,,3,,,1,not_enough_blocks,8918,skip,,,,triangle_alpha
,,,,,,,,,,,,,,,,,,,,,3,,,0,not_enough_blocks,8919,skip,,,,triangle_alpha
,,,,,,,,,,,,,,,,,,,,,3,,,0,not_enough_blocks,8920,skip,,,,triangle_alpha
,,,,,,,,,,,,,,,,,,,,,3,,,0,not_enough_blocks,8921,skip,,,,triangle_alpha
,,,,,,,,,,,,,,,,,,,,,3,,,0,not_enough_blocks,8922,skip,,,,triangle_alpha
,,,,,,,,,,,,,,,,,,,,,3,,,0,not_enough_blocks,8923,skip,,,,triangle_alpha
,,,,,,,,,,,,,,,,,,,,,3,,,0,not_enough_blocks,8924,skip,,,,triangle_alpha
,,,,,,,,,,,,,,,,,,,,,3,,,0,not_enough_blocks,8925,skip,,,,triangle_alpha
,,,,,,,,,,,,,,,,,,,,,3,,,0,not_enough_blocks,8926,skip,,,,triangle_alpha
,,,,,,,,,,,,,,,,,,,,,3,,,0,not_enough_blocks,8927,skip,,,,triangle_alpha
,,,,,,,,,,,,,,,,,,,,,3,,,0,not_enough_blocks,8928,skip,,,,triangle_alpha
,,,,,,,,,,,,,,,,,,,,,3,,,0,not_enough_blocks,8929,skip,,,,triangle_alpha
,,,,,,,,,,,,,,,,,,,,,3,,,0,not_enough_blocks,8930,skip,,,,triangle_alpha
,,,,,,,,,,,,,,,,,,,,,3,,,0,not_enough_blocks,8931,skip,,,,triangle_alpha
,,,,,,,,,,,,,,,,,,,,,3,,,0,not_enough_blocks,8932,skip,,,,triangle_alpha
,,,,,,,,,,,,,,,,,,,,,3,,,0,not_enough_blocks,8933,skip,,,,triangle_alpha
,,,,,,,,,,,,,,,,,,,,,3,,,0,not_enough_blocks,8934,skip,,,,triangle_alpha
,,,,,,,,,,,,,,,,,,,,,3,,,1,not_enough_blocks,8935,skip,,,,triangle_alpha
,,,,,,,,,,,,,,,,,,,,,3,,,1,not_enough_blocks,8936,skip,,,,triangle_alpha
,,,,,,,,,,,,,,,,,,,,,3,,,0,not_enough_blocks,8937,skip,,,,triangle_alpha
,,,,,,,,,,,,,,,,,,,,,3,,,0,not_enough_blocks,8938,skip,,,,triangle_alpha
,,,,,,,,,,,,,,,,,,,,,3,,,0,not_enough_blocks,8939,skip,,,,triangle_alpha
,,,,,,,,,,,,,,,,,,,,,3,,,0,not_enough_blocks,8940,skip,,,,triangle_alpha
,,,,,,,,,,,,,,,,,,,,,3,,,0,not_enough_blocks,8941,skip,,,,triangle_alpha
,,,,,,,,,,,,,,,,,,,,,3,,,0,not_enough_blocks,8942,skip,,,,triangle_alpha
,,,,,,,,,,,,,,,,,,,,,3,,,0,not_enough_blocks,8943,skip,,,,triangle_alpha
,,,,,,,,,,,,,,,,,,,,,3,,,0,not_enough_blocks,8944,skip,,,,triangle_alpha
,,,,,,,,,,,,,,,,,,,,,3,,,0,not_enough_blocks,8945,skip,,,,triangle_alpha
,,,,,,,,,,,,,,,,,,,,,3,,,0,not_enough_blocks,8946,skip,,,,triangle_alpha
,,,,,,,,,,,,,,,,,,,,,3,,,0,not_enough_blocks,8947,skip,,,,triangle_alpha
,,,,,,,,,,,,,,,,,,,,,3,,,1,not_enough_blocks,8948,skip,,,,triangle_alpha
,,,,,,,,,,,,,,,,,,,,,3,,,0,not_enough_blocks,8949,skip,,,,triangle_alpha
,,,,,,,,,,,,,,,,,,,,,3,,,0,not_enough_blocks,8950,skip,,,,triangle_alpha
,,,,,,,,,,,,,,,,,,,,,3,,,0,not_enough_blocks,8951,skip,,,,triangle_alpha
,,,,,,,,,,,,,,,,,,,,,3,,,0,not_enough_blocks,8952,skip,,,,triangle_alpha
,,,,,,,,,,,,,,,,,,,,,3,,,1,not_enough_blocks,8953,skip,,,,triangle_alpha
,,,,,,,,,,,,,,,,,,,,,3,,,2,not_enough_blocks,8954,skip,,,,triangle_alpha
,,,,,,,,,,,,,,,,,,,,,3,,,0,not_enough_blocks,8955,skip,,,,triangle_alpha
,,,,,,,,,,,,,,,,,,,,,3,,,0,not_enough_blocks,8956,skip,,,,triangle_alpha
,,,,,,,,,,,,,,,,,,,,,3,,,0,not_enough_blocks,8957,skip,,,,triangle_alpha
,,,,,,,,,,,,,,,,,,,,,3,,,1,not_enough_blocks,8958,skip,,,,triangle_alpha
,,,,,,,,,,,,,,,,,,,,,3,,,0,not_enough_blocks,8959,skip,,,,triangle_alpha
,,,,,,,,,,,,,,,,,,,,,3,,,0,not_enough_blocks,8960,skip,,,,triangle_alpha
,,,,,,,,,,,,,,,,,,,,,3,,,0,not_enough_blocks,8961,skip,,,,triangle_alpha
,,,,,,,,,,,,,,,,,,,,,3,,,0,not_enough_blocks,8962,skip,,,,triangle_alpha
,,,,,,,,,,,,,,,,,,,,,3,,,0,not_enough_blocks,8963,skip,,,,triangle_alpha
,,,,,,,,,,,,,,,,,,,,,3,,,0,not_enough_blocks,8964,skip,,,,triangle_alpha
,,,,,,,,,,,,,,,,,,,,,3,,,0,not_enough_blocks,8965,skip,,,,triangle_alpha
,,,,,,,,,,,,,,,,,,,,,3,,,0,not_enough_blocks,8966,skip,,,,triangle_alpha
,,,,,,,,,,,,,,,,,,,,,3,,,0,not_enough_blocks,8967,skip,,,,triangle_alpha
,,,,,,,,,,,,,,,,,,,,,3,,,0,not_enough_blocks,8968,skip,,,,triangle_alpha
,,,,,,,,,,,,,,,,,,,,,3,,,0,not_enough_blocks,8969,skip,,,,triangle_alpha
,,,,,,,,,,,,,,,,,,,,,3,,,0,not_enough_blocks,8970,skip,,,,triangle_alpha
,,,,,,,,,,,,,,,,,,,,,3,,,1,not_enough_blocks,8971,skip,,,,triangle_alpha
,,,,,,,,,,,,,,,,,,,,,3,,,0,not_enough_blocks,8972,skip,,,,triangle_alpha
,,,,,,,,,,,,,,,,,,,,,3,,,0,not_enough_blocks,8973,skip,,,,triangle_alpha
,,,,,,,,,,,,,,,,,,,,,3,,,0,not_enough_blocks,8974,skip,,,,triangle_alpha
,,,,,,,,,,,,,,,,,,,,,3,,,0,not_enough_blocks,8975,skip,,,,triangle_alpha
,,,,,,,,,,,,,,,,,,,,,3,,,0,not_enough_blocks,8976,skip,,,,triangle_alpha
,,,,,,,,,,,,,,,,,,,,,3,,,1,not_enough_blocks,8977,skip,,,,triangle_alpha
,,,,,,,,,,,,,,,,,,,,,3,,,0,not_enough_blocks,8978,skip,,,,triangle_alpha
,,,,,,,,,,,,,,,,,,,,,3,,,0,not_enough_blocks,8979,skip,,,,triangle_alpha
,,,,,,,,,,,,,,,,,,,,,3,,,0,not_enough_blocks,8980,skip,,,,triangle_alpha
,,,,,,,,,,,,,,,,,,,,,3,,,1,not_enough_blocks,8981,skip,,,,triangle_alpha
,,,,,,,,,,,,,,,,,,,,,3,,,0,not_enough_blocks,8982,skip,,,,triangle_alpha
,,,,,,,,,,,,,,,,,,,,,3,,,0,not_enough_blocks,8983,skip,,,,triangle_alpha
,,,,,,,,,,,,,,,,,,,,,3,,,1,not_enough_blocks,8984,skip,,,,triangle_alpha
,,,,,,,,,,,,,,,,,,,,,3,,,0,not_enough_blocks,8985,skip,,,,triangle_alpha
,,,,,,,,,,,,,,,,,,,,,3,,,0,not_enough_blocks,8986,skip,,,,triangle_alpha
,,,,,,,,,,,,,,,,,,,,,3,,,0,not_enough_blocks,8987,skip,,,,triangle_alpha
,,,,,,,,,,,,,,,,,,,,,3,,,1,not_enough_blocks,8988,skip,,,,triangle_alpha
,,,,,,,,,,,,,,,,,,,,,3,,,0,not_enough_blocks,8989,skip,,,,triangle_alpha
,,,,,,,,,,,,,,,,,,,,,3,,,0,not_enough_blocks,8990,skip,,,,triangle_alpha
,,,,,,,,,,,,,,,,,,,,,3,,,0,not_enough_blocks,8991,skip,,,,triangle_alpha
,,,,,,,,,,,,,,,,,,,,,3,,,1,not_enough_blocks,8992,skip,,,,triangle_alpha
,,,,,,,,,,,,,,,,,,,,,3,,,0,not_enough_blocks,8993,skip,,,,triangle_alpha
,,,,,,,,,,,,,,,,,,,,,3,,,0,not_enough_blocks,8994,skip,,,,triangle_alpha
,,,,,,,,,,,,,,,,,,,,,3,,,0,not_enough_blocks,8995,skip,,,,triangle_alpha
,,,,,,,,,,,,,,,,,,,,,3,,,0,not_enough_blocks,8996,skip,,,,triangle_alpha
,,,,,,,,,,,,,,,,,,,,,3,,,0,not_enough_blocks,8997,skip,,,,triangle_alpha
,,,,,,,,,,,,,,,,,,,,,3,,,0,not_enough_blocks,8998,skip,,,,triangle_alpha
,,,,,,,,,,,,,,,,,,,,,3,,,0,not_enough_blocks,8999,skip,,,,triangle_alpha
,,,,,,,,,,,,,,,,,,,,,3,,,0,not_enough_blocks,9000,skip,,,,triangle_alpha
,,,,,,,,,,,,,,,,,,,,,3,,,0,not_enough_blocks,9001,skip,,,,triangle_alpha
,,,,,,,,,,,,,,,,,,,,,3,,,0,not_enough_blocks,9002,skip,,,,triangle_alpha
,,,,,,,,,,,,,,,,,,,,,3,,,0,not_enough_blocks,9003,skip,,,,triangle_alpha
,,,,,,,,,,,,,,,,,,,,,3,,,0,not_enough_blocks,9004,skip,,,,triangle_alpha
,,,,,,,,,,,,,,,,,,,,,3,,,0,not_enough_blocks,9005,skip,,,,triangle_alpha
,,,,,,,,,,,,,,,,,,,,,3,,,0,not_enough_blocks,9006,skip,,,,triangle_alpha
,,,,,,,,,,,,,,,,,,,,,3,,,1,not_enough_blocks,9007,skip,,,,triangle_alpha
,,,,,,,,,,,,,,,,,,,,,3,,,0,not_enough_blocks,9008,skip,,,,triangle_alpha
,,,,,,,,,,,,,,,,,,,,,3,,,0,not_enough_blocks,9009,skip,,,,triangle_alpha
,,,,,,,,,,,,,,,,,,,,,3,,,0,not_enough_blocks,9010,skip,,,,triangle_alpha
,,,,,,,,,,,,,,,,,,,,,3,,,1,not_enough_blocks,9011,skip,,,,triangle_alpha
,,,,,,,,,,,,,,,,,,,,,3,,,1,not_enough_blocks,9012,skip,,,,triangle_alpha
,,,,,,,,,,,,,,,,,,,,,3,,,2,not_enough_blocks,9013,skip,,,,triangle_alpha
,,,,,,,,,,,,,,,,,,,,,3,,,0,not_enough_blocks,9014,skip,,,,triangle_alpha
,,,,,,,,,,,,,,,,,,,,,3,,,0,not_enough_blocks,9015,skip,,,,triangle_alpha
,,,,,,,,,,,,,,,,,,,,,3,,,0,not_enough_blocks,9016,skip,,,,triangle_alpha
,,,,,,,,,,,,,,,,,,,,,3,,,1,not_enough_blocks,9017,skip,,,,triangle_alpha
,,,,,,,,,,,,,,,,,,,,,3,,,1,not_enough_blocks,9018,skip,,,,triangle_alpha
,,,,,,,,,,,,,,,,,,,,,3,,,1,not_enough_blocks,9019,skip,,,,triangle_alpha
,,,,,,,,,,,,,,,,,,,,,3,,,1,not_enough_blocks,9020,skip,,,,triangle_alpha
,,,,,,,,,,,,,,,,,,,,,3,,,0,not_enough_blocks,9021,skip,,,,triangle_alpha
,,,,,,,,,,,,,,,,,,,,,3,,,0,not_enough_blocks,9022,skip,,,,triangle_alpha
,,,,,,,,,,,,,,,,,,,,,3,,,0,not_enough_blocks,9023,skip,,,,triangle_alpha
,,,,,,,,,,,,,,,,,,,,,3,,,0,not_enough_blocks,9024,skip,,,,triangle_alpha
,,,,,,,,,,,,,,,,,,,,,3,,,0,not_enough_blocks,9025,skip,,,,triangle_alpha
,,,,,,,,,,,,,,,,,,,,,3,,,0,not_enough_blocks,9026,skip,,,,triangle_alpha
,,,,,,,,,,,,,,,,,,,,,3,,,0,not_enough_blocks,9027,skip,,,,triangle_alpha
,,,,,,,,,,,,,,,,,,,,,3,,,0,not_enough_blocks,9028,skip,,,,triangle_alpha
,,,,,,,,,,,,,,,,,,,,,3,,,0,not_enough_blocks,9029,skip,,,,triangle_alpha
,,,,,,,,,,,,,,,,,,,,,3,,,1,not_enough_blocks,9030,skip,,,,triangle_alpha
,,,,,,,,,,,,,,,,,,,,,3,,,1,not_enough_blocks,9031,skip,,,,triangle_alpha
,,,,,,,,,,,,,,,,,,,,,3,,,1,not_enough_blocks,9032,skip,,,,triangle_alpha
,,,,,,,,,,,,,,,,,,,,,3,,,0,not_enough_blocks,9033,skip,,,,triangle_alpha
,,,,,,,,,,,,,,,,,,,,,3,,,0,not_enough_blocks,9034,skip,,,,triangle_alpha
,,,,,,,,,,,,,,,,,,,,,3,,,1,not_enough_blocks,9035,skip,,,,triangle_alpha
,,,,,,,,,,,,,,,,,,,,,3,,,0,not_enough_blocks,9036,skip,,,,triangle_alpha
,,,,,,,,,,,,,,,,,,,,,3,,,0,not_enough_blocks,9037,skip,,,,triangle_alpha
,,,,,,,,,,,,,,,,,,,,,3,,,0,not_enough_blocks,9038,skip,,,,triangle_alpha
,,,,,,,,,,,,,,,,,,,,,3,,,0,not_enough_blocks,9039,skip,,,,triangle_alpha
,,,,,,,,,,,,,,,,,,,,,3,,,0,not_enough_blocks,9040,skip,,,,triangle_alpha
,,,,,,,,,,,,,,,,,,,,,3,,,0,not_enough_blocks,9041,skip,,,,triangle_alpha
,,,,,,,,,,,,,,,,,,,,,3,,,0,not_enough_blocks,9042,skip,,,,triangle_alpha
,,,,,,,,,,,,,,,,,,,,,3,,,0,not_enough_blocks,9043,skip,,,,triangle_alpha
,,,,,,,,,,,,,,,,,,,,,3,,,0,not_enough_blocks,9044,skip,,,,triangle_alpha
,,,,,,,,,,,,,,,,,,,,,3,,,0,not_enough_blocks,9045,skip,,,,triangle_alpha
,,,,,,,,,,,,,,,,,,,,,3,,,0,not_enough_blocks,9046,skip,,,,triangle_alpha
,,,,,,,,,,,,,,,,,,,,,3,,,0,not_enough_blocks,9047,skip,,,,triangle_alpha
,,,,,,,,,,,,,,,,,,,,,3,,,0,not_enough_blocks,9048,skip,,,,triangle_alpha
,,,,,,,,,,,,,,,,,,,,,3,,,0,not_enough_blocks,9049,skip,,,,triangle_alpha
,,,,,,,,,,,,,,,,,,,,,3,,,0,not_enough_blocks,9050,skip,,,,triangle_alpha
,,,,,,,,,,,,,,,,,,,,,3,,,0,not_enough_blocks,9051,skip,,,,triangle_alpha
,,,,,,,,,,,,,,,,,,,,,3,,,0,not_enough_blocks,9052,skip,,,,triangle_alpha
,,,,,,,,,,,,,,,,,,,,,3,,,0,not_enough_blocks,9053,skip,,,,triangle_alpha
,,,,,,,,,,,,,,,,,,,,,3,,,1,not_enough_blocks,9054,skip,,,,triangle_alpha
,,,,,,,,,,,,,,,,,,,,,3,,,0,not_enough_blocks,9055,skip,,,,triangle_alpha
,,,,,,,,,,,,,,,,,,,,,3,,,0,not_enough_blocks,9056,skip,,,,triangle_alpha
,,,,,,,,,,,,,,,,,,,,,3,,,0,not_enough_blocks,9057,skip,,,,triangle_alpha
,,,,,,,,,,,,,,,,,,,,,3,,,0,not_enough_blocks,9058,skip,,,,triangle_alpha
,,,,,,,,,,,,,,,,,,,,,3,,,2,not_enough_blocks,9059,skip,,,,triangle_alpha
,,,,,,,,,,,,,,,,,,,,,3,,,1,not_enough_blocks,9060,skip,,,,triangle_alpha
,,,,,,,,,,,,,,,,,,,,,3,,,0,not_enough_blocks,9061,skip,,,,triangle_alpha
,,,,,,,,,,,,,,,,,,,,,3,,,1,not_enough_blocks,9062,skip,,,,triangle_alpha
,,,,,,,,,,,,,,,,,,,,,3,,,1,not_enough_blocks,9063,skip,,,,triangle_alpha
,,,,,,,,,,,,,,,,,,,,,3,,,0,not_enough_blocks,9064,skip,,,,triangle_alpha
,,,,,,,,,,,,,,,,,,,,,3,,,0,not_enough_blocks,9065,skip,,,,triangle_alpha
,,,,,,,,,,,,,,,,,,,,,3,,,0,not_enough_blocks,9066,skip,,,,triangle_alpha
,,,,,,,,,,,,,,,,,,,,,3,,,0,not_enough_blocks,9067,skip,,,,triangle_alpha
,,,,,,,,,,,,,,,,,,,,,3,,,0,not_enough_blocks,9068,skip,,,,triangle_alpha
,,,,,,,,,,,,,,,,,,,,,3,,,0,not_enough_blocks,9069,skip,,,,triangle_alpha
,,,,,,,,,,,,,,,,,,,,,3,,,0,not_enough_blocks,9070,skip,,,,triangle_alpha
,,,,,,,,,,,,,,,,,,,,,3,,,0,not_enough_blocks,9071,skip,,,,triangle_alpha
,,,,,,,,,,,,,,,,,,,,,3,,,1,not_enough_blocks,9072,skip,,,,triangle_alpha
,,,,,,,,,,,,,,,,,,,,,3,,,0,not_enough_blocks,9073,skip,,,,triangle_alpha
,,,,,,,,,,,,,,,,,,,,,3,,,0,not_enough_blocks,9074,skip,,,,triangle_alpha
,,,,,,,,,,,,,,,,,,,,,3,,,0,not_enough_blocks,9075,skip,,,,triangle_alpha
,,,,,,,,,,,,,,,,,,,,,3,,,0,not_enough_blocks,9076,skip,,,,triangle_alpha
,,,,,,,,,,,,,,,,,,,,,3,,,0,not_enough_blocks,9077,skip,,,,triangle_alpha
,,,,,,,,,,,,,,,,,,,,,3,,,0,not_enough_blocks,9078,skip,,,,triangle_alpha
,,,,,,,,,,,,,,,,,,,,,3,,,0,not_enough_blocks,9079,skip,,,,triangle_alpha
,,,,,,,,,,,,,,,,,,,,,3,,,1,not_enough_blocks,9080,skip,,,,triangle_alpha
,,,,,,,,,,,,,,,,,,,,,3,,,1,not_enough_blocks,9081,skip,,,,triangle_alpha
,,,,,,,,,,,,,,,,,,,,,3,,,0,not_enough_blocks,9082,skip,,,,triangle_alpha
,,,,,,,,,,,,,,,,,,,,,3,,,0,not_enough_blocks,9083,skip,,,,triangle_alpha
,,,,,,,,,,,,,,,,,,,,,3,,,0,not_enough_blocks,9084,skip,,,,triangle_alpha
,,,,,,,,,,,,,,,,,,,,,3,,,0,not_enough_blocks,9085,skip,,,,triangle_alpha
,,,,,,,,,,,,,,,,,,,,,3,,,0,not_enough_blocks,9086,skip,,,,triangle_alpha
,,,,,,,,,,,,,,,,,,,,,3,,,0,not_enough_blocks,9087,skip,,,,triangle_alpha
,,,,,,,,,,,,,,,,,,,,,3,,,0,not_enough_blocks,9088,skip,,,,triangle_alpha
,,,,,,,,,,,,,,,,,,,,,3,,,0,not_enough_blocks,9089,skip,,,,triangle_alpha
,,,,,,,,,,,,,,,,,,,,,3,,,0,not_enough_blocks,9090,skip,,,,triangle_alpha
,,,,,,,,,,,,,,,,,,,,,3,,,0,not_enough_blocks,9091,skip,,,,triangle_alpha
,,,,,,,,,,,,,,,,,,,,,3,,,0,not_enough_blocks,9092,skip,,,,triangle_alpha
,,,,,,,,,,,,,,,,,,,,,3,,,0,not_enough_blocks,9093,skip,,,,triangle_alpha
,,,,,,,,,,,,,,,,,,,,,3,,,0,not_enough_blocks,9094,skip,,,,triangle_alpha
,,,,,,,,,,,,,,,,,,,,,3,,,0,not_enough_blocks,9095,skip,,,,triangle_alpha
,,,,,,,,,,,,,,,,,,,,,3,,,0,not_enough_blocks,9096,skip,,,,triangle_alpha
,,,,,,,,,,,,,,,,,,,,,3,,,0,not_enough_blocks,9097,skip,,,,triangle_alpha
,,,,,,,,,,,,,,,,,,,,,3,,,0,not_enough_blocks,9098,skip,,,,triangle_alpha
,,,,,,,,,,,,,,,,,,,,,3,,,0,not_enough_blocks,9099,skip,,,,triangle_alpha
,,,,,,,,,,,,,,,,,,,,,3,,,0,not_enough_blocks,9100,skip,,,,triangle_alpha
,,,,,,,,,,,,,,,,,,,,,3,,,0,not_enough_blocks,9101,skip,,,,triangle_alpha
,,,,,,,,,,,,,,,,,,,,,3,,,0,not_enough_blocks,9102,skip,,,,triangle_alpha
,,,,,,,,,,,,,,,,,,,,,3,,,0,not_enough_blocks,9103,skip,,,,triangle_alpha
,,,,,,,,,,,,,,,,,,,,,3,,,0,not_enough_blocks,9104,skip,,,,triangle_alpha
,,,,,,,,,,,,,,,,,,,,,3,,,0,not_enough_blocks,9105,skip,,,,triangle_alpha
,,,,,,,,,,,,,,,,,,,,,3,,,0,not_enough_blocks,9106,skip,,,,triangle_alpha
,,,,,,,,,,,,,,,,,,,,,3,,,0,not_enough_blocks,9107,skip,,,,triangle_alpha
,,,,,,,,,,,,,,,,,,,,,3,,,1,not_enough_blocks,9108,skip,,,,triangle_alpha
,,,,,,,,,,,,,,,,,,,,,3,,,0,not_enough_blocks,9109,skip,,,,triangle_alpha
,,,,,,,,,,,,,,,,,,,,,3,,,0,not_enough_blocks,9110,skip,,,,triangle_alpha
,,,,,,,,,,,,,,,,,,,,,3,,,0,not_enough_blocks,9111,skip,,,,triangle_alpha
,,,,,,,,,,,,,,,,,,,,,3,,,1,not_enough_blocks,9112,skip,,,,triangle_alpha
,,,,,,,,,,,,,,,,,,,,,3,,,0,not_enough_blocks,9113,skip,,,,triangle_alpha
,,,,,,,,,,,,,,,,,,,,,3,,,0,not_enough_blocks,9114,skip,,,,triangle_alpha
,,,,,,,,,,,,,,,,,,,,,3,,,1,not_enough_blocks,9115,skip,,,,triangle_alpha
,,,,,,,,,,,,,,,,,,,,,3,,,0,not_enough_blocks,9116,skip,,,,triangle_alpha
,,,,,,,,,,,,,,,,,,,,,3,,,1,not_enough_blocks,9117,skip,,,,triangle_alpha
,,,,,,,,,,,,,,,,,,,,,3,,,0,not_enough_blocks,9118,skip,,,,triangle_alpha
,,,,,,,,,,,,,,,,,,,,,3,,,0,not_enough_blocks,9119,skip,,,,triangle_alpha
,,,,,,,,,,,,,,,,,,,,,3,,,0,not_enough_blocks,9120,skip,,,,triangle_alpha
,,,,,,,,,,,,,,,,,,,,,3,,,0,not_enough_blocks,9121,skip,,,,triangle_alpha
,,,,,,,,,,,,,,,,,,,,,3,,,0,not_enough_blocks,9122,skip,,,,triangle_alpha
,,,,,,,,,,,,,,,,,,,,,3,,,0,not_enough_blocks,9123,skip,,,,triangle_alpha
,,,,,,,,,,,,,,,,,,,,,3,,,0,not_enough_blocks,9124,skip,,,,triangle_alpha
,,,,,,,,,,,,,,,,,,,,,3,,,0,not_enough_blocks,9125,skip,,,,triangle_alpha
,,,,,,,,,,,,,,,,,,,,,3,,,0,not_enough_blocks,9126,skip,,,,triangle_alpha
,,,,,,,,,,,,,,,,,,,,,3,,,0,not_enough_blocks,9127,skip,,,,triangle_alpha
,,,,,,,,,,,,,,,,,,,,,3,,,0,not_enough_blocks,9128,skip,,,,triangle_alpha
,,,,,,,,,,,,,,,,,,,,,3,,,0,not_enough_blocks,9129,skip,,,,triangle_alpha
,,,,,,,,,,,,,,,,,,,,,3,,,0,not_enough_blocks,9130,skip,,,,triangle_alpha
,,,,,,,,,,,,,,,,,,,,,3,,,0,not_enough_blocks,9131,skip,,,,triangle_alpha
,,,,,,,,,,,,,,,,,,,,,3,,,0,not_enough_blocks,9132,skip,,,,triangle_alpha
,,,,,,,,,,,,,,,,,,,,,3,,,0,not_enough_blocks,9133,skip,,,,triangle_alpha
,,,,,,,,,,,,,,,,,,,,,3,,,0,not_enough_blocks,9134,skip,,,,triangle_alpha
,,,,,,,,,,,,,,,,,,,,,3,,,0,not_enough_blocks,9135,skip,,,,triangle_alpha
,,,,,,,,,,,,,,,,,,,,,3,,,0,not_enough_blocks,9136,skip,,,,triangle_alpha
,,,,,,,,,,,,,,,,,,,,,3,,,0,not_enough_blocks,9137,skip,,,,triangle_alpha
,,,,,,,,,,,,,,,,,,,,,3,,,0,not_enough_blocks,9138,skip,,,,triangle_alpha
,,,,,,,,,,,,,,,,,,,,,3,,,0,not_enough_blocks,9139,skip,,,,triangle_alpha
,,,,,,,,,,,,,,,,,,,,,3,,,0,not_enough_blocks,9140,skip,,,,triangle_alpha
,,,,,,,,,,,,,,,,,,,,,3,,,1,not_enough_blocks,9141,skip,,,,triangle_alpha
,,,,,,,,,,,,,,,,,,,,,3,,,0,not_enough_blocks,9142,skip,,,,triangle_alpha
,,,,,,,,,,,,,,,,,,,,,3,,,0,not_enough_blocks,9143,skip,,,,triangle_alpha
,,,,,,,,,,,,,,,,,,,,,3,,,0,not_enough_blocks,9144,skip,,,,triangle_alpha
,,,,,,,,,,,,,,,,,,,,,3,,,0,not_enough_blocks,9145,skip,,,,triangle_alpha
,,,,,,,,,,,,,,,,,,,,,3,,,0,not_enough_blocks,9146,skip,,,,triangle_alpha
,,,,,,,,,,,,,,,,,,,,,3,,,0,not_enough_blocks,9147,skip,,,,triangle_alpha
,,,,,,,,,,,,,,,,,,,,,3,,,0,not_enough_blocks,9148,skip,,,,triangle_alpha
,,,,,,,,,,,,,,,,,,,,,3,,,0,not_enough_blocks,9149,skip,,,,triangle_alpha
,,,,,,,,,,,,,,,,,,,,,3,,,1,not_enough_blocks,9150,skip,,,,triangle_alpha
,,,,,,,,,,,,,,,,,,,,,3,,,0,not_enough_blocks,9151,skip,,,,triangle_alpha
,,,,,,,,,,,,,,,,,,,,,3,,,0,not_enough_blocks,9152,skip,,,,triangle_alpha
,,,,,,,,,,,,,,,,,,,,,3,,,0,not_enough_blocks,9153,skip,,,,triangle_alpha
,,,,,,,,,,,,,,,,,,,,,3,,,0,not_enough_blocks,9154,skip,,,,triangle_alpha
,,,,,,,,,,,,,,,,,,,,,3,,,1,not_enough_blocks,9155,skip,,,,triangle_alpha
,,,,,,,,,,,,,,,,,,,,,3,,,0,not_enough_blocks,9156,skip,,,,triangle_alpha
,,,,,,,,,,,,,,,,,,,,,3,,,0,not_enough_blocks,9157,skip,,,,triangle_alpha
,,,,,,,,,,,,,,,,,,,,,3,,,0,not_enough_blocks,9158,skip,,,,triangle_alpha
,,,,,,,,,,,,,,,,,,,,,3,,,0,not_enough_blocks,9159,skip,,,,triangle_alpha
,,,,,,,,,,,,,,,,,,,,,3,,,1,not_enough_blocks,9160,skip,,,,triangle_alpha
,,,,,,,,,,,,,,,,,,,,,3,,,0,not_enough_blocks,9161,skip,,,,triangle_alpha
,,,,,,,,,,,,,,,,,,,,,3,,,0,not_enough_blocks,9162,skip,,,,triangle_alpha
,,,,,,,,,,,,,,,,,,,,,3,,,0,not_enough_blocks,9163,skip,,,,triangle_alpha
,,,,,,,,,,,,,,,,,,,,,3,,,0,not_enough_blocks,9164,skip,,,,triangle_alpha
,,,,,,,,,,,,,,,,,,,,,3,,,0,not_enough_blocks,9165,skip,,,,triangle_alpha
,,,,,,,,,,,,,,,,,,,,,3,,,0,not_enough_blocks,9166,skip,,,,triangle_alpha
,,,,,,,,,,,,,,,,,,,,,3,,,0,not_enough_blocks,9167,skip,,,,triangle_alpha
,,,,,,,,,,,,,,,,,,,,,3,,,0,not_enough_blocks,9168,skip,,,,triangle_alpha
,,,,,,,,,,,,,,,,,,,,,3,,,0,not_enough_blocks,9169,skip,,,,triangle_alpha
,,,,,,,,,,,,,,,,,,,,,3,,,0,not_enough_blocks,9170,skip,,,,triangle_alpha
,,,,,,,,,,,,,,,,,,,,,3,,,2,not_enough_blocks,9171,skip,,,,triangle_alpha
,,,,,,,,,,,,,,,,,,,,,3,,,0,not_enough_blocks,9172,skip,,,,triangle_alpha
,,,,,,,,,,,,,,,,,,,,,3,,,0,not_enough_blocks,9173,skip,,,,triangle_alpha
,,,,,,,,,,,,,,,,,,,,,3,,,0,not_enough_blocks,9174,skip,,,,triangle_alpha
,,,,,,,,,,,,,,,,,,,,,3,,,0,not_enough_blocks,9175,skip,,,,triangle_alpha
,,,,,,,,,,,,,,,,,,,,,3,,,1,not_enough_blocks,9176,skip,,,,triangle_alpha
,,,,,,,,,,,,,,,,,,,,,3,,,1,not_enough_blocks,9177,skip,,,,triangle_alpha
,,,,,,,,,,,,,,,,,,,,,3,,,0,not_enough_blocks,9178,skip,,,,triangle_alpha
,,,,,,,,,,,,,,,,,,,,,3,,,0,not_enough_blocks,9179,skip,,,,triangle_alpha
,,,,,,,,,,,,,,,,,,,,,3,,,0,not_enough_blocks,9180,skip,,,,triangle_alpha
,,,,,,,,,,,,,,,,,,,,,3,,,0,not_enough_blocks,9181,skip,,,,triangle_alpha
,,,,,,,,,,,,,,,,,,,,,3,,,0,not_enough_blocks,9182,skip,,,,triangle_alpha
,,,,,,,,,,,,,,,,,,,,,3,,,0,not_enough_blocks,9183,skip,,,,triangle_alpha
,,,,,,,,,,,,,,,,,,,,,3,,,0,not_enough_blocks,9184,skip,,,,triangle_alpha
,,,,,,,,,,,,,,,,,,,,,3,,,0,not_enough_blocks,9185,skip,,,,triangle_alpha
,,,,,,,,,,,,,,,,,,,,,3,,,1,not_enough_blocks,9186,skip,,,,triangle_alpha
,,,,,,,,,,,,,,,,,,,,,3,,,0,not_enough_blocks,9187,skip,,,,triangle_alpha
,,,,,,,,,,,,,,,,,,,,,3,,,0,not_enough_blocks,9188,skip,,,,triangle_alpha
,,,,,,,,,,,,,,,,,,,,,3,,,1,not_enough_blocks,9189,skip,,,,triangle_alpha
,,,,,,,,,,,,,,,,,,,,,3,,,0,not_enough_blocks,9190,skip,,,,triangle_alpha
,,,,,,,,,,,,,,,,,,,,,3,,,0,not_enough_blocks,9191,skip,,,,triangle_alpha
,,,,,,,,,,,,,,,,,,,,,3,,,0,not_enough_blocks,9192,skip,,,,triangle_alpha
,,,,,,,,,,,,,,,,,,,,,3,,,0,not_enough_blocks,9193,skip,,,,triangle_alpha
,,,,,,,,,,,,,,,,,,,,,3,,,1,not_enough_blocks,9194,skip,,,,triangle_alpha
,,,,,,,,,,,,,,,,,,,,,3,,,0,not_enough_blocks,9195,skip,,,,triangle_alpha
,,,,,,,,,,,,,,,,,,,,,3,,,0,not_enough_blocks,9196,skip,,,,triangle_alpha
,,,,,,,,,,,,,,,,,,,,,3,,,0,not_enough_blocks,9197,skip,,,,triangle_alpha
,,,,,,,,,,,,,,,,,,,,,3,,,0,not_enough_blocks,9198,skip,,,,triangle_alpha
,,,,,,,,,,,,,,,,,,,,,3,,,0,not_enough_blocks,9199,skip,,,,triangle_alpha
,,,,,,,,,,,,,,,,,,,,,3,,,0,not_enough_blocks,9200,skip,,,,triangle_alpha
,,,,,,,,,,,,,,,,,,,,,3,,,1,not_enough_blocks,9201,skip,,,,triangle_alpha
,,,,,,,,,,,,,,,,,,,,,3,,,0,not_enough_blocks,9202,skip,,,,triangle_alpha
,,,,,,,,,,,,,,,,,,,,,3,,,0,not_enough_blocks,9203,skip,,,,triangle_alpha
,,,,,,,,,,,,,,,,,,,,,3,,,0,not_enough_blocks,9204,skip,,,,triangle_alpha
,,,,,,,,,,,,,,,,,,,,,3,,,0,not_enough_blocks,9205,skip,,,,triangle_alpha
,,,,,,,,,,,,,,,,,,,,,3,,,0,not_enough_blocks,9206,skip,,,,triangle_alpha
,,,,,,,,,,,,,,,,,,,,,3,,,0,not_enough_blocks,9207,skip,,,,triangle_alpha
,,,,,,,,,,,,,,,,,,,,,3,,,0,not_enough_blocks,9208,skip,,,,triangle_alpha
,,,,,,,,,,,,,,,,,,,,,3,,,0,not_enough_blocks,9209,skip,,,,triangle_alpha
,,,,,,,,,,,,,,,,,,,,,3,,,0,not_enough_blocks,9210,skip,,,,triangle_alpha
,,,,,,,,,,,,,,,,,,,,,3,,,0,not_enough_blocks,9211,skip,,,,triangle_alpha
,,,,,,,,,,,,,,,,,,,,,3,,,0,not_enough_blocks,9212,skip,,,,triangle_alpha
,,,,,,,,,,,,,,,,,,,,,3,,,0,not_enough_blocks,9213,skip,,,,triangle_alpha
,,,,,,,,,,,,,,,,,,,,,3,,,0,not_enough_blocks,9214,skip,,,,triangle_alpha
,,,,,,,,,,,,,,,,,,,,,3,,,0,not_enough_blocks,9215,skip,,,,triangle_alpha
,,,,,,,,,,,,,,,,,,,,,3,,,0,not_enough_blocks,9216,skip,,,,triangle_alpha
,,,,,,,,,,,,,,,,,,,,,3,,,0,not_enough_blocks,9217,skip,,,,triangle_alpha
,,,,,,,,,,,,,,,,,,,,,3,,,0,not_enough_blocks,9218,skip,,,,triangle_alpha
,,,,,,,,,,,,,,,,,,,,,3,,,0,not_enough_blocks,9219,skip,,,,triangle_alpha
,,,,,,,,,,,,,,,,,,,,,3,,,0,not_enough_blocks,9220,skip,,,,triangle_alpha
,,,,,,,,,,,,,,,,,,,,,3,,,0,not_enough_blocks,9221,skip,,,,triangle_alpha
,,,,,,,,,,,,,,,,,,,,,3,,,0,not_enough_blocks,9222,skip,,,,triangle_alpha
,,,,,,,,,,,,,,,,,,,,,3,,,0,not_enough_blocks,9223,skip,,,,triangle_alpha
,,,,,,,,,,,,,,,,,,,,,3,,,1,not_enough_blocks,9224,skip,,,,triangle_alpha
,,,,,,,,,,,,,,,,,,,,,3,,,0,not_enough_blocks,9225,skip,,,,triangle_alpha
,,,,,,,,,,,,,,,,,,,,,3,,,0,not_enough_blocks,9226,skip,,,,triangle_alpha
,,,,,,,,,,,,,,,,,,,,,3,,,0,not_enough_blocks,9227,skip,,,,triangle_alpha
,,,,,,,,,,,,,,,,,,,,,3,,,1,not_enough_blocks,9228,skip,,,,triangle_alpha
,,,,,,,,,,,,,,,,,,,,,3,,,0,not_enough_blocks,9229,skip,,,,triangle_alpha
,,,,,,,,,,,,,,,,,,,,,3,,,1,not_enough_blocks,9230,skip,,,,triangle_alpha
,,,,,,,,,,,,,,,,,,,,,3,,,0,not_enough_blocks,9231,skip,,,,triangle_alpha
,,,,,,,,,,,,,,,,,,,,,3,,,1,not_enough_blocks,9232,skip,,,,triangle_alpha
,,,,,,,,,,,,,,,,,,,,,3,,,0,not_enough_blocks,9233,skip,,,,triangle_alpha
,,,,,,,,,,,,,,,,,,,,,3,,,0,not_enough_blocks,9234,skip,,,,triangle_alpha
,,,,,,,,,,,,,,,,,,,,,3,,,0,not_enough_blocks,9235,skip,,,,triangle_alpha
,,,,,,,,,,,,,,,,,,,,,3,,,0,not_enough_blocks,9236,skip,,,,triangle_alpha
,,,,,,,,,,,,,,,,,,,,,3,,,1,not_enough_blocks,9237,skip,,,,triangle_alpha
,,,,,,,,,,,,,,,,,,,,,3,,,0,not_enough_blocks,9238,skip,,,,triangle_alpha
,,,,,,,,,,,,,,,,,,,,,3,,,0,not_enough_blocks,9239,skip,,,,triangle_alpha
,,,,,,,,,,,,,,,,,,,,,3,,,0,not_enough_blocks,9240,skip,,,,triangle_alpha
,,,,,,,,,,,,,,,,,,,,,3,,,0,not_enough_blocks,9241,skip,,,,triangle_alpha
,,,,,,,,,,,,,,,,,,,,,3,,,0,not_enough_blocks,9242,skip,,,,triangle_alpha
,,,,,,,,,,,,,,,,,,,,,3,,,0,not_enough_blocks,9243,skip,,,,triangle_alpha
,,,,,,,,,,,,,,,,,,,,,3,,,0,not_enough_blocks,9244,skip,,,,triangle_alpha
,,,,,,,,,,,,,,,,,,,,,3,,,0,not_enough_blocks,9245,skip,,,,triangle_alpha
,,,,,,,,,,,,,,,,,,,,,3,,,0,not_enough_blocks,9246,skip,,,,triangle_alpha
,,,,,,,,,,,,,,,,,,,,,3,,,0,not_enough_blocks,9247,skip,,,,triangle_alpha
,,,,,,,,,,,,,,,,,,,,,3,,,0,not_enough_blocks,9248,skip,,,,triangle_alpha
,,,,,,,,,,,,,,,,,,,,,3,,,0,not_enough_blocks,9249,skip,,,,triangle_alpha
,,,,,,,,,,,,,,,,,,,,,3,,,0,not_enough_blocks,9250,skip,,,,triangle_alpha
,,,,,,,,,,,,,,,,,,,,,3,,,0,not_enough_blocks,9251,skip,,,,triangle_alpha
,,,,,,,,,,,,,,,,,,,,,3,,,0,not_enough_blocks,9252,skip,,,,triangle_alpha
,,,,,,,,,,,,,,,,,,,,,3,,,0,not_enough_blocks,9253,skip,,,,triangle_alpha
,,,,,,,,,,,,,,,,,,,,,3,,,0,not_enough_blocks,9254,skip,,,,triangle_alpha
,,,,,,,,,,,,,,,,,,,,,3,,,0,not_enough_blocks,9255,skip,,,,triangle_alpha
,,,,,,,,,,,,,,,,,,,,,3,,,0,not_enough_blocks,9256,skip,,,,triangle_alpha
,,,,,,,,,,,,,,,,,,,,,3,,,0,not_enough_blocks,9257,skip,,,,triangle_alpha
,,,,,,,,,,,,,,,,,,,,,3,,,0,not_enough_blocks,9258,skip,,,,triangle_alpha
,,,,,,,,,,,,,,,,,,,,,3,,,0,not_enough_blocks,9259,skip,,,,triangle_alpha
,,,,,,,,,,,,,,,,,,,,,3,,,0,not_enough_blocks,9260,skip,,,,triangle_alpha
,,,,,,,,,,,,,,,,,,,,,3,,,2,not_enough_blocks,9261,skip,,,,triangle_alpha
,,,,,,,,,,,,,,,,,,,,,3,,,0,not_enough_blocks,9262,skip,,,,triangle_alpha
,,,,,,,,,,,,,,,,,,,,,3,,,0,not_enough_blocks,9263,skip,,,,triangle_alpha
,,,,,,,,,,,,,,,,,,,,,3,,,0,not_enough_blocks,9264,skip,,,,triangle_alpha
,,,,,,,,,,,,,,,,,,,,,3,,,1,not_enough_blocks,9265,skip,,,,triangle_alpha
,,,,,,,,,,,,,,,,,,,,,3,,,0,not_enough_blocks,9266,skip,,,,triangle_alpha
,,,,,,,,,,,,,,,,,,,,,3,,,0,not_enough_blocks,9267,skip,,,,triangle_alpha
,,,,,,,,,,,,,,,,,,,,,3,,,0,not_enough_blocks,9268,skip,,,,triangle_alpha
,,,,,,,,,,,,,,,,,,,,,3,,,0,not_enough_blocks,9269,skip,,,,triangle_alpha
,,,,,,,,,,,,,,,,,,,,,3,,,1,not_enough_blocks,9270,skip,,,,triangle_alpha
,,,,,,,,,,,,,,,,,,,,,3,,,1,not_enough_blocks,9271,skip,,,,triangle_alpha
,,,,,,,,,,,,,,,,,,,,,3,,,0,not_enough_blocks,9272,skip,,,,triangle_alpha
,,,,,,,,,,,,,,,,,,,,,3,,,0,not_enough_blocks,9273,skip,,,,triangle_alpha
,,,,,,,,,,,,,,,,,,,,,3,,,1,not_enough_blocks,9274,skip,,,,triangle_alpha
,,,,,,,,,,,,,,,,,,,,,3,,,0,not_enough_blocks,9275,skip,,,,triangle_alpha
,,,,,,,,,,,,,,,,,,,,,3,,,0,not_enough_blocks,9276,skip,,,,triangle_alpha
,,,,,,,,,,,,,,,,,,,,,3,,,0,not_enough_blocks,9277,skip,,,,triangle_alpha
,,,,,,,,,,,,,,,,,,,,,3,,,0,not_enough_blocks,9278,skip,,,,triangle_alpha
,,,,,,,,,,,,,,,,,,,,,3,,,0,not_enough_blocks,9279,skip,,,,triangle_alpha
,,,,,,,,,,,,,,,,,,,,,3,,,0,not_enough_blocks,9280,skip,,,,triangle_alpha
,,,,,,,,,,,,,,,,,,,,,3,,,0,not_enough_blocks,9281,skip,,,,triangle_alpha
,,,,,,,,,,,,,,,,,,,,,3,,,0,not_enough_blocks,9282,skip,,,,triangle_alpha
,,,,,,,,,,,,,,,,,,,,,3,,,0,not_enough_blocks,9283,skip,,,,triangle_alpha
,,,,,,,,,,,,,,,,,,,,,3,,,1,not_enough_blocks,9284,skip,,,,triangle_alpha
,,,,,,,,,,,,,,,,,,,,,3,,,0,not_enough_blocks,9285,skip,,,,triangle_alpha
,,,,,,,,,,,,,,,,,,,,,3,,,0,not_enough_blocks,9286,skip,,,,triangle_alpha
,,,,,,,,,,,,,,,,,,,,,3,,,0,not_enough_blocks,9287,skip,,,,triangle_alpha
,,,,,,,,,,,,,,,,,,,,,3,,,0,not_enough_blocks,9288,skip,,,,triangle_alpha
,,,,,,,,,,,,,,,,,,,,,3,,,0,not_enough_blocks,9289,skip,,,,triangle_alpha
,,,,,,,,,,,,,,,,,,,,,3,,,0,not_enough_blocks,9290,skip,,,,triangle_alpha
,,,,,,,,,,,,,,,,,,,,,3,,,0,not_enough_blocks,9291,skip,,,,triangle_alpha
,,,,,,,,,,,,,,,,,,,,,3,,,0,not_enough_blocks,9292,skip,,,,triangle_alpha
,,,,,,,,,,,,,,,,,,,,,3,,,0,not_enough_blocks,9293,skip,,,,triangle_alpha
,,,,,,,,,,,,,,,,,,,,,3,,,0,not_enough_blocks,9294,skip,,,,triangle_alpha
,,,,,,,,,,,,,,,,,,,,,3,,,0,not_enough_blocks,9295,skip,,,,triangle_alpha
,,,,,,,,,,,,,,,,,,,,,3,,,1,not_enough_blocks,9296,skip,,,,triangle_alpha
,,,,,,,,,,,,,,,,,,,,,3,,,0,not_enough_blocks,9297,skip,,,,triangle_alpha
,,,,,,,,,,,,,,,,,,,,,3,,,0,not_enough_blocks,9298,skip,,,,triangle_alpha
,,,,,,,,,,,,,,,,,,,,,3,,,0,not_enough_blocks,9299,skip,,,,triangle_alpha
,,,,,,,,,,,,,,,,,,,,,3,,,0,not_enough_blocks,9300,skip,,,,triangle_alpha
,,,,,,,,,,,,,,,,,,,,,3,,,0,not_enough_blocks,9301,skip,,,,triangle_alpha
,,,,,,,,,,,,,,,,,,,,,3,,,0,not_enough_blocks,9302,skip,,,,triangle_alpha
,,,,,,,,,,,,,,,,,,,,,3,,,2,not_enough_blocks,9303,skip,,,,triangle_alpha
,,,,,,,,,,,,,,,,,,,,,3,,,0,not_enough_blocks,9304,skip,,,,triangle_alpha
,,,,,,,,,,,,,,,,,,,,,3,,,0,not_enough_blocks,9305,skip,,,,triangle_alpha
,,,,,,,,,,,,,,,,,,,,,3,,,0,not_enough_blocks,9306,skip,,,,triangle_alpha
,,,,,,,,,,,,,,,,,,,,,3,,,0,not_enough_blocks,9307,skip,,,,triangle_alpha
,,,,,,,,,,,,,,,,,,,,,3,,,0,not_enough_blocks,9308,skip,,,,triangle_alpha
,,,,,,,,,,,,,,,,,,,,,3,,,0,not_enough_blocks,9309,skip,,,,triangle_alpha
,,,,,,,,,,,,,,,,,,,,,3,,,0,not_enough_blocks,9310,skip,,,,triangle_alpha
,,,,,,,,,,,,,,,,,,,,,3,,,0,not_enough_blocks,9311,skip,,,,triangle_alpha
,,,,,,,,,,,,,,,,,,,,,3,,,1,not_enough_blocks,9312,skip,,,,triangle_alpha
,,,,,,,,,,,,,,,,,,,,,3,,,1,not_enough_blocks,9313,skip,,,,triangle_alpha
,,,,,,,,,,,,,,,,,,,,,3,,,0,not_enough_blocks,9314,skip,,,,triangle_alpha
,,,,,,,,,,,,,,,,,,,,,3,,,0,not_enough_blocks,9315,skip,,,,triangle_alpha
,,,,,,,,,,,,,,,,,,,,,3,,,0,not_enough_blocks,9316,skip,,,,triangle_alpha
,,,,,,,,,,,,,,,,,,,,,3,,,0,not_enough_blocks,9317,skip,,,,triangle_alpha
,,,,,,,,,,,,,,,,,,,,,3,,,1,not_enough_blocks,9318,skip,,,,triangle_alpha
,,,,,,,,,,,,,,,,,,,,,3,,,0,not_enough_blocks,9319,skip,,,,triangle_alpha
,,,,,,,,,,,,,,,,,,,,,3,,,0,not_enough_blocks,9320,skip,,,,triangle_alpha
,,,,,,,,,,,,,,,,,,,,,3,,,0,not_enough_blocks,9321,skip,,,,triangle_alpha
,,,,,,,,,,,,,,,,,,,,,3,,,0,not_enough_blocks,9322,skip,,,,triangle_alpha
,,,,,,,,,,,,,,,,,,,,,3,,,0,not_enough_blocks,9323,skip,,,,triangle_alpha
,,,,,,,,,,,,,,,,,,,,,3,,,0,not_enough_blocks,9324,skip,,,,triangle_alpha
,,,,,,,,,,,,,,,,,,,,,3,,,0,not_enough_blocks,9325,skip,,,,triangle_alpha
,,,,,,,,,,,,,,,,,,,,,3,,,0,not_enough_blocks,9326,skip,,,,triangle_alpha
,,,,,,,,,,,,,,,,,,,,,3,,,0,not_enough_blocks,9327,skip,,,,triangle_alpha
,,,,,,,,,,,,,,,,,,,,,3,,,0,not_enough_blocks,9328,skip,,,,triangle_alpha
,,,,,,,,,,,,,,,,,,,,,3,,,0,not_enough_blocks,9329,skip,,,,triangle_alpha
,,,,,,,,,,,,,,,,,,,,,3,,,0,not_enough_blocks,9330,skip,,,,triangle_alpha
,,,,,,,,,,,,,,,,,,,,,3,,,0,not_enough_blocks,9331,skip,,,,triangle_alpha
,,,,,,,,,,,,,,,,,,,,,3,,,0,not_enough_blocks,9332,skip,,,,triangle_alpha
,,,,,,,,,,,,,,,,,,,,,3,,,1,not_enough_blocks,9333,skip,,,,triangle_alpha
,,,,,,,,,,,,,,,,,,,,,3,,,0,not_enough_blocks,9334,skip,,,,triangle_alpha
,,,,,,,,,,,,,,,,,,,,,3,,,0,not_enough_blocks,9335,skip,,,,triangle_alpha
,,,,,,,,,,,,,,,,,,,,,3,,,0,not_enough_blocks,9336,skip,,,,triangle_alpha
,,,,,,,,,,,,,,,,,,,,,3,,,1,not_enough_blocks,9337,skip,,,,triangle_alpha
,,,,,,,,,,,,,,,,,,,,,3,,,0,not_enough_blocks,9338,skip,,,,triangle_alpha
,,,,,,,,,,,,,,,,,,,,,3,,,0,not_enough_blocks,9339,skip,,,,triangle_alpha
,,,,,,,,,,,,,,,,,,,,,3,,,1,not_enough_blocks,9340,skip,,,,triangle_alpha
,,,,,,,,,,,,,,,,,,,,,3,,,0,not_enough_blocks,9341,skip,,,,triangle_alpha
,,,,,,,,,,,,,,,,,,,,,3,,,0,not_enough_blocks,9342,skip,,,,triangle_alpha
,,,,,,,,,,,,,,,,,,,,,3,,,0,not_enough_blocks,9343,skip,,,,triangle_alpha
,,,,,,,,,,,,,,,,,,,,,3,,,0,not_enough_blocks,9344,skip,,,,triangle_alpha
,,,,,,,,,,,,,,,,,,,,,3,,,0,not_enough_blocks,9345,skip,,,,triangle_alpha
,,,,,,,,,,,,,,,,,,,,,3,,,1,not_enough_blocks,9346,skip,,,,triangle_alpha
,,,,,,,,,,,,,,,,,,,,,3,,,0,not_enough_blocks,9347,skip,,,,triangle_alpha
,,,,,,,,,,,,,,,,,,,,,3,,,0,not_enough_blocks,9348,skip,,,,triangle_alpha
,,,,,,,,,,,,,,,,,,,,,3,,,0,not_enough_blocks,9349,skip,,,,triangle_alpha
,,,,,,,,,,,,,,,,,,,,,3,,,0,not_enough_blocks,9350,skip,,,,triangle_alpha
,,,,,,,,,,,,,,,,,,,,,3,,,0,not_enough_blocks,9351,skip,,,,triangle_alpha
,,,,,,,,,,,,,,,,,,,,,3,,,1,not_enough_blocks,9352,skip,,,,triangle_alpha
,,,,,,,,,,,,,,,,,,,,,3,,,0,not_enough_blocks,9353,skip,,,,triangle_alpha
,,,,,,,,,,,,,,,,,,,,,3,,,1,not_enough_blocks,9354,skip,,,,triangle_alpha
,,,,,,,,,,,,,,,,,,,,,3,,,0,not_enough_blocks,9355,skip,,,,triangle_alpha
,,,,,,,,,,,,,,,,,,,,,3,,,0,not_enough_blocks,9356,skip,,,,triangle_alpha
,,,,,,,,,,,,,,,,,,,,,3,,,0,not_enough_blocks,9357,skip,,,,triangle_alpha
,,,,,,,,,,,,,,,,,,,,,3,,,0,not_enough_blocks,9358,skip,,,,triangle_alpha
,,,,,,,,,,,,,,,,,,,,,3,,,1,not_enough_blocks,9359,skip,,,,triangle_alpha
,,,,,,,,,,,,,,,,,,,,,3,,,0,not_enough_blocks,9360,skip,,,,triangle_alpha
,,,,,,,,,,,,,,,,,,,,,3,,,0,not_enough_blocks,9361,skip,,,,triangle_alpha
,,,,,,,,,,,,,,,,,,,,,3,,,1,not_enough_blocks,9362,skip,,,,triangle_alpha
,,,,,,,,,,,,,,,,,,,,,3,,,0,not_enough_blocks,9363,skip,,,,triangle_alpha
,,,,,,,,,,,,,,,,,,,,,3,,,0,not_enough_blocks,9364,skip,,,,triangle_alpha
,,,,,,,,,,,,,,,,,,,,,3,,,0,not_enough_blocks,9365,skip,,,,triangle_alpha
,,,,,,,,,,,,,,,,,,,,,3,,,0,not_enough_blocks,9366,skip,,,,triangle_alpha
,,,,,,,,,,,,,,,,,,,,,3,,,0,not_enough_blocks,9367,skip,,,,triangle_alpha
,,,,,,,,,,,,,,,,,,,,,3,,,0,not_enough_blocks,9368,skip,,,,triangle_alpha
,,,,,,,,,,,,,,,,,,,,,3,,,0,not_enough_blocks,9369,skip,,,,triangle_alpha
,,,,,,,,,,,,,,,,,,,,,3,,,1,not_enough_blocks,9370,skip,,,,triangle_alpha
,,,,,,,,,,,,,,,,,,,,,3,,,0,not_enough_blocks,9371,skip,,,,triangle_alpha
,,,,,,,,,,,,,,,,,,,,,3,,,0,not_enough_blocks,9372,skip,,,,triangle_alpha
,,,,,,,,,,,,,,,,,,,,,3,,,0,not_enough_blocks,9373,skip,,,,triangle_alpha
,,,,,,,,,,,,,,,,,,,,,3,,,0,not_enough_blocks,9374,skip,,,,triangle_alpha
,,,,,,,,,,,,,,,,,,,,,3,,,0,not_enough_blocks,9375,skip,,,,triangle_alpha
,,,,,,,,,,,,,,,,,,,,,3,,,0,not_enough_blocks,9376,skip,,,,triangle_alpha
,,,,,,,,,,,,,,,,,,,,,3,,,1,not_enough_blocks,9377,skip,,,,triangle_alpha
,,,,,,,,,,,,,,,,,,,,,3,,,0,not_enough_blocks,9378,skip,,,,triangle_alpha
,,,,,,,,,,,,,,,,,,,,,3,,,1,not_enough_blocks,9379,skip,,,,triangle_alpha
,,,,,,,,,,,,,,,,,,,,,3,,,0,not_enough_blocks,9380,skip,,,,triangle_alpha
,,,,,,,,,,,,,,,,,,,,,3,,,1,not_enough_blocks,9381,skip,,,,triangle_alpha
,,,,,,,,,,,,,,,,,,,,,3,,,0,not_enough_blocks,9382,skip,,,,triangle_alpha
,,,,,,,,,,,,,,,,,,,,,3,,,0,not_enough_blocks,9383,skip,,,,triangle_alpha
,,,,,,,,,,,,,,,,,,,,,3,,,0,not_enough_blocks,9384,skip,,,,triangle_alpha
,,,,,,,,,,,,,,,,,,,,,3,,,0,not_enough_blocks,9385,skip,,,,triangle_alpha
,,,,,,,,,,,,,,,,,,,,,3,,,0,not_enough_blocks,9386,skip,,,,triangle_alpha
,,,,,,,,,,,,,,,,,,,,,3,,,0,not_enough_blocks,9387,skip,,,,triangle_alpha
,,,,,,,,,,,,,,,,,,,,,3,,,0,not_enough_blocks,9388,skip,,,,triangle_alpha
,,,,,,,,,,,,,,,,,,,,,3,,,0,not_enough_blocks,9389,skip,,,,triangle_alpha
,,,,,,,,,,,,,,,,,,,,,3,,,1,not_enough_blocks,9390,skip,,,,triangle_alpha
,,,,,,,,,,,,,,,,,,,,,3,,,0,not_enough_blocks,9391,skip,,,,triangle_alpha
,,,,,,,,,,,,,,,,,,,,,3,,,0,not_enough_blocks,9392,skip,,,,triangle_alpha
,,,,,,,,,,,,,,,,,,,,,3,,,0,not_enough_blocks,9393,skip,,,,triangle_alpha
,,,,,,,,,,,,,,,,,,,,,3,,,1,not_enough_blocks,9394,skip,,,,triangle_alpha
,,,,,,,,,,,,,,,,,,,,,3,,,0,not_enough_blocks,9395,skip,,,,triangle_alpha
,,,,,,,,,,,,,,,,,,,,,3,,,0,not_enough_blocks,9396,skip,,,,triangle_alpha
,,,,,,,,,,,,,,,,,,,,,3,,,0,not_enough_blocks,9397,skip,,,,triangle_alpha
,,,,,,,,,,,,,,,,,,,,,3,,,0,not_enough_blocks,9398,skip,,,,triangle_alpha
,,,,,,,,,,,,,,,,,,,,,3,,,0,not_enough_blocks,9399,skip,,,,triangle_alpha
,,,,,,,,,,,,,,,,,,,,,3,,,0,not_enough_blocks,9400,skip,,,,triangle_alpha
,,,,,,,,,,,,,,,,,,,,,3,,,0,not_enough_blocks,9401,skip,,,,triangle_alpha
,,,,,,,,,,,,,,,,,,,,,3,,,1,not_enough_blocks,9402,skip,,,,triangle_alpha
,,,,,,,,,,,,,,,,,,,,,3,,,0,not_enough_blocks,9403,skip,,,,triangle_alpha
,,,,,,,,,,,,,,,,,,,,,3,,,0,not_enough_blocks,9404,skip,,,,triangle_alpha
,,,,,,,,,,,,,,,,,,,,,3,,,0,not_enough_blocks,9405,skip,,,,triangle_alpha
,,,,,,,,,,,,,,,,,,,,,3,,,0,not_enough_blocks,9406,skip,,,,triangle_alpha
,,,,,,,,,,,,,,,,,,,,,3,,,0,not_enough_blocks,9407,skip,,,,triangle_alpha
,,,,,,,,,,,,,,,,,,,,,3,,,0,not_enough_blocks,9408,skip,,,,triangle_alpha
,,,,,,,,,,,,,,,,,,,,,3,,,0,not_enough_blocks,9409,skip,,,,triangle_alpha
,,,,,,,,,,,,,,,,,,,,,3,,,0,not_enough_blocks,9410,skip,,,,triangle_alpha
,,,,,,,,,,,,,,,,,,,,,3,,,1,not_enough_blocks,9411,skip,,,,triangle_alpha
,,,,,,,,,,,,,,,,,,,,,3,,,1,not_enough_blocks,9412,skip,,,,triangle_alpha
,,,,,,,,,,,,,,,,,,,,,3,,,0,not_enough_blocks,9413,skip,,,,triangle_alpha
,,,,,,,,,,,,,,,,,,,,,3,,,0,not_enough_blocks,9414,skip,,,,triangle_alpha
,,,,,,,,,,,,,,,,,,,,,3,,,1,not_enough_blocks,9415,skip,,,,triangle_alpha
,,,,,,,,,,,,,,,,,,,,,3,,,0,not_enough_blocks,9416,skip,,,,triangle_alpha
,,,,,,,,,,,,,,,,,,,,,3,,,0,not_enough_blocks,9417,skip,,,,triangle_alpha
,,,,,,,,,,,,,,,,,,,,,3,,,0,not_enough_blocks,9418,skip,,,,triangle_alpha
,,,,,,,,,,,,,,,,,,,,,3,,,0,not_enough_blocks,9419,skip,,,,triangle_alpha
,,,,,,,,,,,,,,,,,,,,,3,,,0,not_enough_blocks,9420,skip,,,,triangle_alpha
,,,,,,,,,,,,,,,,,,,,,3,,,1,not_enough_blocks,9421,skip,,,,triangle_alpha
,,,,,,,,,,,,,,,,,,,,,3,,,0,not_enough_blocks,9422,skip,,,,triangle_alpha
,,,,,,,,,,,,,,,,,,,,,3,,,0,not_enough_blocks,9423,skip,,,,triangle_alpha
,,,,,,,,,,,,,,,,,,,,,3,,,0,not_enough_blocks,9424,skip,,,,triangle_alpha
,,,,,,,,,,,,,,,,,,,,,3,,,1,not_enough_blocks,9425,skip,,,,triangle_alpha
,,,,,,,,,,,,,,,,,,,,,3,,,0,not_enough_blocks,9426,skip,,,,triangle_alpha
,,,,,,,,,,,,,,,,,,,,,3,,,0,not_enough_blocks,9427,skip,,,,triangle_alpha
,,,,,,,,,,,,,,,,,,,,,3,,,0,not_enough_blocks,9428,skip,,,,triangle_alpha
,,,,,,,,,,,,,,,,,,,,,3,,,0,not_enough_blocks,9429,skip,,,,triangle_alpha
,,,,,,,,,,,,,,,,,,,,,3,,,0,not_enough_blocks,9430,skip,,,,triangle_alpha
,,,,,,,,,,,,,,,,,,,,,3,,,0,not_enough_blocks,9431,skip,,,,triangle_alpha
,,,,,,,,,,,,,,,,,,,,,3,,,0,not_enough_blocks,9432,skip,,,,triangle_alpha
,,,,,,,,,,,,,,,,,,,,,3,,,0,not_enough_blocks,9433,skip,,,,triangle_alpha
,,,,,,,,,,,,,,,,,,,,,3,,,0,not_enough_blocks,9434,skip,,,,triangle_alpha
,,,,,,,,,,,,,,,,,,,,,3,,,0,not_enough_blocks,9435,skip,,,,triangle_alpha
,,,,,,,,,,,,,,,,,,,,,3,,,0,not_enough_blocks,9436,skip,,,,triangle_alpha
,,,,,,,,,,,,,,,,,,,,,3,,,0,not_enough_blocks,9437,skip,,,,triangle_alpha
,,,,,,,,,,,,,,,,,,,,,3,,,0,not_enough_blocks,9438,skip,,,,triangle_alpha
,,,,,,,,,,,,,,,,,,,,,3,,,0,not_enough_blocks,9439,skip,,,,triangle_alpha
,,,,,,,,,,,,,,,,,,,,,3,,,0,not_enough_blocks,9440,skip,,,,triangle_alpha
,,,,,,,,,,,,,,,,,,,,,3,,,0,not_enough_blocks,9441,skip,,,,triangle_alpha
,,,,,,,,,,,,,,,,,,,,,3,,,0,not_enough_blocks,9442,skip,,,,triangle_alpha
,,,,,,,,,,,,,,,,,,,,,3,,,0,not_enough_blocks,9443,skip,,,,triangle_alpha
,,,,,,,,,,,,,,,,,,,,,3,,,1,not_enough_blocks,9444,skip,,,,triangle_alpha
,,,,,,,,,,,,,,,,,,,,,3,,,0,not_enough_blocks,9445,skip,,,,triangle_alpha
,,,,,,,,,,,,,,,,,,,,,3,,,1,not_enough_blocks,9446,skip,,,,triangle_alpha
,,,,,,,,,,,,,,,,,,,,,3,,,0,not_enough_blocks,9447,skip,,,,triangle_alpha
,,,,,,,,,,,,,,,,,,,,,3,,,0,not_enough_blocks,9448,skip,,,,triangle_alpha
,,,,,,,,,,,,,,,,,,,,,3,,,0,not_enough_blocks,9449,skip,,,,triangle_alpha
,,,,,,,,,,,,,,,,,,,,,3,,,0,not_enough_blocks,9450,skip,,,,triangle_alpha
,,,,,,,,,,,,,,,,,,,,,3,,,0,not_enough_blocks,9451,skip,,,,triangle_alpha
,,,,,,,,,,,,,,,,,,,,,3,,,0,not_enough_blocks,9452,skip,,,,triangle_alpha
,,,,,,,,,,,,,,,,,,,,,3,,,0,not_enough_blocks,9453,skip,,,,triangle_alpha
,,,,,,,,,,,,,,,,,,,,,3,,,0,not_enough_blocks,9454,skip,,,,triangle_alpha
,,,,,,,,,,,,,,,,,,,,,3,,,2,not_enough_blocks,9455,skip,,,,triangle_alpha
,,,,,,,,,,,,,,,,,,,,,3,,,0,not_enough_blocks,9456,skip,,,,triangle_alpha
,,,,,,,,,,,,,,,,,,,,,3,,,0,not_enough_blocks,9457,skip,,,,triangle_alpha
,,,,,,,,,,,,,,,,,,,,,3,,,0,not_enough_blocks,9458,skip,,,,triangle_alpha
,,,,,,,,,,,,,,,,,,,,,3,,,0,not_enough_blocks,9459,skip,,,,triangle_alpha
,,,,,,,,,,,,,,,,,,,,,3,,,0,not_enough_blocks,9460,skip,,,,triangle_alpha
,,,,,,,,,,,,,,,,,,,,,3,,,0,not_enough_blocks,9461,skip,,,,triangle_alpha
,,,,,,,,,,,,,,,,,,,,,3,,,0,not_enough_blocks,9462,skip,,,,triangle_alpha
,,,,,,,,,,,,,,,,,,,,,3,,,0,not_enough_blocks,9463,skip,,,,triangle_alpha
,,,,,,,,,,,,,,,,,,,,,3,,,0,not_enough_blocks,9464,skip,,,,triangle_alpha
,,,,,,,,,,,,,,,,,,,,,3,,,1,not_enough_blocks,9465,skip,,,,triangle_alpha
,,,,,,,,,,,,,,,,,,,,,3,,,1,not_enough_blocks,9466,skip,,,,triangle_alpha
,,,,,,,,,,,,,,,,,,,,,3,,,0,not_enough_blocks,9467,skip,,,,triangle_alpha
,,,,,,,,,,,,,,,,,,,,,3,,,0,not_enough_blocks,9468,skip,,,,triangle_alpha
,,,,,,,,,,,,,,,,,,,,,3,,,0,not_enough_blocks,9469,skip,,,,triangle_alpha
,,,,,,,,,,,,,,,,,,,,,3,,,1,not_enough_blocks,9470,skip,,,,triangle_alpha
,,,,,,,,,,,,,,,,,,,,,3,,,0,not_enough_blocks,9471,skip,,,,triangle_alpha
,,,,,,,,,,,,,,,,,,,,,3,,,0,not_enough_blocks,9472,skip,,,,triangle_alpha
,,,,,,,,,,,,,,,,,,,,,3,,,0,not_enough_blocks,9473,skip,,,,triangle_alpha
,,,,,,,,,,,,,,,,,,,,,3,,,0,not_enough_blocks,9474,skip,,,,triangle_alpha
,,,,,,,,,,,,,,,,,,,,,3,,,0,not_enough_blocks,9475,skip,,,,triangle_alpha
,,,,,,,,,,,,,,,,,,,,,3,,,0,not_enough_blocks,9476,skip,,,,triangle_alpha
,,,,,,,,,,,,,,,,,,,,,3,,,0,not_enough_blocks,9477,skip,,,,triangle_alpha
,,,,,,,,,,,,,,,,,,,,,3,,,0,not_enough_blocks,9478,skip,,,,triangle_alpha
,,,,,,,,,,,,,,,,,,,,,3,,,0,not_enough_blocks,9479,skip,,,,triangle_alpha
,,,,,,,,,,,,,,,,,,,,,3,,,0,not_enough_blocks,9480,skip,,,,triangle_alpha
,,,,,,,,,,,,,,,,,,,,,3,,,1,not_enough_blocks,9481,skip,,,,triangle_alpha
,,,,,,,,,,,,,,,,,,,,,3,,,0,not_enough_blocks,9482,skip,,,,triangle_alpha
,,,,,,,,,,,,,,,,,,,,,3,,,0,not_enough_blocks,9483,skip,,,,triangle_alpha
,,,,,,,,,,,,,,,,,,,,,3,,,0,not_enough_blocks,9484,skip,,,,triangle_alpha
,,,,,,,,,,,,,,,,,,,,,3,,,0,not_enough_blocks,9485,skip,,,,triangle_alpha
,,,,,,,,,,,,,,,,,,,,,3,,,0,not_enough_blocks,9486,skip,,,,triangle_alpha
,,,,,,,,,,,,,,,,,,,,,3,,,0,not_enough_blocks,9487,skip,,,,triangle_alpha
,,,,,,,,,,,,,,,,,,,,,3,,,0,not_enough_blocks,9488,skip,,,,triangle_alpha
,,,,,,,,,,,,,,,,,,,,,3,,,0,not_enough_blocks,9489,skip,,,,triangle_alpha
,,,,,,,,,,,,,,,,,,,,,3,,,0,not_enough_blocks,9490,skip,,,,triangle_alpha
,,,,,,,,,,,,,,,,,,,,,3,,,0,not_enough_blocks,9491,skip,,,,triangle_alpha
,,,,,,,,,,,,,,,,,,,,,3,,,0,not_enough_blocks,9492,skip,,,,triangle_alpha
,,,,,,,,,,,,,,,,,,,,,3,,,0,not_enough_blocks,9493,skip,,,,triangle_alpha
,,,,,,,,,,,,,,,,,,,,,3,,,0,not_enough_blocks,9494,skip,,,,triangle_alpha
,,,,,,,,,,,,,,,,,,,,,3,,,0,not_enough_blocks,9495,skip,,,,triangle_alpha
,,,,,,,,,,,,,,,,,,,,,3,,,0,not_enough_blocks,9496,skip,,,,triangle_alpha
,,,,,,,,,,,,,,,,,,,,,3,,,0,not_enough_blocks,9497,skip,,,,triangle_alpha
,,,,,,,,,,,,,,,,,,,,,3,,,0,not_enough_blocks,9498,skip,,,,triangle_alpha
,,,,,,,,,,,,,,,,,,,,,3,,,0,not_enough_blocks,9499,skip,,,,triangle_alpha
,,,,,,,,,,,,,,,,,,,,,3,,,0,not_enough_blocks,9500,skip,,,,triangle_alpha
,,,,,,,,,,,,,,,,,,,,,3,,,0,not_enough_blocks,9501,skip,,,,triangle_alpha
,,,,,,,,,,,,,,,,,,,,,3,,,0,not_enough_blocks,9502,skip,,,,triangle_alpha
,,,,,,,,,,,,,,,,,,,,,3,,,0,not_enough_blocks,9503,skip,,,,triangle_alpha
,,,,,,,,,,,,,,,,,,,,,3,,,0,not_enough_blocks,9504,skip,,,,triangle_alpha
,,,,,,,,,,,,,,,,,,,,,3,,,0,not_enough_blocks,9505,skip,,,,triangle_alpha
,,,,,,,,,,,,,,,,,,,,,3,,,0,not_enough_blocks,9506,skip,,,,triangle_alpha
,,,,,,,,,,,,,,,,,,,,,3,,,1,not_enough_blocks,9507,skip,,,,triangle_alpha
,,,,,,,,,,,,,,,,,,,,,3,,,0,not_enough_blocks,9508,skip,,,,triangle_alpha
,,,,,,,,,,,,,,,,,,,,,3,,,0,not_enough_blocks,9509,skip,,,,triangle_alpha
,,,,,,,,,,,,,,,,,,,,,3,,,0,not_enough_blocks,9510,skip,,,,triangle_alpha
,,,,,,,,,,,,,,,,,,,,,3,,,1,not_enough_blocks,9511,skip,,,,triangle_alpha
,,,,,,,,,,,,,,,,,,,,,3,,,0,not_enough_blocks,9512,skip,,,,triangle_alpha
,,,,,,,,,,,,,,,,,,,,,3,,,0,not_enough_blocks,9513,skip,,,,triangle_alpha
,,,,,,,,,,,,,,,,,,,,,3,,,0,not_enough_blocks,9514,skip,,,,triangle_alpha
,,,,,,,,,,,,,,,,,,,,,3,,,0,not_enough_blocks,9515,skip,,,,triangle_alpha
,,,,,,,,,,,,,,,,,,,,,3,,,0,not_enough_blocks,9516,skip,,,,triangle_alpha
,,,,,,,,,,,,,,,,,,,,,3,,,2,not_enough_blocks,9517,skip,,,,triangle_alpha
,,,,,,,,,,,,,,,,,,,,,3,,,0,not_enough_blocks,9518,skip,,,,triangle_alpha
,,,,,,,,,,,,,,,,,,,,,3,,,0,not_enough_blocks,9519,skip,,,,triangle_alpha
,,,,,,,,,,,,,,,,,,,,,3,,,0,not_enough_blocks,9520,skip,,,,triangle_alpha
,,,,,,,,,,,,,,,,,,,,,3,,,0,not_enough_blocks,9521,skip,,,,triangle_alpha
,,,,,,,,,,,,,,,,,,,,,3,,,0,not_enough_blocks,9522,skip,,,,triangle_alpha
,,,,,,,,,,,,,,,,,,,,,3,,,0,not_enough_blocks,9523,skip,,,,triangle_alpha
,,,,,,,,,,,,,,,,,,,,,3,,,0,not_enough_blocks,9524,skip,,,,triangle_alpha
,,,,,,,,,,,,,,,,,,,,,3,,,0,not_enough_blocks,9525,skip,,,,triangle_alpha
,,,,,,,,,,,,,,,,,,,,,3,,,0,not_enough_blocks,9526,skip,,,,triangle_alpha
,,,,,,,,,,,,,,,,,,,,,3,,,0,not_enough_blocks,9527,skip,,,,triangle_alpha
,,,,,,,,,,,,,,,,,,,,,3,,,0,not_enough_blocks,9528,skip,,,,triangle_alpha
,,,,,,,,,,,,,,,,,,,,,3,,,0,not_enough_blocks,9529,skip,,,,triangle_alpha
,,,,,,,,,,,,,,,,,,,,,3,,,0,not_enough_blocks,9530,skip,,,,triangle_alpha
,,,,,,,,,,,,,,,,,,,,,3,,,1,not_enough_blocks,9531,skip,,,,triangle_alpha
,,,,,,,,,,,,,,,,,,,,,3,,,0,not_enough_blocks,9532,skip,,,,triangle_alpha
,,,,,,,,,,,,,,,,,,,,,3,,,0,not_enough_blocks,9533,skip,,,,triangle_alpha
,,,,,,,,,,,,,,,,,,,,,3,,,0,not_enough_blocks,9534,skip,,,,triangle_alpha
,,,,,,,,,,,,,,,,,,,,,3,,,0,not_enough_blocks,9535,skip,,,,triangle_alpha
,,,,,,,,,,,,,,,,,,,,,3,,,1,not_enough_blocks,9536,skip,,,,triangle_alpha
,,,,,,,,,,,,,,,,,,,,,3,,,0,not_enough_blocks,9537,skip,,,,triangle_alpha
,,,,,,,,,,,,,,,,,,,,,3,,,0,not_enough_blocks,9538,skip,,,,triangle_alpha
,,,,,,,,,,,,,,,,,,,,,3,,,1,not_enough_blocks,9539,skip,,,,triangle_alpha
,,,,,,,,,,,,,,,,,,,,,3,,,0,not_enough_blocks,9540,skip,,,,triangle_alpha
,,,,,,,,,,,,,,,,,,,,,3,,,0,not_enough_blocks,9541,skip,,,,triangle_alpha
,,,,,,,,,,,,,,,,,,,,,3,,,0,not_enough_blocks,9542,skip,,,,triangle_alpha
,,,,,,,,,,,,,,,,,,,,,3,,,0,not_enough_blocks,9543,skip,,,,triangle_alpha
,,,,,,,,,,,,,,,,,,,,,3,,,0,not_enough_blocks,9544,skip,,,,triangle_alpha
,,,,,,,,,,,,,,,,,,,,,3,,,0,not_enough_blocks,9545,skip,,,,triangle_alpha
,,,,,,,,,,,,,,,,,,,,,3,,,0,not_enough_blocks,9546,skip,,,,triangle_alpha
,,,,,,,,,,,,,,,,,,,,,3,,,0,not_enough_blocks,9547,skip,,,,triangle_alpha
,,,,,,,,,,,,,,,,,,,,,3,,,1,not_enough_blocks,9548,skip,,,,triangle_alpha
,,,,,,,,,,,,,,,,,,,,,3,,,0,not_enough_blocks,9549,skip,,,,triangle_alpha
,,,,,,,,,,,,,,,,,,,,,3,,,0,not_enough_blocks,9550,skip,,,,triangle_alpha
,,,,,,,,,,,,,,,,,,,,,3,,,0,not_enough_blocks,9551,skip,,,,triangle_alpha
,,,,,,,,,,,,,,,,,,,,,3,,,0,not_enough_blocks,9552,skip,,,,triangle_alpha
,,,,,,,,,,,,,,,,,,,,,3,,,0,not_enough_blocks,9553,skip,,,,triangle_alpha
,,,,,,,,,,,,,,,,,,,,,3,,,0,not_enough_blocks,9554,skip,,,,triangle_alpha
,,,,,,,,,,,,,,,,,,,,,3,,,0,not_enough_blocks,9555,skip,,,,triangle_alpha
,,,,,,,,,,,,,,,,,,,,,3,,,0,not_enough_blocks,9556,skip,,,,triangle_alpha
,,,,,,,,,,,,,,,,,,,,,3,,,0,not_enough_blocks,9557,skip,,,,triangle_alpha
,,,,,,,,,,,,,,,,,,,,,3,,,0,not_enough_blocks,9558,skip,,,,triangle_alpha
,,,,,,,,,,,,,,,,,,,,,3,,,0,not_enough_blocks,9559,skip,,,,triangle_alpha
,,,,,,,,,,,,,,,,,,,,,3,,,0,not_enough_blocks,9560,skip,,,,triangle_alpha
,,,,,,,,,,,,,,,,,,,,,3,,,0,not_enough_blocks,9561,skip,,,,triangle_alpha
,,,,,,,,,,,,,,,,,,,,,3,,,0,not_enough_blocks,9562,skip,,,,triangle_alpha
,,,,,,,,,,,,,,,,,,,,,3,,,0,not_enough_blocks,9563,skip,,,,triangle_alpha
,,,,,,,,,,,,,,,,,,,,,3,,,0,not_enough_blocks,9564,skip,,,,triangle_alpha
,,,,,,,,,,,,,,,,,,,,,3,,,1,not_enough_blocks,9565,skip,,,,triangle_alpha
,,,,,,,,,,,,,,,,,,,,,3,,,0,not_enough_blocks,9566,skip,,,,triangle_alpha
,,,,,,,,,,,,,,,,,,,,,3,,,0,not_enough_blocks,9567,skip,,,,triangle_alpha
,,,,,,,,,,,,,,,,,,,,,3,,,0,not_enough_blocks,9568,skip,,,,triangle_alpha
,,,,,,,,,,,,,,,,,,,,,3,,,0,not_enough_blocks,9569,skip,,,,triangle_alpha
,,,,,,,,,,,,,,,,,,,,,3,,,0,not_enough_blocks,9570,skip,,,,triangle_alpha
,,,,,,,,,,,,,,,,,,,,,3,,,0,not_enough_blocks,9571,skip,,,,triangle_alpha
,,,,,,,,,,,,,,,,,,,,,3,,,0,not_enough_blocks,9572,skip,,,,triangle_alpha
,,,,,,,,,,,,,,,,,,,,,3,,,0,not_enough_blocks,9573,skip,,,,triangle_alpha
,,,,,,,,,,,,,,,,,,,,,3,,,0,not_enough_blocks,9574,skip,,,,triangle_alpha
,,,,,,,,,,,,,,,,,,,,,3,,,0,not_enough_blocks,9575,skip,,,,triangle_alpha
,,,,,,,,,,,,,,,,,,,,,3,,,1,not_enough_blocks,9576,skip,,,,triangle_alpha
,,,,,,,,,,,,,,,,,,,,,3,,,0,not_enough_blocks,9577,skip,,,,triangle_alpha
,,,,,,,,,,,,,,,,,,,,,3,,,1,not_enough_blocks,9578,skip,,,,triangle_alpha
,,,,,,,,,,,,,,,,,,,,,3,,,0,not_enough_blocks,9579,skip,,,,triangle_alpha
,,,,,,,,,,,,,,,,,,,,,3,,,1,not_enough_blocks,9580,skip,,,,triangle_alpha
,,,,,,,,,,,,,,,,,,,,,3,,,0,not_enough_blocks,9581,skip,,,,triangle_alpha
,,,,,,,,,,,,,,,,,,,,,3,,,0,not_enough_blocks,9582,skip,,,,triangle_alpha
,,,,,,,,,,,,,,,,,,,,,3,,,0,not_enough_blocks,9583,skip,,,,triangle_alpha
,,,,,,,,,,,,,,,,,,,,,3,,,0,not_enough_blocks,9584,skip,,,,triangle_alpha
,,,,,,,,,,,,,,,,,,,,,3,,,0,not_enough_blocks,9585,skip,,,,triangle_alpha
,,,,,,,,,,,,,,,,,,,,,3,,,0,not_enough_blocks,9586,skip,,,,triangle_alpha
,,,,,,,,,,,,,,,,,,,,,3,,,0,not_enough_blocks,9587,skip,,,,triangle_alpha
,,,,,,,,,,,,,,,,,,,,,3,,,0,not_enough_blocks,9588,skip,,,,triangle_alpha
,,,,,,,,,,,,,,,,,,,,,3,,,0,not_enough_blocks,9589,skip,,,,triangle_alpha
,,,,,,,,,,,,,,,,,,,,,3,,,0,not_enough_blocks,9590,skip,,,,triangle_alpha
,,,,,,,,,,,,,,,,,,,,,3,,,1,not_enough_blocks,9591,skip,,,,triangle_alpha
,,,,,,,,,,,,,,,,,,,,,3,,,0,not_enough_blocks,9592,skip,,,,triangle_alpha
,,,,,,,,,,,,,,,,,,,,,3,,,0,not_enough_blocks,9593,skip,,,,triangle_alpha
,,,,,,,,,,,,,,,,,,,,,3,,,0,not_enough_blocks,9594,skip,,,,triangle_alpha
,,,,,,,,,,,,,,,,,,,,,3,,,0,not_enough_blocks,9595,skip,,,,triangle_alpha
,,,,,,,,,,,,,,,,,,,,,3,,,0,not_enough_blocks,9596,skip,,,,triangle_alpha
,,,,,,,,,,,,,,,,,,,,,3,,,0,not_enough_blocks,9597,skip,,,,triangle_alpha
,,,,,,,,,,,,,,,,,,,,,3,,,0,not_enough_blocks,9598,skip,,,,triangle_alpha
,,,,,,,,,,,,,,,,,,,,,3,,,0,not_enough_blocks,9599,skip,,,,triangle_alpha
,,,,,,,,,,,,,,,,,,,,,3,,,0,not_enough_blocks,9600,skip,,,,triangle_alpha
,,,,,,,,,,,,,,,,,,,,,3,,,0,not_enough_blocks,9601,skip,,,,triangle_alpha
,,,,,,,,,,,,,,,,,,,,,3,,,2,not_enough_blocks,9602,skip,,,,triangle_alpha
,,,,,,,,,,,,,,,,,,,,,3,,,0,not_enough_blocks,9603,skip,,,,triangle_alpha
,,,,,,,,,,,,,,,,,,,,,3,,,0,not_enough_blocks,9604,skip,,,,triangle_alpha
,,,,,,,,,,,,,,,,,,,,,3,,,0,not_enough_blocks,9605,skip,,,,triangle_alpha
,,,,,,,,,,,,,,,,,,,,,3,,,0,not_enough_blocks,9606,skip,,,,triangle_alpha
,,,,,,,,,,,,,,,,,,,,,3,,,1,not_enough_blocks,9607,skip,,,,triangle_alpha
,,,,,,,,,,,,,,,,,,,,,3,,,0,not_enough_blocks,9608,skip,,,,triangle_alpha
,,,,,,,,,,,,,,,,,,,,,3,,,0,not_enough_blocks,9609,skip,,,,triangle_alpha
,,,,,,,,,,,,,,,,,,,,,3,,,0,not_enough_blocks,9610,skip,,,,triangle_alpha
,,,,,,,,,,,,,,,,,,,,,3,,,0,not_enough_blocks,9611,skip,,,,triangle_alpha
,,,,,,,,,,,,,,,,,,,,,3,,,0,not_enough_blocks,9612,skip,,,,triangle_alpha
,,,,,,,,,,,,,,,,,,,,,3,,,0,not_enough_blocks,9613,skip,,,,triangle_alpha
,,,,,,,,,,,,,,,,,,,,,3,,,0,not_enough_blocks,9614,skip,,,,triangle_alpha
,,,,,,,,,,,,,,,,,,,,,3,,,0,not_enough_blocks,9615,skip,,,,triangle_alpha
,,,,,,,,,,,,,,,,,,,,,3,,,0,not_enough_blocks,9616,skip,,,,triangle_alpha
,,,,,,,,,,,,,,,,,,,,,3,,,0,not_enough_blocks,9617,skip,,,,triangle_alpha
,,,,,,,,,,,,,,,,,,,,,3,,,0,not_enough_blocks,9618,skip,,,,triangle_alpha
,,,,,,,,,,,,,,,,,,,,,3,,,0,not_enough_blocks,9619,skip,,,,triangle_alpha
,,,,,,,,,,,,,,,,,,,,,3,,,0,not_enough_blocks,9620,skip,,,,triangle_alpha
,,,,,,,,,,,,,,,,,,,,,3,,,0,not_enough_blocks,9621,skip,,,,triangle_alpha
,,,,,,,,,,,,,,,,,,,,,3,,,0,not_enough_blocks,9622,skip,,,,triangle_alpha
,,,,,,,,,,,,,,,,,,,,,3,,,1,not_enough_blocks,9623,skip,,,,triangle_alpha
,,,,,,,,,,,,,,,,,,,,,3,,,1,not_enough_blocks,9624,skip,,,,triangle_alpha
,,,,,,,,,,,,,,,,,,,,,3,,,0,not_enough_blocks,9625,skip,,,,triangle_alpha
,,,,,,,,,,,,,,,,,,,,,3,,,0,not_enough_blocks,9626,skip,,,,triangle_alpha
,,,,,,,,,,,,,,,,,,,,,3,,,1,not_enough_blocks,9627,skip,,,,triangle_alpha
,,,,,,,,,,,,,,,,,,,,,3,,,0,not_enough_blocks,9628,skip,,,,triangle_alpha
,,,,,,,,,,,,,,,,,,,,,3,,,0,not_enough_blocks,9629,skip,,,,triangle_alpha
,,,,,,,,,,,,,,,,,,,,,3,,,1,not_enough_blocks,9630,skip,,,,triangle_alpha
,,,,,,,,,,,,,,,,,,,,,3,,,1,not_enough_blocks,9631,skip,,,,triangle_alpha
,,,,,,,,,,,,,,,,,,,,,3,,,1,not_enough_blocks,9632,skip,,,,triangle_alpha
,,,,,,,,,,,,,,,,,,,,,3,,,0,not_enough_blocks,9633,skip,,,,triangle_alpha
,,,,,,,,,,,,,,,,,,,,,3,,,0,not_enough_blocks,9634,skip,,,,triangle_alpha
,,,,,,,,,,,,,,,,,,,,,3,,,0,not_enough_blocks,9635,skip,,,,triangle_alpha
,,,,,,,,,,,,,,,,,,,,,3,,,0,not_enough_blocks,9636,skip,,,,triangle_alpha
,,,,,,,,,,,,,,,,,,,,,3,,,0,not_enough_blocks,9637,skip,,,,triangle_alpha
,,,,,,,,,,,,,,,,,,,,,3,,,0,not_enough_blocks,9638,skip,,,,triangle_alpha
,,,,,,,,,,,,,,,,,,,,,3,,,1,not_enough_blocks,9639,skip,,,,triangle_alpha
,,,,,,,,,,,,,,,,,,,,,3,,,0,not_enough_blocks,9640,skip,,,,triangle_alpha
,,,,,,,,,,,,,,,,,,,,,3,,,0,not_enough_blocks,9641,skip,,,,triangle_alpha
,,,,,,,,,,,,,,,,,,,,,3,,,0,not_enough_blocks,9642,skip,,,,triangle_alpha
,,,,,,,,,,,,,,,,,,,,,3,,,0,not_enough_blocks,9643,skip,,,,triangle_alpha
,,,,,,,,,,,,,,,,,,,,,3,,,0,not_enough_blocks,9644,skip,,,,triangle_alpha
,,,,,,,,,,,,,,,,,,,,,3,,,1,not_enough_blocks,9645,skip,,,,triangle_alpha
,,,,,,,,,,,,,,,,,,,,,3,,,0,not_enough_blocks,9646,skip,,,,triangle_alpha
,,,,,,,,,,,,,,,,,,,,,3,,,0,not_enough_blocks,9647,skip,,,,triangle_alpha
,,,,,,,,,,,,,,,,,,,,,3,,,0,not_enough_blocks,9648,skip,,,,triangle_alpha
,,,,,,,,,,,,,,,,,,,,,3,,,0,not_enough_blocks,9649,skip,,,,triangle_alpha
,,,,,,,,,,,,,,,,,,,,,3,,,0,not_enough_blocks,9650,skip,,,,triangle_alpha
,,,,,,,,,,,,,,,,,,,,,3,,,0,not_enough_blocks,9651,skip,,,,triangle_alpha
,,,,,,,,,,,,,,,,,,,,,3,,,0,not_enough_blocks,9652,skip,,,,triangle_alpha
,,,,,,,,,,,,,,,,,,,,,3,,,0,not_enough_blocks,9653,skip,,,,triangle_alpha
,,,,,,,,,,,,,,,,,,,,,3,,,0,not_enough_blocks,9654,skip,,,,triangle_alpha
,,,,,,,,,,,,,,,,,,,,,3,,,0,not_enough_blocks,9655,skip,,,,triangle_alpha
,,,,,,,,,,,,,,,,,,,,,3,,,1,not_enough_blocks,9656,skip,,,,triangle_alpha
,,,,,,,,,,,,,,,,,,,,,3,,,0,not_enough_blocks,9657,skip,,,,triangle_alpha
,,,,,,,,,,,,,,,,,,,,,3,,,0,not_enough_blocks,9658,skip,,,,triangle_alpha
,,,,,,,,,,,,,,,,,,,,,3,,,0,not_enough_blocks,9659,skip,,,,triangle_alpha
,,,,,,,,,,,,,,,,,,,,,3,,,0,not_enough_blocks,9660,skip,,,,triangle_alpha
,,,,,,,,,,,,,,,,,,,,,3,,,0,not_enough_blocks,9661,skip,,,,triangle_alpha
,,,,,,,,,,,,,,,,,,,,,3,,,0,not_enough_blocks,9662,skip,,,,triangle_alpha
,,,,,,,,,,,,,,,,,,,,,3,,,0,not_enough_blocks,9663,skip,,,,triangle_alpha
,,,,,,,,,,,,,,,,,,,,,3,,,0,not_enough_blocks,9664,skip,,,,triangle_alpha
,,,,,,,,,,,,,,,,,,,,,3,,,1,not_enough_blocks,9665,skip,,,,triangle_alpha
,,,,,,,,,,,,,,,,,,,,,3,,,0,not_enough_blocks,9666,skip,,,,triangle_alpha
,,,,,,,,,,,,,,,,,,,,,3,,,0,not_enough_blocks,9667,skip,,,,triangle_alpha
,,,,,,,,,,,,,,,,,,,,,3,,,0,not_enough_blocks,9668,skip,,,,triangle_alpha
,,,,,,,,,,,,,,,,,,,,,3,,,0,not_enough_blocks,9669,skip,,,,triangle_alpha
,,,,,,,,,,,,,,,,,,,,,3,,,0,not_enough_blocks,9670,skip,,,,triangle_alpha
,,,,,,,,,,,,,,,,,,,,,3,,,0,not_enough_blocks,9671,skip,,,,triangle_alpha
,,,,,,,,,,,,,,,,,,,,,3,,,0,not_enough_blocks,9672,skip,,,,triangle_alpha
,,,,,,,,,,,,,,,,,,,,,3,,,1,not_enough_blocks,9673,skip,,,,triangle_alpha
,,,,,,,,,,,,,,,,,,,,,3,,,1,not_enough_blocks,9674,skip,,,,triangle_alpha
,,,,,,,,,,,,,,,,,,,,,3,,,0,not_enough_blocks,9675,skip,,,,triangle_alpha
,,,,,,,,,,,,,,,,,,,,,3,,,0,not_enough_blocks,9676,skip,,,,triangle_alpha
,,,,,,,,,,,,,,,,,,,,,3,,,1,not_enough_blocks,9677,skip,,,,triangle_alpha
,,,,,,,,,,,,,,,,,,,,,3,,,0,not_enough_blocks,9678,skip,,,,triangle_alpha
,,,,,,,,,,,,,,,,,,,,,3,,,0,not_enough_blocks,9679,skip,,,,triangle_alpha
,,,,,,,,,,,,,,,,,,,,,3,,,0,not_enough_blocks,9680,skip,,,,triangle_alpha
,,,,,,,,,,,,,,,,,,,,,3,,,0,not_enough_blocks,9681,skip,,,,triangle_alpha
,,,,,,,,,,,,,,,,,,,,,3,,,0,not_enough_blocks,9682,skip,,,,triangle_alpha
,,,,,,,,,,,,,,,,,,,,,3,,,0,not_enough_blocks,9683,skip,,,,triangle_alpha
,,,,,,,,,,,,,,,,,,,,,3,,,0,not_enough_blocks,9684,skip,,,,triangle_alpha
,,,,,,,,,,,,,,,,,,,,,3,,,0,not_enough_blocks,9685,skip,,,,triangle_alpha
,,,,,,,,,,,,,,,,,,,,,3,,,0,not_enough_blocks,9686,skip,,,,triangle_alpha
,,,,,,,,,,,,,,,,,,,,,3,,,0,not_enough_blocks,9687,skip,,,,triangle_alpha
,,,,,,,,,,,,,,,,,,,,,3,,,0,not_enough_blocks,9688,skip,,,,triangle_alpha
,,,,,,,,,,,,,,,,,,,,,3,,,0,not_enough_blocks,9689,skip,,,,triangle_alpha
,,,,,,,,,,,,,,,,,,,,,3,,,0,not_enough_blocks,9690,skip,,,,triangle_alpha
,,,,,,,,,,,,,,,,,,,,,3,,,0,not_enough_blocks,9691,skip,,,,triangle_alpha
,,,,,,,,,,,,,,,,,,,,,3,,,0,not_enough_blocks,9692,skip,,,,triangle_alpha
,,,,,,,,,,,,,,,,,,,,,3,,,0,not_enough_blocks,9693,skip,,,,triangle_alpha
,,,,,,,,,,,,,,,,,,,,,3,,,1,not_enough_blocks,9694,skip,,,,triangle_alpha
,,,,,,,,,,,,,,,,,,,,,3,,,0,not_enough_blocks,9695,skip,,,,triangle_alpha
,,,,,,,,,,,,,,,,,,,,,3,,,0,not_enough_blocks,9696,skip,,,,triangle_alpha
,,,,,,,,,,,,,,,,,,,,,3,,,1,not_enough_blocks,9697,skip,,,,triangle_alpha
,,,,,,,,,,,,,,,,,,,,,3,,,0,not_enough_blocks,9698,skip,,,,triangle_alpha
,,,,,,,,,,,,,,,,,,,,,3,,,0,not_enough_blocks,9699,skip,,,,triangle_alpha
,,,,,,,,,,,,,,,,,,,,,3,,,0,not_enough_blocks,9700,skip,,,,triangle_alpha
,,,,,,,,,,,,,,,,,,,,,3,,,0,not_enough_blocks,9701,skip,,,,triangle_alpha
,,,,,,,,,,,,,,,,,,,,,3,,,0,not_enough_blocks,9702,skip,,,,triangle_alpha
,,,,,,,,,,,,,,,,,,,,,3,,,0,not_enough_blocks,9703,skip,,,,triangle_alpha
,,,,,,,,,,,,,,,,,,,,,3,,,0,not_enough_blocks,9704,skip,,,,triangle_alpha
,,,,,,,,,,,,,,,,,,,,,3,,,1,not_enough_blocks,9705,skip,,,,triangle_alpha
,,,,,,,,,,,,,,,,,,,,,3,,,0,not_enough_blocks,9706,skip,,,,triangle_alpha
,,,,,,,,,,,,,,,,,,,,,3,,,0,not_enough_blocks,9707,skip,,,,triangle_alpha
,,,,,,,,,,,,,,,,,,,,,3,,,0,not_enough_blocks,9708,skip,,,,triangle_alpha
,,,,,,,,,,,,,,,,,,,,,3,,,1,not_enough_blocks,9709,skip,,,,triangle_alpha
,,,,,,,,,,,,,,,,,,,,,3,,,0,not_enough_blocks,9710,skip,,,,triangle_alpha
,,,,,,,,,,,,,,,,,,,,,3,,,0,not_enough_blocks,9711,skip,,,,triangle_alpha
,,,,,,,,,,,,,,,,,,,,,3,,,0,not_enough_blocks,9712,skip,,,,triangle_alpha
,,,,,,,,,,,,,,,,,,,,,3,,,0,not_enough_blocks,9713,skip,,,,triangle_alpha
,,,,,,,,,,,,,,,,,,,,,3,,,0,not_enough_blocks,9714,skip,,,,triangle_alpha
,,,,,,,,,,,,,,,,,,,,,3,,,0,not_enough_blocks,9715,skip,,,,triangle_alpha
,,,,,,,,,,,,,,,,,,,,,3,,,1,not_enough_blocks,9716,skip,,,,triangle_alpha
,,,,,,,,,,,,,,,,,,,,,3,,,0,not_enough_blocks,9717,skip,,,,triangle_alpha
,,,,,,,,,,,,,,,,,,,,,3,,,1,not_enough_blocks,9718,skip,,,,triangle_alpha
,,,,,,,,,,,,,,,,,,,,,3,,,0,not_enough_blocks,9719,skip,,,,triangle_alpha
,,,,,,,,,,,,,,,,,,,,,3,,,1,not_enough_blocks,9720,skip,,,,triangle_alpha
,,,,,,,,,,,,,,,,,,,,,3,,,0,not_enough_blocks,9721,skip,,,,triangle_alpha
,,,,,,,,,,,,,,,,,,,,,3,,,0,not_enough_blocks,9722,skip,,,,triangle_alpha
,,,,,,,,,,,,,,,,,,,,,3,,,0,not_enough_blocks,9723,skip,,,,triangle_alpha
,,,,,,,,,,,,,,,,,,,,,3,,,0,not_enough_blocks,9724,skip,,,,triangle_alpha
,,,,,,,,,,,,,,,,,,,,,3,,,0,not_enough_blocks,9725,skip,,,,triangle_alpha
,,,,,,,,,,,,,,,,,,,,,3,,,0,not_enough_blocks,9726,skip,,,,triangle_alpha
,,,,,,,,,,,,,,,,,,,,,3,,,0,not_enough_blocks,9727,skip,,,,triangle_alpha
,,,,,,,,,,,,,,,,,,,,,3,,,0,not_enough_blocks,9728,skip,,,,triangle_alpha
,,,,,,,,,,,,,,,,,,,,,3,,,0,not_enough_blocks,9729,skip,,,,triangle_alpha
,,,,,,,,,,,,,,,,,,,,,3,,,0,not_enough_blocks,9730,skip,,,,triangle_alpha
,,,,,,,,,,,,,,,,,,,,,3,,,2,not_enough_blocks,9731,skip,,,,triangle_alpha
,,,,,,,,,,,,,,,,,,,,,3,,,0,not_enough_blocks,9732,skip,,,,triangle_alpha
,,,,,,,,,,,,,,,,,,,,,3,,,0,not_enough_blocks,9733,skip,,,,triangle_alpha
,,,,,,,,,,,,,,,,,,,,,3,,,1,not_enough_blocks,9734,skip,,,,triangle_alpha
,,,,,,,,,,,,,,,,,,,,,3,,,0,not_enough_blocks,9735,skip,,,,triangle_alpha
,,,,,,,,,,,,,,,,,,,,,3,,,0,not_enough_blocks,9736,skip,,,,triangle_alpha
,,,,,,,,,,,,,,,,,,,,,3,,,0,not_enough_blocks,9737,skip,,,,triangle_alpha
,,,,,,,,,,,,,,,,,,,,,3,,,0,not_enough_blocks,9738,skip,,,,triangle_alpha
,,,,,,,,,,,,,,,,,,,,,3,,,0,not_enough_blocks,9739,skip,,,,triangle_alpha
,,,,,,,,,,,,,,,,,,,,,3,,,0,not_enough_blocks,9740,skip,,,,triangle_alpha
,,,,,,,,,,,,,,,,,,,,,3,,,0,not_enough_blocks,9741,skip,,,,triangle_alpha
,,,,,,,,,,,,,,,,,,,,,3,,,0,not_enough_blocks,9742,skip,,,,triangle_alpha
,,,,,,,,,,,,,,,,,,,,,3,,,1,not_enough_blocks,9743,skip,,,,triangle_alpha
,,,,,,,,,,,,,,,,,,,,,3,,,1,not_enough_blocks,9744,skip,,,,triangle_alpha
,,,,,,,,,,,,,,,,,,,,,3,,,1,not_enough_blocks,9745,skip,,,,triangle_alpha
,,,,,,,,,,,,,,,,,,,,,3,,,0,not_enough_blocks,9746,skip,,,,triangle_alpha
,,,,,,,,,,,,,,,,,,,,,3,,,0,not_enough_blocks,9747,skip,,,,triangle_alpha
,,,,,,,,,,,,,,,,,,,,,3,,,0,not_enough_blocks,9748,skip,,,,triangle_alpha
,,,,,,,,,,,,,,,,,,,,,3,,,1,not_enough_blocks,9749,skip,,,,triangle_alpha
,,,,,,,,,,,,,,,,,,,,,3,,,0,not_enough_blocks,9750,skip,,,,triangle_alpha
,,,,,,,,,,,,,,,,,,,,,3,,,0,not_enough_blocks,9751,skip,,,,triangle_alpha
,,,,,,,,,,,,,,,,,,,,,3,,,1,not_enough_blocks,9752,skip,,,,triangle_alpha
,,,,,,,,,,,,,,,,,,,,,3,,,0,not_enough_blocks,9753,skip,,,,triangle_alpha
,,,,,,,,,,,,,,,,,,,,,3,,,2,not_enough_blocks,9754,skip,,,,triangle_alpha
,,,,,,,,,,,,,,,,,,,,,3,,,0,not_enough_blocks,9755,skip,,,,triangle_alpha
,,,,,,,,,,,,,,,,,,,,,3,,,0,not_enough_blocks,9756,skip,,,,triangle_alpha
,,,,,,,,,,,,,,,,,,,,,3,,,0,not_enough_blocks,9757,skip,,,,triangle_alpha
,,,,,,,,,,,,,,,,,,,,,3,,,0,not_enough_blocks,9758,skip,,,,triangle_alpha
,,,,,,,,,,,,,,,,,,,,,3,,,0,not_enough_blocks,9759,skip,,,,triangle_alpha
,,,,,,,,,,,,,,,,,,,,,3,,,0,not_enough_blocks,9760,skip,,,,triangle_alpha
,,,,,,,,,,,,,,,,,,,,,3,,,0,not_enough_blocks,9761,skip,,,,triangle_alpha
,,,,,,,,,,,,,,,,,,,,,3,,,0,not_enough_blocks,9762,skip,,,,triangle_alpha
,,,,,,,,,,,,,,,,,,,,,3,,,0,not_enough_blocks,9763,skip,,,,triangle_alpha
,,,,,,,,,,,,,,,,,,,,,3,,,0,not_enough_blocks,9764,skip,,,,triangle_alpha
,,,,,,,,,,,,,,,,,,,,,3,,,1,not_enough_blocks,9765,skip,,,,triangle_alpha
,,,,,,,,,,,,,,,,,,,,,3,,,0,not_enough_blocks,9766,skip,,,,triangle_alpha
,,,,,,,,,,,,,,,,,,,,,3,,,0,not_enough_blocks,9767,skip,,,,triangle_alpha
,,,,,,,,,,,,,,,,,,,,,3,,,0,not_enough_blocks,9768,skip,,,,triangle_alpha
,,,,,,,,,,,,,,,,,,,,,3,,,1,not_enough_blocks,9769,skip,,,,triangle_alpha
,,,,,,,,,,,,,,,,,,,,,3,,,0,not_enough_blocks,9770,skip,,,,triangle_alpha
,,,,,,,,,,,,,,,,,,,,,3,,,0,not_enough_blocks,9771,skip,,,,triangle_alpha
,,,,,,,,,,,,,,,,,,,,,3,,,0,not_enough_blocks,9772,skip,,,,triangle_alpha
,,,,,,,,,,,,,,,,,,,,,3,,,0,not_enough_blocks,9773,skip,,,,triangle_alpha
,,,,,,,,,,,,,,,,,,,,,3,,,0,not_enough_blocks,9774,skip,,,,triangle_alpha
,,,,,,,,,,,,,,,,,,,,,3,,,1,not_enough_blocks,9775,skip,,,,triangle_alpha
,,,,,,,,,,,,,,,,,,,,,3,,,1,not_enough_blocks,9776,skip,,,,triangle_alpha
,,,,,,,,,,,,,,,,,,,,,3,,,0,not_enough_blocks,9777,skip,,,,triangle_alpha
,,,,,,,,,,,,,,,,,,,,,3,,,0,not_enough_blocks,9778,skip,,,,triangle_alpha
,,,,,,,,,,,,,,,,,,,,,3,,,0,not_enough_blocks,9779,skip,,,,triangle_alpha
,,,,,,,,,,,,,,,,,,,,,3,,,0,not_enough_blocks,9780,skip,,,,triangle_alpha
,,,,,,,,,,,,,,,,,,,,,3,,,0,not_enough_blocks,9781,skip,,,,triangle_alpha
,,,,,,,,,,,,,,,,,,,,,3,,,0,not_enough_blocks,9782,skip,,,,triangle_alpha
,,,,,,,,,,,,,,,,,,,,,3,,,0,not_enough_blocks,9783,skip,,,,triangle_alpha
,,,,,,,,,,,,,,,,,,,,,3,,,0,not_enough_blocks,9784,skip,,,,triangle_alpha
,,,,,,,,,,,,,,,,,,,,,3,,,0,not_enough_blocks,9785,skip,,,,triangle_alpha
,,,,,,,,,,,,,,,,,,,,,3,,,0,not_enough_blocks,9786,skip,,,,triangle_alpha
,,,,,,,,,,,,,,,,,,,,,3,,,0,not_enough_blocks,9787,skip,,,,triangle_alpha
,,,,,,,,,,,,,,,,,,,,,3,,,0,not_enough_blocks,9788,skip,,,,triangle_alpha
,,,,,,,,,,,,,,,,,,,,,3,,,0,not_enough_blocks,9789,skip,,,,triangle_alpha
,,,,,,,,,,,,,,,,,,,,,3,,,0,not_enough_blocks,9790,skip,,,,triangle_alpha
,,,,,,,,,,,,,,,,,,,,,3,,,1,not_enough_blocks,9791,skip,,,,triangle_alpha
,,,,,,,,,,,,,,,,,,,,,3,,,0,not_enough_blocks,9792,skip,,,,triangle_alpha
,,,,,,,,,,,,,,,,,,,,,3,,,0,not_enough_blocks,9793,skip,,,,triangle_alpha
,,,,,,,,,,,,,,,,,,,,,3,,,0,not_enough_blocks,9794,skip,,,,triangle_alpha
,,,,,,,,,,,,,,,,,,,,,3,,,1,not_enough_blocks,9795,skip,,,,triangle_alpha
,,,,,,,,,,,,,,,,,,,,,3,,,0,not_enough_blocks,9796,skip,,,,triangle_alpha
,,,,,,,,,,,,,,,,,,,,,3,,,0,not_enough_blocks,9797,skip,,,,triangle_alpha
,,,,,,,,,,,,,,,,,,,,,3,,,0,not_enough_blocks,9798,skip,,,,triangle_alpha
,,,,,,,,,,,,,,,,,,,,,3,,,0,not_enough_blocks,9799,skip,,,,triangle_alpha
,,,,,,,,,,,,,,,,,,,,,3,,,0,not_enough_blocks,9800,skip,,,,triangle_alpha
,,,,,,,,,,,,,,,,,,,,,3,,,0,not_enough_blocks,9801,skip,,,,triangle_alpha
,,,,,,,,,,,,,,,,,,,,,3,,,0,not_enough_blocks,9802,skip,,,,triangle_alpha
,,,,,,,,,,,,,,,,,,,,,3,,,0,not_enough_blocks,9803,skip,,,,triangle_alpha
,,,,,,,,,,,,,,,,,,,,,3,,,0,not_enough_blocks,9804,skip,,,,triangle_alpha
,,,,,,,,,,,,,,,,,,,,,3,,,0,not_enough_blocks,9805,skip,,,,triangle_alpha
,,,,,,,,,,,,,,,,,,,,,3,,,0,not_enough_blocks,9806,skip,,,,triangle_alpha
,,,,,,,,,,,,,,,,,,,,,3,,,0,not_enough_blocks,9807,skip,,,,triangle_alpha
,,,,,,,,,,,,,,,,,,,,,3,,,0,not_enough_blocks,9808,skip,,,,triangle_alpha
,,,,,,,,,,,,,,,,,,,,,3,,,0,not_enough_blocks,9809,skip,,,,triangle_alpha
,,,,,,,,,,,,,,,,,,,,,3,,,0,not_enough_blocks,9810,skip,,,,triangle_alpha
,,,,,,,,,,,,,,,,,,,,,3,,,0,not_enough_blocks,9811,skip,,,,triangle_alpha
,,,,,,,,,,,,,,,,,,,,,3,,,0,not_enough_blocks,9812,skip,,,,triangle_alpha
,,,,,,,,,,,,,,,,,,,,,3,,,0,not_enough_blocks,9813,skip,,,,triangle_alpha
,,,,,,,,,,,,,,,,,,,,,3,,,0,not_enough_blocks,9814,skip,,,,triangle_alpha
,,,,,,,,,,,,,,,,,,,,,3,,,0,not_enough_blocks,9815,skip,,,,triangle_alpha
,,,,,,,,,,,,,,,,,,,,,3,,,0,not_enough_blocks,9816,skip,,,,triangle_alpha
,,,,,,,,,,,,,,,,,,,,,3,,,1,not_enough_blocks,9817,skip,,,,triangle_alpha
,,,,,,,,,,,,,,,,,,,,,3,,,1,not_enough_blocks,9818,skip,,,,triangle_alpha
,,,,,,,,,,,,,,,,,,,,,3,,,0,not_enough_blocks,9819,skip,,,,triangle_alpha
,,,,,,,,,,,,,,,,,,,,,3,,,1,not_enough_blocks,9820,skip,,,,triangle_alpha
,,,,,,,,,,,,,,,,,,,,,3,,,1,not_enough_blocks,9821,skip,,,,triangle_alpha
,,,,,,,,,,,,,,,,,,,,,3,,,1,not_enough_blocks,9822,skip,,,,triangle_alpha
,,,,,,,,,,,,,,,,,,,,,3,,,0,not_enough_blocks,9823,skip,,,,triangle_alpha
,,,,,,,,,,,,,,,,,,,,,3,,,0,not_enough_blocks,9824,skip,,,,triangle_alpha
,,,,,,,,,,,,,,,,,,,,,3,,,0,not_enough_blocks,9825,skip,,,,triangle_alpha
,,,,,,,,,,,,,,,,,,,,,3,,,0,not_enough_blocks,9826,skip,,,,triangle_alpha
,,,,,,,,,,,,,,,,,,,,,3,,,0,not_enough_blocks,9827,skip,,,,triangle_alpha
,,,,,,,,,,,,,,,,,,,,,3,,,0,not_enough_blocks,9828,skip,,,,triangle_alpha
,,,,,,,,,,,,,,,,,,,,,3,,,1,not_enough_blocks,9829,skip,,,,triangle_alpha
,,,,,,,,,,,,,,,,,,,,,3,,,0,not_enough_blocks,9830,skip,,,,triangle_alpha
,,,,,,,,,,,,,,,,,,,,,3,,,0,not_enough_blocks,9831,skip,,,,triangle_alpha
,,,,,,,,,,,,,,,,,,,,,3,,,1,not_enough_blocks,9832,skip,,,,triangle_alpha
,,,,,,,,,,,,,,,,,,,,,3,,,0,not_enough_blocks,9833,skip,,,,triangle_alpha
,,,,,,,,,,,,,,,,,,,,,3,,,0,not_enough_blocks,9834,skip,,,,triangle_alpha
,,,,,,,,,,,,,,,,,,,,,3,,,1,not_enough_blocks,9835,skip,,,,triangle_alpha
,,,,,,,,,,,,,,,,,,,,,3,,,0,not_enough_blocks,9836,skip,,,,triangle_alpha
,,,,,,,,,,,,,,,,,,,,,3,,,0,not_enough_blocks,9837,skip,,,,triangle_alpha
,,,,,,,,,,,,,,,,,,,,,3,,,0,not_enough_blocks,9838,skip,,,,triangle_alpha
,,,,,,,,,,,,,,,,,,,,,3,,,0,not_enough_blocks,9839,skip,,,,triangle_alpha
,,,,,,,,,,,,,,,,,,,,,3,,,0,not_enough_blocks,9840,skip,,,,triangle_alpha
,,,,,,,,,,,,,,,,,,,,,3,,,1,not_enough_blocks,9841,skip,,,,triangle_alpha
,,,,,,,,,,,,,,,,,,,,,3,,,0,not_enough_blocks,9842,skip,,,,triangle_alpha
,,,,,,,,,,,,,,,,,,,,,3,,,0,not_enough_blocks,9843,skip,,,,triangle_alpha
,,,,,,,,,,,,,,,,,,,,,3,,,0,not_enough_blocks,9844,skip,,,,triangle_alpha
,,,,,,,,,,,,,,,,,,,,,3,,,0,not_enough_blocks,9845,skip,,,,triangle_alpha
,,,,,,,,,,,,,,,,,,,,,3,,,0,not_enough_blocks,9846,skip,,,,triangle_alpha
,,,,,,,,,,,,,,,,,,,,,3,,,0,not_enough_blocks,9847,skip,,,,triangle_alpha
,,,,,,,,,,,,,,,,,,,,,3,,,0,not_enough_blocks,9848,skip,,,,triangle_alpha
,,,,,,,,,,,,,,,,,,,,,3,,,0,not_enough_blocks,9849,skip,,,,triangle_alpha
,,,,,,,,,,,,,,,,,,,,,3,,,0,not_enough_blocks,9850,skip,,,,triangle_alpha
,,,,,,,,,,,,,,,,,,,,,3,,,0,not_enough_blocks,9851,skip,,,,triangle_alpha
,,,,,,,,,,,,,,,,,,,,,3,,,0,not_enough_blocks,9852,skip,,,,triangle_alpha
,,,,,,,,,,,,,,,,,,,,,3,,,0,not_enough_blocks,9853,skip,,,,triangle_alpha
,,,,,,,,,,,,,,,,,,,,,3,,,0,not_enough_blocks,9854,skip,,,,triangle_alpha
,,,,,,,,,,,,,,,,,,,,,3,,,0,not_enough_blocks,9855,skip,,,,triangle_alpha
,,,,,,,,,,,,,,,,,,,,,3,,,0,not_enough_blocks,9856,skip,,,,triangle_alpha
,,,,,,,,,,,,,,,,,,,,,3,,,0,not_enough_blocks,9857,skip,,,,triangle_alpha
,,,,,,,,,,,,,,,,,,,,,3,,,0,not_enough_blocks,9858,skip,,,,triangle_alpha
,,,,,,,,,,,,,,,,,,,,,3,,,0,not_enough_blocks,9859,skip,,,,triangle_alpha
,,,,,,,,,,,,,,,,,,,,,3,,,0,not_enough_blocks,9860,skip,,,,triangle_alpha
,,,,,,,,,,,,,,,,,,,,,3,,,0,not_enough_blocks,9861,skip,,,,triangle_alpha
,,,,,,,,,,,,,,,,,,,,,3,,,0,not_enough_blocks,9862,skip,,,,triangle_alpha
,,,,,,,,,,,,,,,,,,,,,3,,,0,not_enough_blocks,9863,skip,,,,triangle_alpha
,,,,,,,,,,,,,,,,,,,,,3,,,0,not_enough_blocks,9864,skip,,,,triangle_alpha
,,,,,,,,,,,,,,,,,,,,,3,,,0,not_enough_blocks,9865,skip,,,,triangle_alpha
,,,,,,,,,,,,,,,,,,,,,3,,,0,not_enough_blocks,9866,skip,,,,triangle_alpha
,,,,,,,,,,,,,,,,,,,,,3,,,0,not_enough_blocks,9867,skip,,,,triangle_alpha
,,,,,,,,,,,,,,,,,,,,,3,,,1,not_enough_blocks,9868,skip,,,,triangle_alpha
,,,,,,,,,,,,,,,,,,,,,3,,,0,not_enough_blocks,9869,skip,,,,triangle_alpha
,,,,,,,,,,,,,,,,,,,,,3,,,0,not_enough_blocks,9870,skip,,,,triangle_alpha
,,,,,,,,,,,,,,,,,,,,,3,,,1,not_enough_blocks,9871,skip,,,,triangle_alpha
,,,,,,,,,,,,,,,,,,,,,3,,,0,not_enough_blocks,9872,skip,,,,triangle_alpha
,,,,,,,,,,,,,,,,,,,,,3,,,1,not_enough_blocks,9873,skip,,,,triangle_alpha
,,,,,,,,,,,,,,,,,,,,,3,,,0,not_enough_blocks,9874,skip,,,,triangle_alpha
,,,,,,,,,,,,,,,,,,,,,3,,,0,not_enough_blocks,9875,skip,,,,triangle_alpha
,,,,,,,,,,,,,,,,,,,,,3,,,1,not_enough_blocks,9876,skip,,,,triangle_alpha
,,,,,,,,,,,,,,,,,,,,,3,,,0,not_enough_blocks,9877,skip,,,,triangle_alpha
,,,,,,,,,,,,,,,,,,,,,3,,,0,not_enough_blocks,9878,skip,,,,triangle_alpha
,,,,,,,,,,,,,,,,,,,,,3,,,0,not_enough_blocks,9879,skip,,,,triangle_alpha
,,,,,,,,,,,,,,,,,,,,,3,,,0,not_enough_blocks,9880,skip,,,,triangle_alpha
,,,,,,,,,,,,,,,,,,,,,3,,,0,not_enough_blocks,9881,skip,,,,triangle_alpha
,,,,,,,,,,,,,,,,,,,,,3,,,0,not_enough_blocks,9882,skip,,,,triangle_alpha
,,,,,,,,,,,,,,,,,,,,,3,,,0,not_enough_blocks,9883,skip,,,,triangle_alpha
,,,,,,,,,,,,,,,,,,,,,3,,,1,not_enough_blocks,9884,skip,,,,triangle_alpha
,,,,,,,,,,,,,,,,,,,,,3,,,0,not_enough_blocks,9885,skip,,,,triangle_alpha
,,,,,,,,,,,,,,,,,,,,,3,,,0,not_enough_blocks,9886,skip,,,,triangle_alpha
,,,,,,,,,,,,,,,,,,,,,3,,,1,not_enough_blocks,9887,skip,,,,triangle_alpha
,,,,,,,,,,,,,,,,,,,,,3,,,0,not_enough_blocks,9888,skip,,,,triangle_alpha
,,,,,,,,,,,,,,,,,,,,,3,,,0,not_enough_blocks,9889,skip,,,,triangle_alpha
,,,,,,,,,,,,,,,,,,,,,3,,,0,not_enough_blocks,9890,skip,,,,triangle_alpha
,,,,,,,,,,,,,,,,,,,,,3,,,0,not_enough_blocks,9891,skip,,,,triangle_alpha
,,,,,,,,,,,,,,,,,,,,,3,,,0,not_enough_blocks,9892,skip,,,,triangle_alpha
,,,,,,,,,,,,,,,,,,,,,3,,,0,not_enough_blocks,9893,skip,,,,triangle_alpha
,,,,,,,,,,,,,,,,,,,,,3,,,2,not_enough_blocks,9894,skip,,,,triangle_alpha
,,,,,,,,,,,,,,,,,,,,,3,,,0,not_enough_blocks,9895,skip,,,,triangle_alpha
,,,,,,,,,,,,,,,,,,,,,3,,,1,not_enough_blocks,9896,skip,,,,triangle_alpha
,,,,,,,,,,,,,,,,,,,,,3,,,1,not_enough_blocks,9897,skip,,,,triangle_alpha
,,,,,,,,,,,,,,,,,,,,,3,,,0,not_enough_blocks,9898,skip,,,,triangle_alpha
,,,,,,,,,,,,,,,,,,,,,3,,,0,not_enough_blocks,9899,skip,,,,triangle_alpha
,,,,,,,,,,,,,,,,,,,,,3,,,0,not_enough_blocks,9900,skip,,,,triangle_alpha
,,,,,,,,,,,,,,,,,,,,,3,,,0,not_enough_blocks,9901,skip,,,,triangle_alpha
,,,,,,,,,,,,,,,,,,,,,3,,,0,not_enough_blocks,9902,skip,,,,triangle_alpha
,,,,,,,,,,,,,,,,,,,,,3,,,0,not_enough_blocks,9903,skip,,,,triangle_alpha
,,,,,,,,,,,,,,,,,,,,,3,,,0,not_enough_blocks,9904,skip,,,,triangle_alpha
,,,,,,,,,,,,,,,,,,,,,3,,,0,not_enough_blocks,9905,skip,,,,triangle_alpha
,,,,,,,,,,,,,,,,,,,,,3,,,0,not_enough_blocks,9906,skip,,,,triangle_alpha
,,,,,,,,,,,,,,,,,,,,,3,,,0,not_enough_blocks,9907,skip,,,,triangle_alpha
,,,,,,,,,,,,,,,,,,,,,3,,,0,not_enough_blocks,9908,skip,,,,triangle_alpha
,,,,,,,,,,,,,,,,,,,,,3,,,0,not_enough_blocks,9909,skip,,,,triangle_alpha
,,,,,,,,,,,,,,,,,,,,,3,,,0,not_enough_blocks,9910,skip,,,,triangle_alpha
,,,,,,,,,,,,,,,,,,,,,3,,,0,not_enough_blocks,9911,skip,,,,triangle_alpha
,,,,,,,,,,,,,,,,,,,,,3,,,0,not_enough_blocks,9912,skip,,,,triangle_alpha
,,,,,,,,,,,,,,,,,,,,,3,,,0,not_enough_blocks,9913,skip,,,,triangle_alpha
,,,,,,,,,,,,,,,,,,,,,3,,,0,not_enough_blocks,9914,skip,,,,triangle_alpha
,,,,,,,,,,,,,,,,,,,,,3,,,0,not_enough_blocks,9915,skip,,,,triangle_alpha
,,,,,,,,,,,,,,,,,,,,,3,,,0,not_enough_blocks,9916,skip,,,,triangle_alpha
,,,,,,,,,,,,,,,,,,,,,3,,,0,not_enough_blocks,9917,skip,,,,triangle_alpha
,,,,,,,,,,,,,,,,,,,,,3,,,0,not_enough_blocks,9918,skip,,,,triangle_alpha
,,,,,,,,,,,,,,,,,,,,,3,,,1,not_enough_blocks,9919,skip,,,,triangle_alpha
,,,,,,,,,,,,,,,,,,,,,3,,,0,not_enough_blocks,9920,skip,,,,triangle_alpha
,,,,,,,,,,,,,,,,,,,,,3,,,2,not_enough_blocks,9921,skip,,,,triangle_alpha
,,,,,,,,,,,,,,,,,,,,,3,,,0,not_enough_blocks,9922,skip,,,,triangle_alpha
,,,,,,,,,,,,,,,,,,,,,3,,,0,not_enough_blocks,9923,skip,,,,triangle_alpha
,,,,,,,,,,,,,,,,,,,,,3,,,1,not_enough_blocks,9924,skip,,,,triangle_alpha
,,,,,,,,,,,,,,,,,,,,,3,,,0,not_enough_blocks,9925,skip,,,,triangle_alpha
,,,,,,,,,,,,,,,,,,,,,3,,,0,not_enough_blocks,9926,skip,,,,triangle_alpha
,,,,,,,,,,,,,,,,,,,,,3,,,0,not_enough_blocks,9927,skip,,,,triangle_alpha
,,,,,,,,,,,,,,,,,,,,,3,,,0,not_enough_blocks,9928,skip,,,,triangle_alpha
,,,,,,,,,,,,,,,,,,,,,3,,,0,not_enough_blocks,9929,skip,,,,triangle_alpha
,,,,,,,,,,,,,,,,,,,,,3,,,1,not_enough_blocks,9930,skip,,,,triangle_alpha
,,,,,,,,,,,,,,,,,,,,,3,,,0,not_enough_blocks,9931,skip,,,,triangle_alpha
,,,,,,,,,,,,,,,,,,,,,3,,,1,not_enough_blocks,9932,skip,,,,triangle_alpha
,,,,,,,,,,,,,,,,,,,,,3,,,0,not_enough_blocks,9933,skip,,,,triangle_alpha
,,,,,,,,,,,,,,,,,,,,,3,,,1,not_enough_blocks,9934,skip,,,,triangle_alpha
,,,,,,,,,,,,,,,,,,,,,3,,,0,not_enough_blocks,9935,skip,,,,triangle_alpha
,,,,,,,,,,,,,,,,,,,,,3,,,1,not_enough_blocks,9936,skip,,,,triangle_alpha
,,,,,,,,,,,,,,,,,,,,,3,,,0,not_enough_blocks,9937,skip,,,,triangle_alpha
,,,,,,,,,,,,,,,,,,,,,3,,,0,not_enough_blocks,9938,skip,,,,triangle_alpha
,,,,,,,,,,,,,,,,,,,,,3,,,0,not_enough_blocks,9939,skip,,,,triangle_alpha
,,,,,,,,,,,,,,,,,,,,,3,,,0,not_enough_blocks,9940,skip,,,,triangle_alpha
,,,,,,,,,,,,,,,,,,,,,3,,,0,not_enough_blocks,9941,skip,,,,triangle_alpha
,,,,,,,,,,,,,,,,,,,,,3,,,0,not_enough_blocks,9942,skip,,,,triangle_alpha
,,,,,,,,,,,,,,,,,,,,,3,,,1,not_enough_blocks,9943,skip,,,,triangle_alpha
,,,,,,,,,,,,,,,,,,,,,3,,,1,not_enough_blocks,9944,skip,,,,triangle_alpha
,,,,,,,,,,,,,,,,,,,,,3,,,0,not_enough_blocks,9945,skip,,,,triangle_alpha
,,,,,,,,,,,,,,,,,,,,,3,,,0,not_enough_blocks,9946,skip,,,,triangle_alpha
,,,,,,,,,,,,,,,,,,,,,3,,,1,not_enough_blocks,9947,skip,,,,triangle_alpha
,,,,,,,,,,,,,,,,,,,,,3,,,0,not_enough_blocks,9948,skip,,,,triangle_alpha
,,,,,,,,,,,,,,,,,,,,,3,,,0,not_enough_blocks,9949,skip,,,,triangle_alpha
,,,,,,,,,,,,,,,,,,,,,3,,,0,not_enough_blocks,9950,skip,,,,triangle_alpha
,,,,,,,,,,,,,,,,,,,,,3,,,1,not_enough_blocks,9951,skip,,,,triangle_alpha
,,,,,,,,,,,,,,,,,,,,,3,,,0,not_enough_blocks,9952,skip,,,,triangle_alpha
,,,,,,,,,,,,,,,,,,,,,3,,,1,not_enough_blocks,9953,skip,,,,triangle_alpha
,,,,,,,,,,,,,,,,,,,,,3,,,0,not_enough_blocks,9954,skip,,,,triangle_alpha
,,,,,,,,,,,,,,,,,,,,,3,,,1,not_enough_blocks,9955,skip,,,,triangle_alpha
,,,,,,,,,,,,,,,,,,,,,3,,,1,not_enough_blocks,9956,skip,,,,triangle_alpha
,,,,,,,,,,,,,,,,,,,,,3,,,1,not_enough_blocks,9957,skip,,,,triangle_alpha
,,,,,,,,,,,,,,,,,,,,,3,,,0,not_enough_blocks,9958,skip,,,,triangle_alpha
,,,,,,,,,,,,,,,,,,,,,3,,,0,not_enough_blocks,9959,skip,,,,triangle_alpha
,,,,,,,,,,,,,,,,,,,,,3,,,0,not_enough_blocks,9960,skip,,,,triangle_alpha
,,,,,,,,,,,,,,,,,,,,,3,,,0,not_enough_blocks,9961,skip,,,,triangle_alpha
,,,,,,,,,,,,,,,,,,,,,3,,,2,not_enough_blocks,9962,skip,,,,triangle_alpha
,,,,,,,,,,,,,,,,,,,,,3,,,0,not_enough_blocks,9963,skip,,,,triangle_alpha
,,,,,,,,,,,,,,,,,,,,,3,,,1,not_enough_blocks,9964,skip,,,,triangle_alpha
,,,,,,,,,,,,,,,,,,,,,3,,,0,not_enough_blocks,9965,skip,,,,triangle_alpha
,,,,,,,,,,,,,,,,,,,,,3,,,0,not_enough_blocks,9966,skip,,,,triangle_alpha
,,,,,,,,,,,,,,,,,,,,,3,,,0,not_enough_blocks,9967,skip,,,,triangle_alpha
,,,,,,,,,,,,,,,,,,,,,3,,,0,not_enough_blocks,9968,skip,,,,triangle_alpha
,,,,,,,,,,,,,,,,,,,,,3,,,1,not_enough_blocks,9969,skip,,,,triangle_alpha
,,,,,,,,,,,,,,,,,,,,,3,,,1,not_enough_blocks,9970,skip,,,,triangle_alpha
,,,,,,,,,,,,,,,,,,,,,3,,,0,not_enough_blocks,9971,skip,,,,triangle_alpha
,,,,,,,,,,,,,,,,,,,,,3,,,0,not_enough_blocks,9972,skip,,,,triangle_alpha
,,,,,,,,,,,,,,,,,,,,,3,,,0,not_enough_blocks,9973,skip,,,,triangle_alpha
,,,,,,,,,,,,,,,,,,,,,3,,,0,not_enough_blocks,9974,skip,,,,triangle_alpha
,,,,,,,,,,,,,,,,,,,,,3,,,1,not_enough_blocks,9975,skip,,,,triangle_alpha
,,,,,,,,,,,,,,,,,,,,,3,,,0,not_enough_blocks,9976,skip,,,,triangle_alpha
,,,,,,,,,,,,,,,,,,,,,3,,,0,not_enough_blocks,9977,skip,,,,triangle_alpha
,,,,,,,,,,,,,,,,,,,,,3,,,0,not_enough_blocks,9978,skip,,,,triangle_alpha
,,,,,,,,,,,,,,,,,,,,,3,,,0,not_enough_blocks,9979,skip,,,,triangle_alpha
,,,,,,,,,,,,,,,,,,,,,3,,,0,not_enough_blocks,9980,skip,,,,triangle_alpha
,,,,,,,,,,,,,,,,,,,,,3,,,0,not_enough_blocks,9981,skip,,,,triangle_alpha
,,,,,,,,,,,,,,,,,,,,,3,,,0,not_enough_blocks,9982,skip,,,,triangle_alpha
,,,,,,,,,,,,,,,,,,,,,3,,,0,not_enough_blocks,9983,skip,,,,triangle_alpha
,,,,,,,,,,,,,,,,,,,,,3,,,0,not_enough_blocks,9984,skip,,,,triangle_alpha
,,,,,,,,,,,,,,,,,,,,,3,,,0,not_enough_blocks,9985,skip,,,,triangle_alpha
,,,,,,,,,,,,,,,,,,,,,3,,,0,not_enough_blocks,9986,skip,,,,triangle_alpha
,,,,,,,,,,,,,,,,,,,,,3,,,0,not_enough_blocks,9987,skip,,,,triangle_alpha
,,,,,,,,,,,,,,,,,,,,,3,,,0,not_enough_blocks,9988,skip,,,,triangle_alpha
,,,,,,,,,,,,,,,,,,,,,3,,,0,not_enough_blocks,9989,skip,,,,triangle_alpha
,,,,,,,,,,,,,,,,,,,,,3,,,0,not_enough_blocks,9990,skip,,,,triangle_alpha
,,,,,,,,,,,,,,,,,,,,,3,,,0,not_enough_blocks,9991,skip,,,,triangle_alpha
,,,,,,,,,,,,,,,,,,,,,3,,,0,not_enough_blocks,9992,skip,,,,triangle_alpha
,,,,,,,,,,,,,,,,,,,,,3,,,0,not_enough_blocks,9993,skip,,,,triangle_alpha
,,,,,,,,,,,,,,,,,,,,,3,,,0,not_enough_blocks,9994,skip,,,,triangle_alpha
,,,,,,,,,,,,,,,,,,,,,3,,,0,not_enough_blocks,9995,skip,,,,triangle_alpha
,,,,,,,,,,,,,,,,,,,,,3,,,0,not_enough_blocks,9996,skip,,,,triangle_alpha
,,,,,,,,,,,,,,,,,,,,,3,,,0,not_enough_blocks,9997,skip,,,,triangle_alpha
,,,,,,,,,,,,,,,,,,,,,3,,,0,not_enough_blocks,9998,skip,,,,triangle_alpha
,,,,,,,,,,,,,,,,,,,,,3,,,0,not_enough_blocks,9999,skip,,,,triangle_alpha
