F_m_list,H_block_mean,M_final,PE_tick_norm,QualityLock,R_final,R_mean_lastW,binding_energy,binding_energy_pos,block_families,block_ids,block_particles,degree_normalized,degree_raw,edges_count,effective_degree,entropy_quality,fm_missing,mass_defect,mass_defect_pos,mass_list,memory_score_k10,nodes,origin_run_ids,phase_var_lastW,reason,run_id,status,success,sumM,target,template_name
"[0.7697270153511014, 1.4527916716952312]",-9.10320147423699e-13,0.7060419136204721,0.9218084423108623,0.9994289833718404,0.907870763050965,0.9104338737940367,0.004513066133434677,0.004513066133434677,"[""species"", ""species""]","[""6281d57e88941c653b8ff40263d946fb87ebbdf5f25e6743faeb89c2b351cfb2"", ""3ab11feb10f030f087ab73ffcd269dc7c1ab219064583e2a7b5cc82adcc0a50c""]","[""complete_k5"", ""bipartite_3_6""]","[1.0, 1.0]","[1.0, 1.0]",1,"[1, 1]",1.0000000000009104,False,0.004513066133434718,0.004513066133434718,"[0.24608718342687896, 0.4644677963270279]",0.07539788464575214,2,"[null, null]",0.00027310450472097555,locked,0,ok,True,0.7105549797539068,Dimer_Synthesis,dimer
"[1.313952725230408, 1.5034320021351624]",-9.10320147423699e-13,0.89478470818996,0.9052420848910503,0.9492653493551054,0.9946346551743187,0.9944736839688681,0.00595316167816212,0.00595316167816212,"[""species"", ""species""]","[""f22c0fe420e6ca59911ac8a4ac7dbbf50525dd998cd9b779dd741dfd3be95ce2"", ""f31faec90e1a3ec739bd4355e127a3a3c2838f7500dcff44a4b0fd6a20361206""]","[""ladder_5"", ""decamer_chain""]","[1.0, 1.0]","[1.0, 1.0]",1,"[1, 1]",1.0000000000009104,False,0.005953161678162067,0.005953161678162067,"[0.42008000090854575, 0.4806578689595764]",0.10404141754429863,2,"[null, null]",0.00021407693057982994,locked,1,ok,True,0.9007378698681221,Dimer_Synthesis,dimer
"[1.0223823542014459, 0.7182056513020345]",-9.10320147423699e-13,0.552647308059075,0.9336583683552925,0.9992996780820687,0.9841741846755305,0.9849485753981166,0.003831016383753605,0.003831016383753605,"[""species"", ""species""]","[""464fcefc164250b8f977511d2e8a67f69fdfee933097bf7cc4b7c62a1748d7bf"", ""e366d4cbd4be0b7ee93814a9411435724d2a7b665f1ead440896cc85dac6f0c0""]","[""cuboctahedron"", ""tetramer_chain""]","[1.0, 1.0]","[1.0, 1.0]",1,"[1, 1]",1.0000000000009104,False,0.003831016383753605,0.003831016383753605,"[0.32686288633901395, 0.22961543810381466]",0.35029176626136627,2,"[null, null]",0.0003708131593866593,locked,2,ok,True,0.5564783244428286,Dimer_Synthesis,dimer
"[1.289186236958364, 0.8756417724139558]",-9.10320147423699e-13,0.6887489117212324,0.9341680308868854,0.7163140972293851,0.9687550312200128,0.9708155424189417,0.0033619494092557572,0.0033619494092557572,"[""species"", ""species""]","[""41ed957444c1857b85b480bf1d5e29fdca608b6432eaf12dd38b057f0c795a07"", ""7840896841de3898030cbd255aba1c37b2b942f9211259f5d56d1e65aceadd0d""]","[""diatomic_prism_12"", ""pentagon_ring""]","[1.0, 1.0]","[1.0, 1.0]",1,"[1, 1]",1.0000000000009104,False,0.0033619494092557156,0.0033619494092557156,"[0.4121619790375554, 0.2799488820929327]",0.23670498078458369,2,"[null, null]",0.00030595713565946927,locked,3,ok,True,0.6921108611304881,Dimer_Synthesis,dimer
"[1.2585415162299745, 1.374628389347806]",-9.10320147423699e-13,0.8359689864542401,0.9131417101182561,0.999430345324573,0.9973774380999093,0.997716132416812,0.00587409898363361,0.00587409898363361,"[""species"", ""species""]","[""4ca9f924464ccd0c630171d1d9094a6377357e148595550ec7d4d4880632fdb1"", ""d55d1b4e4c098336034a7d055eb2b14ea76b970cde2eb9151408473a71efcb33""]","[""moebius_kantor"", ""star_4""]","[1.0, 1.0]","[1.0, 1.0]",1,"[1, 1]",1.0000000000009104,False,0.005874098983633558,0.005874098983633558,"[0.40236464457929577, 0.4394784408585779]",0.1650029618813661,2,"[null, null]",0.0004135493450386124,locked,4,ok,True,0.8418430854378737,Dimer_Synthesis,dimer
"[1.0307014751822998, 1.439666667547715]",-9.10320147423699e-13,0.7846494033881289,0.9189774488299128,0.9577105182449096,0.9716785666166862,0.9724878435243728,0.005144804360473486,0.005144804360473486,"[""species"", ""species""]","[""07a5d476f409aca0efabb43e570d1fbe009a1f56a46b1db0b5402b7e1dcd7be4"", ""5476abbac31aa87c2215e9822a45fc96fd8da1409d549faa2619d728415eb321""]","[""trilayer_4_4_4"", ""bilayer_square_4_4""]","[1.0, 1.0]","[1.0, 1.0]",1,"[1, 1]",1.0000000000009104,False,0.005144804360473487,0.005144804360473487,"[0.3295225682911045, 0.4602716394574979]",0.02039556060115255,2,"[null, null]",0.00029205230729512023,locked,5,ok,True,0.7897942077486024,Dimer_Synthesis,dimer
"[1.243851624001785, 1.0956242028860177]",-9.10320147423699e-13,0.7430256973956425,0.927191233432555,0.9436297603463031,0.9961165224591167,0.9965885640206427,0.004921309078442026,0.004921309078442026,"[""species"", ""species""]","[""d6e72a6aefd9c7a8a6a9d8bd23efe2563b3dd79604522914f548183d5a722e15"", ""b75d6fce88522a1080ddd27b6e76dec9a3371103d5827bd0ef585bb7035674a7""]","[""ladder_4"", ""grid_3x3""]","[1.0, 1.0]","[1.0, 1.0]",1,"[1, 1]",1.0000000000009104,False,0.0049213090784420155,0.0049213090784420155,"[0.39766818189683345, 0.350278824577251]",0.06514847617589781,2,"[null, null]",0.00030347675567398964,locked,6,ok,True,0.7479470064740845,Dimer_Synthesis,dimer
"[1.1870702255914745, 2.215534427899436]",-9.10320147423699e-13,1.0832607766573645,0.549866499004663,0.8328220589487445,0.7215674860908246,0.6010020151430424,0.004576052235575572,0.004576052235575572,"[""species"", ""species""]","[""f91c11d82cb81d010523e0f34f068ef37ecff45c49b2d68ced18bac453b0f677"", ""a8b35102c1a410a361958d79ba6c4dbd986c669b387855ba33de11d4c416a4a4""]","[""prism_triangular"", ""star_4""]","[1.0, 1.0]","[1.0, 1.0]",1,"[1, 1]",1.0000000000009104,False,0.004576052235575556,0.004576052235575556,"[0.3795147662999298, 0.7083220625930103]",0.5913498937940971,2,"[null, null]",2.652455440933827,no_lock,7,fail,False,1.08783682889294,Dimer_Synthesis,dimer
"[1.3189464641706428, 1.3241725148530958]",-9.10320147423699e-13,0.8391134724532032,0.9383597721293602,0.9992363409730991,0.9999580997304277,0.9999444826806819,0.005910402294639255,0.005910402294639255,"[""species"", ""species""]","[""947d9b6815222b086430d83d766b4c9d80228b8336750459d6a8e583bef44d3f"", ""303dde7c995934f6a7d978aa166643ce20062229cda1dbd75784dbcac942f35e""]","[""moebius_kantor"", ""cuboctahedron""]","[1.0, 1.0]","[1.0, 1.0]",1,"[1, 1]",1.0000000000009104,False,0.005910402294639239,0.005910402294639239,"[0.4216765346485119, 0.42334734009933056]",0.24051117034256897,2,"[null, null]",0.00032454568596627307,locked,8,ok,True,0.8450238747478425,Dimer_Synthesis,dimer
"[1.3101051319651962, 1.1658119262583122]",-9.10320147423699e-13,0.786050800416976,0.9355598102582819,0.9990492722369029,0.9966987548126797,0.9966140457521384,0.005517434951333634,0.005517434951333634,"[""species"", ""species""]","[""6930f2728f156f5f8777ce6638fb8cde87dd07b0a0a2438d74d35e947f562a43"", ""732bd6585b06b148b9b1a0ae4cd4b8ddd312d4f58894056e95dc427a66dcae7f""]","[""bipartite_3_3"", ""prism_square""]","[1.0, 1.0]","[1.0, 1.0]",1,"[1, 1]",1.0000000000009104,False,0.005517434951333611,0.005517434951333611,"[0.4188498980659473, 0.3727183373023622]",0.11781916260752712,2,"[null, null]",0.00039861412392541376,locked,9,ok,True,0.7915682353683096,Dimer_Synthesis,dimer
"[1.2324841252688519, 1.1390910317419563]",-9.10320147423699e-13,0.7532085746760268,0.919124987783249,0.9437694829523897,0.9983611587685826,0.9985928494681966,0.005000815191548093,0.005000815191548093,"[""species"", ""species""]","[""5abaf0fd1fc4494685c6a1fd3897bf72738d2e149d47abc973e9a1358ebcf72e"", ""a95d1f2f9401eedd6a618cab382e956f63cf87102e11c3b1ba2239f649ed8c59""]","[""bipartite_3_6"", ""grid_3x4""]","[1.0, 1.0]","[1.0, 1.0]",1,"[1, 1]",1.0000000000009104,False,0.005000815191548047,0.005000815191548047,"[0.39403391196735704, 0.3641754779002177]",0.1497206855198736,2,"[null, null]",0.00030658146376036046,locked,10,ok,True,0.7582093898675748,Dimer_Synthesis,dimer
"[0.003993081987470263, 1.0283930090255773]",-9.10320147423699e-13,0.3285347931653377,0.5379550206378286,0.874186976594874,0.7557181229261161,0.6019309155494371,0.0015263587491516925,0.0015263587491516925,"[""species"", ""species""]","[""911ac303aeb820394aed96a3633e7ebff11e584dcd4d6a55e2536f1936fa73c4"", ""4d3f3c9de84c1af6adf83b97f8acb2ae538988726450e328fc99c15f0faf373c""]","[""double_triangle"", ""prism_triangular""]","[1.0, 1.0]","[1.0, 1.0]",1,"[1, 1]",1.0000000000009104,False,0.0015263587491516906,0.0015263587491516906,"[0.0012766166184786164, 0.32878453529601076]",0.5790025339572064,2,"[null, null]",2.879442249341494,no_lock,11,fail,False,0.33006115191448937,Dimer_Synthesis,dimer
"[0.014415320890026421, 1.9864407271243596]",-9.10320147423699e-13,0.6388128639900995,0.6540251288078235,0.9992562648422172,0.1955529506933654,0.5343234354923838,0.0008749986918424175,0.0008749986918424175,"[""species"", ""species""]","[""0ff6c43bb47d898728c9536d2cf6f5bc5b406729c026777718fec7a7414f39de"", ""4b6a9fa623363fbdbefb5ec34ab64aee4c409614e2cdd666980a10a1f46c4b34""]","[""octahedron"", ""ladder_4""]","[1.0, 1.0]","[1.0, 1.0]",1,"[1, 1]",1.0000000000009104,False,0.0008749986918423769,0.0008749986918423769,"[0.004608680279206697, 0.6350791824027352]",-1.0,2,"[null, null]",4.175211104390556,no_lock,12,fail,False,0.6396878626819419,Dimer_Synthesis,dimer
"[1.0142076709981287, 0.9191714064895093]",-9.10320147423699e-13,0.6145154853698643,0.9401064218092655,0.8326760315077253,0.9990798031433759,0.998545014574928,0.0035995114883002055,0.0035995114883002055,"[""species"", ""species""]","[""9e35b7172adab23cc841ccec88063246bd49b5086df911753e135d188985243e"", ""07cdf0d12b9d8d3b32b69807b62a2bdac9a08902ea1f9f79dbfeb55700eff835""]","[""diatomic_prism_12"", ""complete_k6""]","[1.0, 1.0]","[1.0, 1.0]",1,"[1, 1]",1.0000000000009104,False,0.0035995114883001778,0.0035995114883001778,"[0.32424938216832594, 0.2938656146898385]",-0.059290117556861865,2,"[null, null]",0.0002764386534042945,locked,13,ok,True,0.6181149968581645,Dimer_Synthesis,dimer
"[1.2639541992795444, 1.3160122202265048]",-9.10320147423699e-13,0.8190650407250402,0.9384526230747927,0.9993107093835789,0.9997674167301847,0.9996192899245584,0.005768513054507359,0.005768513054507359,"[""species"", ""species""]","[""7fba0edf8968295764756b25a90e0369ecc79f2052350d3818936d92205eb4d0"", ""96f30acbb4ce22744c6e0adb1aa6609725491c65d56dd66443ed8e02eeb590d3""]","[""ladder_5"", ""petersen""]","[1.0, 1.0]","[1.0, 1.0]",1,"[1, 1]",1.0000000000009104,False,0.005768513054507318,0.005768513054507318,"[0.40409511772092443, 0.420738436058623]",0.30852251091390404,2,"[null, null]",0.00040327212473830734,locked,14,ok,True,0.8248335537795475,Dimer_Synthesis,dimer
"[1.4455430658000914, 1.1144207987771835]",-9.10320147423699e-13,0.8132128165635302,0.9274795875341435,0.928063851133431,0.9828539977494216,0.9823032986880245,0.00522577860654421,0.00522577860654421,"[""species"", ""species""]","[""2c5961430d7293fe86bea8fc5c1843caee948fec1976c6dd38fe99bf83d45cdb"", ""ac292dbd7ca370ff8719144cd3260b9ea75ade87547256783cab485e0deaacf2""]","[""grid_3x4"", ""heptamer_chain""]","[1.0, 1.0]","[1.0, 1.0]",1,"[1, 1]",1.0000000000009104,False,0.0052257786065441625,0.0052257786065441625,"[0.4621503656367555, 0.3562882295333189]",0.7713187246935995,2,"[null, null]",0.0002765292239652569,locked,15,ok,True,0.8184385951700743,Dimer_Synthesis,dimer
"[1.84869528995344, 1.2140311308048453]",-9.10320147423699e-13,0.9728307114072098,0.9185864425176009,0.9992413218504517,0.926355934634733,0.9251376562093225,0.00634463707357947,0.00634463707357947,"[""species"", ""species""]","[""71935553b168f958677db027c3a4d2c96eca268625d4dc82e483e715155dd387"", ""7a66ea945bdb42ca30cac39c9178a03e5f2374fcef481ccf50e0117b62281da9""]","[""tetramer_chain"", ""heptamer_chain""]","[1.0, 1.0]","[1.0, 1.0]",1,"[1, 1]",1.0000000000009104,False,0.006344637073579462,0.006344637073579462,"[0.5910409896574359, 0.38813435882335334]",0.3675083159608532,2,"[null, null]",0.00015247386239023426,locked,16,ok,True,0.9791753484807892,Dimer_Synthesis,dimer
"[1.4756949103314279, 1.4325147022294527]",-9.10320147423699e-13,0.9236806735044597,0.9222205570256635,0.9369142128325352,0.9994618797320304,0.9996478962659046,0.006094556021083935,0.006094556021083935,"[""species"", ""species""]","[""b4d2a90b030e1558609d40d66586a0cdfe3afcc0c19cbaafaa1d575f818f462e"", ""e5771be9544fcd5d2d37aaf870a05e1a57c809c0ee8ed4d5d4694b40e54c1ce3""]","[""prism_square"", ""pentamer_chain""]","[1.0, 1.0]","[1.0, 1.0]",1,"[1, 1]",1.0000000000009104,False,0.006094556021083886,0.006094556021083886,"[0.4717901240808023, 0.4579851054447413]",-0.020435729912805733,2,"[null, null]",0.0003137500695469888,locked,17,ok,True,0.9297752295255436,Dimer_Synthesis,dimer
"[1.6101321085197697, 1.8753611368292709]",-9.10320147423699e-13,1.106637707430363,0.9168397928376956,0.9992744657552719,0.9877471868698424,0.9888787190194765,0.007699191879467786,0.007699191879467786,"[""species"", ""species""]","[""fb0d8946aff49f720f2aac3cb1c40251e34cbcf8008b39862b39d12b67139000"", ""7c724e5ff3322939d72549e2a2d0a76ffa61ff29bdc57a42454d30175be33511""]","[""bipartite_2_4"", ""wheel_5""]","[1.0, 1.0]","[1.0, 1.0]",1,"[1, 1]",1.0000000000009104,False,0.0076991918794677705,0.0076991918794677705,"[0.5147706493711608, 0.59956624993867]",0.5260428012004831,2,"[null, null]",0.0003365675575302819,locked,18,ok,True,1.1143368993098308,Dimer_Synthesis,dimer
"[1.3423842134882333, 1.1831246435519944]",-9.10320147423699e-13,0.8020289816465347,0.9250824601743937,0.9576247281534811,0.9966087821727484,0.9960519791289097,0.005394103361308756,0.005394103361308756,"[""species"", ""species""]","[""289cbaa2288bef23a0bf925d5c7d6ed1b88ac4927de5b6229da5851d4190ac14"", ""ba9d0902c171f50d2eaa3b7d492bcb50733facbf7ae83e9ffeb912ebcd65b1bc""]","[""star_6"", ""dodecamer_chain""]","[1.0, 1.0]","[1.0, 1.0]",1,"[1, 1]",1.0000000000009104,False,0.005394103361308744,0.005394103361308744,"[0.4291697492562911, 0.3782533357515523]",-0.025666958579113386,2,"[null, null]",0.00030116030652472235,locked,19,ok,True,0.8074230850078434,Dimer_Synthesis,dimer
"[1.0560138592715564, 1.1274360381400241]",-9.10320147423699e-13,0.6935899575777845,0.9175738412594997,0.9161083644620647,0.9995386259839057,0.9993291421354256,0.00447445317000796,0.00447445317000796,"[""species"", ""species""]","[""67dbfec3b0db0406cbcd178e8530d6098d6d88a2467f0d1608b6f5a93bc68cc3"", ""6720f715a3d6ba368067554a8d1f80f8550b24bdee0a5e3699f53bf769f4cd40""]","[""star_6"", ""tetramer_chain""]","[1.0, 1.0]","[1.0, 1.0]",1,"[1, 1]",1.0000000000009104,False,0.0044744531700079415,0.0044744531700079415,"[0.3376151169247304, 0.3604492938230621]",0.3391319751031643,2,"[null, null]",0.0002443945990062351,locked,20,ok,True,0.6980644107477925,Dimer_Synthesis,dimer
"[0.14497493710057122, 0.8145628713935587]",-9.10320147423699e-13,0.30480567952609355,0.9015801381754144,0.9991856299484285,0.9159748404488749,0.9136660204387145,0.00196536004332135,0.00196536004332135,"[""species"", ""species""]","[""a59d69fed5febc56f753a9304a19044e596a23c503f61dcc294c9c791429d212"", ""bb33c964a451597fb37c6835b9aa686e6fee7f1fbbfdfe6dcfc7a117709b3400""]","[""dimer"", ""ladder_4""]","[1.0, 1.0]","[1.0, 1.0]",1,"[1, 1]",1.0000000000009104,False,0.0019653600433213736,0.0019653600433213736,"[0.046349515122962294, 0.2604215244464526]",0.29835392974333574,2,"[null, null]",0.0003301133651875276,locked,21,ok,True,0.3067710395694149,Dimer_Synthesis,dimer
"[1.615054389525249, 1.0428031737565469]",-9.10320147423699e-13,0.8441317301755519,0.9488040636696521,0.9991176048240326,0.9430028915500333,0.9411033979863317,0.0056041744418810135,0.0056041744418810135,"[""species"", ""species""]","[""93850b1992df6576f19e1b3d4a164008f8cb756d9294f282928f603a8c35aba5"", ""a4a506a5b6ac5d6e8e09143f384a4962861d9d688fb0af4dd1a574884a7958fa""]","[""trimer_triangle"", ""ladder_4""]","[1.0, 1.0]","[1.0, 1.0]",1,"[1, 1]",1.0000000000009104,False,0.0056041744418809936,0.0056041744418809936,"[0.516344337502818, 0.3333915671146148]",0.5952708046368914,2,"[null, null]",0.00025640730937730757,locked,22,ok,True,0.8497359046174329,Dimer_Synthesis,dimer
"[1.2115407438187977, 1.5114899382030695]",-9.10320147423699e-13,0.8656695184771542,0.9238196677522322,0.8161395873996619,0.9857516704397559,0.9858579956520508,0.004902694215777366,0.004902694215777366,"[""species"", ""species""]","[""bc873928e2c377d7beac230d883c30824c73f01936a1a67c0d745bdcbdaca67c"", ""71eb3e0cd7f8213ceb76dfc594919b7c549a7a91a1c39a894705090b82c21b3e""]","[""diatomic_prism_12"", ""petersen""]","[1.0, 1.0]","[1.0, 1.0]",1,"[1, 1]",1.0000000000009104,False,0.004902694215777381,0.004902694215777381,"[0.38733816444948194, 0.48323404824344973]",0.6733579542470922,2,"[null, null]",0.0005222415894322957,locked,23,ok,True,0.8705722126929316,Dimer_Synthesis,dimer
"[0.9468662722019103, 1.5637890579246396]",-9.10320147423699e-13,0.7977722042729276,0.9198760907400924,0.9367813729283754,0.9313368209331383,0.9300579500772898,0.004902102883491299,0.004902102883491299,"[""species"", ""species""]","[""18a50e2ec416859e93472bb54e1ae62479ca380cd5e79e51f943ea96c0a7b072"", ""4e87c253a4de041b61281cad7c04b91bdc86f7d0afa9718e8fbb757f90f1dc9c""]","[""moebius_kantor"", ""moebius_kantor""]","[1.0, 1.0]","[1.0, 1.0]",1,"[1, 1]",1.0000000000009104,False,0.004902102883491355,0.004902102883491355,"[0.3027198595878712, 0.4999544475685478]",0.4779132372642062,2,"[null, null]",0.0002876169872046293,locked,24,ok,True,0.802674307156419,Dimer_Synthesis,dimer
"[1.4411182096088437, 1.2579618600723868]",-9.10320147423699e-13,0.8574076027638778,0.9442403975836298,0.9160057963265853,0.995370213761658,0.9947824977002167,0.005507429377104606,0.005507429377104606,"[""species"", ""species""]","[""3fea0f2a06e5eaf24afb3d66a82b14d726550e7e75ce740bd7e1c2ed4e81077f"", ""c272c23017df3c7e9037fc69eed2dad1798c3328e586377467e1d6afebd81169""]","[""bipartite_3_3"", ""octamer_chain""]","[1.0, 1.0]","[1.0, 1.0]",1,"[1, 1]",1.0000000000009104,False,0.005507429377104578,0.005507429377104578,"[0.46073570774446826, 0.40217932439651416]",-0.1869045667743976,2,"[null, null]",0.00037585159967936304,locked,25,ok,True,0.8629150321409824,Dimer_Synthesis,dimer
"[1.0237678497604792, 0.9286323040354088]",-9.10320147423699e-13,0.620324406219818,0.9459612419896861,0.8882817563187106,0.9975598189520559,0.9985652721121335,0.003871763575104921,0.003871763575104921,"[""species"", ""species""]","[""d17ca0aaa639981c468663554e70a31b3c0fe1023df2d007571936c40909dc38"", ""3c38c6d6ae12bfd5ef97e927430c2efc527422fb5b1fc04e717be255817c72b2""]","[""bipartite_3_6"", ""honeycomb_7""]","[1.0, 1.0]","[1.0, 1.0]",1,"[1, 1]",1.0000000000009104,False,0.0038717635751048807,0.0038717635751048807,"[0.3273058390910587, 0.29689033070386417]",-0.006969471699999064,2,"[null, null]",0.00026985607728656545,locked,26,ok,True,0.6241961697949229,Dimer_Synthesis,dimer
"[0.09391261084749909, 1.4925928556461023]",-9.10320147423699e-13,0.5070001039811161,0.6198601364615758,0.8327886395977717,0.07336921187687125,0.5304747919179411,0.00021694044426692806,0.00021694044426692806,"[""species"", ""species""]","[""212d06b2cd9c5158b8a3fd1c4235aa39817b373bb84718ab775190b8587d7dba"", ""757ad03840f3d6f858308c7df958b51a666c0da436473cf2b64aa293f53b27a2""]","[""trimer_triangle"", ""bipartite_3_6""]","[1.0, 1.0]","[1.0, 1.0]",1,"[1, 1]",1.0000000000009104,False,0.00021694044426689985,0.00021694044426689985,"[0.030024527437410985, 0.477192516987972]",0.24389596367004052,2,"[null, null]",3.7448975513994163,no_lock,27,fail,False,0.507217044425383,Dimer_Synthesis,dimer
"[1.9608712928705065, 0.25451019500446337]",-9.10320147423699e-13,0.7038660083104088,0.6413988013737094,0.9990998065803225,0.8897150643749212,0.5352027497969664,0.004407158272582925,0.004407158272582925,"[""species"", ""species""]","[""0d3765cafa56d4742b701b346959b92b0fa5324577805f4eaf5477eddf5b065f"", ""e8aa6b7f6b23d1693d8cd514e27f239c9ed6bc70e705c21edbe1665a7945fbc6""]","[""star_4"", ""hexamer_chain""]","[1.0, 1.0]","[1.0, 1.0]",1,"[1, 1]",1.0000000000009104,False,0.004407158272582978,0.004407158272582978,"[0.626904453009251, 0.08136871357374073]",0.3556286352399657,2,"[null, null]",4.2255949737953,no_lock,28,fail,False,0.7082731665829918,Dimer_Synthesis,dimer
"[1.3509974998707432, 1.6105869952880574]",-9.10320147423699e-13,0.9402880626628486,0.9257329378542382,0.9992601779870984,0.9892075287871033,0.9890959549933911,0.006551495205479128,0.006551495205479128,"[""species"", ""species""]","[""19bf542e759a8a2ac128394ae2f76efc6c6a5b801b4d5f39d3c50f194f124e33"", ""54f270d8508d1e83cbd64a53ba54f3251c6041178e997081c839490c41cfd429""]","[""bowtie"", ""honeycomb_7""]","[1.0, 1.0]","[1.0, 1.0]",1,"[1, 1]",1.0000000000009104,False,0.006551495205479152,0.006551495205479152,"[0.4319234779726388, 0.514916079895689]",-0.15136742802444236,2,"[null, null]",0.0002959059255641252,locked,29,ok,True,0.9468395578683277,Dimer_Synthesis,dimer
"[1.7011233420818348, 1.5327464211746795]",-9.10320147423699e-13,1.0278923255212726,0.9369014765510433,0.8327786221416622,0.9953121127540975,0.9957774028963732,0.005998762796762813,0.005998762796762813,"[""species"", ""species""]","[""378e74275cbad2fa39d47b11651ef134324e5c45cd55e785a1e502ed3738d4af"", ""511592d234e96ae54106b875b95c14066595856548c78fcb8af0890c88c813ee""]","[""icosahedron"", ""octahedron""]","[1.0, 1.0]","[1.0, 1.0]",1,"[1, 1]",1.0000000000009104,False,0.005998762796762813,0.005998762796762813,"[0.5438611917806826, 0.4900298965373528]",0.05505037704686999,2,"[null, null]",0.00022281859100076849,locked,30,ok,True,1.0338910883180354,Dimer_Synthesis,dimer
"[1.190579515840932, 1.194175726809588]",-9.10320147423699e-13,0.7570905038786129,0.9428847542160359,0.9991945047014883,0.9999980503426843,0.9999560078775236,0.005332652802021342,0.005332652802021342,"[""species"", ""species""]","[""78b11bb8f936d8d5f8567d3020800fe88346fa409bd2f26e346e5d259a5a2312"", ""d5712d7e6a32891813884b21d659a244b74dc8561067a5b4919adaa17ad9c769""]","[""trimer_chain"", ""star_6""]","[1.0, 1.0]","[1.0, 1.0]",1,"[1, 1]",1.0000000000009104,False,0.0053326528020213315,0.0053326528020213315,"[0.38063671127015086, 0.38178644541048334]",0.7515411594028105,2,"[null, null]",0.00029440258866417,locked,31,ok,True,0.7624231566806342,Dimer_Synthesis,dimer
"[1.2839152856663738, 1.4615979263720398]",-9.10320147423699e-13,0.8732567256973592,0.9326648485659556,0.7370737353683039,0.9943680960219335,0.9953614179072504,0.004503311221227894,0.004503311221227894,"[""species"", ""species""]","[""1dc43e820f9e406ff6059b934442b1134d6d6b2ce28576ea0e43f7b64fca0f73"", ""42c74a210d86ed1424c7acad949d73087dac0ead1651c2477ba06dced8073f43""]","[""pentamer_chain"", ""cube""]","[1.0, 1.0]","[1.0, 1.0]",1,"[1, 1]",1.0000000000009104,False,0.004503311221227935,0.004503311221227935,"[0.4104768185435659, 0.46728321837502124]",0.6895259067384631,2,"[null, null]",0.0004897181558747991,locked,32,ok,True,0.8777600369185872,Dimer_Synthesis,dimer
"[1.0421353169798417, 1.3382859960781763]",-9.10320147423699e-13,0.7562268597898089,0.9311585887848188,0.9161992164386761,0.9856325190557296,0.9854140176188573,0.004810708876738596,0.004810708876738596,"[""species"", ""species""]","[""d8e593be232ebc3ff71262c4bc5c4903a175c2db7f2c2cf23ae6348e6422a280"", ""0e9e6ced07d7a3e7188072d86b00525192d9e10047c95591ee35f1cb1bd09546""]","[""bilayer_hex_3_3"", ""prism_square""]","[1.0, 1.0]","[1.0, 1.0]",1,"[1, 1]",1.0000000000009104,False,0.004810708876738623,0.004810708876738623,"[0.33317804856864436, 0.4278595200979031]",0.3466120711295174,2,"[null, null]",0.0003301059003231772,locked,33,ok,True,0.7610375686665475,Dimer_Synthesis,dimer
"[1.0820933208575638, 1.0943293389364945]",-9.10320147423699e-13,0.6916452041752021,0.9129750896961555,0.856707798538057,0.9999428252869558,0.999958617247992,0.00417254888995899,0.00417254888995899,"[""species"", ""species""]","[""6bab798d46cbfb79f8b020a6eb7fb2a6ca75d6e90a44e9ce6b3276e08e6bac67"", ""4bd05c05d5b94cc6c63535317f14cea80fb02eca7904fc6dddcdd0f61c0fa851""]","[""double_triangle"", ""heptamer_chain""]","[1.0, 1.0]","[1.0, 1.0]",1,"[1, 1]",1.0000000000009104,False,0.0041725488899589935,0.0041725488899589935,"[0.3459529056719041, 0.349864847393257]",0.9480831962394806,2,"[null, null]",0.00019045855223810722,locked,34,ok,True,0.6958177530651611,Dimer_Synthesis,dimer
"[1.1889071080630853, 1.459246535242587]",-9.10320147423699e-13,0.8412757034225175,0.9203619749315619,0.9160497432325269,0.9868998410765031,0.988670547758605,0.005357789187153339,0.005357789187153339,"[""species"", ""species""]","[""7d4297819dfe97296c1750888a73bad0cc0d419c7dc2477020e172da260f3c32"", ""434134731cb8ac3e71ec46a922d56ec9aa5e52fc68ac2bf6db709fa953ac30ac""]","[""octamer_chain"", ""trilayer_4_4_4""]","[1.0, 1.0]","[1.0, 1.0]",1,"[1, 1]",1.0000000000009104,False,0.00535778918715335,0.00535778918715335,"[0.38010203064782166, 0.4665314619618492]",-0.13982574011207105,2,"[null, null]",0.00021370654390955499,locked,35,ok,True,0.8466334926096708,Dimer_Synthesis,dimer
"[1.070126774437308, 1.3786369144721897]",-9.10320147423699e-13,0.7780860280239059,0.9251562296510617,0.8884056224615005,0.9861221274591835,0.9854115140394641,0.004801082683621297,0.004801082683621297,"[""species"", ""species""]","[""ecbf8ae76f6ed02d5b7f6d83d954860bab19e756704918c485fdf8a83f895b81"", ""3e13135a28ef53a9116e2457981effb83bb2fa860a980c8ab728188f683f12a8""]","[""bipartite_3_6"", ""cube""]","[1.0, 1.0]","[1.0, 1.0]",1,"[1, 1]",1.0000000000009104,False,0.004801082683621338,0.004801082683621338,"[0.3421271159501227, 0.4407599947574046]",0.10280178432067522,2,"[null, null]",0.00028815948380678735,locked,36,ok,True,0.7828871107075273,Dimer_Synthesis,dimer
"[1.8603421116759575, 1.4473575516959054]",-9.10320147423699e-13,1.050286290628127,0.9019711444877262,0.9993695111573557,0.9744440300681418,0.9718800491726578,0.0072087401392801325,0.0072087401392801325,"[""species"", ""species""]","[""e185379083b4fc4d428503d6d7857e6ddbb3fe0dab268c37228d7ad863e73068"", ""271ff91f8e83601d7586dcd85c28fc351a0e2d31e1683a6b9e759c617c64b686""]","[""star_4"", ""star_4""]","[1.0, 1.0]","[1.0, 1.0]",1,"[1, 1]",1.0000000000009104,False,0.00720874013928019,0.00720874013928019,"[0.594764561126812, 0.4627304696405951]",-0.011477029877911438,2,"[null, null]",0.0003055487899514777,locked,37,ok,True,1.0574950307674071,Dimer_Synthesis,dimer
"[1.2818269674640148, 1.835317160821539]",-9.10320147423699e-13,0.9899532734818383,0.9195350755643251,0.9993891826788107,0.9495179013413415,0.9478016629282197,0.006619801864266857,0.006619801864266857,"[""species"", ""species""]","[""3d82cef6cba0d7bef836ada7f75a9e371e1274d85d53e71b32534878289c7744"", ""85a2fbce536309386dd1674df3851cbfb04f378dbfa2c997c05dd2336082643b""]","[""hexamer_chain"", ""hexagon_ring""]","[1.0, 1.0]","[1.0, 1.0]",1,"[1, 1]",1.0000000000009104,False,0.0066198018642668055,0.0066198018642668055,"[0.409809168410118, 0.5867639069359871]",0.4808299738418276,2,"[null, null]",0.00024698295890870697,locked,38,ok,True,0.9965730753461051,Dimer_Synthesis,dimer
"[1.4747221422224037, 1.456399968474611]",-9.10320147423699e-13,0.9305463994564284,0.9274986690029074,0.999201159791589,0.9999473156603668,0.9999157206133436,0.006554118150660637,0.006554118150660637,"[""species"", ""species""]","[""595c6e835d9d53d3a9dacf09052391f4b194fd67b40e4bc4af0a0a2e1e046d7f"", ""dba81968f0e1e002fd1ace10647f0f222fe9520a7aac3f1396c23a3e78defc93""]","[""tetramer_chain"", ""pentamer_chain""]","[1.0, 1.0]","[1.0, 1.0]",1,"[1, 1]",1.0000000000009104,False,0.006554118150660648,0.006554118150660648,"[0.47147912322036345, 0.4656213943867255]",-0.4972461786151001,2,"[null, null]",0.0003765257007236404,locked,39,ok,True,0.937100517607089,Dimer_Synthesis,dimer
"[0.14352866156896515, 1.6833377242052423]",-9.10320147423699e-13,0.5804100972099504,0.6289785767717333,0.9367239114356751,0.9536005119056277,0.5661830832340353,0.0036520370355934578,0.0036520370355934578,"[""species"", ""species""]","[""2388694360cb8fea589f607c93e57a0e9d0750e75d6a20d76bc2c275eef6ff57"", ""e42434eeb101edda4690c12c264b7d31185595b9b273c5ea559531ca8d3f06b4""]","[""double_triangle"", ""bipartite_4_4""]","[1.0, 1.0]","[1.0, 1.0]",1,"[1, 1]",1.0000000000009104,False,0.0036520370355934695,0.0036520370355934695,"[0.0458871305828149, 0.538175003662729]",-1.0,2,"[null, null]",3.4188019756736225,no_lock,40,fail,False,0.5840621342455439,Dimer_Synthesis,dimer
"[1.093258610122817, 0.7552850737727839]",-9.10320147423699e-13,0.587344731796985,0.9161155456811829,0.8993548864490348,0.9804343228621915,0.9823527639300865,0.003647788329019672,0.003647788329019672,"[""species"", ""species""]","[""6cc5c9ed44fd09e7b6737ae253fbb4cacbcf617a7dbaf91b63badcb7fe546924"", ""5aa0a69d45d76a6d79b80323e41424a0a3e709e052f93f6a8bfbce1fed8aeb59""]","[""bipartite_2_4"", ""decagon_ring""]","[1.0, 1.0]","[1.0, 1.0]",1,"[1, 1]",1.0000000000009104,False,0.0036477883290196855,0.0036477883290196855,"[0.34952252780109394, 0.24146999232491068]",0.8836853887351295,2,"[null, null]",0.0002455078931567424,locked,41,ok,True,0.5909925201260047,Dimer_Synthesis,dimer
"[1.099966560032718, 1.5637134686745082]",-9.10320147423699e-13,0.8465783210123142,0.9113212909616827,0.8742964245663813,0.9630125274553228,0.9643390856002068,0.005019067077270169,0.005019067077270169,"[""species"", ""species""]","[""f47de15027773f125ca4ebc456f3338b30e46500336fa4b2d8c32c4db9f7163f"", ""7b57558c3cd3dc061fa22896c3fc808311ec6ed693fe30d3ea97ad0fdb54206b""]","[""tetramer_chain"", ""cube""]","[1.0, 1.0]","[1.0, 1.0]",1,"[1, 1]",1.0000000000009104,False,0.005019067077270178,0.005019067077270178,"[0.3516671069401581, 0.4999302811494262]",0.7972196951580761,2,"[null, null]",0.00038636871671621296,locked,42,ok,True,0.8515973880895844,Dimer_Synthesis,dimer
"[0.8662886177182509, 1.155765240704088]",-9.10320147423699e-13,0.6423789790911709,0.9312803224643067,0.916085108229149,0.9856364009096686,0.9862607947888551,0.004085973850141233,0.004085973850141233,"[""species"", ""species""]","[""90d8e4eaeb57640df21d45d24cf302167630fbc1bb08f7c12390805b6445e2e3"", ""9aaa4cbd5f66d0465894df4cfe1a56b4bc0b1dde6d65b78e31c6703252bd5a11""]","[""grid_3x3"", ""trilayer_4_4_4""]","[1.0, 1.0]","[1.0, 1.0]",1,"[1, 1]",1.0000000000009104,False,0.0040859738501412,0.0040859738501412,"[0.27695861223190676, 0.36950634070940536]",0.6212115068348032,2,"[null, null]",0.0002848861185966758,locked,43,ok,True,0.6464649529413121,Dimer_Synthesis,dimer
"[0.3858535894170092, 0.9708420578219656]",-9.10320147423699e-13,0.430904503624675,0.9262167951119825,0.9990724514842523,0.9364779451845696,0.9362329998585587,0.002840712455934138,0.002840712455934138,"[""species"", ""species""]","[""fe773fc94654171d66c1365f3301c8d3b0ff0653212af14eab538c4631a0adec"", ""b9a007de3b8cc7ac858c13ce4689ded30efed11b8873ca88ff7e5f3d8131539b""]","[""grid_3x3"", ""prism_square""]","[1.0, 1.0]","[1.0, 1.0]",1,"[1, 1]",1.0000000000009104,False,0.002840712455934147,0.002840712455934147,"[0.1233601278649045, 0.31038508821570465]",0.20526119366631923,2,"[null, null]",0.00020692073659406927,locked,44,ok,True,0.4337452160806091,Dimer_Synthesis,dimer
"[1.3372284939522066, 1.726729108029024]",-9.10320147423699e-13,0.972883628218211,0.922189647357883,0.9994513234826558,0.9755030692252583,0.9749776257803988,0.006685337627436507,0.006685337627436507,"[""species"", ""species""]","[""7f47009398f745b67ae6015c43bf0086450485820451b1fc40f741e6dae4bda8"", ""586ac2b6685dfd5e4cb45b92e76aa01efc9176b281f1c76d7fe7d74346f592ec""]","[""hexagon_with_center"", ""ladder_4""]","[1.0, 1.0]","[1.0, 1.0]",1,"[1, 1]",1.0000000000009104,False,0.006685337627436505,0.006685337627436505,"[0.4275214291715646, 0.5520475366740828]",0.5610643613615178,2,"[null, null]",0.0003535240506847786,locked,45,ok,True,0.9795689658456475,Dimer_Synthesis,dimer
"[1.5573632616219366, 1.32667155538571]",-9.10320147423699e-13,0.9162743071869246,0.9202763772558772,0.902115673070421,0.9913304981873794,0.9915864621275693,0.005772068824360626,0.005772068824360626,"[""species"", ""species""]","[""577e458b325037178f2430e93c02ddebc4e6f9793b9a13fe72500d56d249291a"", ""a2bad2eed841feb7638bd76df8461a059301624ec2ee1aa1275c224591f1baa7""]","[""nonamer_chain"", ""cuboctahedron""]","[1.0, 1.0]","[1.0, 1.0]",1,"[1, 1]",1.0000000000009104,False,0.005772068824360654,0.005772068824360654,"[0.4979000749379006, 0.42414630107338464]",0.05951951438530456,2,"[null, null]",0.0002560394066755905,locked,46,ok,True,0.9220463760112853,Dimer_Synthesis,dimer
"[1.620323060854868, 2.192959194688842]",-9.10320147423699e-13,1.2118984110246802,0.9231949953462361,0.8991861956568901,0.9428381730739547,0.9412700640488898,0.0072349585510365555,0.0072349585510365555,"[""species"", ""species""]","[""b22c4cf89d462209c7d4d197d750b1afad1c2c934f7100d03442dd78dd0e9fb6"", ""9791ec9ac257550d41a45c3076a4746428008033eb6de379c10f2c40b44b1961""]","[""prism_triangular"", ""complete_k5""]","[1.0, 1.0]","[1.0, 1.0]",1,"[1, 1]",1.0000000000009104,False,0.007234958551036508,0.007234958551036508,"[0.5180287690766748, 0.7011046004990419]",0.34730353002768943,2,"[null, null]",0.0001811923392728032,locked,47,ok,True,1.2191333695757167,Dimer_Synthesis,dimer
"[0.003603233197250163, 1.208210817346593]",-9.10320147423699e-13,0.3854675101952975,0.5445649763818603,0.874467063507965,0.8256388432128102,0.5686797312800038,0.001958032351661521,0.001958032351661521,"[""species"", ""species""]","[""875752b6bf0e039a5b3757d6da9d47e4a9489eb0e55a3bd9818b0417bfada6d2"", ""8b4c36fece0e5e413f72fff791433a387218a56fbcecbed8b1655c5148801ef7""]","[""tetramer_chain"", ""bipartite_3_6""]","[1.0, 1.0]","[1.0, 1.0]",1,"[1, 1]",1.0000000000009104,False,0.0019580323516615317,0.0019580323516615317,"[0.001151979196594859, 0.38627356335036417]",0.626298838266303,2,"[null, null]",3.309245468488952,no_lock,48,fail,False,0.38742554254695905,Dimer_Synthesis,dimer
"[0.3336588461645702, 1.5007163446236413]",-9.10320147423699e-13,0.5853816318557012,0.4987619648798758,0.9994267588701384,0.26350246863880017,0.5290750687851663,0.0010811205829757552,0.0010811205829757552,"[""species"", ""species""]","[""959d359465f776d401321188278464c5add57454b73c15eb70bcf09dfcaeda4c"", ""c4b1e070a62617d4c5c3c13c9914941f867c865278ea18310da32d914dfc0c27""]","[""complete_k5"", ""hexagon_with_center""]","[1.0, 1.0]","[1.0, 1.0]",1,"[1, 1]",1.0000000000009104,False,0.0010811205829757142,0.0010811205829757142,"[0.1066730984369157, 0.4797896540017612]",0.5335150824655545,2,"[null, null]",3.172756624799624,no_lock,49,fail,False,0.586462752438677,Dimer_Synthesis,dimer
"[1.306234554051032, 1.181548531413422]",-9.10320147423699e-13,0.790735763283483,0.9364913887699671,0.8326909228367023,0.9978625565160629,0.997631152674957,0.004626125112398843,0.004626125112398843,"[""species"", ""species""]","[""c94ba5014353c10a8d8d91c3e9dc9e0f4421348d16458df0bf6f946ce1e0d008"", ""d20af55df0e05b8977f50cc83970a3f531d130a802e3970b3fc47e4863f26015""]","[""trimer_chain"", ""grid_3x4""]","[1.0, 1.0]","[1.0, 1.0]",1,"[1, 1]",1.0000000000009104,False,0.004626125112398793,0.004626125112398793,"[0.4176124468681399, 0.3777494415277419]",0.18042476884125902,2,"[null, null]",0.00023237713916400012,locked,50,ok,True,0.7953618883958818,Dimer_Synthesis,dimer
"[0.6499317585740855, 1.607683669000167]",-9.10320147423699e-13,0.7212212411633591,0.5371248931939842,0.9367903173994119,0.11713658916127198,0.5913087931686116,0.000554415339226328,0.000554415339226328,"[""species"", ""species""]","[""54e78e38907a42df4f7ceadd11c10fce0b3df0043f04ddfd939310c34fa5ddcb"", ""0506505cda31b233a742d3b716a7fe376a2870098a32d722d30a2791b0a85fe1""]","[""prism_square"", ""prism_triangular""]","[1.0, 1.0]","[1.0, 1.0]",1,"[1, 1]",1.0000000000009104,False,0.0005544153392262885,0.0005544153392262885,"[0.20778779060290664, 0.5139878658996787]",0.7810378413354921,2,"[null, null]",2.11111587822478,no_lock,51,fail,False,0.7217756565025853,Dimer_Synthesis,dimer
"[0.7725834905176681, 1.2588449681246667]",-9.10320147423699e-13,0.6452901293494957,0.9176955749389875,0.9576526481629374,0.9582508545921993,0.9580012171753918,0.004171949738986325,0.004171949738986325,"[""species"", ""species""]","[""b285a7f6acbd9d18fe58fe7b96033abbf036d0aa9b2a5ea7890d6a263fc188c8"", ""a1c1ae323d21026bb2c4d5bb49881017e06cd71da27f152d02dbc557fcf05c1a""]","[""bipartite_2_4"", ""icosahedron""]","[1.0, 1.0]","[1.0, 1.0]",1,"[1, 1]",1.0000000000009104,False,0.004171949738986269,0.004171949738986269,"[0.247000418787273, 0.40246166030120895]",0.379594677064934,2,"[null, null]",0.00047679456189407354,locked,52,ok,True,0.649462079088482,Dimer_Synthesis,dimer
"[1.7951738252681761, 0.5440124351351309]",-9.10320147423699e-13,0.7443223723228568,0.5497819846919675,0.832394687368367,0.810556659865235,0.5574069458697624,0.003532057693388488,0.003532057693388488,"[""species"", ""species""]","[""855f1789c9b62f072078ac12482221639f8dfa3a1c2bf4460ade44b55d496495"", ""96fcfac01650e6652e730e1611893e6b45775218ebd33ac1f35e743509162c5f""]","[""star_6"", ""square_ring""]","[1.0, 1.0]","[1.0, 1.0]",1,"[1, 1]",1.0000000000009104,False,0.0035320576933884906,0.0035320576933884906,"[0.5739297979822029, 0.17392463203404243]",0.6243826787025502,2,"[null, null]",3.55937131967778,no_lock,53,fail,False,0.7478544300162453,Dimer_Synthesis,dimer
"[0.2103846787723987, 1.328334488748252]",-9.10320147423699e-13,0.4907759848672452,0.5209122104252081,0.9163196003924861,0.3687123841430777,0.5651700408161153,0.001163441017902131,0.001163441017902131,"[""species"", ""species""]","[""04f9f9d3a26fba90d3fa022c99f5116e265534c876dc314859bd0d0e70446997"", ""f96c24356d8f8ad96dfee1efa8b6c91f1d3bb61041a4e3b258436f2b05a8b22a""]","[""tetramer_chain"", ""star_6""]","[1.0, 1.0]","[1.0, 1.0]",1,"[1, 1]",1.0000000000009104,False,0.0011634410179021115,0.0011634410179021115,"[0.06726147322717091, 0.4246779526579764]",0.34951579573284774,2,"[null, null]",2.1726965997092593,no_lock,54,fail,False,0.49193942588514733,Dimer_Synthesis,dimer
"[0.9446706180868135, 1.4222133032023905]",-9.10320147423699e-13,0.7520485169384316,0.9332482805742165,0.9155237269402721,0.9611408642090019,0.960883063456504,0.004661051612628125,0.004661051612628125,"[""species"", ""species""]","[""e5bca8f51d4f3d7205275620d27481dc6cc26d9c5664021b7d0af1db8e022cce"", ""9faa3283f270fd901b924fdd61d700d691c7145f65769a86b59392e90db3cecd""]","[""hexagon_ring"", ""octahedron""]","[1.0, 1.0]","[1.0, 1.0]",1,"[1, 1]",1.0000000000009104,False,0.0046610516126280865,0.0046610516126280865,"[0.30201789340221336, 0.45469167514884634]",0.1829203831224887,2,"[null, null]",0.0002936212040656059,locked,55,ok,True,0.7567095685510596,Dimer_Synthesis,dimer
"[1.2532745903306326, 0.8027143725867483]",-9.10320147423699e-13,0.6528817595949278,0.9274605060653792,0.9990965067278459,0.9642039966214841,0.9668078761886119,0.00443248682047718,0.00443248682047718,"[""species"", ""species""]","[""c8086f9a89dd9acfa2313f3e6773f8859f392a347f38290608d7c17db62c0525"", ""de53577d276888b3d8d4d44b6d2c80a0733b5cad1da07006c3b5c7b2ab5c9f63""]","[""dimer"", ""bilayer_square_4_4""]","[1.0, 1.0]","[1.0, 1.0]",1,"[1, 1]",1.0000000000009104,False,0.004432486820477144,0.004432486820477144,"[0.40068077103187205, 0.2566334753835329]",0.17913212042559046,2,"[null, null]",0.00034045332279965105,locked,56,ok,True,0.6573142464154049,Dimer_Synthesis,dimer
"[0.837852715125329, 0.7984628494541512]",-9.10320147423699e-13,0.5199701594747077,0.9386481262309484,0.8661358511546258,0.9999192972431957,0.9997725236210597,0.0031715264140898093,0.0031715264140898093,"[""species"", ""species""]","[""3eb33893b32185e62081805818f3029ba1b2fac9ff626d35047654048522992f"", ""696f398dcc31ae52b798382453b3779fc7baf743bfebec50879a68e7ca527966""]","[""decagon_ring"", ""bipartite_3_3""]","[1.0, 1.0]","[1.0, 1.0]",1,"[1, 1]",1.0000000000009104,False,0.003171526414089798,0.003171526414089798,"[0.26786745258993766, 0.25527423329885984]",-0.12229593640845482,2,"[null, null]",0.0002328912462514454,locked,57,ok,True,0.5231416858887975,Dimer_Synthesis,dimer
"[1.0983939794188136, 1.220545914934662]",-9.10320147423699e-13,0.7367953238023677,0.92604507029595,0.8862919075754373,0.9970945825688612,0.9976136467693071,0.004586199460617892,0.004586199460617892,"[""species"", ""species""]","[""e31cdc18a16b18fe2aaddd15d1f9e8393fbc64f5397d0b935f39195c4cec93cd"", ""4e12abda4f39c31adf9a659884edc4b1c36d7eac46b9aa48f9613ad92b965e5e""]","[""heptamer_chain"", ""grid_3x4""]","[1.0, 1.0]","[1.0, 1.0]",1,"[1, 1]",1.0000000000009104,False,0.00458619946061789,0.00458619946061789,"[0.35116434176981925, 0.3902171814931663]",0.1567410680996194,2,"[null, null]",0.0003785820245402422,locked,58,ok,True,0.7413815232629856,Dimer_Synthesis,dimer
"[1.4447653136423253, 0.9487927893941248]",-9.10320147423699e-13,0.7604369381013489,0.9229257227134121,0.936746698916596,0.9566983797559527,0.9563639232407546,0.004800555448422512,0.004800555448422512,"[""species"", ""species""]","[""05bb10f6c3f4172db0e47fec04f6ba569916d8f62d77f25f6b9a0f6a64a18445"", ""8f8c3f3e8930bdcdcf7fdde5e8216b4be61ea62fb9708e1d0d8a8a79551b0601""]","[""trimer_chain"", ""bilayer_square_4_4""]","[1.0, 1.0]","[1.0, 1.0]",1,"[1, 1]",1.0000000000009104,False,0.0048005554484225055,0.0048005554484225055,"[0.4619017127584081, 0.3033357807913634]",-0.29965615230700315,2,"[null, null]",0.00038619981086110953,locked,59,ok,True,0.7652374935497714,Dimer_Synthesis,dimer
"[0.25480435172377003, 0.943471366676655]",-9.10320147423699e-13,0.3806603160315053,0.9191440692520131,0.9994987171495293,0.9091865277275241,0.9094808757030292,0.002436925755538576,0.002436925755538576,"[""species"", ""species""]","[""94672fbf7cb3a32ab423f744766324ff27924f83cef1bcabe69098df1ccbfddb"", ""3f4a64f1eb630f556a3d2a61387e9fbfda1857e5f2db7eb6317ee558585effd7""]","[""star_4"", ""star_4""]","[1.0, 1.0]","[1.0, 1.0]",1,"[1, 1]",1.0000000000009104,False,0.002436925755538555,0.002436925755538555,"[0.08146275756218935, 0.3016344842248545]",0.386488588239726,2,"[null, null]",7.578859489687308e-05,locked,60,ok,True,0.38309724178704385,Dimer_Synthesis,dimer
"[1.4656743512898862, 1.4350563418996203]",-9.10320147423699e-13,0.9208994896894767,0.9133083305403565,0.9990086767689982,0.9999109510761077,0.9998528747385059,0.00648467629474289,0.00648467629474289,"[""species"", ""species""]","[""d0a738124273fbab799ffa04a4245862985053a773777dc1dc15806291505ef4"", ""e0906df179b89fa849834066521adba86758162b894fb345e30955eba881331f""]","[""bipartite_2_4"", ""grid_3x3""]","[1.0, 1.0]","[1.0, 1.0]",1,"[1, 1]",1.0000000000009104,False,0.006484676294742919,0.006484676294742919,"[0.4685864803191618, 0.4587976856650578]",-0.03246072554029089,2,"[null, null]",0.0002663684695777994,locked,61,ok,True,0.9273841659842196,Dimer_Synthesis,dimer
"[0.8301269463290458, 1.3377468474229053]",-9.10320147423699e-13,0.6890402144046928,0.9283255683701442,0.8745836564873204,0.9531670970764923,0.9563849639435494,0.004044405583625335,0.004044405583625335,"[""species"", ""species""]","[""f9c9ecc9188c7e1af6efb514e295b51c3d12a18a804d880dfce0a60c79e7c2d7"", ""337b19cab99788e4c670a5b4aba23e3edff35b8ab425c593129d2086913d5180""]","[""tetramer_chain"", ""cuboctahedron""]","[1.0, 1.0]","[1.0, 1.0]",1,"[1, 1]",1.0000000000009104,False,0.004044405583625288,0.004044405583625288,"[0.26539746953754684, 0.42768715045077116]",0.5042387731963915,2,"[null, null]",0.00042958462657789916,locked,62,ok,True,0.693084619988318,Dimer_Synthesis,dimer
"[1.5769493255410152, 1.6140952248814475]",-9.10320147423699e-13,1.0140200938559947,0.9099347379263087,0.86544155983701,0.9998395936169153,0.9997212931983451,0.006179470329707854,0.006179470329707854,"[""species"", ""species""]","[""4ae78fc493eb3e0717e3f47e58428b486f1a1004d8bd2f1726d434da1e9d5144"", ""4bb51a0995036277b008ecf5879c4acc063dd9b7c80a62d301b859dc127d04d4""]","[""moebius_kantor"", ""hexagon_with_center""]","[1.0, 1.0]","[1.0, 1.0]",1,"[1, 1]",1.0000000000009104,False,0.006179470329707781,0.006179470329707781,"[0.504161878419056, 0.5160376857666463]",0.2589955152698764,2,"[null, null]",0.0003631036483693072,locked,63,ok,True,1.0201995641857025,Dimer_Synthesis,dimer
"[1.062721405149763, 1.7884384324125298]",-9.10320147423699e-13,0.9065978634431373,0.9210862220880747,0.8655424806583873,0.8941366461382637,0.8913692313489407,0.0049381485877003466,0.0049381485877003466,"[""species"", ""species""]","[""d6b0ba5d04e1fb07ff1e4e75967293b13221bc7a20b2d7a3db069613b51b02e0"", ""e2d2f463eaf7d6dda1c0bd935c3a08f38bd342d7c44d9755c6dff2511ecdba72""]","[""cube"", ""bipartite_1_n""]","[1.0, 1.0]","[1.0, 1.0]",1,"[1, 1]",1.0000000000009104,False,0.004938148587700364,0.004938148587700364,"[0.3397595668919977, 0.57177644513884]",0.5772679679457494,2,"[null, null]",0.0007770968302114105,no_lock,64,fail,False,0.9115360120308377,Dimer_Synthesis,dimer
"[1.0160649766974181, 1.0536503957371146]",-9.10320147423699e-13,0.6575382814943903,0.929828750691074,0.8993743780609535,0.9996558467641199,0.9997111317996973,0.004164395350598889,0.004164395350598889,"[""species"", ""species""]","[""a9f94cc1d13b295f7c233fcdb191b859633c2c38509df322d1719c31a157930a"", ""2df166b063d5eb393cabe93585d8a33ba51808d795d7b73d327831be7c46f330""]","[""decagon_ring"", ""decamer_chain""]","[1.0, 1.0]","[1.0, 1.0]",1,"[1, 1]",1.0000000000009104,False,0.004164395350598871,0.004164395350598871,"[0.3248431759668876, 0.3368595008781016]",0.8175227270314893,2,"[null, null]",0.0004883854050394636,locked,65,ok,True,0.6617026768449892,Dimer_Synthesis,dimer
"[1.3704738254904756, 0.8586599362649273]",-9.10320147423699e-13,0.7079010660597612,0.9316615275113274,0.9991895351032098,0.9566978405538498,0.9547304028320163,0.004768799973109126,0.004768799973109126,"[""species"", ""species""]","[""6514efff35cf9b56de192d9a36827265070b217cdd4c1de8c30d33d7d9984f56"", ""cd26862a7792f76d1ac4d5b807851982f8e0dc5e489f69b771e928a3e5b37322""]","[""icosahedron"", ""cube""]","[1.0, 1.0]","[1.0, 1.0]",1,"[1, 1]",1.0000000000009104,False,0.0047687999731090835,0.0047687999731090835,"[0.4381501973415549, 0.27451966869131533]",0.8291832988800331,2,"[null, null]",0.00033541532900628195,locked,66,ok,True,0.7126698660328703,Dimer_Synthesis,dimer
"[1.5930098005524107, 1.3396219423537274]",-9.10320147423699e-13,0.9319035647438373,0.9233904985023922,0.8741858573096513,0.9899325406999193,0.9892741052857291,0.005679592982338928,0.005679592982338928,"[""species"", ""species""]","[""a05f28167104421e8382a2c63553b1bda3210a5c573599bbccd522b90a9d0b95"", ""6cedfdd838da50b1f080e99fbb196b2be18a8465a8d4240938e52a54eea52dae""]","[""star_6"", ""dodecamer_chain""]","[1.0, 1.0]","[1.0, 1.0]",1,"[1, 1]",1.0000000000009104,False,0.005679592982338888,0.005679592982338888,"[0.5092965261334139, 0.4282866315927622]",-0.03932040633867673,2,"[null, null]",0.0001180294706518457,locked,67,ok,True,0.9375831577261762,Dimer_Synthesis,dimer
"[1.581357868159713, 1.19212344919648]",-9.10320147423699e-13,0.8809689306318422,0.9376066422387919,0.9492546902137173,0.9729746051373568,0.9744047301253597,0.005732707823621284,0.005732707823621284,"[""species"", ""species""]","[""9504abd6b05b8fcecd33ad6eeb80357f95eada448279edcc69fb365a6d8b7cc6"", ""61512231a3ebb104a114d96af4107bc8a0fdcf68615d93544ad4fdcc4511dec2""]","[""icosahedron"", ""decamer_chain""]","[1.0, 1.0]","[1.0, 1.0]",1,"[1, 1]",1.0000000000009104,False,0.00573270782362123,0.00573270782362123,"[0.5055713207465515, 0.3811303177089119]",0.34225182949053734,2,"[null, null]",0.00027038887896792464,locked,68,ok,True,0.8867016384554635,Dimer_Synthesis,dimer
"[0.3970798254820554, 0.6459488189001671]",-9.10320147423699e-13,0.3311491922323983,0.9413145262235226,0.999113921518552,0.9924028941508312,0.9906145743399385,0.0023144594396133744,0.0023144594396133744,"[""species"", ""species""]","[""04706c293b81e42401decea64458247218ed0d275490e45a493824a6f93377e9"", ""cd12c916a33954cf5377a422f1c4cbf97f71310eb69ea3d8ffe5bf6e04e83f2a""]","[""star_4"", ""trimer_chain""]","[1.0, 1.0]","[1.0, 1.0]",1,"[1, 1]",1.0000000000009104,False,0.002314459439613392,0.002314459439613392,"[0.12694923511804193, 0.20651441655396977]",-0.13150070088540966,2,"[null, null]",0.0003026354324501677,locked,69,ok,True,0.3334636516720117,Dimer_Synthesis,dimer
"[1.1669512588017623, 0.9353955866184918]",-9.10320147423699e-13,0.6679870041344914,0.9242555608071569,0.8884198387805579,0.9923966610514495,0.9919997925878532,0.004148185949575882,0.004148185949575882,"[""species"", ""species""]","[""cf8629a59deb383eb9d9095372aa54912de9e6b7c6d31392611b21f5fc02f90c"", ""e60c5fd95dc9f6bf2e4b698f3bed77adf7f2f6e42ef7a8fbe542fae7c6fa0876""]","[""nonamer_chain"", ""hexamer_chain""]","[1.0, 1.0]","[1.0, 1.0]",1,"[1, 1]",1.0000000000009104,False,0.004148185949575889,0.004148185949575889,"[0.3730825899932676, 0.29905260009079976]",0.12389126410915507,2,"[null, null]",0.0004193374388953944,locked,70,ok,True,0.6721351900840673,Dimer_Synthesis,dimer
"[1.4814056086355374, 1.0382802953199277]",-9.10320147423699e-13,0.8005060295177358,0.9267073761748109,0.9278249664258809,0.9662603099661576,0.9667592560034868,0.005055416109810664,0.005055416109810664,"[""species"", ""species""]","[""a7f55edbf3021cd58bdb27a315c8d0b75778d2d83546fa7bbfdc192b15d8c8a4"", ""00339384416109bcd7ef0a85e802abd64c8454f95c2f63e947af97ad8d66dace""]","[""bilayer_square_4_4"", ""hexagon_with_center""]","[1.0, 1.0]","[1.0, 1.0]",1,"[1, 1]",1.0000000000009104,False,0.00505541610981064,0.00505541610981064,"[0.47361587481194684, 0.3319455708155995]",0.35852343574631984,2,"[null, null]",0.0001519816503653976,locked,71,ok,True,0.8055614456275464,Dimer_Synthesis,dimer
"[1.2763925406405148, 1.560308389748431]",-9.10320147423699e-13,0.9011637999524417,0.8997117548160213,0.9160442934881912,0.9886830095803274,0.9870166537477034,0.005749596955427148,0.005749596955427148,"[""species"", ""species""]","[""face73d07a07a98a19262ec776e386b2f8823c7e7195395a09e278f402a705a3"", ""606926ff9118546e979bc58c2ca96e6bab1e6edb76a6fe3e58ad862f4b945b3a""]","[""bilayer_hex_6_6"", ""grid_3x4""]","[1.0, 1.0]","[1.0, 1.0]",1,"[1, 1]",1.0000000000009104,False,0.005749596955427094,0.005749596955427094,"[0.40807174362982157, 0.4988416532780472]",-0.18792033447900391,2,"[null, null]",0.0004312658152685062,locked,72,ok,True,0.9069133969078688,Dimer_Synthesis,dimer
"[1.315955581241518, 0.7534687891016962]",-9.10320147423699e-13,0.6579682756267977,0.9047613050935129,0.8325368365394158,0.9444108839168863,0.9449860659908211,0.0036413657866739605,0.0036413657866739605,"[""species"", ""species""]","[""83ce48aae3ac355701096d5b4fd65661099912ad7fdd61b06be65a2efae1ba34"", ""ef6ae4b174fe276d172434d57d885dfe3f591ecc127a06723b15cd379ab7b186""]","[""complete_k6"", ""trimer_chain""]","[1.0, 1.0]","[1.0, 1.0]",1,"[1, 1]",1.0000000000009104,False,0.0036413657866739557,0.0036413657866739557,"[0.42072032817360716, 0.24088931323986454]",0.7382663744960329,2,"[null, null]",0.0001972579106334986,locked,73,ok,True,0.6616096414134717,Dimer_Synthesis,dimer
"[0.9723866595718986, 0.874527927372774]",-9.10320147423699e-13,0.586347829205004,0.9517299350297591,0.9990967090853666,0.9986170096677883,0.9986311305291224,0.004123857077069235,0.004123857077069235,"[""species"", ""species""]","[""328838e9f38c0b719a39980cde4bea4700ed4ed4744b4806a88ae390e82e4e98"", ""1fe241e6bca36b477217531e8bde9905258462bcc3b764dfc0aff666048822ba""]","[""decagon_ring"", ""dimer""]","[1.0, 1.0]","[1.0, 1.0]",1,"[1, 1]",1.0000000000009104,False,0.004123857077069193,0.004123857077069193,"[0.31087890834488885, 0.27959277793718423]",-0.2501743664326095,2,"[null, null]",0.0001548316753809109,locked,74,ok,True,0.5904716862820731,Dimer_Synthesis,dimer
"[1.1568969826894058, 1.1209927866409786]",-9.10320147423699e-13,0.723484155218757,0.9209386831347381,0.9367628262305921,0.999564467346345,0.9998292840176923,0.004773352068713041,0.004773352068713041,"[""species"", ""species""]","[""3aab97f17b097ebe1e3a19fc3fb2bdc305f513433629230f4be78447062da504"", ""7aacaa477ff43dc2ea8e3f7e2dc540a2edb239811cc383b7a2b3ae8bb14ae740""]","[""ladder_4"", ""bilayer_hex_3_3""]","[1.0, 1.0]","[1.0, 1.0]",1,"[1, 1]",1.0000000000009104,False,0.004773352068712988,0.004773352068712988,"[0.36986816664506617, 0.3583893406424038]",-0.07873762195163114,2,"[null, null]",0.00035327851953474964,locked,75,ok,True,0.72825750728747,Dimer_Synthesis,dimer
"[1.5018219238055528, 1.5553857340445634]",-9.10320147423699e-13,0.9705800825989387,0.9378949963403803,0.9991506056402211,0.9992412276857227,0.9995928698762938,0.006830878257424301,0.006830878257424301,"[""species"", ""species""]","[""d01c336b6f6214c485f58b8fc1336e30689d223ca1622196cf94b569106d4171"", ""571843ed784ff2c16ead517122a52e7629fc930629bd775df924144fd12b646c""]","[""double_triangle"", ""prism_square""]","[1.0, 1.0]","[1.0, 1.0]",1,"[1, 1]",1.0000000000009104,False,0.006830878257424344,0.006830878257424344,"[0.4801431155037041, 0.49726784535265894]",0.8266056284724166,2,"[null, null]",0.00035106801770393885,locked,76,ok,True,0.977410960856363,Dimer_Synthesis,dimer
"[0.19375128664710942, 1.1233875774263933]",-9.10320147423699e-13,0.41931778632547084,0.5265539647472728,0.8279590932747143,0.7296852294197939,0.626932939509946,0.0017808457578512046,0.0017808457578512046,"[""species"", ""species""]","[""ab57284fd5e2874025fbe9b453118dbfab978525e0b64c744b06e7915d80c27f"", ""66d7af7cd2283779bbb60e19ff07423740a852fd9efed59519c484c397eea73e""]","[""bowtie"", ""honeycomb_7""]","[1.0, 1.0]","[1.0, 1.0]",1,"[1, 1]",1.0000000000009104,False,0.0017808457578512016,0.0017808457578512016,"[0.061943659850073614, 0.35915497223324844]",0.7584324198216661,2,"[null, null]",1.7995131623970768,no_lock,77,fail,False,0.42109863208332204,Dimer_Synthesis,dimer
"[1.0416902232130176, 1.3337121409879242]",-9.10320147423699e-13,0.7546198831832154,0.9327097353085683,0.9158378159339049,0.9885942868121864,0.9861119974362603,0.004813091954237895,0.004813091954237895,"[""species"", ""species""]","[""a1d2bae7fd7106b2a493b6152d6f862ab551c7f6098a8ed53d06a0f9e96c2cf5"", ""fe7bc0a3061c781c8cb4770a65f7a3f00c8fbb975f528a1431fb936b8f0f59eb""]","[""bipartite_4_8"", ""bipartite_2_4""]","[1.0, 1.0]","[1.0, 1.0]",1,"[1, 1]",1.0000000000009104,False,0.004813091954237847,0.004813091954237847,"[0.33303574893610693, 0.4263972262013463]",0.6257600363278167,2,"[null, null]",0.00029764858544979646,locked,78,ok,True,0.7594329751374532,Dimer_Synthesis,dimer
"[1.1466145491164637, 1.0570834691343018]",-9.10320147423699e-13,0.6996203438668502,0.9463971350446108,0.9994538923640403,0.9976593519987251,0.998753520594336,0.004917534652798131,0.004917534652798131,"[""species"", ""species""]","[""bdbd6db7a4cdf5ec738f07bc0bc8d651c5f4d7b844b198036197cb7f9bc74297"", ""2caf9d2db5dbd3e041c0225b60a3f5d521db6dfbab4cdf5105cb598f2ea10d8d""]","[""trimer_triangle"", ""bilayer_hex_3_3""]","[1.0, 1.0]","[1.0, 1.0]",1,"[1, 1]",1.0000000000009104,False,0.0049175346527980945,0.0049175346527980945,"[0.36658079973930013, 0.3379570787803482]",0.5885151323020124,2,"[null, null]",0.0004142995710514774,locked,79,ok,True,0.7045378785196483,Dimer_Synthesis,dimer
"[1.055101588908483, 1.0259679897544636]",-9.10320147423699e-13,0.6612601427650211,0.9161444284152382,0.8744880947276881,0.9999449130865377,0.9997977263010748,0.004072554301518766,0.004072554301518766,"[""species"", ""species""]","[""bc2799437eb8fd076d33f02b8f058138efcfcfdfebd865ef420cd1da7f879cb2"", ""5cd3007d3e828d9c2d8620c1034f4598013d96d72b2fc982a0bbd473551e7768""]","[""tetrahedron_k4"", ""icosahedron""]","[1.0, 1.0]","[1.0, 1.0]",1,"[1, 1]",1.0000000000009104,False,0.00407255430151876,0.00407255430151876,"[0.33732345762254234, 0.32800923944399746]",0.3259121720568492,2,"[null, null]",0.0006073411261796305,locked,80,ok,True,0.6653326970665399,Dimer_Synthesis,dimer
"[1.7273359257439076, 1.6901780049927584]",-9.10320147423699e-13,1.085602944479845,0.9239672067055686,0.9158824369023253,0.9993735780740957,0.9997479688515094,0.007000486040900657,0.007000486040900657,"[""species"", ""species""]","[""004651fda1cb507970e6fb0707e06746646e3ce58f1091ca4f0956d7d77eea65"", ""4a5c93cb06fdf050f72b5109dc931cebf733a56ff511adc4566380436b50c3f7""]","[""pentamer_chain"", ""hexagon_ring""]","[1.0, 1.0]","[1.0, 1.0]",1,"[1, 1]",1.0000000000009104,False,0.007000486040900755,0.007000486040900755,"[0.5522415405992811, 0.5403618899214645]",0.15925500554547445,2,"[null, null]",0.00034808458587964024,locked,81,ok,True,1.0926034305207457,Dimer_Synthesis,dimer
"[1.0038272128947499, 1.6918713205358344]",-9.10320147423699e-13,0.8563486888952646,0.9100652223446059,0.9991560957533381,0.9099988268851243,0.9058301243713096,0.005485242134568918,0.005485242134568918,"[""species"", ""species""]","[""ce4f8b9ce9984cfc3cb6dca7b0ee20a1720e18e7b9550d2e513b47d9348377bb"", ""a970edef655c5f8372cb3ded3219393e207830ef147215834a121674222f394d""]","[""prism_triangular"", ""moebius_kantor""]","[1.0, 1.0]","[1.0, 1.0]",1,"[1, 1]",1.0000000000009104,False,0.005485242134568913,0.005485242134568913,"[0.32093067612528026, 0.5409032549045533]",0.46181663329080624,2,"[null, null]",0.00029583869138491604,locked,82,ok,True,0.8618339310298335,Dimer_Synthesis,dimer
"[1.1667598533996697, 1.0496730857679386]",-9.10320147423699e-13,0.7036641356646696,0.9142022755791769,0.9991935259515827,0.9977649327281864,0.9979627033091016,0.004945187350350127,0.004945187350350127,"[""species"", ""species""]","[""d89469f7022c7ceca159219669203155ae5dfe5d36b6c17e2779ce4037c81305"", ""5404588966ad625f8ba4ad30abcd733124d43bbe089d8926ea7ee7e2e8048acd""]","[""pentamer_chain"", ""decagon_ring""]","[1.0, 1.0]","[1.0, 1.0]",1,"[1, 1]",1.0000000000009104,False,0.0049451873503501,0.0049451873503501,"[0.37302139632933967, 0.33558792668568005]",0.8765163997037251,2,"[null, null]",0.00017345632779614749,locked,83,ok,True,0.7086093230150197,Dimer_Synthesis,dimer
"[1.0055933017020038, 0.7874007397623694]",-9.10320147423699e-13,0.5692521351452494,0.9237237393465931,0.9995184349688555,0.9925380832017177,0.9930207452979017,0.003980770502321329,0.003980770502321329,"[""species"", ""species""]","[""2c4e8888aaafadccded15a549af0eab4bcbeff1ad44a07645b323aa1e09dd77c"", ""67d6593325a7d8f953e467440ce538a7b6a5b89f7a464c50f53f0bc4bedf4fe0""]","[""icosahedron"", ""moebius_kantor""]","[1.0, 1.0]","[1.0, 1.0]",1,"[1, 1]",1.0000000000009104,False,0.0039807705023213735,0.0039807705023213735,"[0.32149530723681874, 0.25173759841075205]",-0.3787607295687694,2,"[null, null]",0.00032246799725259306,locked,84,ok,True,0.5732329056475708,Dimer_Synthesis,dimer
"[1.6698844409032163, 1.208584376275716]",-9.10320147423699e-13,0.9145667976616579,0.9271623506984997,0.9160885214811119,0.9659003882661137,0.9634513359203385,0.005700088746838697,0.005700088746838697,"[""species"", ""species""]","[""3bdaa37f4de1bc400ef5ccf2995ce44672392fdee0204cb96987d56c316cce49"", ""56caf25cefbaf8e587d5f6b78398ad09cb6d7b9fe4f9e2bb8d4ddd4c918b0dfd""]","[""tetramer_chain"", ""bipartite_2_4""]","[1.0, 1.0]","[1.0, 1.0]",1,"[1, 1]",1.0000000000009104,False,0.005700088746838694,0.005700088746838694,"[0.5338738936203209, 0.3863929927881758]",0.6361870568411969,2,"[null, null]",0.00034249837920187666,locked,85,ok,True,0.9202668864084966,Dimer_Synthesis,dimer
"[1.4361584090753934, 1.1213720535900815]",-9.10320147423699e-13,0.81258881753163,0.929104503534561,0.8992330979128873,0.9854143178439387,0.9842109210622401,0.005071801796778911,0.005071801796778911,"[""species"", ""species""]","[""3f15210f38491d422a71128cea2d017d363b23659fcd90f2e65d3144e3e3fac5"", ""9c3e48190ce49629d0fb3ebf6afe67f2298e2b0c420e63ff88819b1a4cec0279""]","[""ladder_5"", ""star_5""]","[1.0, 1.0]","[1.0, 1.0]",1,"[1, 1]",1.0000000000009104,False,0.0050718017967789075,0.0050718017967789075,"[0.4591500243537415, 0.3585105949746674]",0.5940159917138068,2,"[null, null]",0.00025109260372390243,locked,86,ok,True,0.8176606193284089,Dimer_Synthesis,dimer
"[1.1330800231214029, 1.2110041271228362]",-9.10320147423699e-13,0.7441820639067351,0.9328572742619042,0.9994584490576721,0.9990759127759653,0.9991004393238093,0.00523825621295205,0.00523825621295205,"[""species"", ""species""]","[""9335aa917d90a480019667769bd6942acd9478dab85da9ac29643a13b36ea526"", ""23a68687118033a95f26d32a0ecfe94dcb1f6aa1a56bb89d06f6e26f73f88265""]","[""star_6"", ""bipartite_2_4""]","[1.0, 1.0]","[1.0, 1.0]",1,"[1, 1]",1.0000000000009104,False,0.005238256212952042,0.005238256212952042,"[0.3622537158319968, 0.38716660428769034]",-0.3421631773319791,2,"[null, null]",0.00026611259140989565,locked,87,ok,True,0.7494203201196872,Dimer_Synthesis,dimer
"[1.2298218800628158, 1.1222412748861978]",-9.10320147423699e-13,0.7467256487515493,0.9468072228256871,0.9994249749011885,0.9971189971387117,0.9981649696320304,0.00524561573567059,0.00524561573567059,"[""species"", ""species""]","[""0cdb8a0aa0e56618b7d62a4551ddcf05cd980835b75ef1fdd300cd2fdacd4ba9"", ""65374a6e1d528012f5197fdca75047c5bde1733f5a45b13de6e925ea46b52c05""]","[""heptamer_chain"", ""diatomic_prism_12""]","[1.0, 1.0]","[1.0, 1.0]",1,"[1, 1]",1.0000000000009104,False,0.005245615735670617,0.005245615735670617,"[0.39318277330224694, 0.358788491184973]",-0.19586596057418348,2,"[null, null]",0.0005247947307755087,locked,88,ok,True,0.75197126448722,Dimer_Synthesis,dimer
"[1.3801675321697606, 1.349262721461139]",-9.10320147423699e-13,0.8668208115864907,0.9320283479609431,0.9491707501163409,0.9999213171663118,0.9997500372289856,0.0057973895166138845,0.0057973895166138845,"[""species"", ""species""]","[""4e419a8d939baba4035b66263d4ce47c594ceb1e135973cde9e41c8682855b0b"", ""a10e1ed6e789834a50449e8fdc43b54e406952594eb46597f7a751bc076eb655""]","[""petersen"", ""bilayer_square_4_4""]","[1.0, 1.0]","[1.0, 1.0]",1,"[1, 1]",1.0000000000009104,False,0.0057973895166139044,0.0057973895166139044,"[0.44124934408591526, 0.43136885701718936]",-0.003925766410391995,2,"[null, null]",0.000327573945433773,locked,89,ok,True,0.8726182011031046,Dimer_Synthesis,dimer
"[1.3026695184406083, 1.064859755642524]",-9.10320147423699e-13,0.7521962810107103,0.9260212919558265,0.8993931980540291,0.9904007923618457,0.9909176814513565,0.004719611403494669,0.004719611403494669,"[""species"", ""species""]","[""2340fcb0a0e47028707bd03ab81a48e8d577e224f8c62159d317b4de4287a3cf"", ""20e535b6b304a839fff2c61e136d39d5aad2b05155e887d668d0b6ff54720035""]","[""pentamer_chain"", ""complete_k5""]","[1.0, 1.0]","[1.0, 1.0]",1,"[1, 1]",1.0000000000009104,False,0.004719611403494639,0.004719611403494639,"[0.41647267971083735, 0.3404432127033676]",0.140100017003288,2,"[null, null]",0.00033683448613417544,locked,90,ok,True,0.756915892414205,Dimer_Synthesis,dimer
"[1.3798217594380837, 1.2527879778128708]",-9.10320147423699e-13,0.8366459326377783,0.9358120283560669,0.8538184878995332,0.9975479185240911,0.9975322841844824,0.00501806301495822,0.00501806301495822,"[""species"", ""species""]","[""c7ca1b8b26679b3062c0877a96046825c3bb611e8a1e85af0cd09aa4f67e80f5"", ""dc4f77e3e6ba02005bb0943641617dab8011bfa4b111e45077356de3d420deb8""]","[""bilayer_square_4_4"", ""complete_k6""]","[1.0, 1.0]","[1.0, 1.0]",1,"[1, 1]",1.0000000000009104,False,0.005018063014958218,0.005018063014958218,"[0.44113879809240436, 0.4005251975603321]",-0.11471891987252625,2,"[null, null]",0.00031260307534916034,locked,91,ok,True,0.8416639956527365,Dimer_Synthesis,dimer
"[2.0469484029356972, 1.8077731795945415]",-9.10320147423699e-13,1.2238387720476374,0.9242075966043375,0.9992630144328143,0.9910361918593219,0.9902639475881626,0.008543044130370953,0.008543044130370953,"[""species"", ""species""]","[""dcc08a13fab49d2037e2d6656f983092d8d32c84d4c652fd85c9d65cdc514b35"", ""3ef2f61275bd55fea98b62648ed3e7d15d1d9275ad146b2d047188373edef78e""]","[""double_triangle"", ""cuboctahedron""]","[1.0, 1.0]","[1.0, 1.0]",1,"[1, 1]",1.0000000000009104,False,0.00854304413037088,0.00854304413037088,"[0.6544239153004454, 0.5779579008775628]",0.09598057547960037,2,"[null, null]",0.0004507916777071035,locked,92,ok,True,1.2323818161780082,Dimer_Synthesis,dimer
"[0.6748720516953027, 0.7891350694759371]",-9.10320147423699e-13,0.4651121558799046,0.9311395073160547,0.8993786768771919,0.9981667877971886,0.9979525064784994,0.002941299151278945,0.002941299151278945,"[""species"", ""species""]","[""c20d2eb446b11260fcdfc44fb852a47577e1db645f31ecdf1848c5b3af9ec007"", ""71dbff887f1812d07ddfc1d18f388458d70159c94e460a08798e157019a3cc98""]","[""complete_k5"", ""hexamer_chain""]","[1.0, 1.0]","[1.0, 1.0]",1,"[1, 1]",1.0000000000009104,False,0.002941299151278942,0.002941299151278942,"[0.21576137911628576, 0.25229207591489783]",0.1795223960652671,2,"[null, null]",0.00030472844108937194,locked,93,ok,True,0.46805345503118356,Dimer_Synthesis,dimer
"[0.7042374825744262, 1.0269642764951707]",-9.10320147423699e-13,0.5503002105581708,0.9215700793458188,0.8327244355414305,0.9848136318624383,0.9833757394531217,0.003177264360347861,0.003177264360347861,"[""species"", ""species""]","[""2afa523066b00497cbf2f1c912a71fa16400d1c4bee4936652e95400e18e663c"", ""7a21a500b7cd242f9d0eb9e23927df4234c889af2101a9229adfe32a18604534""]","[""cuboctahedron"", ""moebius_kantor""]","[1.0, 1.0]","[1.0, 1.0]",1,"[1, 1]",1.0000000000009104,False,0.00317726436034782,0.00317726436034782,"[0.22514971554080884, 0.32832775937770975]",-0.17452815366229602,2,"[null, null]",0.0002451232038198774,locked,94,ok,True,0.5534774749185186,Dimer_Synthesis,dimer
"[1.0279132917337157, 1.4729531778853262]",-9.10320147423699e-13,0.7941416643443102,0.9262426003858311,0.9993742752770709,0.9659885904766213,0.9669725276900605,0.0054030747143170126,0.0054030747143170126,"[""species"", ""species""]","[""29ff5bd6cae2f60c628ecd8718a84e59f92251f99eb6e9885edc6b64152fa51a"", ""5e7e0d2e4ce8469233e61ba29b0e57f53bd359f967483011f481e58b8f3ad311""]","[""pentagon_ring"", ""bipartite_4_4""]","[1.0, 1.0]","[1.0, 1.0]",1,"[1, 1]",1.0000000000009104,False,0.005403074714317002,0.005403074714317002,"[0.32863116627707156, 0.47091357278155566]",0.1882580093174725,2,"[null, null]",0.0002596488029998346,locked,95,ok,True,0.7995447390586272,Dimer_Synthesis,dimer
"[1.4697428638711474, 1.4235916391925336]",-9.10320147423699e-13,0.9185502854206211,0.9260759799637306,0.9992065465241722,0.9998867090129798,0.9996575110966187,0.006469266148546647,0.006469266148546647,"[""species"", ""species""]","[""7277938f7c58b60744a5e1ad9b8cb124a954e8271c084e515595d24a59a616f9"", ""3cbe9cd4690d25f582f6aa8830cf05c855962e64964a1c0dea906a5074f5317f""]","[""bipartite_2_4"", ""diatomic_prism_12""]","[1.0, 1.0]","[1.0, 1.0]",1,"[1, 1]",1.0000000000009104,False,0.006469266148546593,0.006469266148546593,"[0.4698872126332052, 0.4551323389359625]",0.48809255865797563,2,"[null, null]",0.0003619771029500337,locked,96,ok,True,0.9250195515691677,Dimer_Synthesis,dimer
"[0.0038124138092102814, 1.282675935605786]",-9.10320147423699e-13,0.40861736772979224,0.5452419658172951,0.999446282885825,0.9320854048780605,0.5672742925475016,0.002682077534738402,0.002682077534738402,"[""species"", ""species""]","[""6bb68c3c0f2814f8b1fc0a2137b06c0ae572e93dbba06c9a5d5ca875d3e3a7c1"", ""76582900ef997fb7270c77bf94cd59ecacbc365e1b825b59c93ce0eaf372601c""]","[""dimer"", ""truncated_tetrahedron""]","[1.0, 1.0]","[1.0, 1.0]",1,"[1, 1]",1.0000000000009104,False,0.002682077534738425,0.002682077534738425,"[0.001218855721126476, 0.4100805895434042]",0.6117150147344006,2,"[null, null]",3.2582571387643524,no_lock,97,fail,False,0.41129944526453066,Dimer_Synthesis,dimer
"[0.7580615418960043, 1.2586731233939983]",-9.10320147423699e-13,0.6404484429619711,0.9199709686192499,0.9992637350548566,0.9569622728891339,0.9563976011265227,0.004315926227004988,0.004315926227004988,"[""species"", ""species""]","[""7dcb5184a18206db99ab30142e244e5b3ed373dbc8d2dd5ec79bf81d39386aa6"", ""7bd171a42b4182f25e04a1c0b38e530b82fcd31a54e34b56470116297781d505""]","[""bipartite_1_n"", ""bowtie""]","[1.0, 1.0]","[1.0, 1.0]",1,"[1, 1]",1.0000000000009104,False,0.00431592622700494,0.00431592622700494,"[0.24235764886637448, 0.40240672032260155]",0.6894217222252831,2,"[null, null]",0.00016978544255827569,locked,98,ok,True,0.6447643691889761,Dimer_Synthesis,dimer
"[1.2670489263490898, 1.2588246673803005]",-9.10320147423699e-13,0.8026477506952103,0.9322547607848795,0.8654215701972917,0.9999810566533973,0.9999581072179161,0.004891943217788349,0.004891943217788349,"[""species"", ""species""]","[""88d3c30402f935a42ae274dc88e2cd99b8571e54749a914a5c2324bd616a941a"", ""e2800e07ff4ea13f35b0bdc59ab72d0a83baf0b600a17d1c4b93c0d4f9943b86""]","[""bipartite_1_n"", ""bipartite_4_4""]","[1.0, 1.0]","[1.0, 1.0]",1,"[1, 1]",1.0000000000009104,False,0.004891943217788297,0.004891943217788297,"[0.4050845239036761, 0.40245517000932246]",0.04691008214764958,2,"[null, null]",0.00017331955051567638,locked,99,ok,True,0.8075396939129986,Dimer_Synthesis,dimer
"[0.6920176358637153, 0.9100456656160367]",-9.10320147423699e-13,0.5086342169432284,0.9201664717754056,0.9991551645108863,0.9928732188243649,0.9929183521521582,0.0035567776172107136,0.0035567776172107136,"[""species"", ""species""]","[""5efcc09af8695a2ba22bee7e47849566ea666f24794250fdc2a5286e3964ca26"", ""7332f6d112762bd9daa30496e439250811a60c1609bfd3af00ef531e190e85bb""]","[""heptamer_chain"", ""bipartite_3_3""]","[1.0, 1.0]","[1.0, 1.0]",1,"[1, 1]",1.0000000000009104,False,0.003556777617210738,0.003556777617210738,"[0.22124294392051516, 0.29094805063992396]",0.9522300809535348,2,"[null, null]",0.0002641159896577972,locked,100,ok,True,0.5121909945604392,Dimer_Synthesis,dimer
"[1.0726233426125555, 0.6512646351515307]",-9.10320147423699e-13,0.5478654951431587,0.8789000186723122,0.8744320835941619,0.970409512799554,0.9697208721857173,0.003273712044361358,0.003273712044361358,"[""species"", ""species""]","[""76587ea4bb314383c72855e5e983c5b811a63d3e6a4306c5bbed25f8cb96d917"", ""276620588d593b5f1fd8cd15dbffe4e5eece86fc1aaabe0e69bf53f1c0b1d331""]","[""complete_k6"", ""dodecamer_chain""]","[1.0, 1.0]","[1.0, 1.0]",1,"[1, 1]",1.0000000000009104,False,0.003273712044361332,0.003273712044361332,"[0.342925286494, 0.20821392069352004]",0.18427841567133985,2,"[null, null]",0.0002313337150386053,locked,101,ok,True,0.5511392071875201,Dimer_Synthesis,dimer
"[1.4310518271053918, 0.9890048067727456]",-9.10320147423699e-13,0.7684803578828515,0.913939726751437,0.9992182102189371,0.9662165634841329,0.9679715524112235,0.0052289038259297526,0.0052289038259297526,"[""species"", ""species""]","[""ee26d4532b1bea594dc96916fc26eb52c8e3b42e2ae8a2f90ae4b3ffb658f525"", ""7c81ef4749a270cc0cf07d88de521f71ec3558919d11d7f9753347c9bb6e3c40""]","[""pentamer_chain"", ""star_6""]","[1.0, 1.0]","[1.0, 1.0]",1,"[1, 1]",1.0000000000009104,False,0.005228903825929776,0.005228903825929776,"[0.45751741389721107, 0.31619184781157017]",-0.06878039079715137,2,"[null, null]",0.0002737829477244806,locked,102,ok,True,0.7737092617087813,Dimer_Synthesis,dimer
"[1.5885005252517728, 1.3748332103662206]",-9.10320147423699e-13,0.9408363866172335,0.9437116535832727,0.9990200643937655,0.9905095422789104,0.992832126084941,0.006562415826319265,0.006562415826319265,"[""species"", ""species""]","[""3f63e2dd6792f07dd4b2b0b0bd0744b55872165a520b41af81a2aaa243b14a16"", ""52b7f575c48fb70289d4e3cc4c527961b381ff7dcfe03915b9b90309d1241d57""]","[""truncated_tetrahedron"", ""honeycomb_7""]","[1.0, 1.0]","[1.0, 1.0]",1,"[1, 1]",1.0000000000009104,False,0.006562415826319223,0.006562415826319223,"[0.507854878853405, 0.4395439235901477]",0.3750675731561539,2,"[null, null]",0.0005488947266628648,locked,103,ok,True,0.9473988024435527,Dimer_Synthesis,dimer
"[1.3683875547047764, 0.8682913012737558]",-9.10320147423699e-13,0.7105174867430248,0.9206312475643859,0.9575885775225222,0.9522912050556406,0.9551928044702537,0.004564599400391135,0.004564599400391135,"[""species"", ""species""]","[""1d4f9aeb559d97b48f649aede10babc66969864bcd1ec1ca311db091d7714a2c"", ""965418771e743f98d7394a76b3c210be1f89676896a53670e38038fd4ee15ed8""]","[""truncated_tetrahedron"", ""octamer_chain""]","[1.0, 1.0]","[1.0, 1.0]",1,"[1, 1]",1.0000000000009104,False,0.004564599400391112,0.004564599400391112,"[0.43748320178172734, 0.27759888436168867]",0.5308092165375564,2,"[null, null]",0.0001486832153763002,locked,104,ok,True,0.715082086143416,Dimer_Synthesis,dimer
"[1.0115445183026035, 0.5930147211365648]",-9.10320147423699e-13,0.509846724053626,0.9227302195572564,0.8994727923946582,0.972848469053301,0.9713629924249663,0.003142239566221653,0.003142239566221653,"[""species"", ""species""]","[""8f2c4afe1bbaed43257aeb38b9459c51cd535509cd5b4d2121ec61da8a01db41"", ""6c392675ab0dbf3f2c777838a7050710af9c80352769341f62bceec0c16ee464""]","[""diatomic_prism_12"", ""decagon_ring""]","[1.0, 1.0]","[1.0, 1.0]",1,"[1, 1]",1.0000000000009104,False,0.0031422395662216163,0.0031422395662216163,"[0.32339795337239297, 0.1895910102474546]",0.3049701832974796,2,"[null, null]",0.00025825372325187095,locked,105,ok,True,0.5129889636198476,Dimer_Synthesis,dimer
"[1.1025312270145329, 0.2872268009990623]",-9.10320147423699e-13,0.4416697118986191,0.8564830485207222,0.9992925634590473,0.8512788714266641,0.8417087811976465,0.0026457816958981952,0.0026457816958981952,"[""species"", ""species""]","[""46ab696d982fbceb73bdd8f335a5081ba93288845c83dfc9c447d5f5481521b3"", ""5fc3e9100971c48be15e4ac77d96ca4e6d0df8f2e58ca2cf039aca907bcc8ae8""]","[""decamer_chain"", ""bowtie""]","[1.0, 1.0]","[1.0, 1.0]",1,"[1, 1]",1.0000000000009104,False,0.002645781695898186,0.002645781695898186,"[0.35248704915524964, 0.0918284444392676]",0.6481623043319876,2,"[null, null]",0.0006864397054250372,no_lock,106,fail,False,0.4443154935945173,Dimer_Synthesis,dimer
"[0.9795262527419601, 0.11332729171146819]",-9.10320147423699e-13,0.3474434917238815,0.8657511642019174,0.9994802822651476,0.7975248924726089,0.7994432631071335,0.0019495337111854834,0.0019495337111854834,"[""species"", ""species""]","[""b024b3202983b60964ca282c3c5e2f6ce5667414eaa8b321b1c5fe6b11a86f9b"", ""998818274a8d2a189528cc5988bb8eadd5202df0cbc07b0a7699e34f3999514b""]","[""diatomic_prism_12"", ""dimer""]","[1.0, 1.0]","[1.0, 1.0]",1,"[1, 1]",1.0000000000009104,False,0.0019495337111855027,0.0019495337111855027,"[0.31316148689415907, 0.036231538540907965]",0.4159480192134467,2,"[null, null]",0.0007088770483965174,no_lock,107,fail,False,0.349393025435067,Dimer_Synthesis,dimer
"[0.8554250097017697, 1.2827735266832576]",-9.10320147423699e-13,0.6796044621903958,0.9305818805816423,0.8575849459988323,0.9729679956736043,0.9714090986268724,0.00399276764887958,0.00399276764887958,"[""species"", ""species""]","[""d3c27c61baa0a398ba94fed78426341826ccfd101a1730b0d481da2abc9bc696"", ""3b4002906193bb8a206ebf6a04e1c32ac63ba77b0b96faa18b317177f65aa3f0""]","[""truncated_tetrahedron"", ""decamer_chain""]","[1.0, 1.0]","[1.0, 1.0]",1,"[1, 1]",1.0000000000009104,False,0.003992767648879569,0.003992767648879569,"[0.27348543973657724, 0.41011179010269816]",-0.16109652141449593,2,"[null, null]",0.00043672363956820176,locked,108,ok,True,0.6835972298392754,Dimer_Synthesis,dimer
"[1.9017141742304082, 1.962607328695658]",-9.10320147423699e-13,1.2268182892374808,0.9334628651991366,0.9991246130589932,0.9990860779166493,0.9994074384632892,0.008632689545212562,0.008632689545212562,"[""species"", ""species""]","[""229a53667a9905414d921275db6155dda9af45937baef30f3bcea3804ea037e1"", ""96882c399c9e1ab2d60e30140896fcf4487e42208efafd54551ff8832f78b2d2""]","[""prism_triangular"", ""ladder_5""]","[1.0, 1.0]","[1.0, 1.0]",1,"[1, 1]",1.0000000000009104,False,0.008632689545212457,0.008632689545212457,"[0.6079915028133285, 0.6274594759693648]",-0.2792359593857834,2,"[null, null]",0.00041088705344021197,locked,109,ok,True,1.2354509787826933,Dimer_Synthesis,dimer
"[1.3009956813067256, 1.8348175125543729]",-9.10320147423699e-13,0.9970303572593604,0.8942670224166767,0.8326959116471626,0.9431290566718034,0.9493406919952241,0.005511350696842098,0.005511350696842098,"[""species"", ""species""]","[""ff61db72653eed228533f8da7133e90c28683c6abebdb4304e200d725360263d"", ""234cddb7b596955caeec27174774c7fdbb8ee425f44ff0dcc74c94c9f7be9655""]","[""bipartite_3_3"", ""octahedron""]","[1.0, 1.0]","[1.0, 1.0]",1,"[1, 1]",1.0000000000009104,False,0.0055113506968420545,0.0055113506968420545,"[0.41593754211325074, 0.5866041658429517]",0.6286899124686205,2,"[null, null]",0.00033419744277547465,locked,110,ok,True,1.0025417079562025,Dimer_Synthesis,dimer
"[2.2396731064572544, 0.8244744053018841]",-9.10320147423699e-13,0.9738204820030522,0.6309680223894724,0.999327692240578,0.8477121002029042,0.533063413366943,0.005809199344868877,0.005809199344868877,"[""species"", ""species""]","[""f0a132ae96fd16326a5adb3f33f582e52be610a472e082fd4094915e44bd6925"", ""58fee46ef9466157c0ac5d9c6adb3ad8efa72f08714fbfb3cb78e7dd1c2d9256""]","[""bipartite_1_n"", ""grid_3x3""]","[1.0, 1.0]","[1.0, 1.0]",1,"[1, 1]",1.0000000000009104,False,0.005809199344868898,0.005809199344868898,"[0.7160393692477998, 0.2635903121001213]",0.09292019155030529,2,"[null, null]",3.601189352672016,no_lock,111,fail,False,0.979629681347921,Dimer_Synthesis,dimer
"[0.9276470716736935, 1.38385538860269]",-9.10320147423699e-13,0.7340365912537945,0.9218104692445873,0.9993177116603726,0.9608540306358367,0.9630310385739836,0.004967131610539516,0.004967131610539516,"[""species"", ""species""]","[""213d6750028dea5c5034f3b046fd8245fdf17548305084e8d07a2c692f1a519f"", ""f5e2654aa8a136295d60f168fad42072200183253a38b03c4da159ba024d97a9""]","[""ladder_5"", ""star_4""]","[1.0, 1.0]","[1.0, 1.0]",1,"[1, 1]",1.0000000000009104,False,0.004967131610539521,0.004967131610539521,"[0.2965753449334805, 0.4424283779308536]",0.48984996432656824,2,"[null, null]",0.00061574605357331,locked,112,ok,True,0.739003722864334,Dimer_Synthesis,dimer
"[1.1509026473420614, 1.3602337344883135]",-9.10320147423699e-13,0.7980461943933403,0.942596400114448,0.857768070990871,0.9919979398335422,0.9933429326431977,0.004781908402982235,0.004781908402982235,"[""species"", ""species""]","[""528b5edb6928d7f7f50f176d6a2603a4d9433edebb3593072e80da289a5cbe79"", ""d7edb6a69988662aa2fa6844d9dfd8c9150ae010137d9fb135f1e6099fdc16bf""]","[""diatomic_prism_12"", ""decamer_chain""]","[1.0, 1.0]","[1.0, 1.0]",1,"[1, 1]",1.0000000000009104,False,0.0047819084029822045,0.0047819084029822045,"[0.3679517351404875, 0.43487636765583504]",0.6787856826248309,2,"[null, null]",0.00025121787977925024,locked,113,ok,True,0.8028281027963226,Dimer_Synthesis,dimer
"[1.0182261985375565, 1.4205389208432992]",-9.10320147423699e-13,0.7752776248309665,0.9357671416134543,0.8329829195543803,0.9706551976728031,0.9722330400988284,0.004412872318078656,0.004412872318078656,"[""species"", ""species""]","[""f3033346f08aa139dec51ff01c433389eb35fb20528f8f186f8ad634aa57009f"", ""2984fc2a147d2e33ab13f1d6b72a3b867398ee9a162c1b36c0e4a1debb94debd""]","[""bipartite_3_3"", ""dodecamer_chain""]","[1.0, 1.0]","[1.0, 1.0]",1,"[1, 1]",1.0000000000009104,False,0.004412872318078631,0.004412872318078631,"[0.32553413391014974, 0.4541563632388954]",0.1395120654634764,2,"[null, null]",0.0002157440095865725,locked,114,ok,True,0.7796904971490451,Dimer_Synthesis,dimer
"[1.233397319477065, 1.4110400150300957]",-9.10320147423699e-13,0.8395597244144541,0.9334628651991366,0.9991940696792004,0.9953139881200294,0.9947315624434172,0.005885637927302174,0.005885637927302174,"[""species"", ""species""]","[""329a8b58af2419b625706fe46c7c304e5c027ff11cffdd853a27b38a854828e9"", ""49a771362858a359ff386afc5cb65ad6e0436a1e9c14fdef0d0a3e1efbb8170a""]","[""grid_3x4"", ""octamer_chain""]","[1.0, 1.0]","[1.0, 1.0]",1,"[1, 1]",1.0000000000009104,False,0.005885637927302123,0.005885637927302123,"[0.39432586662938546, 0.4511194957123708]",0.1741609431134583,2,"[null, null]",0.0001774224930021016,locked,115,ok,True,0.8454453623417563,Dimer_Synthesis,dimer
"[1.1756937498042876, 1.3195790539343013]",-9.10320147423699e-13,0.7932148249612238,0.9253966195498302,0.8163291466780567,0.9962613329121044,0.9966231845831519,0.0045415794617484585,0.0045415794617484585,"[""species"", ""species""]","[""181c84d06696296103bda5dcee84c74371b269eab13dc39005a629b63f4eb279"", ""9c14a77a6562609520448e8cd37be05232a3011885069d0586a0667b1a4fadc9""]","[""complete_k5"", ""star_6""]","[1.0, 1.0]","[1.0, 1.0]",1,"[1, 1]",1.0000000000009104,False,0.004541579461748491,0.004541579461748491,"[0.3758776263425699, 0.42187877808040236]",0.6861899074333127,2,"[null, null]",0.0003560190007388225,locked,116,ok,True,0.7977564044229722,Dimer_Synthesis,dimer
"[1.2112789875686854, 1.0020105074922436]",-9.10320147423699e-13,0.7026937262697293,0.9337512193007248,0.9995805311591299,0.9918125559710339,0.9935582520888847,0.004910615380410459,0.004910615380410459,"[""species"", ""species""]","[""9deba7b3a7a07a6603f126a2a7c56d1bef5339d3feba37306104a1e5134eeaa8"", ""a6c37e58ff3fb89c6505a4c378421f4355287d0090ac1c16c0be277f49cea76e""]","[""prism_triangular"", ""hexagon_ring""]","[1.0, 1.0]","[1.0, 1.0]",1,"[1, 1]",1.0000000000009104,False,0.004910615380410488,0.004910615380410488,"[0.3872544791207227, 0.32034986252941705]",-0.12309203560629323,2,"[null, null]",0.00025574224145876666,locked,117,ok,True,0.7076043416501397,Dimer_Synthesis,dimer
"[1.3559951155386083, 1.7291622105392324]",-9.10320147423699e-13,0.9796204803884075,0.941407377168955,0.9990302255981542,0.9751304589442541,0.9763856226730623,0.006726187536440102,0.006726187536440102,"[""species"", ""species""]","[""cf09f7b97d68f19561f9728803d1c26cd06da0393a34e6ec7d4bdea728c917c7"", ""b9cac3ecd204c892580209d8e3b7eeaf7064b3f07de8828358519fc1364bdebf""]","[""star_6"", ""double_triangle""]","[1.0, 1.0]","[1.0, 1.0]",1,"[1, 1]",1.0000000000009104,False,0.006726187536440054,0.006726187536440054,"[0.43352125112991063, 0.552825416794937]",0.2106301794517461,2,"[null, null]",0.00026676806417859583,locked,118,ok,True,0.9863466679248476,Dimer_Synthesis,dimer
"[0.7397352440895509, 1.1482707213791645]",-9.10320147423699e-13,0.5996590322863267,0.8937764413538478,0.9574423136818155,0.9763719814353579,0.9718331812448369,0.003949859007963653,0.003949859007963653,"[""species"", ""species""]","[""25dc8782422c7730c5486e75be5b2a6cb75abdc17fe896bf3b3c94e8acac0d31"", ""6fa743527d3987a84761c48821876255313ab873c88d70f07ee1d593bd263e1e""]","[""dodecamer_chain"", ""bipartite_4_8""]","[1.0, 1.0]","[1.0, 1.0]",1,"[1, 1]",1.0000000000009104,False,0.00394985900796363,0.00394985900796363,"[0.23649860154194718, 0.36711028975234306]",0.18632187215821416,2,"[null, null]",0.00034608605719882283,locked,119,ok,True,0.6036088912942903,Dimer_Synthesis,dimer
"[1.1601418733201867, 1.4775715499095405]",-9.10320147423699e-13,0.8386473252064383,0.9252299991277299,0.7995081876097836,0.9849143385973168,0.9838033699073216,0.0046483550339030425,0.0046483550339030425,"[""species"", ""species""]","[""9355e2cd16cb7bbd25a0765c88c2a5e05eb6292bf470b8c1b0d645beae345b01"", ""ea19e032349b66b6b4f1d396215efa01672454331a9ff8c8ca975f7c1cb01cd0""]","[""pentagon_ring"", ""star_4""]","[1.0, 1.0]","[1.0, 1.0]",1,"[1, 1]",1.0000000000009104,False,0.00464835503390304,0.00464835503390304,"[0.37090558118285905, 0.4723900990574822]",0.26297760995804864,2,"[null, null]",0.0002186278129340385,locked,120,ok,True,0.8432956802403413,Dimer_Synthesis,dimer
"[0.9314950824747762, 0.14382269333089973]",-9.10320147423699e-13,0.3417184020180203,0.8929613701856277,0.999401371596435,0.8599820204845015,0.863444086249317,0.0020683138687423103,0.0020683138687423103,"[""species"", ""species""]","[""362cd1e276760aababcbe37c69ffce96286608f4f3fa7061c3dd6055076bbf87"", ""085c60826c46c8cc3eb1ba6e695bfad521538b03d888362056e9f0ca90253f3e""]","[""complete_k5"", ""trimer_triangle""]","[1.0, 1.0]","[1.0, 1.0]",1,"[1, 1]",1.0000000000009104,False,0.0020683138687422886,0.0020683138687422886,"[0.29780558126525675, 0.04598113462150583]",0.7835739885437875,2,"[null, null]",0.00033382461841205326,no_lock,121,fail,False,0.3437867158867626,Dimer_Synthesis,dimer
"[1.257027125850851, 0.8521010041448619]",-9.10320147423699e-13,0.6701100996338852,0.9318379491987189,0.9160385586867948,0.9697722873722938,0.9734135763337457,0.004193115201696814,0.004193115201696814,"[""species"", ""species""]","[""92ffa6b86f1d6fe93fc9ffa0b7c30ef174c8fb4b3ad406d8a4eb69d525281ce6"", ""2e67037d9ccb0723af17a57bc78983203bd5b1940a57a3afb1f7d78788dded00""]","[""hexamer_chain"", ""bipartite_3_3""]","[1.0, 1.0]","[1.0, 1.0]",1,"[1, 1]",1.0000000000009104,False,0.004193115201696851,0.004193115201696851,"[0.40188048323952874, 0.2724227315960534]",0.22197532358359828,2,"[null, null]",0.0004737406847016141,locked,122,ok,True,0.6743032148355821,Dimer_Synthesis,dimer
"[1.5412547455889973, 1.2570178657724005]",-9.10320147423699e-13,0.8884353055987121,0.921717618299155,0.9992975547835529,0.9895000138819702,0.9873792454054223,0.006192285296481839,0.006192285296481839,"[""species"", ""species""]","[""9365a287bfac1554f5c6ea8dde890ef3af87c1bc6196fc47f1c303bc6c152f42"", ""09c4c2ddc7037c3e79bbc4d50bf1d623c12edea534551191fc877948125ee7d3""]","[""bipartite_4_8"", ""prism_triangular""]","[1.0, 1.0]","[1.0, 1.0]",1,"[1, 1]",1.0000000000009104,False,0.006192285296481859,0.006192285296481859,"[0.49275006816839084, 0.40187752272680316]",0.3224257180758451,2,"[null, null]",0.000180489128095822,locked,123,ok,True,0.894627590895194,Dimer_Synthesis,dimer
"[1.3530162550130782, 1.9821008163504255]",-9.10320147423699e-13,1.0599359407705349,0.915722512435146,0.9160472533068404,0.9250300395091808,0.9261680252037363,0.006324629694670966,0.006324629694670966,"[""species"", ""species""]","[""6c0f53e7fc09d4c21342ad4efbeabf626084bc551da42138d3771a74f6cd7191"", ""4cbccb28145c06449a2382eab3670961887aae61cdbc11507ad581b5cf5cac71""]","[""petersen"", ""octahedron""]","[1.0, 1.0]","[1.0, 1.0]",1,"[1, 1]",1.0000000000009104,False,0.006324629694671069,0.006324629694671069,"[0.43256888830266227, 0.6336916821625438]",0.44829725750347393,2,"[null, null]",0.00041125770437349567,locked,124,ok,True,1.066260570465206,Dimer_Synthesis,dimer
"[1.5266798686233605, 0.9780411375651131]",-9.10320147423699e-13,0.7954656431456858,0.924310248815061,0.9992004782712676,0.9483054158484822,0.9471697303881876,0.005311418579120304,0.005311418579120304,"[""species"", ""species""]","[""95a80788241da7088db6e02affe7cc00a71a36da4e95490dcebc6a7997944442"", ""34830249b0818386ad923354a775db26a44d50bff9ada5918f93ef6f9b05fdba""]","[""grid_3x3"", ""honeycomb_7""]","[1.0, 1.0]","[1.0, 1.0]",1,"[1, 1]",1.0000000000009104,False,0.0053114185791203194,0.0053114185791203194,"[0.4880903766807134, 0.3126866850440927]",0.5205072058101874,2,"[null, null]",0.00022417046915738367,locked,125,ok,True,0.8007770617248061,Dimer_Synthesis,dimer
"[1.371485847964544, 1.5977096780507039]",-9.10320147423699e-13,0.9426866679920107,0.9265598372214747,0.9993045231997921,0.9918530300360808,0.9922910511603249,0.006586190395961488,0.006586190395961488,"[""species"", ""species""]","[""e306265d1f4093e30c08d9a8e7081451715c34241b5eefcb866ccfe3deb33c66"", ""553126756b1be772610a018862e80a7b38faab81808b8f07fbbb22b1e74fb946""]","[""octahedron"", ""grid_3x4""]","[1.0, 1.0]","[1.0, 1.0]",1,"[1, 1]",1.0000000000009104,False,0.006586190395961533,0.006586190395961533,"[0.4384737481007739, 0.5107991102871984]",0.0017141173764699813,2,"[null, null]",0.0002421624000998936,locked,126,ok,True,0.9492728583879723,Dimer_Synthesis,dimer
"[1.301851867541509, 1.6741527318013159]",-9.10320147423699e-13,0.9454861556286858,0.9344563849884734,0.9158904769579761,0.9776466481070815,0.9781096724668045,0.005963611771848737,0.005963611771848737,"[""species"", ""species""]","[""b9cbef4f7d01114aee2f4f2d96782a571e18264771e697d83f9ec5886994bf06"", ""26e04781c5b74cb00ef4cd83d60b66384350eb640a6c35fbf7f0346e5305925e""]","[""grid_3x4"", ""tetramer_chain""]","[1.0, 1.0]","[1.0, 1.0]",1,"[1, 1]",1.0000000000009104,False,0.005963611771848787,0.005963611771848787,"[0.41621127092204224, 0.5352384964784923]",0.22792745778682422,2,"[null, null]",0.0002890088529516307,locked,127,ok,True,0.9514497674005346,Dimer_Synthesis,dimer
"[1.2721288139272908, 1.270842056625493]",-9.10320147423699e-13,0.8073180833486391,0.9209933711426423,0.9994189582063757,0.9999995075041853,0.9999322043612364,0.005687731167933981,0.005687731167933981,"[""species"", ""species""]","[""94a8668da9cbb7ffe9683734928a75177508c347db9298983de54909c88a1e0e"", ""d1076ffb41a9356ee45675a453bd182cdd23ce1e3667dde213d56809ae7a921c""]","[""star_5"", ""complete_k6""]","[1.0, 1.0]","[1.0, 1.0]",1,"[1, 1]",1.0000000000009104,False,0.005687731167933974,0.005687731167933974,"[0.4067085999739105, 0.40629721454266254]",0.1632689351947697,2,"[null, null]",0.0005419863026264512,locked,128,ok,True,0.813005814516573,Dimer_Synthesis,dimer
"[1.2112348671652042, 1.947421270661481]",-9.10320147423699e-13,1.004363546566523,0.9294955098468729,0.8744801133294311,0.8866945656002813,0.8862561866547113,0.00548121250982901,0.00548121250982901,"[""species"", ""species""]","[""2df64c2b146ca40922ba62bc8a777de251cdb5c9fd28b5c6809cd51bd0ea6b0b"", ""720fbf0539906b55cd0a25cfcb02d9a731827516d08da721444eb35ca849b904""]","[""bipartite_3_6"", ""square_ring""]","[1.0, 1.0]","[1.0, 1.0]",1,"[1, 1]",1.0000000000009104,False,0.005481212509828914,0.005481212509828914,"[0.3872403735149588, 0.6226043855613932]",0.32599803217434353,2,"[null, null]",0.00039163861818449365,no_lock,129,fail,False,1.009844759076352,Dimer_Synthesis,dimer
"[1.2570254032922874, 1.5602831520617158]",-9.10320147423699e-13,0.8948804452721676,0.9196088450409934,0.9369115064935645,0.9874475440664807,0.9854183718685953,0.005833071863870707,0.005833071863870707,"[""species"", ""species""]","[""31546756ccfa8ea45f4ef123e02fed50b021f2d472aa018d7b45da889caa6c97"", ""ba8934340b0f18412880b4525a306fd229f2d6d37c941edfd97342a02aac4b3d""]","[""octamer_chain"", ""bipartite_2_4""]","[1.0, 1.0]","[1.0, 1.0]",1,"[1, 1]",1.0000000000009104,False,0.00583307186387072,0.00583307186387072,"[0.4018799325253447, 0.4988335846106936]",0.4510763462132128,2,"[null, null]",0.00037417835749258487,locked,130,ok,True,0.9007135171360383,Dimer_Synthesis,dimer
"[1.5694423438926242, 1.6009433669192228]",-9.10320147423699e-13,1.0065057675959752,0.9391768702313055,0.9992199794492613,0.9999139562066212,0.9997960174171352,0.007089019115046553,0.007089019115046553,"[""species"", ""species""]","[""be04e715e52eb815900e719bfd2700d232cc69442d7555d137179d25ba067fc9"", ""06f39a742f3f671851c66ca20793c138991981273dbe99878359745efdf06631""]","[""wheel_5"", ""ladder_4""]","[1.0, 1.0]","[1.0, 1.0]",1,"[1, 1]",1.0000000000009104,False,0.007089019115046558,0.007089019115046558,"[0.5017618431688353, 0.5118329435421864]",0.11446581698323244,2,"[null, null]",0.0002920596058188044,locked,131,ok,True,1.0135947867110218,Dimer_Synthesis,dimer
"[1.316175771909606, 1.8549620063674268]",-9.10320147423699e-13,1.0076758192638862,0.8929562657916957,0.9161377667475925,0.9473551512207399,0.948913741452562,0.006159408747185444,0.006159408747185444,"[""species"", ""species""]","[""d7a279be761b34ab2bb168a0a2503a6d1dce3c643d5f9c011fcb6bb6248d66e9"", ""ab0076cdee5716f9160200cdb0f3d8028f02b9d04905aaaac41e8cd6239b3708""]","[""octahedron"", ""bipartite_2_4""]","[1.0, 1.0]","[1.0, 1.0]",1,"[1, 1]",1.0000000000009104,False,0.0061594087471854575,0.0061594087471854575,"[0.42079072469113354, 0.5930445033199382]",0.36697186682241845,2,"[null, null]",0.00018976875795188267,locked,132,ok,True,1.0138352280110716,Dimer_Synthesis,dimer
"[1.2578343183254401, 1.410810668727089]",-9.10320147423699e-13,0.8472337174196188,0.9281109837452239,0.9993544300127144,0.9970788903450475,0.9965002562624663,0.005951003049705395,0.005951003049705395,"[""species"", ""species""]","[""274c7ea07250047370411d8a5fc2f2a1429c99ff04d8a9641287a32dffb5b569"", ""b4731e7214e0cb08e88c405cffa02449497bfe7bb6febc32f8c946e8700f1626""]","[""dodecamer_chain"", ""prism_square""]","[1.0, 1.0]","[1.0, 1.0]",1,"[1, 1]",1.0000000000009104,False,0.005951003049705417,0.005951003049705417,"[0.4021385483958679, 0.4510461720734564]",-0.037772070542459124,2,"[null, null]",0.00017422207155304244,locked,133,ok,True,0.8531847204693243,Dimer_Synthesis,dimer
"[0.9547449559308501, 1.8484682627230113]",-9.10320147423699e-13,0.8914343736670644,0.7964707727231939,0.9992750794698919,0.7613397435247833,0.7569587564566749,0.004772764403651431,0.004772764403651431,"[""species"", ""species""]","[""d8bc6fcc3511d2069bf9b61a2a95990a9c9594b12586e808fb99f7ea6a86f083"", ""b25f37dbd9403d57fbd2799a484a4e53af18a0493cfcfdd1db8fbfe26026bd56""]","[""octamer_chain"", ""prism_triangular""]","[1.0, 1.0]","[1.0, 1.0]",1,"[1, 1]",1.0000000000009104,False,0.004772764403651486,0.004772764403651486,"[0.30523873062825113, 0.5909684074424647]",0.7775045242609815,2,"[null, null]",0.00045591445249550404,no_lock,134,fail,False,0.8962071380707158,Dimer_Synthesis,dimer
"[1.4266750478677952, 1.2219925751267942]",-9.10320147423699e-13,0.841236977290092,0.9283064869013798,0.9438027042647044,0.9939883124910922,0.9934635280473072,0.005560838269743962,0.005560838269743962,"[""species"", ""species""]","[""dadccb207c6d06f8a48b93c98fa9c61b1ba2402a43d518e516fc0b9c4760de52"", ""c6e0e5dcd063b7ac0e1f807af0d53db4916b5f14a0e67280259ec3f3e46f70e8""]","[""complete_k5"", ""grid_3x3""]","[1.0, 1.0]","[1.0, 1.0]",1,"[1, 1]",1.0000000000009104,False,0.005560838269743962,0.005560838269743962,"[0.45611812654782513, 0.3906796890120108]",-0.6207676408143719,2,"[null, null]",0.00021832850119687,locked,135,ok,True,0.8467978155598359,Dimer_Synthesis,dimer
"[1.0402731364421585, 1.285966448727473]",-9.10320147423699e-13,0.7390772000399585,0.9324213812069798,0.8995807770711328,0.9903618314378753,0.9902653744117261,0.004638086124691002,0.004638086124691002,"[""species"", ""species""]","[""fa7c16521f9ee03414eced418892826d003cd11eddf77c6d7762226405c59f66"", ""1ef646c30c2220f7b1a8ea7bbe47f6bb2f7cb46a5d691345ca8f1118f7a3fbfc""]","[""star_5"", ""pentamer_chain""]","[1.0, 1.0]","[1.0, 1.0]",1,"[1, 1]",1.0000000000009104,False,0.0046380861246909655,0.0046380861246909655,"[0.3325826962496904, 0.411132589914959]",-0.6338131322206373,2,"[null, null]",0.0004852265982718248,locked,136,ok,True,0.7437152861646494,Dimer_Synthesis,dimer
"[1.7461454695152798, 1.0189267557417043]",-9.10320147423699e-13,0.8784639689775108,0.902762437315823,0.9993632186744235,0.8973296947522273,0.895444030230591,0.005549223121516106,0.005549223121516106,"[""species"", ""species""]","[""16db69334311c5fd41e94bf9e00fee65e7fb2eb9d738552f07882869215ad6bf"", ""13f77837a76d78590b3641fbcccddd246cb7a47d6187204afc757dcc66745275""]","[""hexamer_chain"", ""square_ring""]","[1.0, 1.0]","[1.0, 1.0]",1,"[1, 1]",1.0000000000009104,False,0.005549223121516067,0.005549223121516067,"[0.5582550850844389, 0.32575810701458796]",0.32024820736450343,2,"[null, null]",0.0004078008459879585,no_lock,137,fail,False,0.8840131920990268,Dimer_Synthesis,dimer
"[1.1912179523443547, 1.484734548269158]",-9.10320147423699e-13,0.849615773751843,0.9253966195498304,0.9993635106780437,0.9866956111270083,0.9862800784391711,0.005905210606122095,0.005905210606122095,"[""species"", ""species""]","[""a2097011d7a685bf50c338d15406b4086817a4e1f495cb6446d3737a5048d158"", ""7cd66c4b5c36629a5c26fb49da4922485122e2891334dfbd6f7978e3e74f427a""]","[""petersen"", ""hexagon_ring""]","[1.0, 1.0]","[1.0, 1.0]",1,"[1, 1]",1.0000000000009104,False,0.0059052106061221465,0.0059052106061221465,"[0.3808408239461916, 0.47468016041177363]",0.12939986818500426,2,"[null, null]",0.00022649778776463028,locked,138,ok,True,0.8555209843579652,Dimer_Synthesis,dimer
"[2.0130131378619014, 0.10003952874814283]",-9.10320147423699e-13,0.6716804487135927,0.65049883614556,0.9368808036004634,0.8751918955951971,0.5494051404515493,0.0038774682987552126,0.0038774682987552126,"[""species"", ""species""]","[""9aefcf805625919fc7dc42e420a8a150d66a5d14c81cd911150294a006be7c0e"", ""e449fe40c628eedb35d1a5cf7f3026e9df0d14edab689bdc527c624ff2b70fb3""]","[""prism_square"", ""cube""]","[1.0, 1.0]","[1.0, 1.0]",1,"[1, 1]",1.0000000000009104,False,0.003877468298755238,0.003877468298755238,"[0.6435745704881866, 0.03198334652416137]",-0.5313006799224596,2,"[null, null]",4.010480141659423,no_lock,139,fail,False,0.6755579170123479,Dimer_Synthesis,dimer
"[0.1335660450869934, 1.1215309104152358]",-9.10320147423699e-13,0.40023206657509747,0.5262375945056658,0.9159685358095725,0.40085607441450066,0.5840414612365239,0.001031327520938345,0.001031327520938345,"[""species"", ""species""]","[""dd18425792b453d4cf15c4e6d50eea1f3d66125a7bd11d43662accc029b80e43"", ""026947c13c1fc205e2bed5c3442313fcde681a21e963bdbfa58ccffd5b910595""]","[""bilayer_hex_3_3"", ""trimer_triangle""]","[1.0, 1.0]","[1.0, 1.0]",1,"[1, 1]",1.0000000000009104,False,0.0010313275209383188,0.0010313275209383188,"[0.04270201146822551, 0.3585613826278103]",0.6766185347882459,2,"[null, null]",2.0654784144867087,no_lock,140,fail,False,0.4012633940960358,Dimer_Synthesis,dimer
"[1.495103936349771, 0.6526045930972442]",-9.10320147423699e-13,0.6829737050002762,0.8875956335989739,0.9366243669597596,0.8138734884483029,0.8164478390217067,0.003663937037557921,0.003663937037557921,"[""species"", ""species""]","[""883a38dd7769c8c311c1a7e4025c2ff0257c36ecf61e7ab0165963404e2939d2"", ""7454645bc05de3011703d3b7355a408df9918a2d672ffb020d85bebd3787e895""]","[""cuboctahedron"", ""prism_square""]","[1.0, 1.0]","[1.0, 1.0]",1,"[1, 1]",1.0000000000009104,False,0.0036639370375579627,0.0036639370375579627,"[0.4779953272900653, 0.20864231474776887]",0.7973291051236557,2,"[null, null]",0.0008934079832690009,no_lock,141,fail,False,0.6866376420378342,Dimer_Synthesis,dimer
"[1.2882233063117454, 1.3898998643412366]",-9.10320147423699e-13,0.8516015834012555,0.933026972144212,0.7703154310640258,0.9992398276200214,0.9983484949259462,0.004613379556276624,0.004613379556276624,"[""species"", ""species""]","[""b34c96fba2c569ab7ed2749dfc257ee16fa0f43f830e4483715cb291f1f22ba9"", ""7125bf050cae46b3fc2e82779dc55cf2ed5e15a2d8cc5d30efc755589fb9312e""]","[""ladder_4"", ""octahedron""]","[1.0, 1.0]","[1.0, 1.0]",1,"[1, 1]",1.0000000000009104,False,0.004613379556276609,0.004613379556276609,"[0.41185412328358567, 0.4443608396739464]",-0.03637637024012963,2,"[null, null]",0.0003264076240695195,locked,142,ok,True,0.8562149629575321,Dimer_Synthesis,dimer
"[1.4972136399017595, 1.8218219761341776]",-9.10320147423699e-13,1.0541256290362413,0.9407280167550549,0.9576085761417156,0.9832176899916085,0.9829492582596953,0.006993586158796855,0.006993586158796855,"[""species"", ""species""]","[""77e8ba31bf354872c6c30fe17dd876deb5a8dd37a85e1a2fbc1e64286ea2f856"", ""f136a099907430152275a374e183136b864a4e9a88c87463ab0f13ed7c888c10""]","[""petersen"", ""grid_3x4""]","[1.0, 1.0]","[1.0, 1.0]",1,"[1, 1]",1.0000000000009104,False,0.006993586158796861,0.006993586158796861,"[0.4786698144713912, 0.582449400723647]",0.03872738949469923,2,"[null, null]",0.000278583582268205,locked,143,ok,True,1.0611192151950382,Dimer_Synthesis,dimer
"[0.9942797807683623, 1.3157167720656169]",-9.10320147423699e-13,0.7337584441480887,0.9394461428641298,0.936977062156127,0.9834801662949574,0.9825998325421544,0.004763829431483394,0.004763829431483394,"[""species"", ""species""]","[""ee77b8ba6af4b7a011756976ba2560054d9a24b3dbe59e485e3ef2633fb23f80"", ""79ab66d4c0ec47fc7246d0d014296fdc9fdd30a99e015e7e0eb8e83e8453a0f7""]","[""octamer_chain"", ""pentagon_ring""]","[1.0, 1.0]","[1.0, 1.0]",1,"[1, 1]",1.0000000000009104,False,0.004763829431483346,0.004763829431483346,"[0.3178782943924262, 0.42064397918714574]",-0.03271636556739588,2,"[null, null]",0.0005085368762506369,locked,144,ok,True,0.738522273579572,Dimer_Synthesis,dimer
"[1.6307207093683276, 0.875282058073477]",-9.10320147423699e-13,0.7962332195856788,0.8960089752252223,0.9989004649645492,0.8842387095498032,0.880553991742446,0.004953630298263204,0.004953630298263204,"[""species"", ""species""]","[""234588c3acd7563d6c351a4be2e663e606518840f174339950a771d3434f8fc6"", ""9c9758daf345d4f8b72670c52d5c0b3a00aa2eacad528b84abe7a487246141c3""]","[""trimer_triangle"", ""star_5""]","[1.0, 1.0]","[1.0, 1.0]",1,"[1, 1]",1.0000000000009104,False,0.004953630298263234,0.004953630298263234,"[0.5213529710156867, 0.2798338788682554]",0.7999443474522674,2,"[null, null]",0.0007384017460388397,no_lock,145,fail,False,0.8011868498839421,Dimer_Synthesis,dimer
"[0.7112082312286975, 1.300584226508355]",-9.10320147423699e-13,0.639398418999234,0.8855007154735535,0.8995958009590626,0.934732300439486,0.9367209101801564,0.0037858913995983726,0.0037858913995983726,"[""species"", ""species""]","[""b49f7d340d2d5eca902e73202f62c511535b2e60a13a12546bd2951db7d1c28a"", ""8ab84d029b47bdaec827c405eff96ef2a0fa4283c267bd88bec7f18d0b62e734""]","[""pentagon_ring"", ""heptamer_chain""]","[1.0, 1.0]","[1.0, 1.0]",1,"[1, 1]",1.0000000000009104,False,0.0037858913995983956,0.0037858913995983956,"[0.22737831330143682, 0.4158059970973955]",0.6899805631276206,2,"[null, null]",0.0003377940257779259,locked,146,ok,True,0.6431843103988324,Dimer_Synthesis,dimer
"[0.7882622448096828, 0.9697395890058664]",-9.10320147423699e-13,0.5584580738283706,0.9148145903214931,0.9161978209303764,0.9952727218012801,0.9946904651837272,0.0035875749730054406,0.0035875749730054406,"[""species"", ""species""]","[""838d9171e6953f77247296628f0ae37b494aedbd4d8ad31db26a99095c44b3fb"", ""ddc274211ec3253a4fc2d44deee0df68ca9719c324368ba1dfc1552eff1f4833""]","[""hexagon_ring"", ""square_ring""]","[1.0, 1.0]","[1.0, 1.0]",1,"[1, 1]",1.0000000000009104,False,0.0035875749730054363,0.0035875749730054363,"[0.25201302768161465, 0.3100326211197615]",0.6334983484713701,2,"[null, null]",0.00032891177768888414,locked,147,ok,True,0.5620456488013761,Dimer_Synthesis,dimer
"[0.6591841506472524, 1.3250337817980498]",-9.10320147423699e-13,0.6311539759299866,0.9230903162017877,0.7909760202242353,0.9152062608548595,0.9155570509558336,0.0032145632563921997,0.0032145632563921997,"[""species"", ""species""]","[""04e951cd3144416989a905d2d89ad4a8929605d29f7741e5d6f4bdff9817f2c3"", ""58f7a58d234b62b3535755c2509b2fed9663aa5938dbb0adb07fea087205af82""]","[""ladder_4"", ""prism_triangular""]","[1.0, 1.0]","[1.0, 1.0]",1,"[1, 1]",1.0000000000009104,False,0.0032145632563922444,0.0032145632563922444,"[0.21074584593919787, 0.42362269324718094]",0.4841982647182246,2,"[null, null]",0.000644963851730742,locked,148,ok,True,0.6343685391863788,Dimer_Synthesis,dimer
"[1.3532675112188208, 1.2423839885683463]",-9.10320147423699e-13,0.8240520953265715,0.9308702346832305,0.9992802975914186,0.9985069522234132,0.9980491097619815,0.005796089810878925,0.005796089810878925,"[""species"", ""species""]","[""a201995bcafe388d92e056d8be093dcec5abb85f708259f64cb72b68fcb55eb7"", ""fc1d6274078537312a748d47230db25dc775f068f5e0aa26ff5ea4e4775a757a""]","[""decagon_ring"", ""tetramer_chain""]","[1.0, 1.0]","[1.0, 1.0]",1,"[1, 1]",1.0000000000009104,False,0.005796089810878979,0.005796089810878979,"[0.4326492166928014, 0.39719896844464914]",0.4244445174381535,2,"[null, null]",0.0004136860524317187,locked,149,ok,True,0.8298481851374505,Dimer_Synthesis,dimer
"[0.44596628979373354, 1.0466647650666754]",-9.10320147423699e-13,0.4741027797942216,0.9167211366184147,0.9994487419172189,0.9291192405685975,0.933682179814707,0.0031019497533596274,0.0031019497533596274,"[""species"", ""species""]","[""fc9ec08b01456dfeed98eaa401a3abac4bf22491ff35d9226f79f36962cc812a"", ""91d39eb0e28e85bc3d70269000c43d17f83177eb713d51b1daff97a65f111344""]","[""cube"", ""bilayer_hex_6_6""]","[1.0, 1.0]","[1.0, 1.0]",1,"[1, 1]",1.0000000000009104,False,0.003101949753359645,0.003101949753359645,"[0.14257858431617554, 0.3346261452314057]",0.4770019656742759,2,"[null, null]",0.0003119335884381866,locked,150,ok,True,0.47720472954758125,Dimer_Synthesis,dimer
"[1.3741253394992905, 1.33008661152746]",-9.10320147423699e-13,0.8587621720957864,0.9102230920278972,0.9577259849189578,0.9995697879816019,0.9996032413287544,0.005793558891427844,0.005793558891427844,"[""species"", ""species""]","[""35499300b32878411775fec66e4d3ca22f1bae6c573dc6ffdfb3b96f008d4606"", ""7e6c81b5e47d9c024e372f431de94b3999992173a63e2e243ba7cb61793aff02""]","[""grid_3x4"", ""honeycomb_7""]","[1.0, 1.0]","[1.0, 1.0]",1,"[1, 1]",1.0000000000009104,False,0.005793558891427852,0.005793558891427852,"[0.43931761225587124, 0.42523811873134304]",-0.39448590316571575,2,"[null, null]",0.00021263108693204817,locked,151,ok,True,0.8645557309872143,Dimer_Synthesis,dimer
"[1.3175405705915921, 0.37205865447503117]",-9.10320147423699e-13,0.5383572251500199,0.5810433632847896,0.9993119540365456,0.48155593433415494,0.6118119642768285,0.001819624726069912,0.001819624726069912,"[""species"", ""species""]","[""5d976747414e2a6ef939be15488b0e1a7fbd8f9cce3348ee4a8c4d2e980362a6"", ""e31663c6c519a9660b929522f09ef06fd3a56c483031c5e0b3075b2e8dce23ac""]","[""hexagon_with_center"", ""trimer_triangle""]","[1.0, 1.0]","[1.0, 1.0]",1,"[1, 1]",1.0000000000009104,False,0.0018196247260698906,0.0018196247260698906,"[0.4212270605048654, 0.11894978937122445]",0.7715041724177942,2,"[null, null]",1.8741103608164884,no_lock,152,fail,False,0.5401768498760898,Dimer_Synthesis,dimer
"[0.7588699305421549, 1.6201505532214253]",-9.10320147423699e-13,0.7565142625832059,0.8758622148980089,0.9435866539058975,0.8112326126834701,0.8044197840974716,0.004075451027386693,0.004075451027386693,"[""species"", ""species""]","[""112b1e6c3b0551150b2575f214d384ec99b39713a6b5b103001c253cf057a998"", ""e7c309efcfe49b9aa14eb05e9aeed1846050bd012896d787955a0ad7d14dfa16""]","[""bipartite_3_6"", ""decagon_ring""]","[1.0, 1.0]","[1.0, 1.0]",1,"[1, 1]",1.0000000000009104,False,0.004075451027386712,0.004075451027386712,"[0.2426160964472415, 0.5179736171633511]",0.7764687868179105,2,"[null, null]",0.0004367413699368205,no_lock,153,fail,False,0.7605897136105926,Dimer_Synthesis,dimer
"[1.463959075280799, 1.34137041126431]",-9.10320147423699e-13,0.8906234886197912,0.9244768692371617,0.9991400237602068,0.9979990268155966,0.9976581865197712,0.00626023529804627,0.00626023529804627,"[""species"", ""species""]","[""c49f060b29220aefbde2385bc7924cccbf35fef6eb6b9b1d0c054be855ff56be"", ""21d684369a4ef5ae2eb0d26f429c82e82a1b60bdc68267b6894cd641191da216""]","[""bipartite_3_3"", ""star_6""]","[1.0, 1.0]","[1.0, 1.0]",1,"[1, 1]",1.0000000000009104,False,0.006260235298046313,0.006260235298046313,"[0.4680380944194108, 0.42884562949842675]",-0.16294516146292093,2,"[null, null]",0.00042528411450681424,locked,154,ok,True,0.8968837239178375,Dimer_Synthesis,dimer
"[1.6384725843335641, 1.299364335657458]",-9.10320147423699e-13,0.9328033011001542,0.9228617545020353,0.9991862026442347,0.9809126767482365,0.9809648916507472,0.006443988639724027,0.006443988639724027,"[""species"", ""species""]","[""2e9d891381c44a6259f6219a13480748ff0210cd6c32e5eac6b7f1873652c721"", ""cd23b1ee4b51adcdeacda3eef1ea60112c1314960b480cf9858d303e735ad7f8""]","[""dimer"", ""star_5""]","[1.0, 1.0]","[1.0, 1.0]",1,"[1, 1]",1.0000000000009104,False,0.006443988639724063,0.006443988639724063,"[0.5238313003953593, 0.415415989344519]",-0.06847193307033805,2,"[null, null]",0.00027205649628909506,locked,155,ok,True,0.9392472897398783,Dimer_Synthesis,dimer
"[1.683776927234286, 0.6565492793692812]",-9.10320147423699e-13,0.7449130459637257,0.5066016245960245,0.6871547849484092,0.9185432813559196,0.5682454037775271,0.0033058329338574756,0.0033058329338574756,"[""species"", ""species""]","[""a1c5f5988ed6becbe8fcbfa97e75ac4f070de3a233854c10d1e1352e65d7b34d"", ""dcdee2b14ebf6d80d2ec6e6fca00ea41cbecf32a8f5bad6fa5c25a6d983bbf7c""]","[""bipartite_4_4"", ""tetramer_chain""]","[1.0, 1.0]","[1.0, 1.0]",1,"[1, 1]",1.0000000000009104,False,0.0033058329338574444,0.0033058329338574444,"[0.5383154199846384, 0.20990345891294473]",0.5415765022930843,2,"[null, null]",2.479289983516289,no_lock,156,fail,False,0.7482188788975831,Dimer_Synthesis,dimer
"[0.6541689034844618, 1.2882966672724385]",-9.10320147423699e-13,0.6176858765580487,0.9106898947506022,0.8329321951695231,0.9208101660179554,0.9250458282467717,0.0033341366127367733,0.0033341366127367733,"[""species"", ""species""]","[""b989088653efb32d14daa4a4934c6d3afbccca428724845a5cc4d1dbc5338966"", ""045481f21407be963d8c9b05efffc7757cf90fc33cba4f12e288fbf8dd92eb51""]","[""star_4"", ""cuboctahedron""]","[1.0, 1.0]","[1.0, 1.0]",1,"[1, 1]",1.0000000000009104,False,0.0033341366127367378,0.0033341366127367378,"[0.2091424358680081, 0.4118775773027774]",0.8365795548988484,2,"[null, null]",0.00033299630868401125,locked,157,ok,True,0.6210200131707855,Dimer_Synthesis,dimer
"[0.7894270975620178, 1.0815907897154842]",-9.10320147423699e-13,0.5944589055585761,0.9086239813013278,0.9022804716622344,0.9843063768141023,0.9856789476736317,0.003718776708960138,0.003718776708960138,"[""species"", ""species""]","[""855a0708f020a31063ce0dc6c39986b9c21797f9d48f6f101f94fbbb514929ae"", ""5a8dd6c7ec2854296b7cd83183370780fc13a058615da8357f7f60b29fdc77b7""]","[""truncated_tetrahedron"", ""bipartite_3_6""]","[1.0, 1.0]","[1.0, 1.0]",1,"[1, 1]",1.0000000000009104,False,0.0037187767089601476,0.0037187767089601476,"[0.25238543936421415, 0.3457922429033221]",0.19326931217094223,2,"[null, null]",0.0005317677586897256,locked,158,ok,True,0.5981776822675362,Dimer_Synthesis,dimer
"[1.6997705888950878, 0.9782704105472616]",-9.10320147423699e-13,0.8508401113909081,0.9124056347627271,0.9993371854836153,0.8930154841078375,0.892562707151401,0.005348580848070463,0.005348580848070463,"[""species"", ""species""]","[""13d56eed496ad5d2fcf6c0f2de9ca47d62bdb357a3c4fcbe8cce08c7658b9fba"", ""c791189479d136cacb05fb1943f0bddb41eefc4177248091a60ec4efd039fd44""]","[""icosahedron"", ""ladder_4""]","[1.0, 1.0]","[1.0, 1.0]",1,"[1, 1]",1.0000000000009104,False,0.005348580848070439,0.005348580848070439,"[0.5434287069971695, 0.312759985241809]",0.6008917026449551,2,"[null, null]",0.000363005459891492,no_lock,159,fail,False,0.8561886922389785,Dimer_Synthesis,dimer
"[1.5032761876018204, 1.1560539361598798]",-9.10320147423699e-13,0.844377118911974,0.9217057901001385,0.9994863422768636,0.9800255001601463,0.9803373726770719,0.005829573729912106,0.005829573729912106,"[""species"", ""species""]","[""f42da9cb0392fad1119775fc9b0cf7908f34c1241c947e822d86fc48976d3588"", ""1f66e1d4c5202ae27274b79cdf77cdc786073a421028fdef658227937344a3c9""]","[""trilayer_4_4_4"", ""diatomic_prism_12""]","[1.0, 1.0]","[1.0, 1.0]",1,"[1, 1]",1.0000000000009104,False,0.0058295737299121075,0.0058295737299121075,"[0.4806080539486928, 0.36959863869319326]",0.3514571922699773,2,"[null, null]",0.00029814765174826876,locked,160,ok,True,0.8502066926418861,Dimer_Synthesis,dimer
"[1.424513469460952, 1.0244183817699815]",-9.10320147423699e-13,0.7776093431096393,0.9003482554210337,0.9995215457146343,0.9732686044933153,0.9728868146171926,0.005331530284159145,0.005331530284159145,"[""species"", ""species""]","[""441de771b03dffc87aa18df41bcb5021ebfd5cae821f3f1a8ac74154655bd2f4"", ""1ba00b78b9532c94ee400c2f375d4609705b20e852daef4389c514de0f7b05d3""]","[""decagon_ring"", ""cube""]","[1.0, 1.0]","[1.0, 1.0]",1,"[1, 1]",1.0000000000009104,False,0.005331530284159114,0.005331530284159114,"[0.45542705460765975, 0.32751381878613856]",0.4450077372474792,2,"[null, null]",0.0003197582875024082,locked,161,ok,True,0.7829408733937984,Dimer_Synthesis,dimer
"[1.372729017517207, 1.4709827725374418]",-9.10320147423699e-13,0.90280443528216,0.9334628651991363,0.9991355691020364,0.9987105211648909,0.9985340171776546,0.0063503831610397955,0.0063503831610397955,"[""species"", ""species""]","[""99a2e9914cfd9b68b383d9c4dcdbc36bb51f57c3b792a4373e09effafeafcbb2"", ""c1423103d80473da1f13f381220e1c52ce84bf3eb15cb393f20c3631773fb97e""]","[""hexamer_chain"", ""bipartite_3_3""]","[1.0, 1.0]","[1.0, 1.0]",1,"[1, 1]",1.0000000000009104,False,0.006350383161039752,0.006350383161039752,"[0.4388711982196285, 0.4702836202235713]",0.5337592993671157,2,"[null, null]",0.0003073667416355032,locked,162,ok,True,0.9091548184431998,Dimer_Synthesis,dimer
"[1.2911599508290819, 1.2520105592890778]",-9.10320147423699e-13,0.8079524756472242,0.9283684281790319,0.8994142378711043,0.999640589336662,0.9996416100860518,0.005117165053650725,0.005117165053650725,"[""species"", ""species""]","[""1e5cc7de356499d56a46036509fa4880ccc1bda61b059898b140a4ce0dc4c67a"", ""d085a30c1ceee91688a83d723e8f41bb16eeba56ae48a20e8a525f04416869b4""]","[""petersen"", ""ladder_5""]","[1.0, 1.0]","[1.0, 1.0]",1,"[1, 1]",1.0000000000009104,False,0.005117165053650674,0.005117165053650674,"[0.41279298935374387, 0.40027665134713103]",0.25808378990448677,2,"[null, null]",0.00036275621230780404,locked,163,ok,True,0.8130696407008748,Dimer_Synthesis,dimer
"[1.1717950274766586, 1.5413662525991394]",-9.10320147423699e-13,0.8614691674915396,0.9322738422536435,0.9994449652784696,0.9800906738281543,0.9791069171671106,0.0059477274347315015,0.0059477274347315015,"[""species"", ""species""]","[""542da07bdec9bec66e3bcfa14f21bffb14a686835b531314027e0f1c3553ad2b"", ""e52e683ba65496bdf7c546f0f9643c010025e584f694d1128f3b99eda8c5c2fb""]","[""hexamer_chain"", ""octamer_chain""]","[1.0, 1.0]","[1.0, 1.0]",1,"[1, 1]",1.0000000000009104,False,0.005947727434731487,0.005947727434731487,"[0.37463117717626115, 0.49278571775000996]",0.22716271272940114,2,"[null, null]",0.0001619784280084687,locked,164,ok,True,0.867416894926271,Dimer_Synthesis,dimer
"[0.940946763209131, 1.4000983754929168]",-9.10320147423699e-13,0.7440984848589337,0.9187081761970884,0.857853210689851,0.9679218970836921,0.9657577269009667,0.004350241727066033,0.004350241727066033,"[""species"", ""species""]","[""8e30a4c54d99328c192295c158c44256a155f00a416642ce3bd40bf41d768b8a"", ""f527db5457a6daeaa397b1af60d8a61a3aaa1200f188a090096ca5497cb8f709""]","[""ladder_5"", ""diatomic_prism_12""]","[1.0, 1.0]","[1.0, 1.0]",1,"[1, 1]",1.0000000000009104,False,0.0043502417270659954,0.0043502417270659954,"[0.30082735059929333, 0.44762137598670637]",0.7207364767318093,2,"[null, null]",0.00024023967925941174,locked,165,ok,True,0.7484487265859997,Dimer_Synthesis,dimer
"[1.7028005603789895, 0.7199476542579405]",-9.10320147423699e-13,0.7717090734144607,0.508845890461546,0.8493457398123587,0.621198054234813,0.6296326339521974,0.0028607057436076605,0.0028607057436076605,"[""species"", ""species""]","[""44c5cfb9e1e35dd23b9de37ff59e34732ed95b4a492cb8d615068466da6b82c5"", ""b417a16234085a9b8e818a6af61ce7ad32984f4a3e513c3f07c1da562b2fa2e3""]","[""pentagon_ring"", ""ladder_5""]","[1.0, 1.0]","[1.0, 1.0]",1,"[1, 1]",1.0000000000009104,False,0.002860705743607639,0.002860705743607639,"[0.5443974103601366, 0.2301723687979318]",0.7408743849733355,2,"[null, null]",1.6554397350898444,no_lock,166,fail,False,0.7745697791580684,Dimer_Synthesis,dimer
"[0.7370016473527107, 1.053479912761321]",-9.10320147423699e-13,0.5684844577776101,0.9247652233387499,0.999523032982563,0.9850424193601023,0.9834025285354502,0.003945189771196859,0.003945189771196859,"[""species"", ""species""]","[""a6954d54ce7d93c9bbbb20d5f5f16a95aee41d830d01ccdce477ca1f68d33457"", ""a9f930839adf4e8b27e253ecdcdf671d1143db527388b713f686b3fe2546f36d""]","[""tetrahedron_k4"", ""double_triangle""]","[1.0, 1.0]","[1.0, 1.0]",1,"[1, 1]",1.0000000000009104,False,0.003945189771196844,0.003945189771196844,"[0.2356246512866257, 0.33680499626218124]",0.12408424387694494,2,"[null, null]",0.00032942813124590986,locked,167,ok,True,0.572429647548807,Dimer_Synthesis,dimer
"[1.2981256020289962, 1.9203870857357488]",-9.10320147423699e-13,1.0227006715680322,0.9359817262383744,0.9363596566377921,0.9312288570598086,0.928205319178754,0.006280650848491268,0.006280650848491268,"[""species"", ""species""]","[""10c9b421c0945460a22e26496ac7842aea469a2e4f8d9e1e45e8a1aa52805770"", ""f8f42c5870fb4dbeecaf8eac97a67019f21fb28c7fbde5bc69041efc48546403""]","[""bilayer_square_4_4"", ""octahedron""]","[1.0, 1.0]","[1.0, 1.0]",1,"[1, 1]",1.0000000000009104,False,0.006280650848491165,0.006280650848491165,"[0.4150199574220779, 0.6139613649944454]",0.39317031793331825,2,"[null, null]",0.00038482087678303096,locked,168,ok,True,1.0289813224165234,Dimer_Synthesis,dimer
"[1.907782889232175, 0.410189899312902]",-9.10320147423699e-13,0.7401984066135694,0.6061974713084469,0.9993744060094181,0.16857292817461597,0.567082610903134,0.0008739260666275008,0.0008739260666275008,"[""species"", ""species""]","[""c132b6620ba463afad49903e4567381a125e42077ef0c2163c7e4e67f0cb1c88"", ""a3e477e17b45b73924e51e8a71894fddc69031edb9d15675e9e8abe78286f149""]","[""star_6"", ""tetramer_chain""]","[1.0, 1.0]","[1.0, 1.0]",1,"[1, 1]",1.0000000000009104,False,0.0008739260666275062,0.0008739260666275062,"[0.6099317140207057, 0.1311406186594912]",-1.0,2,"[null, null]",3.2327896995303886,no_lock,169,fail,False,0.7410723326801969,Dimer_Synthesis,dimer
"[0.8129496871580879, 1.1734835431713384]",-9.10320147423699e-13,0.6307387577033755,0.9209933711426423,0.9992979575181951,0.976501838289733,0.9788613398562559,0.004338027920874474,0.004338027920874474,"[""species"", ""species""]","[""0040eaccbca63b4ff0bc1fe8e82304b5f56e91484e675b0ae1829fea224f1d04"", ""fc7c9a6ac7c74c967e75f76892073ea8b128a324fc643c29f996884fa2816c7c""]","[""pentagon_ring"", ""trilayer_4_4_4""]","[1.0, 1.0]","[1.0, 1.0]",1,"[1, 1]",1.0000000000009104,False,0.004338027920874454,0.004338027920874454,"[0.2599057780104586, 0.37517100761379135]",0.3425194715870896,2,"[null, null]",0.00033768288178948996,locked,170,ok,True,0.63507678562425,Dimer_Synthesis,dimer
"[1.2945728809842836, 0.9647581465572401]",-9.10320147423699e-13,0.7173629717899814,0.9262426003858308,0.9992646209751801,0.9819147658050109,0.9828351862181712,0.004961174184082895,0.004961174184082895,"[""species"", ""species""]","[""5342ee3247181d7d7537e512081cf56f57192f3802791b94dad389866b5b7e19"", ""4e856cf859741eb420392f09af8f8ab12999c50dc110e894073b7c324a233f50""]","[""bilayer_hex_3_3"", ""bipartite_1_n""]","[1.0, 1.0]","[1.0, 1.0]",1,"[1, 1]",1.0000000000009104,False,0.004961174184082928,0.004961174184082928,"[0.4138841273187316, 0.3084400186553327]",0.26602897606223797,2,"[null, null]",0.00014064922778131883,locked,171,ok,True,0.7223241459740644,Dimer_Synthesis,dimer
"[1.004275217482131, 1.3944202488834834]",-9.10320147423699e-13,0.7623021430715168,0.9306009620504064,0.8742162576453191,0.9754672674433885,0.9750065023066995,0.004577801953519568,0.004577801953519568,"[""species"", ""species""]","[""1d92cb5f694cdc4033b005870949e42b8d95751498713b9ae8f4d5c4a82b2d35"", ""8d5ef3dbe84101b6ee21607d8186d4f680e4767b4e567750e3077b8666721682""]","[""hexamer_chain"", ""diatomic_prism_12""]","[1.0, 1.0]","[1.0, 1.0]",1,"[1, 1]",1.0000000000009104,False,0.0045778019535195336,0.0045778019535195336,"[0.3210739063677847, 0.44580603865725155]",0.2660574922540063,2,"[null, null]",0.00025020364216672274,locked,172,ok,True,0.7668799450250363,Dimer_Synthesis,dimer
"[0.9640835883762766, 1.0714521889111093]",-9.10320147423699e-13,0.6462306848764571,0.9198662894748011,0.9994155002035625,0.99819213549965,0.9980455774198795,0.0045445330997594315,0.0045445330997594315,"[""species"", ""species""]","[""f3de647e23ae165b86e6c7880f63c53b2941b152c475d58df1aec225ad963bf3"", ""a335ef3bc766870feec51948de9622f07228705f1dde666bdf1be785b06be8f9""]","[""square_ring"", ""bipartite_4_4""]","[1.0, 1.0]","[1.0, 1.0]",1,"[1, 1]",1.0000000000009104,False,0.00454453309975944,0.00454453309975944,"[0.30822435762291445, 0.342550860353302]",0.23209540992583755,2,"[null, null]",0.0004145044504667046,locked,173,ok,True,0.6507752179762165,Dimer_Synthesis,dimer
"[0.841017635723913, 0.9061396179518698]",-9.10320147423699e-13,0.5546719363437205,0.9256658921826544,0.9993771036398682,0.9997463791926922,0.9991470848729245,0.003906623309401198,0.003906623309401198,"[""species"", ""species""]","[""050188e7967e1badabcf38c38557d94384a2e383d4ef2e5acaaf21ebfbeb195f"", ""b83a7e7569cae5aea6ef6743eccd47c0b831b0b64a03971e92044f79e686e50d""]","[""decagon_ring"", ""bilayer_hex_3_3""]","[1.0, 1.0]","[1.0, 1.0]",1,"[1, 1]",1.0000000000009104,False,0.003906623309401169,0.003906623309401169,"[0.2688793001415271, 0.2896992595115945]",-0.24155742436582228,2,"[null, null]",0.0003245215632635174,locked,174,ok,True,0.5585785596531216,Dimer_Synthesis,dimer
"[0.6679837140931253, 2.1969589421349682]",-9.10320147423699e-13,0.9126958870467428,0.658311994093921,0.9160218027690779,0.5527838823461584,0.5629084827518873,0.0032465898183883114,0.0032465898183883114,"[""species"", ""species""]","[""8d37337cc90feb0b63308686ef8e500753e1350321acb328313a08654e714a17"", ""1673c0ccc9969b58ba87208d3d18b1297e9dff42330e96351b2bb1f2812e1312""]","[""bipartite_2_4"", ""icosahedron""]","[1.0, 1.0]","[1.0, 1.0]",1,"[1, 1]",1.0000000000009104,False,0.0032465898183883235,0.0032465898183883235,"[0.21355912875322672, 0.7023833481119044]",-1.0,2,"[null, null]",3.4231631901134314,no_lock,175,fail,False,0.9159424768651311,Dimer_Synthesis,dimer
"[1.781294157346993, 1.1879050634303674]",-9.10320147423699e-13,0.943050172221978,0.9189774488299128,0.9991567340181884,0.9374261582696772,0.9367936660784102,0.006223867407633796,0.006223867407633796,"[""species"", ""species""]","[""e0dc2f0dc30c3ea4f0cc41680d26ba92cf810da5406bd37fc39f893b5888577c"", ""f782a94db83aff9d2b948dbc50a18a7f6ddd278f68f81acd81d4f8d47d72798d""]","[""grid_3x4"", ""ladder_5""]","[1.0, 1.0]","[1.0, 1.0]",1,"[1, 1]",1.0000000000009104,False,0.00622386740763381,0.00622386740763381,"[0.5694923697543961, 0.3797816698752157]",0.18293577939851036,2,"[null, null]",0.000238712541399641,locked,176,ok,True,0.9492740396296118,Dimer_Synthesis,dimer
"[0.7112470129631813, 0.004356371916296279]",-9.10320147423699e-13,0.2273441556741416,0.9042965293045331,0.9995605429466183,0.8991359958990781,0.9002491035289069,0.0014393194068327124,0.0014393194068327124,"[""species"", ""species""]","[""25ca3b41d91c4fd27be95d0d53a98d86d57f2145fabfdc5470bbc1592468f6fd"", ""012f2cd06c2216c4580da6f6fbcbe8c7f6b780bf7dda30bd0d4485bdcb26cbf9""]","[""bipartite_2_4"", ""dimer""]","[1.0, 1.0]","[1.0, 1.0]",1,"[1, 1]",1.0000000000009104,False,0.0014393194068327009,0.0014393194068327009,"[0.22739071209687622, 0.0013927629840980772]",0.475685854362913,2,"[null, null]",0.00040332171735538624,no_lock,177,fail,False,0.2287834750809743,Dimer_Synthesis,dimer
"[0.9288467469390664, 1.4091386682686222]",-9.10320147423699e-13,0.7426891196228191,0.9298029454172254,0.9438940158767504,0.9681418283731833,0.961249369770305,0.004781391671557325,0.004781391671557325,"[""species"", ""species""]","[""53329b3ff1352d7d2590849c97bbdcf2797209e4a0e4a1add7ed49cf651da07a"", ""c0ceb29ef494138ef4b8cca1d2ac2564cda4c15a2f83fef3682efdf3d9ab820f""]","[""bipartite_3_6"", ""decagon_ring""]","[1.0, 1.0]","[1.0, 1.0]",1,"[1, 1]",1.0000000000009104,False,0.0047813916715573335,0.0047813916715573335,"[0.29695888962035605, 0.4505116216740205]",0.17716271225301694,2,"[null, null]",0.0003980297647994702,locked,178,ok,True,0.7474705112943765,Dimer_Synthesis,dimer
"[1.659716404648338, 1.5992418800729427]",-9.10320147423699e-13,1.0346311427416433,0.9252970447993135,0.9991627379191883,0.999128035304784,0.9993780801639008,0.007280923741999358,0.007280923741999358,"[""species"", ""species""]","[""de14817a90806d967651ada6cf2e87abfeab76288e62ba558820b4147cd93032"", ""343b92a20a70f2a3cb8a85a6161bd52b714bc30837a5d730920d2b7672f3cdbd""]","[""octahedron"", ""octahedron""]","[1.0, 1.0]","[1.0, 1.0]",1,"[1, 1]",1.0000000000009104,False,0.00728092374199929,0.00728092374199929,"[0.5306231003481059, 0.5112889661355366]",0.1635235604431733,2,"[null, null]",0.00034279895011655423,locked,179,ok,True,1.0419120664836425,Dimer_Synthesis,dimer
"[0.7054497030477137, 1.7930838807248646]",-9.10320147423699e-13,0.7961271235041999,0.507014677787546,0.8744462507191304,0.5464259690118412,0.5886272529272517,0.0026717754114114253,0.0026717754114114253,"[""species"", ""species""]","[""25e0eb2aa561dd18527ba0b455c61c015add87d097e6f303b361272efd3abbac"", ""a66655b1a8b9edee4e3e578ed05a2224a4166029389587fea4af40301e5591c2""]","[""double_triangle"", ""square_ring""]","[1.0, 1.0]","[1.0, 1.0]",1,"[1, 1]",1.0000000000009104,False,0.0026717754114113923,0.0026717754114113923,"[0.2255372710195881, 0.5732616278960232]",0.0307233174631375,2,"[null, null]",3.0596503215035926,no_lock,180,fail,False,0.7987988989156113,Dimer_Synthesis,dimer
"[1.204679610837392, 0.778602375315107]",-9.10320147423699e-13,0.6297516188394605,0.9276271264874798,0.9990821307943106,0.9736786832079066,0.9700832762401095,0.004317691682156389,0.004317691682156389,"[""species"", ""species""]","[""bf5214759c6f9bca15cfaf634bce53531eb00eb8e766f5baa7a0ee89c72cc079"", ""3237ba63e0d573d064a75a665a85a94dd32e62cd91f53be3c7906f63639c1e1e""]","[""ladder_5"", ""star_4""]","[1.0, 1.0]","[1.0, 1.0]",1,"[1, 1]",1.0000000000009104,False,0.004317691682156344,0.004317691682156344,"[0.38514461159653807, 0.24892469892507874]",-0.22143642756552895,2,"[null, null]",0.0003955479852612119,locked,181,ok,True,0.6340693105216169,Dimer_Synthesis,dimer
"[1.1401268520384762, 1.0482427320464272]",-9.10320147423699e-13,0.6956342357079898,0.9287614614250689,0.8189287656817181,0.9980956173495904,0.9988052332323683,0.004003033745078251,0.004003033745078251,"[""species"", ""species""]","[""59cb958ff08aafb3d20b50bdeeb5c9a39dd6d9ff261968e7d6cf985ddbe6926a"", ""40087bbe42e9932509260a98c53593cbc4b77cbdaf678e8356ac7e35f381fd1d""]","[""bipartite_3_6"", ""bipartite_4_4""]","[1.0, 1.0]","[1.0, 1.0]",1,"[1, 1]",1.0000000000009104,False,0.004003033745078266,0.004003033745078266,"[0.36450663699197794, 0.3351306324610901]",0.30324194102333046,2,"[null, null]",0.00037254599975070557,locked,182,ok,True,0.699637269453068,Dimer_Synthesis,dimer
"[1.378374858574817, 1.8159082207597532]",-9.10320147423699e-13,1.0148076490526248,0.9263096460574147,0.9277436022749972,0.969117891201733,0.9670105169391668,0.006427295784312147,0.006427295784312147,"[""species"", ""species""]","[""62e9d2f412a8f7d292e421722324235fc3c83cd04a01dc13eadab2bf6d50e712"", ""c10adcec352c7b531d9ca11870e7cbf8819443d643b76494ba6d5e9a33f7b1ae""]","[""nonamer_chain"", ""honeycomb_7""]","[1.0, 1.0]","[1.0, 1.0]",1,"[1, 1]",1.0000000000009104,False,0.006427295784312115,0.006427295784312115,"[0.44067621362929205, 0.5805587312076448]",0.12728079144093918,2,"[null, null]",0.00045529417258612006,locked,183,ok,True,1.0212349448369369,Dimer_Synthesis,dimer
"[0.8412698697964303, 1.1919859910048887]",-9.10320147423699e-13,0.6455910332832597,0.9423271274816236,0.9994232883374248,0.9796774779856326,0.980427208312344,0.004455279229961097,0.004455279229961097,"[""species"", ""species""]","[""26876627855a2ddf1fd0af2837d0ed7345c4f8357b5cb91a80de142ace1d9e52"", ""2d93fa19882e439c351f15af0f34889d26aca6fc6a26988dc0016af5626c75b0""]","[""bipartite_2_4"", ""moebius_kantor""]","[1.0, 1.0]","[1.0, 1.0]",1,"[1, 1]",1.0000000000009104,False,0.00445527922996114,0.00445527922996114,"[0.2689599411626062, 0.3810863713506147]",0.11613249085785227,2,"[null, null]",0.0005646137413076013,locked,184,ok,True,0.6500463125132209,Dimer_Synthesis,dimer
"[1.0997475490162232, 1.6151791573736123]",-9.10320147423699e-13,0.862198827341177,0.9377732626608924,0.9992563968556605,0.9524217487129695,0.9543308017663777,0.005782486892854817,0.005782486892854817,"[""species"", ""species""]","[""b915ea404539de6336440b179784edccb335de238f2bc5f1b6ec5148ddb785ae"", ""1f01862166a9d5a3c9a77b6c12219ff42c2bfb8e7da9600e9e93b40298b95a88""]","[""bipartite_4_8"", ""octamer_chain""]","[1.0, 1.0]","[1.0, 1.0]",1,"[1, 1]",1.0000000000009104,False,0.005782486892854766,0.005782486892854766,"[0.3515970875656087, 0.5163842266684231]",0.2651480853004182,2,"[null, null]",0.0002689476204261787,locked,185,ok,True,0.8679813142340318,Dimer_Synthesis,dimer
"[1.048772540001143, 1.796656622160029]",-9.10320147423699e-13,0.9047572703501523,0.8849121790713605,0.874377622885498,0.8884030415718615,0.8837124851638904,0.004946604130008013,0.004946604130008013,"[""species"", ""species""]","[""493b2220a60be43ae4fae8871c3399a1a84c1f33a7aac36d379fa9a29fab2056"", ""d7cbc0d9adfa708fa117a4a2a7a9a4c6ce0821ac1f4daca6486ab4d9aa14c556""]","[""icosahedron"", ""bilayer_square_4_4""]","[1.0, 1.0]","[1.0, 1.0]",1,"[1, 1]",1.0000000000009104,False,0.0049466041300080255,0.0049466041300080255,"[0.3353000158200381, 0.5744038586601222]",0.7617827027284876,2,"[null, null]",0.00032332121035318165,no_lock,186,fail,False,0.9097038744801603,Dimer_Synthesis,dimer
"[1.4767013966210591, 1.6637738376554256]",-9.10320147423699e-13,0.9973346187718276,0.9167469418922635,0.9574635037435417,0.9952903161710052,0.994611406429879,0.006697576554525695,0.006697576554525695,"[""species"", ""species""]","[""318c1d93b3bb4b430183be6afdb8860bda860f4bd0b17f9449c08c7e6fa14ea4"", ""2efb75a3a1bd7f0b2fb656b01478ba1b64453b165e3d2595b7276778d82b41ec""]","[""bipartite_4_8"", ""icosahedron""]","[1.0, 1.0]","[1.0, 1.0]",1,"[1, 1]",1.0000000000009104,False,0.0066975765545257415,0.0066975765545257415,"[0.47211190488261057, 0.5319202904437427]",0.007585898987117812,2,"[null, null]",0.00042687810950015634,locked,187,ok,True,1.0040321953263533,Dimer_Synthesis,dimer
"[1.0087503716463841, 1.7717795056501937]",-9.10320147423699e-13,0.8839267089561025,0.8874568453844469,0.9277403557647145,0.8710154317607106,0.8739045173032858,0.005028404079766137,0.005028404079766137,"[""species"", ""species""]","[""45d9f7fdb63a947ddacf779eec5bd988bee7c4f65e22db22759c41ed8f52b600"", ""6a76fea5bb8857f9403faf982e9c7db2ac3ac8eb0e9591d5c373615100efa98e""]","[""honeycomb_7"", ""square_ring""]","[1.0, 1.0]","[1.0, 1.0]",1,"[1, 1]",1.0000000000009104,False,0.0050284040797661245,0.0050284040797661245,"[0.3225046448786057, 0.566450468157263]",0.6181115016235205,2,"[null, null]",0.000562647974575868,no_lock,188,fail,False,0.8889551130358686,Dimer_Synthesis,dimer
"[0.8897577621307554, 0.4227049134951174]",-9.10320147423699e-13,0.41712616973524774,0.9328314689880559,0.8745367857909931,0.9644725142504209,0.9632883433150328,0.002477451751719355,0.002477451751719355,"[""species"", ""species""]","[""7a4c968581012b100f6a1858347311c77a97f5d938f1fa3bbcaa592e2b013e5c"", ""a3d82a5c18cb261102998c3de97fa0ddebc2ea2788113cdbce8a644f6f46ed9f""]","[""bilayer_square_4_4"", ""double_triangle""]","[1.0, 1.0]","[1.0, 1.0]",1,"[1, 1]",1.0000000000009104,False,0.002477451751719373,0.002477451751719373,"[0.2844618640740907, 0.13514175741287643]",0.7568143428484305,2,"[null, null]",0.00030825644118788714,locked,189,ok,True,0.4196036214869671,Dimer_Synthesis,dimer
"[1.0796091629065743, 1.474264272576556]",-9.10320147423699e-13,0.8113915313648806,0.9232140768150003,0.9161241180227384,0.97399910235531,0.9748832777044812,0.0050999104485515675,0.0050999104485515675,"[""species"", ""species""]","[""14fe5808f9905f70fee163a985dd1ae2f6d078d9e5febd61d902ebb1457b5903"", ""4f0f594fd65ca3a28b33c7dd27c866f25092ed18d98626b5cad85016a3b70b09""]","[""grid_3x4"", ""bilayer_hex_6_6""]","[1.0, 1.0]","[1.0, 1.0]",1,"[1, 1]",1.0000000000009104,False,0.0050999104485515145,0.0050999104485515145,"[0.34515870276469857, 0.4713327390487335]",0.034522173800406786,2,"[null, null]",0.00023097216084842269,locked,190,ok,True,0.8164914418134321,Dimer_Synthesis,dimer
"[1.5130267261914743, 1.919594068215004]",-9.10320147423699e-13,1.0899773523847127,0.9309181988860502,0.9993496938458273,0.9711884671498032,0.9719045911347914,0.0074558495443056046,0.0074558495443056046,"[""species"", ""species""]","[""1ddff6253bb29e834a9e94d90516f877452076316011f1976dbdd5aedc08a6b1"", ""00d47eb291f7f70226b30c05c46fcf348d747c25b225c7a792b638edd2b7a747""]","[""hexagon_ring"", ""star_5""]","[1.0, 1.0]","[1.0, 1.0]",1,"[1, 1]",1.0000000000009104,False,0.0074558495443055595,0.0074558495443055595,"[0.4837253702576813, 0.613707831671337]",0.13536863641421704,2,"[null, null]",0.0003106424642547673,locked,191,ok,True,1.0974332019290183,Dimer_Synthesis,dimer
"[1.173273627428306, 1.2612291727866394]",-9.10320147423699e-13,0.7737972743694679,0.9249896092289609,0.8328024528461206,0.9984960393478616,0.998611970500708,0.004530529126520549,0.004530529126520549,"[""species"", ""species""]","[""3986e89181fd28415afa06516ba27a24109667662fec01ba289519a084f284f8"", ""264b14ef39b46ed3bb77186d1bfc0c59f77e7763b8c9aa07a5b369a04ebba36b""]","[""bilayer_hex_6_6"", ""bipartite_4_8""]","[1.0, 1.0]","[1.0, 1.0]",1,"[1, 1]",1.0000000000009104,False,0.004530529126520522,0.004530529126520522,"[0.37510389606264455, 0.4032239074333438]",0.21939278726476952,2,"[null, null]",0.00030398647277833136,locked,192,ok,True,0.7783278034959884,Dimer_Synthesis,dimer
"[1.2830182060930386, 1.095558734868809]",-9.10320147423699e-13,0.7551582650841765,0.9205285953536623,0.9993037302805743,0.994400849739267,0.9940752916105005,0.005289644748413328,0.005289644748413328,"[""species"", ""species""]","[""606a50d8867098a5ee8791dc32066269aa9445902e06f0e58728c2689fa4c628"", ""5a7e1926692c3ead82aec1e2618664df6f07e9a026ea30b85bb3410c13114965""]","[""tetramer_chain"", ""octahedron""]","[1.0, 1.0]","[1.0, 1.0]",1,"[1, 1]",1.0000000000009104,False,0.0052896447484133136,0.0052896447484133136,"[0.4101900158445452, 0.3502578939880446]",-0.4907818715151093,2,"[null, null]",0.00018377529301734586,locked,193,ok,True,0.7604479098325898,Dimer_Synthesis,dimer
"[1.220773321093854, 2.1196871637506565]",-9.10320147423699e-13,1.0643859343649706,0.7895527857651373,0.6660587760707531,0.7195701780842869,0.7330249628275146,0.003582963269740496,0.003582963269740496,"[""species"", ""species""]","[""b066ad416a9124b7c257dae539381bebfc7f38a551e5cf460108afaf3fae78f5"", ""aafb075117b69f1947df284536372bfcb3a9a6c9f8f24560e8efa924d3e860e9""]","[""trimer_chain"", ""trimer_triangle""]","[1.0, 1.0]","[1.0, 1.0]",1,"[1, 1]",1.0000000000009104,False,0.0035829632697403913,0.0035829632697403913,"[0.39028988485434946, 0.6776790127803615]",0.7976625076063302,2,"[null, null]",0.0009189765064251448,no_lock,194,fail,False,1.067968897634711,Dimer_Synthesis,dimer
"[1.3770344223082591, 2.3045473155165235]",-9.10320147423699e-13,1.1721437098562817,0.6079361195399475,0.8881802624207776,0.6674151486427828,0.6411871258364926,0.0048840705755625845,0.0048840705755625845,"[""species"", ""species""]","[""172050c99b9d2fe68f88f1fa9825f35127431b5a8da76d3bab940931f2f26358"", ""c290153ff266715704399ebf1caaba577d61c4e3940a1334ed0db47658d899c8""]","[""bipartite_3_6"", ""octahedron""]","[1.0, 1.0]","[1.0, 1.0]",1,"[1, 1]",1.0000000000009104,False,0.004884070575562616,0.004884070575562616,"[0.44024766665247844, 0.7367801137793658]",0.7574163053612502,2,"[null, null]",1.8152264782598528,no_lock,195,fail,False,1.1770277804318443,Dimer_Synthesis,dimer
"[1.608456554299434, 1.47264753776586]",-9.10320147423699e-13,0.9787551979948567,0.9156296614897137,0.9159043230709205,0.9968547392769871,0.9970883955678982,0.006295622282675888,0.006295622282675888,"[""species"", ""species""]","[""6685e28a91ddba9d52a7d7121115bbcd473a92b71a6da0f9702d49b6c57abd2c"", ""df08e7c1a47be90d6ce8b5a7b914be07b6f15705c76a1702a48f1c4c4dae6212""]","[""bipartite_4_8"", ""cuboctahedron""]","[1.0, 1.0]","[1.0, 1.0]",1,"[1, 1]",1.0000000000009104,False,0.006295622282675883,0.006295622282675883,"[0.5142349628088626, 0.4708158574686699]",0.6561500876669635,2,"[null, null]",0.00035701026844897464,locked,196,ok,True,0.9850508202775325,Dimer_Synthesis,dimer
"[1.8805712667233634, 0.8854809429826785]",-9.10320147423699e-13,0.8808232053002265,0.5185936731003028,0.9158586586403108,0.6179275325102451,0.63671666139004,0.003503294774304735,0.003503294774304735,"[""species"", ""species""]","[""b6aacedd29a57443b280afe5379a1254e1c5b84a141fbf065351fd0920dd98d4"", ""9c2dd62b5ae8f377c4aea30c9f66b161891a834509df56e1bbc3885a78e1eb53""]","[""trimer_triangle"", ""trilayer_4_4_4""]","[1.0, 1.0]","[1.0, 1.0]",1,"[1, 1]",1.0000000000009104,False,0.003503294774304777,0.003503294774304777,"[0.6012319654005869, 0.28309453467394446]",0.7017159999332949,2,"[null, null]",1.5153015452938976,no_lock,197,fail,False,0.8843265000745313,Dimer_Synthesis,dimer
"[1.5603261393844683, 0.0033785247682974356]",-9.10320147423699e-13,0.49825903489979373,0.62391491233931,0.8870785974295712,0.5374538905031216,0.5490636269569442,0.0016684313816158704,0.0016684313816158704,"[""species"", ""species""]","[""5347d706d14006db97d6c2290f50ec2fe1cb4e43a74786ee60439c7a59d9febe"", ""30ae678a06847416b8b8891d04114ec6f905183cd6f4bec37a7a29c6003e08b7""]","[""cube"", ""petersen""]","[1.0, 1.0]","[1.0, 1.0]",1,"[1, 1]",1.0000000000009104,False,0.0016684313816158758,0.0016684313816158758,"[0.4988473279625161, 0.0010801383188935192]",-1.0,2,"[null, null]",3.4708158568958707,no_lock,198,fail,False,0.4999274662814096,Dimer_Synthesis,dimer
"[1.162517268548766, 1.140578064375629]",-9.10320147423699e-13,0.731164536790655,0.9140067724230208,0.9994514308843172,0.9999968881078742,0.9998632459362448,0.00515136786085687,0.00515136786085687,"[""species"", ""species""]","[""6ba4d69f91c4aa6c0eb1a6b21016c61c830f48cd7304d26997d24bf1e18c3519"", ""fb2619b9b78a45d4d9820c558675dab85c40023d37db35cab3005f3e77c75352""]","[""trimer_chain"", ""pentagon_ring""]","[1.0, 1.0]","[1.0, 1.0]",1,"[1, 1]",1.0000000000009104,False,0.005151367860856904,0.005151367860856904,"[0.37166501187668766, 0.3646508927748242]",-0.010368778668082168,2,"[null, null]",0.00028744346577047836,locked,199,ok,True,0.7363159046515119,Dimer_Synthesis,dimer
"[1.3078401010497218, 1.2749624695951403]",-9.10320147423699e-13,0.8206142052763415,0.9161326002162218,0.8870301602540063,0.9997835711213626,0.9998102704235501,0.005126086127849362,0.005126086127849362,"[""species"", ""species""]","[""2661426f613510c43ac4b182b60c608c7443ee144644eb706eadae712c342d80"", ""1e08da473461cd4de22762daad96d30ff1ae47c57ccfa07a5fe2056f5005ba28""]","[""bilayer_square_4_4"", ""ladder_5""]","[1.0, 1.0]","[1.0, 1.0]",1,"[1, 1]",1.0000000000009104,False,0.005126086127849372,0.005126086127849372,"[0.4181257516253944, 0.4076145397787965]",-0.03454611637271099,2,"[null, null]",0.00034491513621329065,locked,200,ok,True,0.8257402914041909,Dimer_Synthesis,dimer
"[1.1421443374352718, 1.703559750604209]",-9.10320147423699e-13,0.9037812881000776,0.9275053928079922,0.9993128628983308,0.9444256829256612,0.9445535002525141,0.00601048213233625,0.00601048213233625,"[""species"", ""species""]","[""fd07727fa43ca51cff83149e8f9dae728ec78a2df8070862655b5fcb2ae9b8a5"", ""cf0300a18ee360084eebf2765c21cebc2abf6dc5b48409b5dcfdca1e1e571437""]","[""dodecamer_chain"", ""octamer_chain""]","[1.0, 1.0]","[1.0, 1.0]",1,"[1, 1]",1.0000000000009104,False,0.006010482132336237,0.006010482132336237,"[0.3651516413753512, 0.5446401288570627]",-0.011877621242101899,2,"[null, null]",0.0003466985704448252,locked,201,ok,True,0.9097917702324139,Dimer_Synthesis,dimer
"[1.0652887722379503, 1.18621879885276]",-9.10320147423699e-13,0.7150093005119065,0.9508292661858544,0.9577710055960132,0.9974413984873021,0.9978834669003899,0.004813630974102659,0.004813630974102659,"[""species"", ""species""]","[""f3a02c9240de02b5b3b211a3a2682687af35b18bd8bfbf970afe5e34c494f12c"", ""4ec1d61e0d9abc882791ada9827bcef1b3516f831bf46b12970869a0933c37bf""]","[""heptamer_chain"", ""icosahedron""]","[1.0, 1.0]","[1.0, 1.0]",1,"[1, 1]",1.0000000000009104,False,0.004813630974102701,0.004813630974102701,"[0.3405803723502375, 0.3792425591357717]",0.9002234196359239,2,"[null, null]",0.00025273030679099967,locked,202,ok,True,0.7198229314860092,Dimer_Synthesis,dimer
"[1.2810932557913846, 0.8495161091658351]",-9.10320147423699e-13,0.6767591431999119,0.9328743287969437,0.957502714061969,0.9663160159314765,0.9692974766244034,0.004411774734017242,0.004411774734017242,"[""species"", ""species""]","[""450995c63f680c426c20117237457f5ff77e02caf2ec5568ed112613ef9efb6a"", ""57c4780901f6fed8fc6997b86d9f4f79507f13c9cc42fb68d4a1d29ed864beff""]","[""cuboctahedron"", ""truncated_tetrahedron""]","[1.0, 1.0]","[1.0, 1.0]",1,"[1, 1]",1.0000000000009104,False,0.004411774734017215,0.004411774734017215,"[0.4095745955870729, 0.2715963223468563]",-0.6502394789332555,2,"[null, null]",0.00034812650005566884,locked,203,ok,True,0.6811709179339291,Dimer_Synthesis,dimer
"[0.706780991579112, 1.6328694358810378]",-9.10320147423699e-13,0.744801225863823,0.6210184124321384,0.999373955520948,0.6118401722140282,0.6923371783936416,0.003201601650989772,0.003201601650989772,"[""species"", ""species""]","[""8a43d675204e411dcc1630e956b0302f71af9a8aee888b65a97565045181a1ce"", ""1826ef82fcaaf67ebae8ba0570ccb9c32481979a4d0df95b53c2445c6b50f8c1""]","[""square_ring"", ""square_ring""]","[1.0, 1.0]","[1.0, 1.0]",1,"[1, 1]",1.0000000000009104,False,0.003201601650989816,0.003201601650989816,"[0.2259628934006226, 0.5220399341141903]",0.756697727865157,2,"[null, null]",1.1556001673647143,no_lock,204,fail,False,0.7480028275148128,Dimer_Synthesis,dimer
"[1.2311111869966598, 1.3046513929735561]",-9.10320147423699e-13,0.8058436616027803,0.9326168843631358,0.8568286371986498,0.9990101330664315,0.99910945778169,0.004857611314746152,0.004857611314746152,"[""species"", ""species""]","[""fd0b3dc1b1c75d08a78faf20feecfe0455ca6062ed9e28de5fb030d5d4a22374"", ""c27b20d61af1f8ba6cdb68608bb1fd0af680bdba8edd54aa599c5bc222c3516f""]","[""heptamer_chain"", ""grid_3x3""]","[1.0, 1.0]","[1.0, 1.0]",1,"[1, 1]",1.0000000000009104,False,0.0048576113147461575,0.0048576113147461575,"[0.39359497386893444, 0.417106299048592]",0.0930232989066363,2,"[null, null]",0.00016923479447469075,locked,205,ok,True,0.8107012729175265,Dimer_Synthesis,dimer
"[1.2919616779193512, 1.3799031320684714]",-9.10320147423699e-13,0.8482456090663979,0.9518227859751914,0.9993775905256668,0.9987841703043436,0.9989240644315099,0.0059685116207661175,0.0059685116207661175,"[""species"", ""species""]","[""392c8e53e15c65b242cde1aa47bde384e89f8a884038bfee5313d5198862169e"", ""fc53736a2eadb0fc8f486011268a634c0eaf809706791ddb5ff22d7c5736fd93""]","[""petersen"", ""hexagon_ring""]","[1.0, 1.0]","[1.0, 1.0]",1,"[1, 1]",1.0000000000009104,False,0.00596851162076617,0.00596851162076617,"[0.41304930718797167, 0.4411648134991924]",-0.42081280141789335,2,"[null, null]",0.0003420884764297093,locked,206,ok,True,0.8542141206871641,Dimer_Synthesis,dimer
"[1.0286907485420849, 1.4803096313383768]",-9.10320147423699e-13,0.7969381034281654,0.9378021453949478,0.9577008942099363,0.9683121007526653,0.9655901757109671,0.00520710440258449,0.00520710440258449,"[""species"", ""species""]","[""d44f32d9286183da457007f635823acf82a3fa620178586b7f572f49865a26d5"", ""6ca159471a1a556d8f55e0340fe53f52d503c594b0d2b8d7d47ca9d9ff8f0b40""]","[""complete_k5"", ""bipartite_4_8""]","[1.0, 1.0]","[1.0, 1.0]",1,"[1, 1]",1.0000000000009104,False,0.005207104402584539,0.005207104402584539,"[0.32887972473012306, 0.4732654831006269]",0.1712092574431462,2,"[null, null]",0.0005240920335963468,locked,207,ok,True,0.8021452078307499,Dimer_Synthesis,dimer
"[1.306035588810501, 1.2645542536704584]",-9.10320147423699e-13,0.8160880230268326,0.9247652233387499,0.9992558038518541,0.999861406688405,0.9997117971597514,0.005747772606942774,0.005747772606942774,"[""species"", ""species""]","[""4b3d9c0ca3508f33682b67f7b178f438c712e5fb9a809ac5d99ad37402b57742"", ""ee29cbcb869741ecbe263c63839ed5da0a0296adf6aba4bc174b5389dcea320d""]","[""bilayer_hex_6_6"", ""hexamer_chain""]","[1.0, 1.0]","[1.0, 1.0]",1,"[1, 1]",1.0000000000009104,False,0.005747772606942814,0.005747772606942814,"[0.4175488362702713, 0.4042869593635042]",-0.34273997477741536,2,"[null, null]",0.0001653544798302375,locked,208,ok,True,0.8218357956337754,Dimer_Synthesis,dimer
"[1.6383718231562359, 0.4278862323795471]",-9.10320147423699e-13,0.6598641337472937,0.5420118376595126,0.9160498925072873,0.17309199262956418,0.565214125130871,0.0007332143761365371,0.0007332143761365371,"[""species"", ""species""]","[""a4050f347b606b7222e6a111eb892617786ab1495b1101c079e1b8acac86c9f5"", ""9a5bf33ba13a6b55ca0acc562f665d881547e8e44242867393e57dd40883fbc2""]","[""truncated_tetrahedron"", ""star_6""]","[1.0, 1.0]","[1.0, 1.0]",1,"[1, 1]",1.0000000000009104,False,0.0007332143761364929,0.0007332143761364929,"[0.5237990863326684, 0.13679826179076188]",0.6083309730861688,2,"[null, null]",2.8501017853968866,no_lock,209,fail,False,0.6605973481234302,Dimer_Synthesis,dimer
"[1.017761738210879, 0.2908081632198499]",-9.10320147423699e-13,0.4157446390027841,0.9207978679864862,0.9993215270458289,0.8933576675563758,0.8895540047486378,0.0026144349779962887,0.0026144349779962887,"[""species"", ""species""]","[""8bc61c416d48dd7246ae5673867329a1eb9adef7982f72181c3c25dd909172cd"", ""d256b969e81ee13129e9d194a12272d633bbab772fb07a6924b9f3e4dfdfb487""]","[""bipartite_3_6"", ""bilayer_hex_3_3""]","[1.0, 1.0]","[1.0, 1.0]",1,"[1, 1]",1.0000000000009104,False,0.002614434977996294,0.002614434977996294,"[0.325385642651137, 0.09297343132964335]",0.3176452641000227,2,"[null, null]",0.0006169697893404216,no_lock,210,fail,False,0.41835907398078037,Dimer_Synthesis,dimer
"[1.1622371342735602, 1.2921686219500184]",-9.10320147423699e-13,0.7795237141732654,0.9357671416134541,0.9438425813932302,0.9966886118898324,0.9973260210002106,0.005167205451367071,0.005167205451367071,"[""species"", ""species""]","[""57ed895393015c6d6ae4ffb40ae3c25c19295c2abec5830b21ff878c19bda22e"", ""b7761971f8b740723a58028ed0626fa6064658dd34f7b1cae7d29bde08cdd544""]","[""bipartite_4_4"", ""nonamer_chain""]","[1.0, 1.0]","[1.0, 1.0]",1,"[1, 1]",1.0000000000009104,False,0.005167205451367063,0.005167205451367063,"[0.3715754509630237, 0.41311546866160875]",-0.1390734689777069,2,"[null, null]",0.0003838901473458513,locked,211,ok,True,0.7846909196246324,Dimer_Synthesis,dimer
"[1.5927681310401443, 0.31438385403805447]",-9.10320147423699e-13,0.6057911909172132,0.5854120050144245,0.9366198191051243,0.9852966887245063,0.5644984265918701,0.003938818572966732,0.003938818572966732,"[""species"", ""species""]","[""77838cd51d4f87f7dd014c66dd5a3a4d1da8c91b03d205ddf204700c3cac1185"", ""dc22c6cca86a7dc78bf87b1db84618a4b3db87a1e729efd09571065c3ea8c296""]","[""cube"", ""star_5""]","[1.0, 1.0]","[1.0, 1.0]",1,"[1, 1]",1.0000000000009104,False,0.00393881857296674,0.00393881857296674,"[0.5092192626771396, 0.10051074681304044]",0.6073780094494055,2,"[null, null]",3.592873525624536,no_lock,212,fail,False,0.60973000949018,Dimer_Synthesis,dimer
"[0.003109651433761134, 1.175297891752698]",-9.10320147423699e-13,0.37526625021377885,0.533325961736012,0.8577761017224763,0.6538031009513602,0.6214886501776762,0.001478995111238261,0.001478995111238261,"[""species"", ""species""]","[""57ab79ff3751c2129fb1166325925e8401f74f5259448b3794936fd198fe8eb4"", ""3c857aab6630c44443ab2fab6df32a03ea3227d9238bd1c6992440f8696d46d4""]","[""star_5"", ""dodecamer_chain""]","[1.0, 1.0]","[1.0, 1.0]",1,"[1, 1]",1.0000000000009104,False,0.0014789951112382793,0.0014789951112382793,"[0.0009941776077906999, 0.37575106771722644]",0.5696855899408415,2,"[null, null]",2.1177082990691436,no_lock,213,fail,False,0.37674524532501713,Dimer_Synthesis,dimer
"[1.6962515703880299, 1.8370220918043298]",-9.10320147423699e-13,1.1217379633595028,0.9222752450335674,0.9994564996783248,0.9964169368604877,0.9968410047006782,0.007874673932021946,0.007874673932021946,"[""species"", ""species""]","[""be404c210d06e85e3d77e80f01265fbb503da3394f2a7a4f12683a8fe9923a7f"", ""40f33ca0f5772711353570815daa44cf3b5f604d2c66e634680b81299af79224""]","[""bipartite_1_n"", ""icosahedron""]","[1.0, 1.0]","[1.0, 1.0]",1,"[1, 1]",1.0000000000009104,False,0.007874673932021903,0.007874673932021903,"[0.5423036518340297, 0.5873089854574949]",0.11832676752439375,2,"[null, null]",0.0002906561926223274,locked,214,ok,True,1.1296126372915247,Dimer_Synthesis,dimer
"[1.0652308675681172, 1.2701256157869791]",-9.10320147423699e-13,0.74214375455967,0.914619087165337,0.8653739170488721,0.9919230439209269,0.9930883339243264,0.00448626858485193,0.00448626858485193,"[""species"", ""species""]","[""c0ad657ca410705c47267e9c0dd8f31fc60cbbbc4da5cb745f1bc62e2246e830"", ""935f4d99fe238b7f254946cbe1cd92158d1356674c90b7a91dc952c5d054d88a""]","[""bipartite_1_n"", ""bilayer_square_4_4""]","[1.0, 1.0]","[1.0, 1.0]",1,"[1, 1]",1.0000000000009104,False,0.004486268584851905,0.004486268584851905,"[0.3405618598168039, 0.40606816332771795]",0.9349840497756831,2,"[null, null]",0.00022048754122688184,locked,215,ok,True,0.7466300231445219,Dimer_Synthesis,dimer
"[1.3406621297722208, 1.4392913483623464]",-9.10320147423699e-13,0.8830792362542813,0.9404876268562858,0.9160004584800201,0.9987359521874135,0.9984206695223736,0.005691597883380674,0.005691597883380674,"[""species"", ""species""]","[""6b8c9dbc546b4afc860f64033a89df78a5cfebca49fef07402d4f1eb214188ee"", ""517661b21cabb3e40df48f4be59bc8f4f7fa0b5d242cee92f712e076e920ed40""]","[""bipartite_4_8"", ""star_4""]","[1.0, 1.0]","[1.0, 1.0]",1,"[1, 1]",1.0000000000009104,False,0.005691597883380695,0.005691597883380695,"[0.428619186884376, 0.460151647253286]",0.8178006577024388,2,"[null, null]",0.00034655217830498815,locked,216,ok,True,0.888770834137662,Dimer_Synthesis,dimer
"[0.9773293921932203, 1.5921031117575515]",-9.10320147423699e-13,0.8173317994035204,0.914802762122477,0.7704370322416465,0.9331348860568726,0.9298534170172175,0.004133986897744701,0.004133986897744701,"[""species"", ""species""]","[""ffb536abebda6ca93839de3314dc0c6f9b52eb3d6c040f88c40e444811c85675"", ""f2a3b6df77e40ac878ef6a76f669dde5dd45505d638c76e2522680c499207d31""]","[""cube"", ""prism_triangular""]","[1.0, 1.0]","[1.0, 1.0]",1,"[1, 1]",1.0000000000009104,False,0.00413398689774469,0.00413398689774469,"[0.3124591350031131, 0.5090066512981519]",0.5268061754685404,2,"[null, null]",0.0004003443249089737,locked,217,ok,True,0.8214657863012651,Dimer_Synthesis,dimer
"[1.4644161675883767, 1.178485778055791]",-9.10320147423699e-13,0.8391289291095644,0.9201664717754058,0.9993801189742928,0.985542840578413,0.987456395712884,0.005825558528272877,0.005825558528272877,"[""species"", ""species""]","[""892f50545ea3abdd95bd8c13a84a886c09ef1c461eceb0e271cbe8ddea2d43d9"", ""326835b29e4d4d3a471b2e49e045a197ced65b3679cf321304015ac5b6171999""]","[""square_ring"", ""bipartite_4_8""]","[1.0, 1.0]","[1.0, 1.0]",1,"[1, 1]",1.0000000000009104,False,0.005825558528272823,0.005825558528272823,"[0.4681842300704852, 0.376770257567352]",0.5522850415398027,2,"[null, null]",0.0003093657446834017,locked,218,ok,True,0.8449544876378372,Dimer_Synthesis,dimer
"[1.4454061810884933, 0.7723471139118203]",-9.10320147423699e-13,0.7047787811781152,0.9074467865548514,0.9369728372311028,0.9144733143375761,0.9132808474323151,0.004252668956664673,0.004252668956664673,"[""species"", ""species""]","[""b8ad2778986124dbc8e330862650a2b0536ef2f948fd2355efdcaa064aa2e03c"", ""246a3e1464b232dc874bb408f482fcd4aa91c707ee9d866e37a94e07187855a8""]","[""octamer_chain"", ""bowtie""]","[1.0, 1.0]","[1.0, 1.0]",1,"[1, 1]",1.0000000000009104,False,0.004252668956664651,0.004252668956664651,"[0.46210660262407754, 0.24692484751070226]",0.7013810917849739,2,"[null, null]",0.00031107470732406835,locked,219,ok,True,0.7090314501347799,Dimer_Synthesis,dimer
"[1.5832735193085612, 1.4085968987939363]",-9.10320147423699e-13,0.9502784629919707,0.9341562026878691,0.9367555451864126,0.995460428001282,0.9952571337028893,0.006243719139321612,0.006243719139321612,"[""species"", ""species""]","[""3581c3bd96f94f15c73a68b0b7c8aa731520ae0a235905cce75dbfc22b4889bb"", ""28e10b16fe6e988d4b3c03a11ff06a71d1ba80dd2363d23f379678e8913efdd5""]","[""honeycomb_7"", ""moebius_kantor""]","[1.0, 1.0]","[1.0, 1.0]",1,"[1, 1]",1.0000000000009104,False,0.006243719139321646,0.006243719139321646,"[0.5061837679989499, 0.4503384141323425]",0.0016361424353289467,2,"[null, null]",0.00025282117605638526,locked,220,ok,True,0.9565221821312924,Dimer_Synthesis,dimer
"[1.6577792212797646, 1.8498977946529436]",-9.10320147423699e-13,1.1144236545779775,0.921717618299155,0.8992955577222815,0.992361940052148,0.9942442324419355,0.007005553448902483,0.007005553448902483,"[""species"", ""species""]","[""b2e1dbb15902c52a47cccda0269a51ff3da246cc0915ba7e71b37c10f48419a8"", ""401f6d209b403f9cddd928f96a9e4f5ac271ebe562a4b46fa9822eea5e02c546""]","[""bipartite_2_4"", ""complete_k5""]","[1.0, 1.0]","[1.0, 1.0]",1,"[1, 1]",1.0000000000009104,False,0.007005553448902413,0.007005553448902413,"[0.530003769092419, 0.591425438934461]",0.9206181881553003,2,"[null, null]",0.0002992201562545035,locked,221,ok,True,1.12142920802688,Dimer_Synthesis,dimer
"[1.7371153078185628, 1.6210748477389818]",-9.10320147423699e-13,1.066679168465496,0.9363438498166308,0.9276949422983027,0.9979885393352194,0.9981568888905576,0.006958030582367699,0.006958030582367699,"[""species"", ""species""]","[""d063f0978eee400048da435b5c3da73499a1dc259067bcab5769bea229bc1886"", ""df5eb665b0ecd28d52179e7efa485737aa249c3a049553fcceffa88f543bbdae""]","[""wheel_5"", ""hexagon_with_center""]","[1.0, 1.0]","[1.0, 1.0]",1,"[1, 1]",1.0000000000009104,False,0.006958030582367769,0.006958030582367769,"[0.5553680783748969, 0.5182691206729669]",0.2168781141956848,2,"[null, null]",0.0002846511976862151,locked,222,ok,True,1.0736371990478637,Dimer_Synthesis,dimer
"[0.275141124480238, 0.6002886235036086]",-9.10320147423699e-13,0.2781697397490073,0.9449935274741981,0.888296984711788,0.9833558990297959,0.9823480361857196,0.0017113566305716052,0.0017113566305716052,"[""species"", ""species""]","[""979f33af7f5cf16eb9809cbaa0f8d38cdd6f5fcc1ce43516f46a5c3da86b78d3"", ""bbacfce9a8741df44927e4ad3480a64f1ed196a711e033beaa89af6ee8373420""]","[""dimer"", ""nonamer_chain""]","[1.0, 1.0]","[1.0, 1.0]",1,"[1, 1]",1.0000000000009104,False,0.0017113566305715922,0.0017113566305715922,"[0.08796456798045678, 0.19191652839912215]",0.10553560503534876,2,"[null, null]",0.00031440271673188345,locked,223,ok,True,0.2798810963795789,Dimer_Synthesis,dimer
"[1.1857966160501836, 1.417112563754899]",-9.10320147423699e-13,0.826402199146881,0.9162372793606703,0.9991056863268172,0.9907813377937151,0.991279558770999,0.005766317742220101,0.005766317742220101,"[""species"", ""species""]","[""79842d4c6f3a5332db69eb2b5f6f82095d459a54c057dda2fe395d1ede0031d4"", ""94de8b95fc95514d4cc34381dd238ac1e158633d7c380cbb01ad1bbcac1109c4""]","[""grid_3x4"", ""bipartite_4_8""]","[1.0, 1.0]","[1.0, 1.0]",1,"[1, 1]",1.0000000000009104,False,0.0057663177422201395,0.0057663177422201395,"[0.37910758430092084, 0.4530609325881802]",-0.008086573621925996,2,"[null, null]",0.0002981935680564481,locked,224,ok,True,0.8321685168891011,Dimer_Synthesis,dimer
"[1.2732425862408072, 1.1575266191239433]",-9.10320147423699e-13,0.7717091756789088,0.9325142321524121,0.9994065905339398,0.9978406355881031,0.9978244242209666,0.0054249710759003665,0.0054249710759003665,"[""species"", ""species""]","[""f5464604cbadd9b44e503c49d88e083f60a7c73dcb501a9163be26e66279f660"", ""0849a854b47eba1db7a81ccf2f18341b653656f5ff9efe3251250ec8d1ed0e28""]","[""ladder_5"", ""trimer_chain""]","[1.0, 1.0]","[1.0, 1.0]",1,"[1, 1]",1.0000000000009104,False,0.005424971075900342,0.005424971075900342,"[0.4070646808781088, 0.3700694658767004]",0.17153774872280336,2,"[null, null]",0.00018565045270426715,locked,225,ok,True,0.7771341467548092,Dimer_Synthesis,dimer
"[1.0886661825041013, 0.9055195358021045]",-9.10320147423699e-13,0.6333925357207146,0.9237526220806487,0.9366358947574578,0.995855349043003,0.9948912850261161,0.004162775267343844,0.004162775267343844,"[""species"", ""species""]","[""d5dc144f1e90e617aab0c195893d9a8de00d65fc97772cb73ba6a8224c20cb05"", ""bf64878a5882d0d91448335763097a1dc4c62c0fe00a3cc9083b25332ec1b946""]","[""grid_3x3"", ""octamer_chain""]","[1.0, 1.0]","[1.0, 1.0]",1,"[1, 1]",1.0000000000009104,False,0.004162775267343877,0.004162775267343877,"[0.348054296135526, 0.28950101485253255]",0.1765111963047835,2,"[null, null]",0.0003875611783888843,locked,226,ok,True,0.6375553109880585,Dimer_Synthesis,dimer
"[1.388287135862812, 1.6206632689580511]",-9.10320147423699e-13,0.9557262233354558,0.9118051482194268,0.9369215175077945,0.9916684215844734,0.9914479757821925,0.006256551630263624,0.006256551630263624,"[""species"", ""species""]","[""de88d0c9245c54231ef781db1de0ecf85420c739023b93019a3f8a39be7228c5"", ""aca0c59e1fccd1bc4779d163a78395b5e20edcbe12b8a32f279d8ee502f64abc""]","[""star_5"", ""ladder_4""]","[1.0, 1.0]","[1.0, 1.0]",1,"[1, 1]",1.0000000000009104,False,0.006256551630263618,0.006256551630263618,"[0.4438452389467109, 0.5181375360190085]",0.637128765122565,2,"[null, null]",0.00047450167185325435,locked,227,ok,True,0.9619827749657194,Dimer_Synthesis,dimer
"[1.5467400633635744, 1.2503827489431885]",-9.10320147423699e-13,0.8887359673936107,0.9089979330786007,0.8951812559589927,0.9857863084100819,0.9859079401487307,0.0055240245928545794,0.0055240245928545794,"[""species"", ""species""]","[""0b4e91ff8a79e0c2b40e90870c29c3982120e6f87c52a8f7c5744a5f6ad2f458"", ""1852cdf6eb9bde09ab999230a6057c0be8b2fe40fb998ea352672f2b509f7c30""]","[""bipartite_4_8"", ""moebius_kantor""]","[1.0, 1.0]","[1.0, 1.0]",1,"[1, 1]",1.0000000000009104,False,0.005524024592854615,0.005524024592854615,"[0.4945037631465141, 0.3997562288399512]",0.8223863137024492,2,"[null, null]",0.00034731450168801604,locked,228,ok,True,0.8942599919864653,Dimer_Synthesis,dimer
"[1.2411025494022367, 1.2957261366617006]",-9.10320147423699e-13,0.8053703330181713,0.92590935954163,0.9993654717355022,0.9996632135082519,0.9995493014421066,0.0056717815751775634,0.0056717815751775634,"[""species"", ""species""]","[""19399fd230dd86dd2057cb9d83f78335304f3824a9661123e77f4a203f2d0218"", ""052d651f4cc25897d8b5a42dda6869cb73f68a322733f11842d5a2c7d2cece6f""]","[""bipartite_1_n"", ""decagon_ring""]","[1.0, 1.0]","[1.0, 1.0]",1,"[1, 1]",1.0000000000009104,False,0.005671781575177559,0.005671781575177559,"[0.3967892832590812, 0.4142528313342677]",-0.4409468107037564,2,"[null, null]",0.00028445732429156995,locked,229,ok,True,0.8110421145933489,Dimer_Synthesis,dimer
"[1.4236292181533516, 0.8580389237661185]",-9.10320147423699e-13,0.7251514549083578,0.9253708142759817,0.8950939952679002,0.9438679014308441,0.9437008515539725,0.004314024880845569,0.004314024880845569,"[""species"", ""species""]","[""76ef771eefeb6f21d07b209b1b5cf1cec19a6568b38c66fcca9f8c5ac2641667"", ""800294caaea73551f1c92ce723371afd26d3c3ff4c352fe26e1033238aef9a93""]","[""diatomic_prism_12"", ""moebius_kantor""]","[1.0, 1.0]","[1.0, 1.0]",1,"[1, 1]",1.0000000000009104,False,0.004314024880845535,0.004314024880845535,"[0.45514435319613444, 0.2743211265930689]",0.001546658757906938,2,"[null, null]",0.00030798126230467015,locked,230,ok,True,0.7294654797892033,Dimer_Synthesis,dimer
"[1.246157836623078, 1.647878459169576]",-9.10320147423699e-13,0.9197353780482215,0.9403658931767984,0.8742746120446296,0.9728244766265136,0.9739282908417024,0.005508541631429921,0.005508541631429921,"[""species"", ""species""]","[""a45888b3ca6f78f5312d399b01945ff0cf0d783ad1db658def0c834668aa245f"", ""cd4a0007d686994b430e083310f463efd96b2a469ae6ef96868367abac352cb6""]","[""ladder_4"", ""star_4""]","[1.0, 1.0]","[1.0, 1.0]",1,"[1, 1]",1.0000000000009104,False,0.005508541631429886,0.005508541631429886,"[0.398405494420675, 0.5268384252589763]",0.42912453553258945,2,"[null, null]",0.0002163697873057993,locked,231,ok,True,0.9252439196796514,Dimer_Synthesis,dimer
"[0.6554961147003459, 1.3321581497956394]",-9.10320147423699e-13,0.6324293861018403,0.9047856128983004,0.7494337775292677,0.9112360129074079,0.9115557570305921,0.003037772801408371,0.003037772801408371,"[""species"", ""species""]","[""ec2945dfea95cec517d877d96b090c68d1df734c8fb51c5b0c23d36ca7442322"", ""52c8937599f431d2eeba12b5eddd39b3308b16a241179353bc6db6dbd30f727a""]","[""star_4"", ""pentamer_chain""]","[1.0, 1.0]","[1.0, 1.0]",1,"[1, 1]",1.0000000000009104,False,0.0030377728014083782,0.0030377728014083782,"[0.2095667547023685, 0.42590040420088016]",0.7624492661471878,2,"[null, null]",0.0002965081464180691,locked,232,ok,True,0.6354671589032487,Dimer_Synthesis,dimer
"[1.469302290999244, 0.1422995268445996]",-9.10320147423699e-13,0.513242046361264,0.6094517063909621,0.9162121086491348,0.6047774864902743,0.5661005057754734,0.0019984794996189643,0.0019984794996189643,"[""species"", ""species""]","[""0fe956188c11906430c42ac7ed9d3020b014b853cba9f391a591320f446ad913"", ""1828eeaf926679c0cfc04c43294a03e84707266d5c6c4525f6c77ca3ce3c3601""]","[""dodecamer_chain"", ""prism_square""]","[1.0, 1.0]","[1.0, 1.0]",1,"[1, 1]",1.0000000000009104,False,0.0019984794996189548,0.0019984794996189548,"[0.4697463583628227, 0.04549416749806033]",0.5630363234925349,2,"[null, null]",3.5216097514746023,no_lock,233,fail,False,0.515240525860883,Dimer_Synthesis,dimer
"[1.3521254606936564, 1.308986272013748]",-9.10320147423699e-13,0.8448281748073435,0.9189036793532446,0.999051809149335,0.9997182643455773,0.9995516557193943,0.005948110844366302,0.005948110844366302,"[""species"", ""species""]","[""0b30ac97f10a61c29f7b8eeea6b9184cc09469528b2528baaad73c8c1c0918b0"", ""ae47541b7a0f2ecb7a2c5f1bfad913393be6381e0aaaa1f69b0ff7d5e6663c2b""]","[""bipartite_3_3"", ""hexagon_ring""]","[1.0, 1.0]","[1.0, 1.0]",1,"[1, 1]",1.0000000000009104,False,0.0059481108443663055,0.0059481108443663055,"[0.43228409504387405, 0.41849219060783577]",0.17024560239739894,2,"[null, null]",0.00030056807867575225,locked,234,ok,True,0.8507762856517098,Dimer_Synthesis,dimer
"[0.9609028676391648, 1.3145838638614775]",-9.10320147423699e-13,0.7229147393288006,0.9096463838247205,0.9160215997761846,0.9806482961628841,0.9797341408856933,0.004574499729289671,0.004574499729289671,"[""species"", ""species""]","[""b3ab55bc9ef2f2e2195ae0d1ee5e4382463f5f3529ce98eb1fa3f0314fa3d17a"", ""37e9d3365a30063daf42dda24c17e222d9f6b50558a9b4b4820b71ff53090347""]","[""decamer_chain"", ""bipartite_4_8""]","[1.0, 1.0]","[1.0, 1.0]",1,"[1, 1]",1.0000000000009104,False,0.004574499729289694,0.004574499729289694,"[0.30720745865502996, 0.42028178040306036]",0.23160487441964517,2,"[null, null]",0.00013816898520342452,locked,235,ok,True,0.7274892390580903,Dimer_Synthesis,dimer
"[0.432758231771412, 1.4036052483257864]",-9.10320147423699e-13,0.585093313258416,0.5370135082202846,0.9992118616520389,0.4882829181907608,0.6030572259386223,0.002005109367389896,0.002005109367389896,"[""species"", ""species""]","[""a8743af82444d1c78ce4adfae7d5fca9e1957aecaed3f8f3752660069d9f197e"", ""946de000ca2c2e95ce407192b8719b87b9f7ad5a76f5983232236ee2fe22ac65""]","[""star_6"", ""bilayer_square_4_4""]","[1.0, 1.0]","[1.0, 1.0]",1,"[1, 1]",1.0000000000009104,False,0.0020051093673898457,0.0020051093673898457,"[0.1383558745340987, 0.44874254809170705]",0.6908464377262151,2,"[null, null]",1.9116191661349915,no_lock,236,fail,False,0.5870984226258058,Dimer_Synthesis,dimer
"[1.5779118004920447, 0.6112732468067382]",-9.10320147423699e-13,0.6963649008340514,0.5926711749349127,0.9162401495923127,0.7870659532871567,0.6418032506344827,0.0035330779893382827,0.0035330779893382827,"[""species"", ""species""]","[""55b9c1c2a7c98dfd48a5007b5aaa604a7bec7d52871481ae2a67a69a52e82eb9"", ""be7734790dd83cd756ca8db3884f4c020a3c9628fb2ae3191d20ec95fbbf88f8""]","[""grid_3x3"", ""trilayer_4_4_4""]","[1.0, 1.0]","[1.0, 1.0]",1,"[1, 1]",1.0000000000009104,False,0.003533077989338329,0.003533077989338329,"[0.5044695884839154, 0.19542839033947437]",0.7461493189967767,2,"[null, null]",1.5957167905085679,no_lock,237,fail,False,0.6998979788233898,Dimer_Synthesis,dimer
"[1.7286307184067686, 0.8408751849690769]",-9.10320147423699e-13,0.8171528700687322,0.8734073220701478,0.9993101106806661,0.7546183826770684,0.7534031787653902,0.004336382549059793,0.004336382549059793,"[""species"", ""species""]","[""935f3b901cd392c8a034983aae2b396444d55ef348b25a3c1d48319adb9465eb"", ""15ec05e9029c9f3215c5631540d91fc9bf9683c1b2e674aedef4df4c919a2796""]","[""complete_k6"", ""bipartite_4_4""]","[1.0, 1.0]","[1.0, 1.0]",1,"[1, 1]",1.0000000000009104,False,0.00433638254905977,0.00433638254905977,"[0.5526554949924238, 0.2688337576253681]",0.792437265143668,2,"[null, null]",0.00066303921360022,no_lock,238,fail,False,0.8214892526177919,Dimer_Synthesis,dimer
"[0.4534339463168936, 0.2047479347468058]",-9.10320147423699e-13,0.20921166129019783,0.9202593227208381,0.8329301317749601,0.9892934678536142,0.9902639859932265,0.0012137519580173888,0.0012137519580173888,"[""species"", ""species""]","[""82b9ab04616b2769d45925d7a73503728d88115a4f474ea55e576e2640a318f7"", ""c3a5b15cc69de81502e24ca3bf355464bfa55cb733833b793b5cf7c8389e427b""]","[""bilayer_hex_6_6"", ""tetrahedron_k4""]","[1.0, 1.0]","[1.0, 1.0]",1,"[1, 1]",1.0000000000009104,False,0.0012137519580174005,0.0012137519580174005,"[0.14496604704508284, 0.06545936620313238]",-0.04415382868853679,2,"[null, null]",0.00028695743550139825,locked,239,ok,True,0.21042541324821523,Dimer_Synthesis,dimer
"[1.3321959341433238, 1.168970467497197]",-9.10320147423699e-13,0.7940749417406526,0.9336104041524728,0.9992966366216046,0.9950193271895539,0.9957419955200825,0.0055656877114690344,0.0055656877114690344,"[""species"", ""species""]","[""06c12b99ad4c4bc5a0d7bdf01e7d5fb767050059b654d4b9e3c65bccc405f323"", ""1faa45f83bcefa27beabbaa44fdd3e078469d7f3e090cc4731d6698d3cdf8aa2""]","[""bipartite_2_4"", ""dimer""]","[1.0, 1.0]","[1.0, 1.0]",1,"[1, 1]",1.0000000000009104,False,0.005565687711469036,0.005565687711469036,"[0.4259124841246893, 0.3737281453274323]",0.11799082181679932,2,"[null, null]",0.0003289215423077748,locked,240,ok,True,0.7996406294521217,Dimer_Synthesis,dimer
"[1.381911774124326, 1.2628822940017197]",-9.10320147423699e-13,0.8396591164392259,0.9329052384647242,0.9993407673564848,0.9975117934727166,0.9977196315473604,0.005900296169383861,0.005900296169383861,"[""species"", ""species""]","[""2148f9ac51980fc009f242c317b19ff8bded30e3758686cb5fe1f5ed8e88505b"", ""fb8c0bfd48ae99564ac5aca354be2ad62334b3b0f86cb08c62204eb7fe2a6123""]","[""tetrahedron_k4"", ""bilayer_hex_6_6""]","[1.0, 1.0]","[1.0, 1.0]",1,"[1, 1]",1.0000000000009104,False,0.005900296169383812,0.005900296169383812,"[0.44180699060377615, 0.4037524220048335]",-0.5283918775260139,2,"[null, null]",0.00034060111445443915,locked,241,ok,True,0.8455594126086097,Dimer_Synthesis,dimer
"[1.7825275659708895, 0.9684979737127628]",-9.10320147423699e-13,0.874728087746367,0.878352193203191,0.9158933099326558,0.8502243223645943,0.844829540839072,0.004794279397467762,0.004794279397467762,"[""species"", ""species""]","[""e72d41f2bba13f863f2a8f8fe75a782834f77e60eb32f5b94a1255f17fd17c68"", ""b4d39913f11954462e8af9e5b3f97e078d633bbb6ac526bd808d92e94f295f69""]","[""trimer_triangle"", ""bipartite_3_3""]","[1.0, 1.0]","[1.0, 1.0]",1,"[1, 1]",1.0000000000009104,False,0.004794279397467793,0.004794279397467793,"[0.5698866992351286, 0.3096356679087062]",0.672157283952411,2,"[null, null]",0.0009375996175632209,no_lock,242,fail,False,0.8795223671438348,Dimer_Synthesis,dimer
"[1.0861132268552145, 1.5127485356669121]",-9.10320147423699e-13,0.8258103181157582,0.9262235189170668,0.8990851638206971,0.9684505635278859,0.9696522624779034,0.005064210775712844,0.005064210775712844,"[""species"", ""species""]","[""3a6fd09fcdc8d8a7735ae15e1261b2c77e98f95cb5bccd686a71a3e9dde85176"", ""44496f7116921e80136a24c29156222afae22de918131d44a0cf8440e8841145""]","[""decagon_ring"", ""complete_k5""]","[1.0, 1.0]","[1.0, 1.0]",1,"[1, 1]",1.0000000000009104,False,0.005064210775712841,0.005064210775712841,"[0.3472380981165937, 0.4836364307748774]",0.485464381469768,2,"[null, null]",0.000283701957191669,locked,243,ok,True,0.8308745288914711,Dimer_Synthesis,dimer
"[1.0168079428422558, 1.151300600567743]",-9.10320147423699e-13,0.6883293125805094,0.933222475300368,0.9993843581579072,0.9961287918741736,0.996983137996977,0.004830358537634085,0.004830358537634085,"[""species"", ""species""]","[""148d45dad3fc048989e66c637855ef729fb5af04fa899ca30ffe240b52748943"", ""41f687f3920d580ad18b9652098bf5cea29fe79be4a299c83cf02729c3b92733""]","[""dimer"", ""bipartite_3_6""]","[1.0, 1.0]","[1.0, 1.0]",1,"[1, 1]",1.0000000000009104,False,0.0048303585376341385,0.0048303585376341385,"[0.32508070751030266, 0.3680789636078409]",0.1063038274177508,2,"[null, null]",0.0002425876519062923,locked,244,ok,True,0.6931596711181436,Dimer_Synthesis,dimer
"[1.8344117185189077, 1.5494142143608196]",-9.10320147423699e-13,1.0743666387924242,0.9141831941104126,0.9991492654459619,0.9867982604510683,0.9869069136626611,0.007466499998176831,0.007466499998176831,"[""species"", ""species""]","[""d2e2173d2d0666b2e0a15283a329ae1543652bc91728424e54c61d9c46685dec"", ""10278c9322d1ea7f7e32218f6b2ba4b6153a566d4468affd75354a95711a6a38""]","[""octahedron"", ""cuboctahedron""]","[1.0, 1.0]","[1.0, 1.0]",1,"[1, 1]",1.0000000000009104,False,0.007466499998176834,0.007466499998176834,"[0.5864744306131268, 0.49535870817747435]",0.08489716559671812,2,"[null, null]",0.00032697898964151935,locked,245,ok,True,1.081833138790601,Dimer_Synthesis,dimer
"[2.035330062360035, 1.9872926359238103]",-9.10320147423699e-13,1.2774435471630856,0.9377474573870438,0.9576298468740563,0.9995885896247784,0.9997253110155743,0.00861744597766512,0.00861744597766512,"[""species"", ""species""]","[""09507b92c08111f94af69376c3954f0cca9ca731b37b3b5619befe012a2ba056"", ""708277aabcc56772a38cc4305ab712de1941f3284ef95cf0f0c407a55339d2dd""]","[""trilayer_4_4_4"", ""hexagon_ring""]","[1.0, 1.0]","[1.0, 1.0]",1,"[1, 1]",1.0000000000009104,False,0.008617445977665117,0.008617445977665117,"[0.6507094494556228, 0.6353515436851279]",0.7634912383532474,2,"[null, null]",0.0002913166361800021,locked,246,ok,True,1.2860609931407507,Dimer_Synthesis,dimer
"[0.8386139841608226, 1.1618471807593234]",-9.10320147423699e-13,0.6359905262736207,0.9089979330786008,0.8121207174789234,0.9821995077340191,0.9829229138623632,0.003571089483753787,0.003571089483753787,"[""species"", ""species""]","[""9304de102b871955460497ea80d1b381373e55cbf05cd3d6de99ff59aaf05362"", ""e72010752be79eff8437e69e41f073018959d7c7e26510cf3f8c4abaf9fcced0""]","[""moebius_kantor"", ""bipartite_4_4""]","[1.0, 1.0]","[1.0, 1.0]",1,"[1, 1]",1.0000000000009104,False,0.003571089483753842,0.003571089483753842,"[0.2681108356972452, 0.3714507800601294]",-0.23988950823878685,2,"[null, null]",0.00022082081504207562,locked,247,ok,True,0.6395616157573746,Dimer_Synthesis,dimer
"[1.1783738648124091, 1.6046967285201528]",-9.10320147423699e-13,0.8849833877557612,0.9137184183214327,0.7908580079511731,0.9712232099574623,0.9696912461172618,0.00478401020802781,0.00478401020802781,"[""species"", ""species""]","[""95534391a41eb2c59660bc241fdf56592724dc56712d948bd35e1e7dffc11fc5"", ""2ecfd72094786d32cf1fa8e8c5aea64abd2b5242fbcb4343e191ccc02433ebac""]","[""icosahedron"", ""trimer_triangle""]","[1.0, 1.0]","[1.0, 1.0]",1,"[1, 1]",1.0000000000009104,False,0.004784010208027767,0.004784010208027767,"[0.3767344781100863, 0.5130329198537027]",0.31004331757995984,2,"[null, null]",0.0003219322122100527,locked,248,ok,True,0.889767397963789,Dimer_Synthesis,dimer
"[0.39006141884246953, 1.4889716637517105]",-9.10320147423699e-13,0.5973477905021031,0.4945330692459066,0.9992556610262309,0.8073215405773608,0.5970903033759081,0.0033924065281480116,0.0033924065281480116,"[""species"", ""species""]","[""4645ce74175611da701b8f814bf1b21986bdf7ad93e9e1f859b65d7ffe9a9f78"", ""41fa983bd9f9c0ef7bcbb2ebbe71b35e3048fb2b7e3a8c7a9ff6d7f0dc0e63ee""]","[""tetramer_chain"", ""bilayer_hex_6_6""]","[1.0, 1.0]","[1.0, 1.0]",1,"[1, 1]",1.0000000000009104,False,0.0033924065281479843,0.0033924065281479843,"[0.12470540076165991, 0.4760347962685912]",0.02313579201336058,2,"[null, null]",2.3480138938410047,no_lock,249,fail,False,0.600740197030251,Dimer_Synthesis,dimer
"[1.216210615807646, 0.7882574756436248]",-9.10320147423699e-13,0.6364982655599759,0.9308702346832305,0.9992760120874067,0.9691571208821954,0.9690940005907714,0.0043443930146281,0.0043443930146281,"[""species"", ""species""]","[""842a477bca5bc4f67a6196c62a6db1aa58c21f97ef5685eb0e1fea2f37d3973f"", ""460aff6601f24384fe48a9964379f654bac180fc35c869fda5fe75edcc9f96c8""]","[""tetrahedron_k4"", ""tetramer_chain""]","[1.0, 1.0]","[1.0, 1.0]",1,"[1, 1]",1.0000000000009104,False,0.0043443930146280785,0.0043443930146280785,"[0.3888311556291868, 0.2520115029454172]",0.7140906254290342,2,"[null, null]",0.000470379737366863,locked,250,ok,True,0.640842658574604,Dimer_Synthesis,dimer
"[0.7123055755689898, 1.6951772268576235]",-9.10320147423699e-13,0.7655801698103998,0.5053450456960027,0.9576931654156964,0.7963646711858872,0.6721116434410382,0.004109148847040729,0.004109148847040729,"[""species"", ""species""]","[""21b5ea0dea874b15a8c2e4049a9e022035697e9919c8a603141ac6aac1d6ba7e"", ""489785058baaad424eb4e6fb78fc886604ae232cde31b21aaf93507c9a7f0efc""]","[""icosahedron"", ""pentamer_chain""]","[1.0, 1.0]","[1.0, 1.0]",1,"[1, 1]",1.0000000000009104,False,0.004109148847040722,0.004109148847040722,"[0.22772914206613698, 0.5419601765913036]",0.7422628942420927,2,"[null, null]",1.4379058004921665,no_lock,251,fail,False,0.7696893186574405,Dimer_Synthesis,dimer
"[1.0846613587002831, 0.9974783753500631]",-9.10320147423699e-13,0.6619552137937967,0.9176666922049319,0.799514524332573,0.998417039075448,0.9987860454189128,0.0037196195364601285,0.0037196195364601285,"[""species"", ""species""]","[""1eb125885a91c8d35607c467f3bdf6c7ee5b7b78b8e3228d901311b94114b2b7"", ""384df270e2ccefde609dc699330ae7b30fc7cd1357f050ded3e42f91ca30b725""]","[""tetramer_chain"", ""complete_k5""]","[1.0, 1.0]","[1.0, 1.0]",1,"[1, 1]",1.0000000000009104,False,0.0037196195364601614,0.0037196195364601614,"[0.3467739255751229, 0.31890090775513397]",0.7142107848702648,2,"[null, null]",0.0003633699033042324,locked,252,ok,True,0.6656748333302569,Dimer_Synthesis,dimer
"[1.6854410439012797, 0.15778903770814612]",-9.10320147423699e-13,0.5864745447746548,0.6316276979725772,0.999258026412917,0.6839355141219737,0.5546932700684433,0.0028191790321651614,0.0028191790321651614,"[""species"", ""species""]","[""c835eafb6a6dd765e94b173cd6dcfe4a4402ecc827ad14c50993f03a2cc5fe98"", ""ab1aa3c0e25deee7b735a701802f95d3bbbf53a6714a52529335397e9771c0a1""]","[""hexagon_ring"", ""dimer""]","[1.0, 1.0]","[1.0, 1.0]",1,"[1, 1]",1.0000000000009104,False,0.002819179032165109,0.002819179032165109,"[0.5388474498800518, 0.05044627392676807]",-1.0,2,"[null, null]",2.9063341892752463,no_lock,253,fail,False,0.5892937238068199,Dimer_Synthesis,dimer
"[1.900524025187952, 1.525628607414854]",-9.10320147423699e-13,1.0878723999815925,0.9243293302838254,0.9992549966027324,0.9779478859942388,0.9773844196857944,0.007492884765788496,0.007492884765788496,"[""species"", ""species""]","[""69d9bd9e1c115ca371a2f14ec836800b452d0b543b81ea26ccf3df3d00aa5b3b"", ""c82162a6df5a202a067220836611c3d069b350bedf4aee9594d1126861618c6c""]","[""octahedron"", ""star_4""]","[1.0, 1.0]","[1.0, 1.0]",1,"[1, 1]",1.0000000000009104,False,0.007492884765788466,0.007492884765788466,"[0.607611003727451, 0.48775428101992996]",0.2217842525829492,2,"[null, null]",0.0004277758208386809,locked,254,ok,True,1.095365284747381,Dimer_Synthesis,dimer
"[2.0937165757333864, 1.2650357305242197]",-9.10320147423699e-13,1.0691717544025854,0.8958852146120094,0.7496273413273216,0.8243805618725311,0.8335260620783862,0.004645168209192141,0.004645168209192141,"[""species"", ""species""]","[""f2b22bd758f4642b610fb94b4eca63ec03da22d4c7bb98bf4d4db3c9f80e201e"", ""e09de810a7956bb7ab66a8778cc41f49035953c850ee4a0ddcf692c23d4eeb4d""]","[""dimer"", ""wheel_5""]","[1.0, 1.0]","[1.0, 1.0]",1,"[1, 1]",1.0000000000009104,False,0.004645168209192141,0.004645168209192141,"[0.6693760316849213, 0.4044408909268563]",0.778014672574308,2,"[null, null]",0.0005180832363515731,no_lock,255,fail,False,1.0738169226117775,Dimer_Synthesis,dimer
"[1.6228000902857898, 1.008862671905662]",-9.10320147423699e-13,0.8364495121719651,0.9091645535007012,0.8883379931794939,0.9388054555104037,0.9299826243560089,0.0049117288411122785,0.0049117288411122785,"[""species"", ""species""]","[""44f141b3d0cf853476efd1157dece0073b050c4c1f4cf3f56fb7dd91630b5fa1"", ""9952df933287d40d6b18a7ab2105856446dfccf88d9d9f99be255b0adbca5d3c""]","[""moebius_kantor"", ""nonamer_chain""]","[1.0, 1.0]","[1.0, 1.0]",1,"[1, 1]",1.0000000000009104,False,0.0049117288411122395,0.0049117288411122395,"[0.5188206929454804, 0.3225405480675969]",0.06669581791838997,2,"[null, null]",0.00028446610277995743,locked,256,ok,True,0.8413612410130773,Dimer_Synthesis,dimer
"[1.0339031581632219, 0.921822319946049]",-9.10320147423699e-13,0.6208938744705328,0.9178431138923239,0.9992928963168011,0.9981034099965506,0.9981657067627182,0.0043654250807078415,0.0043654250807078415,"[""species"", ""species""]","[""a2236593c29ac749cff55dd85c59d5231146c13cbba472432dc0b89bc38f55fc"", ""14486a80417e7574077084059ea4ce5701fa7e198f7565f0e5b8f33ad14163d1""]","[""prism_triangular"", ""complete_k5""]","[1.0, 1.0]","[1.0, 1.0]",1,"[1, 1]",1.0000000000009104,False,0.004365425080707808,0.004365425080707808,"[0.33054616903693707, 0.29471313051430353]",0.3598697608872178,2,"[null, null]",0.00014120909460122203,locked,257,ok,True,0.6252592995512406,Dimer_Synthesis,dimer
"[0.7887599249807355, 1.1360475465475561]",-9.10320147423699e-13,0.6115780765566214,0.9309919683627182,0.899468338645556,0.9798551485487959,0.9806383865504371,0.003796517111954468,0.003796517111954468,"[""species"", ""species""]","[""e38e90ad976e32892e2cd225ca8b16b7b47ed711614539b06bffa94622516ffc"", ""e70cfc550d0518ea3c7dd2b1165d8cafaaacf4990cd28b64d22db11444b95f80""]","[""trimer_triangle"", ""star_5""]","[1.0, 1.0]","[1.0, 1.0]",1,"[1, 1]",1.0000000000009104,False,0.0037965171119545005,0.0037965171119545005,"[0.2521721395603707, 0.3632024541082053]",0.017779840521382928,2,"[null, null]",0.00021432336048051665,locked,258,ok,True,0.6153745936685759,Dimer_Synthesis,dimer
"[1.0077297189227576, 1.7847473480286717]",-9.10320147423699e-13,0.8877917611244659,0.9219322029240751,0.9159007620705533,0.8705595039593022,0.8702346594537109,0.004982953138063884,0.004982953138063884,"[""species"", ""species""]","[""35b067cc1a43730e7b203ccff7f02ac87164420d4f8543e634ff60a9cbe852a3"", ""c2b783172a090a38eac67ea1c9713577666fbc4753d640cb0b7659e2f32bf8a2""]","[""hexagon_with_center"", ""grid_3x4""]","[1.0, 1.0]","[1.0, 1.0]",1,"[1, 1]",1.0000000000009104,False,0.00498295313806385,0.00498295313806385,"[0.32217833496742293, 0.5705963792951068]",0.6975219890882794,2,"[null, null]",0.0003412779828386622,no_lock,259,fail,False,0.8927747142625297,Dimer_Synthesis,dimer
"[1.490286617223477, 0.6055055386036186]",-9.10320147423699e-13,0.666727975847372,0.8817511016683712,0.9161549129290516,0.7706813270488136,0.7720628385449676,0.0033116335073609727,0.0033116335073609727,"[""species"", ""species""]","[""7a160b11054aeb93cc2808a27d82c39f7dc387f023c61133b9492747f3ebe70c"", ""cdab104c007278e2bb452f63b7730ffa76d82498334d83db54b376b59bab89b9""]","[""prism_triangular"", ""ladder_4""]","[1.0, 1.0]","[1.0, 1.0]",1,"[1, 1]",1.0000000000009104,False,0.003311633507360967,0.003311633507360967,"[0.4764551962152616, 0.19358441313947133]",0.7990246056986294,2,"[null, null]",0.0005144130005649495,no_lock,260,fail,False,0.670039609354733,Dimer_Synthesis,dimer
"[1.6450774663060255, 1.136208905128131]",-9.10320147423699e-13,0.8835930602120995,0.9053071036289093,0.9436213232455113,0.9541075714357378,0.955422583410267,0.00560390936236387,0.00560390936236387,"[""species"", ""species""]","[""9c17ee3aeea7ff18e91c1d661f17f34658b2b33fad24038a079f816880029413"", ""73848eb1f100208dae8261fc61175b28b38b23e54587cbb23b35cdf03c320e55""]","[""bilayer_hex_6_6"", ""bipartite_3_6""]","[1.0, 1.0]","[1.0, 1.0]",1,"[1, 1]",1.0000000000009104,False,0.005603909362363879,0.005603909362363879,"[0.5259429279841722, 0.3632540415902912]",0.7103309887512576,2,"[null, null]",0.00034277741388803555,locked,261,ok,True,0.8891969695744634,Dimer_Synthesis,dimer
"[1.4798907692037615, 0.7702563309191575]",-9.10320147423699e-13,0.716006454028834,0.8930970809399478,0.7495385233075197,0.8958957132014923,0.89994625857341,0.0033815252443507187,0.0033815252443507187,"[""species"", ""species""]","[""df76f36f875010b0c04cfa71463ee57249f94a4dab1bd9265a5b392091dcf9f4"", ""4788c4ca9a12c0dc14c68906e59cfe3eff1a706d81e1ff44004b395c31dd5b39""]","[""complete_k5"", ""octamer_chain""]","[1.0, 1.0]","[1.0, 1.0]",1,"[1, 1]",1.0000000000009104,False,0.003381525244350758,0.003381525244350758,"[0.4731315699068635, 0.24625640936632126]",0.8702980250964986,2,"[null, null]",0.00036013984448526865,no_lock,262,fail,False,0.7193879792731848,Dimer_Synthesis,dimer
"[0.7690316551737834, 1.5472933297948608]",-9.10320147423699e-13,0.737346688344651,0.9043564436484599,0.7139112882472828,0.8643648410250919,0.8671885412678565,0.0031988298508286582,0.0031988298508286582,"[""species"", ""species""]","[""d7068d7fe81399f9921495e2b6974d9aea2eb7a31d7d96ccb4a455c8be02dbd0"", ""def6f09a4241476e3a8df786f5d2957e5cd9592aeb7092c23929672c8a6d6755""]","[""hexagon_with_center"", ""bipartite_3_3""]","[1.0, 1.0]","[1.0, 1.0]",1,"[1, 1]",1.0000000000009104,False,0.003198829850828644,0.003198829850828644,"[0.2458648718487601, 0.4946806463467196]",0.3040130599604285,2,"[null, null]",0.0002557892666790247,no_lock,263,fail,False,0.7405455181954796,Dimer_Synthesis,dimer
"[0.39831520490658034, 1.1069340434792836]",-9.10320147423699e-13,0.4781998080884517,0.9118789176960951,0.9992006202096269,0.9028717213072409,0.8977922667890939,0.0030390473799901236,0.0030390473799901236,"[""species"", ""species""]","[""9d999aa258cd48a0501f55f3665ad04b69128ed00c2ec220c1025885d329b5c7"", ""a7c734df578e9ad3adce2f0d6025332e3188490c691a89ee32e4ba55129529b5""]","[""diatomic_prism_12"", ""bilayer_hex_3_3""]","[1.0, 1.0]","[1.0, 1.0]",1,"[1, 1]",1.0000000000009104,False,0.003039047379990112,0.003039047379990112,"[0.12734419467770633, 0.35389466079073545]",0.34268445089472366,2,"[null, null]",0.0003606530365152514,locked,264,ok,True,0.4812388554684418,Dimer_Synthesis,dimer
"[1.0389229678151972, 1.7771503285685906]",-9.10320147423699e-13,0.8949534717924508,0.8901593813808244,0.9576730311628623,0.8889314458995399,0.8867187024648098,0.005365124294019844,0.005365124294019844,"[""species"", ""species""]","[""c5474a56c93cf939619798de69d96a4e86791c05a526e6ed11593fed836e1c3c"", ""022500a2fe072faa486e553bc8ef5759bd884f09a69ee133995724c0be7d977d""]","[""grid_3x4"", ""hexamer_chain""]","[1.0, 1.0]","[1.0, 1.0]",1,"[1, 1]",1.0000000000009104,False,0.005365124294019807,0.005365124294019807,"[0.3321510377682628, 0.5681675583182078]",0.7650450445917549,2,"[null, null]",0.0005342547682249526,no_lock,265,fail,False,0.9003185960864706,Dimer_Synthesis,dimer
"[1.378322148663749, 1.456060036008658]",-9.10320147423699e-13,0.9002346058802851,0.9181314679939122,0.9368512236077902,0.9991304616158136,0.9989463279788161,0.005937471584344575,0.005937471584344575,"[""species"", ""species""]","[""75ff5ba9223259c60e1e1cb1e7d7cbd3a196bd6071cf2fc918a39521d99c3e71"", ""e97bff030119d38e237066c7c63b936689411622204a964f091ee68e13450411""]","[""moebius_kantor"", ""heptamer_chain""]","[1.0, 1.0]","[1.0, 1.0]",1,"[1, 1]",1.0000000000009104,False,0.005937471584344545,0.005937471584344545,"[0.44065936189706134, 0.46551271556756835]",0.11121748033550849,2,"[null, null]",0.00021042189635243859,locked,266,ok,True,0.9061720774646297,Dimer_Synthesis,dimer
"[1.7200851324836053, 0.9156650095993731]",-9.10320147423699e-13,0.8386562739445453,0.8817001024854813,0.799403030304956,0.8507687165925915,0.8534963630616537,0.004011731395418272,0.004011731395418272,"[""species"", ""species""]","[""cc9d246527f30283bbbe7b188b434ac4c1d7f1aaf6624b4a7ba2ab50b577097a"", ""0d00efae79b09dbf2d7484f0249b6f1404472dee3aefa3e52a4c4b45a84f1b19""]","[""bilayer_hex_3_3"", ""pentamer_chain""]","[1.0, 1.0]","[1.0, 1.0]",1,"[1, 1]",1.0000000000009104,False,0.0040117313954182166,0.0040117313954182166,"[0.54992341059286, 0.2927445947471036]",0.7609445783827462,2,"[null, null]",0.0003609596819192419,no_lock,267,fail,False,0.8426680053399636,Dimer_Synthesis,dimer
"[1.133645090523968, 1.295423984967759]",-9.10320147423699e-13,0.7715141574461135,0.9073441343441278,0.9371078969660855,0.9965061407409335,0.995757058434495,0.005076445736015639,0.005076445736015639,"[""species"", ""species""]","[""5e9fa675958ceae1469e7efd30bb03bb01ebb796950a37af173dd7c671786790"", ""7d80f316e952e6442f9d2c001f09521e0f1e971eef02c07a39f7116baeaa705a""]","[""ladder_4"", ""bipartite_4_8""]","[1.0, 1.0]","[1.0, 1.0]",1,"[1, 1]",1.0000000000009104,False,0.005076445736015622,0.005076445736015622,"[0.36243437188637745, 0.4141562312957517]",0.023567215206221737,2,"[null, null]",0.00030421058394986217,locked,268,ok,True,0.7765906031821291,Dimer_Synthesis,dimer
"[1.9382248383659655, 0.7396173579392394]",-9.10320147423699e-13,0.8553062986109253,0.543800691799082,0.999209029341426,0.13674286800143548,0.5358512557707517,0.000818834855786373,0.000818834855786373,"[""species"", ""species""]","[""6123c84311c06c29923dc2c6e0d7cc9642d21bfb31f39df715d5cc69a496f328"", ""5be2f67282f0d1a5b107913b8f68db9842b84d578f5e18215419da24f4ac3330""]","[""hexamer_chain"", ""octahedron""]","[1.0, 1.0]","[1.0, 1.0]",1,"[1, 1]",1.0000000000009104,False,0.0008188348557863767,0.0008188348557863767,"[0.6196642209627178, 0.23646091250399395]",0.604478821100265,2,"[null, null]",3.44402853432669,no_lock,269,fail,False,0.8561251334667117,Dimer_Synthesis,dimer
"[1.3514558783344788, 1.5487017267140362]",-9.10320147423699e-13,0.9214898432138796,0.9137163913877075,0.8861125947237716,0.9930226031538489,0.9938096426120575,0.0057111024290251115,0.0057111024290251115,"[""species"", ""species""]","[""fd50ca0cfdb885abdf542eca5a883f391e8fb674f53de8e6bbde833f6d9e3b8b"", ""5da044f1f9f1556e63b1da6c15287cebb1af8701ff29f3606f092723b0724776""]","[""dodecamer_chain"", ""bipartite_1_n""]","[1.0, 1.0]","[1.0, 1.0]",1,"[1, 1]",1.0000000000009104,False,0.005711102429025061,0.005711102429025061,"[0.43207002481695445, 0.4951309208259502]",0.032752503557792356,2,"[null, null]",0.00041515795147482133,locked,270,ok,True,0.9272009456429047,Dimer_Synthesis,dimer
"[1.3784212225963628, 1.0710060173887295]",-9.10320147423699e-13,0.778158019796219,0.9157534221029264,0.9160773773767091,0.9839846329151389,0.9849278088577055,0.004941232894110325,0.004941232894110325,"[""species"", ""species""]","[""0bc8230a0498040542ae03672cc6e8196c1889d81bd2b38dde272c82d358200f"", ""38e35e80bd59b46a9e7bd46a8191e79c3eff5ab162c815b611b46e0774417fac""]","[""wheel_5"", ""grid_3x4""]","[1.0, 1.0]","[1.0, 1.0]",1,"[1, 1]",1.0000000000009104,False,0.004941232894110303,0.004941232894110303,"[0.4406910365356562, 0.34240821615467315]",0.5372948495041723,2,"[null, null]",0.0003030362706063246,locked,271,ok,True,0.7830992526903293,Dimer_Synthesis,dimer
"[1.0336133663612836, 0.07787817395382533]",-9.10320147423699e-13,0.35395572603418246,0.6025313823821918,0.9576822552338979,0.5860128478072794,0.608168800791393,0.001395998803205455,0.001395998803205455,"[""species"", ""species""]","[""a642d5bc88e9bff71f28ac812e69ccaf517cb9a71c8b4955542a5cc1b2c5ab03"", ""de6aaa93d5f0ce620a315525858383e639e479850be84ddb1fe4907e0596e48c""]","[""bilayer_hex_6_6"", ""star_5""]","[1.0, 1.0]","[1.0, 1.0]",1,"[1, 1]",1.0000000000009104,False,0.001395998803205456,0.001395998803205456,"[0.3304535205435142, 0.024898204293873728]",0.7827625929399561,2,"[null, null]",2.0406401739704383,no_lock,272,fail,False,0.3553517248373879,Dimer_Synthesis,dimer
"[1.272635309415197, 1.1709002765125287]",-9.10320147423699e-13,0.7765780364783363,0.9162181978919062,0.8494470622106878,0.9983646112871466,0.9983890058199896,0.004637612643731151,0.004637612643731151,"[""species"", ""species""]","[""a2cf9aa9124da2f6d841549802cc6139721a94790ea553dfbaab2a79dfebd22d"", ""a5001695688e789d56eb1e480539b2ae822e916d129fceb44f39c03eca9e8712""]","[""petersen"", ""decagon_ring""]","[1.0, 1.0]","[1.0, 1.0]",1,"[1, 1]",1.0000000000009104,False,0.004637612643731193,0.004637612643731193,"[0.4068705301719566, 0.3743451189501109]",0.18198806950042834,2,"[null, null]",0.00023153714425429485,locked,273,ok,True,0.7812156491220675,Dimer_Synthesis,dimer
"[1.0867582411188, 0.9892650531347175]",-9.10320147423699e-13,0.6590802467752257,0.9289998243901124,0.9996184115203464,0.9988921205493925,0.998532868194055,0.004639117392349959,0.004639117392349959,"[""species"", ""species""]","[""8c47d1cc7681a9bc1bd1828527bccfbe3394d1d7683cdff795e8788223b9bfcd"", ""2099c228d76ff1ae82320e59575d5abb3d61fd7914b7aca071bede73531ee359""]","[""tetrahedron_k4"", ""trimer_chain""]","[1.0, 1.0]","[1.0, 1.0]",1,"[1, 1]",1.0000000000009104,False,0.004639117392350012,0.004639117392350012,"[0.34744431374918844, 0.31627505041838727]",-0.25205886941732136,2,"[null, null]",0.00021459092173928078,locked,274,ok,True,0.6637193641675757,Dimer_Synthesis,dimer
"[1.0232425332422812, 0.26049492398284047]",-9.10320147423699e-13,0.40793974122262777,0.9046566259490646,0.9992090049090947,0.8639887760965098,0.8742997159449717,0.00248022430763837,0.00248022430763837,"[""species"", ""species""]","[""6ef45ac7524dc72162f7cee11606c8514557bf3cdf312e17557fafdf7a4965fe"", ""88c8d6810a49af49ec0e168a0cbcc4611487351288c5252631a2b50d87141690""]","[""bipartite_2_4"", ""square_ring""]","[1.0, 1.0]","[1.0, 1.0]",1,"[1, 1]",1.0000000000009104,False,0.00248022430763839,0.00248022430763839,"[0.32713789167620544, 0.08328207385406071]",0.533797087530081,2,"[null, null]",0.0007518307529909449,no_lock,275,fail,False,0.41041996553026616,Dimer_Synthesis,dimer
"[1.2505565070159501, 0.4982486415508524]",-9.10320147423699e-13,0.5564367872939194,0.917862195361088,0.7733036885022363,0.8817475885644731,0.879064678796649,0.0026686160378400587,0.0026686160378400587,"[""species"", ""species""]","[""b22cdaea4b9dcd4f4bd1f9f1af668d77a8c1b55ccff4031858fb9fd5ed66404e"", ""7d24c2d8ae1955c4cd91b9c7c1f17538761ed1fc0fd76da38de3db5240040f2e""]","[""heptamer_chain"", ""bipartite_2_4""]","[1.0, 1.0]","[1.0, 1.0]",1,"[1, 1]",1.0000000000009104,False,0.002668616037840077,0.002668616037840077,"[0.3998117805275896, 0.15929362280416995]",0.5738441960712343,2,"[null, null]",0.00028104548822697085,no_lock,276,fail,False,0.5591054033317595,Dimer_Synthesis,dimer
"[1.6125033630076147, 1.299243794375476]",-9.10320147423699e-13,0.9251375988755658,0.9329790079413923,0.902035765310967,0.9813939239849414,0.9836072630940113,0.005768608807405443,0.005768608807405443,"[""species"", ""species""]","[""07ee1fff0f735f0c48f0e5cdbf59670f63823c61233c7b7cbe8d86a07aebdc63"", ""7ccf6d368f5a174aeaa3ad8b89446fd5c8e013bf34102bf299f93379cd9ba3d7""]","[""cuboctahedron"", ""nonamer_chain""]","[1.0, 1.0]","[1.0, 1.0]",1,"[1, 1]",1.0000000000009104,False,0.005768608807405484,0.005768608807405484,"[0.5155287562408228, 0.4153774514421484]",0.023933491092000048,2,"[null, null]",0.0003091246205692915,locked,277,ok,True,0.9309062076829713,Dimer_Synthesis,dimer
"[1.3519032563752453, 1.8300480411964366]",-9.10320147423699e-13,1.0104285959191015,0.9211599915647429,0.999275572100734,0.9645726360572605,0.9612131892812077,0.006863790867849267,0.006863790867849267,"[""species"", ""species""]","[""d6c36d074a6758cb803d6f26dd36dfe6d784805064ac59d62981a3c257c2bb3d"", ""c450344c4342926ba4973c342a2f492a11a954ca50c8ad2f5a536abe7418e10d""]","[""honeycomb_7"", ""ladder_5""]","[1.0, 1.0]","[1.0, 1.0]",1,"[1, 1]",1.0000000000009104,False,0.006863790867849273,0.006863790867849273,"[0.4322130547480646, 0.5850793320388863]",0.7516265250678418,2,"[null, null]",0.00014042918312416678,locked,278,ok,True,1.0172923867869508,Dimer_Synthesis,dimer
"[0.3590754907042827, 0.40131353737006653]",-9.10320147423699e-13,0.24140194609061724,0.9352285963478059,0.9992881143983606,0.9995975845909011,0.9996563477039071,0.0016998166065971914,0.0016998166065971914,"[""species"", ""species""]","[""012cb53992b2cad421e58cd34af94f72c057658b2d1251a2181ba03d18e149f3"", ""24370ff34761128729f7f57ba5c721e5c506ec76b5abfcbf4a5e8a105711e4a8""]","[""double_triangle"", ""bipartite_1_n""]","[1.0, 1.0]","[1.0, 1.0]",1,"[1, 1]",1.0000000000009104,False,0.001699816606597182,0.001699816606597182,"[0.11479897987565799, 0.12830278282155644]",0.19948778576064807,2,"[null, null]",0.00015517259562973447,locked,279,ok,True,0.24310176269721442,Dimer_Synthesis,dimer
"[1.1227917626069641, 1.3836183984648167]",-9.10320147423699e-13,0.7957722952684836,0.938814746653049,0.9992304265084041,0.9892769380338248,0.9893440812762803,0.005544801246988172,0.005544801246988172,"[""species"", ""species""]","[""1aca2204b2947ad9be004104f0b9ba1df0f37a34033d9044afc63eb4fe9e9995"", ""93a9def371a9637cd751bf42db557691819e68d6e161eb8ee4c0722b22719bd8""]","[""trilayer_4_4_4"", ""bipartite_4_8""]","[1.0, 1.0]","[1.0, 1.0]",1,"[1, 1]",1.0000000000009104,False,0.005544801246988196,0.005544801246988196,"[0.35896448601172687, 0.4423526105037449]",0.502429364339672,2,"[null, null]",0.00030582564097487156,locked,280,ok,True,0.8013170965154718,Dimer_Synthesis,dimer
"[1.2860635364441992, 0.95794147257518]",-9.10320147423699e-13,0.7125029700140714,0.9257876258621424,0.9992855865037267,0.9806624522433001,0.9825168813789732,0.004921339191833816,0.004921339191833816,"[""species"", ""species""]","[""05f9a11dee780e2bc1a442d38397209f9e5b4dee0a9c2e13943b25c072614a03"", ""f80e65ae1fba197572a65bcb3ff1e0e0d9ab994b775394680cf1d876890ffe25""]","[""bilayer_hex_6_6"", ""hexagon_ring""]","[1.0, 1.0]","[1.0, 1.0]",1,"[1, 1]",1.0000000000009104,False,0.004921339191833796,0.004921339191833796,"[0.4111636295462543, 0.30626067965965087]",0.27847246431672223,2,"[null, null]",0.00043332083435465617,locked,281,ok,True,0.7174243092059052,Dimer_Synthesis,dimer
"[0.749523191698245, 1.4503954166389086]",-9.10320147423699e-13,0.6988813991902298,0.9186344067204206,0.9992952610630261,0.9041305330020749,0.9046080680446161,0.004448175187680491,0.004448175187680491,"[""species"", ""species""]","[""11116ba3f394167ac7c076edeab1cdd6c0ad42a74e0f73fa18489fe023f123ce"", ""2141593a96abf5d2e98a69cf68df8b431e624cfe75a1c39211f00cbc9d800228""]","[""hexagon_ring"", ""octahedron""]","[1.0, 1.0]","[1.0, 1.0]",1,"[1, 1]",1.0000000000009104,False,0.004448175187680481,0.004448175187680481,"[0.23962787777951652, 0.4637016965983938]",0.6464402511377205,2,"[null, null]",0.00027181233294694266,locked,282,ok,True,0.7033295743779103,Dimer_Synthesis,dimer
"[1.1202001698497284, 0.8197044549811983]",-9.10320147423699e-13,0.6162950335028867,0.931306127738155,0.9159071858070614,0.9823705574516444,0.9851901476361699,0.0039062271007384115,0.0039062271007384115,"[""species"", ""species""]","[""ee09e3f9e0f2ffc130eaf7ecf5df92589a3f10d6b9b96b405a2162f46dce8c54"", ""11c8fb1d2d0c6d98c2bd70d42a687fd1faeffa155b6b974da19d22f853fd1545""]","[""cube"", ""octahedron""]","[1.0, 1.0]","[1.0, 1.0]",1,"[1, 1]",1.0000000000009104,False,0.003906227100738402,0.003906227100738402,"[0.35813593543535566, 0.2620653251682695]",0.83731859042815,2,"[null, null]",0.0003138385753023904,locked,283,ok,True,0.6202012606036251,Dimer_Synthesis,dimer
"[1.3421984162799985, 0.9003515058666599]",-9.10320147423699e-13,0.7121198686404492,0.8978893087257227,0.9993502596802066,0.9648658018876193,0.9681746398696138,0.004839238977090282,0.004839238977090282,"[""species"", ""species""]","[""65a86d27b3c68da069773e5e8dc7c98db6db46a540dcf4a94ba0de737daee32c"", ""dd8af8ed11ac77c5730a502ccc3cea5f7cc8031f4a7f9744a5bb1bd2576262ee""]","[""bipartite_4_8"", ""pentamer_chain""]","[1.0, 1.0]","[1.0, 1.0]",1,"[1, 1]",1.0000000000009104,False,0.0048392389770902655,0.0048392389770902655,"[0.4291103485716961, 0.2878487590458434]",0.29157303933512224,2,"[null, null]",0.00027744043201223284,locked,284,ok,True,0.7169591076175394,Dimer_Synthesis,dimer
"[2.542527009249531, 1.0332884108501177]",-9.10320147423699e-13,1.1355681582379555,0.6171454371624289,0.9575640784952635,0.997713542884535,0.5656098349584304,0.007645380636395445,0.007645380636395445,"[""species"", ""species""]","[""a6dfbf4f62fd91960b425b496aa668c48a1d35a43628d7da83a75618c3a1d1ce"", ""8c09d36ec0fd0d39855cc9b74207499f0d746839350aaba87a528f51db54bf37""]","[""pentagon_ring"", ""cuboctahedron""]","[1.0, 1.0]","[1.0, 1.0]",1,"[1, 1]",1.0000000000009104,False,0.007645380636395416,0.007645380636395416,"[0.8128639089113764, 0.3303496299629745]",-1.0,2,"[null, null]",3.1184699971458363,no_lock,285,fail,False,1.143213538874351,Dimer_Synthesis,dimer
"[1.5353191975518135, 0.1715981002010805]",-9.10320147423699e-13,0.5419187358730778,0.5822940792920104,0.999093296044137,0.9943124507893235,0.5825372022762089,0.0037948246091772378,0.0037948246091772378,"[""species"", ""species""]","[""d8f5c254661096318d8e9d2939c617a894796f99c82a1a348dd9db83888d8a63"", ""5f26d46859d3b8c259ca17c76279bd9e08ff05248778d13bc0f39839fba0a6f2""]","[""complete_k6"", ""square_ring""]","[1.0, 1.0]","[1.0, 1.0]",1,"[1, 1]",1.0000000000009104,False,0.0037948246091772386,0.0037948246091772386,"[0.49085243138361556, 0.05486112909863951]",0.48461509563399907,2,"[null, null]",2.758279278699079,no_lock,286,fail,False,0.5457135604822551,Dimer_Synthesis,dimer
"[0.7816426453369167, 1.2921686219500184]",-9.10320147423699e-13,0.6588485977956897,0.929828750691074,0.9438399749463201,0.950489920361761,0.9554017856202538,0.004163565669540569,0.004163565669540569,"[""species"", ""species""]","[""6e962588883f5fce69196287eb767b4baae0831b004a7109025ce97795d79933"", ""b7761971f8b740723a58028ed0626fa6064658dd34f7b1cae7d29bde08cdd544""]","[""decamer_chain"", ""nonamer_chain""]","[1.0, 1.0]","[1.0, 1.0]",1,"[1, 1]",1.0000000000009104,False,0.00416356566954057,0.00416356566954057,"[0.24989669480362156, 0.41311546866160875]",0.1501807775468782,2,"[null, null]",0.0002426695430237875,locked,287,ok,True,0.6630121634652303,Dimer_Synthesis,dimer
"[0.763628688334938, 1.270442390845401]",-9.10320147423699e-13,0.6459695116162393,0.9098609684496405,0.999304779115289,0.9534946987530487,0.9558227422474493,0.004337431991863099,0.004337431991863099,"[""species"", ""species""]","[""57350f93c7369e69b617cf4509ac58f2239e6d9daa0dfcf3147f7167c95f460d"", ""1c7820883ccbfd1ed129aaf8f0848255acce22a7466252090b85b0529035de94""]","[""grid_3x3"", ""hexamer_chain""]","[1.0, 1.0]","[1.0, 1.0]",1,"[1, 1]",1.0000000000009104,False,0.004337431991863094,0.004337431991863094,"[0.24413750504857862, 0.4061694385595238]",0.1496374598591791,2,"[null, null]",0.00028945424731503794,locked,288,ok,True,0.6503069436081024,Dimer_Synthesis,dimer
"[1.1358173777226375, 1.4549842465451517]",-9.10320147423699e-13,0.8229653342662394,0.9192158117949566,0.936552007354001,0.9819720544695647,0.9839430228463838,0.0053323112867451625,0.0053323112867451625,"[""species"", ""species""]","[""92a4ddf6528384018735bd9cc20efda44a0e67813e5b873ffa3182a0524276e4"", ""4e86a2f80be081fe1b7f2db5cdb445ee0b71e26cf7f3c76a3fe61e10a3af2a9e""]","[""cube"", ""star_4""]","[1.0, 1.0]","[1.0, 1.0]",1,"[1, 1]",1.0000000000009104,False,0.005332311286745162,0.005332311286745162,"[0.3631288675032047, 0.46516877804977985]",0.8170837988032598,2,"[null, null]",0.0005308253084016036,locked,289,ok,True,0.8282976455529846,Dimer_Synthesis,dimer
"[1.2098553915060748, 0.7823140907372168]",-9.10320147423699e-13,0.6325903701644308,0.9191869290609009,0.9991446149487826,0.9698678625662298,0.9703928312776056,0.0043203358611530775,0.0043203358611530775,"[""species"", ""species""]","[""2ee81f31599170a59d687e51c2553363a681dffc0c2ad14db07445fb035df4a1"", ""dc03996e333fa3ef598a64537b72f1fe2b2d64fce08eb2b87a3ec52b98fb4a67""]","[""ladder_5"", ""petersen""]","[1.0, 1.0]","[1.0, 1.0]",1,"[1, 1]",1.0000000000009104,False,0.004320335861153102,0.004320335861153102,"[0.38679934536758864, 0.25011136065799516]",0.08675883640682824,2,"[null, null]",0.0002571510995316119,locked,290,ok,True,0.6369107060255839,Dimer_Synthesis,dimer
"[2.052237184549023, 1.377867559614332]",-9.10320147423699e-13,1.0901537108951223,0.9116525048721585,0.9279026069063682,0.9090459907458315,0.9105542760373144,0.006475091934809935,0.006475091934809935,"[""species"", ""species""]","[""fed1c4081e497226408dae658936759d9544812fd08bc204a9f5b3072bde4b77"", ""da47a6b3cc01fee08da38eabd8d562a13ed4639286c81f78982bca7ec61b0cf3""]","[""hexagon_with_center"", ""octahedron""]","[1.0, 1.0]","[1.0, 1.0]",1,"[1, 1]",1.0000000000009104,False,0.0064750919348099956,0.0064750919348099956,"[0.6561147762745656, 0.4405140265553666]",0.5864706756501661,2,"[null, null]",0.0006048085507130502,locked,291,ok,True,1.0966288028299322,Dimer_Synthesis,dimer
"[1.655992187476958, 0.4641742506453123]",-9.10320147423699e-13,0.6755601719937818,0.5100848196562727,0.8995092297214242,0.5323478174861316,0.6147711655905573,0.002272068200775884,0.002272068200775884,"[""species"", ""species""]","[""89d8f85ff7656a4780a7de27a797fc39f2a22af289aa1d3b42bba782943a2cab"", ""8a481b49b4e14abaf48e8f6bb3343a4e5594c847744834213bae7cda93073847""]","[""bipartite_4_8"", ""bowtie""]","[1.0, 1.0]","[1.0, 1.0]",1,"[1, 1]",1.0000000000009104,False,0.0022720682007758564,0.0022720682007758564,"[0.5294324417173226, 0.14839979847723503]",0.5684520291818554,2,"[null, null]",2.5306865550624287,no_lock,292,fail,False,0.6778322401945577,Dimer_Synthesis,dimer
"[1.333746960748507, 1.4225684328813764]",-9.10320147423699e-13,0.8753121806720346,0.9259831290182982,0.9575015863810272,0.9991613311482777,0.9986347412506028,0.0059013902783520015,0.0059013902783520015,"[""species"", ""species""]","[""7b7bdc21881f4c3de7658fe14d17b52693f8ff29f1ed425ca3056926c8cccf28"", ""999b4ba35ae2432deb069b3c19ede5950f2b1d6d0e60f23eb1a3576a88a1d0c4""]","[""bipartite_4_8"", ""ladder_5""]","[1.0, 1.0]","[1.0, 1.0]",1,"[1, 1]",1.0000000000009104,False,0.0059013902783520145,0.0059013902783520145,"[0.426408358325643, 0.45480521262474366]",0.6749518262509829,2,"[null, null]",0.000361810068747194,locked,293,ok,True,0.8812135709503867,Dimer_Synthesis,dimer
"[1.3432693803833797, 1.209727012967353]",-9.10320147423699e-13,0.8105189834689802,0.9301459875267176,0.9994259784338337,0.9968239453115307,0.9970127952272281,0.0056920617573449255,0.0056920617573449255,"[""species"", ""species""]","[""b34c6a3edbbee297c6b5c4ce83f4c848882b53ae90fd95fba1638d29070b5246"", ""471a79e9687857e0d42dfb9877e15f03bed02047b81ea211f00f50a5a0a35c1c""]","[""nonamer_chain"", ""tetrahedron_k4""]","[1.0, 1.0]","[1.0, 1.0]",1,"[1, 1]",1.0000000000009104,False,0.005692061757344935,0.005692061757344935,"[0.42945274338764544, 0.38675830183867976]",-0.4844950300247266,2,"[null, null]",0.00023621615967178667,locked,294,ok,True,0.8162110452263251,Dimer_Synthesis,dimer
"[0.9861950460936187, 0.13577224154286283]",-9.10320147423699e-13,0.3570080452483945,0.8884174285722783,0.8162297030399825,0.8259916392815867,0.8207914170583089,0.001692850270539867,0.001692850270539867,"[""species"", ""species""]","[""9236f7666f471e53f4ae63cff3dfa7949ea541f7e11a9b9e30771a0b88415801"", ""6b93a454bb28624c212292b5a590623f53471d596b60acc8f4f221714e10702b""]","[""wheel_5"", ""ladder_5""]","[1.0, 1.0]","[1.0, 1.0]",1,"[1, 1]",1.0000000000009104,False,0.0016928502705398918,0.0016928502705398918,"[0.3152935474039711, 0.04340734811496335]",0.7548567792668074,2,"[null, null]",0.00031976202685611246,no_lock,295,fail,False,0.3587008955189344,Dimer_Synthesis,dimer
"[1.0968659868458945, 1.3849671836583994]",-9.10320147423699e-13,0.7879757717464794,0.9245986029166493,0.9995158718578703,0.9878156085528931,0.9867745206356437,0.005483886657504132,0.005483886657504132,"[""species"", ""species""]","[""42298f4972e99a18c40b9ca251e28c1bc91db4db302b4824db4a86b97b3be01a"", ""02f10d62b21baad96107668d2c70a17fe86d2fb9e8a43be1a06ff10829daad97""]","[""bipartite_3_3"", ""square_ring""]","[1.0, 1.0]","[1.0, 1.0]",1,"[1, 1]",1.0000000000009104,False,0.0054838866575041,0.0054838866575041,"[0.3506758317122694, 0.4427838266917141]",0.22042044016082651,2,"[null, null]",0.00021447087231659152,locked,296,ok,True,0.7934596584039835,Dimer_Synthesis,dimer
"[1.5186143075367158, 1.1646226302801175]",-9.10320147423699e-13,0.8519624160731122,0.9147718524546964,0.9994127561419907,0.9810097986097106,0.9798551747816274,0.005887454498360166,0.005887454498360166,"[""species"", ""species""]","[""8ec1e8499cca1b25cf5b50e68795f17cce1ffb1c23a69f65284a042baf1c730c"", ""8d46fee2893091c3c0eae62f03f5f1f2d491b1cd2e235bbabd984af5dbebfc26""]","[""pentamer_chain"", ""pentagon_ring""]","[1.0, 1.0]","[1.0, 1.0]",1,"[1, 1]",1.0000000000009104,False,0.005887454498360145,0.005887454498360145,"[0.4855117596242957, 0.37233811094717656]",0.8261855174956134,2,"[null, null]",0.00026158532727584385,locked,297,ok,True,0.8578498705714723,Dimer_Synthesis,dimer
"[0.664767900029776, 1.5125861579016042]",-9.10320147423699e-13,0.6921800765973856,0.881473567719454,0.9992253734219272,0.8082611427893102,0.8195557676402279,0.003935451054988294,0.003935451054988294,"[""species"", ""species""]","[""5dd08d2327d9b9cc87c9d1acadcd080f6e3c2447e88c834bc80563aed7ce6cf2"", ""36f4d7b60ee4dc6e812f4a010dfa61664b07c86485e41401771f50fd764293ad""]","[""bipartite_1_n"", ""cube""]","[1.0, 1.0]","[1.0, 1.0]",1,"[1, 1]",1.0000000000009104,False,0.00393545105498827,0.00393545105498827,"[0.21253101020016646, 0.4835845174522073]",0.8422007736951493,2,"[null, null]",0.0004064259974093735,no_lock,298,fail,False,0.6961155276523738,Dimer_Synthesis,dimer
"[1.224773225562869, 1.651275066560623]",-9.10320147423699e-13,0.9135206813824925,0.9197496601892454,0.9576771072381574,0.9689009333698255,0.9683895623274033,0.005972346006601197,0.005972346006601197,"[""species"", ""species""]","[""3fdb14ef915f089a5f9f5f89534cba4c6ec9597a9d30b1754213ca20470170f5"", ""60673249792fa69857d518a0512ffff1fa987185bb9225aec742824446fb694e""]","[""bilayer_hex_6_6"", ""icosahedron""]","[1.0, 1.0]","[1.0, 1.0]",1,"[1, 1]",1.0000000000009104,False,0.005972346006601237,0.005972346006601237,"[0.39156868266854267, 0.527924344720551]",0.6873926451934385,2,"[null, null]",0.0002484542571414987,locked,299,ok,True,0.9194930273890938,Dimer_Synthesis,dimer
"[0.9921942926569114, 1.3102929661714295]",-9.10320147423699e-13,0.7314716893293722,0.9225635991351556,0.9158794365827934,0.9852565508390698,0.9840506090566153,0.004649809722974713,0.004649809722974713,"[""species"", ""species""]","[""a6117bebf36704bc0d4a192753543b2b569d2c7312ca9600a9af47d4a3f0805a"", ""4d54a89a4622739347c8c343f530b3a49f82a8ce35771456c1606a5626069fe0""]","[""grid_3x4"", ""icosahedron""]","[1.0, 1.0]","[1.0, 1.0]",1,"[1, 1]",1.0000000000009104,False,0.004649809722974685,0.004649809722974685,"[0.3172115490591042, 0.4189099499932427]",0.05657026285600297,2,"[null, null]",0.00019917005691615403,locked,300,ok,True,0.7361214990523469,Dimer_Synthesis,dimer
"[0.7485832802475041, 0.5880066345269277]",-9.10320147423699e-13,0.42463710430383755,0.9266784934407556,0.8994287709181459,0.9961999724972759,0.9958562099263746,0.0026801665776844765,0.0026801665776844765,"[""species"", ""species""]","[""8400e9a2d7281a97e2ed75d7b7912d607efa7e3b91f06ab04b38fb5951cbd80e"", ""e8b7daf9ed039f90bc634e2e055ce4edf5288e33350a02473f35536304f14b7f""]","[""pentagon_ring"", ""hexagon_ring""]","[1.0, 1.0]","[1.0, 1.0]",1,"[1, 1]",1.0000000000009104,False,0.002680166577684495,0.002680166577684495,"[0.23932738142565269, 0.18798988945586936]",0.12302725689467453,2,"[null, null]",0.0001931097399282509,locked,301,ok,True,0.42731727088152205,Dimer_Synthesis,dimer
"[1.4855349703920082, 1.5474055508808138]",-9.10320147423699e-13,0.9637786616581885,0.9318188677299549,0.8659420460435401,0.9993676031307678,0.9993675854739648,0.005873923603915574,0.005873923603915574,"[""species"", ""species""]","[""a4d1ecdc23ae47375a9d08606543d01a34b0071669a394bf6dc37dd7998fef4c"", ""cee0115f1ba04d9be366dced758736004d7ac8ba77d7eac5d5b94d247c1e0228""]","[""bilayer_hex_3_3"", ""petersen""]","[1.0, 1.0]","[1.0, 1.0]",1,"[1, 1]",1.0000000000009104,False,0.005873923603915587,0.005873923603915587,"[0.47493606103866653, 0.4947165242234376]",0.08848054971030617,2,"[null, null]",0.0002205690831513517,locked,302,ok,True,0.9696525852621041,Dimer_Synthesis,dimer
"[1.489316958149906, 1.4251431960067382]",-9.10320147423699e-13,0.9255321477855123,0.9321330271053917,0.9575049961945725,0.9993882137495254,0.9993776434415208,0.006241424198483793,0.006241424198483793,"[""species"", ""species""]","[""7634e2a61da2a6426b7db105753745be8f9f1472d28f9bb1b62110a754b40fe5"", ""70d9dd0a722ed9987b4df982dade2e4bdd62e5f948903a25e8078df88d9b0a3c""]","[""trilayer_4_4_4"", ""bowtie""]","[1.0, 1.0]","[1.0, 1.0]",1,"[1, 1]",1.0000000000009104,False,0.006241424198483836,0.006241424198483836,"[0.47614518933549715, 0.455628382648499]",-0.12451163987978386,2,"[null, null]",0.0004284147965196815,locked,303,ok,True,0.9317735719839961,Dimer_Synthesis,dimer
"[1.9650877346813838, 1.6504786508271299]",-9.10320147423699e-13,1.147960252923826,0.9352285963478059,0.9990984949917218,0.9848828399305217,0.9837197908629974,0.007961951387588848,0.007961951387588848,"[""species"", ""species""]","[""ee5726a8121838b14da8dcec0b4a782f257fa757067ef27875f62b1dba8b7089"", ""4df77903eb9f60fb42a1e431994cf9a171257baf0cdace5bb38b508f5b31103b""]","[""star_5"", ""dimer""]","[1.0, 1.0]","[1.0, 1.0]",1,"[1, 1]",1.0000000000009104,False,0.007961951387588817,0.007961951387588817,"[0.6282524793466777, 0.527669724964737]",0.23392257804322436,2,"[null, null]",0.0006470176992106218,locked,304,ok,True,1.1559222043114148,Dimer_Synthesis,dimer
"[0.002024221298720107, 1.0847494853233486]",-9.10320147423699e-13,0.345518906686819,0.4732579199786293,0.9161895058745574,0.8662867146338851,0.5810100529270553,0.0019303514933998688,0.0019303514933998688,"[""species"", ""species""]","[""7af7c6cb6b0c04b968f6c50b75285271a40445db0c8da33b9e05702092a5b539"", ""4da56d0db52d8ada3c97591821a9ead2fe4ba7e671138168b4162d7523953c29""]","[""dimer"", ""complete_k6""]","[1.0, 1.0]","[1.0, 1.0]",1,"[1, 1]",1.0000000000009104,False,0.0019303514933998733,0.0019303514933998733,"[0.0006471578989695613, 0.3468021002812493]",-0.13189027461346114,2,"[null, null]",2.9947606045131847,no_lock,305,fail,False,0.3474492581802189,Dimer_Synthesis,dimer
"[0.000613432462510445, 1.4225991153363173]",-9.10320147423699e-13,0.4534433589864964,0.6196174440301925,0.8746826620969312,0.5627493661712388,0.5954145827715859,0.0015677817435074434,0.0015677817435074434,"[""species"", ""species""]","[""0515a73d71b5cdc0befa1e2c22696ce9aa0c679020989181c31c2e73e464a2ec"", ""34e1d483c1c7a4f2fd8cc73ba9d7489d59069da7266e2f6e29288462a746d6cf""]","[""square_ring"", ""bipartite_3_6""]","[1.0, 1.0]","[1.0, 1.0]",1,"[1, 1]",1.0000000000009104,False,0.0015677817435074681,0.0015677817435074681,"[0.0001961187069066978, 0.45481502202309715]",-0.19243282061999434,2,"[null, null]",3.1331944137188543,no_lock,306,fail,False,0.45501114073000387,Dimer_Synthesis,dimer
"[1.7295009522171927, 1.4192746031515124]",-9.10320147423699e-13,1.0009025484850083,0.9123148107510197,0.8327335250611442,0.9855508512965709,0.9839739991632058,0.005783318335766295,0.005783318335766295,"[""species"", ""species""]","[""6b79c54b35dba8c7ef145a0a68072d6b5099c065d685d899b4a9b4600ffa8534"", ""cee855ea247c68345ba6dc754d24682f14b2a1599460bb43d5a062014e92009e""]","[""octahedron"", ""grid_3x4""]","[1.0, 1.0]","[1.0, 1.0]",1,"[1, 1]",1.0000000000009104,False,0.005783318335766285,0.005783318335766285,"[0.5529337149107314, 0.45375215191004314]",-0.0730955548498724,2,"[null, null]",0.00018833519387249995,locked,307,ok,True,1.0066858668207745,Dimer_Synthesis,dimer
"[0.5092302174944825, 0.1017520317433369]",-9.10320147423699e-13,0.19433973385365655,0.9095865914228846,0.7493582055453809,0.9716868743840814,0.9726756417224373,0.0009956225001435436,0.0009956225001435436,"[""species"", ""species""]","[""a4056c4a1751f59a54f20bb319efe75ee9bff2ef995f6164e68434b7d92ad7c9"", ""dfaa3ce7084738c8fc46ca6ce0722d008f508eb4d8c1f539aec32fd90d13b3b6""]","[""dimer"", ""singlet""]","[1.0, 1.0]","[1.0, 1.0]",1,"[1, 1]",1.0000000000009104,False,0.0009956225001435393,0.0009956225001435393,"[0.16280451048208733, 0.03253084587171275]",0.16094331309565613,2,"[null, null]",0.00029466618119702615,locked,308,ok,True,0.1953353563538001,Dimer_Synthesis,dimer
"[0.9135825982497385, 0.810975424922207]",-9.10320147423699e-13,0.547504602711278,0.9232858193579434,0.9991159255030968,0.9981226513692618,0.998267110444346,0.0038488227431077134,0.0038488227431077134,"[""species"", ""species""]","[""af9783f09d5bb830a0f25f8ecb9fb106af818bb05a4860d60cadf4f643757c21"", ""9167bf5519e2c040e71006d26a4986d1abef8de814eaf05690d3a30e2fea31a4""]","[""tetramer_chain"", ""decamer_chain""]","[1.0, 1.0]","[1.0, 1.0]",1,"[1, 1]",1.0000000000009104,False,0.003848822743107716,0.003848822743107716,"[0.2920788330763456, 0.2592745923780401]",0.27157526799924525,2,"[null, null]",0.00030826038065845087,locked,309,ok,True,0.5513534254543857,Dimer_Synthesis,dimer
"[1.154920443807169, 1.1549569467650438]",-9.10320147423699e-13,0.733534201882367,0.916532357267343,0.957555531916576,0.999999478359175,0.9999540525334847,0.004949974677373236,0.004949974677373236,"[""species"", ""species""]","[""31af06124a9c49afe076432cf1cc2266829ed5844556b1261b3dfeb34e708df7"", ""36da19d6ebf24ddaec6966c172638f937409a4b4d65a82b9ce1ad7aa39d6004d""]","[""trilayer_4_4_4"", ""ladder_4""]","[1.0, 1.0]","[1.0, 1.0]",1,"[1, 1]",1.0000000000009104,False,0.004949974677373237,0.004949974677373237,"[0.3692362531526685, 0.3692479234070717]",-0.3722189712048354,2,"[null, null]",0.00036164691469090036,locked,310,ok,True,0.7384841765597402,Dimer_Synthesis,dimer
"[1.450893275449189, 0.7562233731475534]",-9.10320147423699e-13,0.7011686111525423,0.9279443633231236,0.9991986377849937,0.9041163100356052,0.9078173241307883,0.004462227723493311,0.004462227723493311,"[""species"", ""species""]","[""a30cce5d21c807a2690bf01ae6946ec8a77824805a2703140498f59205f88bb2"", ""f80184546375a601f829dfa9c17ae229e205010ad91cb5496b39a4c914e18e95""]","[""bipartite_1_n"", ""star_5""]","[1.0, 1.0]","[1.0, 1.0]",1,"[1, 1]",1.0000000000009104,False,0.004462227723493362,0.004462227723493362,"[0.4638608655893772, 0.2417699732866584]",0.775649899505684,2,"[null, null]",0.00029037110261087947,locked,311,ok,True,0.7056308388760356,Dimer_Synthesis,dimer
"[1.826549090429873, 1.034719553858584]",-9.10320147423699e-13,0.9095949888786651,0.8763821656794193,0.9365215646514442,0.8625925584010787,0.8652807736004942,0.00517288032417751,0.00517288032417751,"[""species"", ""species""]","[""7340e33db636332742976ff7966752fb7f91519de26bfd99190b636b532522d5"", ""a4a00466c1fd0aec7b260d3d4cb6034b9a818f3f499ca23d0f956d8121fa3edf""]","[""hexamer_chain"", ""prism_square""]","[1.0, 1.0]","[1.0, 1.0]",1,"[1, 1]",1.0000000000009104,False,0.005172880324177509,0.005172880324177509,"[0.5839606926746433, 0.33080717652819924]",0.8048101792809039,2,"[null, null]",0.0003788530778495457,no_lock,312,fail,False,0.9147678692028426,Dimer_Synthesis,dimer
"[0.9791209595137333, 1.1095006178222035]",-9.10320147423699e-13,0.6634763176444487,0.9269219607997309,0.9159872186217115,0.9974943832185166,0.9971800379885096,0.004270806934203374,0.004270806934203374,"[""species"", ""species""]","[""dc95192b2922bebc7170f95a6b6ac98c9369249d325eaedb38f89c147690df83"", ""e2688b34658e4d0e85404292cd6fa76ec6e5430050b3a1949114086bf5b13e04""]","[""bipartite_2_4"", ""octahedron""]","[1.0, 1.0]","[1.0, 1.0]",1,"[1, 1]",1.0000000000009104,False,0.004270806934203342,0.004270806934203342,"[0.31303191177595846, 0.3547152128026936]",-0.33158491839203075,2,"[null, null]",0.0003719784310423621,locked,313,ok,True,0.667747124578652,Dimer_Synthesis,dimer
"[1.0841139496972696, 1.199224936385634]",-9.10320147423699e-13,0.7249060115455263,0.925249080596494,0.9993473860532567,0.9974453868007437,0.9979498292983848,0.005093616996684926,0.005093616996684926,"[""species"", ""species""]","[""6b924526887e8bc99e7eaf1b7416bbe2d5181546db4913bb6215985103e2c609"", ""23d754e56d0db18e46fff4e8bd61b6236c7782c890a696b35447d0279d3cb4ee""]","[""ladder_4"", ""star_5""]","[1.0, 1.0]","[1.0, 1.0]",1,"[1, 1]",1.0000000000009104,False,0.00509361699668498,0.00509361699668498,"[0.3465989150362597, 0.38340071350595145]",0.21233935972947604,2,"[null, null]",0.0003866535159212622,locked,314,ok,True,0.7299996285422112,Dimer_Synthesis,dimer
"[1.7390358076934125, 1.0793807574157532]",-9.10320147423699e-13,0.8955431727059,0.9012489242649382,0.9576935813425422,0.9145710232464317,0.9169636205909895,0.005524583003579888,0.005524583003579888,"[""species"", ""species""]","[""cccb6e23dfa1d95c37151cef332eb401b3c7045b648c643f9f9842ca9916d048"", ""685cbf29314ab76b6d36b0f396efe13a00cd8e7a4a442c0b13973558202aff7f""]","[""prism_triangular"", ""icosahedron""]","[1.0, 1.0]","[1.0, 1.0]",1,"[1, 1]",1.0000000000009104,False,0.0055245830035799415,0.0055245830035799415,"[0.5559820757993706, 0.34508567991010936]",0.7145108165882694,2,"[null, null]",0.0002533008411727705,locked,315,ok,True,0.90106775570948,Dimer_Synthesis,dimer
"[1.695062578735872, 0.8668163197937605]",-9.10320147423699e-13,0.8143056858325167,0.9083098219258913,0.9992007232445174,0.8283028416565102,0.8286267706442546,0.004745159267862574,0.004745159267862574,"[""species"", ""species""]","[""e21e77bd20d8ae83eb605a63b4f563bbfa2626da7ea146e4ea892efdb8343f10"", ""acdf621c0fa2324c8655369f73b1700b5845c0b362caa03a1362b30b4cefd04d""]","[""octamer_chain"", ""moebius_kantor""]","[1.0, 1.0]","[1.0, 1.0]",1,"[1, 1]",1.0000000000009104,False,0.004745159267862564,0.004745159267862564,"[0.5419235227740354, 0.27712732232634385]",0.6964364527491527,2,"[null, null]",0.00028769539875568134,no_lock,316,fail,False,0.8190508451003793,Dimer_Synthesis,dimer
"[1.4000182884249115, 0.335464897223238]",-9.10320147423699e-13,0.551886974915962,0.4753616116994539,0.9995593729146974,0.7622721245701712,0.5882712292799559,0.002959302430888149,0.002959302430888149,"[""species"", ""species""]","[""6651f4aec9443f33d7734b0dc427caaea97fd0d68d6c0ed21b84a61908947fc9"", ""d321e5e57856ff54fdf093450da45a2554f235a09d9a0971127991f16f1e05bc""]","[""pentagon_ring"", ""bowtie""]","[1.0, 1.0]","[1.0, 1.0]",1,"[1, 1]",1.0000000000009104,False,0.0029593024308881555,0.0029593024308881555,"[0.4475957715833253, 0.10725050576352484]",-0.0473773461910767,2,"[null, null]",2.6858700440925465,no_lock,317,fail,False,0.5548462773468501,Dimer_Synthesis,dimer
"[1.321453217981296, 0.5587694825538634]",-9.10320147423699e-13,0.5976577416975222,0.8920246872800106,0.9369353905777329,0.8783270103866214,0.8788581978902519,0.003462784621699119,0.003462784621699119,"[""species"", ""species""]","[""666a326c8f5672f76fd678009b124315bac530f30f196466eac0423b3ed52a27"", ""b9626974763c3277e4e0be373db8da5a818b3c6d08353823368db501132780a5""]","[""cube"", ""moebius_kantor""]","[1.0, 1.0]","[1.0, 1.0]",1,"[1, 1]",1.0000000000009104,False,0.003462784621699133,0.003462784621699133,"[0.4224779616122347, 0.1786425647069866]",0.5254350329854598,2,"[null, null]",0.00016356291916937954,no_lock,318,fail,False,0.6011205263192213,Dimer_Synthesis,dimer
"[1.8980669110081578, 0.8816998355626746]",-9.10320147423699e-13,0.8840812990066438,0.4370698835901651,0.9159268721189149,0.8125425626485501,0.5918912249613532,0.0046298357263462155,0.0046298357263462155,"[""species"", ""species""]","[""903bb6a0763d64f0a5f71c465359b35f8cb7803d9777bc78fe10022ba41a6ae5"", ""a6bab19c6d20ec4bbbff7cb1e85b556060bf3496130d66b2698e3ad1b4f2ac8a""]","[""bilayer_square_4_4"", ""star_6""]","[1.0, 1.0]","[1.0, 1.0]",1,"[1, 1]",1.0000000000009104,False,0.004629835726346232,0.004629835726346232,"[0.6068254469056108, 0.2818856878273792]",0.6441289437837312,2,"[null, null]",3.0786162795428047,no_lock,319,fail,False,0.88871113473299,Dimer_Synthesis,dimer
"[1.3537183622373237, 1.012034008758591]",-9.10320147423699e-13,0.7516811153843729,0.9448717937947099,0.8993271588948828,0.9801025410731626,0.9808268598068095,0.0046666885163264265,0.0046666885163264265,"[""species"", ""species""]","[""f17de358867edd95d286164c731aae996ba9a8f18160f0eb6a7960039607e2bd"", ""7ddccd21622060344b1154014d48625fd371899a43402df4a738ac5eafdcaed1""]","[""ladder_5"", ""pentamer_chain""]","[1.0, 1.0]","[1.0, 1.0]",1,"[1, 1]",1.0000000000009104,False,0.004666688516326456,0.004666688516326456,"[0.4327933569595138, 0.3235544469411855]",-0.01899291274768511,2,"[null, null]",0.0002966770903567472,locked,320,ok,True,0.7563478039006993,Dimer_Synthesis,dimer
"[0.9581729821129623, 1.2729519586159215]",-9.10320147423699e-13,0.7085991896488173,0.9303126079488182,0.9576725461147457,0.9844142982421796,0.9840974182591923,0.0047072704174053745,0.0047072704174053745,"[""species"", ""species""]","[""141f38d82033ac77276bf421e5c2981fdc7e103fcbaf6c4cdaa05c226d863217"", ""a3f8da2b2683872d96275049e625c548178c4b18f56f22a3f1746d81a561da68""]","[""cuboctahedron"", ""bilayer_hex_3_3""]","[1.0, 1.0]","[1.0, 1.0]",1,"[1, 1]",1.0000000000009104,False,0.004707270417405374,0.004707270417405374,"[0.3063346949000583, 0.4069717651661644]",0.4659901052949077,2,"[null, null]",0.00028598706713667027,locked,321,ok,True,0.7133064600662227,Dimer_Synthesis,dimer
"[1.357813712353564, 1.193093800361581]",-9.10320147423699e-13,0.8102220457546102,0.925034495971574,0.9365872910695348,0.9952079019608172,0.9958959278554984,0.0053211695243767475,0.0053211695243767475,"[""species"", ""species""]","[""07f4fb1a53d6dcfb3ae62517ceabff3c9b08c1eda583109fe13cdfd2a771be9c"", ""4e307c505e60b6a7ffbcc67382243d3373c5132ce7638fb225e71122a3efaeb0""]","[""prism_triangular"", ""moebius_kantor""]","[1.0, 1.0]","[1.0, 1.0]",1,"[1, 1]",1.0000000000009104,False,0.005321169524376779,0.005321169524376779,"[0.43410266942374226, 0.38144054585524473]",0.26484590899939153,2,"[null, null]",0.0003618172471975572,locked,322,ok,True,0.815543215278987,Dimer_Synthesis,dimer
"[1.8786367343445087, 0.6373067713455935]",-9.10320147423699e-13,0.8034785762122104,0.5510263718036883,0.9574863540230772,0.16441637221025668,0.583144183045399,0.0008863981599198165,0.0008863981599198165,"[""species"", ""species""]","[""443b700e85b46b18fce29002ca32c21209fe41e5f9346524bff3b6ca4ba66658"", ""7fb106809789e4d239c28971c4bb54ac921d2f9aec8950f920f8e0c9d8419dfa""]","[""icosahedron"", ""ladder_5""]","[1.0, 1.0]","[1.0, 1.0]",1,"[1, 1]",1.0000000000009104,False,0.0008863981599198656,0.0008863981599198656,"[0.6006134816851059, 0.20375149268702442]",0.6178058659183405,2,"[null, null]",2.2869684405730784,no_lock,323,fail,False,0.8043649743721303,Dimer_Synthesis,dimer
"[0.9925935031082594, 1.2384669270470796]",-9.10320147423699e-13,0.7087554654599926,0.9261977136432182,0.916070783869515,0.9904738448413163,0.990696255465019,0.004530370118550434,0.004530370118550434,"[""species"", ""species""]","[""01b0289bd7644ae48a003f2e021d7ffc7d73b2dbf8e966e0adc23c5484318854"", ""9289b74dbaba34a1c03ea10e896ca661d5d69413ae076b124878b7a8a92023dc""]","[""star_6"", ""bilayer_hex_3_3""]","[1.0, 1.0]","[1.0, 1.0]",1,"[1, 1]",1.0000000000009104,False,0.0045303701185503975,0.0045303701185503975,"[0.3173391794704157, 0.3959466561081273]",0.2287712162638159,2,"[null, null]",0.00037254313425132444,locked,324,ok,True,0.713285835578543,Dimer_Synthesis,dimer
"[1.2905982943880452, 0.9241720579189246]",-9.10320147423699e-13,0.7035033126417531,0.9107445827585059,0.9440623634598226,0.9775996808380857,0.9777451306785382,0.004574469567789583,0.004574469567789583,"[""species"", ""species""]","[""5031df03f2a882cdd6d217f200aa877ac572ab0206463bd958d02f14a2b0729f"", ""05c1c9d60b47e9bc5107e3315fd269e16335e06ab339875a7ee76b3794539835""]","[""bilayer_hex_3_3"", ""nonamer_chain""]","[1.0, 1.0]","[1.0, 1.0]",1,"[1, 1]",1.0000000000009104,False,0.0045744695677896186,0.0045744695677896186,"[0.4126134238079442, 0.29546435840159857]",0.6255508266551754,2,"[null, null]",0.0005960395507191218,locked,325,ok,True,0.7080777822095428,Dimer_Synthesis,dimer
"[0.8448319057209605, 0.7411657998627256]",-9.10320147423699e-13,0.5035122210378118,0.9232238780802916,0.9990482418594206,0.9990084084613579,0.9982695167947601,0.0035424886251381057,0.0035424886251381057,"[""species"", ""species""]","[""8e61de734c8c554c306acd9254da5cc4d69b65a609445592263ae69c8d6a8e60"", ""de45b8127f7cc5b793691443dc1678433a47a9925ce7cc5e132faa331dfba047""]","[""complete_k5"", ""bipartite_1_n""]","[1.0, 1.0]","[1.0, 1.0]",1,"[1, 1]",1.0000000000009104,False,0.0035424886251380627,0.0035424886251380627,"[0.2700987492990637, 0.2369559603638862]",-0.10438860643145165,2,"[null, null]",0.0003790722608651183,locked,326,ok,True,0.5070547096629499,Dimer_Synthesis,dimer
"[1.369625768724429, 1.2076436520218339]",-9.10320147423699e-13,0.819286147392363,0.9240858629248495,0.8162465097513115,0.995159429622372,0.9958428837914198,0.004685156764571243,0.004685156764571243,"[""species"", ""species""]","[""61ea89d528e5bae5898a24a701916206a56cb94e2a9f8014658c6b455b18e46a"", ""c8cc529d9fd63d207f04b318684a37ff4434932f96d8123fdacbc05ed8f53284""]","[""cuboctahedron"", ""complete_k5""]","[1.0, 1.0]","[1.0, 1.0]",1,"[1, 1]",1.0000000000009104,False,0.004685156764571263,0.004685156764571263,"[0.43787906758154865, 0.3860922365753857]",-0.027408248841176652,2,"[null, null]",0.00037527666065384794,locked,327,ok,True,0.8239713041569343,Dimer_Synthesis,dimer
"[0.9260970943864407, 0.9560749544118979]",-9.10320147423699e-13,0.598061550222152,0.9253517328072176,0.8744783249427659,0.9996507408138007,0.9996875077569758,0.0036821965557991103,0.0036821965557991103,"[""species"", ""species""]","[""d69580d275c93e7d36218a7b195ff592956acc20f91173c802eeef6bcc1a7048"", ""694b90cb1e6a1664a19bb9283c1291ec8900af2f7fe0c8828a6ff5e4ebc73d9e""]","[""octahedron"", ""diatomic_prism_12""]","[1.0, 1.0]","[1.0, 1.0]",1,"[1, 1]",1.0000000000009104,False,0.0036821965557991554,0.0036821965557991554,"[0.2960798062069078, 0.30566394057104335]",-0.2589399132581458,2,"[null, null]",0.000573332569330332,locked,328,ok,True,0.6017437467779512,Dimer_Synthesis,dimer
"[0.6897998145225807, 1.525443030349291]",-9.10320147423699e-13,0.7044296546942964,0.9078450461369112,0.9157935868492383,0.8367994651055785,0.8326225839817598,0.0037991867377601607,0.0037991867377601607,"[""species"", ""species""]","[""764112018dab90d2bfc6a8d2ac32ae4822c4869a4d3ab5418dc5ee04f44353af"", ""12d4483f4f44c647a5fba2976b98bd7decfc25936caaaa0829520be3add0930a""]","[""complete_k6"", ""heptamer_chain""]","[1.0, 1.0]","[1.0, 1.0]",1,"[1, 1]",1.0000000000009104,False,0.0037991867377601407,0.0037991867377601407,"[0.22053389071554882, 0.48769495071650776]",0.6591462135907367,2,"[null, null]",0.0006668175176605311,no_lock,329,fail,False,0.7082288414320566,Dimer_Synthesis,dimer
"[0.8770834912398907, 1.2168761590477413]",-9.10320147423699e-13,0.6650513536614081,0.9149791838098688,0.9577670899787176,0.9808668463744746,0.9799263302516932,0.004402390681668703,0.004402390681668703,"[""species"", ""species""]","[""ece61e378bec26113966c5840159f7fd33931d25319c39caa81954778e47339b"", ""86fb14463ea649ef949a3aa18dac8e7373f287c38cb4cea06638ac24601482c1""]","[""dodecamer_chain"", ""nonamer_chain""]","[1.0, 1.0]","[1.0, 1.0]",1,"[1, 1]",1.0000000000009104,False,0.0044023906816687,0.0044023906816687,"[0.28040980982197444, 0.3890439345211023]",0.6609785329255471,2,"[null, null]",0.00036250639178293787,locked,330,ok,True,0.6694537443430768,Dimer_Synthesis,dimer
"[0.9107300023900091, 1.2521829573133572]",-9.10320147423699e-13,0.6871023335919528,0.9422342765361914,0.9278971607579984,0.9788032830638633,0.9801724040647217,0.004396272583523289,0.004396272583523289,"[""species"", ""species""]","[""aa1a3fbbff3f0d269a4bc3c6fd5695f8eaa87a012a31685b8bc4b1ee531a2c38"", ""8aa114d49beddc0ee961431d6d19d0f3db9ff0c2861059f7ae4e38448a1398b2""]","[""bowtie"", ""bipartite_1_n""]","[1.0, 1.0]","[1.0, 1.0]",1,"[1, 1]",1.0000000000009104,False,0.004396272583523264,0.004396272583523264,"[0.2911668379578479, 0.40033176821762817]",0.743589784070771,2,"[null, null]",0.00030011459194233747,locked,331,ok,True,0.6914986061754761,Dimer_Synthesis,dimer
"[0.7523719848806987, 1.5558859751847323]",-9.10320147423699e-13,0.7335980017357239,0.8834538834930437,0.9994014561082419,0.846156890139529,0.8530991805097295,0.004368431410804119,0.004368431410804119,"[""species"", ""species""]","[""a53de849f0012d5632f101435b01ef7adb815781d1f3b046e2b0ded429afd162"", ""62fcc0c542721be8f74a014b27b33b27cf8833fc40a94b992e7c843a7563c253""]","[""truncated_tetrahedron"", ""trimer_triangle""]","[1.0, 1.0]","[1.0, 1.0]",1,"[1, 1]",1.0000000000009104,False,0.004368431410804119,0.004368431410804119,"[0.24053865715513184, 0.49742777599139615]",0.7527827834091898,2,"[null, null]",0.0005375634726059708,no_lock,332,fail,False,0.737966433146528,Dimer_Synthesis,dimer
"[1.2945844064339376, 0.8224616492840798]",-9.10320147423699e-13,0.6727023146129257,0.9237717035494131,0.9077529520170489,0.9608273778820322,0.9625014805966001,0.004132317206502807,0.004132317206502807,"[""species"", ""species""]","[""5e886ab84ae56616db480e4df1d1d0802353c093f577ce5419eca0c8f55763e9"", ""89532e60d93b790f3c16c3204c969975ee4be3b68d1488311290894242ac5acb""]","[""petersen"", ""bilayer_hex_6_6""]","[1.0, 1.0]","[1.0, 1.0]",1,"[1, 1]",1.0000000000009104,False,0.004132317206502756,0.004132317206502756,"[0.41388781208669023, 0.26294681973273826]",0.13659494533080396,2,"[null, null]",0.0003648991450359158,locked,333,ok,True,0.6768346318194285,Dimer_Synthesis,dimer
"[1.7378982812560917, 1.0816275811084182]",-9.10320147423699e-13,0.8956641404595959,0.8936407305995279,0.999104569874744,0.9133859924266615,0.9167528291024899,0.005758265446260914,0.005758265446260914,"[""species"", ""species""]","[""66392c88a8d97fb71ea3600027fa87a7518ef7daff2e44dca7d5c968b3f3d6eb"", ""cdb89c55f2ee3f8acfcd1c41e29f1e333e585f95b4f913ec2b645ff91d025cc8""]","[""prism_triangular"", ""octahedron""]","[1.0, 1.0]","[1.0, 1.0]",1,"[1, 1]",1.0000000000009104,False,0.005758265446260902,0.005758265446260902,"[0.5556184005333983, 0.3458040053724585]",0.6066994539964405,2,"[null, null]",0.0002596017234787344,locked,334,ok,True,0.9014224059058568,Dimer_Synthesis,dimer
"[1.5589456079345914, 1.0049994076528912]",-9.10320147423699e-13,0.8147526546877342,0.9383308893953045,0.9160776586159376,0.943366103458011,0.9456991201576074,0.004958742682808963,0.004958742682808963,"[""species"", ""species""]","[""7b24efdcc9771b9d04ff6d8e7f133d8dbcffe47b3a7aca605ebb30c3fbba8571"", ""704313b99309ce83280a0a3714179bdb56e547408d8ad9cbcf2b6700090c000c""]","[""hexagon_with_center"", ""hexagon_ring""]","[1.0, 1.0]","[1.0, 1.0]",1,"[1, 1]",1.0000000000009104,False,0.0049587426828089365,0.0049587426828089365,"[0.49840596227135936, 0.32130543509918374]",0.3678207055235909,2,"[null, null]",0.0002188257076468427,locked,335,ok,True,0.8197113973705431,Dimer_Synthesis,dimer
"[1.1519488854864912, 0.8922963068555693]",-9.10320147423699e-13,0.6499726948226952,0.9342159950897048,0.7911216613566237,0.9910669185450046,0.9894262303547482,0.003586984887819258,0.003586984887819258,"[""species"", ""species""]","[""56a2c0364db523d7c6f0f72689c5f3626590200527260ef96c751763af4a5171"", ""35d87bf73d3d4e83eff0fef806487cbf5fd728b26228abb2adf1ec34f1d851ee""]","[""moebius_kantor"", ""octahedron""]","[1.0, 1.0]","[1.0, 1.0]",1,"[1, 1]",1.0000000000009104,False,0.003586984887819278,0.003586984887819278,"[0.36828622489207696, 0.28527345481843747]",-0.08525492277389213,2,"[null, null]",0.0004962212674449438,locked,336,ok,True,0.6535596797105144,Dimer_Synthesis,dimer
"[1.1041044292245723, 0.0735662862830267]",-9.10320147423699e-13,0.37493679501665633,0.5363260631082003,0.9989968460337351,0.5973895803141707,0.6641204080172954,0.0015728812760345298,0.0015728812760345298,"[""species"", ""species""]","[""9858aed9be1d51448fbeeae7b18743620d00fa068439cee3fbbe5b2dac1706cd"", ""249822ccc38437cd2371427ceb7fa551a73008af71cd7041dbf67eec50a59349""]","[""decamer_chain"", ""double_triangle""]","[1.0, 1.0]","[1.0, 1.0]",1,"[1, 1]",1.0000000000009104,False,0.0015728812760345545,0.0015728812760345545,"[0.3529900130542794, 0.023519663238411467]",0.5865046324317003,2,"[null, null]",1.744335898712086,no_lock,337,fail,False,0.3765096762926909,Dimer_Synthesis,dimer
"[0.6346860297060412, 1.3402869890115372]",-9.10320147423699e-13,0.6276529849886376,0.9141213747748517,0.9438096320763836,0.901320463055571,0.9006421878791935,0.0037598897415023385,0.0037598897415023385,"[""species"", ""species""]","[""394feae8be8c6145c4949f55b430d92ce30a4ac0ebdd3f846a22a78551881eb2"", ""18ab31cf2a3cce6f1f716b3db3a722b76720743539a272bdb0fa0c13726cbea2""]","[""nonamer_chain"", ""bilayer_hex_6_6""]","[1.0, 1.0]","[1.0, 1.0]",1,"[1, 1]",1.0000000000009104,False,0.0037598897415023202,0.0037598897415023202,"[0.20291362300633925, 0.4284992517238007]",0.32301106710079075,2,"[null, null]",0.00038738524194019506,locked,338,ok,True,0.63141287473014,Dimer_Synthesis,dimer
"[1.660037299215515, 2.189656334681572]",-9.10320147423699e-13,1.2226341314449318,0.9216247673537225,0.9991070673652079,0.9456867658027676,0.9512901065140256,0.008140213911770992,0.008140213911770992,"[""species"", ""species""]","[""bf212cb53d14faee67144c5d51a284e7d82ba1a804d33d95ea3c8550ca802141"", ""7e7c0cccb8d49316b4f829fd1da65c6b2bab8a29939cb02683ab01f56638ff28""]","[""octamer_chain"", ""trimer_triangle""]","[1.0, 1.0]","[1.0, 1.0]",1,"[1, 1]",1.0000000000009104,False,0.008140213911771,0.008140213911771,"[0.5307256926160642, 0.7000486527406387]",0.5378068645001304,2,"[null, null]",0.00022470424309017383,locked,339,ok,True,1.2307743453567028,Dimer_Synthesis,dimer
"[1.9720808761675594, 1.1299686550211945]",-9.10320147423699e-13,0.9860696199571727,0.8650439715804438,0.9994356962551396,0.8182977112425202,0.8225756592435441,0.0056776056910096215,0.0056776056910096215,"[""species"", ""species""]","[""5684387c4d30fa4e41f3d6f39c37ba8b5c4dd8fc1e192f80a0ccc4088c61bd1f"", ""80296d15f06310fb37b8b233cbe9480071576af28483aad80874d31e1d5be846""]","[""hexagon_ring"", ""prism_square""]","[1.0, 1.0]","[1.0, 1.0]",1,"[1, 1]",1.0000000000009104,False,0.005677605691009613,0.005677605691009613,"[0.630488236254409, 0.3612589893937734]",0.7261260003302921,2,"[null, null]",0.0004277068263434795,no_lock,340,fail,False,0.9917472256481823,Dimer_Synthesis,dimer
"[1.7869221905772603, 0.7850141893231196]",-9.10320147423699e-13,0.8181301753431437,0.4951940897918268,0.8993406478218606,0.7990209268132378,0.6438783646319661,0.004136117849266769,0.004136117849266769,"[""species"", ""species""]","[""2de82ed4a5a13fa04cc9d5514da0a52186f0f921ef45bcfd101ba6200a6fa690"", ""2d0c2a79528c9afcfc1783b75f5c10b10006f7026be313b40807b670aee0900a""]","[""pentagon_ring"", ""nonamer_chain""]","[1.0, 1.0]","[1.0, 1.0]",1,"[1, 1]",1.0000000000009104,False,0.004136117849266818,0.004136117849266818,"[0.5712916918754181, 0.25097460131699245]",0.6640979640699628,2,"[null, null]",2.3721182806521446,no_lock,341,fail,False,0.8222662931924105,Dimer_Synthesis,dimer
"[1.455739901912794, 1.7062208010357194]",-9.10320147423699e-13,1.0044965996802597,0.9162181978919064,0.9160197815217415,0.9880613926594202,0.9894695118909119,0.006404652291707189,0.006404652291707189,"[""species"", ""species""]","[""90227b56b0ee7bb20b390849fe05a015916e974246785e2664ea2ff25939de1c"", ""ce8bb02bf80702217a25a03caad268fc0536d8ca59954b4ba9e0d1a07297bbc6""]","[""complete_k6"", ""nonamer_chain""]","[1.0, 1.0]","[1.0, 1.0]",1,"[1, 1]",1.0000000000009104,False,0.006404652291707169,0.006404652291707169,"[0.46541036642767986, 0.5454908855442872]",0.6256961241017551,2,"[null, null]",0.00021759613026408188,locked,342,ok,True,1.010901251971967,Dimer_Synthesis,dimer
"[0.9305532310939966, 0.11548093226612677]",-9.10320147423699e-13,0.3325911330668441,0.8504134180956048,0.9161649818488953,0.8548469951416922,0.853585570466674,0.0018334043286214686,0.0018334043286214686,"[""species"", ""species""]","[""31a1bd5f2a2dcf350d0f30a73d3ddeed95b390a7d35474216085e9f6f0e2c0e8"", ""94d89e13409fc2eb563dd43ac0e17fbcda48431905f7121d3a53c06fdecd56cf""]","[""bilayer_square_4_4"", ""bipartite_3_3""]","[1.0, 1.0]","[1.0, 1.0]",1,"[1, 1]",1.0000000000009104,False,0.0018334043286214463,0.0018334043286214463,"[0.2975044647020073, 0.036920072693458254]",0.7770355171157138,2,"[null, null]",0.0004432089598394431,no_lock,343,fail,False,0.33442453739546557,Dimer_Synthesis,dimer
"[2.2550796840506493, 1.2666776432596472]",-9.10320147423699e-13,1.1237227847280387,0.4988737991186967,0.916082135689982,0.30581209549509264,0.5881044905491237,0.0022079986620283797,0.0022079986620283797,"[""species"", ""species""]","[""e2d2f1cb0bcd97376024542b7ac7ec95ffb298a383f17dc68e8a79c0f5f89b24"", ""c59fb0b36f0f095c21441fccdef7e85b634eea43ae66c4138b275d33bfb2c858""]","[""double_triangle"", ""bipartite_2_4""]","[1.0, 1.0]","[1.0, 1.0]",1,"[1, 1]",1.0000000000009104,False,0.0022079986620284764,0.0022079986620284764,"[0.7209649613221234, 0.40496582206794374]",0.7475768487816239,2,"[null, null]",1.9338868062098122,no_lock,344,fail,False,1.1259307833900671,Dimer_Synthesis,dimer
"[0.8686358873513991, 0.7882622448096828]",-9.10320147423699e-13,0.5263298899100104,0.9298478321598381,0.9160067625406673,0.9987003782745012,0.9989477157008169,0.003392188745097098,0.003392188745097098,"[""species"", ""species""]","[""709445e2cad7f5b235d2660211c67442c5d2e5e1a6567fc5367b5af5e94bcb6e"", ""838d9171e6953f77247296628f0ae37b494aedbd4d8ad31db26a99095c44b3fb""]","[""double_triangle"", ""hexagon_ring""]","[1.0, 1.0]","[1.0, 1.0]",1,"[1, 1]",1.0000000000009104,False,0.003392188745097058,0.003392188745097058,"[0.2777090509734928, 0.25201302768161465]",-0.6230899182848577,2,"[null, null]",0.0003273977465138656,locked,345,ok,True,0.5297220786551075,Dimer_Synthesis,dimer
"[0.8200187120292141, 0.60400547792355]",-9.10320147423699e-13,0.4523388541416505,0.9140496322319086,0.928028841676191,0.9912915236784015,0.9924261702509375,0.002931774338723642,0.002931774338723642,"[""species"", ""species""]","[""6f87e003085b64af5822c75d16414fe4f2ed4ad3331c4b4f9b9fa5fcde3a6ec0"", ""015e1b03ae0c49c321327e16621f14be31d8b503911e86a2fe9428ead2144954""]","[""heptamer_chain"", ""double_triangle""]","[1.0, 1.0]","[1.0, 1.0]",1,"[1, 1]",1.0000000000009104,False,0.0029317743387236583,0.0029317743387236583,"[0.2621657953742983, 0.19310483310607585]",0.3191267176923952,2,"[null, null]",0.00033498280342205095,locked,346,ok,True,0.45527062848037414,Dimer_Synthesis,dimer
"[1.7974773877686185, 0.9426577063319825]",-9.10320147423699e-13,0.8715830227708309,0.8838428203914938,0.899590429609678,0.808040595681717,0.8078281141244302,0.004457591717389652,0.004457591717389652,"[""species"", ""species""]","[""4ba889df79e6b4edd833bd9dc477ccbb352d2dd1f9a8e20e29e07b8f2257d55b"", ""27362fef969e9b9cc51a3a5a103aa9666521b79e9e2083fe979405575cbe3c4e""]","[""star_5"", ""star_4""]","[1.0, 1.0]","[1.0, 1.0]",1,"[1, 1]",1.0000000000009104,False,0.004457591717389686,0.004457591717389686,"[0.5746662632436217, 0.3013743512445989]",0.7945167034454392,2,"[null, null]",0.0005722146565983605,no_lock,347,fail,False,0.8760406144882206,Dimer_Synthesis,dimer
"[1.0597615020168085, 1.3381356972637153]",-9.10320147423699e-13,0.762544924176892,0.9181123865251477,0.7703759616717489,0.9868616301586842,0.9877499858790904,0.004079809202100124,0.004079809202100124,"[""species"", ""species""]","[""0be15262e4d00fe5b0fe71dee30c82ae408174c9938433649792a53066228539"", ""f845d0d7acb10a11e435ac99dea765e1db608005230678c7332edb31a57c1896""]","[""star_6"", ""moebius_kantor""]","[1.0, 1.0]","[1.0, 1.0]",1,"[1, 1]",1.0000000000009104,False,0.00407980920210016,0.00407980920210016,"[0.3388132648775453, 0.4278114685014469]",-0.061012504771203346,2,"[null, null]",0.0004055015884057619,locked,348,ok,True,0.7666247333789922,Dimer_Synthesis,dimer
"[1.4892252539839541, 1.1490515877024163]",-9.10320147423699e-13,0.8382776685433613,0.9149812107435937,0.8992651665750682,0.9790155211791759,0.97997909357083,0.005198140571660098,0.005198140571660098,"[""species"", ""species""]","[""eeb753786acd73383bd8c4748180f411bd846f39fde3e888857cc12fa670a898"", ""1f06bb0251d4232e6467d55d8b307e0ec0d9f674a55d73450b3da1e5123bf509""]","[""bowtie"", ""bilayer_hex_3_3""]","[1.0, 1.0]","[1.0, 1.0]",1,"[1, 1]",1.0000000000009104,False,0.005198140571660126,0.005198140571660126,"[0.4761158708635486, 0.36735993825147273]",0.8078193316774935,2,"[null, null]",0.0002277539766315292,locked,349,ok,True,0.8434758091150214,Dimer_Synthesis,dimer
"[1.1715411712241321, 1.2587927477539331]",-9.10320147423699e-13,0.7715653581114399,0.9277488601669674,0.9991493810569304,0.9991325729839512,0.998902976429223,0.005429624499787103,0.005429624499787103,"[""species"", ""species""]","[""ca4702c3a804043c055c9ea338812c2a02647c5f1e457a540bcc809d9631dc9e"", ""f53fda008798577abfd5e73c5b39b482e39dd66a43f38eb60e9c856e9a0738d3""]","[""octahedron"", ""pentamer_chain""]","[1.0, 1.0]","[1.0, 1.0]",1,"[1, 1]",1.0000000000009104,False,0.005429624499787122,0.005429624499787122,"[0.3745500175327334, 0.4024449650784936]",0.7515110162072267,2,"[null, null]",0.00031258524966899917,locked,350,ok,True,0.776994982611227,Dimer_Synthesis,dimer
"[0.8678597243098356, 1.0392239658269904]",-9.10320147423699e-13,0.605461344301575,0.9454773847319422,0.9994188046050156,0.9956286487355148,0.9954388180439413,0.004246830811703087,0.004246830811703087,"[""species"", ""species""]","[""9a1409a7927885c437ee5f146427503cae67a1bb2a13ea25a5f1f14807c0d6fe"", ""c7e6c29836c1eca3c5c5cfa66b424df047a97297db1b93cfd7afa1c6c19affc1""]","[""bowtie"", ""tetramer_chain""]","[1.0, 1.0]","[1.0, 1.0]",1,"[1, 1]",1.0000000000009104,False,0.004246830811703073,0.004246830811703073,"[0.27746090614686064, 0.3322472689664175]",-0.5006726808963131,2,"[null, null]",0.00029240933891428166,locked,351,ok,True,0.6097081751132781,Dimer_Synthesis,dimer
"[1.6741527318013159, 1.2432075701059488]",-9.10320147423699e-13,0.9263706702641628,0.9223871774477638,0.9992092159065065,0.9703172035162139,0.9694415689019676,0.006330099514945823,0.006330099514945823,"[""species"", ""species""]","[""26e04781c5b74cb00ef4cd83d60b66384350eb640a6c35fbf7f0346e5305925e"", ""81656cfd443a94c35666b80b26be73027557e54856d449f0aa2cf4ce9a045117""]","[""tetramer_chain"", ""ladder_4""]","[1.0, 1.0]","[1.0, 1.0]",1,"[1, 1]",1.0000000000009104,False,0.006330099514945786,0.006330099514945786,"[0.5352384964784923, 0.39746227330061623]",0.43321754252086697,2,"[null, null]",0.0002641834659987661,locked,352,ok,True,0.9327007697791085,Dimer_Synthesis,dimer
"[0.5034332172535437, 0.8419917414139342]",-9.10320147423699e-13,0.42739571500134543,0.9375137912933597,0.9280600121069766,0.982750960086633,0.9823346480326401,0.0027461820446888032,0.0027461820446888032,"[""species"", ""species""]","[""ac4e858d5741af23f988baed70b363fe7ac90e8c5621811760f3923fc38c639b"", ""35e2b39fb48060e0d471ad66baf4cc644c0f654409136791c82780ee5a61c732""]","[""hexagon_with_center"", ""bilayer_square_4_4""]","[1.0, 1.0]","[1.0, 1.0]",1,"[1, 1]",1.0000000000009104,False,0.002746182044688794,0.002746182044688794,"[0.16095116840994134, 0.2691907286360929]",0.18961594922216463,2,"[null, null]",0.000266045978612096,locked,353,ok,True,0.4301418970460342,Dimer_Synthesis,dimer
"[1.31378489032113, 1.2810065935259407]",-9.10320147423699e-13,0.8242550629053109,0.9446314038959414,0.9159554732585553,0.9998503550089277,0.9997544270324357,0.005318169039410575,0.005318169039410575,"[""species"", ""species""]","[""aab3f82b93e31af4d1f3158efe92bdcf1d6c2bff1e10c8fb0d637294232dbd19"", ""da41ca4f126945222ebba92b454ce4e8c8a825f3957c76481f8ee7ffdce0bffb""]","[""grid_3x4"", ""bilayer_hex_6_6""]","[1.0, 1.0]","[1.0, 1.0]",1,"[1, 1]",1.0000000000009104,False,0.005318169039410625,0.005318169039410625,"[0.4200263428982626, 0.4095468890464589]",-0.027466489108066705,2,"[null, null]",0.00012183823048591694,locked,354,ok,True,0.8295732319447215,Dimer_Synthesis,dimer
"[0.009770057378679461, 1.8262315990104145]",-9.10320147423699e-13,0.5842004067209768,0.675673969726857,0.8741679871103103,0.7746252708801193,0.5561162649905695,0.002782338300368225,0.002782338300368225,"[""species"", ""species""]","[""13e6a0b770f46b87b5400ac669195a40840722bf7d2a504acf691a6c5f70184d"", ""911b0e11ed230def8d4d57ba6fde897db366b5e835d30f22d308315686ec9d29""]","[""square_ring"", ""square_ring""]","[1.0, 1.0]","[1.0, 1.0]",1,"[1, 1]",1.0000000000009104,False,0.0027823383003682256,0.0027823383003682256,"[0.0031235566042092724, 0.5838591884171358]",0.2017059758482196,2,"[null, null]",3.6505281431941086,no_lock,355,fail,False,0.5869827450213451,Dimer_Synthesis,dimer
"[1.6149396699219811, 1.0427611690949141]",-9.10320147423699e-13,0.8440802300316559,0.9138092423331401,0.9993506041527853,0.9430731981833799,0.940751352152523,0.005605568727264898,0.005605568727264898,"[""species"", ""species""]","[""772d2be6192e063f3df4a1b9af86ed2da6cabdf0b5c41198828afe86a9ecc04f"", ""d4adad341a217b88787c1a37e90336559222d672bd085d16157791776f5762a6""]","[""star_5"", ""honeycomb_7""]","[1.0, 1.0]","[1.0, 1.0]",1,"[1, 1]",1.0000000000009104,False,0.00560556872726492,0.00560556872726492,"[0.5163076608324024, 0.33337813792651844]",0.13108059965558116,2,"[null, null]",0.00022194818031015472,locked,356,ok,True,0.8496857987589208,Dimer_Synthesis,dimer
"[0.903799489445332, 1.8490851668446682]",-9.10320147423699e-13,0.8755351803715737,0.5929082171093053,0.9279529142497942,0.8013995099700097,0.5900725803307036,0.004581559530646735,0.004581559530646735,"[""species"", ""species""]","[""70f90e30c85c7235dbb32f04a778803ece29ded98e5179921d0961da9595d632"", ""3e28e8841ad8881efd73b0210323a6579396a43a54cf8a9de474c78ca84a1cbe""]","[""prism_square"", ""hexagon_with_center""]","[1.0, 1.0]","[1.0, 1.0]",1,"[1, 1]",1.0000000000009104,False,0.004581559530646762,0.004581559530646762,"[0.2889511038388094, 0.5911656360634111]",0.7161680359797933,2,"[null, null]",1.4790302431700058,no_lock,357,fail,False,0.8801167399022205,Dimer_Synthesis,dimer
"[1.176013475639247, 1.6654945120538758]",-9.10320147423699e-13,0.902648451971014,0.9145643991574336,0.9494132623298198,0.9609657639222854,0.9586852223457502,0.00580179523438135,0.00580179523438135,"[""species"", ""species""]","[""cb0e07274d9c103c9d162ff1e1c9796e79439a6d27986f76eae01dbdc42fcf75"", ""10f8f738292221819914436807c058c5f09643178642d1962682ccbd69fef90d""]","[""decagon_ring"", ""icosahedron""]","[1.0, 1.0]","[1.0, 1.0]",1,"[1, 1]",1.0000000000009104,False,0.005801795234381402,0.005801795234381402,"[0.37597984495855297, 0.5324704022468424]",-0.04490428123670731,2,"[null, null]",0.0003059781897178194,locked,358,ok,True,0.9084502472053954,Dimer_Synthesis,dimer
"[1.3131828978889728, 1.0685673562821032]",-9.10320147423699e-13,0.7567259513259492,0.9299504843705617,0.8991340720325868,0.9882926668442507,0.9904867882433308,0.004736489235348521,0.004736489235348521,"[""species"", ""species""]","[""f7271a62e7e3f6dbcdbb06fbbbac6a4230380b41d6b72cee07aff9918181a87c"", ""4fcb06c0e7c8b12fcb277b0fcf393e2749d33b6e6be9db73152808325c88d795""]","[""complete_k5"", ""star_5""]","[1.0, 1.0]","[1.0, 1.0]",1,"[1, 1]",1.0000000000009104,False,0.004736489235348529,0.004736489235348529,"[0.41983388165015856, 0.34162855891113914]",0.20542049730933543,2,"[null, null]",0.0002721609177738768,locked,359,ok,True,0.7614624405612977,Dimer_Synthesis,dimer
"[1.2208831734046959, 0.3830848312166943]",-9.10320147423699e-13,0.5098219354661762,0.9015781112416892,0.9993936887677641,0.8301240316997096,0.826996890631024,0.0029780061911454238,0.0029780061911454238,"[""species"", ""species""]","[""704164fb9b8dc6be10091a13af63f07323dee9dd9324931c610a0569ec147f47"", ""ba7b6127f9d914e54fa8ba1bcc625af4f39973a18e6d551485caf4d4392aed3c""]","[""decagon_ring"", ""square_ring""]","[1.0, 1.0]","[1.0, 1.0]",1,"[1, 1]",1.0000000000009104,False,0.0029780061911454103,0.0029780061911454103,"[0.3903250054168721, 0.12247493624044946]",0.7433100339263716,2,"[null, null]",0.0002768190388025629,no_lock,360,fail,False,0.5127999416573216,Dimer_Synthesis,dimer
"[0.021060709759373342, 2.0149406402140477]",-9.10320147423699e-13,0.6487832813722835,0.6016586314924756,0.8330316055816691,0.5640049301376919,0.5385363773497109,0.002140783492117976,0.002140783492117976,"[""species"", ""species""]","[""f414e17004e1381bfe0b0372b4bc46f3699ea3036c19cb0f671e2e0f5ee069d1"", ""05cf0b9901dff6d36d61e0e50349438858f1d968fe4f4cb84a3fd630268a3e50""]","[""bipartite_2_4"", ""star_4""]","[1.0, 1.0]","[1.0, 1.0]",1,"[1, 1]",1.0000000000009104,False,0.0021407834921179925,0.0021407834921179925,"[0.0067332582101085675, 0.6441908066542928]",-1.0,2,"[null, null]",3.7796378011385308,no_lock,361,fail,False,0.6509240648644015,Dimer_Synthesis,dimer
"[1.1640429192566493, 1.5337431125241]",-9.10320147423699e-13,0.8565960685369773,0.930165068995482,0.9991939929562458,0.9788828137983098,0.9776663772996276,0.005905250513745687,0.005905250513745687,"[""species"", ""species""]","[""58bfa8d3f6ef9812f1ae72d57180bb1e9fb5bed78da9f165b79ddd09c7d4c64e"", ""6c43e6f94a4c32b392faceb0483a4e96cca7ba961fa06eaab89595d1cb7869cd""]","[""trimer_chain"", ""cuboctahedron""]","[1.0, 1.0]","[1.0, 1.0]",1,"[1, 1]",1.0000000000009104,False,0.005905250513745686,0.005905250513745686,"[0.372152773223384, 0.490348545827339]",0.40854536338009284,2,"[null, null]",0.0002796740620316286,locked,362,ok,True,0.862501319050723,Dimer_Synthesis,dimer
"[1.743422855194576, 1.3313534369229025]",-9.10320147423699e-13,0.9763303267854194,0.9170832601966712,0.999358799808085,0.9739222175949082,0.9725766637218399,0.006697450990822741,0.006697450990822741,"[""species"", ""species""]","[""09def0ec2dd5679b75668e249bb7d1569eb8fef2f8864b9b38bd3b31dfc2eb3b"", ""b8cc5d95d08a2c0744eb9d5cfa2968b79430022e6a881b9beff921f2b1c19bb7""]","[""prism_square"", ""trimer_triangle""]","[1.0, 1.0]","[1.0, 1.0]",1,"[1, 1]",1.0000000000009104,False,0.006697450990822751,0.006697450990822751,"[0.5573846459854109, 0.42564313179083124]",0.03417712852707233,2,"[null, null]",0.0002372605781997621,locked,363,ok,True,0.9830277777762422,Dimer_Synthesis,dimer
"[0.6080280500645455, 0.7703236349690468]",-9.10320147423699e-13,0.4381733919435087,0.9080972642346963,0.8120391979721376,0.9962195990326438,0.9961013266956407,0.0024954129403758265,0.0024954129403758265,"[""species"", ""species""]","[""73f57a1266c7f6ef0e18e0210c7cb25069355518135b3ac2c9cb7e4ddd80ac97"", ""b56416d94cc0de09078600ba283200d15d1bd873f9bf51458b6a6d25e3d6f897""]","[""octamer_chain"", ""decagon_ring""]","[1.0, 1.0]","[1.0, 1.0]",1,"[1, 1]",1.0000000000009104,False,0.0024954129403758074,0.0024954129403758074,"[0.19439087793569312, 0.2462779269481914]",0.09295519833884358,2,"[null, null]",0.00012966241212404307,locked,364,ok,True,0.4406688048838845,Dimer_Synthesis,dimer
"[1.0827869085286008, 2.7414622167838103]",-9.10320147423699e-13,1.219495598749573,0.6297881426629826,0.8739838502694457,0.42031673793196844,0.5671331424583068,0.0031439568356834043,0.0031439568356834043,"[""species"", ""species""]","[""622417d07012b1831f1128456624134aafc91ba1bf5c9ef781b13642f6655b2b"", ""b3503a10fac67ef6581c3c95b40cf90dd6ee69b260f871eeb89c17a82ef5dbe5""]","[""octamer_chain"", ""singlet""]","[1.0, 1.0]","[1.0, 1.0]",1,"[1, 1]",1.0000000000009104,False,0.00314395683568347,0.00314395683568347,"[0.34617465056719954, 0.8764649050180571]",0.2898644509713343,2,"[null, null]",3.79373127924098,no_lock,365,fail,False,1.2226395555852565,Dimer_Synthesis,dimer
"[1.2278735066970692, 1.8994860189238472]",-9.10320147423699e-13,0.9937981992808191,0.8927349573616913,0.9440076101273855,0.9143061394923192,0.9124530143060243,0.006040811010675786,0.006040811010675786,"[""species"", ""species""]","[""8286fbfbd5dabc57b9a9ec6474caf009cef9e2a822c0f2aef5100c665bbb03da"", ""316dc554853510fe7b5bcee953719756ed34337e18a468f0b281929819f3acc4""]","[""nonamer_chain"", ""bilayer_hex_3_3""]","[1.0, 1.0]","[1.0, 1.0]",1,"[1, 1]",1.0000000000009104,False,0.006040811010675773,0.006040811010675773,"[0.3925598645251374, 0.6072791457663576]",0.789156256673191,2,"[null, null]",0.00022069436161962244,locked,366,ok,True,0.9998390102914949,Dimer_Synthesis,dimer
"[0.8667238378018399, 1.193742421974317]",-9.10320147423699e-13,0.6542206774635133,0.9287423799563045,0.9995788552281308,0.9817140109946195,0.982898633534431,0.0045249924973412405,0.0045249924973412405,"[""species"", ""species""]","[""83aee01a742ab084a3ea06908823c2d66e4aef53ed125a3baab284dea9751835"", ""cb68261c08e9929b4a12566d4a48fe5ea1620683629a8bdd6e3320c85b404f2b""]","[""dimer"", ""bilayer_square_4_4""]","[1.0, 1.0]","[1.0, 1.0]",1,"[1, 1]",1.0000000000009104,False,0.004524992497341285,0.004524992497341285,"[0.27709775517791907, 0.3816479147829355]",-0.17538552419337639,2,"[null, null]",0.0003096715241409969,locked,367,ok,True,0.6587456699608546,Dimer_Synthesis,dimer
"[1.257894211764041, 1.2693762197908098]",-9.10320147423699e-13,0.8035112922564497,0.9331007416208801,0.7912093611950095,0.9999947467991113,0.9999373109803236,0.004474980611576113,0.004474980611576113,"[""species"", ""species""]","[""cb80331c75e5f777dd4908ba9cc35cdb6f2b33d12c015767905399cd0e76738d"", ""cb473e20e49345e623414bd5583d4876ded87e5fae9379bf48a8a5827e169201""]","[""trilayer_4_4_4"", ""trilayer_4_4_4""]","[1.0, 1.0]","[1.0, 1.0]",1,"[1, 1]",1.0000000000009104,False,0.00447498061157614,0.00447498061157614,"[0.4021576967527751, 0.40582857611525075]",-0.1583522380174649,2,"[null, null]",0.0003253067045353427,locked,368,ok,True,0.8079862728680258,Dimer_Synthesis,dimer
"[1.4404506494024671, 0.3206307433175218]",-9.10320147423699e-13,0.5599468299421311,0.48084989577332315,0.9160534206839963,0.8540354656257939,0.6140770913870683,0.003083375672084834,0.003083375672084834,"[""species"", ""species""]","[""a2263cfc6ba88cea386a3acf118d34abf390402b4d919d8cbd2392668201c09e"", ""50b2422c358f9954599d6729a8b66a5e1560c4f404deb252d831157d38b57d28""]","[""hexagon_with_center"", ""octahedron""]","[1.0, 1.0]","[1.0, 1.0]",1,"[1, 1]",1.0000000000009104,False,0.0030833756720848315,0.0030833756720848315,"[0.4605222840141343, 0.10250792160008161]",0.05743011100914941,2,"[null, null]",2.100257654124317,no_lock,369,fail,False,0.5630302056142159,Dimer_Synthesis,dimer
"[1.4744264946450414, 0.9755865790498497]",-9.10320147423699e-13,0.7780553477799782,0.918799000208796,0.9994418586801355,0.9546080447830864,0.9566552537724187,0.005231200100367563,0.005231200100367563,"[""species"", ""species""]","[""3fc1dc47ba8b293cf3130e1d2248172e8cdcb780ea205358d89f60efa9e0a7fd"", ""15232d6b8410f9e3e7a13cc700f166eebbaacbf5ade4a4a1709cdeecd156033c""]","[""square_ring"", ""nonamer_chain""]","[1.0, 1.0]","[1.0, 1.0]",1,"[1, 1]",1.0000000000009104,False,0.0052312001003675945,0.0052312001003675945,"[0.4713846025940257, 0.3119019452863201]",0.29536594088423407,2,"[null, null]",0.00025701954339815404,locked,370,ok,True,0.7832865478803458,Dimer_Synthesis,dimer
"[0.22552301615878223, 1.5864276807188837]",-9.10320147423699e-13,0.5777490405614453,0.6176287325786374,0.9992540925357688,0.38115273739635985,0.553251672939235,0.0015444422060843996,0.0015444422060843996,"[""species"", ""species""]","[""95b75e35e42ca26ef7d5b02f4f0fc994c8f3291498dfd2f1722dbe3d77f19cf3"", ""67da4ad597b77327c52df36fd3984a9ce2494af523a2cecc83d6862d0b9202cf""]","[""trimer_chain"", ""tetrahedron_k4""]","[1.0, 1.0]","[1.0, 1.0]",1,"[1, 1]",1.0000000000009104,False,0.0015444422060844065,0.0015444422060844065,"[0.07210130700574977, 0.5071921757617799]",0.4594133816829119,2,"[null, null]",2.4202005653013687,no_lock,371,fail,False,0.5792934827675297,Dimer_Synthesis,dimer
"[1.0716768760825122, 1.1150294942799601]",-9.10320147423699e-13,0.6948266614084155,0.924060057651001,0.8746942561817372,0.9996125935440237,0.9995884002932176,0.004278866827016658,0.004278866827016658,"[""species"", ""species""]","[""1298d2ab09faf758ec56b355d146d4bea09d5b98b0460f78ed9c3f8188ea1163"", ""ff0382ae871fb0eb5c282972b24a7e60dac75080fca23d836c5c6c2d2df41a4c""]","[""double_triangle"", ""moebius_kantor""]","[1.0, 1.0]","[1.0, 1.0]",1,"[1, 1]",1.0000000000009104,False,0.004278866827016614,0.004278866827016614,"[0.34262269443481397, 0.35648283380061824]",0.595201535540363,2,"[null, null]",0.0003062335266298363,locked,372,ok,True,0.6991055282354321,Dimer_Synthesis,dimer
"[1.1041088944082194, 1.311364223371345]",-9.10320147423699e-13,0.7668785968845642,0.9358599925588866,0.9993823815052636,0.9931351860980946,0.9932169850263801,0.005365282234812974,0.005365282234812974,"[""species"", ""species""]","[""d0d4480cd67325a1462fee554856ccee0613b163c4ce7ac08a02528e8cd58a60"", ""b2fc6143a850963ca927fbdf7f4f1dfe54f6cc653c9ee427272be98814688063""]","[""tetrahedron_k4"", ""ladder_5""]","[1.0, 1.0]","[1.0, 1.0]",1,"[1, 1]",1.0000000000009104,False,0.005365282234812918,0.005365282234812918,"[0.3529914406051452, 0.41925243851423183]",0.12895919617502516,2,"[null, null]",0.00021377286325383174,locked,373,ok,True,0.7722438791193771,Dimer_Synthesis,dimer
"[1.5339105424513997, 1.6789332265000403]",-9.10320147423699e-13,1.0200019985733602,0.9195350755643251,0.9991464320491714,0.9976176539840034,0.9966747354373199,0.007166930311404952,0.007166930311404952,"[""species"", ""species""]","[""e761c384d15b7a94af741af79a5280ebd5238f525df8d277f90f156048426665"", ""bb9bb13b6d51dce999d0d6e2388102dd22d3de067ace380f825ce85f4a17d42a""]","[""dodecamer_chain"", ""trilayer_4_4_4""]","[1.0, 1.0]","[1.0, 1.0]",1,"[1, 1]",1.0000000000009104,False,0.007166930311405029,0.007166930311405029,"[0.4904020743620128, 0.5367668545227524]",0.09952433570231367,2,"[null, null]",0.0003405932587237723,locked,374,ok,True,1.0271689288847652,Dimer_Synthesis,dimer
"[0.8306107076715775, 1.4096810879913753]",-9.10320147423699e-13,0.7115289715918667,0.9175738412594998,0.9992354948765595,0.9397922887353812,0.9401894615745959,0.0047081969809021585,0.0047081969809021585,"[""species"", ""species""]","[""13ad57a54f4b0c0d2ca393bb8b3d7a888ca6bd4990c481622e6c0258a95e4c0d"", ""81f6f60c622bbca651687fb11b954fba42d89ec0b58a1cc93f12e1bcaded3499""]","[""prism_square"", ""cube""]","[1.0, 1.0]","[1.0, 1.0]",1,"[1, 1]",1.0000000000009104,False,0.004708196980902191,0.004708196980902191,"[0.26555213146815365, 0.45068503710461516]",0.12532093690231827,2,"[null, null]",0.0005701259917988105,locked,375,ok,True,0.7162371685727689,Dimer_Synthesis,dimer
"[1.5711733557008414, 1.0184087776303743]",-9.10320147423699e-13,0.823048734936854,0.9073730170781833,0.8865530345637795,0.9457251265061148,0.9460747589937952,0.00485903071869824,0.00485903071869824,"[""species"", ""species""]","[""bd4e9f36b60ef79d923a5b22bb21bdd40d7ed7c39cc45687048c682135d80f53"", ""38ef4677c536fbbea188e2afb127cc0ee7c2d38722e0127ba7bfc509572ce29d""]","[""heptamer_chain"", ""dodecamer_chain""]","[1.0, 1.0]","[1.0, 1.0]",1,"[1, 1]",1.0000000000009104,False,0.0048590307186981985,0.0048590307186981985,"[0.5023152599151197, 0.3255925057404325]",0.6352165698110436,2,"[null, null]",0.00039548363473171567,locked,376,ok,True,0.8279077656555522,Dimer_Synthesis,dimer
"[1.29366357223377, 0.0026037495966717912]",-9.10320147423699e-13,0.4134358791350553,0.5590682847681396,0.9161157433530411,0.3725015597312089,0.5605954758765517,0.000989972934137733,0.000989972934137733,"[""species"", ""species""]","[""084aeed8f96f81dbbeebaed8954d61aa28701e03b715d6500e937cf3f4318191"", ""decf575e98a7698661f04839708f99c8cadec50564e9818c5f9a9b864fd47aa2""]","[""trilayer_4_4_4"", ""double_triangle""]","[1.0, 1.0]","[1.0, 1.0]",1,"[1, 1]",1.0000000000009104,False,0.0009899729341377173,0.0009899729341377173,"[0.4135934148650739, 0.0008324372041191296]",0.6107948650651621,2,"[null, null]",3.135515355460891,no_lock,377,fail,False,0.414425852069193,Dimer_Synthesis,dimer
"[1.7324843784781776, 0.3670624954623882]",-9.10320147423699e-13,0.6674471119502573,0.5794053236983372,0.9162677409370106,0.8809960523757956,0.5518994737985814,0.003792907402667384,0.003792907402667384,"[""species"", ""species""]","[""29e549a5e00fbc5768a981cd62a662af38f66b7b97cd711ce7322c93a3ddf83d"", ""3e93490cf8128b028303f446f4e0acd4d86611c875573bb495446c7091c65932""]","[""trimer_triangle"", ""bipartite_2_4""]","[1.0, 1.0]","[1.0, 1.0]",1,"[1, 1]",1.0000000000009104,False,0.003792907402667356,0.003792907402667356,"[0.5538875374359713, 0.11735248191695341]",0.46762822326750153,2,"[null, null]",4.000298221927524,no_lock,378,fail,False,0.6712400193529247,Dimer_Synthesis,dimer
"[1.0072505656822346, 1.0326189147494196]",-9.10320147423699e-13,0.6480187270063335,0.9243293302838254,0.907503113363147,0.9997927313290642,0.9998444094609887,0.004142006586864136,0.004142006586864136,"[""species"", ""species""]","[""e2a067277b8e1d3f42e133717c2b8910c8e9b30b329e7f8841246fd093dc8fce"", ""e686217c38c1dd0050c3731e95d4f11be55bcdd86d896e43f6109502e21026ae""]","[""cuboctahedron"", ""petersen""]","[1.0, 1.0]","[1.0, 1.0]",1,"[1, 1]",1.0000000000009104,False,0.004142006586864144,0.004142006586864144,"[0.3220251462796952, 0.33013558731350234]",-0.6562198187333264,2,"[null, null]",0.00023001559414491252,locked,379,ok,True,0.6521607335931976,Dimer_Synthesis,dimer
"[1.4507700224779547, 0.8526911085525664]",-9.10320147423699e-13,0.7318335948562746,0.9343088460351372,0.9575448076769058,0.9317458698425232,0.9359239219527099,0.004599258042920144,0.004599258042920144,"[""species"", ""species""]","[""3683e8ddca31c462b7d4a11ecc6e8c9986cfdd12cd2e893d89decd016e037ad1"", ""603e99ea44c659ff7e3b1614923cfd413a6716ab5884ed6e29b2c6a26334b665""]","[""bipartite_4_8"", ""pentamer_chain""]","[1.0, 1.0]","[1.0, 1.0]",1,"[1, 1]",1.0000000000009104,False,0.004599258042920162,0.004599258042920162,"[0.46382146074072944, 0.2726113921584653]",-0.005058134955949312,2,"[null, null]",0.0002246765479687833,locked,380,ok,True,0.7364328528991948,Dimer_Synthesis,dimer
"[0.9474662924960734, 1.0797208738221336]",-9.10320147423699e-13,0.6435863654164204,0.9240409761822371,0.9990909743610261,0.9971591940694592,0.9971480457104425,0.004519742449382566,0.004519742449382566,"[""species"", ""species""]","[""7239575e828b3f478648bc94c6b068e0f98cc292ee97341db265119603501a2c"", ""e75680d8c055a32055ccc6d9bc8714a0dd301b21db88e69b47f2b16ec459eea7""]","[""hexagon_ring"", ""trimer_triangle""]","[1.0, 1.0]","[1.0, 1.0]",1,"[1, 1]",1.0000000000009104,False,0.00451974244938258,0.00451974244938258,"[0.30291169032947796, 0.34519441753632507]",0.3061920790100162,2,"[null, null]",0.00019993521902883366,locked,381,ok,True,0.648106107865803,Dimer_Synthesis,dimer
"[1.3561684701585273, 0.9274435053281876]",-9.10320147423699e-13,0.7251506323181,0.922906641244648,0.9993599704574438,0.9665123416636454,0.9693266222056461,0.0049363048424491745,0.0049363048424491745,"[""species"", ""species""]","[""e7448967a7c758d73c62863be5275cf9ce9361cb9b6e986a98d0d0cadc0dec75"", ""ea182a8eb9ab87ef8db4b1564ecbfa415718b467ecbbed23036fd8ca37f41704""]","[""wheel_5"", ""honeycomb_7""]","[1.0, 1.0]","[1.0, 1.0]",1,"[1, 1]",1.0000000000009104,False,0.004936304842449224,0.004936304842449224,"[0.4335766738308151, 0.296510263329734]",0.20810380388821326,2,"[null, null]",0.00034347338284941424,locked,382,ok,True,0.7300869371605492,Dimer_Synthesis,dimer
"[0.005604760957795362, 0.11635443112605987]",-9.10320147423699e-13,0.038752728011261235,0.932709735308568,0.8744560155394279,0.9992354923045829,0.9985394707185717,0.00023849027051333501,0.00023849027051333501,"[""species"", ""species""]","[""f0fd4a96bfca55734f7c8c9bd92d2d947315784c2398e028ea991179385bbe6c"", ""f2f1eeb2d7e7a1a30f719ff001686199d5bcad999d33625f0b8ecb1793e3fa6e""]","[""tetrahedron_k4"", ""octahedron""]","[1.0, 1.0]","[1.0, 1.0]",1,"[1, 1]",1.0000000000009104,False,0.00023849027051333488,0.00023849027051333488,"[0.0017918818105346931, 0.03719933647123988]",-0.06837324400398304,2,"[null, null]",0.000380818543292486,locked,383,ok,True,0.03899121828177457,Dimer_Synthesis,dimer
"[1.0777262086150647, 0.7395661611953046]",-9.10320147423699e-13,0.577002539560495,0.9220539366035627,0.9992758994131727,0.9839200508777226,0.9805586378959535,0.003998713910908209,0.003998713910908209,"[""species"", ""species""]","[""dea6448a0a4b448a55eef24e0e3426fb8328cdb118878b7116fea3a8794feacc"", ""db1468a989be92e6eb0bac5cc30639233929d48a81436f5015d7c001200d72d1""]","[""hexamer_chain"", ""hexamer_chain""]","[1.0, 1.0]","[1.0, 1.0]",1,"[1, 1]",1.0000000000009104,False,0.003998713910908225,0.003998713910908225,"[0.3445567089293805, 0.23644454454202266]",0.6466993425495786,2,"[null, null]",0.00044468587046570896,locked,384,ok,True,0.5810012534714032,Dimer_Synthesis,dimer
"[1.5279192610934653, 1.4049652640765162]",-9.10320147423699e-13,0.9313971121684521,0.9542199133349416,0.95773597377025,0.9969171094302842,0.9976085099867434,0.006266861839456239,0.006266861839456239,"[""species"", ""species""]","[""b96bf8c91b72f4195845a3b5028ef2cf55e96b88ceea0581923776196fa1afef"", ""540c9ca3090bceeadf9614d9cd299038e4b1f6e80830b97def5092f6c30656f0""]","[""bipartite_4_8"", ""prism_square""]","[1.0, 1.0]","[1.0, 1.0]",1,"[1, 1]",1.0000000000009104,False,0.006266861839456239,0.006266861839456239,"[0.4884866192394983, 0.44917735476841003]",0.3365161849651793,2,"[null, null]",0.0002975682163408845,locked,385,ok,True,0.9376639740079084,Dimer_Synthesis,dimer
"[1.0739095143147823, 0.9357854090670634]",-9.10320147423699e-13,0.6392281551464558,0.9335108294019561,0.7330868994766917,0.9964908695614046,0.9968381308957106,0.00328555864952971,0.00328555864952971,"[""species"", ""species""]","[""6854eee120bf71600ac5b243c8f822b1911b25739e11b99c93d45a1de7ddf05d"", ""22c1c5a7631ad2618b0cf58ac9ac0e35d803408076780eb508c2a2f164b1b7e0""]","[""trimer_chain"", ""complete_k5""]","[1.0, 1.0]","[1.0, 1.0]",1,"[1, 1]",1.0000000000009104,False,0.0032855586495297295,0.0032855586495297295,"[0.34333648470491374, 0.29917722909107175]",0.07589434498900027,2,"[null, null]",0.00016128444633206894,locked,386,ok,True,0.6425137137959855,Dimer_Synthesis,dimer
"[1.4271563166174097, 0.8239865288518309]",-9.10320147423699e-13,0.7158930557412275,0.8966074348347973,0.8118504298763218,0.9323268996042474,0.932636459196772,0.003813270378046433,0.003813270378046433,"[""species"", ""species""]","[""c706859f58549d875fbd2b1d6b7fb05a89e09a343db77fbd633ab724ced39966"", ""f02d176a51be3ed6d19ab5b35d2fe5264296ff2b4d660a4f1d168140e4d761ec""]","[""cube"", ""moebius_kantor""]","[1.0, 1.0]","[1.0, 1.0]",1,"[1, 1]",1.0000000000009104,False,0.0038132703780464627,0.0038132703780464627,"[0.45627199157880627, 0.2634343345404677]",0.5366034480528316,2,"[null, null]",0.000232494758743693,locked,387,ok,True,0.719706326119274,Dimer_Synthesis,dimer
"[0.8088669970053745, 1.3026695184406083]",-9.10320147423699e-13,0.6705393250891467,0.9135466935054002,0.9992618305274807,0.9601534284016929,0.9594616336688336,0.004533867648007357,0.004533867648007357,"[""species"", ""species""]","[""19ae93aaf13b1a87fa52d932ca6329a476b6601f82e48f19901293667b620104"", ""2340fcb0a0e47028707bd03ab81a48e8d577e224f8c62159d317b4de4287a3cf""]","[""trilayer_4_4_4"", ""pentamer_chain""]","[1.0, 1.0]","[1.0, 1.0]",1,"[1, 1]",1.0000000000009104,False,0.004533867648007339,0.004533867648007339,"[0.25860051302631665, 0.41647267971083735]",-0.3423645395366324,2,"[null, null]",0.0003410518480758306,locked,388,ok,True,0.675073192737154,Dimer_Synthesis,dimer
"[0.8472706157320095, 0.6608368423469764]",-9.10320147423699e-13,0.47903781242180216,0.9212817252442308,0.9279561810940915,0.9945455923094106,0.9946360587732561,0.0031148329474694836,0.0031148329474694836,"[""species"", ""species""]","[""b21a25c5831704b15079852a11d4685748f0afcd93fcb1279d57de0831fb66e4"", ""0e4768d425ff05c3f62719bb33f227737e2728ad040a04f809228f4a58089ae6""]","[""heptamer_chain"", ""moebius_kantor""]","[1.0, 1.0]","[1.0, 1.0]",1,"[1, 1]",1.0000000000009104,False,0.0031148329474695036,0.0031148329474695036,"[0.27087842217768837, 0.2112742231915833]",0.4407893001567935,2,"[null, null]",0.0003297672638342874,locked,389,ok,True,0.48215264536927166,Dimer_Synthesis,dimer
"[0.671294287693462, 0.37381519913097205]",-9.10320147423699e-13,0.33256533311834363,0.9236979340727445,0.6782777508887374,0.985598558175709,0.9858607004575358,0.0015635786336009097,0.0015635786336009097,"[""species"", ""species""]","[""ee2c88dd63b35bc1ff248bcb66a6a2694c498adc1ac49d4dd6b2349a2627205d"", ""b55512aead14651945f48fed6f6a0f00a837467c5bd7ad6e5bf80aee62759432""]","[""heptamer_chain"", ""hexamer_chain""]","[1.0, 1.0]","[1.0, 1.0]",1,"[1, 1]",1.0000000000009104,False,0.0015635786336009039,0.0015635786336009039,"[0.2146175426020152, 0.11951136914992933]",0.05182280772619041,2,"[null, null]",0.0002732044423604909,locked,390,ok,True,0.33412891175194454,Dimer_Synthesis,dimer
"[1.4203292916696884, 1.3597690904203013]",-9.10320147423699e-13,0.8830465268818294,0.9258067073309062,0.9277204089816848,0.9997604541048805,0.999523425125781,0.005770634077609862,0.005770634077609862,"[""species"", ""species""]","[""a85bef46028671a892d3161c7e1811ab7effefc037441b718ef762c91be56b3e"", ""c7f47dc2e04359807249fc2d97902705feeaf2648352383c974565e4ade943f8""]","[""hexagon_with_center"", ""prism_triangular""]","[1.0, 1.0]","[1.0, 1.0]",1,"[1, 1]",1.0000000000009104,False,0.005770634077609915,0.005770634077609915,"[0.4540893433060242, 0.43472781765341506]",-0.25343827743178693,2,"[null, null]",0.0002556468932900513,locked,391,ok,True,0.8888171609594393,Dimer_Synthesis,dimer
"[1.3349771655997302, 1.4567364315029128]",-9.10320147423699e-13,0.8866142156034558,0.9255183532293181,0.9494737905253118,0.997365303055174,0.9975083981244847,0.005916411936154955,0.005916411936154955,"[""species"", ""species""]","[""fd9ff3309ec02d1282516ae4fc22d477f492eaea4d3ecc66e392cf5cf254b347"", ""31ee8ef3d200122fa5ab9b5231e7701e804e52044a055f6c83630fc101cf9f6f""]","[""petersen"", ""hexagon_with_center""]","[1.0, 1.0]","[1.0, 1.0]",1,"[1, 1]",1.0000000000009104,False,0.005916411936154997,0.005916411936154997,"[0.4268016635375401, 0.46572896400207064]",0.6757206405161594,2,"[null, null]",0.0002789740318273569,locked,392,ok,True,0.8925306275396108,Dimer_Synthesis,dimer
"[0.9101623180278582, 1.0175494920935348]",-9.10320147423699e-13,0.6126640318637685,0.926197713643218,0.8447667593276431,0.9985382197780474,0.9982007943085115,0.0036390994419700667,0.0036390994419700667,"[""species"", ""species""]","[""26480c9598b5e9abd98bceea0bb0cb59c357ad3b82c6a34ede58c9421bcabe18"", ""6da2c4d2f3bd5a282f3eef9d5f4a0bb47aa27b4b3fa8a38c010c21096e0d845d""]","[""honeycomb_7"", ""bilayer_hex_3_3""]","[1.0, 1.0]","[1.0, 1.0]",1,"[1, 1]",1.0000000000009104,False,0.0036390994419700506,0.0036390994419700506,"[0.2909853452429359, 0.32531778606280265]",-0.0595580161193614,2,"[null, null]",0.0003935183385451151,locked,393,ok,True,0.6163031313057385,Dimer_Synthesis,dimer
"[1.123446627694848, 0.34032224890136187]",-9.10320147423699e-13,0.4653577261272829,0.9260022104870623,0.9162522743788699,0.8727513714720873,0.865161826755003,0.0026195604243402972,0.0026195604243402972,"[""species"", ""species""]","[""ba39730b1c0eba9aa8ea895026603499680090a7f5f781478ed8c7ebc8749eba"", ""74b37cc22ac5046c5cb9ea94af3ba16e79d9fc5684eee431211d60f6a2d01dd2""]","[""star_6"", ""pentagon_ring""]","[1.0, 1.0]","[1.0, 1.0]",1,"[1, 1]",1.0000000000009104,False,0.002619560424340306,0.002619560424340306,"[0.3591738510226826, 0.10880343552894055]",0.766059311651925,2,"[null, null]",0.0004237955534410245,no_lock,394,fail,False,0.4679772865516232,Dimer_Synthesis,dimer
"[0.7236463346022453, 1.3292887829279263]",-9.10320147423699e-13,0.6527622111793803,0.9328314689880559,0.8325614671900645,0.9348009443147036,0.93185364293342,0.003575699216927517,0.003575699216927517,"[""species"", ""species""]","[""8cdcdb801c721175d54d31a9959e390ad8ed90976fc26bb85ae767cd817d8073"", ""dce8c7370b0554db29b4cbc3abeb735a5ad0b7478182f7ebdf42ba83aa8370bf""]","[""tetrahedron_k4"", ""dodecamer_chain""]","[1.0, 1.0]","[1.0, 1.0]",1,"[1, 1]",1.0000000000009104,False,0.0035756992169274637,0.0035756992169274637,"[0.23135486312406786, 0.4249830472722399]",0.44549597520183093,2,"[null, null]",0.00015680856582308414,locked,395,ok,True,0.6563379103963077,Dimer_Synthesis,dimer
"[1.6079277984466724, 1.1713159472572603]",-9.10320147423699e-13,0.8829058085840298,0.89190603106073,0.9367026452152629,0.9677330047961551,0.9683164976329826,0.005638119064242723,0.005638119064242723,"[""species"", ""species""]","[""435466bbe331d34b2e1831a51214bc503a44528c9ccb9b16a80ebf46db5762c5"", ""8a80db94fcb537479f1837de5487172b93d5b5313dd8476d30496b9b2c15870d""]","[""ladder_4"", ""bilayer_hex_6_6""]","[1.0, 1.0]","[1.0, 1.0]",1,"[1, 1]",1.0000000000009104,False,0.005638119064242719,0.005638119064242719,"[0.5140659158143678, 0.37447801183390467]",0.4526305188438874,2,"[null, null]",0.0005994063691191573,locked,396,ok,True,0.8885439276482725,Dimer_Synthesis,dimer
"[1.2026761077671244, 1.65925846913304]",-9.10320147423699e-13,0.9091491959996191,0.9173953926383832,0.9436789647605845,0.9648320039364404,0.9655214496786566,0.005831576580003812,0.005831576580003812,"[""species"", ""species""]","[""8cfad0e667b5baabde45a6f85676cb61e7795b0de889a105cd21085d60cc3174"", ""afcc2c4365e6e05a310e141ede8034320ebe917e16fd0678864e9b635eb30758""]","[""nonamer_chain"", ""bilayer_hex_3_3""]","[1.0, 1.0]","[1.0, 1.0]",1,"[1, 1]",1.0000000000009104,False,0.005831576580003772,0.005831576580003772,"[0.38450407746207693, 0.5304766951175459]",-0.31673301511021945,2,"[null, null]",0.000255591661908075,locked,397,ok,True,0.9149807725796228,Dimer_Synthesis,dimer
"[1.3398959497127132, 1.1989172292362165]",-9.10320147423699e-13,0.8060090097874801,0.9234524397800439,0.9994085005429517,0.9980955812738793,0.9965414064224032,0.00566756124933352,0.00566756124933352,"[""species"", ""species""]","[""a3e8f4f8fcc3a2070b8ec9210b66364b4522d82facbdd33e00692937381a1606"", ""fb7b0c6b09c310968bf1c0ae43543e9a31622fc16711f07b1b62902481333fed""]","[""petersen"", ""prism_square""]","[1.0, 1.0]","[1.0, 1.0]",1,"[1, 1]",1.0000000000009104,False,0.0056675612493335414,0.0056675612493335414,"[0.42837423368787675, 0.383302337348937]",0.8766290511287391,2,"[null, null]",0.0003891302676401209,locked,398,ok,True,0.8116765710368137,Dimer_Synthesis,dimer
"[1.1040763747813056, 0.9177320837288299]",-9.10320147423699e-13,0.6422643945523343,0.937821226863712,0.9162871273926336,0.9942528960150403,0.9944642205599088,0.0041221022973987114,0.0041221022973987114,"[""species"", ""species""]","[""4da29704c15b413bfd0efde2af52b38af5522388d493420ba4cf5d54f09b58a6"", ""b0abad03cf2d25bfb02b08cad681b84609076533a322fccf1b65cd09f1f9aac2""]","[""bipartite_3_6"", ""prism_triangular""]","[1.0, 1.0]","[1.0, 1.0]",1,"[1, 1]",1.0000000000009104,False,0.004122102297398733,0.004122102297398733,"[0.3529810438498882, 0.2934054529998448]",0.4921355292872486,2,"[null, null]",0.0003444211090199704,locked,399,ok,True,0.646386496849733,Dimer_Synthesis,dimer
"[1.8068041570705646, 1.1117729084439623]",-9.10320147423699e-13,0.9274686448786188,0.8962453112565409,0.9494481579034459,0.9064234274312617,0.9057642464570292,0.005621132851407218,0.005621132851407218,"[""species"", ""species""]","[""07f64109944a88119c242e51d5e81b62670977f1305a212b8a907100cf0b28c1"", ""269e803ceed3d7eabbce6b3d9a24694560d4b493f8adbe92f1765a1dd3a2307a""]","[""petersen"", ""complete_k6""]","[1.0, 1.0]","[1.0, 1.0]",1,"[1, 1]",1.0000000000009104,False,0.005621132851407196,0.005621132851407196,"[0.5776480975072161, 0.35544168022280986]",0.774877186980442,2,"[null, null]",0.0001568962080485943,locked,400,ok,True,0.933089777730026,Dimer_Synthesis,dimer
"[1.6619800506825262, 0.2730228204369797]",-9.10320147423699e-13,0.6159154734265457,0.6016406395132223,0.874453746636072,0.717937133706665,0.5917145770091102,0.0027186617668512377,0.0027186617668512377,"[""species"", ""species""]","[""cff9df0e72d454d6c28a944b290931308ba825375d5de91134c9e346e3a87dc7"", ""5e0d9162b4918b543a8c15b837f86f2d26911dced5ce6e67b5a5414a8426dfe0""]","[""bipartite_4_4"", ""prism_square""]","[1.0, 1.0]","[1.0, 1.0]",1,"[1, 1]",1.0000000000009104,False,0.0027186617668512048,0.0027186617668512048,"[0.5313468040322942, 0.08728733116110281]",0.32261754509838214,2,"[null, null]",3.181196613471083,no_lock,401,fail,False,0.6186341351933969,Dimer_Synthesis,dimer
"[1.22220250294928, 1.4551032123455745]",-9.10320147423699e-13,0.8505149466890529,0.9298029454172254,0.9156712683989106,0.9912994133336421,0.9916029557505592,0.005438669995518871,0.005438669995518871,"[""species"", ""species""]","[""6dd325a98e8e2843f05910708f0cc77c4929faefb37269cadc821a6d0cad61d6"", ""c657b2814308cd33621e84d535adb2894de27290a2dfec5e9764a272244849df""]","[""tetrahedron_k4"", ""bilayer_hex_3_3""]","[1.0, 1.0]","[1.0, 1.0]",1,"[1, 1]",1.0000000000009104,False,0.005438669995518897,0.005438669995518897,"[0.39074680442504445, 0.46520681225952737]",0.3520097036965627,2,"[null, null]",0.00047081451783462263,locked,402,ok,True,0.8559536166845718,Dimer_Synthesis,dimer
"[1.3255035688660126, 1.2993570026676202]",-9.10320147423699e-13,0.8336838819007578,0.9494994280921097,0.936815427891943,0.999911015314207,0.9998195876568025,0.005502650538070324,0.005502650538070324,"[""species"", ""species""]","[""2dc4a17fa0d778aea08fe682a416a9c629eaa0a4068a1caf4ebb86a96c5ead23"", ""dcb6f421bcf0577fb699947add66c13287e9154397134c555ff54d8be14e1fe1""]","[""tetramer_chain"", ""bipartite_4_4""]","[1.0, 1.0]","[1.0, 1.0]",1,"[1, 1]",1.0000000000009104,False,0.005502650538070308,0.005502650538070308,"[0.423772887503144, 0.41541364493568406]",0.8507040964767604,2,"[null, null]",0.00031262062775351865,locked,403,ok,True,0.8391865324388281,Dimer_Synthesis,dimer
"[1.5465391551415542, 1.0950015801307216]",-9.10320147423699e-13,0.8393871243695548,0.9232620410178201,0.8993887024848726,0.9652646055763634,0.9662833112262164,0.005132174662725278,0.005132174662725278,"[""species"", ""species""]","[""bada69bdc3a142a2f2fc765bd26bffd3e49fe92d64875b0e89abbab5574afde3"", ""da8d5f984d1f71ff899e774de5e74d4d66167014ac2d0c8c31ddb59e2210ed5e""]","[""decagon_ring"", ""pentamer_chain""]","[1.0, 1.0]","[1.0, 1.0]",1,"[1, 1]",1.0000000000009104,False,0.005132174662725308,0.005132174662725308,"[0.4944395313636895, 0.3500797676685905]",0.8721186781700392,2,"[null, null]",0.00013570625606764135,locked,404,ok,True,0.8445192990322801,Dimer_Synthesis,dimer
"[1.1542039909334765, 1.1281016950482652]",-9.10320147423699e-13,0.7257701464715377,0.9115167941178386,0.76343790208554,0.9999385132397661,0.9998800815695461,0.0038991606739438617,0.0038991606739438617,"[""species"", ""species""]","[""0d71e31323bb93c52efd4004e37cd596e5259d76df66909e5c8b61053ba14580"", ""4610411ade5fdb5f18a4f63e6dafc97a4ea99a2a132c180aa24c60627147ac63""]","[""double_triangle"", ""nonamer_chain""]","[1.0, 1.0]","[1.0, 1.0]",1,"[1, 1]",1.0000000000009104,False,0.0038991606739439133,0.0038991606739439133,"[0.36900719808999194, 0.3606621090554896]",0.13386738180986246,2,"[null, null]",0.00030784698261142546,locked,405,ok,True,0.7296693071454816,Dimer_Synthesis,dimer
"[1.4367170528561974, 1.2350530952538783]",-9.10320147423699e-13,0.8488597557103452,0.9346518881446295,0.895424255560214,0.9944158177486402,0.9940110323515166,0.005324100903442202,0.005324100903442202,"[""species"", ""species""]","[""529678402d8242c09127674d08209719f20041bf3daa4b7878badf137efe5f67"", ""f69bf51693847e972239c73d1637bf52d4f8edc993ecf0840cfcd91c653e0134""]","[""cube"", ""dodecamer_chain""]","[1.0, 1.0]","[1.0, 1.0]",1,"[1, 1]",1.0000000000009104,False,0.005324100903442153,0.005324100903442153,"[0.45932862673070796, 0.3948552298830794]",0.7913440574399211,2,"[null, null]",0.00023650444932248995,locked,406,ok,True,0.8541838566137874,Dimer_Synthesis,dimer
"[0.3572527632421802, 1.5029511201224566]",-9.10320147423699e-13,0.5921165048521478,0.5408549177879654,0.8743120887939291,0.7153867821825618,0.6098743767377148,0.00260386370362992,0.00260386370362992,"[""species"", ""species""]","[""beee1cda861fd6514f5293392cc30e51f9717764a7cdcc2b9d6a9a00a705d938"", ""c730fc3471f8b9cb349fe24912ffd83bb3addbc76fbf0cff30363af6c23d6cc1""]","[""square_ring"", ""hexagon_with_center""]","[1.0, 1.0]","[1.0, 1.0]",1,"[1, 1]",1.0000000000009104,False,0.0026038637036299717,0.0026038637036299717,"[0.11421624098465125, 0.4805041275711266]",0.45165278880032456,2,"[null, null]",2.338308057776911,no_lock,407,fail,False,0.5947203685557778,Dimer_Synthesis,dimer
"[0.888690576236634, 1.287901938317975]",-9.10320147423699e-13,0.6914218618962807,0.9013226937416066,0.9365283384157548,0.9755076395360205,0.9739942871439625,0.004450194939934111,0.004450194939934111,"[""species"", ""species""]","[""bf03242888f15100ccd5642804194517d30e088eadb2028e3040703ba0ca7163"", ""4a92e774d9f0fca94c369e3e7f757655e69be603a2bbb9c15f800f067a1649b4""]","[""bipartite_2_4"", ""octamer_chain""]","[1.0, 1.0]","[1.0, 1.0]",1,"[1, 1]",1.0000000000009104,False,0.004450194939934149,0.004450194939934149,"[0.28412067717842554, 0.4117513796577894]",0.26943935487591075,2,"[null, null]",0.000316008979548012,locked,408,ok,True,0.6958720568362149,Dimer_Synthesis,dimer
"[0.7185063843445991, 1.435346048818212]",-9.10320147423699e-13,0.684318953823996,0.8934421499831648,0.9992476197732182,0.8892060154941126,0.8957350971081676,0.0042829377861056785,0.0042829377861056785,"[""species"", ""species""]","[""bb222b647e18b8f4e9fea0f41264dbabe37d100a3d50c7785eff7b5ed76ab6fc"", ""972f5e45371344c8545c044f1d74b4c2d255a6f7980461b2de717457a28e08fa""]","[""octamer_chain"", ""bilayer_hex_6_6""]","[1.0, 1.0]","[1.0, 1.0]",1,"[1, 1]",1.0000000000009104,False,0.004282937786105667,0.004282937786105667,"[0.2297115845894286, 0.45889030702067307]",0.30335305795174805,2,"[null, null]",0.0004434160715962365,no_lock,409,fail,False,0.6886018916101017,Dimer_Synthesis,dimer
"[1.4215167456980031, 0.6884186059692654]",-9.10320147423699e-13,0.6709055360757524,0.9066008057188506,0.8745253584366535,0.8852888873076624,0.8884549318483959,0.003655753250646012,0.003655753250646012,"[""species"", ""species""]","[""3932961b4cf165c28b7de84a578f73a1627e41a6f6525e61beabec70dd6b401d"", ""228929b4393560fe4bc61e95c862643084226d87415b3de6800d45245d0ece98""]","[""octahedron"", ""double_triangle""]","[1.0, 1.0]","[1.0, 1.0]",1,"[1, 1]",1.0000000000009104,False,0.0036557532506460433,0.0036557532506460433,"[0.45446898077677556, 0.2200923085496229]",0.5881024566250705,2,"[null, null]",0.0003120681328900448,no_lock,410,fail,False,0.6745612893263985,Dimer_Synthesis,dimer
"[1.3831565164969284, 1.0825923073169044]",-9.10320147423699e-13,0.7833813612485887,0.9147052143056854,0.9078123820592869,0.9853294141028387,0.9853047759554074,0.004936017496012494,0.004936017496012494,"[""species"", ""species""]","[""a3fc4b5b40d111bd15814854afb429391e4d56871b587f99efa6f9419d26c9b3"", ""ae9f9c1407d646ff9c5567d632686b7e58847a63bf41b100a3c26a6ef6c0fdaf""]","[""decamer_chain"", ""dodecamer_chain""]","[1.0, 1.0]","[1.0, 1.0]",1,"[1, 1]",1.0000000000009104,False,0.004936017496012468,0.004936017496012468,"[0.4422049435643151, 0.34611243518028606]",0.11244977013784796,2,"[null, null]",0.0002130509978566347,locked,411,ok,True,0.7883173787446012,Dimer_Synthesis,dimer
"[1.4056709106811338, 1.3458080009808442]",-9.10320147423699e-13,0.8735186648135226,0.9403658931767984,0.9990868066132954,0.999447422506283,0.9993600574847198,0.006148648565751203,0.006148648565751203,"[""species"", ""species""]","[""eb307b48178c68b497a04ca290ef5b19a4ad22cd45a1fad71279b4107f66b765"", ""362836f1f056e8b67edcf91350b27e54d4356974422d7a7565b2b63e6a7b8343""]","[""bipartite_4_4"", ""bilayer_hex_6_6""]","[1.0, 1.0]","[1.0, 1.0]",1,"[1, 1]",1.0000000000009104,False,0.006148648565751258,0.006148648565751258,"[0.44940295499025734, 0.4302643583890165]",0.7734025151359469,2,"[null, null]",0.00018135345166566617,locked,412,ok,True,0.8796673133792738,Dimer_Synthesis,dimer
"[1.034426946048205, 1.459406601350747]",-9.10320147423699e-13,0.792504216762182,0.9191440692520133,0.8862710796805932,0.9688058234495388,0.9699674097198123,0.004792047206074613,0.004792047206074613,"[""species"", ""species""]","[""a3670468ca60a4e9ed7f8159f6324346d336fa7e6775a99e0fb068215b5b448d"", ""20f18f18834f27b89c7e9fce06242548636d46f7e5d094289668f248b0e06d08""]","[""bipartite_1_n"", ""cuboctahedron""]","[1.0, 1.0]","[1.0, 1.0]",1,"[1, 1]",1.0000000000009104,False,0.004792047206074623,0.004792047206074623,"[0.33071362773691504, 0.4665826362313416]",0.6797979291637041,2,"[null, null]",0.00028781335012660603,locked,413,ok,True,0.7972962639682566,Dimer_Synthesis,dimer
"[0.9467538539684873, 1.8975920964033868]",-9.10320147423699e-13,0.9076064446827354,0.5792266319768757,0.8567399317784627,0.3210953408979268,0.6738039957934668,0.0017511193094636634,0.0017511193094636634,"[""species"", ""species""]","[""319842f48e1d1b3534c71232d971062f81743eaf4490fc9dd459a0df7756f22b"", ""08f1d63ef68f37090643cb8870d2fd3ab81d7be9461f257eb4f64b805330ef41""]","[""bipartite_1_n"", ""honeycomb_7""]","[1.0, 1.0]","[1.0, 1.0]",1,"[1, 1]",1.0000000000009104,False,0.0017511193094637,0.0017511193094637,"[0.30268391868170946, 0.6066736453104897]",0.795379708925753,2,"[null, null]",0.925999907752727,no_lock,414,fail,False,0.9093575639921991,Dimer_Synthesis,dimer
"[1.6306781425644046, 1.2301011538455926]",-9.10320147423699e-13,0.9083889489731315,0.9258804768075746,0.999580682434636,0.9723227632142255,0.9736187830198967,0.006222472243964836,0.006222472243964836,"[""species"", ""species""]","[""90dae875fb217137cb9d01c9b293556d7a2cee0e53c4b42016062ed2824b1615"", ""fcfc48a8d57966755f5ea51416e2b8a9a0fb22797e9706cf52715c8b2bcd8a16""]","[""decamer_chain"", ""dimer""]","[1.0, 1.0]","[1.0, 1.0]",1,"[1, 1]",1.0000000000009104,False,0.006222472243964883,0.006222472243964883,"[0.521339362106715, 0.3932720591103814]",0.12897066042950156,2,"[null, null]",0.00042515374340196325,locked,415,ok,True,0.9146114212170964,Dimer_Synthesis,dimer
"[0.23775799900052397, 1.4175066336255784]",-9.10320147423699e-13,0.5273366450601247,0.5241641963605763,0.8190835368219445,0.614061291545231,0.5320027485392831,0.0018631922137200328,0.0018631922137200328,"[""species"", ""species""]","[""d2a39e4c62213c2f1e0219eb82b4bdead58310870c6fed7fd8f3683b53066f05"", ""91178ecf8dc4499f6aefdfff25d567ec4340644deb886e383d3b00a82439451d""]","[""square_ring"", ""nonamer_chain""]","[1.0, 1.0]","[1.0, 1.0]",1,"[1, 1]",1.0000000000009104,False,0.0018631922137199997,0.0018631922137199997,"[0.07601291775443454, 0.45318691951941015]",0.5194919236236617,2,"[null, null]",4.040301615668536,no_lock,416,fail,False,0.5291998372738447,Dimer_Synthesis,dimer
"[1.196017181345134, 1.4710001803413988]",-9.10320147423699e-13,0.8477474678822365,0.9067416208671024,0.8330557439552427,0.9888722987059129,0.9880180188156403,0.004916889219290962,0.004916889219290962,"[""species"", ""species""]","[""f68557ad1f05e10f7840a4bac1d0af81f3d3a3a4496f7db27816af7f9e6e21b9"", ""d721aeb8d43a2b9980ea12dff69ef0241ac210801367ddf82412f3caba21ee0b""]","[""trimer_triangle"", ""complete_k6""]","[1.0, 1.0]","[1.0, 1.0]",1,"[1, 1]",1.0000000000009104,False,0.00491688921929101,0.00491688921929101,"[0.38237517147962674, 0.4702891856219008]",0.06107938672718005,2,"[null, null]",0.0002646175478050229,locked,417,ok,True,0.8526643571015275,Dimer_Synthesis,dimer
"[1.353913185464176, 1.257408998838307]",-9.10320147423699e-13,0.8294416524672558,0.915734340634162,0.9280622868332846,0.9987017184649057,0.9985509234449518,0.005416561599718903,0.005416561599718903,"[""species"", ""species""]","[""25d1365763638901f1fe3cc5710ae1e3023442d60034294c9f2512962f7a7662"", ""a16f90d3c07854d57b2c5e1ed619e7392e810b2ca9d3f10484dfd78b49ac66dd""]","[""honeycomb_7"", ""honeycomb_7""]","[1.0, 1.0]","[1.0, 1.0]",1,"[1, 1]",1.0000000000009104,False,0.005416561599718928,0.005416561599718928,"[0.43285564332624654, 0.40200257074072815]",-0.3330617121408612,2,"[null, null]",0.00037947712414262676,locked,418,ok,True,0.8348582140669747,Dimer_Synthesis,dimer
"[1.2606720540489047, 1.2295697412384787]",-9.10320147423699e-13,0.791277527814825,0.9230474563929001,0.874389066560106,0.9994717975382013,0.9998291471498797,0.004870427541318944,0.004870427541318944,"[""species"", ""species""]","[""19ff43522f398b77394c4fa4d26c6471cc7b1cf54f23772660ec45ddcb380692"", ""9a673c2e315a03308b592eca25be0d1cc8ad3e4ffc3a236d49f5d6fe65b9010a""]","[""star_4"", ""truncated_tetrahedron""]","[1.0, 1.0]","[1.0, 1.0]",1,"[1, 1]",1.0000000000009104,False,0.004870427541318945,0.004870427541318945,"[0.4030457926234577, 0.3931021627326863]",0.8180266570005039,2,"[null, null]",0.0002764742430288915,locked,419,ok,True,0.7961479553561439,Dimer_Synthesis,dimer
"[0.5663544190250035, 0.2233603275431812]",-9.10320147423699e-13,0.25084301440456813,0.9424937479037241,0.943720683864255,0.9799213947616987,0.980458332484884,0.0016343883860704636,0.0016343883860704636,"[""species"", ""species""]","[""87485645a210fd5d15c832c7c6023a2295ff275b846682a4371ab90bcf79c330"", ""fe9cd05be3a01c50daf1ac355a5478288057f2adff3a8cabbbf14d7b70f2cc01""]","[""nonamer_chain"", ""wheel_5""]","[1.0, 1.0]","[1.0, 1.0]",1,"[1, 1]",1.0000000000009104,False,0.00163438838607044,0.00163438838607044,"[0.1810675226666644, 0.07140988012397419]",-0.017044758303837337,2,"[null, null]",0.00013563672772792785,locked,420,ok,True,0.25247740279063857,Dimer_Synthesis,dimer
"[1.3818951645530724, 1.2358234390252734]",-9.10320147423699e-13,0.8310692099568333,0.9289378831124607,0.999151117296263,0.9966916997615236,0.9965559667080057,0.005833984697052972,0.005833984697052972,"[""species"", ""species""]","[""3a3bf9113466d1a90f36c17cc520dc91e6f285316019f562a42308f7a53e11d0"", ""6b85c097df7875a568281bb15ab58edaccc3d8ec6785e17fdf85f1232e3e9267""]","[""tetrahedron_k4"", ""bipartite_4_8""]","[1.0, 1.0]","[1.0, 1.0]",1,"[1, 1]",1.0000000000009104,False,0.005833984697052985,0.005833984697052985,"[0.44180168040610057, 0.3951015142477857]",0.0816874841639329,2,"[null, null]",0.0002929251041763691,locked,421,ok,True,0.8369031946538863,Dimer_Synthesis,dimer
"[1.8386728231087595, 1.3184554583536516]",-9.10320147423699e-13,1.002611292966389,0.924720336596137,0.9991399395284526,0.9554612394537199,0.9534023367006578,0.006744999599282432,0.006744999599282432,"[""species"", ""species""]","[""075bb112369ff11ac54a8a54b2039fe29b8280405d76ae87a895c151fb151de2"", ""ee77fdc1eb1ee594b6baf2fa858fc6d7a291f5273a56279cff2827c14cfe05da""]","[""moebius_kantor"", ""bilayer_hex_6_6""]","[1.0, 1.0]","[1.0, 1.0]",1,"[1, 1]",1.0000000000009104,False,0.006744999599282542,0.006744999599282542,"[0.5878367359576074, 0.4215195566080641]",0.0745396012707421,2,"[null, null]",0.00031017454760785736,locked,422,ok,True,1.0093562925656716,Dimer_Synthesis,dimer
"[1.1017373694032042, 1.5819872431925894]",-9.10320147423699e-13,0.852726880548459,0.922563599135156,0.9158306984333653,0.9597104825140268,0.9617258003999865,0.005278903106988793,0.005278903106988793,"[""species"", ""species""]","[""6b24d9685f87f569e40e229cb21d90f70ec3fbef192b6aab4583f49f30f99bdc"", ""af8657e43d5a8dfd8fb1d8e93acd40f0e3f401a35560024a79d6dac58e0a3442""]","[""bipartite_3_3"", ""pentagon_ring""]","[1.0, 1.0]","[1.0, 1.0]",1,"[1, 1]",1.0000000000009104,False,0.005278903106988753,0.005278903106988753,"[0.35223324724922617, 0.5057725364062217]",0.14035898134119007,2,"[null, null]",0.00034142832244104095,locked,423,ok,True,0.8580057836554478,Dimer_Synthesis,dimer
"[1.8176937292972914, 1.5360394465776195]",-9.10320147423699e-13,1.0655476518345692,0.9254445837526497,0.8993700436589298,0.9873203979598448,0.9874717946978041,0.006664619213086763,0.006664619213086763,"[""species"", ""species""]","[""1e1f9200e45bbf8a114fa6f3e8d1861f9738457424e3cd21f3033290c3e7393f"", ""61fe49db94e36e70ea7a2940038fc4c84d8b64227ed6226372d79705a7aec41b""]","[""bowtie"", ""ladder_4""]","[1.0, 1.0]","[1.0, 1.0]",1,"[1, 1]",1.0000000000009104,False,0.006664619213086809,0.006664619213086809,"[0.5811295709446223, 0.49108270010303384]",0.23982462677942296,2,"[null, null]",0.0004094225233556367,locked,424,ok,True,1.072212271047656,Dimer_Synthesis,dimer
"[1.7482890592106641, 1.4789970844467228]",-9.10320147423699e-13,1.0249584898926127,0.9222205570256635,0.957690684479515,0.9871104495771572,0.9885383649740905,0.006827768568094428,0.006827768568094428,"[""species"", ""species""]","[""07fd05b43a7d4b5b9fcbd244cd2c18b85a57e52d509bb345de3c498b36f21434"", ""afe24f2e873ac86c84b8d3619cd9adc9a462182bf2ce1183cbeb9c7ee3a84be4""]","[""truncated_tetrahedron"", ""bowtie""]","[1.0, 1.0]","[1.0, 1.0]",1,"[1, 1]",1.0000000000009104,False,0.006827768568094417,0.006827768568094417,"[0.5589404059060283, 0.47284585255467876]",-0.17836366939746462,2,"[null, null]",0.00012807467878791367,locked,425,ok,True,1.0317862584607072,Dimer_Synthesis,dimer
"[0.9350777459383905, 1.3766955994383263]",-9.10320147423699e-13,0.7344134781204212,0.9241147456589052,0.9368484218213529,0.9649135966737463,0.9671362162871352,0.004676848630802428,0.004676848630802428,"[""species"", ""species""]","[""ab406eba64a4a3e8c485ce7a4542d703dd6a961a051a73cf50e13e3931187669"", ""b42fc45eb00ff2a63067753a13234133d219edae04be0d92f7874c2e3fe42685""]","[""double_triangle"", ""prism_square""]","[1.0, 1.0]","[1.0, 1.0]",1,"[1, 1]",1.0000000000009104,False,0.0046768486308024215,0.0046768486308024215,"[0.2989509841721888, 0.44013934257903486]",0.6343564459751561,2,"[null, null]",0.00021055656819497686,locked,426,ok,True,0.7390903267512237,Dimer_Synthesis,dimer
"[1.5136639037891058, 1.9476742684667088]",-9.10320147423699e-13,1.0991111468751331,0.9331007416208801,0.9991545041490612,0.9694374324156598,0.9699875720019875,0.007503204330717085,0.007503204330717085,"[""species"", ""species""]","[""59735a70c2d261f9db889ffe53340c8732919e7e2bab1d86ae5c01eb7f40c980"", ""fbebc30917331a541cc819163ade98c6bbb6d504779f173ef29b9e93bcd37e31""]","[""star_6"", ""trilayer_4_4_4""]","[1.0, 1.0]","[1.0, 1.0]",1,"[1, 1]",1.0000000000009104,False,0.00750320433071705,0.00750320433071705,"[0.48392908045261623, 0.6226852707532339]",-0.013000508404041877,2,"[null, null]",0.00011382151720749232,locked,427,ok,True,1.1066143512058502,Dimer_Synthesis,dimer
"[1.5444575060663814, 1.5490155222853697]",-9.10320147423699e-13,0.9820871023127835,0.9245795214478852,0.9993358085624112,0.9999589506839593,0.9999522011717842,0.006918154579309511,0.006918154579309511,"[""species"", ""species""]","[""002789cfe8dc95433038a83b4aa8cf43c3eb27cfbd313170a7742b3ac2326def"", ""d2e82edf3a97ba1b71b72cbad4d8bdbdb7df0a98ee9bd924884f0d4962ac076d""]","[""hexamer_chain"", ""grid_3x4""]","[1.0, 1.0]","[1.0, 1.0]",1,"[1, 1]",1.0000000000009104,False,0.0069181545793095545,0.0069181545793095545,"[0.4937740133974807, 0.4952312434946123]",-0.11905158204575006,2,"[null, null]",0.00018854875374756333,locked,428,ok,True,0.9890052568920931,Dimer_Synthesis,dimer
"[1.1407041181968978, 1.1561139300969197]",-9.10320147423699e-13,0.7293870327304371,0.9361292651917108,0.9577092189126979,0.9998370739894321,0.9998927506295947,0.004921979524809947,0.004921979524809947,"[""species"", ""species""]","[""7d0101c2e6b05be7e7eb2f5728bbaa4e0d9e187ace66ae9610d7ce0ea275796a"", ""55e4de4f928c7926150b4bde6c95aabd4e97d7e5b3ce527a922adcc78edf01b9""]","[""icosahedron"", ""grid_3x4""]","[1.0, 1.0]","[1.0, 1.0]",1,"[1, 1]",1.0000000000009104,False,0.004921979524809994,0.004921979524809994,"[0.36469119307508335, 0.3696178191801638]",0.12198196739777145,2,"[null, null]",0.0005281982859079231,locked,429,ok,True,0.7343090122552471,Dimer_Synthesis,dimer
"[1.2697678539208925, 1.1149246735583855]",-9.10320147423699e-13,0.757693725855128,0.9496949312482654,0.8860834728356033,0.9958786759885092,0.9964154775758628,0.004709380340670361,0.004709380340670361,"[""species"", ""species""]","[""afdc89b559c4de924b33bf7a600c938f33f2425a228956ea81d06a0f5bf8639a"", ""820acc8f3f4c6317232a1a71c355ae9e0052097cc0eedb1f07a633904780476a""]","[""bipartite_1_n"", ""diatomic_prism_12""]","[1.0, 1.0]","[1.0, 1.0]",1,"[1, 1]",1.0000000000009104,False,0.004709380340670366,0.004709380340670366,"[0.4059537843229449, 0.35644932187285344]",0.016067097269636066,2,"[null, null]",0.00033630287340551595,locked,430,ok,True,0.7624031061957983,Dimer_Synthesis,dimer
"[1.6193023846835584, 0.7073714123868623]",-9.10320147423699e-13,0.7414214794035974,0.6657400906069181,0.899241724052301,0.5195332369004038,0.6463726638877111,0.0024326273838761467,0.0024326273838761467,"[""species"", ""species""]","[""0c42079f8e88f0eea9f5a5c78bd04ecfb83f4a4513e60b22d7e6c856d14127db"", ""ca10ec9b02c0c36481acc806ff9f7bf9629a5dcfb004f4166a12e75e32bba439""]","[""bipartite_2_4"", ""decagon_ring""]","[1.0, 1.0]","[1.0, 1.0]",1,"[1, 1]",1.0000000000009104,False,0.0024326273838761736,0.0024326273838761736,"[0.5177024516691014, 0.22615165511837212]",0.7733384009411903,2,"[null, null]",0.016130498977626133,no_lock,431,fail,False,0.7438541067874735,Dimer_Synthesis,dimer
"[1.25957270890412, 1.3696266269690671]",-9.10320147423699e-13,0.8350295966421265,0.9296074422610693,0.9437325905176198,0.9984030378643971,0.9979298384171695,0.00554406951369454,0.00554406951369454,"[""species"", ""species""]","[""0d9e464d44b1a890331a3537292d8e38c66a26e5aa24fd90676c0e8a308809e4"", ""9403d3f58d3da5f070d077103337e27396464e5db99fd063b1e6704d3f5ebe8f""]","[""decagon_ring"", ""bipartite_3_6""]","[1.0, 1.0]","[1.0, 1.0]",1,"[1, 1]",1.0000000000009104,False,0.005544069513694572,0.005544069513694572,"[0.40269432418737755, 0.4378793419684435]",-0.3698317813614853,2,"[null, null]",0.00035240582660833514,locked,432,ok,True,0.8405736661558211,Dimer_Synthesis,dimer
"[1.443912233347328, 1.1395956498849373]",-9.10320147423699e-13,0.8207490457184423,0.9416766498017788,0.9155989154966877,0.9854480899273453,0.9855970970951109,0.005216739119924707,0.005216739119924707,"[""species"", ""species""]","[""b14da526eb7de8d55e36a0fb57bbe343a63e8dffaa2501a4d5eec3a52200947e"", ""50728a6cb70823617b971c190589d05c43266b4ca6b9d4a6b1c9a7a5e262eaec""]","[""nonamer_chain"", ""hexamer_chain""]","[1.0, 1.0]","[1.0, 1.0]",1,"[1, 1]",1.0000000000009104,False,0.005216739119924707,0.005216739119924707,"[0.46162897694058425, 0.3643368078977827]",0.6447285601907231,2,"[null, null]",0.00028568296037392133,locked,433,ok,True,0.825965784838367,Dimer_Synthesis,dimer
"[1.280184915561431, 1.279653290129955]",-9.10320147423699e-13,0.8126735673665212,0.9237268168067999,0.9993241122210768,0.9999889670781047,0.9999660257002656,0.005724853766934913,0.005724853766934913,"[""species"", ""species""]","[""2788c6d86491c35462ac6e817a15778f7edf16aeba46982e798f82795792f2e7"", ""92057b235ec8d8ddd87f4db673468f75ee9257f7669169a5eaaf3bdf3cdcb750""]","[""star_5"", ""bilayer_hex_6_6""]","[1.0, 1.0]","[1.0, 1.0]",1,"[1, 1]",1.0000000000009104,False,0.005724853766934879,0.005724853766934879,"[0.4092841927763042, 0.40911422835715183]",0.06528396840291328,2,"[null, null]",0.0002646772676050658,locked,434,ok,True,0.8183984211334561,Dimer_Synthesis,dimer
"[1.2461616803319369, 1.0458283358972496]",-9.10320147423699e-13,0.7285900521963328,0.9127197941381638,0.8189598779114855,0.9939690181701043,0.9935319678864021,0.0041754039817799415,0.0041754039817799415,"[""species"", ""species""]","[""68fbd81163f9c1ccb2322c673ee399473ab950d661f8c02455e6fb9560e51566"", ""7453402017b29fb2ea0709651d7ba215cb081dde6468ed43de325ed0d2f8d35f""]","[""bipartite_3_6"", ""cuboctahedron""]","[1.0, 1.0]","[1.0, 1.0]",1,"[1, 1]",1.0000000000009104,False,0.004175403981779957,0.004175403981779957,"[0.39840672328164534, 0.33435873289646745]",0.11278644665528192,2,"[null, null]",0.000226319265222004,locked,435,ok,True,0.7327654561781127,Dimer_Synthesis,dimer
"[0.8738006259583256, 1.94600355751036]",-9.10320147423699e-13,0.8971168295387291,0.584466024255908,0.9994455995080429,0.6967656690208599,0.5861598418174765,0.004394557597159771,0.004394557597159771,"[""species"", ""species""]","[""ceb9962466f078305bd8667ad927196ff175fd8921a97019aed11f21a063b2d5"", ""a1cd1cb25e3cbea78888e46c3af30cb94a66f6b86ddd00b3f81c713d22c2913e""]","[""square_ring"", ""double_triangle""]","[1.0, 1.0]","[1.0, 1.0]",1,"[1, 1]",1.0000000000009104,False,0.004394557597159787,0.004394557597159787,"[0.2793602545191224, 0.6221511326167665]",-0.00236588568483187,2,"[null, null]",2.347837654522182,no_lock,436,fail,False,0.9015113871358889,Dimer_Synthesis,dimer
"[1.7393569586715987, 0.6750076324694025]",-9.10320147423699e-13,0.7688722378276784,0.5047612741245446,0.99928332661814,0.5588145320607956,0.6035870355840418,0.003017237466969529,0.003017237466969529,"[""species"", ""species""]","[""d25fbf5786aba0ab823f81cd82cedf22fbbe0243ca2081cf91878543775ac86f"", ""cc924f8c64ae1b80846e32405c58668e14599e2074d37ed4a3da5c909f0e76e4""]","[""bipartite_4_4"", ""dimer""]","[1.0, 1.0]","[1.0, 1.0]",1,"[1, 1]",1.0000000000009104,False,0.00301723746696958,0.00301723746696958,"[0.5560847500437461, 0.21580472525090186]",-0.0017918912118242147,2,"[null, null]",2.724238510131626,no_lock,437,fail,False,0.771889475294648,Dimer_Synthesis,dimer
"[1.0511488625026233, 0.22306732762149475]",-9.10320147423699e-13,0.4050324523490956,0.8801008698168212,0.9990717616440303,0.8225725587770178,0.8336646823626553,0.0023434965924163855,0.0023434965924163855,"[""species"", ""species""]","[""a600e8485908b96c0ffbdc6ffa2cf55fcf6f3a079f7f9109173f63f39a23ce19"", ""f535b1383c2ab54016c78f56f6e81f8e1405c03de09697cfcf4bc36ac45ccaab""]","[""star_5"", ""dimer""]","[1.0, 1.0]","[1.0, 1.0]",1,"[1, 1]",1.0000000000009104,False,0.002343496592416394,0.002343496592416394,"[0.33605974296958663, 0.07131620597192533]",0.769282452577507,2,"[null, null]",0.0007198535878232593,no_lock,438,fail,False,0.40737594894151197,Dimer_Synthesis,dimer
"[1.05179360564326, 1.9013500944485102]",-9.10320147423699e-13,0.9390655416124677,0.892208240295059,0.9494466494479608,0.8088495572820729,0.8190266517117066,0.005075434235867531,0.005075434235867531,"[""species"", ""species""]","[""071e65e078cf54b74fd0dc9d0d1c0f968236426add9689b0645423ffd89cadea"", ""eeff0c54233c8f84fc0f56be29e1b462d96b61ca96594e4df5bd6ffbf2c3e953""]","[""petersen"", ""bilayer_hex_3_3""]","[1.0, 1.0]","[1.0, 1.0]",1,"[1, 1]",1.0000000000009104,False,0.0050754342358675375,0.0050754342358675375,"[0.33626587192225266, 0.6078751039260826]",0.6614561916412107,2,"[null, null]",0.00047919597369516754,no_lock,439,fail,False,0.9441409758483352,Dimer_Synthesis,dimer
"[1.4779644484537255, 1.6857874604998413]",-9.10320147423699e-13,1.0044468035000904,0.9057239152150699,0.9993221811663973,0.9931583116575914,0.9935539432762355,0.007027109729608124,0.007027109729608124,"[""species"", ""species""]","[""8132a6467a1d0099264fa1c37cba999e194927e150e9e6542fd1803e2d89397c"", ""dff1e941919ae6af90152c7eb4da14eb76c627010834f3fa429d199999577b7f""]","[""tetrahedron_k4"", ""bipartite_4_8""]","[1.0, 1.0]","[1.0, 1.0]",1,"[1, 1]",1.0000000000009104,False,0.007027109729608183,0.007027109729608183,"[0.47251571150732835, 0.5389582017223702]",0.7631854798187437,2,"[null, null]",0.0002321274706692841,locked,440,ok,True,1.0114739132296986,Dimer_Synthesis,dimer
"[1.2912535129200862, 0.8509145904574567]",-9.10320147423699e-13,0.6810088715544262,0.9189774488299127,0.8328213953063288,0.9661517934006038,0.9680141570127171,0.0038574569927420877,0.0038574569927420877,"[""species"", ""species""]","[""2287b794c1101685983beec084dfba5d87365489b423eecbcef0ef749e1430c0"", ""0950a4ad4dd7eccf1b74e4e027cf798959da25a27f721e3762a884c1b7407d16""]","[""wheel_5"", ""bipartite_1_n""]","[1.0, 1.0]","[1.0, 1.0]",1,"[1, 1]",1.0000000000009104,False,0.003857456992742092,0.003857456992742092,"[0.4128229018175026, 0.2720434267296658]",0.12678146470020124,2,"[null, null]",0.00023400025486872692,locked,441,ok,True,0.6848663285471683,Dimer_Synthesis,dimer
"[1.1971121956743958, 1.3690044176842533]",-9.10320147423699e-13,0.8149366632884874,0.9214963098691501,0.9576958482809541,0.9943845348461238,0.9955324475915264,0.005469009284022847,0.005469009284022847,"[""species"", ""species""]","[""83c891c82e8afc545db45c53da396346e42ad3781ee2422b56a494d10f7783c3"", ""3cdb15b3f9edcaf93133c8c5f75eeaab40b3b132ddc21a3e374a953fb205cce1""]","[""dodecamer_chain"", ""cuboctahedron""]","[1.0, 1.0]","[1.0, 1.0]",1,"[1, 1]",1.0000000000009104,False,0.00546900928402283,0.00546900928402283,"[0.38272525532328294, 0.4376804172492273]",0.28888785241515047,2,"[null, null]",0.00021375169269809464,locked,442,ok,True,0.8204056725725102,Dimer_Synthesis,dimer
"[0.1397475056645914, 1.1283151730562355]",-9.10320147423699e-13,0.4035518088363918,0.5376735889820319,0.8744772327083767,0.7482212031346797,0.6739550567844931,0.0018568188870512336,0.0018568188870512336,"[""species"", ""species""]","[""983ee03df892554d191182e5f8df54226af70b9b589351f75670564d6d653ac6"", ""07d1c785e5187d6271fe6b16b73751d0cb76279bf584db093da2f7675d7a2e61""]","[""double_triangle"", ""bipartite_3_3""]","[1.0, 1.0]","[1.0, 1.0]",1,"[1, 1]",1.0000000000009104,False,0.001856818887051248,0.001856818887051248,"[0.044678268235452935, 0.3607303594879901]",0.7392287810732747,2,"[null, null]",1.805526583336306,no_lock,443,fail,False,0.40540862772344305,Dimer_Synthesis,dimer
"[1.9001558114677817, 0.9775408908240472]",-9.10320147423699e-13,0.916193925421157,0.6311065437409298,0.9437795433882599,0.6294940222633829,0.7464641961966738,0.003826110384385827,0.003826110384385827,"[""species"", ""species""]","[""c7e72baba5dff0d662af9df1b531455a0db2e2d327602fe1fae9aa0081710171"", ""421b17f0b1e6c47172cfaedac7d8de052e5188d906e94c30dbd70a6d0dbcade1""]","[""grid_3x3"", ""prism_square""]","[1.0, 1.0]","[1.0, 1.0]",1,"[1, 1]",1.0000000000009104,False,0.00382611038438585,0.00382611038438585,"[0.6074932831908338, 0.3125267526147089]",0.7512159840350259,2,"[null, null]",0.12188874729716356,no_lock,444,fail,False,0.9200200358055428,Dimer_Synthesis,dimer
"[1.417557032880694, 1.6265823081719324]",-9.10320147423699e-13,0.9664657168967149,0.932107221831543,0.999416951205502,0.9939124633430682,0.993242190411553,0.006767210437779931,0.006767210437779931,"[""species"", ""species""]","[""d97fd00364efe38d84bdb880695983a1ca7848f6c92cacb97732c25b660a5522"", ""52bd78f97bdd65a7368eb03aae1ad2cd9d494f8f61164debce546698f36cdaf6""]","[""bowtie"", ""hexagon_with_center""]","[1.0, 1.0]","[1.0, 1.0]",1,"[1, 1]",1.0000000000009104,False,0.006767210437779947,0.006767210437779947,"[0.45320303251855254, 0.5200298948159423]",0.2549337513347256,2,"[null, null]",0.00033789775313094734,locked,445,ok,True,0.9732329273344948,Dimer_Synthesis,dimer
"[1.5332309780470321, 1.265643629796298]",-9.10320147423699e-13,0.8889419191493277,0.9118480080283147,0.9494206529480806,0.9884326449056873,0.9889805170924264,0.005878134288712123,0.005878134288712123,"[""species"", ""species""]","[""327022976801c280a87574cc7555afa7ddacd2d9feed3182b40a1af7bf84c4ac"", ""7bdcdee382bbf1c2a1745e15757332d343eb98216dbc6b1a5e5472b1aa3194ef""]","[""bipartite_3_6"", ""decamer_chain""]","[1.0, 1.0]","[1.0, 1.0]",1,"[1, 1]",1.0000000000009104,False,0.005878134288712089,0.005878134288712089,"[0.4901848128044829, 0.40463524063355694]",0.04346007499494431,2,"[null, null]",0.00025180727498837544,locked,446,ok,True,0.8948200534380398,Dimer_Synthesis,dimer
"[1.0554551684010522, 1.4125313907056545]",-9.10320147423699e-13,0.7836220672667454,0.9259284410103941,0.9989351116489201,0.9806761049898012,0.97935550911149,0.005410731314363727,0.005410731314363727,"[""species"", ""species""]","[""debec9123e4855c0a834c89d03fa66a8f2fe010d022ffcb31fd339f8b3aeeec5"", ""6c6f945a8df6b5e3cc29eb033972b3f08952c1d8e569a75d63730e277ffba7c9""]","[""double_triangle"", ""diatomic_prism_12""]","[1.0, 1.0]","[1.0, 1.0]",1,"[1, 1]",1.0000000000009104,False,0.005410731314363759,0.005410731314363759,"[0.3374364994928529, 0.45159629908825627]",0.1964108213698077,2,"[null, null]",0.000240477493278258,locked,447,ok,True,0.7890327985811092,Dimer_Synthesis,dimer
"[1.362749354162921, 1.787542739828742]",-9.10320147423699e-13,1.000634559562968,0.9171070385367948,0.9576862193293174,0.9680504739644772,0.968913432621569,0.006536155406356592,0.006536155406356592,"[""species"", ""species""]","[""e06148b15514750c0c6e64bb4ec891abeffbbef31ccf22d2e76323d77e05f211"", ""2f0690ac1834e09dba7f11f1a72eb3b68294ff2a17f749c88925be6c700cf8f5""]","[""bilayer_hex_6_6"", ""trilayer_4_4_4""]","[1.0, 1.0]","[1.0, 1.0]",1,"[1, 1]",1.0000000000009104,False,0.0065361554063565475,0.0065361554063565475,"[0.4356806290991144, 0.57149008587021]",0.35491369978496823,2,"[null, null]",0.00039555110185143897,locked,448,ok,True,1.0071707149693245,Dimer_Synthesis,dimer
"[1.6166872392849, 0.7194517772339223]",-9.10320147423699e-13,0.743065189382586,0.7961934926033586,0.9995384659419999,0.7300418673021205,0.7544087638863007,0.003815015161781285,0.003815015161781285,"[""species"", ""species""]","[""f2f02ae0c50b31b8861eff364544557c420724d30ebf389b9f0f8e7d89a92cc6"", ""3c5467515bb93eab9140f0f871cfe7a33052af445c40ea149fcc6474ae0aa226""]","[""trimer_chain"", ""square_ring""]","[1.0, 1.0]","[1.0, 1.0]",1,"[1, 1]",1.0000000000009104,False,0.0038150151617812877,0.0038150151617812877,"[0.5168663711463021, 0.23001383339806528]",0.7002530610831675,2,"[null, null]",0.0018186960396735022,no_lock,449,fail,False,0.7468802045443673,Dimer_Synthesis,dimer
"[1.7665477209003784, 1.5421978988900371]",-9.10320147423699e-13,1.052058593397586,0.931642446042563,0.7854009046542941,0.9922788364842915,0.9918750643641694,0.005770837051650478,0.005770837051650478,"[""species"", ""species""]","[""ae1f698876c06db2ef6e9a1d647e6b559713f48c8e1f0cad814ce584007614f8"", ""452979c2331e758205017f67f078458bc6149f5bddfec7f750d84946a76bfd20""]","[""honeycomb_7"", ""bipartite_3_3""]","[1.0, 1.0]","[1.0, 1.0]",1,"[1, 1]",1.0000000000009104,False,0.00577083705165049,0.00577083705165049,"[0.5647778294844595, 0.4930516009647768]",0.6292654060988999,2,"[null, null]",0.0004920154463301447,locked,450,ok,True,1.0578294304492364,Dimer_Synthesis,dimer
"[0.41219289835712336, 1.5308295001262526]",-9.10320147423699e-13,0.6177813907324541,0.5374322669495069,0.899360798466456,0.8736504187069662,0.6134500092059939,0.003416644209855124,0.003416644209855124,"[""species"", ""species""]","[""b2be125cebb9d649b33b5db49e0be4f30bcbbe4c843c0492cd6f4b5e7eea84b9"", ""f30c95dc6ee1b2bf709ed5b8e07500b1e992d9eb0e8339a2b4695901ddcb5496""]","[""bowtie"", ""tetrahedron_k4""]","[1.0, 1.0]","[1.0, 1.0]",1,"[1, 1]",1.0000000000009104,False,0.003416644209855102,0.003416644209855102,"[0.13178099165325227, 0.4894170432890569]",0.3208456528353145,2,"[null, null]",2.3070492621690617,no_lock,451,fail,False,0.6211980349423092,Dimer_Synthesis,dimer
"[1.7298516878497272, 0.9888690315677775]",-9.10320147423699e-13,0.8644905415764479,0.8893819436854691,0.874312050295981,0.8842243087692079,0.888478205675238,0.004703745518408038,0.004703745518408038,"[""species"", ""species""]","[""918492a614d0beacda619e5518e8503b1599fdc20591948dbb68c55de3228a3a"", ""d793be16db7a87b81d94aaf17dadac677a4c653542508042547e0d95269c50fe""]","[""octahedron"", ""tetrahedron_k4""]","[1.0, 1.0]","[1.0, 1.0]",1,"[1, 1]",1.0000000000009104,False,0.00470374551840802,0.00470374551840802,"[0.5530458475788287, 0.31614843951602717]",0.8500696842380828,2,"[null, null]",0.0004408025967567555,no_lock,452,fail,False,0.8691942870948559,Dimer_Synthesis,dimer
"[0.006326738691057456, 1.145500728268387]",-9.10320147423699e-13,0.3670952759366074,0.5246083089552934,0.8329178753652347,0.5366137401445266,0.5835719895205259,0.001152130591632923,0.001152130591632923,"[""species"", ""species""]","[""654583aee31d66e81d74402109623717a554d1192f73a0067102ab9fd2450d32"", ""7fac7ccbbcdcaebeab826669c3b351de9d96ce91d879f833c80ddc077309bd3f""]","[""trimer_chain"", ""heptamer_chain""]","[1.0, 1.0]","[1.0, 1.0]",1,"[1, 1]",1.0000000000009104,False,0.0011521305916329383,0.0011521305916329383,"[0.0020227032099815467, 0.3662247033182588]",0.34050744582059334,2,"[null, null]",2.4454941095942844,no_lock,453,fail,False,0.36824740652824034,Dimer_Synthesis,dimer
"[1.4704011658452925, 1.914723952795756]",-9.10320147423699e-13,1.0749104200688722,0.9328861569959598,0.9991435638678472,0.9694588385807842,0.9681638040959337,0.0073380776195923715,0.0073380776195923715,"[""species"", ""species""]","[""d391de13df936e40acdf6563e888efa1af7117e53ad8c716c5f395535a1c2dbd"", ""bc2670a2047cc2c5f005a12930684fa3cd524c3dfef5e5e0a3fd650b7b30c4da""]","[""bilayer_square_4_4"", ""dimer""]","[1.0, 1.0]","[1.0, 1.0]",1,"[1, 1]",1.0000000000009104,False,0.007338077619592376,0.007338077619592376,"[0.47009767644106293, 0.6121508212474015]",0.44189675344655677,2,"[null, null]",0.0005302670777728722,locked,454,ok,True,1.0822484976884645,Dimer_Synthesis,dimer
"[1.469808591590249, 1.0806824768853114]",-9.10320147423699e-13,0.8098469305074557,0.9182052374705801,0.9994308729151494,0.9751995091848012,0.9746510660880171,0.005563144595949769,0.005563144595949769,"[""species"", ""species""]","[""310f2bd27d19339939fcc6adf353c3a4d74596df62b1213b423ff03fe9e38c70"", ""c38f908b13eedfaf4c4930209188ca85aa07b93a852310f04371d892fc9b1799""]","[""diatomic_prism_12"", ""honeycomb_7""]","[1.0, 1.0]","[1.0, 1.0]",1,"[1, 1]",1.0000000000009104,False,0.005563144595949754,0.005563144595949754,"[0.4699082262509479, 0.3455018488524575]",0.7088027956910498,2,"[null, null]",0.0002222644337388397,locked,455,ok,True,0.8154100751034055,Dimer_Synthesis,dimer
"[1.2297926235550591, 1.00996102669551]",-9.10320147423699e-13,0.7110878869436642,0.9095555598130132,0.9993433293684322,0.9936253679526562,0.9920465633296514,0.004977232725835868,0.004977232725835868,"[""species"", ""species""]","[""e7de31e100d56e163d5ef0dee742a0e633c5e2173f33158196a531d4b48c10b1"", ""fa2af4491904092fab3cf5e30b503a4d6f6c32de4337e5dd6311062aed868acf""]","[""prism_square"", ""cuboctahedron""]","[1.0, 1.0]","[1.0, 1.0]",1,"[1, 1]",1.0000000000009104,False,0.004977232725835834,0.004977232725835834,"[0.39317341978931686, 0.3228916998801831]",-0.5199893278388807,2,"[null, null]",0.0002454336885634371,locked,456,ok,True,0.7160651196695,Dimer_Synthesis,dimer
"[1.0639462094127305, 1.5731408370857038]",-9.10320147423699e-13,0.8377120986480832,0.9244768692371615,0.9577448216772821,0.9524144502009037,0.9553498009743929,0.005383324510859343,0.005383324510859343,"[""species"", ""species""]","[""fc058d4af786785731880d20284cfb6e09ec3ec3aad581e5c0f6dfa9b77ae43e"", ""dfef78997f435fa115285897c5f40e7ff72be7c4c9a52ace8dc063da9ab42605""]","[""trilayer_4_4_4"", ""bipartite_4_8""]","[1.0, 1.0]","[1.0, 1.0]",1,"[1, 1]",1.0000000000009104,False,0.005383324510859322,0.005383324510859322,"[0.3401511454975445, 0.5029442776613979]",0.25685039071855287,2,"[null, null]",0.00026455147634434545,locked,457,ok,True,0.8430954231589425,Dimer_Synthesis,dimer
"[0.7013350904035032, 0.6178862140540263]",-9.10320147423699e-13,0.4191862250061142,0.937411139082636,0.8743802461834957,0.9987219691909288,0.9990813474739711,0.0025781780304669623,0.0025781780304669623,"[""species"", ""species""]","[""fc7e627556b4d064d9fb1a0eacdc7fe5bac5aa4b70f6575b98cdfd42406c42b1"", ""61b0e0391f899a3d44fc3a1818a97f38925532303f9e806942b41e3b7053595d""]","[""square_ring"", ""octahedron""]","[1.0, 1.0]","[1.0, 1.0]",1,"[1, 1]",1.0000000000009104,False,0.002578178030466949,0.002578178030466949,"[0.22422180018861496, 0.19754260284796615]",0.8375884157321071,2,"[null, null]",0.00015717092422980766,locked,458,ok,True,0.42176440303658114,Dimer_Synthesis,dimer
"[1.0250152296183244, 0.931039595167681]",-9.10320147423699e-13,0.6228156517241832,0.9336583683552923,0.5830679342858804,0.9986412843894372,0.9985034836852476,0.002548942294358322,0.002548942294358322,"[""species"", ""species""]","[""843851ee1a94c09191438af777441842d5e4333eeba3afc3b79d31386e4304d5"", ""46d608485c89ba1288d2a0fb5dcae963056a7a209484fb455254d058c0aebc44""]","[""star_4"", ""wheel_5""]","[1.0, 1.0]","[1.0, 1.0]",1,"[1, 1]",1.0000000000009104,False,0.002548942294358314,0.002548942294358314,"[0.327704635274327, 0.2976599587442145]",0.5910928479000467,2,"[null, null]",0.0002966498973206156,locked,459,ok,True,0.6253645940185415,Dimer_Synthesis,dimer
"[0.9525921099025247, 1.1936653167536146]",-9.10320147423699e-13,0.681849391235972,0.9152695648451822,0.9076193533782226,0.9919328104394496,0.9914366339034008,0.004324322952705684,0.004324322952705684,"[""species"", ""species""]","[""5cbd6c3a9809ac8500b240af43823a3fa39f551a3fe567a5d55e506c4aa4d480"", ""67f4598701c988c6872dc90f93a0898b9882ed2ecc57ed7c20e3f4a777afb477""]","[""decamer_chain"", ""dodecamer_chain""]","[1.0, 1.0]","[1.0, 1.0]",1,"[1, 1]",1.0000000000009104,False,0.004324322952705684,0.004324322952705684,"[0.304550450491402, 0.38162326369727567]",0.8118234022141757,2,"[null, null]",0.000338730594344418,locked,460,ok,True,0.6861737141886777,Dimer_Synthesis,dimer
"[1.4034446935164038, 1.0221636584587985]",-9.10320147423699e-13,0.770171989777336,0.9273578538546554,0.9991724206622881,0.9794057088903434,0.9762780741070758,0.005312195563381896,0.005312195563381896,"[""species"", ""species""]","[""ff35e67cd74c93e4393748cbc03932138e9bd8523141366281dc78ba3c46976e"", ""453abef5d2df76ded6c51b84df108ae8f31beb0a8073fb63ad51bfe233cf231e""]","[""pentamer_chain"", ""ladder_4""]","[1.0, 1.0]","[1.0, 1.0]",1,"[1, 1]",1.0000000000009104,False,0.005312195563381916,0.005312195563381916,"[0.4486912175809693, 0.3267929677597486]",0.6716360305225246,2,"[null, null]",0.0003584242231599299,locked,461,ok,True,0.775484185340718,Dimer_Synthesis,dimer
"[0.9232058721479088, 0.9967406164071443]",-9.10320147423699e-13,0.6097103038071698,0.9275533570108118,0.957646757627888,0.9988909795586055,0.9991632058124325,0.004110199145199985,0.004110199145199985,"[""species"", ""species""]","[""cdb108f8accc31ef54598f4213ea9ee0d1e562c98a9ee6e6266c5f4b726dfb89"", ""4ec27f271f676b2eb66657728fbce77ef988fec6f2290684a57d9c3e69acfed3""]","[""grid_3x4"", ""nonamer_chain""]","[1.0, 1.0]","[1.0, 1.0]",1,"[1, 1]",1.0000000000009104,False,0.004110199145199944,0.004110199145199944,"[0.2951554619612834, 0.3186650409910864]",0.07615908513657665,2,"[null, null]",0.00025961584311814907,locked,462,ok,True,0.6138205029523698,Dimer_Synthesis,dimer
"[0.8409001740001713, 1.3029619652624178]",-9.10320147423699e-13,0.6807791899943688,0.9038126720467887,0.9993829876521185,0.965346208440186,0.9641941022924134,0.004628733834322835,0.004628733834322835,"[""species"", ""species""]","[""76a637f173c58bee0e1af36e42aa8cafbc3bc1be8b8fa76413a3f09db8d121d0"", ""0f2125bea9a24d87fb9703bc3136872cd80d94944e96513fdfad7b176fb63256""]","[""icosahedron"", ""honeycomb_7""]","[1.0, 1.0]","[1.0, 1.0]",1,"[1, 1]",1.0000000000009104,False,0.004628733834322829,0.004628733834322829,"[0.268841746795757, 0.4165661770329346]",0.2422438858924496,2,"[null, null]",0.0003137487411320638,locked,463,ok,True,0.6854079238286916,Dimer_Synthesis,dimer
"[1.2213071756803155, 2.0871290865657586]",-9.10320147423699e-13,1.051838704086161,0.8597369768691441,0.9992670708073296,0.7963335341398791,0.7987026010187775,0.005891822563103866,0.005891822563103866,"[""species"", ""species""]","[""294c3efdb8f64151284a57364c7efa2e116eff654294f1332389ce8b9e80739f"", ""82438b48e861fabe7dd69a24ce11c2b9f298d5c54ede7fbbd1cbed5e31a63620""]","[""grid_3x3"", ""hexagon_with_center""]","[1.0, 1.0]","[1.0, 1.0]",1,"[1, 1]",1.0000000000009104,False,0.005891822563103943,0.005891822563103943,"[0.3904605619501532, 0.6672699646991118]",0.7906960651299757,2,"[null, null]",0.0008562515827952319,no_lock,464,fail,False,1.057730526649265,Dimer_Synthesis,dimer
"[0.7520921123714751, 0.4920290927816222]",-9.10320147423699e-13,0.3950052603340168,0.9390840192858733,0.9993741000079919,0.9879860277390343,0.9890544191989147,0.002749108567960486,0.002749108567960486,"[""species"", ""species""]","[""3e22c9889dedd132c5b6e2ddfac3532cc86df230e0a8a5325c67c84533b2862f"", ""9a1c7d366f5e2b9977736b8d4989961b35352ed74fea57c7a4d4407db7652224""]","[""prism_square"", ""double_triangle""]","[1.0, 1.0]","[1.0, 1.0]",1,"[1, 1]",1.0000000000009104,False,0.002749108567960512,0.002749108567960512,"[0.240449179929908, 0.1573051889720693]",0.19820762743075193,2,"[null, null]",0.00044275874557439114,locked,465,ok,True,0.3977543689019773,Dimer_Synthesis,dimer
"[1.2926339387152097, 0.7943049567883319]",-9.10320147423699e-13,0.6627280873982461,0.9404396626534666,0.999342088331156,0.9600805937233838,0.9568958101121587,0.004481071870004509,0.004481071870004509,"[""species"", ""species""]","[""d6da2d983ff283af3d5162ef53c9c37a5397b1c866c27de0b51fdd98a787f235"", ""a2a6447ffb1d0be398c522eee3208ecb88523df023e7753c80c6dbff8f509ad8""]","[""star_4"", ""honeycomb_7""]","[1.0, 1.0]","[1.0, 1.0]",1,"[1, 1]",1.0000000000009104,False,0.0044810718700044605,0.0044810718700044605,"[0.41326423373008564, 0.25394492553816495]",0.12355350140746169,2,"[null, null]",0.00036952299737400636,locked,466,ok,True,0.6672091592682505,Dimer_Synthesis,dimer
"[1.6163732594797415, 1.4059617193296607]",-9.10320147423699e-13,0.9595411940638786,0.9212337610414109,0.9994164350342878,0.994206677520437,0.9933970149851655,0.0067207240896446216,0.0067207240896446216,"[""species"", ""species""]","[""33d9661d625d9d49e22a409f28976e1ba2351eab409f6ff7544b4d66cddb45ce"", ""93f0ba0f253d27f0e10d7e8e97ce2401a1a4e6c6dc377f3c4baee30428ec0fd4""]","[""trilayer_4_4_4"", ""tetrahedron_k4""]","[1.0, 1.0]","[1.0, 1.0]",1,"[1, 1]",1.0000000000009104,False,0.006720724089644636,0.006720724089644636,"[0.5167659895767801, 0.4494959285767431]",0.21962507000112497,2,"[null, null]",0.0003328306784555107,locked,467,ok,True,0.9662619181535232,Dimer_Synthesis,dimer
"[0.9897458234253085, 1.3928558450749449]",-9.10320147423699e-13,0.7565225314403788,0.9139876909542567,0.9994635078801364,0.9780140102508188,0.9735718692981056,0.005212112317659973,0.005212112317659973,"[""species"", ""species""]","[""59166a7fd1d71093b3a0b5f57237f07d38546f4487fff08c7ac31af4a24ad07b"", ""4f97ee7d6b2d1ce344701a252548d261cf6fa7f25c8f31c10318f7aec5253d83""]","[""petersen"", ""wheel_5""]","[1.0, 1.0]","[1.0, 1.0]",1,"[1, 1]",1.0000000000009104,False,0.005212112317659945,0.005212112317659945,"[0.31642875608848503, 0.44530588766955376]",0.32615891866241153,2,"[null, null]",0.00042719662927249486,locked,468,ok,True,0.7617346437580388,Dimer_Synthesis,dimer
"[1.6546483333236888, 1.4190833409366188]",-9.10320147423699e-13,0.9758876194126098,0.9256829467176937,0.999233210078987,0.9901950140488694,0.9908800815754752,0.006806186629365806,0.006806186629365806,"[""species"", ""species""]","[""30f33859bee047fe6c9df2dee6ebe2c17244cc1417dddde82c803b9293043d5e"", ""4df878840b188b9eb3566cad4ec7e50ae31f8c187d07b610e63701275ea45766""]","[""trimer_triangle"", ""grid_3x4""]","[1.0, 1.0]","[1.0, 1.0]",1,"[1, 1]",1.0000000000009104,False,0.006806186629365829,0.006806186629365829,"[0.5290028020178978, 0.45369100402407775]",0.38463576236403385,2,"[null, null]",0.00028535616351336686,locked,469,ok,True,0.9826938060419756,Dimer_Synthesis,dimer
"[1.1005950666822746, 1.5355047074890402]",-9.10320147423699e-13,0.8385004120993188,0.9315207123630752,0.7496294420329954,0.9676568308069894,0.9692624950665302,0.004279373097838859,0.004279373097838859,"[""species"", ""species""]","[""455e892a2cdc0f6865dc0a7221702fd02a0b02e70d9fed3f43f032ea89881541"", ""ce6d64283fe6ed875cf71ca47ffb2b33ca2efc8c0cf917544f0486957ff24f99""]","[""icosahedron"", ""star_6""]","[1.0, 1.0]","[1.0, 1.0]",1,"[1, 1]",1.0000000000009104,False,0.004279373097838879,0.004279373097838879,"[0.35186804497152485, 0.4909117402256328]",0.0566269499674219,2,"[null, null]",0.00035091519988857974,locked,470,ok,True,0.8427797851971577,Dimer_Synthesis,dimer
"[1.5861320461429607, 1.1157222218164975]",-9.10320147423699e-13,0.8588351065334793,0.9307226957298943,0.8535982394271107,0.9623119351921045,0.9621036348753638,0.004966856463431875,0.004966856463431875,"[""species"", ""species""]","[""ed6a3ed0c3f7512615b03bbb2d83a9fedd5a43eeb0eea1b017db261ab71d9f0d"", ""100fccbb694fa9973bae446737c1b5ecf96a61eca4eb7c05bee79921d0520d99""]","[""hexagon_ring"", ""bipartite_4_4""]","[1.0, 1.0]","[1.0, 1.0]",1,"[1, 1]",1.0000000000009104,False,0.004966856463431868,0.004966856463431868,"[0.5070976592920945, 0.35670430370481665]",0.37313890156603524,2,"[null, null]",0.0006831750358129581,locked,471,ok,True,0.8638019629969111,Dimer_Synthesis,dimer
"[0.8831759451943654, 1.5591039320732467]",-9.10320147423699e-13,0.7758755819608111,0.911002027192314,0.9994950594365659,0.9040203027875825,0.9109366531806978,0.004938608200859808,0.004938608200859808,"[""species"", ""species""]","[""ec3e0e4e019157a8ad75f663f8be16aa1e0eacc830ef2be0240d8cad9e0ed96c"", ""485bffcce9bbfbcb1bcc7dc4d88ac680a12cd2c7a39095a216ecbfccd6009f15""]","[""trimer_triangle"", ""trimer_triangle""]","[1.0, 1.0]","[1.0, 1.0]",1,"[1, 1]",1.0000000000009104,False,0.004938608200859784,0.004938608200859784,"[0.2823576105408186, 0.49845657962085227]",0.7678930883049622,2,"[null, null]",0.00033653516727872695,locked,472,ok,True,0.7808141901616709,Dimer_Synthesis,dimer
"[1.09838974582214, 0.8276813117315351]",-9.10320147423699e-13,0.6117338587402344,0.9210862220880744,0.9493722332877241,0.9883903640312041,0.9876370049407978,0.004044712338257987,0.004044712338257987,"[""species"", ""species""]","[""f2fb30927446d2d21605fdfa92ef07c64c96009369690af2b615393b8fa801f8"", ""c1e028badadd8b3125878175d7d1647bc8c3868ed6df516b54cf6faebb981fb0""]","[""decamer_chain"", ""decagon_ring""]","[1.0, 1.0]","[1.0, 1.0]",1,"[1, 1]",1.0000000000009104,False,0.004044712338257983,0.004044712338257983,"[0.35116298825895065, 0.26461558281954173]",0.5367194937338093,2,"[null, null]",0.0004483292622368524,locked,473,ok,True,0.6157785710784924,Dimer_Synthesis,dimer
"[1.4265141547655338, 1.0843108665361743]",-9.10320147423699e-13,0.7980254806755709,0.9310657378393866,0.8535456041221804,0.9805927839296218,0.9808169921943645,0.004703077952492089,0.004703077952492089,"[""species"", ""species""]","[""2f12569ce3dc939c8d704e6b671b1bf322cf1b8615c9a17e84f425dd5df8613e"", ""c01776c8841c609397f65d41ffe9638679f79825dd2c1043315cf22cf4a2be5e""]","[""bilayer_square_4_4"", ""octahedron""]","[1.0, 1.0]","[1.0, 1.0]",1,"[1, 1]",1.0000000000009104,False,0.004703077952492141,0.004703077952492141,"[0.45606668788245586, 0.3466618707456072]",0.058725518182718206,2,"[null, null]",0.0002657419197883816,locked,474,ok,True,0.802728558628063,Dimer_Synthesis,dimer
"[1.4545987885450442, 0.365558436285698]",-9.10320147423699e-13,0.578638885333606,0.5425772040661855,0.8119182302187996,0.9912310215552492,0.5946395969700335,0.0032782825968581033,0.0032782825968581033,"[""species"", ""species""]","[""c8f8e22cc325baa53066575869e4685311ad61728400e7821d9add94c73d39b2"", ""e782791a48d6abace7538c4be4ca44b723f352feee2bfe18ca1ae1c04ffeb881""]","[""moebius_kantor"", ""tetrahedron_k4""]","[1.0, 1.0]","[1.0, 1.0]",1,"[1, 1]",1.0000000000009104,False,0.0032782825968581397,0.0032782825968581397,"[0.4650455443946216, 0.11687162353584253]",0.0726056268556623,2,"[null, null]",2.9191622407398463,no_lock,475,fail,False,0.5819171679304641,Dimer_Synthesis,dimer
"[1.2980127888166721, 1.1162278323190395]",-9.10320147423699e-13,0.7671473052801895,0.9476599274667721,0.8744338986146492,0.9953464631617174,0.9949805925330596,0.004702535924940151,0.004702535924940151,"[""species"", ""species""]","[""a7ef3df2b1ba7bb408af554a3e9c27f40871f3dee18a2c3321d8616753eb967f"", ""b39ff34c4ae1a888c44eb9193ed4df58f9021edd9ae1b1af9bdd9323acca6c02""]","[""trilayer_4_4_4"", ""moebius_kantor""]","[1.0, 1.0]","[1.0, 1.0]",1,"[1, 1]",1.0000000000009104,False,0.004702535924940188,0.004702535924940188,"[0.4149838902383615, 0.35686595096676815]",0.04094471567784408,2,"[null, null]",0.0001733034079732972,locked,476,ok,True,0.7718498412051297,Dimer_Synthesis,dimer
"[1.5547218133951604, 1.159560940746059]",-9.10320147423699e-13,0.8618539899828448,0.9378949963403801,0.9993202545841242,0.975478827327931,0.9750992577845213,0.00592144815230667,0.00592144815230667,"[""species"", ""species""]","[""e70d0d09e1f011b421fd600576cf0400f3322b26bfa1772d3367ce92949e622d"", ""8e69aa6249eec04e33c76239d3a38ddca7ed7d154c27db2b1e9a9091e37ad4ea""]","[""star_6"", ""bilayer_hex_3_3""]","[1.0, 1.0]","[1.0, 1.0]",1,"[1, 1]",1.0000000000009104,False,0.005921448152306663,0.005921448152306663,"[0.49705558521449034, 0.37071985292066106]",0.21896448276841507,2,"[null, null]",0.0003596961694253716,locked,477,ok,True,0.8677754381351515,Dimer_Synthesis,dimer
"[1.5495494773140608, 1.3899724129395366]",-9.10320147423699e-13,0.9336084535418139,0.9272840843779876,0.943934085930471,0.9948243566868634,0.9960808623782889,0.006177533135817126,0.006177533135817126,"[""species"", ""species""]","[""998008a5a2454733dda7448df0e3cdeacb5dabe73fbe4db7d0d12be95fedc2b7"", ""9430981d68c006f3aab45ab5f4012d6c3abe9b5f85266b2a51e0001df6bcd01b""]","[""nonamer_chain"", ""tetramer_chain""]","[1.0, 1.0]","[1.0, 1.0]",1,"[1, 1]",1.0000000000009104,False,0.006177533135817148,0.006177533135817148,"[0.49540195270250886, 0.4443840339751222]",0.08776072713024663,2,"[null, null]",0.0002124258641977813,locked,478,ok,True,0.939785986677631,Dimer_Synthesis,dimer
"[0.41923545309198407, 1.226224439851745]",-9.10320147423699e-13,0.5233074259509471,0.8823024940204154,0.874582643876658,0.8562863799516057,0.8513716767716426,0.0027577665403334694,0.0027577665403334694,"[""species"", ""species""]","[""f337e09a0bf5aab1efc62bf768e7e29d6162136c146df86e38fca5936b5d8aca"", ""c35a588a351a30ab4036437b5576f0074efb4e6f9be8a02d5acd0630b6b6a570""]","[""bipartite_4_8"", ""cube""]","[1.0, 1.0]","[1.0, 1.0]",1,"[1, 1]",1.0000000000009104,False,0.0027577665403334395,0.0027577665403334395,"[0.13403254632688028, 0.3920326461644003]",0.8610693234584958,2,"[null, null]",0.000704083767742847,no_lock,479,fail,False,0.5260651924912806,Dimer_Synthesis,dimer
"[1.3484631429327474, 1.4818304680025187]",-9.10320147423699e-13,0.8990818286191007,0.9361292651917106,0.915884271345307,0.9968699785371786,0.9969196851693045,0.005783102837736606,0.005783102837736606,"[""species"", ""species""]","[""8f43458d917b5a9f4346ff40dd43db8c79109bf2f21cb9b83bac99829be54e0f"", ""6e1591a2f96eddb57e17c394f0f1d368f540ecb0508cfa4a282ae3a71f9737c8""]","[""pentagon_ring"", ""complete_k6""]","[1.0, 1.0]","[1.0, 1.0]",1,"[1, 1]",1.0000000000009104,False,0.005783102837736642,0.005783102837736642,"[0.4311132260934251, 0.47375170536341227]",0.5612877275137751,2,"[null, null]",0.00038334411259652486,locked,480,ok,True,0.9048649314568373,Dimer_Synthesis,dimer
"[0.6560053373710795, 1.9811935708238446]",-9.10320147423699e-13,0.8409303691348263,0.5680208532912626,0.8282694491654177,0.4502141040501977,0.5565542766718536,0.0022008170014750222,0.0022008170014750222,"[""species"", ""species""]","[""f3d7d359979b81787b0311979d4650bb9318f989f7facc0db61d15aa503c2f6d"", ""c0eafb842b0927dd2767d95c6944befc1851c6b266262bf4e53641173dab392c""]","[""complete_k5"", ""heptamer_chain""]","[1.0, 1.0]","[1.0, 1.0]",1,"[1, 1]",1.0000000000009104,False,0.0022008170014750084,0.0022008170014750084,"[0.2097295568000976, 0.6334016293362037]",0.5830012325426213,2,"[null, null]",3.4542823735367065,no_lock,481,fail,False,0.8431311861363013,Dimer_Synthesis,dimer
"[0.6988302898556624, 1.2487671871366843]",-9.10320147423699e-13,0.6185269445425328,0.9319117186753871,0.9990117732361735,0.9493508945342392,0.9466923853929942,0.0041337754319703615,0.0041337754319703615,"[""species"", ""species""]","[""09f6f66c3b02934ac475e6dbd9513d212e19d02e6f58d1288e5c66a3ae4701be"", ""6b60b316bc511352a79916344310671a0b7fc572c1013f477c2d9308dc8fa8dd""]","[""prism_triangular"", ""ladder_5""]","[1.0, 1.0]","[1.0, 1.0]",1,"[1, 1]",1.0000000000009104,False,0.004133775431970355,0.004133775431970355,"[0.22342099769686002, 0.39923972227764315]",0.37873598556345034,2,"[null, null]",0.0003266017373746905,locked,482,ok,True,0.6226607199745031,Dimer_Synthesis,dimer
"[0.600388992598109, 1.4663772603827656]",-9.10320147423699e-13,0.6571227504264567,0.8561953526233282,0.9994050977345499,0.7868078297347701,0.7916278348198873,0.003637072022796978,0.003637072022796978,"[""species"", ""species""]","[""c3f2a8cc5936249db3ffb855763ff2303f14bc9bae88fafc546b26f8d157e09f"", ""ef8be0035e6c555e9acc96dddc88ea3e80f6654cff85d20023f728e4307c3df1""]","[""prism_triangular"", ""prism_triangular""]","[1.0, 1.0]","[1.0, 1.0]",1,"[1, 1]",1.0000000000009104,False,0.00363707202279695,0.00363707202279695,"[0.19194861711015362, 0.4688112053391001]",0.6563418764880902,2,"[null, null]",0.0009666051320755132,no_lock,483,fail,False,0.6607598224492537,Dimer_Synthesis,dimer
"[1.018007332995516, 0.686349721691524]",-9.10320147423699e-13,0.5414173263987475,0.9375328727621238,0.9280068492687845,0.9824960711948294,0.9823833757806778,0.0034777062257100215,0.0034777062257100215,"[""species"", ""species""]","[""e32e42408c5eb9230b8806b69a61405968b366e68e8471b3ed667a85e5ae7c5f"", ""f1ea66a8304cf201adaf0c1f08a8a9ec5320d7bb5bac8e952f7aa10d211d3f08""]","[""honeycomb_7"", ""honeycomb_7""]","[1.0, 1.0]","[1.0, 1.0]",1,"[1, 1]",1.0000000000009104,False,0.0034777062257099756,0.0034777062257099756,"[0.3254641610448146, 0.21943087157964292]",-0.06096645552535551,2,"[null, null]",0.00048401619521752594,locked,484,ok,True,0.5448950326244575,Dimer_Synthesis,dimer
"[0.543176641298931, 0.8958627324172711]",-9.10320147423699e-13,0.4569177322392874,0.9345781186679614,0.9993428195754164,0.9797959783871548,0.9794219348380653,0.003153356933369981,0.003153356933369981,"[""species"", ""species""]","[""63b486404e0cc0292ed4b5bde0c52d8bb72ef2f6ad19c3ebb45c0883f9da95d2"", ""08c7a1d4d1610120591de334e6abf1a6f588eac042f448549e720ba410aae825""]","[""octamer_chain"", ""pentagon_ring""]","[1.0, 1.0]","[1.0, 1.0]",1,"[1, 1]",1.0000000000009104,False,0.0031533569333699885,0.0031533569333699885,"[0.1736574228196404, 0.286413666353017]",0.7821213558583362,2,"[null, null]",0.00040782753957310374,locked,485,ok,True,0.4600710891726574,Dimer_Synthesis,dimer
"[0.7205065535960652, 1.6735866806635173]",-9.10320147423699e-13,0.7619748619112056,0.6319321585657693,0.9278637151606259,0.6906991583411228,0.6316737052577407,0.0034337168841635035,0.0034337168841635035,"[""species"", ""species""]","[""95336a1e2edc0ecc5823c459a12ded774f1e8d4f049b265c0b4b429045b35f50"", ""fd2e3c5e6cd4b219d0cee0b8b3051c3c4c5df665246d7181e23d1ca4cae8dbee""]","[""complete_k5"", ""hexagon_with_center""]","[1.0, 1.0]","[1.0, 1.0]",1,"[1, 1]",1.0000000000009104,False,0.0034337168841634957,0.0034337168841634957,"[0.23035105287838534, 0.5350575259169837]",0.789484389674017,2,"[null, null]",1.3890574060902614,no_lock,486,fail,False,0.765408578795369,Dimer_Synthesis,dimer
"[1.1433127916722272, 1.8355547822522902]",-9.10320147423699e-13,0.9465928610815058,0.8923419241156545,0.9576946368957101,0.9040954543576057,0.9038178665584216,0.00577221958851318,0.00577221958851318,"[""species"", ""species""]","[""2c0d89025c2584cdaf5a3cff13ce51cedc3f78373596ba55f4c1ed2c582eb5e7"", ""aab99c8288f3848ba57d96f1ce3b40590b950cc300af50c993b77a6a629d47df""]","[""bipartite_2_4"", ""diatomic_prism_12""]","[1.0, 1.0]","[1.0, 1.0]",1,"[1, 1]",1.0000000000009104,False,0.00577221958851315,0.00577221958851315,"[0.3655252044781149, 0.586839876191904]",0.5283852386302661,2,"[null, null]",0.0003310727704475502,locked,487,ok,True,0.9523650806700189,Dimer_Synthesis,dimer
"[1.1892625148930296, 1.4006200682707945]",-9.10320147423699e-13,0.822972209318503,0.9466664076774349,0.8743961159496221,0.992815541931772,0.9927530031443002,0.0050316122784326255,0.0050316122784326255,"[""species"", ""species""]","[""043db0bfcb5a648bb8ff89768c3d04eab475c153fd803eb559dd9e5a04c996c1"", ""e12b89ac1d32d9cd8bcdd8912a5dfa3acc368f27e89a515af6816acefca67d41""]","[""moebius_kantor"", ""complete_k6""]","[1.0, 1.0]","[1.0, 1.0]",1,"[1, 1]",1.0000000000009104,False,0.005031612278432629,0.005031612278432629,"[0.3802156567308451, 0.44778816486609047]",0.6525892986594722,2,"[null, null]",0.00021810721832429516,locked,488,ok,True,0.8280038215969356,Dimer_Synthesis,dimer
"[0.4818125234942923, 0.32957673606023696]",-9.10320147423699e-13,0.2578544657878127,0.9331007416208801,0.8578603209265754,0.9965901083148646,0.9966910315853152,0.0015524324558676673,0.0015524324558676673,"[""species"", ""species""]","[""9a4bcfa0b960e2353190a551eb0f4fe65844b9306a11e8102edfacda7c09ffc3"", ""ccb12d69cd73c17acf3be17a042f2fe3e77ed59e778bb876b2c7fd994741337e""]","[""icosahedron"", ""pentamer_chain""]","[1.0, 1.0]","[1.0, 1.0]",1,"[1, 1]",1.0000000000009104,False,0.0015524324558676694,0.0015524324558676694,"[0.15403887934532748, 0.10536801889835287]",0.7295755256617424,2,"[null, null]",0.0002037586099060255,locked,489,ok,True,0.25940689824368035,Dimer_Synthesis,dimer
"[0.9114333808541737, 1.4063915608312387]",-9.10320147423699e-13,0.7364703735306626,0.9092383229773695,0.9159954372276267,0.958594017422557,0.9590072695743566,0.00455469146040841,0.00455469146040841,"[""species"", ""species""]","[""9824c18e9c8f1c291d4eca22c39b5c792752831c1230c03fbd87cbf8968864e7"", ""3565e4e2ec21c92da14cafb7f315a8e1d0bd4df6c161579986c27d69d1777920""]","[""dodecamer_chain"", ""truncated_tetrahedron""]","[1.0, 1.0]","[1.0, 1.0]",1,"[1, 1]",1.0000000000009104,False,0.004554691460408433,0.004554691460408433,"[0.2913917130391135, 0.4496333519519576]",-0.006785802933255036,2,"[null, null]",0.0004940885210390842,locked,490,ok,True,0.741025064991071,Dimer_Synthesis,dimer
"[1.3296604195589394, 0.4382274621628095]",-9.10320147423699e-13,0.5621467238804478,0.8702312595459809,0.9994287918272098,0.7737536918511809,0.7545637105409153,0.00305956451904631,0.00305956451904631,"[""species"", ""species""]","[""ebd2167b52b3237b65dd60629863ebad094462a7f34c3fdb6e3faee9811eacf0"", ""7d699b71b9b2751dac864601dee4e5e4aba906895b5abb37b05b71ecbfaffd96""]","[""honeycomb_7"", ""bowtie""]","[1.0, 1.0]","[1.0, 1.0]",1,"[1, 1]",1.0000000000009104,False,0.0030595645190463205,0.0030595645190463205,"[0.4251018621377186, 0.14010442626177552]",0.8374088558222007,2,"[null, null]",0.0006307831280356357,no_lock,491,fail,False,0.5652062883994942,Dimer_Synthesis,dimer
"[0.19549722510231934, 0.006768538619224967]",-9.10320147423699e-13,0.06421565324077101,0.9296074422610695,0.9991811121837488,0.9952583022116129,0.9951860738062075,0.0004501452893964366,0.0004501452893964366,"[""species"", ""species""]","[""b8ea0aa56a43ee79f00e31116d72b3bc469673475d528c439ba591d8d4a3f0de"", ""fa50e0af65fa7b2275fff39cf0eaeb608538c85cbc024f0621babf885ca3f1ca""]","[""ladder_5"", ""tetrahedron_k4""]","[1.0, 1.0]","[1.0, 1.0]",1,"[1, 1]",1.0000000000009104,False,0.0004501452893964364,0.0004501452893964364,"[0.0625018487512171, 0.0021639497789503496]",0.3565052392451279,2,"[null, null]",0.00026071300716573,locked,492,ok,True,0.06466579853016745,Dimer_Synthesis,dimer
"[1.4665133281827543, 1.4214043643492074]",-9.10320147423699e-13,0.9171015059441819,0.9212270372363264,0.9577570219443352,0.9993950817932656,0.9996044737094707,0.006186252898054106,0.006186252898054106,"[""species"", ""species""]","[""b2f61dd56e8e743e61951d630814610d1547297afe8d262c645e27d3f4b17f01"", ""516b10ae549bfd57bb6343228f32b34b40bc05be0a14f53876315f41e66022c2""]","[""icosahedron"", ""bipartite_1_n""]","[1.0, 1.0]","[1.0, 1.0]",1,"[1, 1]",1.0000000000009104,False,0.006186252898054079,0.006186252898054079,"[0.4688547071793454, 0.4544330516628906]",-0.49419294045581497,2,"[null, null]",0.00038286539265626224,locked,493,ok,True,0.923287758842236,Dimer_Synthesis,dimer
"[0.003162285025730174, 1.2507784658250054]",-9.10320147423699e-13,0.39876912579068846,0.564126352085955,0.9281775552910448,0.8156863285817325,0.5596146999852856,0.002124621481893527,0.002124621481893527,"[""species"", ""species""]","[""952ab1c4aa341268473741b0eefdafd782d973d3d7c7b93c9beb33d27e1e0134"", ""6b6ff5cb8af9baef2a32027f7f96cc33c60d84dc02a83ef090a8a6f9f48f9940""]","[""heptamer_chain"", ""bipartite_2_4""]","[1.0, 1.0]","[1.0, 1.0]",1,"[1, 1]",1.0000000000009104,False,0.0021246214818935183,0.0021246214818935183,"[0.0010110049402643983, 0.3998827423323176]",0.6043988356649572,2,"[null, null]",2.6001536921390103,no_lock,494,fail,False,0.400893747272582,Dimer_Synthesis,dimer
"[1.907371101644467, 1.5194624589665788]",-9.10320147423699e-13,1.088559667443579,0.9229427772484512,0.9366155253015105,0.977771705728743,0.974810044679983,0.00702331481515672,0.00702331481515672,"[""species"", ""species""]","[""78369830e99fa238607170237ea5cec857afc82ac5038ceaa9f1013a128bc745"", ""d309f74c4e0ce26466236a4cf9ac191e1f7b931b9b671ff2f9b83edd037620a6""]","[""octahedron"", ""cube""]","[1.0, 1.0]","[1.0, 1.0]",1,"[1, 1]",1.0000000000009104,False,0.007023314815156612,0.007023314815156612,"[0.6098000626097402, 0.4857829196489952]",-0.1794766298845174,2,"[null, null]",0.0003267180077682344,locked,495,ok,True,1.0955829822587355,Dimer_Synthesis,dimer
"[1.8466075952970666, 1.4780307744523098]",-9.10320147423699e-13,1.0556623933604443,0.9226373686118239,0.9991607653336871,0.9749712368798772,0.9781645801065277,0.007248061914878514,0.007248061914878514,"[""species"", ""species""]","[""e413fd80652beeb0e709b0a3822407d81f1f051596b4afee514ab621cc383775"", ""5a61eccb6328af6130a47a16aeccb57df4cc1ae1d32c75ce4cd48ed5bacc1973""]","[""bipartite_4_4"", ""decamer_chain""]","[1.0, 1.0]","[1.0, 1.0]",1,"[1, 1]",1.0000000000009104,False,0.007248061914878479,0.007248061914878479,"[0.5903735388760599, 0.4725369163992628]",0.5836391120357017,2,"[null, null]",0.0006423931642909862,locked,496,ok,True,1.0629104552753228,Dimer_Synthesis,dimer
"[0.683145725291303, 1.6527024604677494]",-9.10320147423699e-13,0.7461339939835144,0.5282872162634445,0.9991193527271565,0.12507017805616957,0.5857984448095286,0.0006532299052460781,0.0006532299052460781,"[""species"", ""species""]","[""170708075e8e9d1f3c6c2ac54842d568075d85044ec8b53c30ec847e65723a97"", ""080d01842d7630c7ecfbfe0eb13efdf586ee2aa5f0a78c96a35ac626a173f80f""]","[""icosahedron"", ""octahedron""]","[1.0, 1.0]","[1.0, 1.0]",1,"[1, 1]",1.0000000000009104,False,0.0006532299052460777,0.0006532299052460777,"[0.21840653121726059, 0.5283806926714999]",0.7461603455216437,2,"[null, null]",2.3254572863588674,no_lock,497,fail,False,0.7467872238887605,Dimer_Synthesis,dimer
"[1.2041878081362223, 1.3559463010165835]",-9.10320147423699e-13,0.8127844595346356,0.9273578538546556,0.9992876432295561,0.9970646928897658,0.9963583981761024,0.005708564033105163,0.005708564033105163,"[""species"", ""species""]","[""71fe12e1b85b1806f3d32217a0989a943b99845318cf42cbdd935ffaa4b48775"", ""55aeb09ddcaba6affc85527abb77ed174609f591714cdcdcfcf2f1ade8787071""]","[""bilayer_hex_3_3"", ""pentamer_chain""]","[1.0, 1.0]","[1.0, 1.0]",1,"[1, 1]",1.0000000000009104,False,0.005708564033105157,0.005708564033105157,"[0.3849873787865692, 0.4335056447811716]",0.31973248335330773,2,"[null, null]",0.00024024552510178393,locked,498,ok,True,0.8184930235677408,Dimer_Synthesis,dimer
"[1.1389253536734707, 1.1789857359434255]",-9.10320147423699e-13,0.7360861750256933,0.9277199774329121,0.9575316066868054,0.9998717584161748,0.9998335578582624,0.004966432069778483,0.004966432069778483,"[""species"", ""species""]","[""f6624926b33a0188112adc42d47a0eb3da3460ed1cc43e9a74a9f667a0d6c01e"", ""d158af360b7feb632c8dc0897dccb018ec3b5dd13ecd03091d12375cd7f1ed56""]","[""diatomic_prism_12"", ""bipartite_2_4""]","[1.0, 1.0]","[1.0, 1.0]",1,"[1, 1]",1.0000000000009104,False,0.004966432069778537,0.004966432069778537,"[0.3641225094472258, 0.37693009764824603]",-1.0,2,"[null, null]",0.0002203242991912993,locked,499,ok,True,0.7410526070954718,Dimer_Synthesis,dimer
"[1.3771942253533977, 0.5363484744805455]",-9.10320147423699e-13,0.6084313621491924,0.863465969256364,0.9574527083333026,0.8150330094848518,0.8154145396044804,0.0033418041523779257,0.0033418041523779257,"[""species"", ""species""]","[""e8cd8279aadab44c5936c7b07a761c494d82e14150a3aeeac027f5250eb1c8a6"", ""659ac51fa2f21485b3d92a0af6fbbaf9bf7c32a0f0dd9c5b0ac717586a9d795e""]","[""dodecamer_chain"", ""bipartite_4_8""]","[1.0, 1.0]","[1.0, 1.0]",1,"[1, 1]",1.0000000000009104,False,0.0033418041523779474,0.0033418041523779474,"[0.4402987568188581, 0.17147440948271223]",0.7476282085260209,2,"[null, null]",0.0003031758346996882,no_lock,500,fail,False,0.6117731663015703,Dimer_Synthesis,dimer
"[0.9946597914219828, 1.3099143427689999]",-9.10320147423699e-13,0.7322799235974319,0.9146190871653375,0.8884245523889958,0.9840020232037135,0.9838048883927903,0.004508764302276973,0.004508764302276973,"[""species"", ""species""]","[""e42dc0dbe0543529418d5f1875114ffc9aa66fcb2750193e370806c79d8c7516"", ""1d9b4ecf66a781186c91201f7215d55c6db4dfa2752bc64f5e6aeb7c3c9e48f2""]","[""bipartite_3_6"", ""pentamer_chain""]","[1.0, 1.0]","[1.0, 1.0]",1,"[1, 1]",1.0000000000009104,False,0.00450876430227698,0.00450876430227698,"[0.31799978649229615, 0.4187889014074127]",0.21284495511637547,2,"[null, null]",0.0003330354401522747,locked,501,ok,True,0.7367886878997089,Dimer_Synthesis,dimer
"[1.2585979698911691, 1.224256853454219]",-9.10320147423699e-13,0.7882342876809894,0.9260022104870621,0.9992905401610236,0.9998988716987245,0.9997890792546729,0.005552000378821242,0.005552000378821242,"[""species"", ""species""]","[""94d6ba9b55f23e0264a5c649296c3d115a72fcb57bc5042fed3922c40077bc5c"", ""bac22ecd71a8d8800952914c15a3625c340ae9b9d9ea4f7ab1db056865a75ef2""]","[""hexagon_ring"", ""nonamer_chain""]","[1.0, 1.0]","[1.0, 1.0]",1,"[1, 1]",1.0000000000009104,False,0.005552000378821198,0.005552000378821198,"[0.4023826932149815, 0.3914035948448291]",0.880024197462385,2,"[null, null]",0.0003549791637123614,locked,502,ok,True,0.7937862880598106,Dimer_Synthesis,dimer
"[1.036189062222299, 1.0412487909157275]",-9.10320147423699e-13,0.6595258621372739,0.9317162155192311,0.9992578168228692,0.9999991027928028,0.9999552987969184,0.0046457465335318915,0.0046457465335318915,"[""species"", ""species""]","[""83a2194b053a6655f077293b9ce6fe3aee04258ba11caba70195b238df532cd3"", ""b1b6f70471401537ea069784891e54485c25c7c768d83329686c40eee691b375""]","[""decamer_chain"", ""hexagon_ring""]","[1.0, 1.0]","[1.0, 1.0]",1,"[1, 1]",1.0000000000009104,False,0.0046457465335318915,0.0046457465335318915,"[0.3312769887694701, 0.3328946199013358]",0.24599979565056518,2,"[null, null]",0.0003304342178389914,locked,503,ok,True,0.6641716086708058,Dimer_Synthesis,dimer
"[1.1154320122973331, 1.3144714689715087]",-9.10320147423699e-13,0.7724687905570713,0.930508111104974,0.8120553846243758,0.9937996704403285,0.9937769644232561,0.004388578067130429,0.004388578067130429,"[""species"", ""species""]","[""a8df356b2884da3f8f342b034f9c45d90fa6630a86ebf61fe29a6fc378064614"", ""a5f3e8a1b52abd794873f3fa5893ee147c1f15fbfa33c63e4bb90ba412830d99""]","[""ladder_4"", ""bipartite_4_4""]","[1.0, 1.0]","[1.0, 1.0]",1,"[1, 1]",1.0000000000009104,False,0.004388578067130444,0.004388578067130444,"[0.3566115216642353, 0.4202458469599664]",0.8901229936549566,2,"[null, null]",0.0003238059008981125,locked,504,ok,True,0.7768573686242017,Dimer_Synthesis,dimer
"[1.7150725230905508, 1.7746086362286295]",-9.10320147423699e-13,1.1078775833580012,0.9303414906828734,0.9992742161668143,0.9992515791466257,0.9995267349188726,0.007798221736337807,0.007798221736337807,"[""species"", ""species""]","[""4af75cfc954b28efbf1389bccbf7b0168e99b34ad94df358f3bf5b88de9f7070"", ""d6becc0c30d5d8dfeb3608101b3dda6a52a058f925d571cdb78a665ac9e4186b""]","[""truncated_tetrahedron"", ""truncated_tetrahedron""]","[1.0, 1.0]","[1.0, 1.0]",1,"[1, 1]",1.0000000000009104,False,0.007798221736337707,0.007798221736337707,"[0.5483208438353541, 0.5673549612589849]",0.2596229440323512,2,"[null, null]",0.0002653096692389624,locked,505,ok,True,1.115675805094339,Dimer_Synthesis,dimer
"[0.6261693431440974, 1.3800904998843333]",-9.10320147423699e-13,0.6382732901419705,0.8884127317009193,0.7911530411268698,0.8845785506180426,0.8780964232574815,0.0031422041136349795,0.0031422041136349795,"[""species"", ""species""]","[""15edecb462f9f18c068faf40d45d8592412fc07b749fbcb4723c23134559ca50"", ""8c942c5097890e147de25e93feec58945fd75aee86655dbd8a69f3bd235f67dc""]","[""wheel_5"", ""truncated_tetrahedron""]","[1.0, 1.0]","[1.0, 1.0]",1,"[1, 1]",1.0000000000009104,False,0.003142204113634972,0.003142204113634972,"[0.2001907779374257, 0.44122471631817983]",0.7067862033372536,2,"[null, null]",0.0004135787627497752,no_lock,506,fail,False,0.6414154942556055,Dimer_Synthesis,dimer
"[1.2236478955422343, 1.2211994458887985]",-9.10320147423699e-13,0.77662281709977,0.9142569635870808,0.9160694364102129,0.9999971763736619,0.9999170046075113,0.00501220955578095,0.00501220955578095,"[""species"", ""species""]","[""5db2126f7476590307153bf80604bd2e7c862785d22c8d0456070a4e538c981b"", ""5885d119935b9d857dca717f211568bc2b91c3b3ed340fa3cdaf1387980e30c5""]","[""bilayer_hex_6_6"", ""cuboctahedron""]","[1.0, 1.0]","[1.0, 1.0]",1,"[1, 1]",1.0000000000009104,False,0.0050122095557809665,0.0050122095557809665,"[0.3912089066834457, 0.3904261199721053]",0.8855895691503896,2,"[null, null]",0.0005967273536422416,locked,507,ok,True,0.781635026655551,Dimer_Synthesis,dimer
"[1.1105660017176902, 1.0676240495805602]",-9.10320147423699e-13,0.6918612880986904,0.9212337610414106,0.9279554274256476,0.9995638680291209,0.9996991222785752,0.00452151255945517,0.00452151255945517,"[""species"", ""species""]","[""0d05e615c5cef9098230b0f17b60a353e0a6a9c2db1fd98dbcf9a14c6585daf8"", ""a897746f715318f2e891daeb6aa29111341e3d054caac915a957ed55764c866d""]","[""heptamer_chain"", ""heptamer_chain""]","[1.0, 1.0]","[1.0, 1.0]",1,"[1, 1]",1.0000000000009104,False,0.00452151255945521,0.00452151255945521,"[0.35505582358662074, 0.3413269770715248]",0.16321438587779447,2,"[null, null]",0.00034991879551944595,locked,508,ok,True,0.6963828006581456,Dimer_Synthesis,dimer
"[1.6751584594992601, 2.030553769217209]",-9.10320147423699e-13,1.1770464169653587,0.9258804768075746,0.9490735470838838,0.9777912670113107,0.9798608042507773,0.0076960524663700035,0.0076960524663700035,"[""species"", ""species""]","[""13c204961cb76cb29b52e0a33c39eeb32a6e24d736d209cfa04fb4d50f2cf75e"", ""78bf65aa9f611057aaccf4013493dbecf57481a62624e0296f276ca9158c41e6""]","[""petersen"", ""dodecamer_chain""]","[1.0, 1.0]","[1.0, 1.0]",1,"[1, 1]",1.0000000000009104,False,0.0076960524663700625,0.0076960524663700625,"[0.5355600347531605, 0.6491824346785683]",0.27209763706359646,2,"[null, null]",0.0004438743753082819,locked,509,ok,True,1.1847424694317288,Dimer_Synthesis,dimer
"[1.3768566972300467, 1.0378135350977955]",-9.10320147423699e-13,0.7666935962994387,0.9184198220955001,0.9991692322957588,0.9804004365945117,0.9818689903610419,0.005293594649342561,0.005293594649342561,"[""species"", ""species""]","[""e8ec6fd8a87d5b5082e6a2a11888d13326e451875662857ac491d94e1d28fd4b"", ""2336cb82660a98ce181d5d9e3ac5d2f504636665289f48b3e060eadb3eb052d4""]","[""ladder_4"", ""diatomic_prism_12""]","[1.0, 1.0]","[1.0, 1.0]",1,"[1, 1]",1.0000000000009104,False,0.005293594649342537,0.005293594649342537,"[0.44019084668507524, 0.3317963442637059]",0.4158474117559974,2,"[null, null]",0.0001320807153347634,locked,510,ok,True,0.7719871909487812,Dimer_Synthesis,dimer
"[1.5006740001721302, 1.275522339147156]",-9.10320147423699e-13,0.8813980952360941,0.92522999912773,0.9991403688519183,0.99418593099854,0.9922494739850494,0.00617155498784661,0.00617155498784661,"[""species"", ""species""]","[""5c7ab51c1cebdb1864079e692b44ed4cb5b264a091f16a65c6cfe0c664995798"", ""3d78d5e5d77ab2ed5b32f4d7a600f5a1c4c132b49c9cb1901e565f5956ca4d44""]","[""star_5"", ""tetrahedron_k4""]","[1.0, 1.0]","[1.0, 1.0]",1,"[1, 1]",1.0000000000009104,False,0.006171554987846606,0.006171554987846606,"[0.4797761161804319, 0.4077935340435089]",-0.1383069431639865,2,"[null, null]",0.0004406298323468177,locked,511,ok,True,0.8875696502239407,Dimer_Synthesis,dimer
"[0.44407362527688643, 0.4347622600436908]",-9.10320147423699e-13,0.27922302793338144,0.9404876268562861,0.8883210254722668,0.9999389859385769,0.9999190816621558,0.001747034698965473,0.001747034698965473,"[""species"", ""species""]","[""ab6617395354b809b94c98437bf5fcabdcf224fc530110114eab74e1e68dfdcd"", ""4aafbdf76937dda04e36e91852312c612b13383453d38141b0c07178493cf27d""]","[""octamer_chain"", ""nonamer_chain""]","[1.0, 1.0]","[1.0, 1.0]",1,"[1, 1]",1.0000000000009104,False,0.0017470346989654773,0.0017470346989654773,"[0.14197348605298096, 0.13899657657936598]",0.13132053248046704,2,"[null, null]",0.0004892952327436967,locked,512,ok,True,0.2809700626323469,Dimer_Synthesis,dimer
"[0.9893065840377199, 1.1387174481209892]",-9.10320147423699e-13,0.6757967412985952,0.9354669593128496,0.9575846616818009,0.9971967632045435,0.9965047126337725,0.004547627412144363,0.004547627412144363,"[""species"", ""species""]","[""9675d01d8ab8f8f7098498ecffa61f0bdae4bf435134a7152aefb660a847f7a9"", ""fb41cdbb3a820d28d01ddc7fd2f5117733ca340f41e56c84e750b7f2350de003""]","[""bipartite_1_n"", ""bilayer_hex_6_6""]","[1.0, 1.0]","[1.0, 1.0]",1,"[1, 1]",1.0000000000009104,False,0.004547627412144317,0.004547627412144317,"[0.316288328142491, 0.3640560405682485]",-0.705130985757835,2,"[null, null]",0.0005794981435891067,locked,513,ok,True,0.6803443687107396,Dimer_Synthesis,dimer
"[1.3849766773060126, 1.5747943405444227]",-9.10320147423699e-13,0.940499746617313,0.9316115363747826,0.8743121682381421,0.9946030359071175,0.9942805064904064,0.005760029699732507,0.005760029699732507,"[""species"", ""species""]","[""c729a84e9b6fe5accc3774b81ca59b093838eba3564774f0c942861ff58197cd"", ""e686bd4178e4da22d0972c3426f993674f412c48288c311367fcd4744f8239a5""]","[""square_ring"", ""cube""]","[1.0, 1.0]","[1.0, 1.0]",1,"[1, 1]",1.0000000000009104,False,0.0057600296997325495,0.0057600296997325495,"[0.44278686187815686, 0.5034729144388886]",-0.34073871960355806,2,"[null, null]",0.0006814657524007418,locked,514,ok,True,0.9462597763170455,Dimer_Synthesis,dimer
"[1.661392017274207, 0.5470988302120231]",-9.10320147423699e-13,0.7033771972790888,0.5003239120590377,0.9158792731107273,0.5949074758565853,0.5829848788013811,0.0026929827236555023,0.0026929827236555023,"[""species"", ""species""]","[""a99cc2f00dfcfe90da31c4f84efa56dcfb637e644d55320192636410fb5e7c62"", ""6d8c95ea5be630d1319b347087e698a9087bd636a8b21d0f4e23a1287e3f6283""]","[""prism_triangular"", ""bipartite_1_n""]","[1.0, 1.0]","[1.0, 1.0]",1,"[1, 1]",1.0000000000009104,False,0.0026929827236554793,0.0026929827236554793,"[0.5311588055830672, 0.17491137441967708]",0.3086646577969089,2,"[null, null]",2.4265543133505436,no_lock,515,fail,False,0.7060701800027442,Dimer_Synthesis,dimer
"[1.3051147246329593, 1.0747236845423012]",-9.10320147423699e-13,0.7555718590617045,0.9412856434894673,0.9991803738178711,0.9920621375152628,0.9920619168099701,0.005279351101301301,0.005279351101301301,"[""species"", ""species""]","[""ef5e1277fc6e4303e5c50806ff9a0d243262813cdaa3971aa4b7e3b5646f85c9"", ""ecbb17dcecc3a95bab050258c9176105ff28ffc798cdf712ad846ed046d8df13""]","[""wheel_5"", ""dodecamer_chain""]","[1.0, 1.0]","[1.0, 1.0]",1,"[1, 1]",1.0000000000009104,False,0.005279351101301288,0.005279351101301288,"[0.4172544294646759, 0.34359678069832994]",0.1805642781677529,2,"[null, null]",0.0001516923120494118,locked,516,ok,True,0.7608512101630058,Dimer_Synthesis,dimer
"[1.0264670106489657, 0.9639443426038515]",-9.10320147423699e-13,0.6319010876580405,0.9229257227134123,0.9991712352611686,0.9992772925688311,0.9993432951029726,0.00444753206585664,0.00444753206585664,"[""species"", ""species""]","[""18a73a67d6edff37030dd92d5bc3e2c84be28ce89c55a1540948caf8c3645846"", ""ae7fa89fb4033d6715ede1d6a09d654bdf2219cba22e68608e242ea926af0927""]","[""hexagon_with_center"", ""bipartite_2_4""]","[1.0, 1.0]","[1.0, 1.0]",1,"[1, 1]",1.0000000000009104,False,0.004447532065856685,0.004447532065856685,"[0.3281687799615447, 0.30817983976235247]",-0.2503682119001991,2,"[null, null]",0.00038494995451222327,locked,517,ok,True,0.6363486197238972,Dimer_Synthesis,dimer
"[1.539663298155424, 1.0773202360704006]",-9.10320147423699e-13,0.8312950245488173,0.9163848183140068,0.9490416396166652,0.9667038971625049,0.9635005118173338,0.005373163222138155,0.005373163222138155,"[""species"", ""species""]","[""9837a3c1b5c5b2c3b6537139cddc7fcb94e78cecf948d1c94d5426fa3e9736ae"", ""ec3ef007879f1ffdd1a6ce06a69e34934720014d5412d702c266fd302555b1bb""]","[""decamer_chain"", ""bipartite_1_n""]","[1.0, 1.0]","[1.0, 1.0]",1,"[1, 1]",1.0000000000009104,False,0.0053731632221381,0.0053731632221381,"[0.49224127114205624, 0.3444269166288992]",0.34515890227421697,2,"[null, null]",0.00018921735247754969,locked,518,ok,True,0.8366681877709554,Dimer_Synthesis,dimer
"[0.6946873552892513, 1.4338615773545484]",-9.10320147423699e-13,0.6768222417729983,0.9072632335398026,0.8744751098115036,0.8858048731359469,0.8842393917657967,0.0036899413438608087,0.0036899413438608087,"[""species"", ""species""]","[""5990b692430bedab47596020c1d9fa108e51766033172c6da52538a7a56f313b"", ""742a0078068fe2105e6b787c110014e1d46bf1be5b9d1c0d546322c3df2384d2""]","[""bipartite_3_3"", ""truncated_tetrahedron""]","[1.0, 1.0]","[1.0, 1.0]",1,"[1, 1]",1.0000000000009104,False,0.003689941343860803,0.003689941343860803,"[0.22209647214658437, 0.4584157109702747]",0.5668173089592521,2,"[null, null]",0.0003712369422377331,no_lock,519,fail,False,0.6805121831168591,Dimer_Synthesis,dimer
"[0.054398454232684, 1.0265027619403921]",-9.10320147423699e-13,0.344195195636207,0.5923062265941205,0.9995319200920747,0.5693381418347558,0.6207182612110129,0.0013765857171986417,0.0013765857171986417,"[""species"", ""species""]","[""abb37b6482a769ee75d949dc4c8c5ec85520634d5e717fb3a8f4209c5bb4afb7"", ""a4e55b2ed88de5890198d9b8f92dfd1c89e01cf285ccbcdac61a8b43f5560210""]","[""tetrahedron_k4"", ""hexamer_chain""]","[1.0, 1.0]","[1.0, 1.0]",1,"[1, 1]",1.0000000000009104,False,0.0013765857171986196,0.0013765857171986196,"[0.017391571450549884, 0.32818020990285574]",0.7539717785208294,2,"[null, null]",1.862727601097087,no_lock,520,fail,False,0.3455717813534056,Dimer_Synthesis,dimer
"[0.853523083279537, 1.8386728231087595]",-9.10320147423699e-13,0.8577873902879024,0.5567162359760134,0.9490827589362048,0.5118244432880341,0.6139983721170479,0.0029267260462779252,0.0029267260462779252,"[""species"", ""species""]","[""8f68184ef5d60b50fed37a4184a890beefcdf0766652eed7fdc5fc1ad2a96d89"", ""075bb112369ff11ac54a8a54b2039fe29b8280405d76ae87a895c151fb151de2""]","[""petersen"", ""moebius_kantor""]","[1.0, 1.0]","[1.0, 1.0]",1,"[1, 1]",1.0000000000009104,False,0.002926726046277972,0.002926726046277972,"[0.27287738037657294, 0.5878367359576074]",0.7602919038143788,2,"[null, null]",1.7036460018081225,no_lock,521,fail,False,0.8607141163341804,Dimer_Synthesis,dimer
"[1.9448387706433912, 1.1156725827959266]",-9.10320147423699e-13,0.9729852504586732,0.9131587646532954,0.9575770809208739,0.835824445770894,0.8333927420279901,0.00548192529755988,0.00548192529755988,"[""species"", ""species""]","[""3e6e19f6e09c8058a6790bdb0ee41c252f42c6c219808b4fdfdb21b795ce0851"", ""d774a5941dca55b4939f24b883cdc5b5cd2aa07b8d85eb3a2a653d4e744444d7""]","[""square_ring"", ""bipartite_4_8""]","[1.0, 1.0]","[1.0, 1.0]",1,"[1, 1]",1.0000000000009104,False,0.005481925297559864,0.005481925297559864,"[0.6217787419981856, 0.35668843375804754]",0.5392643561407551,2,"[null, null]",0.0003140237189002113,no_lock,522,fail,False,0.9784671757562331,Dimer_Synthesis,dimer
"[2.084261493591478, 0.9722001193892096]",-9.10320147423699e-13,0.976767101542375,0.5467129004911979,0.8743464902263101,0.06777513155754493,0.5452065491705081,0.0004053434804960318,0.0004053434804960318,"[""species"", ""species""]","[""8c69d5e4deddc1a06fceb8d8e8e64f984288a7f7a09f0a51846c2bf05b2100a0"", ""8a84d0a85230a571e0d98fb3b10479ed0908d269a7e2a5ff733697a69fd61513""]","[""dimer"", ""cuboctahedron""]","[1.0, 1.0]","[1.0, 1.0]",1,"[1, 1]",1.0000000000009104,False,0.0004053434804960343,0.0004053434804960343,"[0.6663531748967771, 0.3108192701260939]",-0.1729551186305811,2,"[null, null]",3.25066241614593,no_lock,523,fail,False,0.977172445022871,Dimer_Synthesis,dimer
"[1.4072978173165844, 0.3059977781041984]",-9.10320147423699e-13,0.546578168897013,0.48253679795409027,0.8746335826459295,0.35024610805940276,0.5755847783936505,0.001174578565619849,0.001174578565619849,"[""species"", ""species""]","[""06f42b3d6568d3e2cccf6fa17f8bd9f07414120029f654ecccc317ab63587597"", ""41ae5c77d7ca404857f9cfe04a391b64caa84d8700a35f6275c625bed958d885""]","[""bipartite_3_6"", ""cuboctahedron""]","[1.0, 1.0]","[1.0, 1.0]",1,"[1, 1]",1.0000000000009104,False,0.001174578565619866,0.001174578565619866,"[0.44992308857480345, 0.09782965888782941]",-0.3037936593172159,2,"[null, null]",2.5449215840138404,no_lock,524,fail,False,0.5477527474626329,Dimer_Synthesis,dimer
"[1.2926322300711255, 1.37938505894471]",-9.10320147423699e-13,0.8485409767174729,0.9267982001865185,0.9577496025784639,0.999075136376489,0.9988394198232674,0.005721892595875579,0.005721892595875579,"[""species"", ""species""]","[""b546f097873de6a47ed405c10c3a2e6a828f5fc52eb3dcbf49725694acae6774"", ""6f4bd962b858b84dd7eadf68e5030f7e398b0ebf95532cc037126c4bb2af2a66""]","[""diatomic_prism_12"", ""hexamer_chain""]","[1.0, 1.0]","[1.0, 1.0]",1,"[1, 1]",1.0000000000009104,False,0.005721892595875633,0.005721892595875633,"[0.4132636874644593, 0.4409991818488892]",-0.3759307101314331,2,"[null, null]",0.0004238086988006736,locked,525,ok,True,0.8542628693133485,Dimer_Synthesis,dimer
"[1.2909574256026686, 0.899166052098751]",-9.10320147423699e-13,0.6962140582645283,0.9354978689806299,0.8328018893048241,0.9760061454730302,0.9747366165697482,0.003983943411147168,0.003983943411147168,"[""species"", ""species""]","[""70c33968ea79225cd756c4c845a61e5c4ff6db72c296b5deec912676b06b3ce1"", ""c36f9dd54276a0d704cd484a57dde7bd3e145fb00a7319c00b1275ca2a0ab2fd""]","[""icosahedron"", ""hexagon_ring""]","[1.0, 1.0]","[1.0, 1.0]",1,"[1, 1]",1.0000000000009104,False,0.003983943411147162,0.003983943411147162,"[0.41272824060315183, 0.2874697610725237]",-0.03281120080177935,2,"[null, null]",0.00035941859401431855,locked,526,ok,True,0.7001980016756755,Dimer_Synthesis,dimer
"[1.4161545240942572, 1.4156571622237695]",-9.10320147423699e-13,0.899545544548279,0.9237717035494127,0.9160008226587517,0.9999337169319068,0.9999576321595915,0.0058047263701112945,0.0058047263701112945,"[""species"", ""species""]","[""e3692cf783266c1f9b9fb590fa8cbf7fec22bc192cb92251022ea845f4b4c04f"", ""12b4b0e445630a1eddb24612977a9fcdad5a2b2d9e4736925872bb79791d743e""]","[""grid_3x4"", ""truncated_tetrahedron""]","[1.0, 1.0]","[1.0, 1.0]",1,"[1, 1]",1.0000000000009104,False,0.005804726370111313,0.005804726370111313,"[0.4527546405170996, 0.45259563040129064]",0.18311384029029754,2,"[null, null]",0.0003387762915497159,locked,527,ok,True,0.9053502709183903,Dimer_Synthesis,dimer
"[1.3304063420429357, 1.1316622363801085]",-9.10320147423699e-13,0.7829031553320823,0.89809866701462,0.7744633794318788,0.9930496557592499,0.9939166935985261,0.004237622871707956,0.004237622871707956,"[""species"", ""species""]","[""2ad226127109069bac3250e83987a77fef99d10b9ca9f3bffe4d1538cc93477d"", ""a23911357990ac72d21929b342289dfc9dfe2de7029378d52d4dd887b4b7e2f9""]","[""petersen"", ""bipartite_4_8""]","[1.0, 1.0]","[1.0, 1.0]",1,"[1, 1]",1.0000000000009104,False,0.0042376228717079245,0.0042376228717079245,"[0.4253403388437203, 0.36180043936006995]",0.21708079336608732,2,"[null, null]",0.00046844648988606815,locked,528,ok,True,0.7871407782037902,Dimer_Synthesis,dimer
"[0.992085540163352, 1.2235489151381853]",-9.10320147423699e-13,0.7039531717498209,0.9236979340727448,0.8951600688238082,0.9914925453343552,0.9915724097350793,0.004400870312738489,0.004400870312738489,"[""species"", ""species""]","[""0ab8a9bf26ec5acf6e61432c504631174955e1c8e3a8eaf04264cc4622635538"", ""065ee0ddee2427c419e1e54ea8a88d036208ff47ed8db3f9a85700e230ac5fe0""]","[""bipartite_4_4"", ""dodecamer_chain""]","[1.0, 1.0]","[1.0, 1.0]",1,"[1, 1]",1.0000000000009104,False,0.004400870312738503,0.004400870312738503,"[0.3171767801159634, 0.391177261946596]",0.8750532870207314,2,"[null, null]",0.0004511618264573568,locked,529,ok,True,0.7083540420625594,Dimer_Synthesis,dimer
"[1.1275727910106532, 0.3233824391545326]",-9.10320147423699e-13,0.4613192154119786,0.8843974121458358,0.9277943068785086,0.8502196524239741,0.850908871337308,0.00256145753930169,0.00256145753930169,"[""species"", ""species""]","[""fa8842da5e9d1e6f4900bf6afd97e2a68f2a72e9e87767682ac446fec209ebe9"", ""cbf1e043fcda1365ca2aa796ac3c5e4b69ea11a55560d67d5bd130b4a545f295""]","[""heptamer_chain"", ""wheel_5""]","[1.0, 1.0]","[1.0, 1.0]",1,"[1, 1]",1.0000000000009104,False,0.0025614575393017036,0.0025614575393017036,"[0.36049301468524764, 0.1033876582660327]",0.771263366541572,2,"[null, null]",0.00023871869853599566,no_lock,530,fail,False,0.4638806729512803,Dimer_Synthesis,dimer
"[1.0195562247045404, 1.1975805303714029]",-9.10320147423699e-13,0.7038982030635383,0.9200617926309574,0.9993621239265574,0.9954543425069149,0.9953090397473312,0.004936134886749284,0.004936134886749284,"[""species"", ""species""]","[""9b1df0eda69a243261c91bac98d9776c96b494e4e2c78fba8d73343ac234ef9a"", ""8fb99090f79264d31bf31c9c0da81ed657d2a2d9771ceaffc7a0902f692e1ff6""]","[""truncated_tetrahedron"", ""cube""]","[1.0, 1.0]","[1.0, 1.0]",1,"[1, 1]",1.0000000000009104,False,0.004936134886749266,0.004936134886749266,"[0.325959352704332, 0.3828749852459556]",0.8560875077828093,2,"[null, null]",0.0003312326355882088,locked,531,ok,True,0.7088343379502876,Dimer_Synthesis,dimer
"[3.0807006932832413, 0.38868210424582184]",-9.10320147423699e-13,1.106514437830258,0.5972818514401678,0.7325082790725117,0.46978042022066413,0.5411877292971485,0.0026718371040524076,0.0026718371040524076,"[""species"", ""species""]","[""8d536b0fce483df5af876500a4eaa96200508634cba3ec809b04922fa2dba061"", ""e7eb64faaaf94d501a6584db93c63c7f4f3d5fe3e58648cf50a6a8a281decef5""]","[""trimer_chain"", ""pentamer_chain""]","[1.0, 1.0]","[1.0, 1.0]",1,"[1, 1]",1.0000000000009104,False,0.002671837104052388,0.002671837104052388,"[0.9849218508272035, 0.12426442410710689]",-0.6217301562282174,2,"[null, null]",4.0564086131925725,no_lock,532,fail,False,1.1091862749343104,Dimer_Synthesis,dimer
"[1.2746493991875416, 1.5592719889985365]",-9.10320147423699e-13,0.9001470531827271,0.9202113585180185,0.936903863151606,0.9891783545090471,0.9868740533237575,0.00587770437862245,0.00587770437862245,"[""species"", ""species""]","[""18e868c67b1adff90f2e1185c389fc122f7c11de3f0c8602c5cfd49500d79f68"", ""0e2550d59de2ea2200b88a261a585a997114e6fe53b14964e344246915e07b7d""]","[""trilayer_4_4_4"", ""octamer_chain""]","[1.0, 1.0]","[1.0, 1.0]",1,"[1, 1]",1.0000000000009104,False,0.00587770437862245,0.00587770437862245,"[0.40751444895012123, 0.4985103086112283]",0.4657283942778896,2,"[null, null]",0.0003442718020207562,locked,533,ok,True,0.9060247575613496,Dimer_Synthesis,dimer
"[1.3494520875023175, 1.5516406544232815]",-9.10320147423699e-13,0.9210498666750875,0.9064652169066217,0.9992076095424505,0.9942494346959635,0.9934102322996783,0.006450048856635749,0.006450048856635749,"[""species"", ""species""]","[""94a5287396fe23583e23ca37a782d8f39ac28cac2eee00d3cc30c164e0fbc8d5"", ""85359eade8d442414b0b875ce88869dd32ad620c820c7b2231b074807404eef7""]","[""nonamer_chain"", ""bilayer_hex_3_3""]","[1.0, 1.0]","[1.0, 1.0]",1,"[1, 1]",1.0000000000009104,False,0.006450048856635804,0.006450048856635804,"[0.431429398682976, 0.4960705168487473]",0.5314956527033223,2,"[null, null]",0.00014967272051112892,locked,534,ok,True,0.9274999155317233,Dimer_Synthesis,dimer
"[0.9843312745198521, 0.8232201539892189]",-9.10320147423699e-13,0.5743619372952145,0.922711138088492,0.8745435418878105,0.9964261495046439,0.996035563121729,0.003525068188322946,0.003525068188322946,"[""species"", ""species""]","[""7367b7c898e6263747279c842ed3e7c2fded66125a7cfba9aa9ec348b343db2e"", ""2af10cd9e174942cd290b8c965604f6b7a63ecb6cbb4bea6eb5c1b53a1dc81af""]","[""bipartite_4_4"", ""double_triangle""]","[1.0, 1.0]","[1.0, 1.0]",1,"[1, 1]",1.0000000000009104,False,0.0035250681883229884,0.0035250681883229884,"[0.31469768641950235, 0.26318931906403503]",0.4383595980174523,2,"[null, null]",0.0003921315254863559,locked,535,ok,True,0.5778870054835374,Dimer_Synthesis,dimer
"[0.8544700857310646, 0.09476441915242417]",-9.10320147423699e-13,0.3017135591977209,0.9033767789918642,0.9436277630420431,0.8797037478548045,0.8794412825267488,0.0017634411669272465,0.0017634411669272465,"[""species"", ""species""]","[""98ef418364fd08b6dda9f393b5f25a2cf4d5c159c438570c61ce101780397499"", ""90028ed1679fe5be7af69f8230fdd2048c61f062ac7ce2feea2a312fefbd6770""]","[""bipartite_3_6"", ""tetramer_chain""]","[1.0, 1.0]","[1.0, 1.0]",1,"[1, 1]",1.0000000000009104,False,0.0017634411669272265,0.0017634411669272265,"[0.2731801437736566, 0.03029685659099152]",0.2679534242393201,2,"[null, null]",0.0002393304033709629,no_lock,536,fail,False,0.30347700036464814,Dimer_Synthesis,dimer
"[1.1317927354655495, 1.5031671448352646]",-9.10320147423699e-13,0.8369776521212399,0.9317709035271352,0.9437644874026403,0.9770738111426907,0.9774569434704461,0.005437700924775012,0.005437700924775012,"[""species"", ""species""]","[""2e268f455b6a981f42b0d84243b1d6eb66d70297da9548f87411cbfc24ad3739"", ""848873aff7fd64394ea041524c3acb6064f169e116d2f0b7d6ae38e2da574968""]","[""grid_3x3"", ""cube""]","[1.0, 1.0]","[1.0, 1.0]",1,"[1, 1]",1.0000000000009104,False,0.005437700924775024,0.005437700924775024,"[0.3618421608427976, 0.4805731922032173]",0.2487748381062287,2,"[null, null]",0.00012980417999097066,locked,537,ok,True,0.8424153530460149,Dimer_Synthesis,dimer
"[1.2523091594411628, 1.128413907783149]",-9.10320147423699e-13,0.756372552634859,0.9322000727769754,0.8952888157298964,0.998206602271201,0.997537164090972,0.0047614889777974154,0.0047614889777974154,"[""species"", ""species""]","[""b4442c31bacd8f6ca8dc14a20415a2166c148fb823b62b4bfa7e295be5dd348d"", ""bda88a79bc0a4dbef48b27015adad76e02529c9e17e7ab3f7e10ef6c6bc31749""]","[""cuboctahedron"", ""cube""]","[1.0, 1.0]","[1.0, 1.0]",1,"[1, 1]",1.0000000000009104,False,0.004761488977797379,0.004761488977797379,"[0.4003721159325385, 0.36076192568011795]",0.47324661297235293,2,"[null, null]",0.0004685119697224021,locked,538,ok,True,0.7611340416126564,Dimer_Synthesis,dimer
"[0.9454522743489107, 1.0819886287016784]",-9.10320147423699e-13,0.6444969956897167,0.9161444284152382,0.8160447686267838,0.9966470016097836,0.9971295189489497,0.003690233608176598,0.003690233608176598,"[""species"", ""species""]","[""ea0b35d90fff228e8b8f27bff35c809142cc38e2232418af4c5d41f4e17b4394"", ""34807b0c549229b6e1c20ee679ba4079538f10719747990f0b9196c8df4df4bd""]","[""pentamer_chain"", ""hexamer_chain""]","[1.0, 1.0]","[1.0, 1.0]",1,"[1, 1]",1.0000000000009104,False,0.003690233608176552,0.003690233608176552,"[0.30226779445039176, 0.34591943484750154]",0.46259753270283654,2,"[null, null]",0.0003170365549999769,locked,539,ok,True,0.6481872292978933,Dimer_Synthesis,dimer
"[1.0850244250240004, 0.6535686027099775]",-9.10320147423699e-13,0.5523819012818303,0.9132154795949242,0.9160536577723919,0.9703603011755418,0.9693488020584535,0.0034586146256279445,0.0034586146256279445,"[""species"", ""species""]","[""d4fc7b99c78b540fe83190e2135c988791c709aabac5e1a0bfb73992b2468d0c"", ""00e4ae67441dd675025e5426d2980403e314c7019bd94295341b72121f7ba43c""]","[""bipartite_4_4"", ""truncated_tetrahedron""]","[1.0, 1.0]","[1.0, 1.0]",1,"[1, 1]",1.0000000000009104,False,0.0034586146256279093,0.0034586146256279093,"[0.34689000045260393, 0.20895051545485432]",-0.15170041856966,2,"[null, null]",0.0001847874093633762,locked,540,ok,True,0.5558405159074582,Dimer_Synthesis,dimer
"[1.0270448581319052, 1.2056546316920294]",-9.10320147423699e-13,0.7088466609120496,0.9368086256056108,0.9991074927595155,0.9941877925283711,0.9949604500318238,0.004963193661889089,0.004963193661889089,"[""species"", ""species""]","[""2526e662202277583b9893a6fd0f584a1318e289b2bbb2b7778b647ee9a0538a"", ""906bd94ded1a68c8e199418c06fbeda84cc0a81448b54d1b5de9b48ff74557b3""]","[""bilayer_square_4_4"", ""grid_3x3""]","[1.0, 1.0]","[1.0, 1.0]",1,"[1, 1]",1.0000000000009104,False,0.0049631936618891315,0.0049631936618891315,"[0.3283535218982195, 0.38545633267571927]",-0.014322855814237867,2,"[null, null]",0.00038564873357088204,locked,541,ok,True,0.7138098545739388,Dimer_Synthesis,dimer
"[1.4753316673066836, 1.1839881765783666]",-9.10320147423699e-13,0.8443446513170152,0.932709735308568,0.9991671312196803,0.9852496766891228,0.9858842678100481,0.0058587547754315765,0.0058587547754315765,"[""species"", ""species""]","[""928d8c2948bc0f38b5d45160f6ef5f7a540b5beb86a8fb1ab79a81e5874daa9f"", ""4066fc290aaa88e7fa73f0356b5dd093268dcfdf06a5735ac6e5a20d0579e770""]","[""diatomic_prism_12"", ""moebius_kantor""]","[1.0, 1.0]","[1.0, 1.0]",1,"[1, 1]",1.0000000000009104,False,0.005858754775431629,0.005858754775431629,"[0.47167399271075033, 0.37852941338169643]",0.4090633447014739,2,"[null, null]",0.00029806977174351765,locked,542,ok,True,0.8502034060924468,Dimer_Synthesis,dimer
"[0.9053411085815241, 1.9348998645050526]",-9.10320147423699e-13,0.9044151982490576,0.5028512557064022,0.9578344448638361,0.5962216433561366,0.6607952082316947,0.003629975404718396,0.003629975404718396,"[""species"", ""species""]","[""a44d7e046937a553f54a6572148c0ef742f20747642d70487f19111d802c93aa"", ""3f308879cc020fb19db822e37da1176d2573ff24650103e43f82aa4219b07573""]","[""diatomic_prism_12"", ""complete_k6""]","[1.0, 1.0]","[1.0, 1.0]",1,"[1, 1]",1.0000000000009104,False,0.003629975404718433,0.003629975404718433,"[0.2894439704052368, 0.6186012032485392]",0.5203941505480344,2,"[null, null]",1.6222153518677547,no_lock,543,fail,False,0.908045173653776,Dimer_Synthesis,dimer
"[0.7286331172965702, 1.277949109724543]",-9.10320147423699e-13,0.6377836761469053,0.9290018513238374,0.8746742065707318,0.9508758728096347,0.9464914198070622,0.003734886556551213,0.003734886556551213,"[""species"", ""species""]","[""1fec393a02112d2e02e18c9ebb66f6e482950c3387f1adab45e905a38432fe1f"", ""0ab930384aa6ee4c19463e38f03f215ef801c33a739f39a2fbca9964a32c3996""]","[""grid_3x4"", ""petersen""]","[1.0, 1.0]","[1.0, 1.0]",1,"[1, 1]",1.0000000000009104,False,0.003734886556551187,0.003734886556551187,"[0.23294917290290362, 0.40856938980055285]",0.2035206180520226,2,"[null, null]",0.0003058939825038425,locked,544,ok,True,0.6415185627034565,Dimer_Synthesis,dimer
"[1.5812395381313482, 0.22353379233752935]",-9.10320147423699e-13,0.5739322607200015,0.5826730413246086,0.9988772567817545,0.7600941322233222,0.5845764294722213,0.0030665671260613433,0.0030665671260613433,"[""species"", ""species""]","[""bc5901d58f7c6ff2935886c2ac730c17fb7640198eab4cae6c6ceb5a0ef72ff3"", ""bf4348781fafdf975d8ec862b793e4836aa637e0b9365be5f12a02bebb9b25d6""]","[""trimer_chain"", ""hexamer_chain""]","[1.0, 1.0]","[1.0, 1.0]",1,"[1, 1]",1.0000000000009104,False,0.003066567126061348,0.003066567126061348,"[0.5055334897976381, 0.0714653380484247]",0.48232086972253374,2,"[null, null]",2.316671752814406,no_lock,545,fail,False,0.5769988278460628,Dimer_Synthesis,dimer
"[0.009178648140726916, 0.060491737594312645]",-9.10320147423699e-13,0.022118330949828128,0.9338249887773931,0.9993776488203847,0.9997656809030953,0.9997414277530977,0.0001557852652297732,0.0001557852652297732,"[""species"", ""species""]","[""7e801f5dc23a21ab470e47f23e13be841b7c6ed639a26d35c956928dfaa910fa"", ""a3aa7a3a5ce758f28b392eccc380c35805b755023cb95d1359f3637c471f8780""]","[""prism_triangular"", ""dimer""]","[1.0, 1.0]","[1.0, 1.0]",1,"[1, 1]",1.0000000000009104,False,0.0001557852652297742,0.0001557852652297742,"[0.0029344788783170696, 0.019339637336740833]",-0.5804239840880323,2,"[null, null]",0.00032835001609873973,locked,546,ok,True,0.022274116215057902,Dimer_Synthesis,dimer
"[1.5361612316601863, 1.640662812813557]",-9.10320147423699e-13,1.008856710872859,0.9458395083101985,0.9576939633556594,0.9981879903522685,0.998343090122523,0.00679645675142168,0.00679645675142168,"[""species"", ""species""]","[""1377c952a3c64d344100de3c0eef280a6fc2d7246b6025803e5db3d978890172"", ""e8d504364a772d68fc081c5224daeacfe1caa0b1163aa296b791683f6079afc5""]","[""trilayer_4_4_4"", ""cuboctahedron""]","[1.0, 1.0]","[1.0, 1.0]",1,"[1, 1]",1.0000000000009104,False,0.006796456751421598,0.006796456751421598,"[0.49112163565726874, 0.524531531967012]",0.77401045522997,2,"[null, null]",0.00029803343653355275,locked,547,ok,True,1.0156531676242806,Dimer_Synthesis,dimer
"[1.5414722376708199, 0.6534457423342834]",-9.10320147423699e-13,0.6984938497221437,0.8399560333044512,0.8493167894484639,0.7758947651448546,0.7726245529046781,0.003236988328397875,0.003236988328397875,"[""species"", ""species""]","[""e869f47d809552157c96fa6bcf4668aa71f80fff57bfa9842e6e348c5aa7f7f3"", ""dd5c4fa221a088d51e96a92662642a88706499200efb640505e36a73ecf49f56""]","[""octahedron"", ""decagon_ring""]","[1.0, 1.0]","[1.0, 1.0]",1,"[1, 1]",1.0000000000009104,False,0.003236988328397916,0.003236988328397916,"[0.49281960192875773, 0.20891123612178383]",0.7947836927540346,2,"[null, null]",0.000601219118623989,no_lock,548,fail,False,0.7017308380505416,Dimer_Synthesis,dimer
"[0.9458203409768574, 1.5227221943478313]",-9.10320147423699e-13,0.7843337994890688,0.9296074422610695,0.9368512060107231,0.9422558214969714,0.9406283723974592,0.004876748630262208,0.004876748630262208,"[""species"", ""species""]","[""7da132f59731e6c9dce89da1fcca07077e70b9f79d10f5fbcb62951b73dad1cc"", ""ba561d307f9a83b9ee7d37f63faa6a2798ccc456facdbb0188019e6f43af20a6""]","[""bipartite_4_4"", ""star_4""]","[1.0, 1.0]","[1.0, 1.0]",1,"[1, 1]",1.0000000000009104,False,0.004876748630262218,0.004876748630262218,"[0.3023854679605823, 0.48682508015874876]",0.14158884312983822,2,"[null, null]",0.0002701943929690742,locked,549,ok,True,0.789210548119331,Dimer_Synthesis,dimer
"[1.1343169815498404, 2.19118053467639]",-9.10320147423699e-13,1.0607088288768398,0.5047644574504755,0.9993623358614125,0.33294586814950033,0.6211162851885256,0.0024763016176497627,0.0024763016176497627,"[""species"", ""species""]","[""5f6e78244cf3179abbb4afef420f0f20368f96be8c3fa4f29f3faaf1e1b89cf7"", ""c94fa79c7727cc8a7288c1b79dd6a152b5cb2ffca5a0ca2959cdcaa369afa8ea""]","[""ladder_5"", ""bipartite_1_n""]","[1.0, 1.0]","[1.0, 1.0]",1,"[1, 1]",1.0000000000009104,False,0.0024763016176496677,0.0024763016176496677,"[0.3626491802104056, 0.7005359502840839]",0.29664018566752715,2,"[null, null]",1.7778654585758065,no_lock,550,fail,False,1.0631851304944895,Dimer_Synthesis,dimer
"[1.2905583573415744, 0.7154423874574997]",-9.10320147423699e-13,0.6371263719135235,0.9166473671417465,0.9994510835767055,0.9374668985202553,0.9408437555750753,0.004206286801401079,0.004206286801401079,"[""species"", ""species""]","[""d078891c6e7e1a603d50cbe1bf24b141fc8de1eef9e32e8b72212f15157d94d0"", ""4e6e5da5df048b4facb365478d5652030b7291d7ec6ee0a4072e85b610699c08""]","[""bipartite_1_n"", ""trimer_triangle""]","[1.0, 1.0]","[1.0, 1.0]",1,"[1, 1]",1.0000000000009104,False,0.004206286801401116,0.004206286801401116,"[0.4126006556510725, 0.22873200306385216]",0.7395227173209156,2,"[null, null]",0.0002958773188143921,locked,551,ok,True,0.6413326587149246,Dimer_Synthesis,dimer
"[0.6411351104105812, 0.8845051776438928]",-9.10320147423699e-13,0.4845916884800583,0.9293381696282453,0.9369579728084501,0.9897674965246351,0.9908708467883969,0.0031663269231626177,0.0031663269231626177,"[""species"", ""species""]","[""59a5277d66f86b7e62bf4ed0129192e01c3f1d6e2e2d5a5d5e9e39c23a459c88"", ""a36a92e377cf49da95b12dc6c955e4093390b68bb76404a567f287625c8fc0b7""]","[""dimer"", ""bipartite_4_4""]","[1.0, 1.0]","[1.0, 1.0]",1,"[1, 1]",1.0000000000009104,False,0.003166326923162599,0.003166326923162599,"[0.20497543982531757, 0.2827825755779033]",0.9443819045069579,2,"[null, null]",0.00022886224056585205,locked,552,ok,True,0.4877580154032209,Dimer_Synthesis,dimer
"[1.1569491261600273, 0.5023662619668033]",-9.10320147423699e-13,0.5270873728514176,0.9194303964198763,0.9990810680190547,0.9184560839573574,0.9189530082661015,0.0034075196719436204,0.0034075196719436204,"[""species"", ""species""]","[""a49feb5b96ab4ff785d8788ab8126168fbe2fb5711a7b022d6711ebf050d5cfb"", ""cfc1c02908926a5616964d1d0176ffaa0bdc36316ad41057916f193f8884466b""]","[""decamer_chain"", ""pentagon_ring""]","[1.0, 1.0]","[1.0, 1.0]",1,"[1, 1]",1.0000000000009104,False,0.0034075196719436374,0.0034075196719436374,"[0.3698848372822706, 0.16061005524109068]",0.6156653396277247,2,"[null, null]",0.0002512567947590554,locked,553,ok,True,0.5304948925233612,Dimer_Synthesis,dimer
"[0.9349987524931475, 1.7484007260500676]",-9.10320147423699e-13,0.8532564092959013,0.8870467576033709,0.9163003206618541,0.8442131947669868,0.8418826295131445,0.004645426698051543,0.004645426698051543,"[""species"", ""species""]","[""afc1e4e556fd024fa79b34c8b0e40ae09d820113609418aba07a71dd64402abf"", ""46e9d53148c5375cd65db35232b6c69a934dc74c8ba220d90610ffa01aebbd62""]","[""hexamer_chain"", ""star_4""]","[1.0, 1.0]","[1.0, 1.0]",1,"[1, 1]",1.0000000000009104,False,0.004645426698051569,0.004645426698051569,"[0.2989257294077575, 0.5589761065861953]",0.4902716514864731,2,"[null, null]",0.0006205112123031447,no_lock,554,fail,False,0.8579018359939529,Dimer_Synthesis,dimer
"[1.616665356507568, 2.2870724100872]",-9.10320147423699e-13,1.240526399574102,0.9083665368675201,0.9436979899845086,0.9128806099722077,0.9124272846727755,0.007526238126613768,0.007526238126613768,"[""species"", ""species""]","[""afdc348c8222f9dcfca0a9109c09026d54cfbdd69b0cb30cec4d514cb5465b91"", ""2388c5c5a0e672478625bb2ad23edbe36660f4850645aebd31c036617038bd2c""]","[""grid_3x3"", ""star_5""]","[1.0, 1.0]","[1.0, 1.0]",1,"[1, 1]",1.0000000000009104,False,0.007526238126613682,0.007526238126613682,"[0.5168593750672613, 0.7311932626334544]",0.6640954819545487,2,"[null, null]",0.0006728196233603626,locked,555,ok,True,1.2480526377007157,Dimer_Synthesis,dimer
"[1.6864386597414738, 1.4474833515074805]",-9.10320147423699e-13,0.9954291944341882,0.9131607915870203,0.9371246440257028,0.9901575181815707,0.9910429903507796,0.006507889034258528,0.006507889034258528,"[""species"", ""species""]","[""85b13b50cc995ca3b5239fa77621f046bf177f16edffc0d3eb0e9ace06ca7bf1"", ""90288c55c184703d065d668dd5542242db8a531f4726d4049ee05c1d43f47c23""]","[""square_ring"", ""prism_square""]","[1.0, 1.0]","[1.0, 1.0]",1,"[1, 1]",1.0000000000009104,False,0.006507889034258474,0.006507889034258474,"[0.5391663947362921, 0.4627706887321545]",0.6941161692263783,2,"[null, null]",0.00018340003461200007,locked,556,ok,True,1.0019370834684467,Dimer_Synthesis,dimer
"[1.4198187106781008, 0.9400169686679755]",-9.10320147423699e-13,0.7493775805450092,0.9196568092438129,0.9992050458184022,0.9624066407636299,0.9607843864374171,0.005078615091622783,0.005078615091622783,"[""species"", ""species""]","[""69aee00383a38fb30c49098f10350ee5a51ed70b3fe287bf29f9fce479b7b1f5"", ""00e7391c42f09bf8337dedefb1b97423073e58b88c6d4124d82290d7ab6729ac""]","[""wheel_5"", ""hexagon_with_center""]","[1.0, 1.0]","[1.0, 1.0]",1,"[1, 1]",1.0000000000009104,False,0.0050786150916227735,0.0050786150916227735,"[0.4539261069434889, 0.30053008869314307]",0.5029411222742061,2,"[null, null]",0.0002086324932368632,locked,557,ok,True,0.754456195636632,Dimer_Synthesis,dimer
"[0.5231353076830211, 1.4593872461923618]",-9.10320147423699e-13,0.631680579207152,0.5608004092895671,0.9993659748493671,0.4839758024046024,0.709324055137183,0.0021459354318312434,0.0021459354318312434,"[""species"", ""species""]","[""e7b347ec80345037c64c83353c687579e3edde443dd09528ad25f2f29f1ab4b9"", ""ca2a0515f0f7fe02ad2c929f4161561cdc99b3397c0c485702b5a940fc44d1f5""]","[""tetrahedron_k4"", ""cube""]","[1.0, 1.0]","[1.0, 1.0]",1,"[1, 1]",1.0000000000009104,False,0.0021459354318312807,0.0021459354318312807,"[0.1672500663889868, 0.46657644824999656]",0.785044339044054,2,"[null, null]",0.13793306802545574,no_lock,558,fail,False,0.6338265146389833,Dimer_Synthesis,dimer
"[1.5453902464955493, 1.4155854990038501]",-9.10320147423699e-13,0.9407406181012943,0.9160655545446379,0.8939139913268357,0.9967560095304457,0.9970633067628798,0.005904318185477421,0.005904318185477421,"[""species"", ""species""]","[""9a9fc2998b77957af2312a4abc6bbbf91d3b9c011f7ef7337b705970063abe7e"", ""631ed5ce5216b6b1ccc392f75637cca4b196507e52ec1f441519526203022fd7""]","[""decamer_chain"", ""bipartite_3_6""]","[1.0, 1.0]","[1.0, 1.0]",1,"[1, 1]",1.0000000000009104,False,0.005904318185477431,0.005904318185477431,"[0.49407221712491206, 0.4525727191618596]",0.8398829619355327,2,"[null, null]",0.0002265767888752636,locked,559,ok,True,0.9466449362867717,Dimer_Synthesis,dimer
"[0.24866423857438777, 1.4225838788136802]",-9.10320147423699e-13,0.5319285761860421,0.5869196158918333,0.9995606170495834,0.6369608361236931,0.6214219007279846,0.0023812944736315116,0.0023812944736315116,"[""species"", ""species""]","[""7f90edd344bae88736a8aaabf71d7cd02f9f9fbcd46b246589a57b7f904d5456"", ""84162498e64962dbe498ffd2ea998e90d16e21264a417377577b39a86ce9c152""]","[""star_6"", ""hexagon_ring""]","[1.0, 1.0]","[1.0, 1.0]",1,"[1, 1]",1.0000000000009104,False,0.0023812944736315567,0.0023812944736315567,"[0.07949971986087573, 0.4548101507987979]",0.5574572744768942,2,"[null, null]",2.8673684180400634,no_lock,560,fail,False,0.5343098706596736,Dimer_Synthesis,dimer
"[1.44294430767268, 0.6978930379978342]",-9.10320147423699e-13,0.6807277135046804,0.8948075946160496,0.8746163243520781,0.8861196823195311,0.8797661069989247,0.003713162369767461,0.003713162369767461,"[""species"", ""species""]","[""83b01647742abf1e07b0a5ffe225b3be3eef669dfa73fce7955134e0db95efec"", ""398a421fc65b41222688966cc7f36152b6b252d1f1ef31bc02ba466f64ac8b77""]","[""square_ring"", ""tetramer_chain""]","[1.0, 1.0]","[1.0, 1.0]",1,"[1, 1]",1.0000000000009104,False,0.0037131623697674865,0.0037131623697674865,"[0.46131952424074363, 0.2231213516337043]",0.4087214790618957,2,"[null, null]",0.00022490145401773352,no_lock,561,fail,False,0.6844408758744479,Dimer_Synthesis,dimer
"[1.5022551049774169, 1.1378829731576412]",-9.10320147423699e-13,0.8382995506788578,0.9340204919335489,0.9992097298807945,0.9775539166860692,0.9789186480572699,0.005771308923173008,0.005771308923173008,"[""species"", ""species""]","[""250a2f8b10efbe7110d5808c246f8ad1b1ee18a267e4c3e25e2ae84cb9525e3b"", ""bc73aa4da160628c3a2091bc99414ea8d6feda54fd8567778b23ab8109377b37""]","[""star_5"", ""star_6""]","[1.0, 1.0]","[1.0, 1.0]",1,"[1, 1]",1.0000000000009104,False,0.005771308923173013,0.005771308923173013,"[0.48028160659518404, 0.3637892530068467]",-0.18835867710551768,2,"[null, null]",0.00023105224502824778,locked,562,ok,True,0.8440708596020308,Dimer_Synthesis,dimer
"[1.440958961944561, 0.16552325332577128]",-9.10320147423699e-13,0.5115056571723116,0.5822666345305024,0.9993622198674482,0.5839505704639087,0.5662798110543455,0.002098095452795567,0.002098095452795567,"[""species"", ""species""]","[""81ddae58c9db59c9b4d66748475248178564af4561b5877c24a128d8bfc14e6c"", ""883d1fd3a50291560b660eea3160b2545835af7503b289c5afb8626d53dccdbc""]","[""diatomic_prism_12"", ""trimer_triangle""]","[1.0, 1.0]","[1.0, 1.0]",1,"[1, 1]",1.0000000000009104,False,0.002098095452795601,0.002098095452795601,"[0.4606847951372854, 0.052918957487821716]",0.6413730405409201,2,"[null, null]",3.218312455877168,no_lock,563,fail,False,0.5136037526251072,Dimer_Synthesis,dimer
"[1.279967686384273, 0.8332752876661869]",-9.10320147423699e-13,0.671427759220874,0.914006772423021,0.9160498862426861,0.9673838665887159,0.9661039522975395,0.004191000429270208,0.004191000429270208,"[""species"", ""species""]","[""49203da2053c670598a0bec26821198e38a710fee46763745bbfeb2889d3c3b8"", ""9e591ab65d9cc789079e7a89d587c381b999e4d632618b5a8007de007b7152ba""]","[""hexamer_chain"", ""bipartite_4_8""]","[1.0, 1.0]","[1.0, 1.0]",1,"[1, 1]",1.0000000000009104,False,0.004191000429270231,0.004191000429270231,"[0.40921474306842226, 0.266404016581722]",0.6265894778090988,2,"[null, null]",0.00020522747858349664,locked,564,ok,True,0.6756187596501443,Dimer_Synthesis,dimer
"[1.5781635373518568, 1.1192762994553314]",-9.10320147423699e-13,0.8565678714267637,0.9358599925588864,0.9990332561367682,0.9654890802672224,0.9653294687588423,0.005822766636724747,0.005822766636724747,"[""species"", ""species""]","[""7a11c8340c13512d9af90b6eaa05022eca31d1124d9a5f05a19008be7a4e5e7a"", ""b1d4abf8477947aee160dcbdd655208c5245bc63cb3982449e494ba7c16b20db""]","[""decagon_ring"", ""nonamer_chain""]","[1.0, 1.0]","[1.0, 1.0]",1,"[1, 1]",1.0000000000009104,False,0.005822766636724763,0.005822766636724763,"[0.504550070542568, 0.35784056752092047]",-0.009894017165117397,2,"[null, null]",0.00029726498260472116,locked,565,ok,True,0.8623906380634885,Dimer_Synthesis,dimer
"[1.5010896947701917, 1.827306481396005]",-9.10320147423699e-13,1.0577830908233221,0.9223371863112194,0.8659453256148391,0.9811670553258733,0.9826291235696243,0.006328761802666468,0.006328761802666468,"[""species"", ""species""]","[""a60f929982db8bc06651e86cbe09ff5cd07428f34d95e45965eed0666e13e91a"", ""c47afd0e9e779511347b95acbc3b5ae23d347d270b353959671b3026d571303a""]","[""bilayer_hex_6_6"", ""decagon_ring""]","[1.0, 1.0]","[1.0, 1.0]",1,"[1, 1]",1.0000000000009104,False,0.006328761802666394,0.006328761802666394,"[0.4799090166903044, 0.5842028359356842]",0.5426237519071473,2,"[null, null]",0.0002640132578774531,locked,566,ok,True,1.0641118526259885,Dimer_Synthesis,dimer
"[1.823368522429664, 1.3623111468880145]",-9.10320147423699e-13,1.012035268170566,0.9183269711500681,0.9369925114359,0.9654081282978975,0.9628857227233893,0.006449105494125107,0.006449105494125107,"[""species"", ""species""]","[""94905be608a959af8ad30dc3463d3f6566cce693adcd102638eb19cff6ca0343"", ""b553c29e9908c51744071d7f297776bde05116cb4b22e839540bed24a8541bca""]","[""dimer"", ""bipartite_4_4""]","[1.0, 1.0]","[1.0, 1.0]",1,"[1, 1]",1.0000000000009104,False,0.00644910549412514,0.00644910549412514,"[0.5829438425378296, 0.4355405311268616]",0.5562592856337101,2,"[null, null]",0.0002351325395318779,locked,567,ok,True,1.0184843736646911,Dimer_Synthesis,dimer
"[1.151231277023071, 0.9829534666993378]",-9.10320147423699e-13,0.6777602080934105,0.9247343136709693,0.9578947253245433,0.9953419459202038,0.9958223669868946,0.004553783777722595,0.004553783777722595,"[""species"", ""species""]","[""913b26742ba653dcc851ea2fa35956d6d90c53fe95926eef3e3cc291d51fdad8"", ""57d8d27b33cd2cc3a6ccc2da2d5e3ca9aaf2ced6f035c43e3aaacc82e727a063""]","[""dodecamer_chain"", ""trimer_chain""]","[1.0, 1.0]","[1.0, 1.0]",1,"[1, 1]",1.0000000000009104,False,0.004553783777722642,0.004553783777722642,"[0.3680568003791725, 0.31425719149196074]",0.12627786448383427,2,"[null, null]",0.000348915840456219,locked,568,ok,True,0.6823139918711332,Dimer_Synthesis,dimer
"[2.1364684404380374, 1.0105517210935926]",-9.10320147423699e-13,1.001032682734457,0.5249020959150331,0.9990238283941544,0.7237029588230136,0.6048738354085061,0.0050919722325621485,0.0050919722325621485,"[""species"", ""species""]","[""35c53e02fe426d17a1d4266de75b2e4ced9bbd3b444089694aa3a110d76351ac"", ""986118353cda5ed4cbdf509902e346ff6eb8bcb448b624cecf0314c7cd91d2a7""]","[""complete_k6"", ""pentagon_ring""]","[1.0, 1.0]","[1.0, 1.0]",1,"[1, 1]",1.0000000000009104,False,0.005091972232562192,0.005091972232562192,"[0.6830441059003178, 0.32308054906670136]",0.23257550867500876,2,"[null, null]",2.653772761459952,no_lock,569,fail,False,1.006124654967019,Dimer_Synthesis,dimer
"[1.022875019454228, 0.44407362527688643]",-9.10320147423699e-13,0.4659258060329492,0.9099367648600339,0.9991984224943946,0.935295847512356,0.9392127068046241,0.003068074932879726,0.003068074932879726,"[""species"", ""species""]","[""b74602de51e325b64e416905d1bd23c795de4ae2a6e6a11b7aedc834802b5002"", ""ab6617395354b809b94c98437bf5fcabdcf224fc530110114eab74e1e68dfdcd""]","[""ladder_5"", ""octamer_chain""]","[1.0, 1.0]","[1.0, 1.0]",1,"[1, 1]",1.0000000000009104,False,0.0030680749328797496,0.0030680749328797496,"[0.32702039491284796, 0.14197348605298096]",0.46329349397832054,2,"[null, null]",0.00047253166824711925,locked,570,ok,True,0.46899388096582895,Dimer_Synthesis,dimer
"[1.3985023546797835, 1.1976642041984034]",-9.10320147423699e-13,0.8252060513734961,0.9112166118172341,0.8327020291430327,0.9935362905445423,0.994010458517787,0.004806801806623503,0.004806801806623503,"[""species"", ""species""]","[""ebbc5bda517ea27e88db1f32a28a56866648a8cfd34380576678b59467151a29"", ""b5ef6a6b22b61fe1fd48853e88600ee27d8bd67fd2493a82ff698ecb4e6c5ee7""]","[""prism_square"", ""wheel_5""]","[1.0, 1.0]","[1.0, 1.0]",1,"[1, 1]",1.0000000000009104,False,0.004806801806623517,0.004806801806623517,"[0.4471111168185056, 0.38290173636161406]",0.18524087740789275,2,"[null, null]",0.00045822209225928516,locked,571,ok,True,0.8300128531801196,Dimer_Synthesis,dimer
"[1.16927191615673, 2.26665045825118]",-9.10320147423699e-13,1.096512044435754,0.5115967743140278,0.9990775423402612,0.2573042989259257,0.5681626944818204,0.001976696024727176,0.001976696024727176,"[""species"", ""species""]","[""0fed896988e1024e28fe32ab35f92be93a99754c1573a821dcc1207abc165a9a"", ""dec7bd766c5f6113330511da03a0b3cbcb07a7f5ded40454325d42c145dc1f9f""]","[""bilayer_square_4_4"", ""pentagon_ring""]","[1.0, 1.0]","[1.0, 1.0]",1,"[1, 1]",1.0000000000009104,False,0.0019766960247271648,0.0019766960247271648,"[0.3738245206008641, 0.7246642198596169]",0.012685812549330766,2,"[null, null]",3.0108118706526406,no_lock,572,fail,False,1.098488740460481,Dimer_Synthesis,dimer
"[1.1485223207766635, 0.9623233879848426]",-9.10320147423699e-13,0.6704956411725763,0.923378670303376,0.928004790855649,0.9938028082389246,0.9942875973600576,0.0043566957704001055,0.0043566957704001055,"[""species"", ""species""]","[""f7f0b0e1225b7897a9e58c7a88f2586f196795b636060b2155d6283c7a0d23c4"", ""14015f64d77c64bf79053db552bb18dab9b6aff44b67e5ca4951d71eb3a873f3""]","[""hexagon_ring"", ""honeycomb_7""]","[1.0, 1.0]","[1.0, 1.0]",1,"[1, 1]",1.0000000000009104,False,0.004356695770400099,0.004356695770400099,"[0.3671907278633196, 0.3076616090796568]",0.006023553960507244,2,"[null, null]",0.00042569650430611107,locked,573,ok,True,0.6748523369429764,Dimer_Synthesis,dimer
"[0.4861116757460117, 0.6472092890659856]",-9.10320147423699e-13,0.3602020086268229,0.9318828359413318,0.8437845246942208,0.9946892448401164,0.9958748224534771,0.002128737971700137,0.002128737971700137,"[""species"", ""species""]","[""b43e6af0def235fbae4b712eca37684b7ce5b31355c39b11c43ec8983a7c3918"", ""3b27794c060d11b86f4b6c6c50f20cb00448b26c6226167d7559b5f2f01928c5""]","[""pentamer_chain"", ""nonamer_chain""]","[1.0, 1.0]","[1.0, 1.0]",1,"[1, 1]",1.0000000000009104,False,0.0021287379717001564,0.0021287379717001564,"[0.1554133487970283, 0.20691739780149476]",-0.05690193421554368,2,"[null, null]",0.0005898785378533128,locked,574,ok,True,0.36233074659852305,Dimer_Synthesis,dimer
"[0.04894811023953728, 1.738542402818414]",-9.10320147423699e-13,0.5691879656271448,0.6532673445260326,0.79943433877673,0.7146439774892981,0.5571644776408562,0.0022854229742061,0.0022854229742061,"[""species"", ""species""]","[""4079fa3cc581c8996277f179bf38a7b11ee786f040b628d8a9087431a0312355"", ""92ea1c1cc162e93c0b9f118f004e9653b9eb7554f96d585a36d18b7480e66843""]","[""star_5"", ""octahedron""]","[1.0, 1.0]","[1.0, 1.0]",1,"[1, 1]",1.0000000000009104,False,0.002285422974206086,0.002285422974206086,"[0.015649057838280103, 0.5558243307630708]",0.30240039143336506,2,"[null, null]",3.7305542809954098,no_lock,575,fail,False,0.5714733886013509,Dimer_Synthesis,dimer
"[1.0122415691110092, 1.6175076318535109]",-9.10320147423699e-13,0.8356795900210714,0.8920555969477911,0.9160999405961918,0.9403499230780702,0.9329671492781604,0.0050698719024598726,0.0050698719024598726,"[""species"", ""species""]","[""a7638c4a56a5484128ef36e372be471bcb7dc9c57677686e7fa9385d9322c60f"", ""083ff5a9e28d0583396930fef1eec0ffa18dc8dc880065377deb283268d0b4e4""]","[""bipartite_4_4"", ""trilayer_4_4_4""]","[1.0, 1.0]","[1.0, 1.0]",1,"[1, 1]",1.0000000000009104,False,0.005069871902459888,0.005069871902459888,"[0.32362080545725547, 0.5171286564662758]",0.7566474657377369,2,"[null, null]",0.00034268503185016006,locked,576,ok,True,0.8407494619235313,Dimer_Synthesis,dimer
"[2.010059878287302, 2.1793778887737387]",-9.10320147423699e-13,1.3306549654427722,0.9165514387361071,0.9366696972209101,0.9949904472144738,0.9956976449207376,0.0087379877433412,0.0087379877433412,"[""species"", ""species""]","[""b2715c8aa197428f48d537f04dbaba47f34152735e6954041eb2ae1298b6103a"", ""7ec09e9b85d70a97ff15f93b0f9d58d699dd9a6f993c1d73094d22050ee136dd""]","[""ladder_4"", ""star_6""]","[1.0, 1.0]","[1.0, 1.0]",1,"[1, 1]",1.0000000000009104,False,0.008737987743341114,0.008737987743341114,"[0.6426303924664367, 0.6967625607196766]",-0.3169744052282304,2,"[null, null]",0.00040299195059137515,locked,577,ok,True,1.3393929531861133,Dimer_Synthesis,dimer
"[1.5064562885993227, 1.2114372041323689]",-9.10320147423699e-13,0.8629292128931048,0.9207240985098182,0.9992515029765935,0.9872733510148791,0.985350574195684,0.00600060396606048,0.00600060396606048,"[""species"", ""species""]","[""fe2f4df0e3b9d9dbf9b6c16cd72f85ae8d63f95a0b62dc83afe20af687c16bf8"", ""605c5c16a74df2833cf1e4441fd15da8551b8fe304f200431979e6c17677f078""]","[""complete_k5"", ""petersen""]","[1.0, 1.0]","[1.0, 1.0]",1,"[1, 1]",1.0000000000009104,False,0.006000603966060503,0.006000603966060503,"[0.48162475478143074, 0.3873050620777345]",0.785477228185187,2,"[null, null]",0.0002716284371359116,locked,578,ok,True,0.8689298168591653,Dimer_Synthesis,dimer
"[1.8754041917878208, 1.2429494115187292]",-9.10320147423699e-13,0.9909837390782795,0.9120126015166903,0.92788843350492,0.922869257783698,0.9262245070198543,0.005976014006044615,0.005976014006044615,"[""species"", ""species""]","[""c36c378c60285b1acc689b89c79fc99924ea35a1d3a50e331114b946dd186fbf"", ""fc01d1ba760c6c249ecf2ce4802a043c14f3ecae828ae537af27046de8e7a5da""]","[""star_4"", ""bipartite_1_n""]","[1.0, 1.0]","[1.0, 1.0]",1,"[1, 1]",1.0000000000009104,False,0.005976014006044639,0.005976014006044639,"[0.5995800149141365, 0.39737973817018774]",0.3299304593575211,2,"[null, null]",0.0005096778406261433,locked,579,ok,True,0.9969597530843242,Dimer_Synthesis,dimer
"[1.046961535421389, 0.22492928411510785]",-9.10320147423699e-13,0.4043914857183834,0.871220682987731,0.9368136067890416,0.8404144675884702,0.8362790419972713,0.002241025761640455,0.002241025761640455,"[""species"", ""species""]","[""419039e09fbee5f57d38b0125dc18b32f0bedb6590226be504e12366ea81239d"", ""86a03e912751c6fcb1ba070c28170a6a40ceb243c84d11c76efb62ae9009db9d""]","[""bipartite_2_4"", ""prism_square""]","[1.0, 1.0]","[1.0, 1.0]",1,"[1, 1]",1.0000000000009104,False,0.0022410257616404805,0.0022410257616404805,"[0.33472102481762206, 0.07191148666240185]",0.6613674550400734,2,"[null, null]",0.00043830560960700474,no_lock,580,fail,False,0.4066325114800239,Dimer_Synthesis,dimer
"[1.8083273890356286, 1.5234784893790738]",-9.10320147423699e-13,1.0578486827362672,0.9371516677151032,0.9993317280693105,0.9868273717008295,0.9866828703139092,0.00735327587005565,0.00735327587005565,"[""species"", ""species""]","[""20de7ed2ffef70191154086dc9551554b669f61e0dc1137b99fc525b8fa8edc1"", ""35e3334d6b6b9e7a2461c5bc45e491c4741ea3e2deb16cd5f1f1eeea45a98367""]","[""bipartite_4_4"", ""complete_k6""]","[1.0, 1.0]","[1.0, 1.0]",1,"[1, 1]",1.0000000000009104,False,0.007353275870055631,0.007353275870055631,"[0.5781350855646865, 0.4870668730416364]",0.32856239697034684,2,"[null, null]",0.0003548580933033663,locked,581,ok,True,1.0652019586063228,Dimer_Synthesis,dimer
"[1.0239477550113905, 0.0015999106678792618]",-9.10320147423699e-13,0.32659367462461275,0.5499994303523147,0.9495723519218187,0.587864679754226,0.6471637013134227,0.001281184232854623,0.001281184232854623,"[""species"", ""species""]","[""83db1300b8cfd1d4cf93b28e0a616e7b23dbdfca7157ceaea16ae2f8718bf6e2"", ""df6bb227a7645fd313c23b8de429079b8a95161e8742c106ab9bbd7e43e70572""]","[""petersen"", ""complete_k5""]","[1.0, 1.0]","[1.0, 1.0]",1,"[1, 1]",1.0000000000009104,False,0.0012811842328546152,0.0012811842328546152,"[0.32736335607512906, 0.0005115027823382747]",0.6823499739790061,2,"[null, null]",1.7283719795274775,no_lock,582,fail,False,0.32787485885746737,Dimer_Synthesis,dimer
"[1.5159970732020884, 1.1968797815549777]",-9.10320147423699e-13,0.8618672619107483,0.9030028272145914,0.9160173954527691,0.9815335234009721,0.9841366132780269,0.005458700224824164,0.005458700224824164,"[""species"", ""species""]","[""a4e73df29ee2612777c8de57a98ece7ceb8b672ef0a7b42ed230171ea41bb4fe"", ""deeb9d21b627f3f65788b47d278b4011bc7762f2671f8fc3cd69e66e56f08720""]","[""dodecamer_chain"", ""square_ring""]","[1.0, 1.0]","[1.0, 1.0]",1,"[1, 1]",1.0000000000009104,False,0.005458700224824198,0.005458700224824198,"[0.4846750112538585, 0.38265095088171397]",0.4534610058639663,2,"[null, null]",0.00023466813218238686,locked,583,ok,True,0.8673259621355724,Dimer_Synthesis,dimer
"[1.177580523534314, 0.15371856349373736]",-9.10320147423699e-13,0.4240484901097344,0.5330185994966123,0.9994237890086275,0.5296990791642558,0.6445415946764085,0.0015772656344247792,0.0015772656344247792,"[""species"", ""species""]","[""77b1fc00c0185fb30541feefc863e5f0add12677d4e634c0ab574d7d96f0104a"", ""564159d6f181d68c00cd822e0b1d8fb2e8a58eecffd877030445afd67ed0f5ae""]","[""icosahedron"", ""complete_k6""]","[1.0, 1.0]","[1.0, 1.0]",1,"[1, 1]",1.0000000000009104,False,0.0015772656344247848,0.0015772656344247848,"[0.3764808412794579, 0.049144914464701275]",0.6721104356817957,2,"[null, null]",1.3148892378498793,no_lock,584,fail,False,0.4256257557441592,Dimer_Synthesis,dimer
"[1.4136272902070195, 1.5460473731510413]",-9.10320147423699e-13,0.9407241074018033,0.9156414896887297,0.8329274531850729,0.9978037065739019,0.9972551353762762,0.005504863700970028,0.005504863700970028,"[""species"", ""species""]","[""664e6b2eee4ab839e34b665cda86bd02804ad58a0d4633da07bac1ec3984997e"", ""fb0360ed87277082f030531f029392cc38b14ff5dcc2402e71bef84df74957c2""]","[""octahedron"", ""complete_k6""]","[1.0, 1.0]","[1.0, 1.0]",1,"[1, 1]",1.0000000000009104,False,0.005504863700970031,0.005504863700970031,"[0.4519466659277088, 0.4942823051750645]",0.12063560926555617,2,"[null, null]",0.00032521749998350006,locked,585,ok,True,0.9462289711027734,Dimer_Synthesis,dimer
"[2.0696758285622248, 0.6753807023109235]",-9.10320147423699e-13,0.8736846389575116,0.6061427739065491,0.8578497406809951,0.7456117226164697,0.5895592922296548,0.003929393755112923,0.003929393755112923,"[""species"", ""species""]","[""308d85a05a1286f1b4276a71b39af373d266900ae3e6cdb9308123e6f1a26151"", ""4d6c182c2549eac84d4b75f9049ff2ca4b50a81241e1d8c07bdc582d47800ae4""]","[""complete_k5"", ""dodecamer_chain""]","[1.0, 1.0]","[1.0, 1.0]",1,"[1, 1]",1.0000000000009104,False,0.00392939375511292,0.00392939375511292,"[0.6616900343886846, 0.21592399832394]",0.15605305083461019,2,"[null, null]",3.2516136964273885,no_lock,586,fail,False,0.8776140327126245,Dimer_Synthesis,dimer
"[1.4211457989289091, 1.9970145343309058]",-9.10320147423699e-13,1.0856237577120154,0.9151937684347891,0.9994021311984013,0.9399922793739065,0.9404821305905937,0.007186332277748842,0.007186332277748842,"[""species"", ""species""]","[""eea41212981227abcf6f6af987af92e7482a9bb31f58705c6456e93ca42e272e"", ""32abe820320a1a62dbbc51610e361afffb492ed2e999d066a0db75774a703bfb""]","[""double_triangle"", ""trimer_chain""]","[1.0, 1.0]","[1.0, 1.0]",1,"[1, 1]",1.0000000000009104,False,0.007186332277748786,0.007186332277748786,"[0.45435038646504283, 0.6384597035247214]",0.46051166315238157,2,"[null, null]",0.000551544885268169,locked,587,ok,True,1.0928100899897641,Dimer_Synthesis,dimer
"[1.2457211058537256, 1.1803556234019192]",-9.10320147423699e-13,0.7702099084046097,0.9194752831624893,0.9992154858047686,0.9997866321921556,0.9993447768397246,0.005424020473007049,0.005424020473007049,"[""species"", ""species""]","[""27c1f553a5519eb3d4c21deea4730cda01157b0e86510efaeb913302071594bb"", ""892dd07a3b49951e12cfe42fc127f2cb9ec8149cf5a4543483d2451e9db54e9a""]","[""truncated_tetrahedron"", ""decagon_ring""]","[1.0, 1.0]","[1.0, 1.0]",1,"[1, 1]",1.0000000000009104,False,0.005424020473007052,0.005424020473007052,"[0.3982658684977148, 0.37736806037990195]",0.04217897074436483,2,"[null, null]",0.0003748971085371948,locked,588,ok,True,0.7756339288776167,Dimer_Synthesis,dimer
"[1.7399118333000954, 1.1721287457396972]",-9.10320147423699e-13,0.9252288488787195,0.9129941711649198,0.9433293675594405,0.9387557651753042,0.9409738760940718,0.005771167787974759,0.005771167787974759,"[""species"", ""species""]","[""9c81dba7bbb3ff7c21d678f9067b77ad2eee1ab1ac11483373300667d15c5ffe"", ""42d5a5a789b94b2c673596c98df912b8f74efa7c5766c0831badc082a3732c58""]","[""pentagon_ring"", ""bipartite_3_6""]","[1.0, 1.0]","[1.0, 1.0]",1,"[1, 1]",1.0000000000009104,False,0.005771167787974707,0.005771167787974707,"[0.5562621473960003, 0.37473786927069386]",0.3007305406844736,2,"[null, null]",0.00039454041586265256,locked,589,ok,True,0.9310000166666942,Dimer_Synthesis,dimer
"[1.413818220020916, 1.2844922944513972]",-9.10320147423699e-13,0.8566540013740226,0.9211481633657265,0.9994099704945758,0.996665934266039,0.9975164389191843,0.006014998511267749,0.006014998511267749,"[""species"", ""species""]","[""264ee99ea8c0d2d5ec5d56f112e267c662fc14c4725dcd209c73e4c8f26020ac"", ""2c6d156dee72b91c676acfdaf6bf059c09a14a1024701e4e11841ceada9ad03e""]","[""hexagon_ring"", ""star_4""]","[1.0, 1.0]","[1.0, 1.0]",1,"[1, 1]",1.0000000000009104,False,0.006014998511267744,0.006014998511267744,"[0.452007707542719, 0.41066129234257137]",0.1748717675274868,2,"[null, null]",0.0005033108986409786,locked,590,ok,True,0.8626689998852903,Dimer_Synthesis,dimer
"[1.3806914654701856, 0.7096542936096663]",-9.10320147423699e-13,0.6640303975274486,0.8789098199376032,0.9993981800045528,0.9128793233446454,0.912901666412349,0.004267960177511839,0.004267960177511839,"[""species"", ""species""]","[""4e87f50110fcc6cea7d96e469f16b2729af5fec38664feef89f177733e815834"", ""1d8a2526ae5b2ec7f317f0c902592a0081026ead5683235ab1a4d4531aad8372""]","[""hexamer_chain"", ""bipartite_1_n""]","[1.0, 1.0]","[1.0, 1.0]",1,"[1, 1]",1.0000000000009104,False,0.004267960177511854,0.004267960177511854,"[0.44141684927624086, 0.22688150842871965]",0.06070850208706746,2,"[null, null]",0.00039305737773229937,locked,591,ok,True,0.6682983577049605,Dimer_Synthesis,dimer
"[1.6511760876415391, 0.944257348385811]",-9.10320147423699e-13,0.824560628803166,0.8994234007144326,0.9990005927270005,0.8992175908442139,0.9000574459493083,0.005217839804410162,0.005217839804410162,"[""species"", ""species""]","[""471008a2e35c54339694ec081e075dfb313c404c3302fb17f4f8f9d58ae7c2e5"", ""39d4d02d592851eecfad6e232c047de3de9e834072ab31d45242f138e2ca5eea""]","[""tetrahedron_k4"", ""octahedron""]","[1.0, 1.0]","[1.0, 1.0]",1,"[1, 1]",1.0000000000009104,False,0.0052178398044101515,0.0052178398044101515,"[0.5278927004584553, 0.3018857681491209]",0.48317131148884596,2,"[null, null]",0.0003196576931106802,no_lock,592,fail,False,0.8297784686075762,Dimer_Synthesis,dimer
"[1.7153792508242807, 1.4218697122852189]",-9.10320147423699e-13,0.9960637515166367,0.9182722831421641,0.9991083109620051,0.9889144167361613,0.9868118513277763,0.006936982046493185,0.006936982046493185,"[""species"", ""species""]","[""8441bea97fcdc127d8063a3b28b56697af6d27225a48e17f519b5274d7508078"", ""9fb41da5ab830bea525b585ba6d1a824e5114298c5a690de53808b55c13bb282""]","[""honeycomb_7"", ""complete_k5""]","[1.0, 1.0]","[1.0, 1.0]",1,"[1, 1]",1.0000000000009104,False,0.006936982046493179,0.006936982046493179,"[0.5484189068662301, 0.4545818266968997]",0.10783444919392937,2,"[null, null]",0.0004669345657941472,locked,593,ok,True,1.00300073356313,Dimer_Synthesis,dimer
"[1.1259043879074402, 1.0745566255645003]",-9.10320147423699e-13,0.699079308214797,0.9375328727621238,0.8992858491449275,0.9988991828887807,0.9994792587391104,0.0044236769298318015,0.0044236769298318015,"[""species"", ""species""]","[""83ea8ce17c172980d02cd5a41cca2b79b1f8a9bda9cb51c54afb29c381975f4b"", ""ffb2d38e54a29b75816b4f33801c43a98df16ad0aa5ece459b5173c9ee26897e""]","[""bipartite_2_4"", ""decagon_ring""]","[1.0, 1.0]","[1.0, 1.0]",1,"[1, 1]",1.0000000000009104,False,0.00442367692983181,0.00442367692983181,"[0.35995961438578816, 0.3435433707588406]",0.14718541261334184,2,"[null, null]",0.00031540722381237344,locked,594,ok,True,0.7035029851446288,Dimer_Synthesis,dimer
"[2.085682783586657, 0.6456557054588206]",-9.10320147423699e-13,0.8688102601192031,0.6300347244639825,0.9992529905583281,0.7233127686461583,0.530361851206498,0.0044180173734831955,0.0044180173734831955,"[""species"", ""species""]","[""459e4f9b966bd2e51ce55221d594426b752dc7fff93f755205ccc99d442cb720"", ""38c0d6e79c71275ce7b5a9a86562e823372cac1df5c79be8a5d3ebbd59ffef39""]","[""trimer_chain"", ""pentagon_ring""]","[1.0, 1.0]","[1.0, 1.0]",1,"[1, 1]",1.0000000000009104,False,0.004418017373483241,0.004418017373483241,"[0.6668075713838055, 0.20642070610888083]",-0.3790465002274177,2,"[null, null]",4.116280854402737,no_lock,595,fail,False,0.8732282774926864,Dimer_Synthesis,dimer
"[0.7995792919450907, 1.293889411009838]",-9.10320147423699e-13,0.6648138641276259,0.917860168427363,0.9993519016055303,0.9574714902022556,0.9591041344685708,0.00448292087284438,0.00448292087284438,"[""species"", ""species""]","[""903164eedc586a26efd437605ac442e0310f53df84d01c16695fb3c89c9f522a"", ""87a92f680215d834bac27999b3d7bb25b8859c8e185d4d8f9d1a1f9bf6fe224e""]","[""complete_k5"", ""tetrahedron_k4""]","[1.0, 1.0]","[1.0, 1.0]",1,"[1, 1]",1.0000000000009104,False,0.004482920872844409,0.004482920872844409,"[0.2556311678777093, 0.41366561712276106]",0.2085093403069116,2,"[null, null]",0.0005084895291192435,locked,596,ok,True,0.6692967850004703,Dimer_Synthesis,dimer
"[0.5840893204070335, 1.1240463402323841]",-9.10320147423699e-13,0.5424705720822798,0.930691786062114,0.9995052368189008,0.950711611406134,0.9498815979298669,0.0036325076518098553,0.0036325076518098553,"[""species"", ""species""]","[""4405f029636ae2cde561543b54ab0158bbae25e9d94a06dcf75c42bb2f854249"", ""47469ea45ee8aaf50cb3351ae4a4857747d224fe17ebb4b8c0f07ab0b078f4e0""]","[""trimer_triangle"", ""cube""]","[1.0, 1.0]","[1.0, 1.0]",1,"[1, 1]",1.0000000000009104,False,0.003632507651809891,0.003632507651809891,"[0.18673749636177564, 0.35936558337231406]",0.15006757253513325,2,"[null, null]",0.0004740374974610883,locked,597,ok,True,0.5461030797340897,Dimer_Synthesis,dimer
"[1.5996421596190227, 1.4804441658419314]",-9.10320147423699e-13,0.9781425990109894,0.9293000066907169,0.9577440956010059,0.9971264347100627,0.9978153670819889,0.006582834068156064,0.006582834068156064,"[""species"", ""species""]","[""7f5034c7795d861c205abc62af42965718d94c116fcb4fa15b8233b2205b81e0"", ""a2a461dfbdedcd14dbeef5547645ff26b5a1a40bb929764cc85c44100960f0cc""]","[""dodecamer_chain"", ""trimer_chain""]","[1.0, 1.0]","[1.0, 1.0]",1,"[1, 1]",1.0000000000009104,False,0.006582834068156074,0.006582834068156074,"[0.5114169383440128, 0.47330849473513265]",-0.08328759716316703,2,"[null, null]",0.0003908111524515653,locked,598,ok,True,0.9847254330791455,Dimer_Synthesis,dimer
"[0.46040295634681094, 0.9415824695298491]",-9.10320147423699e-13,0.4453437793841836,0.9264381035419865,0.9575574674997254,0.9588916327349328,0.9602120272445219,0.002880899987565219,0.002880899987565219,"[""species"", ""species""]","[""0710d075ad27300a8336dde3e2d17251f2e05a6cb9ab90613c7863a1b632c01e"", ""3c2d3441fbdb88541eb91c8643b382486a0787dc40a8f95f495d6117182b845c""]","[""bipartite_4_4"", ""bipartite_4_8""]","[1.0, 1.0]","[1.0, 1.0]",1,"[1, 1]",1.0000000000009104,False,0.002880899987565244,0.002880899987565244,"[0.1471940889551797, 0.30103059041656915]",0.33305338772252835,2,"[null, null]",0.00014846689129512658,locked,599,ok,True,0.44822467937174887,Dimer_Synthesis,dimer
"[1.1223194818628577, 0.42577822327105164]",-9.10320147423699e-13,0.4918164765635747,0.9219992485956588,0.999317932303921,0.9015460780294584,0.9021532155828537,0.0031213342812809125,0.0031213342812809125,"[""species"", ""species""]","[""3e852fe4a9ece2c686867783101664ef346e570d04c3064a15976a88fd257315"", ""03d684cc12acebe5e3ea0d9ceeed9351db9b3b34acbe058e20ba79499331517f""]","[""octahedron"", ""ladder_5""]","[1.0, 1.0]","[1.0, 1.0]",1,"[1, 1]",1.0000000000009104,False,0.0031213342812809186,0.0031213342812809186,"[0.3588134945098229, 0.1361243163350327]",0.5211700748751731,2,"[null, null]",0.00040563504958665683,locked,600,ok,True,0.4949378108448556,Dimer_Synthesis,dimer
"[1.5119617588992273, 1.4427799175697287]",-9.10320147423699e-13,0.9380449697207655,0.922728192623531,0.9993242887726157,0.9998177485247546,0.9994264803194121,0.006606890503461248,0.006606890503461248,"[""species"", ""species""]","[""87acf64420ec0353d7e485fd4785a1f0b4da372b9a0fb9e01c269ac154f2cd9a"", ""3a870530debe6da36d90d5bdaafc219efdec5706dd4d8d55957082b09b110165""]","[""bilayer_hex_3_3"", ""hexagon_with_center""]","[1.0, 1.0]","[1.0, 1.0]",1,"[1, 1]",1.0000000000009104,False,0.0066068905034611936,0.0066068905034611936,"[0.4833848926647632, 0.46126696755946345]",0.7171205367731783,2,"[null, null]",0.0004695547997741807,locked,601,ok,True,0.9446518602242266,Dimer_Synthesis,dimer
"[1.1655076224870085, 1.0863159980878982]",-9.10320147423699e-13,0.7151042045489151,0.9336294856212369,0.9575685928726609,0.9987844266536752,0.9988590259954799,0.004819770197676517,0.004819770197676517,"[""species"", ""species""]","[""e11977afb1c66ebc112bf590344ab7e0adc4437f4fa344b1946b9ac6d310e439"", ""137729ccf54753271d28e50a6194e72da8ab4f3cc51f9f21437924d5d2b1f656""]","[""grid_3x4"", ""trilayer_4_4_4""]","[1.0, 1.0]","[1.0, 1.0]",1,"[1, 1]",1.0000000000009104,False,0.004819770197676543,0.004819770197676543,"[0.3726210492294573, 0.3473029255171343]",0.33980601579295466,2,"[null, null]",0.0006237904727147683,locked,602,ok,True,0.7199239747465916,Dimer_Synthesis,dimer
"[1.3865106847133404, 1.7673322719483737]",-9.10320147423699e-13,1.0018417874356855,0.9318926372066227,0.936843009412258,0.9775863791754461,0.9762933639950313,0.0064641635014320116,0.0064641635014320116,"[""species"", ""species""]","[""7ff577afa9ec17408fb37336684909f1d61b801b6a739e8fa6d9d796e0c05049"", ""63253a86de405da27c86ce8af56fa2d52cebc730935d67866844f51030e02c1c""]","[""prism_triangular"", ""ladder_4""]","[1.0, 1.0]","[1.0, 1.0]",1,"[1, 1]",1.0000000000009104,False,0.006464163501431974,0.006464163501431974,"[0.4432772949209065, 0.5650286560162109]",-0.22327382199036738,2,"[null, null]",0.0002405130086879631,locked,603,ok,True,1.0083059509371175,Dimer_Synthesis,dimer
"[0.9722760190052167, 1.2794033792456119]",-9.10320147423699e-13,0.715192889148665,0.9240291479832207,0.9439202872618763,0.9849524264259429,0.9846474032333793,0.004684976698522278,0.004684976698522278,"[""species"", ""species""]","[""015d2a91e68ffd9e44f9d2337bee3e805399a9f5d6dd963eae624f69da2bcd89"", ""8054091c1064666694fe1d4ead969984ed871553baaffe9e96818d38b8d30c74""]","[""bipartite_3_6"", ""dimer""]","[1.0, 1.0]","[1.0, 1.0]",1,"[1, 1]",1.0000000000009104,False,0.004684976698522303,0.004684976698522303,"[0.3108435357713861, 0.40903433007580114]",0.3077845085269477,2,"[null, null]",0.0003843781164483581,locked,604,ok,True,0.7198778658471873,Dimer_Synthesis,dimer
"[1.297585462853197, 1.4713043900035359]",-9.10320147423699e-13,0.8790659717879821,0.9347447390900618,0.9992741658203819,0.9960602697016114,0.9954446196866741,0.006167742917967164,0.006167742917967164,"[""species"", ""species""]","[""0c9a857ff1199edfef29db347aa98874574d969aff005e78ba00b55f6aab31ff"", ""c1f2f97f72149082e040bc193af5c6afd615ea225b60d7a2427df5c493ec89c5""]","[""square_ring"", ""grid_3x3""]","[1.0, 1.0]","[1.0, 1.0]",1,"[1, 1]",1.0000000000009104,False,0.006167742917967178,0.006167742917967178,"[0.41484727109851127, 0.4703864436074379]",0.07193907217124185,2,"[null, null]",0.00024395631022131148,locked,605,ok,True,0.8852337147059492,Dimer_Synthesis,dimer
"[1.5403763456578614, 1.0900546307038474]",-9.10320147423699e-13,0.8355798932240439,0.9344563849884736,0.9436373826309707,0.9698574858718308,0.9661282562049512,0.005387537127095904,0.005387537127095904,"[""species"", ""species""]","[""c1f72d48fc5208d2cd1d65fa5fd057487b7b467c39ef226f4f61cb28483daaf5"", ""e3432192ae3663558c496d8b08bc5ec0269c244112079ad80c0b2dd21dafa627""]","[""nonamer_chain"", ""nonamer_chain""]","[1.0, 1.0]","[1.0, 1.0]",1,"[1, 1]",1.0000000000009104,False,0.005387537127095943,0.005387537127095943,"[0.4924692374834018, 0.34849819286773803]",0.24017284286769047,2,"[null, null]",0.00018519855150629332,locked,606,ok,True,0.8409674303511399,Dimer_Synthesis,dimer
"[0.3993887960793174, 1.4371846303145235]",-9.10320147423699e-13,0.5849969901680944,0.4955887051314657,0.999172611737862,0.5280451681677708,0.6506247681627026,0.0021685537770638782,0.0021685537770638782,"[""species"", ""species""]","[""23d68b99cbc88a2394b386a8d51538b5a7a90dd2441485619cea45d62ddb026c"", ""d089c31e8bb6d3ec84085c94257c456c141af87c144f628949d6ff5cf4542825""]","[""hexagon_ring"", ""ladder_5""]","[1.0, 1.0]","[1.0, 1.0]",1,"[1, 1]",1.0000000000009104,False,0.0021685537770639307,0.0021685537770639307,"[0.1276874293863521, 0.45947811455880616]",0.5223560434020044,2,"[null, null]",1.5880640236667276,no_lock,607,fail,False,0.5871655439451583,Dimer_Synthesis,dimer
"[1.1214685404355014, 1.158683765840971]",-9.10320147423699e-13,0.7243069361931235,0.9416028803251106,0.91596063273569,0.9999777129786406,0.9997445719245597,0.004673920195206758,0.004673920195206758,"[""species"", ""species""]","[""36352bc944dbce56f91b5d6fa05e2ae7a1975fcde309ffae3c8ef0dd9c4b6394"", ""22718640ea250233d78fa5b28e2c45105cc4de11b2244d2b4f35041ffbd9266f""]","[""dodecamer_chain"", ""bipartite_3_6""]","[1.0, 1.0]","[1.0, 1.0]",1,"[1, 1]",1.0000000000009104,False,0.004673920195206738,0.004673920195206738,"[0.3585414425031464, 0.3704394138851838]",-0.1880147820693565,2,"[null, null]",0.00043552605766565425,locked,608,ok,True,0.7289808563883302,Dimer_Synthesis,dimer
"[0.9286602433134181, 1.582007661514708]",-9.10320147423699e-13,0.7979588765325538,0.9187628642049925,0.9162769112299187,0.9166956002456131,0.9183126760219329,0.00471945084510154,0.00471945084510154,"[""species"", ""species""]","[""12c380279ed2c19cb22bdd42fa94ba00a76c227ddf8d5dc037a806602621f148"", ""da620090dd37190c01b353d251ea62c868b1da1913f4a8cbeffd63a72b5c879d""]","[""bipartite_2_4"", ""trimer_triangle""]","[1.0, 1.0]","[1.0, 1.0]",1,"[1, 1]",1.0000000000009104,False,0.004719450845101503,0.004719450845101503,"[0.2968992630891062, 0.5057790642885491]",0.6960456457625411,2,"[null, null]",0.0005383138082594779,locked,609,ok,True,0.8026783273776553,Dimer_Synthesis,dimer
"[1.6547372180701478, 1.2963260660283553]",-9.10320147423699e-13,0.9376527866160302,0.9158081101108302,0.8993466759707553,0.9803828640712591,0.9794431017187699,0.0058230654911228434,0.0058230654911228434,"[""species"", ""species""]","[""31a9ac950eed7d0975d875e0b888e28e865e1fe8e3b63c7931954be3340d3ea0"", ""884a0feba4f757a5c1e59478e4337805e0d053b07744552599d5932fa30fd34b""]","[""bipartite_3_6"", ""ladder_5""]","[1.0, 1.0]","[1.0, 1.0]",1,"[1, 1]",1.0000000000009104,False,0.005823065491122881,0.005823065491122881,"[0.5290312191014476, 0.4144446330057055]",0.9287617393617473,2,"[null, null]",0.0003361183952702881,locked,610,ok,True,0.9434758521071531,Dimer_Synthesis,dimer
"[1.1334075861363335, 1.296843288524898]",-9.10320147423699e-13,0.772005415218639,0.9161135187474578,0.916198174556843,0.995989988965511,0.9959540221032575,0.004963017535792492,0.004963017535792492,"[""species"", ""species""]","[""3dfc1d3e02f01b733381282200528c5576706e65404f766a9616693b97336cba"", ""18c7ffd50ba90e6714a592620b67d53237880d3ad5a3d49a27954c2ce29062bc""]","[""ladder_4"", ""bilayer_hex_6_6""]","[1.0, 1.0]","[1.0, 1.0]",1,"[1, 1]",1.0000000000009104,False,0.0049630175357925355,0.0049630175357925355,"[0.36235844004997464, 0.4146099927044568]",-0.3161849049519456,2,"[null, null]",0.0003083503916865741,locked,611,ok,True,0.7769684327544315,Dimer_Synthesis,dimer
"[1.3922144407837722, 1.5140591179724674]",-9.10320147423699e-13,0.9236409815724851,0.9300531365812854,0.8494500193972385,0.9982579256709643,0.9978338474387248,0.005515277826968297,0.005515277826968297,"[""species"", ""species""]","[""5343b2513e804c8c237b6588865e520190b286b4b76e78afb217f861f3d884c4"", ""e1d609e6cfa71813703b92422d8a88fcc13d8570368475769b79e3b67c322b28""]","[""decamer_chain"", ""wheel_5""]","[1.0, 1.0]","[1.0, 1.0]",1,"[1, 1]",1.0000000000009104,False,0.005515277826968257,0.005515277826968257,"[0.44510082617073055, 0.48405543322872274]",-0.2303999686388536,2,"[null, null]",0.0003544551466236213,locked,612,ok,True,0.9291562593994533,Dimer_Synthesis,dimer
"[1.372049306705213, 1.4686973034175657]",-9.10320147423699e-13,0.9021226298183236,0.9259093595416299,0.9577061341825646,0.9992827243061059,0.9986154265612373,0.00608419958040304,0.00608419958040304,"[""species"", ""species""]","[""bd01ffdab0107d58b12d8881e4044b662dec3ed9fe82ce9108fb9d82631b1ccf"", ""0d6c5810947de94fdea75703f3c309f7d385d8fe6a5f9935a00d29b9973e91d6""]","[""star_4"", ""grid_3x4""]","[1.0, 1.0]","[1.0, 1.0]",1,"[1, 1]",1.0000000000009104,False,0.006084199580403071,0.006084199580403071,"[0.4386538898545426, 0.4695529395441841]",0.6250145045385892,2,"[null, null]",0.00043050874969147743,locked,613,ok,True,0.9082068293987267,Dimer_Synthesis,dimer
"[1.5703304316487625, 1.5488376079114103]",-9.10320147423699e-13,0.9905950774801313,0.9225326894673753,0.9491040931044745,0.999969310011843,0.9998846068752825,0.006625056648040449,0.006625056648040449,"[""species"", ""species""]","[""ec05b25e9e1cf168bea4b42b99abfdf2f784c8976e1c9a9dd7d8bd9100139205"", ""986de6ae5b1a65bf5d2bcf4754dc60ff61ef48b265e5c4f660e7984ae21e156e""]","[""decagon_ring"", ""wheel_5""]","[1.0, 1.0]","[1.0, 1.0]",1,"[1, 1]",1.0000000000009104,False,0.006625056648040473,0.006625056648040473,"[0.5020457711201549, 0.49517436300801687]",0.4748595406064723,2,"[null, null]",0.00039635672785760947,locked,614,ok,True,0.9972201341281718,Dimer_Synthesis,dimer
"[1.0009025372489389, 1.6424563519292013]",-9.10320147423699e-13,0.840635621687875,0.9115596539267264,0.8151550046711875,0.9259133709467554,0.9224868099061441,0.00446495403706025,0.00446495403706025,"[""species"", ""species""]","[""660e505b59f5118fbbb506643da058afb6574209b5285d356c2631f268ca84aa"", ""0f211011a93033b007c496c2f4506ba49c0533a338d7dd38731dd86af9c0c8b6""]","[""diatomic_prism_12"", ""hexagon_with_center""]","[1.0, 1.0]","[1.0, 1.0]",1,"[1, 1]",1.0000000000009104,False,0.004464954037060265,0.004464954037060265,"[0.31999563658819646, 0.5251049391367388]",0.6383586678241056,2,"[null, null]",0.0002623708369236369,locked,615,ok,True,0.8451005757249352,Dimer_Synthesis,dimer
"[0.9232632786724406, 1.323742881242388]",-9.10320147423699e-13,0.7134887797808591,0.9192178387286816,0.9994522788700253,0.9739523689494589,0.9727115095620442,0.004895018641574764,0.004895018641574764,"[""species"", ""species""]","[""b0de44c4f686d75246c8391cf8ed7c84c1c4fd1127029f092cba27af34c65836"", ""1de847d29546b4cab30c01147136ec55ca774ddcc43b10e92fe8a5c4deea87a0""]","[""honeycomb_7"", ""trimer_triangle""]","[1.0, 1.0]","[1.0, 1.0]",1,"[1, 1]",1.0000000000009104,False,0.004895018641574711,0.004895018641574711,"[0.29517381523413283, 0.423209983188301]",0.7183864206746879,2,"[null, null]",0.00023587912350908697,locked,616,ok,True,0.7183837984224338,Dimer_Synthesis,dimer
"[1.654404366144532, 1.2411468372948862]",-9.10320147423699e-13,0.9198644591360898,0.9213745761896629,0.9279803689754795,0.9751195440798063,0.9710896646851642,0.005863787257460027,0.005863787257460027,"[""species"", ""species""]","[""1d3ae3cc50e86510e520cb1e019c8e939aec8f7246958b557f487010e5287501"", ""4e22db322d7c67c91de67af052ec093f2c94809f15fbedfa0da39cd0e198d44c""]","[""hexagon_with_center"", ""prism_triangular""]","[1.0, 1.0]","[1.0, 1.0]",1,"[1, 1]",1.0000000000009104,False,0.0058637872574600625,0.0058637872574600625,"[0.5289248039812304, 0.3968034424123195]",0.1075072239406667,2,"[null, null]",0.0004855657545554673,locked,617,ok,True,0.9257282463935499,Dimer_Synthesis,dimer
"[1.2457873576380836, 0.6114698053689748]",-9.10320147423699e-13,0.5904593865519934,0.9141094246337446,0.8655702346974612,0.9225051533257974,0.9226531761313689,0.0033188946160728873,0.0033188946160728873,"[""species"", ""species""]","[""e790c4d411c97a79218d46ffd78798029946fd4f8f1361bc18bc7952d9cb6dfa"", ""97feda99a3995fd4f6290a1bf2c7e93cd6875e7e9a5d97dd273dc78b96b1391e""]","[""heptamer_chain"", ""ladder_4""]","[1.0, 1.0]","[1.0, 1.0]",1,"[1, 1]",1.0000000000009104,False,0.0033188946160729316,0.0033188946160729316,"[0.398287049662835, 0.19549123150523126]",0.38221573770860895,2,"[null, null]",0.00034709049897766923,locked,618,ok,True,0.5937782811680663,Dimer_Synthesis,dimer
"[1.369741230244711, 1.1788731628207287]",-9.10320147423699e-13,0.8091392723401717,0.9300722180500494,0.9994379056663008,0.9947989697453702,0.9943099257511318,0.005670816330806853,0.005670816330806853,"[""species"", ""species""]","[""14351e77b388cd8c0e89fc06a66ba13ef5adc9b7a78181b111d9c5367ba46d5b"", ""8438d2d543afb1fd7e2640466c90046dc3f65fc16ee3813416bd682f99befce9""]","[""bipartite_1_n"", ""bilayer_square_4_4""]","[1.0, 1.0]","[1.0, 1.0]",1,"[1, 1]",1.0000000000009104,False,0.005670816330806905,0.005670816330806905,"[0.43791598144809313, 0.3768941072228854]",-0.13511955037342127,2,"[null, null]",0.0004332696200815791,locked,619,ok,True,0.8148100886709786,Dimer_Synthesis,dimer
"[0.6892358337373125, 0.9798518448725648]",-9.10320147423699e-13,0.5307028766013551,0.9322738422536436,0.7911114038814008,0.9868771193253241,0.986827165319856,0.0029162864655122704,0.0029162864655122704,"[""species"", ""species""]","[""05edc8d5be38c52f29304a3dcd990feb22a946fcfd1efcb0af41023c57549dcf"", ""89dfda8f7d00599497599470a19c0c49f88f99b9847c67dfe97e518cd0a3f8eb""]","[""star_6"", ""diatomic_prism_12""]","[1.0, 1.0]","[1.0, 1.0]",1,"[1, 1]",1.0000000000009104,False,0.00291628646551223,0.00291628646551223,"[0.220353582060421, 0.3132655810064463]",0.670515663102482,2,"[null, null]",0.0002422533870531813,locked,620,ok,True,0.5336191630668673,Dimer_Synthesis,dimer
"[1.41638566390551, 0.8239865288518309]",-9.10320147423699e-13,0.7121681568065215,0.9352095148790419,0.8743916262587641,0.9340007826857212,0.9350332147156213,0.004094715287260805,0.004094715287260805,"[""species"", ""species""]","[""5beacf8605ebf934cddf16f88ff36ec9fc5ef6b0d5e7690eb2597904b59bbb2a"", ""f02d176a51be3ed6d19ab5b35d2fe5264296ff2b4d660a4f1d168140e4d761ec""]","[""tetramer_chain"", ""moebius_kantor""]","[1.0, 1.0]","[1.0, 1.0]",1,"[1, 1]",1.0000000000009104,False,0.004094715287260797,0.004094715287260797,"[0.45282853755331454, 0.2634343345404677]",0.5137352388781816,2,"[null, null]",0.0005978052391668544,locked,621,ok,True,0.7162628720937823,Dimer_Synthesis,dimer
"[0.5975198275191919, 1.1404541902868695]",-9.10320147423699e-13,0.551964858819125,0.9272650029092233,0.9991940907950349,0.9463229628280493,0.9480296879696081,0.0036777552261972996,0.0036777552261972996,"[""species"", ""species""]","[""41e895382ec9213dfc1ee262adcf673fbee9b1dad641584da0369fa9e15b4b6d"", ""93b82c331c7fe67c572d4bf9c39622f739ba5f6a4796f1000540dfdde4cf2286""]","[""cube"", ""trilayer_4_4_4""]","[1.0, 1.0]","[1.0, 1.0]",1,"[1, 1]",1.0000000000009104,False,0.003677755226197288,0.003677755226197288,"[0.19103132469482192, 0.36461128935050047]",0.004418850446103906,2,"[null, null]",0.00032994522715925565,locked,622,ok,True,0.5556426140453223,Dimer_Synthesis,dimer
"[1.2357250103443755, 0.9844352639940306]",-9.10320147423699e-13,0.7048875846653425,0.9275533570108118,0.9992396532541097,0.9896400946397239,0.9899310029315499,0.004913393826977994,0.004913393826977994,"[""species"", ""species""]","[""27baf395def851dd06c87a3168069409e112a3192c5fd83c177b51ba9a2fff11"", ""861caddc5c069fdeb35567e7ef9af435e6d7723e0f699cb711bfab5814a41020""]","[""nonamer_chain"", ""bipartite_3_6""]","[1.0, 1.0]","[1.0, 1.0]",1,"[1, 1]",1.0000000000009104,False,0.004913393826977974,0.004913393826977974,"[0.3950700459007387, 0.31473093259158186]",0.7162139918441377,2,"[null, null]",0.0003715316606463947,locked,623,ok,True,0.7098009784923205,Dimer_Synthesis,dimer
"[1.2983917252249564, 1.5110629230964776]",-9.10320147423699e-13,0.8927373476655005,0.9133562947431765,0.8744920260211466,0.9939841071564098,0.992962062728884,0.005465219715630396,0.005465219715630396,"[""species"", ""species""]","[""a49655bf0db6e0ba5cb5bdae0c0ae6984d9e7f3119cc49fa75e63e526bdc0622"", ""c17960099b0ebafa9162dae5b7e95aeaa2414e3b7a78b0181f342ffb5bc91b6c""]","[""diatomic_prism_12"", ""star_5""]","[1.0, 1.0]","[1.0, 1.0]",1,"[1, 1]",1.0000000000009104,False,0.005465219715630409,0.005465219715630409,"[0.41510503889438216, 0.4830975284867487]",-0.7647010372109433,2,"[null, null]",0.00031210360842058387,locked,624,ok,True,0.8982025673811309,Dimer_Synthesis,dimer
"[1.6400253908886988, 1.0115969883003957]",-9.10320147423699e-13,0.8422494373139876,0.929902520167742,0.9993785529793275,0.9262331901696398,0.9251465250491415,0.005493034747591518,0.005493034747591518,"[""species"", ""species""]","[""0801bc95d2f9ccc16e78806874ff248f084131dc3483376b6c66f39840430df5"", ""a5568615d5a0013c05f7f9277aadb6d541de1c19111bbd86e11901159ed69b3b""]","[""nonamer_chain"", ""tetramer_chain""]","[1.0, 1.0]","[1.0, 1.0]",1,"[1, 1]",1.0000000000009104,False,0.005493034747591552,0.005493034747591552,"[0.5243277436589306, 0.32341472840264857]",0.8103591943345924,2,"[null, null]",0.000295021937511109,locked,625,ok,True,0.8477424720615792,Dimer_Synthesis,dimer
"[1.3863897197206172, 1.1150594622840566]",-9.10320147423699e-13,0.7946627828651455,0.9142451353880645,0.9162317979178718,0.9881229269402778,0.9878647968963564,0.005068253474034811,0.005068253474034811,"[""species"", ""species""]","[""b637d3eaf56516b84313bfe9ececa5c525626bf7ea552f5b18ac24abb3850b2d"", ""69ea15131283c6ed897384034d8e344bb37fac3aff0812b9b4c3290bd7cb5101""]","[""prism_square"", ""prism_triangular""]","[1.0, 1.0]","[1.0, 1.0]",1,"[1, 1]",1.0000000000009104,False,0.005068253474034834,0.005068253474034834,"[0.44323862155520827, 0.35649241478397203]",-0.15605827443356146,2,"[null, null]",0.000260844034928208,locked,626,ok,True,0.7997310363391803,Dimer_Synthesis,dimer
"[0.8611323648782141, 1.1524708066447507]",-9.10320147423699e-13,0.6395729304486699,0.9244510639633129,0.9438411011429224,0.9851894597023094,0.9862144403428978,0.004190277983725931,0.004190277983725931,"[""species"", ""species""]","[""efa7e8e9e0ab85b72dc770170fc47fc302ef45556c0e2791f81c3d0e1677f38b"", ""e834198a85f816b12b7f31cc3f7c8fa92df2ef0ffc596b05dd6fa375b8d1839c""]","[""prism_triangular"", ""grid_3x3""]","[1.0, 1.0]","[1.0, 1.0]",1,"[1, 1]",1.0000000000009104,False,0.004190277983725954,0.004190277983725954,"[0.2753101216461077, 0.36845308678628813]",-0.2369052391229236,2,"[null, null]",0.0003201885006715615,locked,627,ok,True,0.6437632084323959,Dimer_Synthesis,dimer
"[0.9988590401349489, 0.7977172145882909]",-9.10320147423699e-13,0.5706696673545908,0.94247466643496,0.927898333535703,0.9940348414012509,0.9939131652160164,0.0037084972662626836,0.0037084972662626836,"[""species"", ""species""]","[""2ae058b1acffc82384767082998b4f7459abc718e56b19f431c7f58e56c507c1"", ""9596db5deafaae0db1e3cdc8f1843e802dde0b00b09aefbfdfe854f6fbea4047""]","[""hexagon_with_center"", ""bilayer_hex_3_3""]","[1.0, 1.0]","[1.0, 1.0]",1,"[1, 1]",1.0000000000009104,False,0.003708497266262656,0.003708497266262656,"[0.31934231607443825, 0.2550358485464152]",0.23149783173882832,2,"[null, null]",0.00027283877396657396,locked,628,ok,True,0.5743781646208534,Dimer_Synthesis,dimer
"[1.3145040340152876, 1.7047847135588015]",-9.10320147423699e-13,0.9595279394182862,0.9363247683478667,0.8743597827806051,0.9749518370855682,0.974608164032405,0.005760077014477964,0.005760077014477964,"[""species"", ""species""]","[""a14cdafe21e771f63902042f8bd4065d2bd00a631eaf86d600d1b9c07d670c50"", ""d9222b8db16783ad2413cf07c71e2d269e3680af9d397fe89d606e3f8fa29909""]","[""bipartite_4_4"", ""bipartite_4_4""]","[1.0, 1.0]","[1.0, 1.0]",1,"[1, 1]",1.0000000000009104,False,0.0057600770144780045,0.0057600770144780045,"[0.42025625823531715, 0.545031758197447]",-0.2046507546632741,2,"[null, null]",0.0004422659221949473,locked,629,ok,True,0.9652880164327642,Dimer_Synthesis,dimer
"[1.0119461075493303, 0.6622586816205729]",-9.10320147423699e-13,0.5318187925861649,0.9281109837452239,0.9369343941798058,0.9788788483861818,0.9802272156565808,0.0034363470021010816,0.0034363470021010816,"[""species"", ""species""]","[""0bafc9476c6a5ac85a78a4f0dea64783d0fd51035ed54198f074d6359c293032"", ""6b32169fc8dd269fb95ec29268952e728524f3bbd77f9e95fec577e570d9c285""]","[""prism_square"", ""bilayer_hex_3_3""]","[1.0, 1.0]","[1.0, 1.0]",1,"[1, 1]",1.0000000000009104,False,0.003436347002101048,0.003436347002101048,"[0.3235263443014504, 0.21172879528681562]",-0.14658866374430346,2,"[null, null]",0.0001249641109023665,locked,630,ok,True,0.535255139588266,Dimer_Synthesis,dimer
"[1.2000646080283521, 1.7403199116020829]",-9.10320147423699e-13,0.9338070865369917,0.9031312846991636,0.9992903697680356,0.9511731340636447,0.9494280452115056,0.0062546888676212106,0.0062546888676212106,"[""species"", ""species""]","[""b860bc1033a86634a9a13a07edb2bacf5a159a85997adb854c7bfdaef4ea8e3c"", ""96d39808d8048ecb81e7127cd26e32febd3591e831f4c8a0a2d2cfe223d483d9""]","[""octahedron"", ""bipartite_1_n""]","[1.0, 1.0]","[1.0, 1.0]",1,"[1, 1]",1.0000000000009104,False,0.006254688867621261,0.006254688867621261,"[0.38366916248258726, 0.5563926129220257]",0.5263190222042013,2,"[null, null]",0.0003148867348539085,locked,631,ok,True,0.940061775404613,Dimer_Synthesis,dimer
"[1.6234384232787609, 1.4592807326622128]",-9.10320147423699e-13,0.978977287832622,0.9315495950971306,0.9576755663830611,0.9974125295222361,0.9956819695334804,0.006589879815204215,0.006589879815204215,"[""species"", ""species""]","[""cfbccd6a03b9cc2d4035f7c1d52ce3957699d0bae7832034b3eedd8a2eed2f10"", ""69c043ccf57e99654d4ad6aea95c34ca7bc2f39beedbffa5f880a0b6452592d8""]","[""dodecamer_chain"", ""bipartite_3_6""]","[1.0, 1.0]","[1.0, 1.0]",1,"[1, 1]",1.0000000000009104,False,0.006589879815204203,0.006589879815204203,"[0.519024772528496, 0.46654239511933016]",-0.026452751951461906,2,"[null, null]",0.00034880287102397246,locked,632,ok,True,0.9855671676478261,Dimer_Synthesis,dimer
"[1.3778459929610485, 1.6601862797912232]",-9.10320147423699e-13,0.9655080423465155,0.919730578720481,0.8607630594443185,0.9863499070996079,0.9873468350197733,0.005772411959155682,0.005772411959155682,"[""species"", ""species""]","[""68a3c1a754c75655e65c52bb0bf56475f2dbe1e214482b8c2dc026bccefa526f"", ""468adedbafa3c1a32aa5c73e34d9d033668a20d63ae77da54f33fa2d486c212d""]","[""bipartite_4_8"", ""nonamer_chain""]","[1.0, 1.0]","[1.0, 1.0]",1,"[1, 1]",1.0000000000009104,False,0.005772411959155677,0.005772411959155677,"[0.4405071315434252, 0.5307733227622461]",-0.6282709932195052,2,"[null, null]",0.0003294598851193494,locked,633,ok,True,0.9712804543056712,Dimer_Synthesis,dimer
"[1.0462875117995403, 1.3773564135985978]",-9.10320147423699e-13,0.7697647524415135,0.9398820359190543,0.9575486485188862,0.9802944631428645,0.9823114177775366,0.005091391796634961,0.005091391796634961,"[""species"", ""species""]","[""6cda03fbdd2d542a81d6637624e9bc0e34cae118fcbb5086b03207dafa844938"", ""732c4b0136fa6dd834e7d103fae0bb995c189d9579f7c98e7a6cc03991ee4420""]","[""pentamer_chain"", ""dodecamer_chain""]","[1.0, 1.0]","[1.0, 1.0]",1,"[1, 1]",1.0000000000009104,False,0.005091391796634981,0.005091391796634981,"[0.3345055346875423, 0.4403506095506062]",-0.14637628492413501,2,"[null, null]",0.00036531800916740935,locked,634,ok,True,0.7748561442381485,Dimer_Synthesis,dimer
"[0.6955275703618926, 1.244853989567754]",-9.10320147423699e-13,0.6168211622029612,0.9268291098542988,0.8577592832359466,0.9483941789948434,0.9464323041939201,0.0035325779327327,0.0035325779327327,"[""species"", ""species""]","[""557fd43ab2445d0da22c245a8702a75ee29a4861ef8d161e3cdf8f01ad3f6292"", ""22cb88673214d6ae39fc18ec3b1bba63099414bce7cbe4eccfd5219c723186e0""]","[""complete_k5"", ""truncated_tetrahedron""]","[1.0, 1.0]","[1.0, 1.0]",1,"[1, 1]",1.0000000000009104,False,0.00353257793273265,0.00353257793273265,"[0.22236509486161898, 0.3979886452740749]",0.2890985323143198,2,"[null, null]",0.00027958774607335097,locked,635,ok,True,0.6203537401356939,Dimer_Synthesis,dimer
"[0.06544401050571753, 0.8558580353235227]",-9.10320147423699e-13,0.29298458445262093,0.863429833252561,0.8745214827417711,0.8663967100730613,0.8620925186657977,0.0015622107382991669,0.0015622107382991669,"[""species"", ""species""]","[""fa6fa4081ad56e9463cb8a4cc9c2a03876c8a2012a4ef4372d88dab80d8f7bca"", ""fb2969a79558ffe585279ed928b3a411ee366ef38ed47d4ca46f469a00293776""]","[""double_triangle"", ""bilayer_hex_3_3""]","[1.0, 1.0]","[1.0, 1.0]",1,"[1, 1]",1.0000000000009104,False,0.0015622107382991524,0.0015622107382991524,"[0.020922914093336114, 0.27362388109758395]",0.7692235218263179,2,"[null, null]",0.00021430481051854804,no_lock,636,fail,False,0.2945467951909201,Dimer_Synthesis,dimer
"[0.912785567982607, 1.1868785467237328]",-9.10320147423699e-13,0.666885311296126,0.9101560463563132,0.9437990516122118,0.9903792335970188,0.988226585729126,0.004392190760740196,0.004392190760740196,"[""species"", ""species""]","[""00a7c0273479f859c7120a19ec3cf4fc8ec76dae71a01ada128e2f7c60cc6de9"", ""6343dc6b22df517d2f881220bc19eeed047370e9eaecee85791069dcead480c8""]","[""nonamer_chain"", ""heptamer_chain""]","[1.0, 1.0]","[1.0, 1.0]",1,"[1, 1]",1.0000000000009104,False,0.004392190760740156,0.004392190760740156,"[0.29182401684977094, 0.37945348520709526]",0.084788679972568,2,"[null, null]",0.00038296568837422647,locked,637,ok,True,0.6712775020568662,Dimer_Synthesis,dimer
"[0.21117033760194603, 1.472268573457046]",-9.10320147423699e-13,0.5362663500846375,0.634758108544538,0.9162326799534354,0.5623062685687398,0.5670900000493893,0.0019410037325519986,0.0019410037325519986,"[""species"", ""species""]","[""b67be1e5c5592e6e92c5eedd39b06d339481c87eddb6663ba345d763e92fcbdf"", ""6f15e3d744935897a57fa358a153e8a16f2ad81e1b63e031e7eafb7001215302""]","[""hexagon_ring"", ""hexagon_with_center""]","[1.0, 1.0]","[1.0, 1.0]",1,"[1, 1]",1.0000000000009104,False,0.0019410037325520157,0.0019410037325520157,"[0.06751265392453747, 0.47069469989265206]",0.615356001264543,2,"[null, null]",3.4826771244452224,no_lock,638,fail,False,0.5382073538171895,Dimer_Synthesis,dimer
"[1.093257137141921, 0.5642443791614129]",-9.10320147423699e-13,0.5266423767513199,0.911952687172763,0.9279040107827403,0.9507946017564902,0.9519314610481503,0.0032726080914748617,0.0032726080914748617,"[""species"", ""species""]","[""2f987b33f292dfd4970e884c39cb9484569be01f2033521cb7a497d4b81575f8"", ""88516d778ff1d71e9735c9aceae44ccc1757705e45f4802fa3008dbe5e22aa77""]","[""hexagon_with_center"", ""honeycomb_7""]","[1.0, 1.0]","[1.0, 1.0]",1,"[1, 1]",1.0000000000009104,False,0.0032726080914748934,0.0032726080914748934,"[0.3495220568786595, 0.18039292796413522]",0.17376211459503177,2,"[null, null]",0.00020601549194895118,locked,639,ok,True,0.5299149848427948,Dimer_Synthesis,dimer
"[0.4833323729954549, 0.8105581341882204]",-9.10320147423699e-13,0.41176674763977433,0.9234286614399204,0.6664328951594892,0.9841719934765532,0.9830084027842464,0.001899219937533309,0.001899219937533309,"[""species"", ""species""]","[""bca9bcf2fab5a3a3779f1f1b7d4bd83cfe53dc1544eb88338bd236b5d181f6b4"", ""2bd946e1f56e339730a7395189b32b04911588b834bfe9ac2238ae64cf9e8756""]","[""dimer"", ""bilayer_hex_6_6""]","[1.0, 1.0]","[1.0, 1.0]",1,"[1, 1]",1.0000000000009104,False,0.0018992199375333363,0.0018992199375333363,"[0.15452478600511027, 0.2591411815721974]",0.7158533545911181,2,"[null, null]",0.0003857327736503201,locked,640,ok,True,0.41366596757730767,Dimer_Synthesis,dimer
"[1.1424930835684304, 1.5984231931264878]",-9.10320147423699e-13,0.8703873991501037,0.9141352299075931,0.9992728028438587,0.9630305427328971,0.9639923026231845,0.005902964951347958,0.005902964951347958,"[""species"", ""species""]","[""8cbd77f005c8664d356ebe9e30d742931f1fd5b75c79ab9a26088db07bd2b48f"", ""3b16f1d2bbd89280b9d48d00af487ef576cb73254e215aa01c17ee14ca888cc9""]","[""icosahedron"", ""bilayer_hex_6_6""]","[1.0, 1.0]","[1.0, 1.0]",1,"[1, 1]",1.0000000000009104,False,0.005902964951348011,0.005902964951348011,"[0.36526313798639437, 0.5110272261150574]",0.2318098047094702,2,"[null, null]",0.00042230060862455344,locked,641,ok,True,0.8762903641014517,Dimer_Synthesis,dimer
"[1.388054422366695, 1.620828751025662]",-9.10320147423699e-13,0.9552844792999236,0.9311395073160544,0.998913477555784,0.9926244020567078,0.9911102997045551,0.006676801301496647,0.006676801301496647,"[""species"", ""species""]","[""ebdf3404349b09887562954992a3f637677733f0e74339bbc7a3513f8e69e1f8"", ""e01d69b6c48516949ea1a50b47c9b171eff88a5f1964bd39484caae1430c54e3""]","[""bowtie"", ""trimer_triangle""]","[1.0, 1.0]","[1.0, 1.0]",1,"[1, 1]",1.0000000000009104,False,0.0066768013014966154,0.0066768013014966154,"[0.443770838792289, 0.5181904418091312]",-0.1242273372817384,2,"[null, null]",0.00039653414599491064,locked,642,ok,True,0.9619612806014202,Dimer_Synthesis,dimer
"[0.4615478246667196, 0.9400293236727048]",-9.10320147423699e-13,0.4462077776920754,0.9162630846345191,0.6247595938294651,0.9626029724754022,0.961542553778734,0.0018863724567268214,0.0018863724567268214,"[""species"", ""species""]","[""71876c5ddb76aa9d44d0694ff18d2da75068800db97e1760c3e45f2c3ca74f2e"", ""7ab497ea54766f80fa480d52aa969ac101ae5572f8b3c686a1b6426de737ddd6""]","[""trimer_chain"", ""dodecamer_chain""]","[1.0, 1.0]","[1.0, 1.0]",1,"[1, 1]",1.0000000000009104,False,0.001886372456726848,0.001886372456726848,"[0.14756011147306222, 0.30053403867574]",0.04914343694325729,2,"[null, null]",0.000337184167287972,locked,643,ok,True,0.4480941501488023,Dimer_Synthesis,dimer
"[1.5664318291297024, 1.2562548711864319]",-9.10320147423699e-13,0.8962212415469631,0.9291524677373807,0.9992614858129218,0.9840537176349453,0.9840784754847226,0.006211706659308082,0.006211706659308082,"[""species"", ""species""]","[""f3c7639faa65e08ac5d2af88227ba46d86edf88ddb6967aa5275bfad355f48b8"", ""1ff304953066ad12f93e4d19c533ef489e4a6a657a1ae6a316ad7bf3facc27fe""]","[""hexagon_with_center"", ""petersen""]","[1.0, 1.0]","[1.0, 1.0]",1,"[1, 1]",1.0000000000009104,False,0.006211706659308036,0.006211706659308036,"[0.5007993602574949, 0.40163358794877624]",0.05346875854305344,2,"[null, null]",0.0004192070716002568,locked,644,ok,True,0.9024329482062712,Dimer_Synthesis,dimer
"[1.9769593781422918, 1.531167427302366]",-9.10320147423699e-13,1.1149555451144733,0.8830513019436204,0.873833623808183,0.9645777365812285,0.9664858572181384,0.006617463807949337,0.006617463807949337,"[""species"", ""species""]","[""f2ea942f1215611475b0d70271cce6e7f3dd425dff1b663b9d1410fbb90a58b1"", ""95b0bbfb750e429ec58592af85e0d2725a02a71c56a94533a3964f463d70d36b""]","[""double_triangle"", ""bipartite_1_n""]","[1.0, 1.0]","[1.0, 1.0]",1,"[1, 1]",1.0000000000009104,False,0.006617463807949253,0.006617463807949253,"[0.6320479279195856, 0.48952508100283676]",0.04760884679140276,2,"[null, null]",0.00036768921079392814,locked,645,ok,True,1.1215730089224225,Dimer_Synthesis,dimer
"[1.723646224545653, 0.6687006890754092]",-9.10320147423699e-13,0.7607178959012411,0.508945546901021,0.9993368865147766,0.7723479690113314,0.5901125431938231,0.00413237180627082,0.00413237180627082,"[""species"", ""species""]","[""ad9cf354eaf58d9650c8b1c12f1af2c5f964224cf9edc308d0f5d674a3096f95"", ""da08cd7543d6a7ab0bdc613759cb014a98fcaa602bf430784511fa53661dd8e7""]","[""heptamer_chain"", ""decagon_ring""]","[1.0, 1.0]","[1.0, 1.0]",1,"[1, 1]",1.0000000000009104,False,0.004132371806270796,0.004132371806270796,"[0.5510619169697907, 0.2137883507377212]",0.4272966392467371,2,"[null, null]",2.5637476417801803,no_lock,646,fail,False,0.7648502677075119,Dimer_Synthesis,dimer
"[0.6536665943240395, 1.4810864474505234]",-9.10320147423699e-13,0.6785630727872272,0.898367939647444,0.9990752307954356,0.8239190019209491,0.8392059313626297,0.003932607999862465,0.003932607999862465,"[""species"", ""species""]","[""c5b762a11ee4004745e65d9cbd4ddb4acab2d7d43b15da5ff56f5302f164d8ec"", ""93d2ae33019cfe1bfab8423c21c55b3fb629e27ca646c2d775975d5e8b66667d""]","[""cube"", ""icosahedron""]","[1.0, 1.0]","[1.0, 1.0]",1,"[1, 1]",1.0000000000009104,False,0.003932607999862503,0.003932607999862503,"[0.2089818440685356, 0.4735138367185541]",0.8159497289034139,2,"[null, null]",0.0004650309977668964,no_lock,647,fail,False,0.6824956807870897,Dimer_Synthesis,dimer
"[0.11707129716768112, 1.0307900291728438]",-9.10320147423699e-13,0.36589993234432977,0.700086949959853,0.6661746848412884,0.6307875148829467,0.6794166594138643,0.001079470911945878,0.001079470911945878,"[""species"", ""species""]","[""05b4a4c895e2e38c6bf1c19180588c74b38a98f50a69839b1e963ecf2c3b8c3a"", ""3bbe86d77026547bb12acf3bdd3f0fb102d0f1e69a2d4ce65574339f9239682c""]","[""dimer"", ""dodecamer_chain""]","[1.0, 1.0]","[1.0, 1.0]",1,"[1, 1]",1.0000000000009104,False,0.001079470911945879,0.001079470911945879,"[0.03742852362663222, 0.3295508796296434]",0.7930964573056475,2,"[null, null]",0.004034378619433982,no_lock,648,fail,False,0.36697940325627565,Dimer_Synthesis,dimer
"[1.0699707841423534, 1.3450917995409915]",-9.10320147423699e-13,0.7671613589975183,0.9189583673611483,0.9278486631203162,0.9873263332432239,0.9879318059704936,0.004951269461008221,0.004951269461008221,"[""species"", ""species""]","[""7e70cb7576afaf985ef88966379098d75f44dab095c462fd453f3b7a5b717369"", ""730a92afe74e14d975fbbfbe3083385b1ffbeb50a4cf33d7bd316850f34b53a1""]","[""bipartite_1_n"", ""decagon_ring""]","[1.0, 1.0]","[1.0, 1.0]",1,"[1, 1]",1.0000000000009104,False,0.004951269461008212,0.004951269461008212,"[0.3420772447470055, 0.4300353837115209]",0.02153727982871456,2,"[null, null]",0.00021762360099411267,locked,649,ok,True,0.7721126284585265,Dimer_Synthesis,dimer
"[2.0776401921521748, 1.344753670008278]",-9.10320147423699e-13,1.0873612607941803,0.8857648837124457,0.9993711829580592,0.8886890708539281,0.886336424573248,0.006802318396738072,0.006802318396738072,"[""species"", ""species""]","[""ececbd050a5e19544cab4cde05b5d529db433fab73270766226c3163d3d1e1f5"", ""9d18dafd356393ab0e3ca4f5fe5693d26fa0e41667b7c535899e82af8e6b649d""]","[""octahedron"", ""octamer_chain""]","[1.0, 1.0]","[1.0, 1.0]",1,"[1, 1]",1.0000000000009104,False,0.006802318396738061,0.006802318396738061,"[0.6642362978880167, 0.4299272813029015]",0.552282348786124,2,"[null, null]",0.00038228489083621956,no_lock,650,fail,False,1.0941635791909183,Dimer_Synthesis,dimer
"[0.7634728414486709, 1.4700203488273866]",-9.10320147423699e-13,0.7099453155318607,0.899771547217857,0.9162251110100108,0.899248806813548,0.8977277724807845,0.004118290703189357,0.004118290703189357,"[""species"", ""species""]","[""8ca067fc7413318717211c9b7fa7827ae8577250b62a134cd91404ade33615f8"", ""1a155c3aca5a2bfdfcfaecaaf048d3e1e22ae8654741916ef8c634c3d71d769b""]","[""trilayer_4_4_4"", ""tetramer_chain""]","[1.0, 1.0]","[1.0, 1.0]",1,"[1, 1]",1.0000000000009104,False,0.0041182907031893645,0.0041182907031893645,"[0.2440876796942355, 0.46997592654081455]",0.4454554199636249,2,"[null, null]",0.0004942160449946974,no_lock,651,fail,False,0.71406360623505,Dimer_Synthesis,dimer
"[1.5011785593746318, 1.1523089784051195]",-9.10320147423699e-13,0.8430097797014772,0.9243293302838251,0.9160895714392423,0.9795805656038402,0.9801979212778923,0.0053289967837032515,0.0053289967837032515,"[""species"", ""species""]","[""2c90b66cbf7846c1244f74b8d6dbee72e6a8e82415807da69ee7e11825b6f98d"", ""3d6f7162762969bf0760bf67702572b1edcb5dfe7b732c4478c7543afee4c0f2""]","[""star_4"", ""icosahedron""]","[1.0, 1.0]","[1.0, 1.0]",1,"[1, 1]",1.0000000000009104,False,0.005328996783703244,0.005328996783703244,"[0.4799374273343079, 0.3684013491508725]",0.245362519893647,2,"[null, null]",0.00042538492986889554,locked,652,ok,True,0.8483387764851804,Dimer_Synthesis,dimer
"[1.0972002016088735, 1.366232494703624]",-9.10320147423699e-13,0.782358918563665,0.9143498145325132,0.957582664021194,0.9884050243414734,0.9883752035051245,0.005217977799658252,0.005217977799658252,"[""species"", ""species""]","[""d5ab417ae4be4d1c00dbe9080d808b9411895f717a6a15dfd9ee0c82eaf1eb9a"", ""eb6773cd5583c5e9d22a2de6830f1c0424698ef84873d4e5f24432acfeae2fe4""]","[""icosahedron"", ""octamer_chain""]","[1.0, 1.0]","[1.0, 1.0]",1,"[1, 1]",1.0000000000009104,False,0.005217977799658269,0.005217977799658269,"[0.3507826825412528, 0.4367942138220705]",0.4125089572361348,2,"[null, null]",0.00034109317050807586,locked,653,ok,True,0.7875768963633233,Dimer_Synthesis,dimer
"[0.019222070328779324, 1.1923119008527516]",-9.10320147423699e-13,0.3863344785465537,0.5486427419399239,0.9160926892928618,0.40321305536858076,0.5266954628897763,0.0010015206427826109,0.0010015206427826109,"[""species"", ""species""]","[""e49cfcdef88688c1df3e44dd1ccff08f1be15a338cf07f9e62f55e66432d6305"", ""ea73a5ef59b8fbc67f8b9ee5d2f032fb1ec55cf7ba6f9809ed3a2836ef11f150""]","[""trimer_chain"", ""hexagon_ring""]","[1.0, 1.0]","[1.0, 1.0]",1,"[1, 1]",1.0000000000009104,False,0.0010015206427826384,0.0010015206427826384,"[0.006145432149974644, 0.38119056703936166]",0.5074657443549784,2,"[null, null]",3.4877656788626874,no_lock,654,fail,False,0.3873359991893363,Dimer_Synthesis,dimer
"[1.4725358651721145, 2.1957897185516537]",-9.10320147423699e-13,1.1659623335435252,0.9259542462842428,0.9281427484726371,0.896024480133834,0.89518605002761,0.006827360448929407,0.006827360448929407,"[""species"", ""species""]","[""7329d22401dd524d4b1fb51ac829d0135f5cb50f3d4756ef2b9d3c0c0254d578"", ""be76e706516bc692bc66ffb9ff12103e5cafc73b2040740570583f0e628f5dc6""]","[""bipartite_1_n"", ""bipartite_1_n""]","[1.0, 1.0]","[1.0, 1.0]",1,"[1, 1]",1.0000000000009104,False,0.006827360448929509,0.006827360448929509,"[0.4707801549487989, 0.7020095390436558]",0.6778298852463518,2,"[null, null]",0.00030851025007888486,no_lock,655,fail,False,1.1727896939924547,Dimer_Synthesis,dimer
"[1.378696369261585, 1.3979925452436797]",-9.10320147423699e-13,0.8815170758952968,0.9290307340578928,0.999350598940398,0.9999999410689625,0.9998660927771675,0.006210054107482473,0.006210054107482473,"[""species"", ""species""]","[""8360592605ec24eb0496c05e04e4622c53017fe55969625ee942d44321252eef"", ""7672bdcfac9ce54cf35a17a307739c0a72ef010192f7c9531cd147961bcbbb7b""]","[""bilayer_hex_3_3"", ""nonamer_chain""]","[1.0, 1.0]","[1.0, 1.0]",1,"[1, 1]",1.0000000000009104,False,0.006210054107482432,0.006210054107482432,"[0.4407790028750512, 0.4469481271277281]",0.08189054517815819,2,"[null, null]",0.0005861830028299494,locked,656,ok,True,0.8877271300027793,Dimer_Synthesis,dimer
"[1.6413688247849632, 0.22630249263533447]",-9.10320147423699e-13,0.5941011895366671,0.6189858859934385,0.8565518291420283,0.8397828620618457,0.5593680620117782,0.003006570623581466,0.003006570623581466,"[""species"", ""species""]","[""dd0ab0a6c07f58c5e20357f3a55fa256dd9baf34fae9e02f358d176637d255ba"", ""9c430a80119f01033624bda9586cfa1c43c63cb041dee0d0aef6a0fb5fa33e07""]","[""heptamer_chain"", ""hexamer_chain""]","[1.0, 1.0]","[1.0, 1.0]",1,"[1, 1]",1.0000000000009104,False,0.0030065706235814504,0.0030065706235814504,"[0.5247572489992117, 0.07235051116103688]",0.02917126985168117,2,"[null, null]",3.492301736946833,no_lock,657,fail,False,0.5971077601602486,Dimer_Synthesis,dimer
"[1.1487297588646153, 1.8497684199690876]",-9.10320147423699e-13,0.952963178107735,0.9092672057114249,0.9370900136267986,0.9029336975145411,0.9024536417673863,0.005677946113728833,0.005677946113728833,"[""species"", ""species""]","[""5a6eaf83f76ba7ae35e47ccc9de7069e003eb1db549473434b208db600418aec"", ""30c6d740e6c0b8534708c473b2d6f9f567ded100beadca8d421b21b0da6e9b0a""]","[""prism_square"", ""bipartite_3_3""]","[1.0, 1.0]","[1.0, 1.0]",1,"[1, 1]",1.0000000000009104,False,0.005677946113728849,0.005677946113728849,"[0.3672570472905729, 0.591384076930891]",0.6294808637434587,2,"[null, null]",0.00018068658207757665,locked,658,ok,True,0.9586411242214639,Dimer_Synthesis,dimer
"[1.083904668208496, 0.78811088083766]",-9.10320147423699e-13,0.5947786340936158,0.9160226947357503,0.899359503570814,0.9867728693079725,0.9856718612327192,0.003718007713815059,0.003718007713815059,"[""species"", ""species""]","[""41a6856d0f35de3b1a31b575b5f0a8e6df09d5b8b99f4a314ea718ddbd735a66"", ""b682579133466bfd991aad2d4aa581a5ab2686fab9bcb7de498e687bfb1201ea""]","[""bilayer_hex_3_3"", ""star_5""]","[1.0, 1.0]","[1.0, 1.0]",1,"[1, 1]",1.0000000000009104,False,0.0037180077138150303,0.0037180077138150303,"[0.34653200626069575, 0.25196463554673504]",-0.029947460966668338,2,"[null, null]",0.00023622557964502808,locked,659,ok,True,0.5984966418074308,Dimer_Synthesis,dimer
"[1.3218316794498675, 1.516673655765417]",-9.10320147423699e-13,0.9011776798647924,0.9271603237647745,0.9994943819917719,0.9942320499699768,0.9944236632823321,0.006312598057539846,0.006312598057539846,"[""species"", ""species""]","[""9cecd15b450b36f92f1cf10abb8d916221894318bbd3ca1c21a09807914b7e9d"", ""af6b96ec4a11b05591ad76e1f31d5769014122bf1ca14ac76b50d338f93497a5""]","[""octahedron"", ""icosahedron""]","[1.0, 1.0]","[1.0, 1.0]",1,"[1, 1]",1.0000000000009104,False,0.006312598057539809,0.006312598057539809,"[0.42259895842666234, 0.48489131949566977]",0.7953859723612844,2,"[null, null]",0.0001735955174093208,locked,660,ok,True,0.9074902779223322,Dimer_Synthesis,dimer
"[1.4715754134204992, 1.838740784291154]",-9.10320147423699e-13,1.0510921864750233,0.9386481262309486,0.9988965039121066,0.978273811302458,0.9782301068962959,0.007239368869509398,0.007239368869509398,"[""species"", ""species""]","[""373901635edacc8d09de46c3750cc6b4b591ad22234c8a5fe58c8b7e80438e97"", ""85d66e576804d41233e44a046e5d472992f88ce09b26bacd6a2590fc93204e05""]","[""bipartite_2_4"", ""star_5""]","[1.0, 1.0]","[1.0, 1.0]",1,"[1, 1]",1.0000000000009104,False,0.007239368869509377,0.007239368869509377,"[0.4704730917151347, 0.587858463629398]",-0.26466980342295643,2,"[null, null]",0.0003357839070206264,locked,661,ok,True,1.0583315553445327,Dimer_Synthesis,dimer
"[1.2216242783776299, 0.7499718466333647]",-9.10320147423699e-13,0.6260964903691123,0.9262714831198864,0.9992100226031281,0.9609694662839476,0.9599441736839397,0.004236767504126559,0.004236767504126559,"[""species"", ""species""]","[""e3c7d2df1706e27cf09a6a9d648f547d36d6f98a88f602808b13887317717161"", ""587dcca77ed1468628b2df022eafff4bf166c99636af9d04c90efcca55b9fb27""]","[""hexamer_chain"", ""double_triangle""]","[1.0, 1.0]","[1.0, 1.0]",1,"[1, 1]",1.0000000000009104,False,0.004236767504126604,0.004236767504126604,"[0.39056194193043564, 0.2397713159428033]",0.34533505095945516,2,"[null, null]",0.0003709876549609574,locked,662,ok,True,0.6303332578732389,Dimer_Synthesis,dimer
"[1.4454025884610873, 1.1950996616637675]",-9.10320147423699e-13,0.8387195813528497,0.9307964652065623,0.9368009537343649,0.9876908511315631,0.9901722095266191,0.00546770661594572,0.00546770661594572,"[""species"", ""species""]","[""59be5c18ed169293fb975dbcb1acb2d2d36b4f8577b5a12266cda5f7ab30f390"", ""618976b5265467b99a31021192324b58bdb8e25e9f8325ed97622b8ccca3d34e""]","[""moebius_kantor"", ""dimer""]","[1.0, 1.0]","[1.0, 1.0]",1,"[1, 1]",1.0000000000009104,False,0.0054677066159457555,0.0054677066159457555,"[0.4621054540356276, 0.3820818339331679]",-0.11834695067923962,2,"[null, null]",0.00028969523305110334,locked,663,ok,True,0.8441872879687955,Dimer_Synthesis,dimer
"[1.3222567110997252, 1.0543339372302623]",-9.10320147423699e-13,0.7545653245465765,0.9275224473430312,0.9993957143421833,0.9872217115964235,0.9881307688484741,0.0052475534507162285,0.0052475534507162285,"[""species"", ""species""]","[""a04ac3b04087fd60ba2a4afd234d73b24877fb7ab9ca6dfe8c83449e6158eb3f"", ""6f9e928ba90d45f22e1bd035f6a16129bca98463f3d6113fda40b2fe202c6442""]","[""wheel_5"", ""cube""]","[1.0, 1.0]","[1.0, 1.0]",1,"[1, 1]",1.0000000000009104,False,0.005247553450716258,0.005247553450716258,"[0.4227348440581846, 0.3370780339391082]",0.2543119275994282,2,"[null, null]",0.00017193700690919497,locked,664,ok,True,0.7598128779972928,Dimer_Synthesis,dimer
"[1.5963911930883863, 1.5442524961683983]",-9.10320147423699e-13,0.9975699484251014,0.9385263925514609,0.9276848555143677,0.9993520551176042,0.9995391847280141,0.006516103152636233,0.006516103152636233,"[""species"", ""species""]","[""f5a4688e9acbf290771432270da05f00a6407a71ca0dcdd4092c701b82093e86"", ""7059bf2b016aa9b289055990c93b587531223f9fbf9fac5cecfdb3a37b740ef7""]","[""cube"", ""honeycomb_7""]","[1.0, 1.0]","[1.0, 1.0]",1,"[1, 1]",1.0000000000009104,False,0.006516103152636288,0.006516103152636288,"[0.5103775812979638, 0.4937084702797739]",-0.6171302856748881,2,"[null, null]",0.0003199064708977057,locked,665,ok,True,1.0040860515777377,Dimer_Synthesis,dimer
"[1.6031260731005266, 1.5581077479359986]",-9.10320147423699e-13,1.0043387954136083,0.9287614614250687,0.895118647011212,0.9995874485388306,0.9997240034745959,0.006330067258207496,0.006330067258207496,"[""species"", ""species""]","[""9177c45ef8002e6e1efd08821e8712df6f520830bfeeb46aa01d41c08afe12df"", ""31285a19f5f24ae381a690c859a72b6a1cb51071c71b1086e642bb25cf5b94e2""]","[""bipartite_4_4"", ""truncated_tetrahedron""]","[1.0, 1.0]","[1.0, 1.0]",1,"[1, 1]",1.0000000000009104,False,0.006330067258207395,0.006330067258207395,"[0.5125307701816223, 0.49813809249019325]",0.0030098410850116775,2,"[null, null]",0.00014172108039809403,locked,666,ok,True,1.0106688626718157,Dimer_Synthesis,dimer
"[1.0312733331765074, 1.0863677513019248]",-9.10320147423699e-13,0.6722892278818032,0.9401992727546978,0.9995927356458925,0.9996611700889614,0.9995341004717622,0.0047356388505076456,0.0047356388505076456,"[""species"", ""species""]","[""7024cb5023ab88856459726a99b5fee62a349436e1c08fc58bd06fbda5acfc24"", ""a057e5837d59abbed912d3fb9cabdcc64cba946bffe578a124e207173f3251e3""]","[""ladder_4"", ""trimer_chain""]","[1.0, 1.0]","[1.0, 1.0]",1,"[1, 1]",1.0000000000009104,False,0.004735638850507651,0.004735638850507651,"[0.32970539534577203, 0.3473194713865388]",0.5868492464357068,2,"[null, null]",0.0003056887956273709,locked,667,ok,True,0.6770248667323109,Dimer_Synthesis,dimer
"[0.8535445402587428, 1.513081611957723]",-9.10320147423699e-13,0.7520250991484462,0.9235571189244925,0.9367507313621297,0.9275731250221976,0.9181972037853126,0.004602058802726086,0.004602058802726086,"[""species"", ""species""]","[""bb6b89e3eec9a3791c214de0259d316758822af9c563cd463bce8f36db7f35a8"", ""84f3c9d176e32714328f01a846d2c8c87142660a1859fc59f0ced364c0aca41c""]","[""ladder_4"", ""star_6""]","[1.0, 1.0]","[1.0, 1.0]",1,"[1, 1]",1.0000000000009104,False,0.004602058802726128,0.004602058802726128,"[0.27288424032493425, 0.483742917626238]",0.4876344389480469,2,"[null, null]",0.0005287260776050936,locked,668,ok,True,0.7566271579511723,Dimer_Synthesis,dimer
"[1.439890574042251, 0.5300166051645232]",-9.10320147423699e-13,0.6270870521186495,0.720557360569616,0.8743759431902653,0.702055890588669,0.7314218690731462,0.002706237807990107,0.002706237807990107,"[""species"", ""species""]","[""f3d1d84922639eb3a04de56711a079a66a04d860cacff2c0d1714bc0172bb7dc"", ""83e8d5b5962aaf3b2693304da5f50240a54af2311bd73ef4cde0af0e4617cc12""]","[""dodecamer_chain"", ""octahedron""]","[1.0, 1.0]","[1.0, 1.0]",1,"[1, 1]",1.0000000000009104,False,0.002706237807990064,0.002706237807990064,"[0.46034322395108124, 0.16945006597555828]",0.768709525482869,2,"[null, null]",0.006136951704716775,no_lock,669,fail,False,0.6297932899266395,Dimer_Synthesis,dimer
"[1.2394091484124738, 0.3640636159294827]",-9.10320147423699e-13,0.5103439224265625,0.8648205937365775,0.8189907241648544,0.7818079211104851,0.7802612245985161,0.0022976874026500913,0.0022976874026500913,"[""species"", ""species""]","[""4368d18109e2150fff09b069048ed4df7a9a3c041ef4edddfe4b521ef1dac3d2"", ""aca3f0d478eeee023a4ded0e592fa2b32629e64512b6327967f1da67bb940005""]","[""bipartite_3_6"", ""bilayer_square_4_4""]","[1.0, 1.0]","[1.0, 1.0]",1,"[1, 1]",1.0000000000009104,False,0.002297687402650128,0.002297687402650128,"[0.3962478909580809, 0.11639371887113176]",0.6477736791703173,2,"[null, null]",0.0007304278658325098,no_lock,670,fail,False,0.5126416098292126,Dimer_Synthesis,dimer
"[1.1640991467167325, 0.0002630424518560512]",-9.10320147423699e-13,0.3713980077419413,0.5317607468222297,0.9370976614515146,0.35089375150573776,0.572327353206532,0.0008568383356042437,0.0008568383356042437,"[""species"", ""species""]","[""e15e7c40bbb9a7d49b09d8a05f9f8bf5376579b3da9b54756bb0c9b7120d103f"", ""e405d524121accba8cd797deabc7d722a820ec0bd2328cf095ac14c4b265428c""]","[""bilayer_square_4_4"", ""square_ring""]","[1.0, 1.0]","[1.0, 1.0]",1,"[1, 1]",1.0000000000009104,False,0.0008568383356042375,0.0008568383356042375,"[0.3721707495409709, 8.409653657463177e-05]",0.564992405281779,2,"[null, null]",2.8881464675549937,no_lock,671,fail,False,0.37225484607754555,Dimer_Synthesis,dimer
"[1.1106189745550505, 1.053278617749824]",-9.10320147423699e-13,0.6869776878064626,0.9287134972222493,0.9992709464949021,0.9992868959911537,0.9993867168217804,0.0048357123918073,0.0048357123918073,"[""species"", ""species""]","[""658a5cf6c2679e14a38de72b347db17e2bb486fa6dde40a53b15fe058dbef7d1"", ""3d04f33b412262992d0c18def58c5ebe8b187b532aa29de93fbc4acde695e604""]","[""honeycomb_7"", ""bilayer_hex_6_6""]","[1.0, 1.0]","[1.0, 1.0]",1,"[1, 1]",1.0000000000009104,False,0.004835712391807245,0.004835712391807245,"[0.35507275937825095, 0.3367406408200189]",0.13128113332781022,2,"[null, null]",0.0003127228448654835,locked,672,ok,True,0.6918134001982699,Dimer_Synthesis,dimer
"[1.8862922100713124, 0.795790668548151]",-9.10320147423699e-13,0.8571561107563882,0.5143970917713693,0.9992771822176232,0.05415095128481915,0.5745868811487178,0.00032479890852272483,0.00032479890852272483,"[""species"", ""species""]","[""5fb5be848a008651a6bc1c277b495d088b8029778b58ccec62ecaa79c251958f"", ""c46b654c49e44f3cc6315ab2b1b94331f209ff49c5382a14e1b28f3d500e6dc5""]","[""complete_k6"", ""octahedron""]","[1.0, 1.0]","[1.0, 1.0]",1,"[1, 1]",1.0000000000009104,False,0.00032479890852277205,0.00032479890852277205,"[0.6030609915448744, 0.25441991812003667]",0.2614572580980121,2,"[null, null]",3.328684829190337,no_lock,673,fail,False,0.857480909664911,Dimer_Synthesis,dimer
"[2.6577790989871057, 1.0741385759659783]",-9.10320147423699e-13,1.1879986427169913,0.6416789985250979,0.9989364533352441,0.6139179528632924,0.5559211862081737,0.005121893647819753,0.005121893647819753,"[""species"", ""species""]","[""9181f6fb4b6f0ad04d07a3e53b6d3a0ab90e285bd937004f1526686de39334fa"", ""fda16c449967c6448ce33884dbd6b1657fb75551a4a903671f94c810b7b98c87""]","[""tetrahedron_k4"", ""nonamer_chain""]","[1.0, 1.0]","[1.0, 1.0]",1,"[1, 1]",1.0000000000009104,False,0.005121893647819675,0.005121893647819675,"[0.8497108190261846, 0.34340971733862635]",-0.6082689089013944,2,"[null, null]",3.592670981221983,no_lock,674,fail,False,1.193120536364811,Dimer_Synthesis,dimer
"[1.4595459344199013, 1.0130763336557913]",-9.10320147423699e-13,0.7851672457710914,0.9149812107435937,0.9993847275390184,0.9669853551836397,0.9673225664435969,0.005347621830090017,0.005347621830090017,"[""species"", ""species""]","[""ce0416e87d5654ecf39923f431f72ccbf6c4e865abdf607a4335bae7d4ec82cf"", ""50725419957f01e78d10466a618f8c3d3df445c05ebbf6f97d98c8aa5dcde390""]","[""cube"", ""star_4""]","[1.0, 1.0]","[1.0, 1.0]",1,"[1, 1]",1.0000000000009104,False,0.005347621830089966,0.005347621830089966,"[0.46662718200128683, 0.32388768559989456]",-0.0793296937033352,2,"[null, null]",0.000408750434416708,locked,675,ok,True,0.7905148676011814,Dimer_Synthesis,dimer
"[1.32645943724473, 1.5713861293549842]",-9.10320147423699e-13,0.9203121493960352,0.9332673620429807,0.9577080895720804,0.990124173007144,0.9909296498074832,0.0061496211646743255,0.0061496211646743255,"[""species"", ""species""]","[""07b1fedcf965f14ebf6fa2eb952ec3a1c820624a78ce8f75cb5886b8621f20e6"", ""7b3089d0b595a9ada9da8644448c39be75d7d9528a1388ee37d668eb34a46880""]","[""ladder_5"", ""bilayer_hex_6_6""]","[1.0, 1.0]","[1.0, 1.0]",1,"[1, 1]",1.0000000000009104,False,0.006149621164674324,0.006149621164674324,"[0.42407848540000115, 0.5023832851607084]",0.5152559860042214,2,"[null, null]",0.00016634922535734156,locked,676,ok,True,0.9264617705607096,Dimer_Synthesis,dimer
"[1.2055510885117109, 1.352814031821086]",-9.10320147423699e-13,0.8127035793157592,0.9508101847170902,0.9159165264165203,0.9961505123160687,0.9966664798718856,0.005223885985807002,0.005223885985807002,"[""species"", ""species""]","[""6ebde7f4342d63a3dbab10e205785c0bd17298078df66a8a9320feefa46d799d"", ""275ea3d69e976d801586726374e267ee2d828a9e4199bdad000afb6eb27baa36""]","[""wheel_5"", ""dodecamer_chain""]","[1.0, 1.0]","[1.0, 1.0]",1,"[1, 1]",1.0000000000009104,False,0.005223885985807031,0.005223885985807031,"[0.38542322918695054, 0.43250423611461575]",-0.410576113369054,2,"[null, null]",0.00034641588430651824,locked,677,ok,True,0.8179274653015662,Dimer_Synthesis,dimer
"[0.8012142718725045, 1.0876840382770694]",-9.10320147423699e-13,0.600835283258711,0.9200638195646822,0.7329231169240567,0.9872963765274966,0.9868033761482076,0.003058896955909208,0.003058896955909208,"[""species"", ""species""]","[""0979331e7b00dc72b5d431e386cc0516a5ad747fa508d1e10e4c5a301b6ea4ff"", ""1d326cc94d6974b13fd14e98a67c4bc3c1ffe1b1c30eb75ef864bded2c13910e""]","[""wheel_5"", ""ladder_5""]","[1.0, 1.0]","[1.0, 1.0]",1,"[1, 1]",1.0000000000009104,False,0.0030588969559092183,0.0030588969559092183,"[0.25615388255092786, 0.34774029766369247]",-0.3239894424319365,2,"[null, null]",0.0003043725221601196,locked,678,ok,True,0.6038941802146203,Dimer_Synthesis,dimer
"[1.6679754262254767, 0.1827567564591245]",-9.10320147423699e-13,0.5885212389107046,0.6045339798131848,0.9993286488545079,0.76610538314031,0.5598367501570765,0.0031709597924805544,0.0031709597924805544,"[""species"", ""species""]","[""2d3054869eb0b984e7507d9af399c930b9fd7bcde686a3e53e6de9ef6549bfc9"", ""e42ebff0531ee0e44dc995f0c8793d22d8ede99f74c84a81a6dd2d265c4fa381""]","[""bowtie"", ""square_ring""]","[1.0, 1.0]","[1.0, 1.0]",1,"[1, 1]",1.0000000000009104,False,0.003170959792480499,0.003170959792480499,"[0.5332635680947821, 0.058428630608402955]",-1.0,2,"[null, null]",3.60417435010154,no_lock,679,fail,False,0.5916921987031851,Dimer_Synthesis,dimer
"[0.6816387343372337, 1.6275968088725998]",-9.10320147423699e-13,0.734525960046768,0.5030805254823489,0.999318192121564,0.7267043791451913,0.6276161298277867,0.0037530133611433643,0.0037530133611433643,"[""species"", ""species""]","[""e4beb925d5fb5f0de7fdeb88fbbcd4f2f5904034ead4d6a6a172d003f802005b"", ""c29cbf3d68ea7e432d0e857f4c28f0baab1551c9e48c04494118b1a30f7253ed""]","[""bilayer_square_4_4"", ""ladder_5""]","[1.0, 1.0]","[1.0, 1.0]",1,"[1, 1]",1.0000000000009104,False,0.003753013361143309,0.003753013361143309,"[0.2179247355261381, 0.5203542378817732]",0.7774351358765303,2,"[null, null]",1.8548277835580411,no_lock,680,fail,False,0.7382789734079113,Dimer_Synthesis,dimer
"[1.1626358762704545, 1.4204333603042871]",-9.10320147423699e-13,0.820351788011911,0.9226064589440433,0.9577228694139162,0.9886883384401202,0.9891917931588112,0.005473758380465683,0.005473758380465683,"[""species"", ""species""]","[""f5b38c70412431a5658a805a7f627aaf687c3d8ea1227e2c68b386aaa266d10a"", ""c54279d7016a428e26e2890bd56fdb747d41299ade35f2a4356501e93013b21f""]","[""bilayer_hex_6_6"", ""truncated_tetrahedron""]","[1.0, 1.0]","[1.0, 1.0]",1,"[1, 1]",1.0000000000009104,False,0.00547375838046571,0.00547375838046571,"[0.3717029316061254, 0.45412261478625127]",0.11021534454971227,2,"[null, null]",0.0001284978228311572,locked,681,ok,True,0.8258255463923767,Dimer_Synthesis,dimer
"[1.481151983528167, 1.2831132872245732]",-9.10320147423699e-13,0.8782268593133662,0.9325621963552317,0.8995286120312761,0.9934591881712606,0.9934880823304377,0.005528343710127907,0.005528343710127907,"[""species"", ""species""]","[""690a0f6d33654c286f9a30abcf5e41b5f536d25fb72a69ec620d77b0e68a43f3"", ""64a3ff8f01580f384fa814f91dcc223654bb8eeec92cd2ca61d98bd8ebd340f8""]","[""bilayer_hex_6_6"", ""star_5""]","[1.0, 1.0]","[1.0, 1.0]",1,"[1, 1]",1.0000000000009104,False,0.005528343710127892,0.005528343710127892,"[0.4735347890671641, 0.4102204139563299]",-0.04889817485953496,2,"[null, null]",0.0001927403643132241,locked,682,ok,True,0.8837552030234941,Dimer_Synthesis,dimer
"[1.2207811393251362, 1.0648736523768472]",-9.10320147423699e-13,0.7258557638233725,0.9203619749315615,0.9576587278564448,0.9970765350352547,0.9963370948870469,0.004884276162786689,0.004884276162786689,"[""species"", ""species""]","[""e4c41cc7b5a6f8d2ddbb2a1b9fddbe99329ca7e599d7a0bf41b1f7a6d647313b"", ""28f8e8a6c28dbc44100245c6497c46359ec747f9ce0a96380ee7703f26c38e66""]","[""trimer_triangle"", ""cuboctahedron""]","[1.0, 1.0]","[1.0, 1.0]",1,"[1, 1]",1.0000000000009104,False,0.004884276162786638,0.004884276162786638,"[0.39029238439831404, 0.34044765558784507]",0.8241847534451074,2,"[null, null]",0.0005682354311112036,locked,683,ok,True,0.7307400399861591,Dimer_Synthesis,dimer
"[1.2000366521014232, 1.5638714827246523]",-9.10320147423699e-13,0.87789667947371,0.9243293302838251,0.9492305123494212,0.9783514423280829,0.978908803091447,0.005744344662281544,0.005744344662281544,"[""species"", ""species""]","[""daa4cfac4a64279e95b95baef5f538ff6564908dd903b86dfa95dce17e5c077a"", ""d11128446af006e1ae14f8d49235475b301404649b39d0d3af8c660c309b8655""]","[""ladder_5"", ""bipartite_4_4""]","[1.0, 1.0]","[1.0, 1.0]",1,"[1, 1]",1.0000000000009104,False,0.005744344662281575,0.005744344662281575,"[0.3836602247745676, 0.49998079936142387]",0.08493221471347723,2,"[null, null]",0.00014725140493686712,locked,684,ok,True,0.8836410241359915,Dimer_Synthesis,dimer
"[1.2348762259232804, 0.5930487243832575]",-9.10320147423699e-13,0.5808273009841812,0.8938672653655552,0.9438838778027849,0.9254178031159345,0.9224340380089935,0.0035732638465461,0.0035732638465461,"[""species"", ""species""]","[""1bcd9426a46705bfea799cb66fcb70286f7ecf4f5b905cc18eda860821a91b8b"", ""cabe1030ccd4235b777b0e7abe776b1515c13a06e7aa079500c7eac80470ec55""]","[""bipartite_3_6"", ""bipartite_3_3""]","[1.0, 1.0]","[1.0, 1.0]",1,"[1, 1]",1.0000000000009104,False,0.003573263846546104,0.003573263846546104,"[0.394798683504255, 0.18960188132647232]",0.17830781495229575,2,"[null, null]",0.00039582083137356766,locked,685,ok,True,0.5844005648307273,Dimer_Synthesis,dimer
"[1.9362252411359508, 1.1172445610852146]",-9.10320147423699e-13,0.9705594781659379,0.8863704746496777,0.9995042758709617,0.8281641301125192,0.8390494851156809,0.005656463748072922,0.005656463748072922,"[""species"", ""species""]","[""8d4ee97841ce055ae39750fc57c664982a73323e4811ac74c4d10a416f1b99cb"", ""24bb81c23a24ce49850064c73966457e9fef55ec720b3f98f30b9211f3cca441""]","[""tetramer_chain"", ""bilayer_square_4_4""]","[1.0, 1.0]","[1.0, 1.0]",1,"[1, 1]",1.0000000000009104,False,0.005656463748072937,0.005656463748072937,"[0.6190249355530741, 0.3571910063609367]",0.8112069942700044,2,"[null, null]",0.0003568835806398038,no_lock,686,fail,False,0.9762159419140108,Dimer_Synthesis,dimer
"[1.3678899551966417, 0.7364901709839131]",-9.10320147423699e-13,0.6684682836447864,0.9017638131325538,0.9992960479556852,0.9172958496389171,0.92506101692947,0.00431696071234068,0.00431696071234068,"[""species"", ""species""]","[""32978771f5cf4f77274a53f71d34a573fbc0bc00e9e7b8632811f5c6cc075848"", ""6dce7a618f0a79844fa23a716c412f853a5f082cc793371a174461d76c401772""]","[""hexamer_chain"", ""bilayer_hex_3_3""]","[1.0, 1.0]","[1.0, 1.0]",1,"[1, 1]",1.0000000000009104,False,0.004316960712340667,0.004316960712340667,"[0.43732411569147805, 0.235461128665649]",0.5977259018428174,2,"[null, null]",0.0004563140705890877,locked,687,ok,True,0.672785244357127,Dimer_Synthesis,dimer
"[1.305883846692818, 0.7771958247910137]",-9.10320147423699e-13,0.6618167305553126,0.9147119381107697,0.9368270462799216,0.9522090799583031,0.9514766103235489,0.004158607435675632,0.004158607435675632,"[""species"", ""species""]","[""ec7158fa230032ecec62e34e5a16f9adb244d35d1623cce85c9a1be652c86be2"", ""4e800f83333db6b0087eab7c6e5e302912cd4695f48fdf56f7c98a89d680d6b3""]","[""bipartite_4_8"", ""ladder_4""]","[1.0, 1.0]","[1.0, 1.0]",1,"[1, 1]",1.0000000000009104,False,0.004158607435675643,0.004158607435675643,"[0.41750032323954334, 0.24847501475144498]",0.2698963110051663,2,"[null, null]",0.00031341778888341207,locked,688,ok,True,0.6659753379909883,Dimer_Synthesis,dimer
"[1.6566203799935517, 1.491863448571065]",-9.10320147423699e-13,0.9998733858305566,0.9256658921826546,0.9577501244538136,0.9956678269085417,0.9956504806053152,0.00671921386289016,0.00671921386289016,"[""species"", ""species""]","[""8d60f6234dbba671c8ebc3dfbf9596343197cc1d2801c43972a5761619d743b8"", ""c242bacb583fea4ddfd1ffbecceeecbc8d8be9229a3a751a6bd6c0d721bae8f1""]","[""diatomic_prism_12"", ""bipartite_3_6""]","[1.0, 1.0]","[1.0, 1.0]",1,"[1, 1]",1.0000000000009104,False,0.006719213862890205,0.006719213862890205,"[0.5296332793181542, 0.4769593203752927]",-0.04011584503582122,2,"[null, null]",0.0002852912753463745,locked,689,ok,True,1.0065925996934468,Dimer_Synthesis,dimer
"[1.4823540079683282, 0.054336676179538294]",-9.10320147423699e-13,0.4895740620764531,0.617579893945841,0.9992148353199328,0.4996144819995662,0.5838710930303465,0.0017168432944324442,0.0017168432944324442,"[""species"", ""species""]","[""579d3f448fd2621d8819057128cd854e9fb97068a05c3fe2e87330276ee5de59"", ""e204f97b4ccaf5b4d8597639fc477a007bf72ebc2c6c8c7451d54ffe97a4cd3c""]","[""star_6"", ""ladder_4""]","[1.0, 1.0]","[1.0, 1.0]",1,"[1, 1]",1.0000000000009104,False,0.0017168432944324463,0.0017168432944324463,"[0.4739190848018729, 0.017371820569012632]",-0.1979150591078196,2,"[null, null]",3.325263358571965,no_lock,690,fail,False,0.49129090537088554,Dimer_Synthesis,dimer
"[1.1908505696684797, 1.1893776947959687]",-9.10320147423699e-13,0.7556546351892132,0.9301908742693302,0.9990283150419415,0.9999172301296347,0.9999218631056499,0.005321214473442629,0.005321214473442629,"[""species"", ""species""]","[""4836f606d98f533c228cf172bc4d0b94041f36b7d4856b1dd509650db8990c8e"", ""8e9a85c13ab23a4fb3ad7633c55c0bb62e1b87ddec0c494430a4a26e10aa1a1d""]","[""star_4"", ""nonamer_chain""]","[1.0, 1.0]","[1.0, 1.0]",1,"[1, 1]",1.0000000000009104,False,0.0053212144734425815,0.0053212144734425815,"[0.380723369100327, 0.3802524805623287]",-0.00894386083726606,2,"[null, null]",0.0006245224764557124,locked,691,ok,True,0.7609758496626557,Dimer_Synthesis,dimer
"[0.08800690754962559, 1.6366216628396189]",-9.10320147423699e-13,0.5510404954925198,0.6159806000796323,0.9991627859533704,0.08699418161978109,0.5289314998259953,0.0003354844073478642,0.0003354844073478642,"[""species"", ""species""]","[""c787fbdbe0cf74e457ac474c75e39d199afe0d00adce4e5f2fb76aaf40c5eef0"", ""dd9ae7fabcfde00a3f32813d599a25cf0045fc6138df5b8052b57c26ffc7f279""]","[""trimer_chain"", ""decagon_ring""]","[1.0, 1.0]","[1.0, 1.0]",1,"[1, 1]",1.0000000000009104,False,0.00033548440734787466,0.00033548440734787466,"[0.028136432227363554, 0.5232395476725041]",-1.0,2,"[null, null]",4.21523872656479,no_lock,692,fail,False,0.5513759798998676,Dimer_Synthesis,dimer
"[1.6500480198659149, 0.8937367374658195]",-9.10320147423699e-13,0.8082685151046433,0.9004648847065896,0.9994168773757279,0.8783667197528486,0.8763080190040513,0.004997504784829449,0.004997504784829449,"[""species"", ""species""]","[""3e29f9388be36cad47dc11f0ebbe0073263960d58db6148cc90eca59dc646370"", ""fe265dc7b086d1803b83b31dd87b4611724bb9678fa1ccc5a22f2d5b7d6c1bb5""]","[""grid_3x4"", ""star_6""]","[1.0, 1.0]","[1.0, 1.0]",1,"[1, 1]",1.0000000000009104,False,0.00499750478482941,0.00499750478482941,"[0.5275320491936801, 0.28573397069579254]",0.5366613009647327,2,"[null, null]",0.00016122252166006536,no_lock,693,fail,False,0.8132660198894727,Dimer_Synthesis,dimer
"[1.0053976621293854, 1.2888128474302818]",-9.10320147423699e-13,0.7284076604317891,0.929633247534918,0.9994427468386504,0.9875740744080439,0.9873220410779447,0.0050677032052258,0.0050677032052258,"[""species"", ""species""]","[""db3a69f357b65693b66e46c8cee4d5dfbf172cf5229396bd76ece973e5eb764f"", ""b2cdd8ecdebe5cdd7451460e298266cea9ec7cdb34dea0b80e3b40bdaa61d775""]","[""hexagon_ring"", ""square_ring""]","[1.0, 1.0]","[1.0, 1.0]",1,"[1, 1]",1.0000000000009104,False,0.00506770320522576,0.00506770320522576,"[0.3214327598785575, 0.41204260375845736]",0.14061858310928776,2,"[null, null]",0.00016790931596243357,locked,694,ok,True,0.7334753636370148,Dimer_Synthesis,dimer
"[0.9553513561272463, 1.3591256345396143]",-9.10320147423699e-13,0.7351227492349908,0.9254255022838855,0.9576125261892936,0.9741585052024125,0.9739812808780464,0.004831952081718819,0.004831952081718819,"[""species"", ""species""]","[""fff31cc01f1182e35e1d102ba3dc9f8d9e663e504f315eca62f4905213ed2109"", ""d2d031fd8920cabb6fbcc52b40fc9c366a2b2aae17b09e4e92fafbbc8462acf2""]","[""icosahedron"", ""truncated_tetrahedron""]","[1.0, 1.0]","[1.0, 1.0]",1,"[1, 1]",1.0000000000009104,False,0.004831952081718827,0.004831952081718827,"[0.30543260106982917, 0.43452210024688037]",0.8142370183409384,2,"[null, null]",0.00039647522860134963,locked,695,ok,True,0.7399547013167096,Dimer_Synthesis,dimer
"[1.0562234403536532, 1.1552569091166294]",-9.10320147423699e-13,0.7020891204506096,0.9304343416283058,0.9991965876377733,0.9983052570298931,0.9983607630380551,0.004936824529110292,0.004936824529110292,"[""species"", ""species""]","[""edf4d2d6c953435ce1168ec3baab6f7b804445cc4e8dec97e56be6db3528728e"", ""06b2b7b4f10aee62a481b8905e271c5ef6d942bb098ab124d7640af37ed6b5fd""]","[""bilayer_hex_6_6"", ""bipartite_2_4""]","[1.0, 1.0]","[1.0, 1.0]",1,"[1, 1]",1.0000000000009104,False,0.004936824529110262,0.004936824529110262,"[0.3376821214824036, 0.3693438234973162]",0.12214210610993492,2,"[null, null]",0.0003545780739885111,locked,696,ok,True,0.7070259449797198,Dimer_Synthesis,dimer
"[1.3143477926849751, 1.3979925452436797]",-9.10320147423699e-13,0.8610941660964385,0.9264360766082618,0.9994513148487352,0.9989314430674894,0.9988673957067595,0.006060267805706077,0.006060267805706077,"[""species"", ""species""]","[""76074cc45cd6fb215b6fa8bbeca974acd1a1a75753babbbc7e86c6ccf15fb6a6"", ""7672bdcfac9ce54cf35a17a307739c0a72ef010192f7c9531cd147961bcbbb7b""]","[""dimer"", ""nonamer_chain""]","[1.0, 1.0]","[1.0, 1.0]",1,"[1, 1]",1.0000000000009104,False,0.006060267805706121,0.006060267805706121,"[0.4202063067744165, 0.4469481271277281]",-0.6389729604637948,2,"[null, null]",0.00021431026333966976,locked,697,ok,True,0.8671544339021446,Dimer_Synthesis,dimer
"[1.5664614054217487, 1.1124952446211533]",-9.10320147423699e-13,0.8510183698130819,0.9130870221103521,0.9437476739594204,0.965526672763125,0.966013966757837,0.005463062413969487,0.005463062413969487,"[""species"", ""species""]","[""21a6338781959e5aeaa8e5047684ac1658ca66582df95b232573d1438415ed64"", ""25954d82695c717d15b017ae08a8806df0d43f25344d730b44432f3c199cdfb5""]","[""bipartite_3_6"", ""wheel_5""]","[1.0, 1.0]","[1.0, 1.0]",1,"[1, 1]",1.0000000000009104,False,0.005463062413969433,0.005463062413969433,"[0.5008088160077294, 0.35567261621932184]",0.3459257181895369,2,"[null, null]",0.00027444109451002204,locked,698,ok,True,0.8564814322270513,Dimer_Synthesis,dimer
"[1.1507203815643403, 1.5762839460965385]",-9.10320147423699e-13,0.8662628680767829,0.9261688309091627,0.9438344705174215,0.968684972683844,0.9689965116268482,0.005579747296240265,0.005579747296240265,"[""species"", ""species""]","[""bd2e8c1b62a81edac994a723184cdc6432cdc0639588421838a0897e8f1c76f2"", ""de5edd047a3fee9ce123e27ec6caa08686cda3bb7287cb25498fe753411dd619""]","[""nonamer_chain"", ""nonamer_chain""]","[1.0, 1.0]","[1.0, 1.0]",1,"[1, 1]",1.0000000000009104,False,0.005579747296240223,0.005579747296240223,"[0.3678934634792622, 0.5039491518937609]",0.234663159069172,2,"[null, null]",0.00032681949050463073,locked,699,ok,True,0.8718426153730231,Dimer_Synthesis,dimer
"[1.1623674686003131, 1.9428319531691118]",-9.10320147423699e-13,0.9882387897638796,0.9046019379411603,0.7497409200180802,0.8666679481303916,0.8676965675103079,0.004515478232617105,0.004515478232617105,"[""species"", ""species""]","[""183e176f79e328d3fe571dac003e3b6720595b65af1ca113bfbd8ef72b372ff5"", ""d1b8b8230dc16c0260a34ed05b767a0937f3d98eb14ada0936c2410d1283454c""]","[""star_4"", ""dimer""]","[1.0, 1.0]","[1.0, 1.0]",1,"[1, 1]",1.0000000000009104,False,0.0045154782326171095,0.0045154782326171095,"[0.37161711977123074, 0.621137148225266]",0.6549955252578079,2,"[null, null]",0.0005809811607932894,no_lock,700,fail,False,0.9927542679964967,Dimer_Synthesis,dimer
"[1.5895211328988015, 2.2588935957682375]",-9.10320147423699e-13,1.2232779096236825,0.8974105558619104,0.8994670823361353,0.9149120354704469,0.9144970610140867,0.007087560664774408,0.007087560664774408,"[""species"", ""species""]","[""cb30add5c24bf9824b0b1ea0b280e67173760a488b65ada59460b7634abc1392"", ""520265f1a9150b9de4dde4a791d9ab0cf2aa4b5d6e87aee81507d6d80781f08d""]","[""decamer_chain"", ""double_triangle""]","[1.0, 1.0]","[1.0, 1.0]",1,"[1, 1]",1.0000000000009104,False,0.0070875606647744505,0.0070875606647744505,"[0.5081811743532798, 0.7221842959351771]",0.6136393895180796,2,"[null, null]",0.0004056148680907188,locked,701,ok,True,1.230365470288457,Dimer_Synthesis,dimer
"[1.36491432350036, 1.0659349896115953]",-9.10320147423699e-13,0.7724642574867361,0.9139139214775884,0.8744270992170009,0.987074468090134,0.9860582025661083,0.004695500282740806,0.004695500282740806,"[""species"", ""species""]","[""8bba5c2d447c844012f1be16a999b2dae2c23d3a6529ccb1d8b520ca97148fde"", ""afc926e0de35ef6ba32b905eb5ae812ae6c6c807e1ab1b409fb3318b0a82eff2""]","[""cuboctahedron"", ""prism_triangular""]","[1.0, 1.0]","[1.0, 1.0]",1,"[1, 1]",1.0000000000009104,False,0.004695500282740794,0.004695500282740794,"[0.4363727851438297, 0.3407869726256472]",0.14516335852560602,2,"[null, null]",0.00038122255470619457,locked,702,ok,True,0.7771597577694769,Dimer_Synthesis,dimer
"[1.641148504941965, 0.33098996255103735]",-9.10320147423699e-13,0.6278843075916949,0.6023356749372892,0.9158679804955431,0.6487368706854987,0.5708562423117407,0.0026223410177250057,0.0026223410177250057,"[""species"", ""species""]","[""af1d815ec06755fa2235cff9941b04dad1911ce0c12525eb02c0edafdf50a19e"", ""d9cd4c0ddc9ab73b9b21054b1fefa0ac894eec627b9e6833cbe53dfa346b9dba""]","[""tetrahedron_k4"", ""prism_triangular""]","[1.0, 1.0]","[1.0, 1.0]",1,"[1, 1]",1.0000000000009104,False,0.0026223410177249606,0.0026223410177249606,"[0.5246868111835509, 0.10581983742586899]",0.603465634610477,2,"[null, null]",3.265665175426011,no_lock,703,fail,False,0.6305066486094199,Dimer_Synthesis,dimer
"[1.4513674962444287, 0.5172346288607083]",-9.10320147423699e-13,0.6283788485322386,0.619138378699612,0.9992547560897458,0.22651687107047816,0.5932013496939766,0.0009972063465377554,0.0009972063465377554,"[""species"", ""species""]","[""bb562d6eec95c7b160e3c2929fffad79b77589261fd3e6026e7939df32153ff7"", ""e788a4c45a1e82017448afe1b4f87423f94dbb87a1efd8a93dca9640c3b842ff""]","[""prism_triangular"", ""honeycomb_7""]","[1.0, 1.0]","[1.0, 1.0]",1,"[1, 1]",1.0000000000009104,False,0.0009972063465377712,0.0009972063465377712,"[0.4640124773393816, 0.16536357753939476]",0.767953354222836,2,"[null, null]",1.0958581474777724,no_lock,704,fail,False,0.6293760548787763,Dimer_Synthesis,dimer
"[1.3945763283775923, 1.858260270699481]",-9.10320147423699e-13,1.0329452719929788,0.9036151419569077,0.999144700391527,0.9637297786077375,0.9647627309354918,0.007009648193387769,0.007009648193387769,"[""species"", ""species""]","[""ad271ff049b51aaf6eadec49f13b540b139e0bc8de053e7a8ed82f696c94672b"", ""5b5034bf475a1da3e114b24dc060de8748bfeae4b22a7fcf4ce55435db592578""]","[""trilayer_4_4_4"", ""moebius_kantor""]","[1.0, 1.0]","[1.0, 1.0]",1,"[1, 1]",1.0000000000009104,False,0.007009648193387674,0.007009648193387674,"[0.4458559383779706, 0.5940989818083959]",0.3516344447652371,2,"[null, null]",0.00021124641655404457,locked,705,ok,True,1.0399549201863665,Dimer_Synthesis,dimer
"[1.7808891318334874, 1.3262336135450783]",-9.10320147423699e-13,0.9873327968158668,0.9355907199260622,0.8992399148079944,0.9653652434054659,0.9648240481639302,0.006036371372973929,0.006036371372973929,"[""species"", ""species""]","[""35f6a8d0c034a7c9ed4fc34d95d9aaba46d6e7df910a375f80ac0d9b3d86a204"", ""fe373eeace444c2bd22a7d27668ebe677e4b7ceaaeda8d1bcf1a312e603b01ef""]","[""star_5"", ""octahedron""]","[1.0, 1.0]","[1.0, 1.0]",1,"[1, 1]",1.0000000000009104,False,0.00603637137297397,0.00603637137297397,"[0.5693628802264897, 0.4240062879623511]",0.33596875122640035,2,"[null, null]",0.00026936177599095387,locked,706,ok,True,0.9933691681888408,Dimer_Synthesis,dimer
"[0.6366912870177439, 1.3025643265241398]",-9.10320147423699e-13,0.6163611690648034,0.909677293492501,0.9162695398114356,0.9135003754853828,0.9159299192507303,0.003632598028853233,0.003632598028853233,"[""species"", ""species""]","[""88ae2676e5dce1e761860edd728eef464df2875d67a07e49efd6d4da5f5cdb44"", ""a106d2a1e4559e2d236a697699100f5e1b20a9b57c37ca558ab137e4ef930b82""]","[""prism_triangular"", ""bilayer_hex_3_3""]","[1.0, 1.0]","[1.0, 1.0]",1,"[1, 1]",1.0000000000009104,False,0.0036325980288531845,0.0036325980288531845,"[0.20355471798422306, 0.4164390491094335]",0.770770913862863,2,"[null, null]",0.00015310372612452441,locked,707,ok,True,0.6199937670936566,Dimer_Synthesis,dimer
"[0.011192975184866562, 0.9996546369553735]",-9.10320147423699e-13,0.321404642597629,0.5305908942564461,0.9993819624443709,0.783122386481613,0.6588029460684888,0.0017705049342665359,0.0017705049342665359,"[""species"", ""species""]","[""5fd572e1e512c743fd84177738a4d565baed498944b5a572a3ff6ded90eeeb65"", ""f2e5d1b8db73fc7b07fbded726b2d4d9c8200855f2e178cb2819f4c86414e277""]","[""trimer_chain"", ""tetrahedron_k4""]","[1.0, 1.0]","[1.0, 1.0]",1,"[1, 1]",1.0000000000009104,False,0.001770504934266559,0.001770504934266559,"[0.0035784735139565743, 0.319596674017939]",0.6847759576377416,2,"[null, null]",1.744062705125463,no_lock,708,fail,False,0.3231751475318956,Dimer_Synthesis,dimer
"[1.6125725218613105, 1.2588611709557445]",-9.10320147423699e-13,0.9125681004996183,0.9132325341299636,0.8661031041295029,0.979143788326804,0.9798709750054806,0.005449606778167146,0.005449606778167146,"[""species"", ""species""]","[""8c70cb632a0c41309707962d614fc5713dce87501a35f769edcf0d21c19cfc19"", ""0a43ed7f2f786a1488a8d13a7f990ff0e18173ab97917ca04eeb5f1564e06154""]","[""decagon_ring"", ""hexamer_chain""]","[1.0, 1.0]","[1.0, 1.0]",1,"[1, 1]",1.0000000000009104,False,0.005449606778167193,0.005449606778167193,"[0.5155508668166187, 0.4024668404611669]",0.8512982059322417,2,"[null, null]",0.00011088220070738891,locked,709,ok,True,0.9180177072777855,Dimer_Synthesis,dimer
"[0.9122090720242325, 1.3254829819538825]",-9.10320147423699e-13,0.7108298008193369,0.9208907189319185,0.9438429010434686,0.9681792869025398,0.9715412979216431,0.004576211907138271,0.004576211907138271,"[""species"", ""species""]","[""d9cd0355eef75eec72ac259fa22911da7a8ae7bcbcffc3f24fe9466e9c6d290d"", ""b7a31a724490fcb21b2d7a1f31bc77fdaf662ef6e562c34882cc1e0cd9bc2d5e""]","[""bipartite_3_3"", ""nonamer_chain""]","[1.0, 1.0]","[1.0, 1.0]",1,"[1, 1]",1.0000000000009104,False,0.004576211907138306,0.004576211907138306,"[0.2916397070050805, 0.42376630572139473]",0.7795669510540685,2,"[null, null]",0.00036786646247862485,locked,710,ok,True,0.7154060127264752,Dimer_Synthesis,dimer
"[1.3640441155901517, 1.0219001611626193]",-9.10320147423699e-13,0.7582224464632266,0.9048712105739847,0.8742610858934382,0.9812837122571962,0.9812152244632859,0.004580852848997514,0.004580852848997514,"[""species"", ""species""]","[""3b04b94b55ca9482ea781ff77c64c5499c5613d3746694ad1fab152f3a79f708"", ""86ed80f84f2934ca577557539203fe363224fd9aee10a41d32b32ee882db40b1""]","[""dimer"", ""prism_square""]","[1.0, 1.0]","[1.0, 1.0]",1,"[1, 1]",1.0000000000009104,False,0.004580852848997563,0.004580852848997563,"[0.4360945735060047, 0.3267087258062194]",0.17801903316138323,2,"[null, null]",0.0003775406849662559,locked,711,ok,True,0.7628032993122241,Dimer_Synthesis,dimer
"[1.207837402688718, 1.500344131319355]",-9.10320147423699e-13,0.8601065762018065,0.9205765595564814,0.957663149610947,0.9851966743651405,0.985696890604802,0.005718258605035747,0.005718258605035747,"[""species"", ""species""]","[""4e04d6a6ab38701a3469c46e7aaa78aafe8a09ca0350c6e81f9a2523fb91b2cc"", ""db3f9887b16923b769fe431b04864fac6db350d68ad2906d92bd279783f109c9""]","[""nonamer_chain"", ""grid_3x4""]","[1.0, 1.0]","[1.0, 1.0]",1,"[1, 1]",1.0000000000009104,False,0.00571825860503572,0.00571825860503572,"[0.3861541800370932, 0.479670654769749]",0.06801234065930517,2,"[null, null]",0.00016552534719145037,locked,712,ok,True,0.8658248348068422,Dimer_Synthesis,dimer
"[1.0690026354750926, 1.2047987174421324]",-9.10320147423699e-13,0.7221911857195064,0.9435352318958812,0.9368817963349279,0.9982715358818941,0.9974012697757706,0.004759225857763433,0.004759225857763433,"[""species"", ""species""]","[""3bc1a20c750ed676572c836b4ea5378715f45e4aec106f80660ad6d01c045249"", ""7a2842dfac34c6fe19223706375ff2f75d0823af49c3326b69155b1bd3301d5c""]","[""bilayer_square_4_4"", ""nonamer_chain""]","[1.0, 1.0]","[1.0, 1.0]",1,"[1, 1]",1.0000000000009104,False,0.004759225857763449,0.004759225857763449,"[0.3417677207548458, 0.385182690822424]",-0.2801518418477933,2,"[null, null]",0.00016000826530979017,locked,713,ok,True,0.7269504115772698,Dimer_Synthesis,dimer
"[1.267251758847994, 0.6655578808456627]",-9.10320147423699e-13,0.6139060306754035,0.8961426590458171,0.9993606962198741,0.9315594591346333,0.9349552343459214,0.004026912883262671,0.004026912883262671,"[""species"", ""species""]","[""bdc02e850c9707375b33118bb1eeed68dbad4939d4984bb94d1c1cc6251641fb"", ""a680291959d4a25f27d5a9032f652d5f83864175294d65a60f0f360d4c79541c""]","[""pentamer_chain"", ""tetramer_chain""]","[1.0, 1.0]","[1.0, 1.0]",1,"[1, 1]",1.0000000000009104,False,0.004026912883262623,0.004026912883262623,"[0.40514937089146175, 0.21278357266720438]",0.22546033113609232,2,"[null, null]",0.0002605182330787135,locked,714,ok,True,0.6179329435586661,Dimer_Synthesis,dimer
"[0.8566212276773437, 1.0807038655138808]",-9.10320147423699e-13,0.6150792881733835,0.9281847532218921,0.9992241476192716,0.9919224210689557,0.992343344013974,0.004297277878647495,0.004297277878647495,"[""species"", ""species""]","[""5adba1975c23e72a4ab4da0d3bc642f9630316a40fa8db8a28bb12d2dd578fd8"", ""36d66673dc0ad1a4d8c9f6df1c113142b1f019f5dae5706dc460b92897b3c4e5""]","[""grid_3x3"", ""complete_k6""]","[1.0, 1.0]","[1.0, 1.0]",1,"[1, 1]",1.0000000000009104,False,0.004297277878647532,0.004297277878647532,"[0.2738678791033953, 0.3455086869486358]",0.004292741000080036,2,"[null, null]",0.00015012029454803766,locked,715,ok,True,0.6193765660520311,Dimer_Synthesis,dimer
"[1.0100552357518342, 0.9871685472279303]",-9.10320147423699e-13,0.6355504772414052,0.9345781186679613,0.6659570381082205,0.9998338948664752,0.9998368336088888,0.0029761245597264997,0.0029761245597264997,"[""species"", ""species""]","[""7f37a699548ff0f20f691a93999bc3860d21cb864745a798cd1a1cc07de00db8"", ""8d9993969e02bea5a0fde57699495378e8db517b8cdaed64c47bb8aaa2402815""]","[""wheel_5"", ""complete_k6""]","[1.0, 1.0]","[1.0, 1.0]",1,"[1, 1]",1.0000000000009104,False,0.002976124559726512,0.002976124559726512,"[0.32292181918334095, 0.31560478261779085]",0.009001083769238138,2,"[null, null]",0.0004507746414148633,locked,716,ok,True,0.6385266018011317,Dimer_Synthesis,dimer
"[0.14116619064747005, 0.9192804126121875]",-9.10320147423699e-13,0.33698178283013785,0.8330393889351428,0.9992198015255292,0.8646942020733906,0.8670246230057099,0.002050513771450652,0.002050513771450652,"[""species"", ""species""]","[""de52e7b0221ad17745a3e016ac5f6ec1016397743a73cfe25ede19a6531fff79"", ""eafec6a70bbe6027329a8498446d84c060857148add6db440679927fa20f6dfc""]","[""dimer"", ""octamer_chain""]","[1.0, 1.0]","[1.0, 1.0]",1,"[1, 1]",1.0000000000009104,False,0.002050513771450657,0.002050513771450657,"[0.04513183188158191, 0.2939004647200066]",0.7012110768978718,2,"[null, null]",0.00024089629492759812,no_lock,717,fail,False,0.3390322966015885,Dimer_Synthesis,dimer
"[1.109407157141772, 0.8926646882634732]",-9.10320147423699e-13,0.6356294087830436,0.9232878462916684,0.999085086709627,0.9934582595374294,0.9922986543324196,0.004447152943582116,0.004447152943582116,"[""species"", ""species""]","[""666b834fffa4d7db1aff5423c93b78765c76231d2e043960166c7ad8258cfbbe"", ""c0ae28b1ff808a1d8c641348fc60a85a8639b49678160dcc6f5af076682cf05a""]","[""bipartite_4_4"", ""star_5""]","[1.0, 1.0]","[1.0, 1.0]",1,"[1, 1]",1.0000000000009104,False,0.004447152943582111,0.004447152943582111,"[0.3546853327606139, 0.28539122896601177]",5.763662181290652e-05,2,"[null, null]",0.000202796384787538,locked,718,ok,True,0.6400765617266257,Dimer_Synthesis,dimer
"[0.7897074293481698, 0.6024453213798254]",-9.10320147423699e-13,0.4419847133156612,0.9420387733800356,0.9990462101648172,0.9947934073180517,0.9945483825922008,0.00309639010691471,0.00309639010691471,"[""species"", ""species""]","[""b35a7548c6d3136246f09dd85a16823d38a41ef83c240a43bade27ad57fa577a"", ""15c330bc0848afb5923c0fdf4a9846cd6040fce7a754bf627d9eea5c18861567""]","[""cube"", ""wheel_5""]","[1.0, 1.0]","[1.0, 1.0]",1,"[1, 1]",1.0000000000009104,False,0.0030963901069147037,0.0030963901069147037,"[0.2524750634235278, 0.19260603999904807]",0.02517391381902523,2,"[null, null]",0.0002780826242866416,locked,719,ok,True,0.4450811034225759,Dimer_Synthesis,dimer
"[1.8696123482806866, 0.9994120447788252]",-9.10320147423699e-13,0.9125832633521377,0.8345936923810533,0.9159684618560495,0.7930665809764039,0.7912919654087316,0.004664173713559194,0.004664173713559194,"[""species"", ""species""]","[""49dc0d54f51ce278e28d9827def58399bc7c232e03748bb1300c7759b59f332a"", ""6fe8544a4e17d759d71e959e1b2918c6a2eb9629022ba10c74f8fa910e06227b""]","[""grid_3x4"", ""cuboctahedron""]","[1.0, 1.0]","[1.0, 1.0]",1,"[1, 1]",1.0000000000009104,False,0.004664173713559205,0.004664173713559205,"[0.597728321486344, 0.31951911557935286]",0.7262298163957785,2,"[null, null]",0.0004373040974932911,no_lock,720,fail,False,0.9172474370656969,Dimer_Synthesis,dimer
"[1.2031961370102129, 1.4308084359900184]",-9.10320147423699e-13,0.8362739584426776,0.925713856385474,0.999065534125706,0.9909521767047929,0.9917998835349456,0.005835976087137317,0.005835976087137317,"[""species"", ""species""]","[""efed6c41af6cf29d72b89596cb10226bebcf7b27044488482427f1f3ea01ffb4"", ""d5ab90b303a5980e8cbe56b2a200febc930d1164a4d26b0dbf28489ce2f2d98b""]","[""complete_k6"", ""trimer_chain""]","[1.0, 1.0]","[1.0, 1.0]",1,"[1, 1]",1.0000000000009104,False,0.005835976087137262,0.005835976087137262,"[0.384670334497596, 0.4574396000322189]",-0.1012729348168484,2,"[null, null]",0.0002552293221783913,locked,721,ok,True,0.8421099345298149,Dimer_Synthesis,dimer
"[0.6087661316214098, 1.3391676396422656]",-9.10320147423699e-13,0.6192692747981527,0.9062815419494819,0.8993352753058133,0.8924686308557187,0.8888251091128272,0.0034989608388948782,0.0034989608388948782,"[""species"", ""species""]","[""973475ffc563d15e12f6f34fc6543ca606795162a641cccb43fb054ca5bc8d5e"", ""26a165fa2088f0d24dcff57b97ab1f9b61db286f25dc4bc50b5bdf86e980de20""]","[""ladder_5"", ""cuboctahedron""]","[1.0, 1.0]","[1.0, 1.0]",1,"[1, 1]",1.0000000000009104,False,0.0034989608388948934,0.0034989608388948934,"[0.1946268478417061, 0.42814138779534155]",0.5233678978462679,2,"[null, null]",0.00041690399438128233,no_lock,722,fail,False,0.6227682356370476,Dimer_Synthesis,dimer
"[1.1154941170078405, 1.2394679303492748]",-9.10320147423699e-13,0.7481300838903889,0.9181985136654958,0.9075428193263009,0.9968568850358986,0.9976319256149256,0.004767977050040929,0.004767977050040929,"[""species"", ""species""]","[""ee6ea1416989fcb16ae2b039855a8624d4cbee8a495ca76c2ea807fea8dedc31"", ""a85a996f19dbd53414ab470f413161623fcb39ad24356f09263b3bd39ba7064a""]","[""truncated_tetrahedron"", ""decagon_ring""]","[1.0, 1.0]","[1.0, 1.0]",1,"[1, 1]",1.0000000000009104,False,0.00476797705004095,0.00476797705004095,"[0.3566313769804468, 0.39626668395998316]",0.09326433355518482,2,"[null, null]",0.00021999451642103836,locked,723,ok,True,0.7528980609404299,Dimer_Synthesis,dimer
"[0.8224339298845662, 1.2007417982920026]",-9.10320147423699e-13,0.6430263676065797,0.9196088450409936,0.8603575779767652,0.9747805778218589,0.9761339549229779,0.0037972550481297947,0.0037972550481297947,"[""species"", ""species""]","[""167c50280cc3fbd7def467bfd6a1bb6d8db037937b71b1a58e91ab14a6c4c276"", ""ac55733a61fa8cf33cea8d80080c4c7d72002b847bd354234c03274a1cf36142""]","[""nonamer_chain"", ""bipartite_2_4""]","[1.0, 1.0]","[1.0, 1.0]",1,"[1, 1]",1.0000000000009104,False,0.0037972550481297773,0.0037972550481297773,"[0.2629379576442101, 0.3838856650104995]",0.428941930618018,2,"[null, null]",0.0002946767815648839,locked,724,ok,True,0.6468236226547095,Dimer_Synthesis,dimer
"[1.8426771417088468, 1.651963064472296]",-9.10320147423699e-13,1.1094995607223292,0.9247941060728052,0.9992512309986384,0.993181559071298,0.9939149192293877,0.007761686808619083,0.007761686808619083,"[""species"", ""species""]","[""2b2b1000541bcdd6a1582752198535ae247effcc75e9029f33ddb32c356fb52a"", ""4ab3f4baf036c7c7f73e647c8fabd8f940a7d00ef4607fbcfbe2de28e3d6c821""]","[""dodecamer_chain"", ""star_6""]","[1.0, 1.0]","[1.0, 1.0]",1,"[1, 1]",1.0000000000009104,False,0.007761686808618995,0.007761686808618995,"[0.5891169450007964, 0.5281443025301519]",0.6497143329125579,2,"[null, null]",0.00046040192324661993,locked,725,ok,True,1.1172612475309482,Dimer_Synthesis,dimer
"[0.8693254591337946, 1.6289896891942088]",-9.10320147423699e-13,0.7954187497005916,0.9110757966689821,0.6746195997422382,0.8776324841916158,0.8773079494290069,0.003310313854893457,0.003310313854893457,"[""species"", ""species""]","[""210873932b750fa6114a7cff70da6a017bd5b19e13cfc893278c72475812adf7"", ""a62dcf66df40f09075759fdfbb9f16c8ba773ebef88b8a9b8cb49c0d38d0c49f""]","[""star_5"", ""cube""]","[1.0, 1.0]","[1.0, 1.0]",1,"[1, 1]",1.0000000000009104,False,0.003310313854893443,0.003310313854893443,"[0.2779295119607208, 0.5207995515947642]",0.4051155430012713,2,"[null, null]",0.00030249696788270115,no_lock,726,fail,False,0.798729063555485,Dimer_Synthesis,dimer
"[1.2938913809047081, 1.0765034503224038]",-9.10320147423699e-13,0.7532186990574626,0.9291524677373805,0.8744290486714645,0.9945329192571235,0.9925333574897541,0.004613332289697703,0.004613332289697703,"[""species"", ""species""]","[""e25f1f7b3e9ab83452ba825ba5170041535fecef777f19c12ebea539de1f1fb2"", ""420154942286c785dd40e8a5d1ae4a6edd82f7a4cd353034e693f1e0f5c26211""]","[""icosahedron"", ""hexagon_ring""]","[1.0, 1.0]","[1.0, 1.0]",1,"[1, 1]",1.0000000000009104,False,0.004613332289697736,0.004613332289697736,"[0.41366624691211573, 0.34416578443504464]",-0.279974373723495,2,"[null, null]",0.00048293698501333153,locked,727,ok,True,0.7578320313471604,Dimer_Synthesis,dimer
"[1.069263799405446, 2.0952511147866013]",-9.10320147423699e-13,1.005494291206819,0.52849199210423,0.9160550028319584,0.959312031517391,0.5611665610761123,0.006223560206590205,0.006223560206590205,"[""species"", ""species""]","[""84857103e4a790ab00f52333f58a8466f5574a8d436bf944b4a139e24f5196a0"", ""9a58b85f9958c531535fe3134c92a9705bb84ae921fd1fe8c86be81199c25c54""]","[""hexamer_chain"", ""bilayer_hex_3_3""]","[1.0, 1.0]","[1.0, 1.0]",1,"[1, 1]",1.0000000000009104,False,0.006223560206590095,0.006223560206590095,"[0.3418512167147791, 0.66986663469863]",0.6322626145441835,2,"[null, null]",2.685663830851653,no_lock,728,fail,False,1.011717851413409,Dimer_Synthesis,dimer
"[1.4670705720184574, 1.1159403791700622]",-9.10320147423699e-13,0.8201551848186782,0.927915480589068,0.9991555426616118,0.9785241416061251,0.9805295797044822,0.005651727322536258,0.005651727322536258,"[""species"", ""species""]","[""b7a535955f0bd3a1951f2ef14de06b4280606de7fa954adcb9616a1a3c8888f0"", ""66e4b705b109183d88258f9b60740b9e348ce68f11874e34729725362c3af464""]","[""bipartite_4_4"", ""moebius_kantor""]","[1.0, 1.0]","[1.0, 1.0]",1,"[1, 1]",1.0000000000009104,False,0.005651727322536271,0.005651727322536271,"[0.46903286198393884, 0.35677405015727565]",0.7858732455903874,2,"[null, null]",0.00022211195738782745,locked,729,ok,True,0.8258069121412145,Dimer_Synthesis,dimer
"[1.0824443811612652, 1.600284637320785]",-9.10320147423699e-13,0.8522334875255736,0.9098439139146014,0.9575187357634264,0.9487254512322529,0.9529187496876398,0.005453997633912377,0.005453997633912377,"[""species"", ""species""]","[""4d4a26fc615ce91f960adbc6d0c7749030603a239ab7436769ceff1ad6e9bdcc"", ""c5e4b7a96b913bee2782f37c4597bfd137f827ad7689fb2414eb70c8941a151e""]","[""octamer_chain"", ""diatomic_prism_12""]","[1.0, 1.0]","[1.0, 1.0]",1,"[1, 1]",1.0000000000009104,False,0.005453997633912411,0.005453997633912411,"[0.34606514213967504, 0.5116223430198109]",0.7206091425261352,2,"[null, null]",0.0004197052137413066,locked,730,ok,True,0.857687485159486,Dimer_Synthesis,dimer
"[0.9383801918902778, 0.956802327219395]",-9.10320147423699e-13,0.6018424401871335,0.9082856360631951,0.9574733425544456,0.9999735202451018,0.9999059650589116,0.0040608461809862485,0.0040608461809862485,"[""species"", ""species""]","[""126234e086969f6975e753e5426674a14594e4f6ca7d40060585a60240e2db73"", ""1f21a75b9cac3918fcbbdd7159db5ff7102c48e87944b97a633c9b2ed9ad4025""]","[""dodecamer_chain"", ""bilayer_hex_6_6""]","[1.0, 1.0]","[1.0, 1.0]",1,"[1, 1]",1.0000000000009104,False,0.004060846180986233,0.004060846180986233,"[0.3000067995541508, 0.30589648681396897]",0.7755680483312982,2,"[null, null]",0.0003492215300600777,locked,731,ok,True,0.6059032863681197,Dimer_Synthesis,dimer
"[0.09861373362520268, 1.199728287042098]",-9.10320147423699e-13,0.41253735854528417,0.5214616782573366,0.9990974746946597,0.8790175717985731,0.6037490269188079,0.0025517894496582877,0.0025517894496582877,"[""species"", ""species""]","[""aa4c2a44bbd00078958df956d838870680eac2093bdef5fb3292d646faa50b17"", ""926e0bc798400487ac3e5b083fbcf94a8a3b24b06c9184592d6d90ca3fccda66""]","[""hexagon_with_center"", ""cuboctahedron""]","[1.0, 1.0]","[1.0, 1.0]",1,"[1, 1]",1.0000000000009104,False,0.0025517894496582816,0.0025517894496582816,"[0.03152750971585073, 0.38356163827909173]",-0.040073814572592514,2,"[null, null]",2.5465025115561337,no_lock,732,fail,False,0.41508914799494245,Dimer_Synthesis,dimer
"[0.6324406193950477, 1.5013591954382746]",-9.10320147423699e-13,0.6783630120877251,0.8847904453918728,0.9990171533939541,0.8023897897899805,0.791060059769005,0.0038279152887941204,0.0038279152887941204,"[""species"", ""species""]","[""1958b00805998bc57933b85c372304adba8900f2c4aa0223e5be0671e89f5928"", ""0352934b068956b324fbe1b266e3027f492e432225312c14a3c45e74186011a2""]","[""honeycomb_7"", ""nonamer_chain""]","[1.0, 1.0]","[1.0, 1.0]",1,"[1, 1]",1.0000000000009104,False,0.003827915288794115,0.003827915288794115,"[0.20219574941213, 0.47999517796438923]",0.7935650868412729,2,"[null, null]",0.0011832445699191886,no_lock,733,fail,False,0.6821909273765192,Dimer_Synthesis,dimer
"[1.3706007303118855, 1.1043302846420497]",-9.10320147423699e-13,0.7857787295659406,0.9270694997530674,0.9994310285283788,0.9889156488371718,0.9892418350750256,0.005474260778994418,0.005474260778994418,"[""species"", ""species""]","[""497497e35144ee97c81a21cfad8d5f934f65701e37eb6973c03e24c3974c739e"", ""318b5220bf06ca589c9cb4bdd1172f2ced670763061e4c74244923143e68d439""]","[""pentagon_ring"", ""cuboctahedron""]","[1.0, 1.0]","[1.0, 1.0]",1,"[1, 1]",1.0000000000009104,False,0.005474260778994378,0.005474260778994378,"[0.4381907697125919, 0.3530622206323431]",0.11842098134282653,2,"[null, null]",0.00021828460780122438,locked,734,ok,True,0.791252990344935,Dimer_Synthesis,dimer
"[1.2162058352994902, 0.5848803779770899]",-9.10320147423699e-13,0.5720785173731743,0.927524474276756,0.9992037291479938,0.9289843559789037,0.9252599763401097,0.003741512968420742,0.003741512968420742,"[""species"", ""species""]","[""d44e8acdca0e14bc7d5918a3c3318151bdb9a80ff0eb45cebb23251e27cb8edd"", ""8466875a688422f5578a6b97b3b3e6c455461088048ce73c0575dae49221e3da""]","[""decagon_ring"", ""heptamer_chain""]","[1.0, 1.0]","[1.0, 1.0]",1,"[1, 1]",1.0000000000009104,False,0.003741512968420735,0.003741512968420735,"[0.3888296272668402, 0.18699040307475479]",0.37638198512857735,2,"[null, null]",0.00042991298806030855,locked,735,ok,True,0.575820030341595,Dimer_Synthesis,dimer
"[1.0011188682336838, 1.2279873981989904]",-9.10320147423699e-13,0.7077195659784323,0.9291235850033251,0.9991015968213991,0.9914456503250079,0.9918066811801991,0.004941509604846256,0.004941509604846256,"[""species"", ""species""]","[""a2a27e500dc883a0b4689dc7b8db577e6ac9483af4d394a063c413cfc38da3ba"", ""013251365b472f0c42a5636adda1dc2617ae87be4fc52ec96149c8329d130861""]","[""decamer_chain"", ""tetrahedron_k4""]","[1.0, 1.0]","[1.0, 1.0]",1,"[1, 1]",1.0000000000009104,False,0.004941509604846295,0.004941509604846295,"[0.32006479913759656, 0.39259627644568207]",0.20045820323482255,2,"[null, null]",0.00040704659052518766,locked,736,ok,True,0.7126610755832786,Dimer_Synthesis,dimer
"[1.3358663658666947, 1.9510281985418925]",-9.10320147423699e-13,1.0439845973515496,0.8917981525139833,0.99918450623788,0.93319506607606,0.9324309826487862,0.006858895789294176,0.006858895789294176,"[""species"", ""species""]","[""ee1425eb779f8b59ebd1d8441c63ff7e281a95b60e2e870b9e93a9c1e3d796bc"", ""6939305fc7262fbc7e8d2b217253443c13e66b0693954f4ece9da4025463172f""]","[""bipartite_3_3"", ""dimer""]","[1.0, 1.0]","[1.0, 1.0]",1,"[1, 1]",1.0000000000009104,False,0.006858895789294106,0.006858895789294106,"[0.4270859471664574, 0.6237575459743864]",0.5805639666813411,2,"[null, null]",0.00022725227507970955,locked,737,ok,True,1.0508434931408437,Dimer_Synthesis,dimer
"[0.0051433049423042845, 1.4660809959248349]",-9.10320147423699e-13,0.46734017491633834,0.6097563913769295,0.9993227811339522,0.9180522136067428,0.5485394941705316,0.0030206636264391716,0.0030206636264391716,"[""species"", ""species""]","[""f8cad4a561ac9946256f6add40d68c49ba552a2d4ad4e1c206afa837bccfc491"", ""866af1315fd70f557aa9f5597b4bae39cc75dd0a857c45a7500d31452fcc8a40""]","[""dimer"", ""bowtie""]","[1.0, 1.0]","[1.0, 1.0]",1,"[1, 1]",1.0000000000009104,False,0.0030206636264391573,0.0030206636264391573,"[0.0016443510511059216, 0.46871648749167155]",-1.0,2,"[null, null]",3.821556441843542,no_lock,738,fail,False,0.4703608385427775,Dimer_Synthesis,dimer
"[1.0529608674140631, 1.2211942288226334]",-9.10320147423699e-13,0.7219970537327767,0.9353761353011423,0.9993936011758637,0.9960863519722946,0.9954943395001438,0.005066452091425707,0.005066452091425707,"[""species"", ""species""]","[""8a7b7834358341e028c676274d767db65fae009426948978d19f5d8a0f22f42e"", ""7a8a3ecccc0ace010e0527f37141464080d09c4455c7e7860334e2348e811d54""]","[""moebius_kantor"", ""bipartite_2_4""]","[1.0, 1.0]","[1.0, 1.0]",1,"[1, 1]",1.0000000000009104,False,0.005066452091425755,0.005066452091425755,"[0.33663905378513403, 0.3904244520390684]",-0.028166544613555056,2,"[null, null]",0.0002092119927951257,locked,739,ok,True,0.7270635058242024,Dimer_Synthesis,dimer
"[1.5835553036003298, 1.1921718145304023]",-9.10320147423699e-13,0.8813858907114039,0.924524833439981,0.9992781243287686,0.9720163755557008,0.9748916402816954,0.006033746172232438,0.006033746172232438,"[""species"", ""species""]","[""0df2abb6e9b24aed638cd9a61b6649ca1cb973d3ec722edb3f8e50c914c49466"", ""b3a192661ada4743758ab11a954ba42b3de8d818b444d989c723b0679a905e76""]","[""dodecamer_chain"", ""bilayer_hex_3_3""]","[1.0, 1.0]","[1.0, 1.0]",1,"[1, 1]",1.0000000000009104,False,0.0060337461722324015,0.0060337461722324015,"[0.5062738564346061, 0.38114578044903025]",0.056158964411641366,2,"[null, null]",0.00022172516334146544,locked,740,ok,True,0.8874196368836363,Dimer_Synthesis,dimer
"[1.542135641420288, 1.9982480394421105]",-9.10320147423699e-13,1.1250338152579487,0.9358888752929417,0.8950754628631239,0.966170127717108,0.9641587633135125,0.006851945405534199,0.006851945405534199,"[""species"", ""species""]","[""17f980e099f29500931145f54504d2f2d012949835f0c450259bdf4a445d895b"", ""836363b5150f6e67d76be2dadeaafa83de2e9e56e88795f263d60a8e022843e1""]","[""dodecamer_chain"", ""bipartite_4_4""]","[1.0, 1.0]","[1.0, 1.0]",1,"[1, 1]",1.0000000000009104,False,0.006851945405534243,0.006851945405534243,"[0.49303169681035286, 0.6388540638531301]",0.8177519473513426,2,"[null, null]",0.00045019919414569017,locked,741,ok,True,1.131885760663483,Dimer_Synthesis,dimer
"[1.3680554751091794, 1.5105365113458833]",-9.10320147423699e-13,0.9142432611426284,0.9249298168271252,0.9437495011116546,0.9972422165290947,0.9966621752209027,0.006063003356597936,0.006063003356597936,"[""species"", ""species""]","[""fee482f690bcca09fccd8129efc63db3e5e6afaa19d278c20a681e03f1f21b95"", ""01909e27e68e1fbf575fbe7f1cf89ce760adcfdb851876b06c3276adc45cbb19""]","[""grid_3x3"", ""nonamer_chain""]","[1.0, 1.0]","[1.0, 1.0]",1,"[1, 1]",1.0000000000009104,False,0.006063003356597929,0.006063003356597929,"[0.43737703358089225, 0.4829292309183342]",-0.4188128164759046,2,"[null, null]",0.00024131512266237494,locked,742,ok,True,0.9203062644992264,Dimer_Synthesis,dimer
"[1.5086875397389747, 1.4157485520944464]",-9.10320147423699e-13,0.9284376556695715,0.9468809923023548,0.9991218382883027,0.9979050292413716,0.9985695278687574,0.006525294309427661,0.006525294309427661,"[""species"", ""species""]","[""60b742ed2889ce3e998f0a29ba00593fad5ed13769ed936c8e6a101beba6e34b"", ""852b2c4c3cb4f0079dbe38ad2923af874472f14e57101b579a4090bcb49635a7""]","[""heptamer_chain"", ""star_5""]","[1.0, 1.0]","[1.0, 1.0]",1,"[1, 1]",1.0000000000009104,False,0.0065252943094276095,0.0065252943094276095,"[0.48233810158818735, 0.45262484839081174]",0.10004974092798291,2,"[null, null]",0.0003637125547551095,locked,743,ok,True,0.9349629499789991,Dimer_Synthesis,dimer
"[1.5827861665888745, 0.9119098382755647]",-9.10320147423699e-13,0.7927325492800275,0.887923648107152,0.9494705183191362,0.9129488513181001,0.9128549945143293,0.004839448453933552,0.004839448453933552,"[""species"", ""species""]","[""4f0b6c3d7bf74c06bb3b07b82928c6377615a57e2a8bae6c676b63f5d7f0e8b3"", ""d284892638879a7258c27d2b1a35ea1aef18e8830ebab35776688447e0530f25""]","[""double_triangle"", ""petersen""]","[1.0, 1.0]","[1.0, 1.0]",1,"[1, 1]",1.0000000000009104,False,0.004839448453933581,0.004839448453933581,"[0.5060279578796072, 0.2915440398543539]",0.7880985948062886,2,"[null, null]",0.000494153696862178,locked,744,ok,True,0.797571997733961,Dimer_Synthesis,dimer
"[0.9864115950922867, 1.4189027324184709]",-9.10320147423699e-13,0.7640128483585664,0.9326359658319,0.9578167832495066,0.9665029054676221,0.9688233262994739,0.0049831934958879925,0.0049831934958879925,"[""species"", ""species""]","[""2a4540ede85528796d3133fc19eefb4a1b41362b2bb1687d7e566065a90e1032"", ""ac486588aa38fd3429c374e489bfa3268df5ec58431a36b1f0b41298aea273b2""]","[""moebius_kantor"", ""bilayer_hex_6_6""]","[1.0, 1.0]","[1.0, 1.0]",1,"[1, 1]",1.0000000000009104,False,0.004983193495887939,0.004983193495887939,"[0.315362779653968, 0.45363326220048633]",0.051694945112566004,2,"[null, null]",0.00040237775894170585,locked,745,ok,True,0.7689960418544544,Dimer_Synthesis,dimer
"[0.5390979101591283, 1.331890556795608]",-9.10320147423699e-13,0.59530909570032,0.8785049584925504,0.7995089715348019,0.8540766381880506,0.8576544924448422,0.0028591806814665262,0.0028591806814665262,"[""species"", ""species""]","[""cc6fababf2adb0fd8e1fd17fccfb8e5e3d0cb9c2c4e6c9274214d797760270a6"", ""1d6872fda65c93f750032f1cacfbfe2ac0fe419a4bf2a958b1da71ec81d7af34""]","[""bowtie"", ""bowtie""]","[1.0, 1.0]","[1.0, 1.0]",1,"[1, 1]",1.0000000000009104,False,0.002859180681466511,0.002859180681466511,"[0.1723534235599916, 0.42581485282179493]",0.8150664300273022,2,"[null, null]",0.0003966358109215187,no_lock,746,fail,False,0.5981682763817865,Dimer_Synthesis,dimer
"[1.5894539307729587, 1.3434338623194104]",-9.10320147423699e-13,0.9317018494296725,0.9385263925514609,0.9162431363620104,0.9915637815632166,0.9900894487827797,0.005963169356189627,0.005963169356189627,"[""species"", ""species""]","[""5dac9258801ba57cb0601d527605f54a56c40f4189eef26387c4213e0b2d5c79"", ""862434f07e847797a79d0030bec883a0d3e049dead9ecec3632f37f46c32e79f""]","[""bilayer_square_4_4"", ""bipartite_2_4""]","[1.0, 1.0]","[1.0, 1.0]",1,"[1, 1]",1.0000000000009104,False,0.005963169356189679,0.005963169356189679,"[0.50815968935725, 0.42950532942861214]",0.24920441106349456,2,"[null, null]",0.0003912559597125757,locked,747,ok,True,0.9376650187858622,Dimer_Synthesis,dimer
"[1.7316728295990305, 1.2428647194612619]",-9.10320147423699e-13,0.9445819851309752,0.9362509988711984,0.9994213827654832,0.9617831048420948,0.9599546304942347,0.0063987558942678255,0.0063987558942678255,"[""species"", ""species""]","[""e745669f43aa11d3d050c061083e6086ea2342eab9f019d56b874d0a982c416c"", ""6ad3f2dd7217e1e0de72bbb3a48d75f4b44753e708469caba1535866dc4d17fd""]","[""star_4"", ""truncated_tetrahedron""]","[1.0, 1.0]","[1.0, 1.0]",1,"[1, 1]",1.0000000000009104,False,0.00639875589426786,0.00639875589426786,"[0.5536280795062123, 0.39735266151903076]",0.43253111388608423,2,"[null, null]",0.00020453814040703025,locked,748,ok,True,0.9509807410252431,Dimer_Synthesis,dimer
"[1.3136832032091472, 1.5835148791858618]",-9.10320147423699e-13,0.9198450062079129,0.9345781186679614,0.9990540037655518,0.9895192449967081,0.988227233947344,0.006409759062516336,0.006409759062516336,"[""species"", ""species""]","[""c4c96356b85431355f4319297d5a088fc80807155389d06dc937a1a6483f17e5"", ""3061384cd68e8245a507223a6ac247609290405082766ec5438250a4be8d5100""]","[""decagon_ring"", ""square_ring""]","[1.0, 1.0]","[1.0, 1.0]",1,"[1, 1]",1.0000000000009104,False,0.006409759062516285,0.006409759062516285,"[0.41999383280769853, 0.5062609324627306]",0.12653436024999498,2,"[null, null]",0.00031369322722091925,locked,749,ok,True,0.9262547652704292,Dimer_Synthesis,dimer
"[1.0679921302505333, 1.1489603062358513]",-9.10320147423699e-13,0.7038242585306412,0.9445576344192731,0.9994922970175681,0.9984356481678233,0.9989480633601795,0.00495115145992419,0.00495115145992419,"[""species"", ""species""]","[""38f75d6603f76f8c25b2ccbf426e8c61e8816c68c3a664da0f9816a7e4002dff"", ""c7488f1e2efd2b5f84dde11395fb42ace017d6dee781c6eaef96cf87ab7311f1""]","[""bipartite_3_3"", ""hexagon_with_center""]","[1.0, 1.0]","[1.0, 1.0]",1,"[1, 1]",1.0000000000009104,False,0.004951151459924197,0.004951151459924197,"[0.3414446550710507, 0.36733075491951467]",-0.5974944251556249,2,"[null, null]",0.00027030885703854086,locked,750,ok,True,0.7087754099905654,Dimer_Synthesis,dimer
"[1.7595478839462007, 2.092339980805565]",-9.10320147423699e-13,1.2230584674117355,0.9134491456886086,0.9991117650974232,0.9773258560672224,0.9821174204143726,0.00841738910418006,0.00841738910418006,"[""species"", ""species""]","[""5be6a011c50f44860a3be384db15b85b611ff2e530ce3d2a015fdbae6acbd699"", ""c431173f0722d1e6af11d956e381309bc56d4a8cbd07a27cb12a8f1b24f8312d""]","[""trilayer_4_4_4"", ""hexamer_chain""]","[1.0, 1.0]","[1.0, 1.0]",1,"[1, 1]",1.0000000000009104,False,0.008417389104180106,0.008417389104180106,"[0.5625399319881437, 0.6689359245277718]",0.34417965665003625,2,"[null, null]",0.0004441698675415634,locked,751,ok,True,1.2314758565159156,Dimer_Synthesis,dimer
"[1.5551426857173094, 0.47271998016573963]",-9.10320147423699e-13,0.6441608122671022,0.5416325029448202,0.9991314514085736,0.9177261884654195,0.5865258934780181,0.004161257598218621,0.004161257598218621,"[""species"", ""species""]","[""79d9a0416b5abccefc52e25696cdf3d317d0e6b717a97e2458a9b8119067dff7"", ""4459541d7e544429f7af7fac51f39adad9662749d2c9dcba64d6f44fde0bcc23""]","[""decagon_ring"", ""heptamer_chain""]","[1.0, 1.0]","[1.0, 1.0]",1,"[1, 1]",1.0000000000009104,False,0.004161257598218615,0.004161257598218615,"[0.4971901410794586, 0.15113192878586224]",-0.4409381668201755,2,"[null, null]",2.3890410750277615,no_lock,752,fail,False,0.6483220698653208,Dimer_Synthesis,dimer
"[0.10162381783133004, 1.3280482271060288]",-9.10320147423699e-13,0.45457861637225727,0.5353152747291471,0.9994012343408738,0.7811036823493075,0.5701495722286132,0.0024976713845143066,0.0024976713845143066,"[""species"", ""species""]","[""855c6c648bce3431f43ddec868edf028c0778ffb9352bc1db029171ddb347f2c"", ""bb04de7e526b376a02f883384af84750781e6724256fe96850da448072f8a83e""]","[""dimer"", ""petersen""]","[1.0, 1.0]","[1.0, 1.0]",1,"[1, 1]",1.0000000000009104,False,0.0024976713845142884,0.0024976713845142884,"[0.03248985497513169, 0.4245864327816399]",0.6291793642743986,2,"[null, null]",3.2711691934585865,no_lock,753,fail,False,0.45707628775677156,Dimer_Synthesis,dimer
"[1.4833502399425358, 0.003111994131983839]",-9.10320147423699e-13,0.473730471593352,0.5931814694519351,0.8744700763520916,0.5163367070984263,0.5635761232764228,0.0015020422180149979,0.0015020422180149979,"[""species"", ""species""]","[""745e77f4d306989541cf5e70309eb1fca787d85dcd5e6cfce8c9a4c08fd81406"", ""c2b921e4b3cc69fe3367ae9b795432c849c3815f3eb4e1356a186d7f62f2fc4a""]","[""nonamer_chain"", ""star_4""]","[1.0, 1.0]","[1.0, 1.0]",1,"[1, 1]",1.0000000000009104,False,0.0015020422180149762,0.0015020422180149762,"[0.474237587226347, 0.0009949265850199604]",-1.0,2,"[null, null]",3.494567133260081,no_lock,754,fail,False,0.475232513811367,Dimer_Synthesis,dimer
"[2.350769746098049, 0.1096593564247411]",-9.10320147423699e-13,0.7811907299558613,0.7211142433979569,0.9992739781308512,0.9861108559849051,0.5869592493413666,0.005425896180321212,0.005425896180321212,"[""species"", ""species""]","[""1c3fd044002124e35573845ef8ed9086a47e24c00952681a259dbccd413d77a4"", ""9f15a99b1e6e73fd0e0021973e400be519b00d2efdd5b6129c73bb61020e0f70""]","[""double_triangle"", ""square_ring""]","[1.0, 1.0]","[1.0, 1.0]",1,"[1, 1]",1.0000000000009104,False,0.005425896180321188,0.005425896180321188,"[0.7515577525085503, 0.03505887362763218]",0.03628148613109827,2,"[null, null]",3.717057689662073,no_lock,755,fail,False,0.7866166261361824,Dimer_Synthesis,dimer
"[0.14820830919567607, 1.14037435582126]",-9.10320147423699e-13,0.41038841109148877,0.5891335319425488,0.7495265806263447,0.7312616866070357,0.6602312224401904,0.0015806017176515415,0.0015806017176515415,"[""species"", ""species""]","[""c485cdad30ad83b5400538be2b20e0c12bd0c38a2fb8d5de72f332ddb1974273"", ""dda0cb19b3e23d69d82c70418abd2ffee7ad6fcf7aff5486af975da32f5171c7""]","[""dimer"", ""decagon_ring""]","[1.0, 1.0]","[1.0, 1.0]",1,"[1, 1]",1.0000000000009104,False,0.001580601717651564,0.001580601717651564,"[0.04738324710324426, 0.36458576570589607]",0.7071411376509812,2,"[null, null]",1.2985701171706572,no_lock,756,fail,False,0.41196901280914033,Dimer_Synthesis,dimer
"[1.3460028118172653, 0.7650825018049024]",-9.10320147423699e-13,0.6705009244200307,0.9091078385590722,0.9993659222535956,0.9378395516016755,0.9381144203919771,0.004428015895465638,0.004428015895465638,"[""species"", ""species""]","[""6854e4210bfb15587a036575e376e48b10c733b3cc470986e4b27df5079b3143"", ""d0567bc8aa0f31b681e9ad74d315e78f9d5151dcf334a4c6b89c639f155dac5a""]","[""bipartite_3_6"", ""square_ring""]","[1.0, 1.0]","[1.0, 1.0]",1,"[1, 1]",1.0000000000009104,False,0.004428015895465598,0.004428015895465598,"[0.4303266407944405, 0.24460229952105586]",0.6105195196982285,2,"[null, null]",0.00030665232274594437,locked,757,ok,True,0.6749289403154963,Dimer_Synthesis,dimer
"[0.4967262190242237, 0.7069361363928203]",-9.10320147423699e-13,0.382280578593239,0.9320592576287233,0.9494976319803627,0.9926158344609777,0.9928229626425095,0.002538809234057959,0.002538809234057959,"[""species"", ""species""]","[""79285195ae06cd5027d98313a74fedfefc54c7ab62e6ca19b24ba1eeec96264c"", ""85d84447f504150cf93535b3d91233fad55e633fe51b2e7519af3b2e5f518143""]","[""singlet"", ""petersen""]","[1.0, 1.0]","[1.0, 1.0]",1,"[1, 1]",1.0000000000009104,False,0.0025388092340579704,0.0025388092340579704,"[0.15880689352990535, 0.22601249429739162]",0.3761129908624099,2,"[null, null]",0.00032525158016465897,locked,758,ok,True,0.38481938782729697,Dimer_Synthesis,dimer
"[1.749498309941261, 1.3640200615754674]",-9.10320147423699e-13,0.9897203245239187,0.9447980243180418,0.8366961489725001,0.9765965987328356,0.977177154827117,0.005693570680088626,0.005693570680088626,"[""species"", ""species""]","[""c09a551f20f899067a9de4ea77251956cfbba9cd114528ed4a00020fd4e4cfc7"", ""7be7c545d08f54f10227434ec3f634292b79bde812c8b23065fe68a09fca6818""]","[""pentagon_ring"", ""bilayer_square_4_4""]","[1.0, 1.0]","[1.0, 1.0]",1,"[1, 1]",1.0000000000009104,False,0.005693570680088578,0.005693570680088578,"[0.5593270119370168, 0.43608688326699047]",-0.11935330160614299,2,"[null, null]",0.0002734873565392893,locked,759,ok,True,0.9954138952040072,Dimer_Synthesis,dimer
"[1.3653526255299706, 0.7216831181120741]",-9.10320147423699e-13,0.6634899853629341,0.9153175290480019,0.8743890933006542,0.9182526742150715,0.9212488003444687,0.0037501369417554157,0.0037501369417554157,"[""species"", ""species""]","[""682c93165b2332d65d55dfc16c370ac0b1d2f570003ff3457ceff12841372b75"", ""8306e444ea30c43e0f373a1fe288ddd9b33ba808279e63f13a928257b486e82c""]","[""bipartite_4_4"", ""bilayer_square_4_4""]","[1.0, 1.0]","[1.0, 1.0]",1,"[1, 1]",1.0000000000009104,False,0.003750136941755411,0.003750136941755411,"[0.4365129134098331, 0.2307272088948564]",0.544572645335806,2,"[null, null]",0.0003103227211826788,locked,760,ok,True,0.6672401223046895,Dimer_Synthesis,dimer
"[1.589103888339094, 1.9158072248689386]",-9.10320147423699e-13,1.1133239531024954,0.9391031007546374,0.9365727311729898,0.982940186091233,0.9818811775505669,0.007220976215733854,0.007220976215733854,"[""species"", ""species""]","[""3429a4e0006de33696b51b96b3eb5878090cec9794ba6624b4713fa172026b98"", ""9c3bc397164bf463e939f20a10e9aa337d3592b64262d271b3fcc77c61e2b31b""]","[""star_6"", ""ladder_4""]","[1.0, 1.0]","[1.0, 1.0]",1,"[1, 1]",1.0000000000009104,False,0.00722097621573381,0.00722097621573381,"[0.5080477783096815, 0.6124971510085478]",-0.09986702003774384,2,"[null, null]",0.00024378041679701837,locked,761,ok,True,1.1205449293182292,Dimer_Synthesis,dimer
"[1.5374913401360888, 0.9123762547108817]",-9.10320147423699e-13,0.7781667979196875,0.923771703549413,0.9993237676734696,0.9259471846095138,0.9280818501639716,0.005073239341673883,0.005073239341673883,"[""species"", ""species""]","[""d35dcf866af19bcdddf597f8d2c0a009f5706b46c934a89322b561d0cb9f2601"", ""0e836d25ea6e047ab5ce195239501aaa68b27dd6b632d15a49ddafbc0a7f9d68""]","[""bowtie"", ""honeycomb_7""]","[1.0, 1.0]","[1.0, 1.0]",1,"[1, 1]",1.0000000000009104,False,0.0050732393416739185,0.0050732393416739185,"[0.4915468807661958, 0.2916931564951656]",0.29374611022308694,2,"[null, null]",0.00029668523716678207,locked,762,ok,True,0.7832400372613614,Dimer_Synthesis,dimer
"[0.003423278047597667, 1.6020425181465276]",-9.10320147423699e-13,0.5107958631958269,0.6526215144399706,0.9368328421097072,0.7376520226141283,0.5730581652727136,0.002482933045189901,0.002482933045189901,"[""species"", ""species""]","[""6ec00b02522f66ec5c5c37af645728553d4a68ee6aa900d551a0d5e817b8f4c5"", ""20c2f82e28186e2a5ecc3d1116eade50a96e4118e9170197d900b86da402cbcc""]","[""pentagon_ring"", ""bilayer_square_4_4""]","[1.0, 1.0]","[1.0, 1.0]",1,"[1, 1]",1.0000000000009104,False,0.0024829330451898723,0.0024829330451898723,"[0.0010944462595432142, 0.5121843499814736]",-0.0007679128382549472,2,"[null, null]",3.8520512544184484,no_lock,763,fail,False,0.5132787962410168,Dimer_Synthesis,dimer
"[0.9185160197249893, 0.383921362012363]",-9.10320147423699e-13,0.4154729078761996,0.9343088460351372,0.3332140942826028,0.9529546173558165,0.9495874500995521,0.000925556084982352,0.000925556084982352,"[""species"", ""species""]","[""ae8b52aa7c7d19d19455ddef4e5ec71ca7a93552b7e52e11d6a6a6aa658f0745"", ""9ef3086c9c5ce86bd9711aafc59cfc2398d9f258db247b02e8fdb9e5b0caf31a""]","[""bipartite_2_4"", ""dimer""]","[1.0, 1.0]","[1.0, 1.0]",1,"[1, 1]",1.0000000000009104,False,0.0009255560849823485,0.0009255560849823485,"[0.293656082895164, 0.12274238106601798]",-0.12384150252038073,2,"[null, null]",0.00022849286471454786,locked,764,ok,True,0.41639846396118196,Dimer_Synthesis,dimer
"[1.5650787500730174, 1.9138848955062329]",-9.10320147423699e-13,1.1052622535578887,0.9309610586949378,0.9157229285610363,0.9800129836386818,0.9799431494725376,0.006987086417001202,0.006987086417001202,"[""species"", ""species""]","[""039b293e9390dad029cd42591673dc82be95e1ef7f7f369e3a7f6451f3430922"", ""961e0f41120f069932efe741637f79d9106ba69536dabfb9f344d39e446f1da5""]","[""double_triangle"", ""bipartite_3_3""]","[1.0, 1.0]","[1.0, 1.0]",1,"[1, 1]",1.0000000000009104,False,0.006987086417001187,0.006987086417001187,"[0.5003667712910526, 0.6118825686838373]",0.12745975169364376,2,"[null, null]",0.0002011868414839609,locked,765,ok,True,1.1122493399748898,Dimer_Synthesis,dimer
"[0.1509057753418552, 0.8887666683575851]",-9.10320147423699e-13,0.3303224706807565,0.8862987321067345,0.9993459005043321,0.8894583691735523,0.8899298445595827,0.002068179840757072,0.002068179840757072,"[""species"", ""species""]","[""03b50cda593f989e2bb8fe6790d2160825d0a75fa6a2928a8c995ea8165eb017"", ""7e306770cf2ec53d436a2fc312e38f73adc9ce761adb23ab1f50b36a687d2c17""]","[""dimer"", ""bipartite_4_4""]","[1.0, 1.0]","[1.0, 1.0]",1,"[1, 1]",1.0000000000009104,False,0.0020681798407570784,0.0020681798407570784,"[0.04824564615260047, 0.2841450043689131]",0.837796171417619,2,"[null, null]",0.000325815415787789,no_lock,766,fail,False,0.33239065052151356,Dimer_Synthesis,dimer
"[1.4482567428421949, 1.1598585647719732]",-9.10320147423699e-13,0.8283920262163806,0.9287423799563046,0.9438194404571807,0.9876586176269312,0.987351938868619,0.005440926639689591,0.005440926639689591,"[""species"", ""species""]","[""3728e6509183720aac2f14320ab2afa1aa73e9b05b09c7ba93aaf5ee400285a4"", ""8db9008c252c2952a6145bd4ad63e6d50bb9be42cf0d9fc62825b968daad806d""]","[""grid_3x3"", ""grid_3x3""]","[1.0, 1.0]","[1.0, 1.0]",1,"[1, 1]",1.0000000000009104,False,0.005440926639689536,0.005440926639689536,"[0.4630179474244583, 0.37081500543161194]",-0.19845416507140934,2,"[null, null]",0.00037349467476102704,locked,767,ok,True,0.8338329528560702,Dimer_Synthesis,dimer
"[0.6184875853219276, 1.4310368183634596]",-9.10320147423699e-13,0.6515098653282985,0.8779611868908792,0.9576552190749064,0.8509069332826164,0.8417436930921369,0.0037376156731735995,0.0037376156731735995,"[""species"", ""species""]","[""39f803102ac049dd7a4e5a34f5d247fa27bdd2554ef36c0a0773f957bd3011b5"", ""22af82392bbc2559a3f1c7dd8faab805566dde54e1de24d1f8e858dd9cd1d728""]","[""bipartite_3_6"", ""icosahedron""]","[1.0, 1.0]","[1.0, 1.0]",1,"[1, 1]",1.0000000000009104,False,0.0037376156731735444,0.0037376156731735444,"[0.1977348655054541, 0.4575126154960179]",0.839958194165776,2,"[null, null]",0.000247516226776726,no_lock,768,fail,False,0.655247481001472,Dimer_Synthesis,dimer
"[1.2201826052736766, 1.4176114434057305]",-9.10320147423699e-13,0.8378268596097843,0.9281847532218922,0.9366241832632205,0.9937549387094247,0.993726631077425,0.005494597158375917,0.005494597158375917,"[""species"", ""species""]","[""7efb7de8357c974a7daa2db0753e2d4b0804d5b5139580953ec14cf17f0f26b6"", ""c56e4d9a8cb1f3b291f496bdba48a45202d0bb469b6b52aa25d3a1a8ba06b405""]","[""bipartite_4_4"", ""octamer_chain""]","[1.0, 1.0]","[1.0, 1.0]",1,"[1, 1]",1.0000000000009104,False,0.005494597158375969,0.005494597158375969,"[0.39010102881903563, 0.45322042794912465]",0.2834022606291078,2,"[null, null]",0.0003298049180417466,locked,769,ok,True,0.8433214567681603,Dimer_Synthesis,dimer
"[1.2984158250012934, 1.673100204053305]",-9.10320147423699e-13,0.9441687032736868,0.9250086906977252,0.8993681817376269,0.9774523875197001,0.9767267365362118,0.005846036386085189,0.005846036386085189,"[""species"", ""species""]","[""f949c64a714d27b9c6cf5da9d032daeb1312f08c29c546d42fa9b13c6ba1e1f0"", ""c5267f7cda433c1201229eadd8949762aaf5238d652865d00d44551a734f4420""]","[""bipartite_4_8"", ""decamer_chain""]","[1.0, 1.0]","[1.0, 1.0]",1,"[1, 1]",1.0000000000009104,False,0.005846036386085163,0.005846036386085163,"[0.41511274376372115, 0.5349019958960508]",0.16037148022836722,2,"[null, null]",0.00024592181985863337,locked,770,ok,True,0.950014739659772,Dimer_Synthesis,dimer
"[0.9787690191043752, 1.1274206507057971]",-9.10320147423699e-13,0.6686690777626787,0.9229994921900802,0.9993241442215786,0.9966732527135028,0.9967299652034466,0.004694690520749006,0.004694690520749006,"[""species"", ""species""]","[""44495406dbc1f8249e4a260d00d4bb74279cc8224a14df1774450b019cc88477"", ""d56d56038385425f35b407a9af83fbd5f67d6bfddf6736ea902d9635d5f6a59b""]","[""moebius_kantor"", ""complete_k6""]","[1.0, 1.0]","[1.0, 1.0]",1,"[1, 1]",1.0000000000009104,False,0.004694690520749001,0.004694690520749001,"[0.31291939393217, 0.36044437435125776]",-0.18695372041261815,2,"[null, null]",0.00022042356791431754,locked,771,ok,True,0.6733637682834277,Dimer_Synthesis,dimer
"[1.6392574537034967, 1.5517053086909807]",-9.10320147423699e-13,1.013046331524793,0.9391768702313054,0.9993411322284222,0.9986794176505899,0.998736583862103,0.007127084448564504,0.007127084448564504,"[""species"", ""species""]","[""6769a4e0786d4030e5bc0c7e678902ea2222ca1bd37982e8b4d23dde8b862a76"", ""247851ef4e91509eab394e225272612e00f0b2c43892df72183ec369c7870eda""]","[""prism_square"", ""bilayer_hex_6_6""]","[1.0, 1.0]","[1.0, 1.0]",1,"[1, 1]",1.0000000000009104,False,0.007127084448564469,0.007127084448564469,"[0.5240822286968906, 0.4960911872764669]",-0.6223857124536274,2,"[null, null]",0.00046685138066720875,locked,772,ok,True,1.0201734159733575,Dimer_Synthesis,dimer
"[1.0371392491117208, 1.378968465397132]",-9.10320147423699e-13,0.7678064077670187,0.9292262372140487,0.8745974306842069,0.9812429388500877,0.9809964627016343,0.004640356425388145,0.004640356425388145,"[""species"", ""species""]","[""982d0af22139413692b6b1a89a2ebd98bd163a0c3c0c642465fbfe74c9d3db93"", ""a2366d1ed437f0496abaf01531fee3bd5a233843ab94fbdd6104f5c8c123d1e4""]","[""moebius_kantor"", ""ladder_4""]","[1.0, 1.0]","[1.0, 1.0]",1,"[1, 1]",1.0000000000009104,False,0.004640356425388181,0.004640356425388181,"[0.3315807702539232, 0.44086599393848364]",0.2768249135320464,2,"[null, null]",0.0005298530874305851,locked,773,ok,True,0.7724467641924069,Dimer_Synthesis,dimer
"[1.4338283389108188, 1.4225838788136802]",-9.10320147423699e-13,0.9068266820223856,0.9269957302763994,0.9994268227213448,0.9999546981703884,0.9999633324234413,0.006388553180598315,0.006388553180598315,"[""species"", ""species""]","[""02941c239235c86124a05d6f350c7146723eba6fca70d9e6227cea9f3bcbe7aa"", ""84162498e64962dbe498ffd2ea998e90d16e21264a417377577b39a86ce9c152""]","[""bowtie"", ""hexagon_ring""]","[1.0, 1.0]","[1.0, 1.0]",1,"[1, 1]",1.0000000000009104,False,0.006388553180598278,0.006388553180598278,"[0.45840508440418604, 0.4548101507987979]",-0.0337840584300404,2,"[null, null]",0.00026379873608655194,locked,774,ok,True,0.9132152352029839,Dimer_Synthesis,dimer
"[1.1834874533280362, 0.9917332703851082]",-9.10320147423699e-13,0.6905989164396173,0.9307773837377982,0.9992903563157637,0.9938307746338354,0.9946404112666318,0.004834569139912799,0.004834569139912799,"[""species"", ""species""]","[""d0fa3348829fe69a57fbfad68ff8c1cd6214f7b722bad436ed5cdd1405ec7856"", ""08b1d89068d5a8ed290b1b105f33a88d6d443c4c30f1fa91aad29ddeb5ab9865""]","[""diatomic_prism_12"", ""diatomic_prism_12""]","[1.0, 1.0]","[1.0, 1.0]",1,"[1, 1]",1.0000000000009104,False,0.004834569139912759,0.004834569139912759,"[0.3783693286089228, 0.31706415697060725]",0.43399242675483607,2,"[null, null]",0.00041439095693049995,locked,775,ok,True,0.6954334855795301,Dimer_Synthesis,dimer
"[0.2813311888782512, 1.759716311482966]",-9.10320147423699e-13,0.6519599534678563,0.5644012350747369,0.9161137378045763,0.1379828320951164,0.5530326855817655,0.0005774014478430551,0.0005774014478430551,"[""species"", ""species""]","[""a75960bb069a97ea17eb44523ba941573e896779ecbcff5650f250d2fe152e7e"", ""bc5e014c6d73b18cbd9d21ffe155f007367ac4678c2ccb51ba5e84efc45bb9ed""]","[""star_6"", ""bilayer_square_4_4""]","[1.0, 1.0]","[1.0, 1.0]",1,"[1, 1]",1.0000000000009104,False,0.0005774014478430178,0.0005774014478430178,"[0.0899435754500637, 0.5625937794656356]",-1.0,2,"[null, null]",3.8256677080105232,no_lock,776,fail,False,0.6525373549156993,Dimer_Synthesis,dimer
"[0.5908405150850689, 0.7345215364001323]",-9.10320147423699e-13,0.42098317844119654,0.9254136740848694,0.9279212102560175,0.997152883553022,0.9965707737429994,0.002744464952080875,0.002744464952080875,"[""species"", ""species""]","[""03ddf02d036e67eb6dc2b7d693c1373540cca55c1df92576497bbd1b9a7f695f"", ""c1199bfe7a18880412c8efb2e37d04d721148b9c51a99258bc4d9e60ed506731""]","[""star_6"", ""hexagon_with_center""]","[1.0, 1.0]","[1.0, 1.0]",1,"[1, 1]",1.0000000000009104,False,0.0027444649520808606,0.0027444649520808606,"[0.18889590115977592, 0.2348317422335015]",0.23823179910230508,2,"[null, null]",0.0002174617855663817,locked,777,ok,True,0.4237276433932774,Dimer_Synthesis,dimer
"[0.8856158748682775, 1.8984147510042857]",-9.10320147423699e-13,0.8861817131812882,0.5220475908896883,0.8605069394698555,0.7260435099073792,0.6208096033718181,0.0038926139912401846,0.0038926139912401846,"[""species"", ""species""]","[""3a22318d97f3ed585f2582275dd2aa5eec4d1013550dff43ea6d09d945c34f5f"", ""eeb304cbb6fd52612d14468a7f5de383b79f6b3501da87878a051b2ec95bc5b9""]","[""bipartite_3_6"", ""hexagon_ring""]","[1.0, 1.0]","[1.0, 1.0]",1,"[1, 1]",1.0000000000009104,False,0.0038926139912401903,0.0038926139912401903,"[0.28313767335430684, 0.6069366538182216]",0.7126893823638981,2,"[null, null]",2.287477972500939,no_lock,778,fail,False,0.8900743271725284,Dimer_Synthesis,dimer
"[1.2385445439305398, 1.5839890629234918]",-9.10320147423699e-13,0.8965241177087713,0.9168207113689314,0.9494029776196033,0.9771227115364278,0.9804941348040837,0.0058598854323813,0.0058598854323813,"[""species"", ""species""]","[""ba09236f5b3c67c761760f873fcca09b4d195a4cf5ea9e668bca4598d4257994"", ""d2b43ed8d3cfdbaee42780a278d797f9d74ee8fb52f522ed0da0be93b443fbf5""]","[""decamer_chain"", ""hexagon_with_center""]","[1.0, 1.0]","[1.0, 1.0]",1,"[1, 1]",1.0000000000009104,False,0.005859885432381251,0.005859885432381251,"[0.3959714707759981, 0.5064125323651545]",0.11375290344207911,2,"[null, null]",0.00037582523172040045,locked,779,ok,True,0.9023840031411525,Dimer_Synthesis,dimer
"[2.013758177926531, 1.518440635418215]",-9.10320147423699e-13,1.1216937229178403,0.9170162145250873,0.999401804836094,0.9588771624947323,0.9585000213406213,0.007575277577464767,0.007575277577464767,"[""species"", ""species""]","[""fb5d0c64f1b548ed76e9c2682f0c2ac244107c108aaaf59575f80def4a9df385"", ""c5bcdfaa2651a928893d619bbb64603ae7b463271d633d12cda06f7f9fc97b70""]","[""trimer_triangle"", ""moebius_kantor""]","[1.0, 1.0]","[1.0, 1.0]",1,"[1, 1]",1.0000000000009104,False,0.0075752775774646786,0.0075752775774646786,"[0.6438127650784612, 0.48545623541684385]",0.6594368440053863,2,"[null, null]",0.00039633393249503335,locked,780,ok,True,1.129269000495305,Dimer_Synthesis,dimer
"[1.4390395251061885, 1.6118649345892935]",-9.10320147423699e-13,0.9693680601028057,0.9417695007472114,0.8861377463628857,0.9962611172281159,0.9956414454650048,0.006027723619949831,0.006027723619949831,"[""species"", ""species""]","[""ec3ef1a2396a26504b6cbafdbd4d6b6850fb4f4be915d2ddf0d3a6932f4736eb"", ""c9b264474383689fd0f5d5c63567e69e6f09b7f876c189b1cc45961cb5c993eb""]","[""hexagon_with_center"", ""bipartite_4_8""]","[1.0, 1.0]","[1.0, 1.0]",1,"[1, 1]",1.0000000000009104,False,0.006027723619949854,0.006027723619949854,"[0.4600711375731093, 0.5153246461496462]",0.40402934451914074,2,"[null, null]",0.0002137072351228942,locked,781,ok,True,0.9753957837227556,Dimer_Synthesis,dimer
"[1.3663022059588148, 0.0016598821004477605]",-9.10320147423699e-13,0.43661497687609385,0.6234406828469059,0.9992529805046566,0.23934812238294273,0.5421485290017882,0.0007322002029162308,0.0007322002029162308,"[""species"", ""species""]","[""355a4d6c91e82092601fb89a991d736b8faac0a99e9095697eda25cef10cb76a"", ""3f393517d3f44800951769acf9a62511233d837340ec6cf22de7a370c547ba43""]","[""nonamer_chain"", ""dimer""]","[1.0, 1.0]","[1.0, 1.0]",1,"[1, 1]",1.0000000000009104,False,0.0007322002029162555,0.0007322002029162555,"[0.4368165010045403, 0.0005306760744698041]",0.4355928005529687,2,"[null, null]",3.384974903271857,no_lock,782,fail,False,0.4373471770790101,Dimer_Synthesis,dimer
"[1.3795386163668837, 1.1693177760948976]",-9.10320147423699e-13,0.8092270550195757,0.9294666271128175,0.9991669818367888,0.9931470852563586,0.9928142737745519,0.005660402573954587,0.005660402573954587,"[""species"", ""species""]","[""a5d969b46aaf55feff878e0b45fc9449d4eb60b9b6a921c8fa5127b543d35ba2"", ""0fc363ce67123b9c392025a03442e62239e7fb2add4815c344dd5959379fb32b""]","[""grid_3x3"", ""icosahedron""]","[1.0, 1.0]","[1.0, 1.0]",1,"[1, 1]",1.0000000000009104,False,0.005660402573954615,0.005660402573954615,"[0.4410482752453315, 0.3738391823481988]",-0.5307809103874555,2,"[null, null]",0.00029106891849759,locked,783,ok,True,0.8148874575935303,Dimer_Synthesis,dimer
"[1.4035015834059628, 1.745812038174152]",-9.10320147423699e-13,0.9999536890151738,0.9216438488224871,0.9993539956793791,0.9802297510573438,0.9810180753379928,0.006904201387756816,0.006904201387756816,"[""species"", ""species""]","[""3dfa3bd5fadc0ebf2b2b61d527b7e55489a1987409f999b0e4bfd2fa9bceee40"", ""7cea95d27a387337611a10b29838afe16541800b0eae210b9ebce67c3d89343e""]","[""bilayer_square_4_4"", ""diatomic_prism_12""]","[1.0, 1.0]","[1.0, 1.0]",1,"[1, 1]",1.0000000000009104,False,0.006904201387756825,0.006904201387756825,"[0.44870940568195555, 0.558148484720975]",-0.07852066360632826,2,"[null, null]",0.0005604840748167772,locked,784,ok,True,1.0068578904029306,Dimer_Synthesis,dimer
"[0.8214951306864344, 0.4699362619393847]",-9.10320147423699e-13,0.410639943321089,0.9316971340504673,0.7910191278111164,0.9797291257206883,0.9798818128833805,0.0022398278993313197,0.0022398278993313197,"[""species"", ""species""]","[""97cc82af038778029d01e20f7bf44011327dd08cd08aa2092150a5c664cca1c0"", ""7a7eaec02a6d92d38ae7903619762c291810580665c8840b58f624cf82dbd27e""]","[""tetrahedron_k4"", ""bipartite_3_3""]","[1.0, 1.0]","[1.0, 1.0]",1,"[1, 1]",1.0000000000009104,False,0.0022398278993313037,0.0022398278993313037,"[0.2626378168853902, 0.1502419543350301]",0.020962277764431603,2,"[null, null]",0.00027356651942574167,locked,785,ok,True,0.4128797712204203,Dimer_Synthesis,dimer
"[1.1421390824263842, 1.4105138842138578]",-9.10320147423699e-13,0.81068730069609,0.9144715482120008,0.9578082134171877,0.9894491660348188,0.9882455258021106,0.0054139485763284615,0.0054139485763284615,"[""species"", ""species""]","[""02d9ffe71b3366a4f098a466b16baddf6e9e74a878073cb757b1c38f06fe2c00"", ""a9f50641ce48a55a448fd83acfd8f7a258b39839feb59062312c2be271b00107""]","[""grid_3x4"", ""complete_k5""]","[1.0, 1.0]","[1.0, 1.0]",1,"[1, 1]",1.0000000000009104,False,0.005413948576328487,0.005413948576328487,"[0.3651499613117569, 0.4509512879606616]",-0.26762951769500765,2,"[null, null]",0.00046901943603609513,locked,786,ok,True,0.8161012492724184,Dimer_Synthesis,dimer
"[0.8992035637136693, 1.0902978882502223]",-9.10320147423699e-13,0.6320921897185328,0.9160964642124185,0.8952304815020753,0.994882073375447,0.9944975403190739,0.003965528112975934,0.003965528112975934,"[""species"", ""species""]","[""bc0d4232d75ea6f5eaafff160d3076dc76192e998c816bdbbbf500e79c747903"", ""eea8bd6a67af247fa0d8c1180e3d9374a05074cb8f434a8c883e525a8e521413""]","[""cube"", ""truncated_tetrahedron""]","[1.0, 1.0]","[1.0, 1.0]",1,"[1, 1]",1.0000000000009104,False,0.003965528112975902,0.003965528112975902,"[0.28748175380173413, 0.34857596402977453]",0.9427740556699659,2,"[null, null]",0.00039631817436628123,locked,787,ok,True,0.6360577178315087,Dimer_Synthesis,dimer
"[1.4513674962444287, 1.3206014657144918]",-9.10320147423699e-13,0.8800331787203057,0.9214772284003865,0.9994027597567356,0.9976010755122771,0.9970574005679589,0.006184948993514637,0.006184948993514637,"[""species"", ""species""]","[""bb562d6eec95c7b160e3c2929fffad79b77589261fd3e6026e7939df32153ff7"", ""d0120d760e6c860d212f822e5eb201ee7aa7e8228bd0a035f877ce643c877227""]","[""prism_triangular"", ""bipartite_3_6""]","[1.0, 1.0]","[1.0, 1.0]",1,"[1, 1]",1.0000000000009104,False,0.006184948993514627,0.006184948993514627,"[0.4640124773393816, 0.4222056503744387]",0.820950420188522,2,"[null, null]",0.0002322719663180278,locked,788,ok,True,0.8862181277138204,Dimer_Synthesis,dimer
"[1.1192412791311492, 1.737417993427287]",-9.10320147423699e-13,0.9077742392786267,0.9188557151504252,0.927965692884076,0.9304583151513032,0.9304587946541405,0.00551998110614652,0.00551998110614652,"[""species"", ""species""]","[""8ca8b2ddb81ac736399ba427b5fba390fe51f5fd7e203bfb1ef89aab2ed9f315"", ""96162b72f238d31803f76da14aa170d6b3d118fcb4616aa4d5e1c773b289cb61""]","[""hexagon_with_center"", ""complete_k5""]","[1.0, 1.0]","[1.0, 1.0]",1,"[1, 1]",1.0000000000009104,False,0.005519981106146488,0.005519981106146488,"[0.3578293712750193, 0.5554648491097539]",0.2718375011296944,2,"[null, null]",0.00020021366830233947,locked,789,ok,True,0.9132942203847731,Dimer_Synthesis,dimer
"[1.0160910534334058, 1.4803246235677676]",-9.10320147423699e-13,0.7934716011980628,0.9171090654705197,0.866128803604265,0.9609943041823584,0.964568534417587,0.004650187908822471,0.004650187908822471,"[""species"", ""species""]","[""0fcbdd23c2913be3ef814c8d70991a066bb084226d9f37897d6dd883af47769e"", ""e16b563c586f61203fce8a1bcd257b2e5d30a206567e7c99c7de77e201724007""]","[""prism_triangular"", ""decamer_chain""]","[1.0, 1.0]","[1.0, 1.0]",1,"[1, 1]",1.0000000000009104,False,0.004650187908822434,0.004650187908822434,"[0.32485151288424163, 0.47327027622264356]",0.3266516119591345,2,"[null, null]",0.0004051568211589843,locked,790,ok,True,0.7981217891068852,Dimer_Synthesis,dimer
"[0.9385939850569154, 1.2008392819252087]",-9.10320147423699e-13,0.6802771259258843,0.9443141670602977,0.78284837833779,0.9910949908823579,0.9882772475793239,0.003714856038327073,0.003714856038327073,"[""species"", ""species""]","[""dc07a2a1fe828dbc7d02bc078bb5b99e63b9f2a5b7061c1d6dedb893f2779675"", ""9808797036917199166ece46b1906e9d850349cd790e033fdea74bb3a236887b""]","[""bipartite_3_3"", ""ladder_5""]","[1.0, 1.0]","[1.0, 1.0]",1,"[1, 1]",1.0000000000009104,False,0.003714856038327108,0.003714856038327108,"[0.3000751507451114, 0.38391683121910003]",-0.11208867986873683,2,"[null, null]",0.0003482209007757086,locked,791,ok,True,0.6839919819642114,Dimer_Synthesis,dimer
"[1.5100657112755413, 0.7715573298003106]",-9.10320147423699e-13,0.7249113740159372,0.9186153252516563,0.9992106672499311,0.8897635716373858,0.8847182673799203,0.004539686713840105,0.004539686713840105,"[""species"", ""species""]","[""dde803196ff37ab546ae7f4fb75233eea88f5e3400a91591badab879972930f6"", ""76bf6e7b2783f13b2543787bbca0656862d32d49fdc210dfab40727f21d0df4d""]","[""hexagon_with_center"", ""icosahedron""]","[1.0, 1.0]","[1.0, 1.0]",1,"[1, 1]",1.0000000000009104,False,0.004539686713840085,0.004539686713840085,"[0.48277871279832923, 0.24667234793144807]",0.26162048298997587,2,"[null, null]",0.0001939571926212405,no_lock,792,fail,False,0.7294510607297773,Dimer_Synthesis,dimer
"[1.7083555138145172, 0.6923122424161723]",-9.10320147423699e-13,0.7643042905189515,0.47950064715484325,0.8330352044956176,0.7163845045195246,0.6333018049211823,0.003206209557574316,0.003206209557574316,"[""species"", ""species""]","[""e8b13f49c25307e25aa0fe7b4480d1ab07c701e4800d6f38e1cc793f8d570365"", ""742544d13e208deb4ba3864b4a8aa0921931160a79aaa394e6d13a3422a3c4bd""]","[""dodecamer_chain"", ""tetrahedron_k4""]","[1.0, 1.0]","[1.0, 1.0]",1,"[1, 1]",1.0000000000009104,False,0.0032062095575743355,0.0032062095575743355,"[0.5461733683527151, 0.2213371317238108]",0.6216858742717085,2,"[null, null]",2.8527222447464076,no_lock,793,fail,False,0.7675105000765259,Dimer_Synthesis,dimer
"[0.7216720042084223, 0.9273834588920495]",-9.10320147423699e-13,0.5235501034015189,0.9278226296436357,0.9993258350244371,0.9936560219652543,0.9927321287206905,0.0036646183579828423,0.0036646183579828423,"[""species"", ""species""]","[""d55db2fad690e5120f85abc0585b2b97505feda7c50fcaa05747016f5c88cc70"", ""ce29a11b532ceb8e365d9264b6efa3916564b76a3e232a4ce701c4a2dcb0ead5""]","[""truncated_tetrahedron"", ""bilayer_hex_3_3""]","[1.0, 1.0]","[1.0, 1.0]",1,"[1, 1]",1.0000000000009104,False,0.0036646183579828184,0.0036646183579828184,"[0.2307236557010721, 0.29649106605842956]",-0.41654492063517234,2,"[null, null]",0.00036555792159527825,locked,794,ok,True,0.5272147217595017,Dimer_Synthesis,dimer
"[2.554114178257027, 1.3411488881544587]",-9.10320147423699e-13,1.236771459520276,0.5508983943478384,0.9993667404466037,0.983915567631819,0.549209776782502,0.008571756454427247,0.008571756454427247,"[""species"", ""species""]","[""437d7847ea9104e5aa309b52c4a5583dd2410b2ee8da85dbf5d3d719bdbc675b"", ""b008775293824f78d98821e91e7669d346191f89132b2da3d8331cdcbd03594b""]","[""trimer_triangle"", ""star_6""]","[1.0, 1.0]","[1.0, 1.0]",1,"[1, 1]",1.0000000000009104,False,0.008571756454427204,0.008571756454427204,"[0.81656840898488, 0.42877480698982295]",0.6235741432200217,2,"[null, null]",3.4363935915494928,no_lock,795,fail,False,1.245343215974703,Dimer_Synthesis,dimer
"[1.5733594335504753, 1.3971936156244216]",-9.10320147423699e-13,0.9435089133200073,0.9378949963403801,0.936689848788123,0.9953251441446905,0.9952192034451779,0.006197954845629203,0.006197954845629203,"[""species"", ""species""]","[""2e689616c5625567d9feee71d6de1af19c3e1fedb77695fb89c4be5e025b595b"", ""74cf36e78404701f8e3db80a7623241cf94e19d46dfee36d5454bc4bfec17aa3""]","[""bilayer_square_4_4"", ""cuboctahedron""]","[1.0, 1.0]","[1.0, 1.0]",1,"[1, 1]",1.0000000000009104,False,0.006197954845629239,0.006197954845629239,"[0.5030141645008226, 0.44669270366481395]",0.8463072960210543,2,"[null, null]",0.00035834315798727214,locked,796,ok,True,0.9497068681656365,Dimer_Synthesis,dimer
"[1.8672284924372295, 1.1041953174385744]",-9.10320147423699e-13,0.9441464133555193,0.8950701434437893,0.9992438775689573,0.8786995617441826,0.8730932364382292,0.005838843179047478,0.005838843179047478,"[""species"", ""species""]","[""e663c7b26186bf549f06ff58fe45bb2a99f99e3241efab467cc75c44584c6fcd"", ""ca23493a51fa0c0f0a7f8fc7cfe00040dbb386045ac564d5225ec761e06771eb""]","[""pentagon_ring"", ""trimer_chain""]","[1.0, 1.0]","[1.0, 1.0]",1,"[1, 1]",1.0000000000009104,False,0.0058388431790474815,0.0058388431790474815,"[0.5969661858739614, 0.3530190706606053]",0.28743430676829707,2,"[null, null]",0.0003154163101845047,no_lock,797,fail,False,0.9499852565345668,Dimer_Synthesis,dimer
"[1.4372921489594919, 1.3793438817914652]",-9.10320147423699e-13,0.8955138567588268,0.8953775790141417,0.7912763302560915,0.9993679420542612,0.999380558927321,0.004984649494069541,0.004984649494069541,"[""species"", ""species""]","[""163a915ad4cc330624d8725fa075377c38297f775825f0417d56e8bb5c505575"", ""858cdcff823dbc7e2ff735cc19eb591c089f2d5690393774b873f81f8e8609ad""]","[""hexagon_ring"", ""star_4""]","[1.0, 1.0]","[1.0, 1.0]",1,"[1, 1]",1.0000000000009104,False,0.004984649494069515,0.004984649494069515,"[0.45951248903180564, 0.44098601722109065]",0.03309477742225786,2,"[null, null]",0.0002776431750572496,locked,798,ok,True,0.9004985062528963,Dimer_Synthesis,dimer
"[0.9629246348655347, 1.0026004065349758]",-9.10320147423699e-13,0.6239969751300847,0.9375328727621236,0.9992873381813971,0.9999324479125524,0.9997186635884256,0.004395314274779029,0.004395314274779029,"[""species"", ""species""]","[""9f2e3e838506fa1e7e2bef784c5eac62dfaf83dfe41e74c4f4a8b0f7bc5a22c7"", ""27c19a0eb2439a794aaf82f99c75dee06d4a951e684b3464915776d8dcb211f1""]","[""heptamer_chain"", ""decagon_ring""]","[1.0, 1.0]","[1.0, 1.0]",1,"[1, 1]",1.0000000000009104,False,0.004395314274779016,0.004395314274779016,"[0.3078538319696722, 0.3205384574351915]",-0.31757748687543685,2,"[null, null]",0.00022525067616127663,locked,799,ok,True,0.6283922894048637,Dimer_Synthesis,dimer
"[2.286067163427884, 1.4104563602042206]",-9.10320147423699e-13,1.1752827485403579,0.8315213009549899,0.9994611742807108,0.788810833314213,0.7797658697999108,0.006522026736878898,0.006522026736878898,"[""species"", ""species""]","[""9b03f7a3c074118cb372f19dc8770c3270b42f12020ebec00127719dda19c728"", ""06060b17be8fc2537ad4e92fc1cd98462b6535cd4d1e57f029c2ba3c5446feb2""]","[""pentagon_ring"", ""bipartite_3_6""]","[1.0, 1.0]","[1.0, 1.0]",1,"[1, 1]",1.0000000000009104,False,0.00652202673687885,0.00652202673687885,"[0.7308718781502458, 0.45093289712699103]",0.7747117037430284,2,"[null, null]",0.0005451852297935751,no_lock,800,fail,False,1.1818047752772367,Dimer_Synthesis,dimer
"[1.5963363281649, 0.750883159887686]",-9.10320147423699e-13,0.746479948399574,0.8889821866343478,0.8992210452068172,0.8346992628169705,0.8268281957694663,0.003942761443950329,0.003942761443950329,"[""species"", ""species""]","[""67ba9e392e0161e242b46eb538c33cbb9dcc3e495a8ca34465dcd44f137bbbd4"", ""7aa3dcd58aecdfbbbfc64c9e1d370098017819306462dc393ec18f7f6b8d8b92""]","[""decamer_chain"", ""hexagon_ring""]","[1.0, 1.0]","[1.0, 1.0]",1,"[1, 1]",1.0000000000009104,False,0.003942761443950338,0.003942761443950338,"[0.5103600405929861, 0.24006266925053826]",0.753520873540537,2,"[null, null]",0.0004245221856331827,no_lock,801,fail,False,0.7504227098435243,Dimer_Synthesis,dimer
"[1.4518295104635355, 1.5890405417600402]",-9.10320147423699e-13,0.9656912875702133,0.9217366997679194,0.9576424275713231,0.9968340837475193,0.9970389420088331,0.006496424949542236,0.006496424949542236,"[""species"", ""species""]","[""880acb0c912d4892f1f4c1592f0d8eeea6205f3609098509e364a5072532afdc"", ""9788b0aca70a9762480c5f84909d4813156b023f9e40b3b8244b39ad57b0086b""]","[""bipartite_4_8"", ""diatomic_prism_12""]","[1.0, 1.0]","[1.0, 1.0]",1,"[1, 1]",1.0000000000009104,False,0.006496424949542279,0.006496424949542279,"[0.46416018656046343, 0.5080275259592921]",0.5785896791032938,2,"[null, null]",0.0004650304903362835,locked,802,ok,True,0.9721877125197556,Dimer_Synthesis,dimer
"[1.0352862445076743, 0.11548093226612677]",-9.10320147423699e-13,0.3662120885006595,0.6673062880608739,0.8661512786119924,0.7604668529738197,0.6162778980419198,0.001696335738800028,0.001696335738800028,"[""species"", ""species""]","[""194edac8c74aa54806a427bb99a782cc2cde705732c5a6217a98cc3057b9985d"", ""94d89e13409fc2eb563dd43ac0e17fbcda48431905f7121d3a53c06fdecd56cf""]","[""decagon_ring"", ""bipartite_3_3""]","[1.0, 1.0]","[1.0, 1.0]",1,"[1, 1]",1.0000000000009104,False,0.0016963357388000144,0.0016963357388000144,"[0.33098835154600126, 0.036920072693458254]",0.800848593901966,2,"[null, null]",1.654308763562708,no_lock,803,fail,False,0.3679084242394595,Dimer_Synthesis,dimer
"[0.6695651170075654, 1.3369025245877613]",-9.10320147423699e-13,0.6375472450169234,0.9165065519934946,0.9576901644394253,0.91496052246129,0.9160636395975027,0.0039346839136093605,0.0039346839136093605,"[""species"", ""species""]","[""e52afb84c2b67d688c593a8b6f8d4411919e76ca5a9607d8f0411478d45b8002"", ""d6835e58569ca4f15d558c8ef142d19738369c8309965b5a0860e27df0ce7d6e""]","[""honeycomb_7"", ""cuboctahedron""]","[1.0, 1.0]","[1.0, 1.0]",1,"[1, 1]",1.0000000000009104,False,0.003934683913609405,0.003934683913609405,"[0.21406471447558845, 0.42741721445494435]",0.3867224311610251,2,"[null, null]",0.00035672903436391,locked,804,ok,True,0.6414819289305328,Dimer_Synthesis,dimer
"[1.790612589654381, 0.9041530904636471]",-9.10320147423699e-13,0.8569507300278133,0.8422688405818162,0.9992951200828882,0.7608001383870474,0.7484573206082225,0.004584961184969456,0.004584961184969456,"[""species"", ""species""]","[""2a0600713ba965d70643a4fff1fa6d6c263a17d58a60e20be9eda709f42e7645"", ""bd1bb1f463ee9d8dcfac3b2acfebfc346519788808d7b5d71ef657ff21630743""]","[""bowtie"", ""octamer_chain""]","[1.0, 1.0]","[1.0, 1.0]",1,"[1, 1]",1.0000000000009104,False,0.004584961184969427,0.004584961184969427,"[0.5724715386217292, 0.28906415259105356]",0.7904311359132351,2,"[null, null]",0.0005456552993245483,no_lock,805,fail,False,0.8615356912127827,Dimer_Synthesis,dimer
"[0.7967959294318551, 1.8040001590820283]",-9.10320147423699e-13,0.8306363280153648,0.5135752506122826,0.9989236308811156,0.1473325167682715,0.5413917789095704,0.0008566186081688551,0.0008566186081688551,"[""species"", ""species""]","[""fb1cb1ed6dba7f75152948b2ca529aee8db3965378805e7d61d70e90cd396b7c"", ""971b39990505ffb5eb80498154dfafadc22409f4fa0fb91d489eba98e4860af8""]","[""octamer_chain"", ""complete_k5""]","[1.0, 1.0]","[1.0, 1.0]",1,"[1, 1]",1.0000000000009104,False,0.0008566186081688798,0.0008566186081688798,"[0.25474130715088306, 0.5767516394726506]",0.6852314151173409,2,"[null, null]",2.777373620516001,no_lock,806,fail,False,0.8314929466235337,Dimer_Synthesis,dimer
"[0.7990087712484202, 0.8388314678459252]",-9.10320147423699e-13,0.5205780352728877,0.9315944818397435,0.8328741659291369,0.9994364596084533,0.9996440347990931,0.0030510998667780814,0.0030510998667780814,"[""species"", ""species""]","[""2d52fd9200aef7d325c04bd47d8fe12ee026c3fae3b82ebd16631ff4a0b9d9b2"", ""e2bdcf808cf0dc8d95dc58ee9a3a2ba309be4dcacb050c0893173e6361eb33bd""]","[""bipartite_4_4"", ""bipartite_4_8""]","[1.0, 1.0]","[1.0, 1.0]",1,"[1, 1]",1.0000000000009104,False,0.0030510998667780953,0.0030510998667780953,"[0.2554487683665445, 0.26818036677312124]",0.9465302439859828,2,"[null, null]",0.0004334652895735864,locked,807,ok,True,0.5236291351396658,Dimer_Synthesis,dimer
"[1.42381690354443, 1.6031447129399792]",-9.10320147423699e-13,0.9612845615518538,0.9296074422610693,0.9577661457812097,0.995135378159714,0.9948094955503057,0.006456525464749719,0.006456525464749719,"[""species"", ""species""]","[""cd88d4a413694ec0439c2d25b6e173d75af9edf7457e80a025e59ef2374a4b63"", ""86e9667d4b02c6f25fa0fa17ded3c1531f675e5df737dba229addcb1a0000ea3""]","[""hexagon_with_center"", ""grid_3x4""]","[1.0, 1.0]","[1.0, 1.0]",1,"[1, 1]",1.0000000000009104,False,0.0064565254647497294,0.0064565254647497294,"[0.45520435754616984, 0.5125367294704337]",0.8450011922800332,2,"[null, null]",0.00021001212231909968,locked,808,ok,True,0.9677410870166036,Dimer_Synthesis,dimer
"[1.4254230447358227, 1.5737942467858426]",-9.10320147423699e-13,0.9524578590147298,0.9148507263252966,0.957705888044353,0.997659632442319,0.996693144235927,0.006413170630888279,0.006413170630888279,"[""species"", ""species""]","[""184b3cc5513db9503c3ada72cd0d46a5ac26d3bc49df49680f6a7003157c7f69"", ""1d6c59b139477c9c130f760369b8a6f57649697749a08f0389bd2717191d36f4""]","[""grid_3x4"", ""ladder_4""]","[1.0, 1.0]","[1.0, 1.0]",1,"[1, 1]",1.0000000000009104,False,0.00641317063088831,0.00641317063088831,"[0.4557178522710438, 0.5031531773745743]",-0.06008336503186262,2,"[null, null]",0.00034619912008236717,locked,809,ok,True,0.9588710296456181,Dimer_Synthesis,dimer
"[1.952912784668877, 1.2579034085346983]",-9.10320147423699e-13,1.0205924607131998,0.9077609459302882,0.9158917267353317,0.900773770727761,0.905935908956905,0.005928237831424638,0.005928237831424638,"[""species"", ""species""]","[""627350e6429ebc647c45f8d7a8dd96160f6696efbcb70fec4b0be9e1c88d48a6"", ""a23151813cc93da3b9f7627c9812aed0514bd29a2d582cd806cbc3fd0219659d""]","[""hexamer_chain"", ""octahedron""]","[1.0, 1.0]","[1.0, 1.0]",1,"[1, 1]",1.0000000000009104,False,0.00592823783142471,0.00592823783142471,"[0.624360061519074, 0.4021606370255504]",0.6761120820865536,2,"[null, null]",0.0006126823261950749,locked,810,ok,True,1.0265206985446245,Dimer_Synthesis,dimer
"[1.4118244147438221, 1.338118788467145]",-9.10320147423699e-13,0.8738003128289765,0.9214483456663309,0.8741717547180781,0.9992873094819175,0.9992333542528234,0.0053760236718234915,0.0053760236718234915,"[""species"", ""species""]","[""2de2ee9ab8cc7d0e83dbc63312306d5195c38ac4c8f48c273b4428a8476dff01"", ""4b5345954fe049f144a2214e4e5c28e6dfdc5fa6deb6e3d9beeec83a0fb08253""]","[""truncated_tetrahedron"", ""trilayer_4_4_4""]","[1.0, 1.0]","[1.0, 1.0]",1,"[1, 1]",1.0000000000009104,False,0.005376023671823438,0.005376023671823438,"[0.45137027386148354, 0.4278060626393164]",0.06495588124155938,2,"[null, null]",0.0002713726883703625,locked,811,ok,True,0.8791763365008,Dimer_Synthesis,dimer
"[0.4780465073053281, 1.645996028023206]",-9.10320147423699e-13,0.677893534404262,0.5027341790350098,0.9578160819419173,0.25871447315354185,0.5302447514222945,0.0011779215449137367,0.0011779215449137367,"[""species"", ""species""]","[""dad4f5950ac5139ac124d552c869f56ea55a162222a57b3a52ca39456b007371"", ""c66fed3d59bd7aecb00856a49ed4b629120865f23f2d89ef67469aae78caabc7""]","[""prism_square"", ""bipartite_4_8""]","[1.0, 1.0]","[1.0, 1.0]",1,"[1, 1]",1.0000000000009104,False,0.001177921544913696,0.001177921544913696,"[0.15283485727230786, 0.5262365986768679]",0.5058887015571759,2,"[null, null]",2.95694571948491,no_lock,812,fail,False,0.6790714559491757,Dimer_Synthesis,dimer
"[1.5512470010327957, 1.2307125879511533]",-9.10320147423699e-13,0.8837981395992627,0.9111995572821949,0.9159436165416439,0.9844810744836086,0.9838657286191814,0.005614062398329805,0.005614062398329805,"[""species"", ""species""]","[""5c93e83efc5e3643f9d9c56063d1a8abab72c19fd6c998fe7ff6e0f10875b4ab"", ""d4f9b6b46b5b29d347469668239021d44c3ec8ee4766c58972f1e55c41bf34d6""]","[""trilayer_4_4_4"", ""diatomic_prism_12""]","[1.0, 1.0]","[1.0, 1.0]",1,"[1, 1]",1.0000000000009104,False,0.005614062398329844,0.005614062398329844,"[0.4959446630691877, 0.39346753892840486]",0.2268840862621967,2,"[null, null]",0.00014356650140014227,locked,813,ok,True,0.8894122019975925,Dimer_Synthesis,dimer
"[1.1908232446932274, 1.6487824519413672]",-9.10320147423699e-13,0.9022106585206623,0.9014088208819544,0.916000118486259,0.9674164876663672,0.9644119777732021,0.005631412747920088,0.005631412747920088,"[""species"", ""species""]","[""bc9ed0d2863b39299b4007af332e68ffc142fc0e93ea1c9c09b6835407cfdd5d"", ""f0a8ee294430f1521431cb73d51866a4c599ecc3ce16f5fbe95c07c935fef0ce""]","[""trimer_triangle"", ""octahedron""]","[1.0, 1.0]","[1.0, 1.0]",1,"[1, 1]",1.0000000000009104,False,0.005631412747920117,0.005631412747920117,"[0.38071463311203124, 0.5271274381565512]",-0.0638745826135032,2,"[null, null]",0.00015674790343877433,locked,814,ok,True,0.9078420712685824,Dimer_Synthesis,dimer
"[0.8788234941445405, 0.7052222878732294]",-9.10320147423699e-13,0.503155004957101,0.9350310662579249,0.9279613802409672,0.9957515693884748,0.994861787723426,0.0032756609045776494,0.0032756609045776494,"[""species"", ""species""]","[""003a4a406c73ba6da61c1ac3adc5883c4fd0119ac24a8bf33a75de59dbd6bea3"", ""7c8e3eac57178925ee75e87e7872aa6f6c9732103957496ab478dd2d117a6d42""]","[""bipartite_2_4"", ""honeycomb_7""]","[1.0, 1.0]","[1.0, 1.0]",1,"[1, 1]",1.0000000000009104,False,0.0032756609045776486,0.0032756609045776486,"[0.28096610108552655, 0.2254645647761521]",-0.6027760820437404,2,"[null, null]",0.0003113749189631872,locked,815,ok,True,0.5064306658616786,Dimer_Synthesis,dimer
"[1.291372988423417, 1.1107950563214295]",-9.10320147423699e-13,0.762648583135953,0.9322547607848795,0.9991773375434638,0.9944263925335259,0.9946098007580954,0.0053415698141415805,0.0053415698141415805,"[""species"", ""species""]","[""1d1d60685da7633a3b0b60a67e40cfde12fad9786c52afcc2503fe07549bb4ec"", ""269afecadb4af2af3ccf1eb0bf12deb10bf98013f31c77ca5e7aa89d14cb933c""]","[""octamer_chain"", ""tetrahedron_k4""]","[1.0, 1.0]","[1.0, 1.0]",1,"[1, 1]",1.0000000000009104,False,0.005341569814141578,0.005341569814141578,"[0.4128610989828831, 0.3551290539672115]",0.26339966284766037,2,"[null, null]",0.00033899867921588554,locked,816,ok,True,0.7679901529500945,Dimer_Synthesis,dimer
"[1.118124257116773, 0.9880240137322018]",-9.10320147423699e-13,0.6694584040371647,0.9262905645886506,0.8281686634069292,0.9970780405459301,0.997469337180895,0.003892128704889593,0.003892128704889593,"[""species"", ""species""]","[""808b6b70809947af5954be1eeacc15bc0e1c8915f5c766ee5e3837ef276ae554"", ""ab9d2aba51c5af1abd8c0fd23e3a45ee4b10a87ec4e204256ce9397da7ed21a4""]","[""ladder_5"", ""honeycomb_7""]","[1.0, 1.0]","[1.0, 1.0]",1,"[1, 1]",1.0000000000009104,False,0.0038921287048896414,0.0038921287048896414,"[0.3574722514184189, 0.3158782813236355]",0.5049280185831313,2,"[null, null]",0.00017623586371817647,locked,817,ok,True,0.6733505327420544,Dimer_Synthesis,dimer
"[1.8848646037001653, 0.7848660494640446]",-9.10320147423699e-13,0.8492336661617474,0.5162806008017652,0.957497813814425,0.7513217612531334,0.5869403662518182,0.004298149459802458,0.004298149459802458,"[""species"", ""species""]","[""c400ffcc84a4a13e8de429bf23828457d1b1ec646c3eb974e7fd9f4dea8801f8"", ""cf793dca2b1205f50467b3c0b2885f5973a2762aadbe5ee3590e23c331af5960""]","[""bipartite_4_8"", ""bipartite_4_4""]","[1.0, 1.0]","[1.0, 1.0]",1,"[1, 1]",1.0000000000009104,False,0.004298149459802447,0.004298149459802447,"[0.6026045756676719, 0.25092723995387806]",-0.5615978546386855,2,"[null, null]",2.3907602155321728,no_lock,818,fail,False,0.8535318156215499,Dimer_Synthesis,dimer
"[1.3309446033734247, 1.7883938817033782]",-9.10320147423699e-13,0.9911012415295914,0.9380425352937163,0.915827232645195,0.9655994642839487,0.9643416591821847,0.006173385238540603,0.006173385238540603,"[""species"", ""species""]","[""faeee69b6c6a92881c88c72d5a1fc50bc0769f1777bd2d98f6aa2fe090f10638"", ""df7acc05e1326fc619b1b275307ada4e421b1a9ea6aaada4fb63dff09b75fb34""]","[""prism_triangular"", ""hexagon_with_center""]","[1.0, 1.0]","[1.0, 1.0]",1,"[1, 1]",1.0000000000009104,False,0.006173385238540607,0.006173385238540607,"[0.4255124248068292, 0.5717622019613028]",0.015408126364683139,2,"[null, null]",0.0004133589258844126,locked,819,ok,True,0.997274626768132,Dimer_Synthesis,dimer
"[0.3717827563871306, 1.5054737884467624]",-9.10320147423699e-13,0.5983108082759346,0.5525927260583788,0.8991468419845854,0.49276417737889444,0.5785707215522742,0.0018614170384203142,0.0018614170384203142,"[""species"", ""species""]","[""39f76dbd5b11e177c86ab02ffbbf1f89f410b2d325f8863ba58df0efc6b1420f"", ""d52d249974bd76fc5efafb545737a1e4c992d2fbc1749903d02113e656dd1df0""]","[""pentagon_ring"", ""dodecamer_chain""]","[1.0, 1.0]","[1.0, 1.0]",1,"[1, 1]",1.0000000000009104,False,0.0018614170384203543,0.0018614170384203543,"[0.11886158279667239, 0.48131064251768263]",0.3764054709401806,2,"[null, null]",2.479097351000163,no_lock,820,fail,False,0.600172225314355,Dimer_Synthesis,dimer
"[1.2930845711289536, 1.6523838269738251]",-9.10320147423699e-13,0.935497549956565,0.9261977136432182,0.9578393094443788,0.9803105362921182,0.9786451334002727,0.006189577435431424,0.006189577435431424,"[""species"", ""species""]","[""b7674e60fc87d92da707b56af428e53b8fd89a3a9b3252cfe69ac74a6c224d90"", ""401e5d29bb023e1cc39fdf9ec698912e662744d841d659d0e5213140db1e2622""]","[""grid_3x4"", ""bipartite_4_4""]","[1.0, 1.0]","[1.0, 1.0]",1,"[1, 1]",1.0000000000009104,False,0.00618957743543147,0.00618957743543147,"[0.413408304107307, 0.5282788232846894]",-0.2527972682935262,2,"[null, null]",0.0002176196364787588,locked,821,ok,True,0.9416871273919964,Dimer_Synthesis,dimer
"[1.329881015815947, 1.7395799038793462]",-9.10320147423699e-13,0.9753387093204409,0.9290786982607125,0.8951045473855199,0.9741354389512145,0.9736516627862782,0.005989706211585541,0.005989706211585541,"[""species"", ""species""]","[""d732a2679fa97bef55c58e39510176b44b2572ecbd4ee05bebab8ede1fce7928"", ""6b147c264e5e2aebd37ddf1ea05cf326ae09dc6615e215dd025b9da71a938465""]","[""cuboctahedron"", ""octamer_chain""]","[1.0, 1.0]","[1.0, 1.0]",1,"[1, 1]",1.0000000000009104,False,0.005989706211585566,0.005989706211585566,"[0.4251723883248978, 0.5561560272071286]",0.4088203072310508,2,"[null, null]",0.00027753290972216006,locked,822,ok,True,0.9813284155320264,Dimer_Synthesis,dimer
"[1.869728951426136, 1.7360254728392996]",-9.10320147423699e-13,1.144749869632739,0.9284731073234804,0.9992378815212851,0.9965317465306606,0.9972274682653766,0.008035381111960409,0.008035381111960409,"[""species"", ""species""]","[""f9442cc3fc90d6074bc1789f84a114ca61eba5a52d55452ec15a4e820a43665b"", ""93218e8b5d418e67eb03b0c02482c82f7ef3fafb891ca67ccfd9db85a2395173""]","[""bipartite_2_4"", ""honeycomb_7""]","[1.0, 1.0]","[1.0, 1.0]",1,"[1, 1]",1.0000000000009104,False,0.008035381111960449,0.008035381111960449,"[0.5977656003385475, 0.5550196504061519]",0.18106316562440006,2,"[null, null]",0.0002802923226259893,locked,823,ok,True,1.1527852507446994,Dimer_Synthesis,dimer
"[1.5249834650360103, 1.2389370397629198]",-9.10320147423699e-13,0.8775473169639209,0.9233167290257241,0.9991576278746175,0.9866281007679687,0.9871121071985396,0.0060976619400834485,0.0060976619400834485,"[""species"", ""species""]","[""20fd8873646a897ac48ecb3afcd9405416bc24b8553fda0f888043a3f69576f6"", ""0b68b383d45d2dbda1c2925b96489b808702aa7559fba9836e8eff4b9c0c2952""]","[""cuboctahedron"", ""star_5""]","[1.0, 1.0]","[1.0, 1.0]",1,"[1, 1]",1.0000000000009104,False,0.006097661940083432,0.006097661940083432,"[0.48754802442797895, 0.39609695447602533]",0.38307111238433045,2,"[null, null]",0.00043246730970869,locked,824,ok,True,0.8836449789040043,Dimer_Synthesis,dimer
"[0.9949453328255816, 0.8455399534244836]",-9.10320147423699e-13,0.5843106629870851,0.9348185085667299,0.9993349975905546,0.9974141084632635,0.9967369890378046,0.004105530285406302,0.004105530285406302,"[""species"", ""species""]","[""9353e3045bffca74a931683779d40f0829bb5415904fbfba0e96fc53ec4c8595"", ""addf2cb28d10bbd22bc3e51469de3526a5dcb6add96ca8931eee0fa2fdf5f072""]","[""grid_3x3"", ""tetramer_chain""]","[1.0, 1.0]","[1.0, 1.0]",1,"[1, 1]",1.0000000000009104,False,0.004105530285406278,0.004105530285406278,"[0.3180910761032388, 0.2703251171692526]",-0.3235995105131986,2,"[null, null]",0.00021082552198079725,locked,825,ok,True,0.5884161932724914,Dimer_Synthesis,dimer
"[1.3593108734675152, 0.1651304438942982]",-9.10320147423699e-13,0.48527861769576136,0.614318931434156,0.8743934691918263,0.7026508479579504,0.5977923004355027,0.0020960782774748325,0.0020960782774748325,"[""species"", ""species""]","[""9900a158507dec53e8f3d71d7b677ec3fa8cb600b087c4c7dd0f2d0f77ac5849"", ""e05f6bb5ef1d59360ac2d9d3ef56a58e3639c474453ba0165d64eb3d1650bbfb""]","[""bilayer_square_4_4"", ""tetramer_chain""]","[1.0, 1.0]","[1.0, 1.0]",1,"[1, 1]",1.0000000000009104,False,0.002096078277474822,0.002096078277474822,"[0.4345813224452949, 0.0527933735279413]",0.6078646625200685,2,"[null, null]",3.2563403177974712,no_lock,826,fail,False,0.4873746959732362,Dimer_Synthesis,dimer
"[1.1201956910417916, 0.12052343166562132]",-9.10320147423699e-13,0.3966307053526408,0.4969449249810935,0.999462321626849,0.012969880363057096,0.5468716727277011,3.599367398132018e-05,3.599367398132018e-05,"[""species"", ""species""]","[""2b468c982b81859c07bbe29ecde88e67cff1a721c150232d350a68376bd3960e"", ""8554aca492b3205b8ab091750f7820b03acaa06033c82f26f50925a5ed61144c""]","[""wheel_5"", ""tetrahedron_k4""]","[1.0, 1.0]","[1.0, 1.0]",1,"[1, 1]",1.0000000000009104,False,3.5993673981327134e-05,3.5993673981327134e-05,"[0.35813450352870785, 0.03853219549791423]",0.6933976622052138,2,"[null, null]",2.161344598860527,no_lock,827,fail,False,0.3966666990266221,Dimer_Synthesis,dimer
"[0.294340323001899, 1.7115724120448457]",-9.10320147423699e-13,0.6382538276102139,0.6123466687112094,0.9991181654013612,0.6801730452642418,0.5928656905574828,0.003050693762987185,0.003050693762987185,"[""species"", ""species""]","[""bf6206924a5bf5ed0b42042b7f3b7b83ad81f7cb2f248f6b6f19d83cd1e907cc"", ""3d12e39bfdfb34464cddafb42639c39a14ba42d6f31d58087a96f39fd92b0822""]","[""complete_k5"", ""dimer""]","[1.0, 1.0]","[1.0, 1.0]",1,"[1, 1]",1.0000000000009104,False,0.0030506937629871667,0.0030506937629871667,"[0.09410268785155673, 0.5472018335216443]",0.1298684438405493,2,"[null, null]",3.3300897912075675,no_lock,828,fail,False,0.641304521373201,Dimer_Synthesis,dimer
"[1.6913530915745552, 1.785314775991679]",-9.10320147423699e-13,1.1040768415987658,0.9244319824945487,0.9575978251541524,0.9983664616848734,0.9987181560817048,0.007438521870519706,0.007438521870519706,"[""species"", ""species""]","[""8c3a9c93d97d18904c19d629d91ea96bfb53311c20dd0fda02c7754a01fbb683"", ""b175eb64d04569d7fc4d8db687ef50efe4e5aeebbc986c67c0d6f1828680af9e""]","[""cuboctahedron"", ""decagon_ring""]","[1.0, 1.0]","[1.0, 1.0]",1,"[1, 1]",1.0000000000009104,False,0.007438521870519743,0.007438521870519743,"[0.5407375734318908, 0.5707777900373949]",-0.0374936788350011,2,"[null, null]",0.0004692169901665891,locked,829,ok,True,1.1115153634692856,Dimer_Synthesis,dimer
"[1.6158626604039799, 1.53875936318875]",-9.10320147423699e-13,1.0021527765336962,0.9338538715114484,0.9076523140248463,0.9991146135708446,0.999091234742169,0.006402247624097117,0.006402247624097117,"[""species"", ""species""]","[""46ad5012574a01eed9636c4c923a7971157c1a73389a7a78d590415222e35e84"", ""049614510a3302e7d87b52af87849a2111bb7b25b101c32e405b94abf5d6548d""]","[""decagon_ring"", ""bipartite_4_8""]","[1.0, 1.0]","[1.0, 1.0]",1,"[1, 1]",1.0000000000009104,False,0.006402247624097024,0.006402247624097024,"[0.5166027474326061, 0.49195227672518704]",0.6220989640482463,2,"[null, null]",0.000363604819759473,locked,830,ok,True,1.0085550241577932,Dimer_Synthesis,dimer
"[1.331276717437974, 1.3032014586758611]",-9.10320147423699e-13,0.8368609545401365,0.9444359007397857,0.9160122314972439,0.9999522981920639,0.9997951961773491,0.005400394262485106,0.005400394262485106,"[""species"", ""species""]","[""2c5e3f51a49f4814cdcc47607221ea71beca492dc07964772ad2521521c1d7e8"", ""e1407ffcd6524691d48eb65829c7846f39fc3a4325fe5c638cd1a6255d697de4""]","[""bilayer_hex_6_6"", ""bipartite_4_4""]","[1.0, 1.0]","[1.0, 1.0]",1,"[1, 1]",1.0000000000009104,False,0.005400394262485064,0.005400394262485064,"[0.42561860402763274, 0.4166427447749888]",0.1708989535227774,2,"[null, null]",0.0002660394125895575,locked,831,ok,True,0.8422613488026216,Dimer_Synthesis,dimer
"[1.7990485183115696, 1.3440899582178427]",-9.10320147423699e-13,0.9986753602861179,0.9029290577379231,0.9159365209273092,0.9635915233220441,0.966210230688303,0.006208292468304745,0.006208292468304745,"[""species"", ""species""]","[""454e7ee127b5213686067ce653a8cf72cd1f2ec5d18599ee751121d9172abeba"", ""d3be70e3216af352af5dd5c964ad8d9481abc0785a48f4654bb235726c155708""]","[""bilayer_hex_3_3"", ""grid_3x4""]","[1.0, 1.0]","[1.0, 1.0]",1,"[1, 1]",1.0000000000009104,False,0.006208292468304788,0.006208292468304788,"[0.5751685648159972, 0.42971508793842544]",0.4799107701493873,2,"[null, null]",0.0003270911786882132,locked,832,ok,True,1.0048836527544227,Dimer_Synthesis,dimer
"[1.2182768628002532, 0.00407478137197516]",-9.10320147423699e-13,0.38931308459613057,0.5673464567491425,0.9993705464473904,0.5418757535421482,0.6159615502634209,0.0014814013351573344,0.0014814013351573344,"[""species"", ""species""]","[""91a41b338904a8e56532444748592a22c8916717a517931d215255b7d446e045"", ""5f4ee0d2beef70fa4398ab3e852098e789c24b0f30d1d7076f3297ba685e9c6e""]","[""trimer_chain"", ""trimer_triangle""]","[1.0, 1.0]","[1.0, 1.0]",1,"[1, 1]",1.0000000000009104,False,0.0014814013351573396,0.0014814013351573396,"[0.38949174944041354, 0.00130273649087435]",0.6144533664861475,2,"[null, null]",2.7094696950975203,no_lock,833,fail,False,0.3907944859312879,Dimer_Synthesis,dimer
"[0.5789282744132642, 0.7915417801554887]",-9.10320147423699e-13,0.43510169715174557,0.9314758256204628,0.9994527496069641,0.9941051374512462,0.9929409931812956,0.003047294599402473,0.003047294599402473,"[""species"", ""species""]","[""bbae90b085a6c931cf20c1dd055b53f30c065bb3d89a040046462e14baa0a143"", ""7bd08a81daca5949f9dc3bc80f7dac423b6e532a59b6af298badb6e1ffa5a43b""]","[""pentagon_ring"", ""star_4""]","[1.0, 1.0]","[1.0, 1.0]",1,"[1, 1]",1.0000000000009104,False,0.0030472945994024503,0.0030472945994024503,"[0.1850874733707495, 0.25306151838039853]",-0.03934022196027542,2,"[null, null]",0.00027226110119911873,locked,834,ok,True,0.438148991751148,Dimer_Synthesis,dimer
"[1.1392436960874899, 1.642490831294415]",-9.10320147423699e-13,0.8838119580137491,0.8929495419866113,0.9277017521888147,0.9572303678350041,0.9574671322752775,0.005528290194201086,0.005528290194201086,"[""species"", ""species""]","[""836cb0ad25c057a1a9f0c54c2400512147eeb9f88fd9f353fd4f27412d767ed0"", ""87989f0325214fc0ab128081251edf689948608eca10459134300541309cfd91""]","[""hexagon_with_center"", ""prism_square""]","[1.0, 1.0]","[1.0, 1.0]",1,"[1, 1]",1.0000000000009104,False,0.005528290194201091,0.005528290194201091,"[0.3642242857737272, 0.5251159624342231]",0.20672659193413068,2,"[null, null]",0.00011929081840472389,locked,835,ok,True,0.8893402482079502,Dimer_Synthesis,dimer
"[1.5900549232311016, 0.5172346288607083]",-9.10320147423699e-13,0.6731648626778761,0.45768630170939345,0.9992142978593808,0.11683158503408982,0.5910369693038298,0.0005505457680914412,0.0005505457680914412,"[""species"", ""species""]","[""665c60fedd664c0d5181c8a84a66fd672deb22322e5425b50aab8a0bdcb11d91"", ""e788a4c45a1e82017448afe1b4f87423f94dbb87a1efd8a93dca9640c3b842ff""]","[""diatomic_prism_12"", ""honeycomb_7""]","[1.0, 1.0]","[1.0, 1.0]",1,"[1, 1]",1.0000000000009104,False,0.0005505457680914372,0.0005505457680914372,"[0.5083518309065728, 0.16536357753939476]",-0.05908569923759566,2,"[null, null]",2.53011051652891,no_lock,836,fail,False,0.6737154084459676,Dimer_Synthesis,dimer
"[0.7009701024066256, 1.034426946048205]",-9.10320147423699e-13,0.5514435508697726,0.9311395073160547,0.8864132664749688,0.9804208427086742,0.9814069076868801,0.0033751878057441667,0.0033751878057441667,"[""species"", ""species""]","[""108d6d7d48677ff137b4e31f1fbaefddfafa982d73ed291c49eb082caf41dad2"", ""a3670468ca60a4e9ed7f8159f6324346d336fa7e6775a99e0fb068215b5b448d""]","[""truncated_tetrahedron"", ""bipartite_1_n""]","[1.0, 1.0]","[1.0, 1.0]",1,"[1, 1]",1.0000000000009104,False,0.0033751878057441953,0.0033751878057441953,"[0.22410511093860175, 0.33071362773691504]",0.2918552255489506,2,"[null, null]",0.0006374107248682577,locked,837,ok,True,0.5548187386755168,Dimer_Synthesis,dimer
"[1.4718910809202972, 1.9608712928705065]",-9.10320147423699e-13,1.090739737611528,0.910225118961622,0.9157970720266447,0.9578216402896442,0.9596083098408557,0.00673872825032006,0.00673872825032006,"[""species"", ""species""]","[""4b8c46fc00e7ecdb06823d0e9215af06428498c575a68c923976a1b1a50fd6e5"", ""0d3765cafa56d4742b701b346959b92b0fa5324577805f4eaf5477eddf5b065f""]","[""bipartite_3_3"", ""star_4""]","[1.0, 1.0]","[1.0, 1.0]",1,"[1, 1]",1.0000000000009104,False,0.006738728250319959,0.006738728250319959,"[0.470574012852597, 0.626904453009251]",0.8144522266596959,2,"[null, null]",0.00021305728143452144,locked,838,ok,True,1.097478465861848,Dimer_Synthesis,dimer
"[2.415468069869061, 1.5155044952316243]",-9.10320147423699e-13,1.25046938345694,0.79727912008633,0.9995260197732114,0.7153765421419883,0.7335509675537104,0.006290412394464496,0.006290412394464496,"[""species"", ""species""]","[""e2c1d902f5fdd2286dfb8ccdd3cb61dd234f9dce07ba8ab6ae395d7a3bdaae96"", ""85104c79cbe818c0fbb6795a051c631c5aa062f48e824b97ca6dce2319be4718""]","[""star_4"", ""trilayer_4_4_4""]","[1.0, 1.0]","[1.0, 1.0]",1,"[1, 1]",1.0000000000009104,False,0.006290412394464484,0.006290412394464484,"[0.7722422652666043, 0.4845175305848003]",0.7781394806568727,2,"[null, null]",0.001951780544314057,no_lock,839,fail,False,1.2567597958514045,Dimer_Synthesis,dimer
"[0.5716243050487035, 1.237800913151169]",-9.10320147423699e-13,0.5747975103342567,0.9103824591802494,0.9995382640651136,0.9113104802907996,0.9167771362362194,0.003688558996784164,0.003688558996784164,"[""species"", ""species""]","[""f288e5f9ac56e5eb414c8125d0aecff6ae6ad6ecf8f73ba9ea5317078c98b93d"", ""b127714383c36b338c26a3b8c9ee10b67e04ac03419a466bae512fb9e901ea1f""]","[""ladder_4"", ""bipartite_1_n""]","[1.0, 1.0]","[1.0, 1.0]",1,"[1, 1]",1.0000000000009104,False,0.003688558996784219,0.003688558996784219,"[0.18275234258682985, 0.3957337267442111]",0.1845738638221608,2,"[null, null]",0.0003341936392447308,locked,840,ok,True,0.578486069331041,Dimer_Synthesis,dimer
"[0.5778151919740864, 0.8144882580300606]",-9.10320147423699e-13,0.44268748021324006,0.9317162155192311,0.7911221144306857,0.9905647374273108,0.9904927679046895,0.0024418028362334625,0.0024418028362334625,"[""species"", ""species""]","[""00b7333d3d5b32fecf6bb14d87c2bc38bbabf893eac9dc6f34c50660b57a66cc"", ""563dfb9f3d92bc4739cf3d11ad053e6e6f454fc000d5355ca6a121f6c452419a""]","[""hexamer_chain"", ""octamer_chain""]","[1.0, 1.0]","[1.0, 1.0]",1,"[1, 1]",1.0000000000009104,False,0.0024418028362334643,0.0024418028362334643,"[0.18473161302426774, 0.2603976700252058]",0.43900279439045686,2,"[null, null]",0.0002623804649215037,locked,841,ok,True,0.4451292830494735,Dimer_Synthesis,dimer
"[1.3995247834774058, 1.0423571444216129]",-9.10320147423699e-13,0.7757752100678186,0.9262714831198864,0.9160153805305715,0.981202788781368,0.9795315006329453,0.004911752859637337,0.004911752859637337,"[""species"", ""species""]","[""26cf7afa73e88678ea984e99802fdf0f6a275a3cd94da2fe700fbceb89bb595b"", ""91c451cea01edf76e6ed121303161de28957540fd34294a9e22c96ea544ad9e4""]","[""dodecamer_chain"", ""bilayer_hex_6_6""]","[1.0, 1.0]","[1.0, 1.0]",1,"[1, 1]",1.0000000000009104,False,0.004911752859637297,0.004911752859637297,"[0.44743799455313554, 0.33324896837432033]",0.7964726008713814,2,"[null, null]",0.00022797115612949035,locked,842,ok,True,0.7806869629274559,Dimer_Synthesis,dimer
"[1.547984536914885, 0.4865439760381541]",-9.10320147423699e-13,0.6494508367950298,0.5220645600682193,0.9159387472702967,0.2403474859990797,0.6195372772684519,0.0010023516329673709,0.0010023516329673709,"[""species"", ""species""]","[""9813f902727b14f1937a23b84a2627d3b0757a8242e2794801534170548f9db7"", ""65f67260da81ac82f73c1b6f07067901cbad404d27857cdff1cf95d789e96272""]","[""bipartite_2_4"", ""octahedron""]","[1.0, 1.0]","[1.0, 1.0]",1,"[1, 1]",1.0000000000009104,False,0.0010023516329673576,0.0010023516329673576,"[0.49490163016298044, 0.15555155826501665]",0.16818195398094704,2,"[null, null]",1.4966139268394865,no_lock,843,fail,False,0.6504531884279972,Dimer_Synthesis,dimer
"[2.0760199823215864, 1.641262078863322]",-9.10320147423699e-13,1.1804140721073586,0.922654423146863,0.9989624360856224,0.9659340551897216,0.9687080261304057,0.008027354783438214,0.008027354783438214,"[""species"", ""species""]","[""45e8ce3a0fb0a0f909b5f4f82e6d90b13bb031dbda9d4dce405d95e78342e731"", ""4b010678afa94406fff4a0792fd845f1757c03a431aeeeeab567427c5f3f9a38""]","[""bipartite_2_4"", ""bilayer_hex_6_6""]","[1.0, 1.0]","[1.0, 1.0]",1,"[1, 1]",1.0000000000009104,False,0.00802735478343819,0.00802735478343819,"[0.663718305319459, 0.5247231215713378]",0.3508757772638792,2,"[null, null]",0.00042561375740723045,locked,844,ok,True,1.1884414268907968,Dimer_Synthesis,dimer
"[0.09563658210082616, 1.8527410214872027]",-9.10320147423699e-13,0.6219323665748813,0.6448772858408612,0.9280530986932694,0.24162307437448383,0.5732998271188459,0.0009777654026035915,0.0009777654026035915,"[""species"", ""species""]","[""902dd978498417e6764d502172ce1d13f3348f89181bf405d6cd120eb0870851"", ""ec402cdda324309986d729acd78ba5175b9503b84cb1397ebdc3807e1376689a""]","[""honeycomb_7"", ""bipartite_4_4""]","[1.0, 1.0]","[1.0, 1.0]",1,"[1, 1]",1.0000000000009104,False,0.0009777654026036364,0.0009777654026036364,"[0.030575693268386335, 0.5923344387090985]",0.41428836598281615,2,"[null, null]",3.519070470128714,no_lock,845,fail,False,0.6229101319774849,Dimer_Synthesis,dimer
"[0.7420110725842608, 1.5744047550259577]",-9.10320147423699e-13,0.7362650484185695,0.8742823075822949,0.9989985219921964,0.8321401957213889,0.8319449105903034,0.0043095128134078365,0.0043095128134078365,"[""species"", ""species""]","[""86ba90a67cf034e0aad6803accd042ed59bde1a91195771c3b9d868a607c3caa"", ""a8be395769db873891337c70b26911dbc04488f0484193a6746f09ad706cbb7b""]","[""octamer_chain"", ""dodecamer_chain""]","[1.0, 1.0]","[1.0, 1.0]",1,"[1, 1]",1.0000000000009104,False,0.004309512813407856,0.004309512813407856,"[0.237226200045126, 0.5033483611868513]",0.6568431214965098,2,"[null, null]",0.0007441472449037194,no_lock,846,fail,False,0.7405745612319774,Dimer_Synthesis,dimer
"[1.3955194699314515, 1.0095449192035935]",-9.10320147423699e-13,0.7639929324726057,0.9435161504271166,0.9368218865601897,0.9763682316359363,0.9761343237861617,0.004923202311312293,0.004923202311312293,"[""species"", ""species""]","[""7e41da014b4a7fd7d5993cdfa584daa100d67d4a4192993d19cc8f1e2fecaa3b"", ""61a99db41de68a865b35aeb5a6b5e4a1c87960a4a34abe141e0a3102bb92d86c""]","[""octamer_chain"", ""bipartite_4_4""]","[1.0, 1.0]","[1.0, 1.0]",1,"[1, 1]",1.0000000000009104,False,0.004923202311312269,0.004923202311312269,"[0.44615746741869966, 0.32275866736521824]",-0.9002317041019963,2,"[null, null]",0.000378948149603186,locked,847,ok,True,0.768916134783918,Dimer_Synthesis,dimer
"[1.4829282647949051, 2.193811355184667]",-9.10320147423699e-13,1.1681418446146776,0.8735152006168942,0.999159129587629,0.8925294414585226,0.8988020937536432,0.007337876416126473,0.007337876416126473,"[""species"", ""species""]","[""01ea905bbc6159bdb4625eccdbae8c5eafa989ebc5934898961b47f43987331a"", ""8bc5b06cae50982b12a8c3e8739686967b35415f2b9eee5c2f7d1cbfedb148e6""]","[""honeycomb_7"", ""bilayer_hex_3_3""]","[1.0, 1.0]","[1.0, 1.0]",1,"[1, 1]",1.0000000000009104,False,0.0073378764161264876,0.0073378764161264876,"[0.47410267878025436, 0.7013770422505499]",0.5905941527113425,2,"[null, null]",0.00035413494172967675,no_lock,848,fail,False,1.1754797210308041,Dimer_Synthesis,dimer
"[1.1099242673202148, 0.5171308720096423]",-9.10320147423699e-13,0.5169780092166038,0.9160226947357503,0.9366594346755754,0.9391389338765169,0.9364804779279228,0.0032030530724420367,0.0032030530724420367,"[""species"", ""species""]","[""1ff7eabedb527617fed437564e7fa2a330f280bbd1d745eae2d9b86fc8146b8b"", ""12f0f38f8de416834b5ff3b026231e33312590d57f1374603d2c1e685db48071""]","[""hexagon_ring"", ""prism_square""]","[1.0, 1.0]","[1.0, 1.0]",1,"[1, 1]",1.0000000000009104,False,0.0032030530724420636,0.0032030530724420636,"[0.35485065655047243, 0.16533040573857338]",0.31907456050957406,2,"[null, null]",0.0003387242969940362,locked,849,ok,True,0.5201810622890458,Dimer_Synthesis,dimer
"[1.7405030607225918, 0.6077290800798532]",-9.10320147423699e-13,0.7463775381692729,0.5166689540651394,0.9994193756658043,0.8318315427256275,0.6166273070522811,0.004368923937108679,0.004368923937108679,"[""species"", ""species""]","[""a83f1be145b37f9258c7409716ddd2573196af75b3d1c7ec45677483b12a7090"", ""cf857eafcb60e36c28f63fe483341d1fd8aa3a274df17036ed8813a445b85d15""]","[""icosahedron"", ""trimer_triangle""]","[1.0, 1.0]","[1.0, 1.0]",1,"[1, 1]",1.0000000000009104,False,0.0043689239371086375,0.0043689239371086375,"[0.5564511669942023, 0.1942952951121793]",0.11523005394048735,2,"[null, null]",2.7077122160611578,no_lock,850,fail,False,0.7507464621063815,Dimer_Synthesis,dimer
"[1.2303461259608324, 1.1627906576562503]",-9.10320147423699e-13,0.7597543708938185,0.9188727696854642,0.9991085773305799,0.9995287743787705,0.999254074162432,0.0053484238508345544,0.0053484238508345544,"[""species"", ""species""]","[""33ce2713e8848355f1f127f551ed481ca89ce9859e04efc004ae1173f8dc8132"", ""5502df41462e9743f2c3289dbad18ea71880e236f360dc14e75539201131f658""]","[""trilayer_4_4_4"", ""trimer_chain""]","[1.0, 1.0]","[1.0, 1.0]",1,"[1, 1]",1.0000000000009104,False,0.0053484238508345605,0.0053484238508345605,"[0.3933503784322386, 0.37175241631241446]",0.023588568731944815,2,"[null, null]",0.00040634952259675756,locked,851,ok,True,0.765102794744653,Dimer_Synthesis,dimer
"[1.7644879587462758, 0.9185939712427856]",-9.10320147423699e-13,0.8534558133489256,0.861806089720716,0.8950622022778432,0.8083554215390025,0.8228722082572413,0.004344500121152697,0.004344500121152697,"[""species"", ""species""]","[""3fac99955acd06bda7329d50612d771e050dd5b236c0aed55b858134b36e24db"", ""7684dcbbeab167395075f95325936f669a57c34ac0a514b56642d3c70744ac2f""]","[""grid_3x4"", ""moebius_kantor""]","[1.0, 1.0]","[1.0, 1.0]",1,"[1, 1]",1.0000000000009104,False,0.004344500121152728,0.004344500121152728,"[0.5641193089220741, 0.2936810045480043]",0.7121294393492646,2,"[null, null]",0.00030985257819888536,no_lock,852,fail,False,0.8578003134700783,Dimer_Synthesis,dimer
"[0.8800278495202495, 1.2928164507568876]",-9.10320147423699e-13,0.6899484650104856,0.9290018513238374,0.9994849932859953,0.9722335962762833,0.9709848162624866,0.0047252611500121335,0.0047252611500121335,"[""species"", ""species""]","[""69aeebd5770b640433966e39a403f20c615dcf559c8077b311f7b03c33f92d26"", ""206473ca977993573129cc9f48bef0637addabb97dceb004eeb85e8112d14f97""]","[""decamer_chain"", ""double_triangle""]","[1.0, 1.0]","[1.0, 1.0]",1,"[1, 1]",1.0000000000009104,False,0.00472526115001215,0.00472526115001215,"[0.281351142036854, 0.4133225841236437]",0.48544461562038144,2,"[null, null]",0.00036733897663128337,locked,853,ok,True,0.6946737261604977,Dimer_Synthesis,dimer
"[0.7004369912985965, 0.30447840706752005]",-9.10320147423699e-13,0.31909118583186513,0.9042965293045331,0.9994443251885259,0.9731683765578941,0.9747824847478823,0.002187390902792311,0.002187390902792311,"[""species"", ""species""]","[""bf537f6cf66130db6afcf6d4210de95c72a4ce1078cb8926facfa60518616eb1"", ""b1529b3df9f76d8df4341ffc9580b737f4f6145a3cd2321e8111d426217dd17e""]","[""tetrahedron_k4"", ""pentagon_ring""]","[1.0, 1.0]","[1.0, 1.0]",1,"[1, 1]",1.0000000000009104,False,0.0021873909027922966,0.0021873909027922966,"[0.22393467153812335, 0.09734390519653405]",0.6203666610101481,2,"[null, null]",0.0001308540728988777,locked,854,ok,True,0.32127857673465743,Dimer_Synthesis,dimer
"[1.2942635536863278, 0.769735215085333]",-9.10320147423699e-13,0.6554744660637207,0.9016559345858072,0.9991540564457341,0.9534917539480561,0.9528047816371126,0.004400572065064348,0.004400572065064348,"[""species"", ""species""]","[""8512a47d1ca6b96fd96dbb6e3008b8670fba0806f07441fbf604a477bda2700e"", ""512c77ccff670d03e0c3d96253683fcda993dcac5ca7c50cfbe4aa340e624c2e""]","[""bilayer_hex_3_3"", ""complete_k6""]","[1.0, 1.0]","[1.0, 1.0]",1,"[1, 1]",1.0000000000009104,False,0.00440057206506439,0.00440057206506439,"[0.41378523318874416, 0.24608980494004098]",0.6159253345926774,2,"[null, null]",0.00023918920862301118,locked,855,ok,True,0.6598750381287851,Dimer_Synthesis,dimer
"[1.6514069790399508, 1.383742983744412]",-9.10320147423699e-13,0.9640170520720869,0.9334081771912327,0.9437661806203758,0.9892931893580096,0.9888167357482713,0.00634190730405744,0.00634190730405744,"[""species"", ""species""]","[""8076fe918e39138fd27fc29c05fae99d6410db92516bc5a83fdf4c7a0dc75b0a"", ""195498ace93eb52d5d3861c224e25bb69fd83ab0449a28cdfae8f9bffd47fae4""]","[""grid_3x3"", ""decamer_chain""]","[1.0, 1.0]","[1.0, 1.0]",1,"[1, 1]",1.0000000000009104,False,0.006341907304057481,0.006341907304057481,"[0.5279665180753239, 0.4423924413008205]",0.034388942289664604,2,"[null, null]",0.00029970542004958874,locked,856,ok,True,0.9703589593761444,Dimer_Synthesis,dimer
"[1.0727345870576104, 1.6627928864318444]",-9.10320147423699e-13,0.8688504008538966,0.9328861569959598,0.9991836718554785,0.9346326461224758,0.9370556669806968,0.005717124661372335,0.005717124661372335,"[""species"", ""species""]","[""aa2fdd4af7443e11e3a52e2c01b716c31009c6822757ccd1d1d3f578f39c363c"", ""5a0c3a00973a19b853b75711a2261ef146bba3840f649c14f7dd427bcde5d6c6""]","[""bilayer_square_4_4"", ""complete_k6""]","[1.0, 1.0]","[1.0, 1.0]",1,"[1, 1]",1.0000000000009104,False,0.005717124661372308,0.005717124661372308,"[0.3429608521316994, 0.5316066733835696]",0.7125128229901024,2,"[null, null]",0.0002828344304866825,locked,857,ok,True,0.874567525515269,Dimer_Synthesis,dimer
"[1.1586312374150838, 1.2689755677516954]",-9.10320147423699e-13,0.7713805125817923,0.9407022114812061,0.8744318185677135,0.998300290197828,0.9979579674094452,0.0047425924113706705,0.0047425924113706705,"[""species"", ""species""]","[""cdc28956c24c23208b3afeb878ff9728414d2d4bed741bdb85c4f35d6f014f0c"", ""5bfefcf4da7de278210ee1126ea04e45b55a5a12470b2f3ad3fdc7424bf7e4cf""]","[""grid_3x3"", ""moebius_kantor""]","[1.0, 1.0]","[1.0, 1.0]",1,"[1, 1]",1.0000000000009104,False,0.00474259241137065,0.00474259241137065,"[0.370422620175052, 0.4057004848181109]",0.6422055423187432,2,"[null, null]",0.00034178063087531756,locked,858,ok,True,0.776123104993163,Dimer_Synthesis,dimer
"[1.7440092438939074, 2.1479858998006183]",-9.10320147423699e-13,1.2358283953690472,0.9266026970303624,0.9991938466207966,0.9732249745529371,0.9736335082735538,0.008470042546636247,0.008470042546636247,"[""species"", ""species""]","[""0c03d71bb3664376f15e1def798d854f1cb7e13f645201b5ed006e728074a5d4"", ""089ffa04b52811d51c5fed1bdae04f8b37c61c3528468538e5661520bdb68674""]","[""icosahedron"", ""moebius_kantor""]","[1.0, 1.0]","[1.0, 1.0]",1,"[1, 1]",1.0000000000009104,False,0.008470042546636192,0.008470042546636192,"[0.5575721186095152, 0.6867263193061682]",0.20080643218954453,2,"[null, null]",0.0005012643504830976,locked,859,ok,True,1.2442984379156834,Dimer_Synthesis,dimer
"[1.3494130265416229, 1.5224352185519772]",-9.10320147423699e-13,0.9121599596080745,0.921179073033507,0.936979693811376,0.9947303434688551,0.9955175017531885,0.005990282971296829,0.005990282971296829,"[""species"", ""species""]","[""1f99c9d0c036b231cd1c272a143b06a06f3277410bc89d7f3881fabcbccfa280"", ""696d1fba200c157447dc2417aa6894f9909602d4f321e0cfdc99e1133d581b13""]","[""moebius_kantor"", ""octahedron""]","[1.0, 1.0]","[1.0, 1.0]",1,"[1, 1]",1.0000000000009104,False,0.005990282971296779,0.005990282971296779,"[0.43141691061693754, 0.4867333319624337]",0.04342292814015081,2,"[null, null]",0.0003735293575218773,locked,860,ok,True,0.9181502425793713,Dimer_Synthesis,dimer
"[1.3891939631613544, 1.2781391205775638]",-9.10320147423699e-13,0.847116075134036,0.9399011173878186,0.9491367542104239,0.9970849952158227,0.9977842188895037,0.005649220545802837,0.005649220545802837,"[""species"", ""species""]","[""c0967178108b48282e3d070c0e3a2de492e016130b0c8ade4236685d68dc6ce5"", ""023b628bd0a3cd42ea843756eb684666b071899e110dab0237bedc9c574d4e90""]","[""octahedron"", ""decagon_ring""]","[1.0, 1.0]","[1.0, 1.0]",1,"[1, 1]",1.0000000000009104,False,0.005649220545802858,0.005649220545802858,"[0.44413515806258225, 0.40863013761725653]",0.537270192900446,2,"[null, null]",0.0004923524082540295,locked,861,ok,True,0.8527652956798388,Dimer_Synthesis,dimer
"[0.5219820937070343, 0.7384073926096971]",-9.10320147423699e-13,0.4001525743189466,0.9252970447993137,0.9988616942767994,0.9948187789299267,0.9925810647451305,0.002802879397403736,0.002802879397403736,"[""species"", ""species""]","[""d50286febc52bd0525fba9d06e29d84ca2e23e8621082145b07324dfde300869"", ""ebbd60f8976bfb8b48ac76962fef4ff641475693a73ada17b7808bca8187720e""]","[""pentamer_chain"", ""double_triangle""]","[1.0, 1.0]","[1.0, 1.0]",1,"[1, 1]",1.0000000000009104,False,0.002802879397403757,0.002802879397403757,"[0.1668813757056935, 0.23607407801065683]",0.16755863441003138,2,"[null, null]",0.00034736893854536434,locked,862,ok,True,0.40295545371635033,Dimer_Synthesis,dimer
"[1.0023373447052928, 1.0865085913458432]",-9.10320147423699e-13,0.6631502029092936,0.922711138088492,0.9992913841009043,0.9994073225227134,0.9990286199467813,0.0046686507410936915,0.0046686507410936915,"[""species"", ""species""]","[""964aa65a01689946c27f61d3d841155f45cb1c6e482e7a3ce6fae636383a3e28"", ""6674b48749830bad75de30844afdefb4b2c602534022b068a61a5f15df517a9e""]","[""bipartite_2_4"", ""cuboctahedron""]","[1.0, 1.0]","[1.0, 1.0]",1,"[1, 1]",1.0000000000009104,False,0.004668650741093683,0.004668650741093683,"[0.3204543547033882, 0.34736449894699906]",0.16797441577508776,2,"[null, null]",0.00024108061549330318,locked,863,ok,True,0.6678188536503873,Dimer_Synthesis,dimer
"[1.7370672509341105, 0.7882681703554543]",-9.10320147423699e-13,0.8037118029780331,0.5152193845394661,0.9575634359769107,0.6755375029259515,0.6366999961606717,0.0036558333908317127,0.0036558333908317127,"[""species"", ""species""]","[""30b52375a45807be757404e59e986010ae31446d7e6d115b5435e1f7cf41e169"", ""fbef52b4351dea4d3fe6d5ad179cdcacc89b3253c299f84e4e465fc63061297c""]","[""prism_triangular"", ""cuboctahedron""]","[1.0, 1.0]","[1.0, 1.0]",1,"[1, 1]",1.0000000000009104,False,0.003655833390831753,0.003655833390831753,"[0.5553527142482607, 0.2520149221206042]",0.7478336016068394,2,"[null, null]",1.6871180787969469,no_lock,864,fail,False,0.8073676363688649,Dimer_Synthesis,dimer
"[0.9837646334939278, 1.8180955738996]",-9.10320147423699e-13,0.8909195832675849,0.8760629019100508,0.936872802057815,0.8264388338921883,0.8291352036093784,0.00485498751166267,0.00485498751166267,"[""species"", ""species""]","[""8f4b44bba09d8aa9835df6d2da03bfe7be70e2f7dc246c2521513f3015587dab"", ""6df53ec41244e7bb1a1981e97e6441aa900164e683cb78b1d8632bbd8846aa27""]","[""octamer_chain"", ""prism_square""]","[1.0, 1.0]","[1.0, 1.0]",1,"[1, 1]",1.0000000000009104,False,0.0048549875116626895,0.0048549875116626895,"[0.3145165272665782, 0.5812580435126694]",0.7203018742258341,2,"[null, null]",0.0002385219727180567,no_lock,865,fail,False,0.8957745707792476,Dimer_Synthesis,dimer
"[1.127913983230874, 1.7924353828100428]",-9.10320147423699e-13,0.9280486665626555,0.8988688514402273,0.9368929554994976,0.9158236761266233,0.9142950141644468,0.005607728209551664,0.005607728209551664,"[""species"", ""species""]","[""3cd7c1bdb4302575405ba6600ff3521e4c6c00cd9aa2281cb884f4421a67eff2"", ""2208b02bf6cb7028671f1e11eee0bced48e8057802185eb4658f0f14d6462ae1""]","[""moebius_kantor"", ""ladder_4""]","[1.0, 1.0]","[1.0, 1.0]",1,"[1, 1]",1.0000000000009104,False,0.005607728209551688,0.005607728209551688,"[0.3606020962567747, 0.5730542985154325]",0.6084870823083081,2,"[null, null]",0.0003524548322933663,locked,866,ok,True,0.9336563947722072,Dimer_Synthesis,dimer
"[1.0846714304371006, 1.0014804370806256]",-9.10320147423699e-13,0.6622986916052012,0.9159489252590821,0.9993651397331532,0.9985233688475273,0.9988525008911806,0.004658849236717857,0.004658849236717857,"[""species"", ""species""]","[""a20d4051ff4d587ad13fbb274e309777d965c53990fb04fcb8d9783594369cd8"", ""0b2c638a6f5df5f4106005eb7cd143351768f62ef5e9236b80893a7dff1050b4""]","[""bipartite_4_8"", ""decamer_chain""]","[1.0, 1.0]","[1.0, 1.0]",1,"[1, 1]",1.0000000000009104,False,0.004658849236717888,0.004658849236717888,"[0.34677714558078226, 0.32018039526113684]",0.06590718845070864,2,"[null, null]",0.00014206734695362198,locked,867,ok,True,0.666957540841919,Dimer_Synthesis,dimer
"[1.3437589020648975, 1.198915350177241]",-9.10320147423699e-13,0.8079498604174147,0.9206503290331499,0.8742728341509963,0.9972223185437481,0.9967930839291153,0.004961123122508446,0.004961123122508446,"[""species"", ""species""]","[""deb599237daa0172ab05ded4e5e2bb588a8de804df876db436e3514592ba4a42"", ""15f02ab0a258f111bdecfc8cc422532ec47eb2fe9a6778b445380fd40f214d88""]","[""diatomic_prism_12"", ""bipartite_2_4""]","[1.0, 1.0]","[1.0, 1.0]",1,"[1, 1]",1.0000000000009104,False,0.004961123122508404,0.004961123122508404,"[0.42960924693946134, 0.3833017366004618]",0.05895121989441565,2,"[null, null]",0.00032238379634005714,locked,868,ok,True,0.8129109835399231,Dimer_Synthesis,dimer
"[1.3649297846677506, 1.3359886430691041]",-9.10320147423699e-13,0.8574634031298851,0.9231073707368268,0.9994820655434529,0.9996650440348644,0.9997730637975387,0.0060393651136587565,0.0060393651136587565,"[""species"", ""species""]","[""38ca45a051400c46f6a05a162288e17f1258e4dde636b75c6c58208dc85d2de7"", ""4028614bc39712ae09627d6ccca9cbfc950dd2f13821821ebe4a94f00cdeea36""]","[""bilayer_hex_6_6"", ""cuboctahedron""]","[1.0, 1.0]","[1.0, 1.0]",1,"[1, 1]",1.0000000000009104,False,0.006039365113658768,0.006039365113658768,"[0.43637772818864917, 0.4271250400548947]",-0.08493344145341197,2,"[null, null]",0.00044499957073820286,locked,869,ok,True,0.8635027682435439,Dimer_Synthesis,dimer
"[1.393199672075115, 0.8504568989656626]",-9.10320147423699e-13,0.7131601008766555,0.9134109827510803,0.8741808343293709,0.9460936287917968,0.9474496705573522,0.004152810237402929,0.004152810237402929,"[""species"", ""species""]","[""d0a055cb0faf54dc81e034f795bf8c09232d7a3a9667055030e41da978447354"", ""5c84fcbb1dd8c605c6a0ab1b90ff685d0c1880d780c363d518f5f2b6b33c295b""]","[""bilayer_hex_6_6"", ""double_triangle""]","[1.0, 1.0]","[1.0, 1.0]",1,"[1, 1]",1.0000000000009104,False,0.004152810237402882,0.004152810237402882,"[0.4454158115989086, 0.2718970995151498]",0.3832062530578667,2,"[null, null]",0.0002327683116420565,locked,870,ok,True,0.7173129111140584,Dimer_Synthesis,dimer
"[0.7899257399413522, 1.6307540648682928]",-9.10320147423699e-13,0.7696448510410077,0.8496390578604562,0.9494037106424403,0.8289765366645931,0.8246800458631747,0.0042636428322550875,0.0042636428322550875,"[""species"", ""species""]","[""d2b51bc2412a89cecc8c7a1959c899d28bd2afc1f8386eea06fb0ca974814962"", ""fad36d55984db1522a537728d56752eb60655f3b1d025b340a70258cf8250e4c""]","[""petersen"", ""octamer_chain""]","[1.0, 1.0]","[1.0, 1.0]",1,"[1, 1]",1.0000000000009104,False,0.00426364283225511,0.00426364283225511,"[0.25254485886777894, 0.5213636350054838]",0.7139037761930106,2,"[null, null]",0.00039868662131323777,no_lock,871,fail,False,0.7739084938732628,Dimer_Synthesis,dimer
"[1.1300118683327929, 1.4646444320095533]",-9.10320147423699e-13,0.8238318672511998,0.9407759809578744,0.9990513457346435,0.98223541102977,0.9814107716146017,0.0056981455687412025,0.0056981455687412025,"[""species"", ""species""]","[""74aaa3c2dbae97dca98d95f7aa97e24a89ba52f6be92b4027feeb60a47d3cd7b"", ""32b4422510550764b027b1bfe0e72da9b785b20f55166ebd20bcf172d98f5713""]","[""octamer_chain"", ""pentamer_chain""]","[1.0, 1.0]","[1.0, 1.0]",1,"[1, 1]",1.0000000000009104,False,0.005698145568741153,0.005698145568741153,"[0.3612728049958319, 0.46825720782410907]",0.3571387228494417,2,"[null, null]",0.00019701340742415632,locked,872,ok,True,0.829530012819941,Dimer_Synthesis,dimer
"[1.3578400664005372, 0.8349148769699639]",-9.10320147423699e-13,0.6968144283904618,0.9158013863057458,0.8993101976333805,0.9573342192639366,0.9529246629879626,0.004224871514162374,0.004224871514162374,"[""species"", ""species""]","[""8869aecf0eefc921b9776512724605bf4425a3ca1d44526c10056b3cee6b2c1a"", ""acc339503d3c66d27834e8913d962af85b2ae54ba3bf70ce8e26ab3ae944a670""]","[""tetramer_chain"", ""bowtie""]","[1.0, 1.0]","[1.0, 1.0]",1,"[1, 1]",1.0000000000009104,False,0.004224871514162398,0.004224871514162398,"[0.4341110949993843, 0.26692820490523994]",0.5267744707178947,2,"[null, null]",0.00034490087669874293,locked,873,ok,True,0.7010392999046242,Dimer_Synthesis,dimer
"[1.320427125170164, 0.8422664002773355]",-9.10320147423699e-13,0.6867712323785851,0.9239362970377886,0.999195632968942,0.9630101337653075,0.9619482320045837,0.004657219109714027,0.004657219109714027,"[""species"", ""species""]","[""6dbad24fc34acab47d00bf6b374e27f4c022ee88d1d60c84f8a6920a3c6c1804"", ""ff2e690aaeeff6e2fb6c0eb443f53afb69919269e6e1f5c69fe6a8219c7556d0""]","[""icosahedron"", ""star_6""]","[1.0, 1.0]","[1.0, 1.0]",1,"[1, 1]",1.0000000000009104,False,0.004657219109714061,0.004657219109714061,"[0.42214991246651146, 0.2692785390217876]",0.6854203897875124,2,"[null, null]",0.0003247062945693405,locked,874,ok,True,0.6914284514882991,Dimer_Synthesis,dimer
"[1.7862493395435044, 1.6234771848592653]",-9.10320147423699e-13,1.0825125155561226,0.9365104702387311,0.9994278628739394,0.9966951282344526,0.9960465339261162,0.007601225954506903,0.007601225954506903,"[""species"", ""species""]","[""1f2519c3dacf4f1275e7051fe9b8658093246e9b49ed33d09a765725cf77ff9d"", ""7ece820132c4a6f8468f0c5c9b905b81dee3f57163b15d59f5af7d676be00812""]","[""bilayer_square_4_4"", ""cuboctahedron""]","[1.0, 1.0]","[1.0, 1.0]",1,"[1, 1]",1.0000000000009104,False,0.007601225954506852,0.007601225954506852,"[0.5710765766300641, 0.5190371648805654]",0.24682164080097624,2,"[null, null]",0.00027101059336236203,locked,875,ok,True,1.0901137415106295,Dimer_Synthesis,dimer
"[1.3734586822356671, 1.6670722154337902]",-9.10320147423699e-13,0.965930059868808,0.9429585236927044,0.915893981535153,0.98667762013297,0.9860274736741234,0.006149222535718589,0.006149222535718589,"[""species"", ""species""]","[""1729ae20f708e89857195fe74de63403ecf14f44db5d3ac5638a3d65c35d6ed8"", ""224d1b84d94b0961efb3134018315f887f9ebba806a48a6a8b76e31da644720a""]","[""star_6"", ""hexamer_chain""]","[1.0, 1.0]","[1.0, 1.0]",1,"[1, 1]",1.0000000000009104,False,0.00614922253571859,0.00614922253571859,"[0.43910447720273643, 0.5329748052017901]",0.22237305029228438,2,"[null, null]",0.00030319453391681095,locked,876,ok,True,0.9720792824045266,Dimer_Synthesis,dimer
"[1.7048315706657642, 1.6773187708487196]",-9.10320147423699e-13,1.0737351055446154,0.9149554054697452,0.9991644142299868,0.9999441133747644,0.9999092171831654,0.00756233480819731,0.00756233480819731,"[""species"", ""species""]","[""2d2f73385512d23ff83ca7dddd6bf9d584a20473ae2e442de09796a33128d203"", ""bce676016f9160fe76bb4f6afa2d076ac50077fd7136f6023b119c595fca66f0""]","[""wheel_5"", ""star_6""]","[1.0, 1.0]","[1.0, 1.0]",1,"[1, 1]",1.0000000000009104,False,0.007562334808197235,0.007562334808197235,"[0.5450467387467145, 0.5362507016060981]",-0.11877577376029902,2,"[null, null]",0.0002459244191882401,locked,877,ok,True,1.0812974403528126,Dimer_Synthesis,dimer
"[0.9587634963824272, 1.6694388956272879]",-9.10320147423699e-13,0.8354425077757316,0.8943649777560407,0.9158245697544138,0.893393676863453,0.8966057476571325,0.004812428359570827,0.004812428359570827,"[""species"", ""species""]","[""3998f655ec123c3541a9efb4aa417e3fa15cb432ceeb3e956cee60d4547ffaee"", ""64cc27c256629a733f47d42ba9a98c741b94014709b4dd20b868970628330cdf""]","[""bipartite_4_4"", ""prism_triangular""]","[1.0, 1.0]","[1.0, 1.0]",1,"[1, 1]",1.0000000000009104,False,0.004812428359570853,0.004812428359570853,"[0.30652348649818056, 0.5337314496371219]",0.2779550797291839,2,"[null, null]",0.0005123102125089396,no_lock,878,fail,False,0.8402549361353024,Dimer_Synthesis,dimer
"[1.2516795468899886, 1.1626289574744582]",-9.10320147423699e-13,0.7669280499366289,0.9303863774254864,0.9159727089087737,0.9988687087719051,0.9987750294098134,0.004943494017953811,0.004943494017953811,"[""species"", ""species""]","[""abfb98bb61e5821acb9596a561f04f394ac62d59e5d3e0a72c94fb480eafed86"", ""c386d572c06fda0c897393e791951853a94928f5cf91ca8df4db46dec9e3c20e""]","[""prism_triangular"", ""bipartite_3_3""]","[1.0, 1.0]","[1.0, 1.0]",1,"[1, 1]",1.0000000000009104,False,0.004943494017953798,0.004943494017953798,"[0.40017082433658485, 0.3717007196179978]",-0.06528549141648377,2,"[null, null]",0.00020406400072851138,locked,879,ok,True,0.7718715439545827,Dimer_Synthesis,dimer
"[1.8834987673390244, 1.4543959526355639]",-9.10320147423699e-13,1.0599102926626909,0.9370490155043797,0.9993191293297167,0.9696391508537663,0.9696379399437722,0.00723831175431787,0.00723831175431787,"[""species"", ""species""]","[""9ced4774990484739e21310957c6a27feb09b56fb333ce4a46e6014fcf9ff454"", ""5394e32096c810f38872a65d34b8ec49b6c45a17f0c1ff6e0a8bc63170ba22ce""]","[""bowtie"", ""dodecamer_chain""]","[1.0, 1.0]","[1.0, 1.0]",1,"[1, 1]",1.0000000000009104,False,0.007238311754317772,0.007238311754317772,"[0.6021679081005581, 0.46498069631645056]",0.09806000316145469,2,"[null, null]",0.0001207028841494243,locked,880,ok,True,1.0671486044170087,Dimer_Synthesis,dimer
"[1.1180683331055306, 1.0992998294045158]",-9.10320147423699e-13,0.7039499225895995,0.9337512193007248,0.9993066374027089,0.9998952246326451,0.9998342969943692,0.00495839795782543,0.00495839795782543,"[""species"", ""species""]","[""123f2d74c4eabe93900f8ff5b52b4a6f2668c500ae4e34306702aabbb969da2b"", ""ef17da8578c2bf5494af02a13bb798562e0ea59f7468573188378537d0d3dfed""]","[""star_4"", ""bilayer_hex_3_3""]","[1.0, 1.0]","[1.0, 1.0]",1,"[1, 1]",1.0000000000009104,False,0.004958397957825378,0.004958397957825378,"[0.35745437211557757, 0.3514539484318474]",-0.07773310610417083,2,"[null, null]",0.00041471354506286294,locked,881,ok,True,0.7089083205474249,Dimer_Synthesis,dimer
"[1.0919647940415136, 0.886360146843167]",-9.10320147423699e-13,0.6280860000583508,0.9224160601818192,0.9994811360479906,0.9939919039839071,0.993260670704298,0.0043985079504939425,0.0043985079504939425,"[""species"", ""species""]","[""5d8ae12d88505d3df018074b1d46be143803e9ef9dfe046ac559dd49bb8d86da"", ""c428290ae6e1d9f2a83565ef95b695af1313fd9bcf8ef14bb6b5ed9d8de7ac11""]","[""grid_3x3"", ""wheel_5""]","[1.0, 1.0]","[1.0, 1.0]",1,"[1, 1]",1.0000000000009104,False,0.004398507950493902,0.004398507950493902,"[0.34910888562799813, 0.28337562238084657]",-0.01984691865004584,2,"[null, null]",0.000339313017074977,locked,882,ok,True,0.6324845080088447,Dimer_Synthesis,dimer
"[0.8292169070893836, 1.1725905130189334]",-9.10320147423699e-13,0.6359099919577357,0.9166282856729824,0.9279603398800058,0.9819159073689736,0.9816738921868392,0.004082031126942774,0.004082031126942774,"[""species"", ""species""]","[""29963327a7c8bbf0e7b423c4fc3df48329e777eaaecbb68e98047e3bc660b059"", ""7141bbdb1bbfc1507fa045894007a83132c553ebfc7fece11e0b7297261c87ce""]","[""hexagon_with_center"", ""cube""]","[1.0, 1.0]","[1.0, 1.0]",1,"[1, 1]",1.0000000000009104,False,0.00408203112694272,0.00408203112694272,"[0.2651065235413299, 0.3748854995433485]",0.6076600999441777,2,"[null, null]",0.00033162361492344004,locked,883,ok,True,0.6399920230846784,Dimer_Synthesis,dimer
"[1.0401963191656227, 1.38378612290178]",-9.10320147423699e-13,0.769937515550054,0.9347736218241173,0.9436787634183678,0.9819568157810453,0.9796978724252192,0.005026854867013717,0.005026854867013717,"[""species"", ""species""]","[""bfd81aa4f94bd59a351a6e72016eae068185007e16aa1e6cd03092e695af0081"", ""686e2e2a966517c497bd272940d7c3ffbad28d0a0c4f5929b5ab76d43aef9ab6""]","[""nonamer_chain"", ""petersen""]","[1.0, 1.0]","[1.0, 1.0]",1,"[1, 1]",1.0000000000009104,False,0.005026854867013708,0.005026854867013708,"[0.3325581372218218, 0.4424062331952459]",0.36067356399066175,2,"[null, null]",0.00031895422970682006,locked,884,ok,True,0.7749643704170677,Dimer_Synthesis,dimer
"[0.5147620773397463, 0.8918198361858959]",-9.10320147423699e-13,0.4466252909579441,0.9323476117303118,0.9992768337363794,0.9756277494855156,0.9767468785734374,0.0030689180998304463,0.0030689180998304463,"[""species"", ""species""]","[""f25859242cfbfb69f1ba781783c99a9f8cae0d59b0eba00ce6859b0c5240ca6d"", ""61d83c5f544e7eba0b9ee6245020934a7de698cbbc72f4e07953e5f6c5bdbf04""]","[""prism_triangular"", ""pentamer_chain""]","[1.0, 1.0]","[1.0, 1.0]",1,"[1, 1]",1.0000000000009104,False,0.0030689180998304533,0.0030689180998304533,"[0.1645730852901474, 0.2851211237676272]",0.3460793958345906,2,"[null, null]",0.0002994708997240634,locked,885,ok,True,0.4496942090577746,Dimer_Synthesis,dimer
"[0.28582488979718934, 1.3852077496996624]",-9.10320147423699e-13,0.53148979065098,0.5388969312214282,0.9989419016979053,0.7364531874349004,0.5901551865434924,0.0027511901993421883,0.0027511901993421883,"[""species"", ""species""]","[""27810fc0b954e82bfbd3257e9d4625d0fc3e77797e2110866c829aa3e34726df"", ""c8cdc9e4b57cacb55779061d0d00ffe1a0c5ec6d47d1e0cda27c0d5a7c49c80b""]","[""dimer"", ""prism_square""]","[1.0, 1.0]","[1.0, 1.0]",1,"[1, 1]",1.0000000000009104,False,0.002751190199342224,0.002751190199342224,"[0.09138024348983602, 0.4428607373604862]",-0.11997976575340585,2,"[null, null]",2.742525621774619,no_lock,886,fail,False,0.5342409808503222,Dimer_Synthesis,dimer
"[2.9149369127108424, 1.5896206404620383]",-9.10320147423699e-13,1.438350392411696,0.5811160094876361,0.9993478085145833,0.17753817757763315,0.5391909328243534,0.0017885902884925747,0.0017885902884925747,"[""species"", ""species""]","[""264c4aeb55aa8b2fa02a6b1a49c040ff4f5841b96985b8f83fe33f30a327d66d"", ""d37fa5095f2e71a761ade17d4288b11f7d2a8c0f570827ea4707e389628d1cc6""]","[""dimer"", ""petersen""]","[1.0, 1.0]","[1.0, 1.0]",1,"[1, 1]",1.0000000000009104,False,0.001788590288492653,0.001788590288492653,"[0.9319259950735298, 0.5082129876266589]",0.5584412002741965,2,"[null, null]",3.6134646802129353,no_lock,887,fail,False,1.4401389827001887,Dimer_Synthesis,dimer
"[1.1038324622590854, 0.010094682796783732]",-9.10320147423699e-13,0.35581121428963713,0.4666699144444965,0.8120687304691063,0.1576704397901532,0.5678569735444706,0.0003191906494507136,0.0003191906494507136,"[""species"", ""species""]","[""1978146a5540ea7517b4bdfbb813115be69d536121fa930d9f6091242fae7e86"", ""c9b7c7bfa4a9a92e21515dfe55579c76396eadc7b7abf8cd824258363a219af4""]","[""cube"", ""tetramer_chain""]","[1.0, 1.0]","[1.0, 1.0]",1,"[1, 1]",1.0000000000009104,False,0.00031919064945074016,0.00031919064945074016,"[0.3529030632874308, 0.0032273416516570533]",-0.2391990499098644,2,"[null, null]",2.7116011540894887,no_lock,888,fail,False,0.3561304049390879,Dimer_Synthesis,dimer
"[0.8733537632307622, 1.8929573124140364]",-9.10320147423699e-13,0.8834445542969075,0.4397507078650801,0.874464107823355,0.1781977201426732,0.5711307918938127,0.0009647070533532128,0.0009647070533532128,"[""species"", ""species""]","[""fed14b503a7d30d7cdd62768179c59e6c1a42d42ded972edfc9fb87121234828"", ""fc2ddcc8b2c17b57bd4db3765fb826ea8b07a95a2c98d21d68b931bccc078051""]","[""star_4"", ""complete_k6""]","[1.0, 1.0]","[1.0, 1.0]",1,"[1, 1]",1.0000000000009104,False,0.0009647070533531643,0.0009647070533531643,"[0.27921738933729634, 0.6051918720129643]",0.6418219785005064,2,"[null, null]",2.0210695874851554,no_lock,889,fail,False,0.8844092613502607,Dimer_Synthesis,dimer
"[0.46853165346077896, 1.2661951060487222]",-9.10320147423699e-13,0.5514461645051603,0.9020402170930348,0.9575670310888716,0.8495712201573259,0.8533212540099642,0.0031582780428351903,0.0031582780428351903,"[""species"", ""species""]","[""32d0984fcf652b61a755b0ad69410c3530e4dda6c6e4b78315c9503061f06162"", ""1c16e010cfae6ffb420c9d23e437096a5389e88488c5f218d13b0fd2e7f867f5""]","[""bipartite_2_4"", ""grid_3x4""]","[1.0, 1.0]","[1.0, 1.0]",1,"[1, 1]",1.0000000000009104,False,0.003158278042835194,0.003158278042835194,"[0.14979289104710597, 0.4048115515008895]",0.8432358029082385,2,"[null, null]",0.00037249967480788935,no_lock,890,fail,False,0.5546044425479955,Dimer_Synthesis,dimer
"[1.865907231207391, 1.391108488038479]",-9.10320147423699e-13,1.0342674099219007,0.9428656727472718,0.9989489681564454,0.9645985209360619,0.9626822094767735,0.007023604608345217,0.007023604608345217,"[""species"", ""species""]","[""363d4f610cdeb678f8df1cf3d160e1ee6af4ac1dc66ceb9d18a0f6488bf55270"", ""234ac3e80929920774249814855f8b8a12b7e95eb7e2f75ff00119fed5dea56a""]","[""star_6"", ""heptamer_chain""]","[1.0, 1.0]","[1.0, 1.0]",1,"[1, 1]",1.0000000000009104,False,0.007023604608345169,0.007023604608345169,"[0.5965437692923194, 0.44474724523792636]",0.39921439505181433,2,"[null, null]",0.0004339192562660868,locked,891,ok,True,1.0412910145302459,Dimer_Synthesis,dimer
"[1.3576230474914757, 0.6526114094927645]",-9.10320147423699e-13,0.6391386838464164,0.9229736869162315,0.8743546452133517,0.9018629345249286,0.9024191391051131,0.0035475226670253854,0.0035475226670253854,"[""species"", ""species""]","[""cec04a963c95f920d74f2417b8b6fa9f83296b00fe196c2b4a2d51f769a4ffaf"", ""90bd7e7b61b9d5f4970119b44350bff8b0a629ac4769fed58e8c82b55a9064a1""]","[""cuboctahedron"", ""hexagon_ring""]","[1.0, 1.0]","[1.0, 1.0]",1,"[1, 1]",1.0000000000009104,False,0.0035475226670254045,0.0035475226670254045,"[0.4340417125157034, 0.20864449399773838]",-0.05025664431600685,2,"[null, null]",0.00033916369612549884,locked,892,ok,True,0.6426862065134418,Dimer_Synthesis,dimer
"[1.4027336289127235, 1.0490395279057618]",-9.10320147423699e-13,0.7784929503171675,0.9073730170781831,0.9993104688509005,0.9768650293157456,0.9797526146749874,0.005356308615076193,0.005356308615076193,"[""species"", ""species""]","[""5b0bf4c2dea52b48efb1319a0d6fb838868daee7385554ab69489f71226c96ca"", ""4b2f804986a50a1edf3ed863299d88650bf3868c5595ce6b13edefb04c10683b""]","[""bipartite_3_6"", ""bipartite_1_n""]","[1.0, 1.0]","[1.0, 1.0]",1,"[1, 1]",1.0000000000009104,False,0.0053563086150761885,0.0053563086150761885,"[0.4484638851864133, 0.33538537374583044]",0.23100711659302464,2,"[null, null]",0.0004112164405821346,locked,893,ok,True,0.7838492589322437,Dimer_Synthesis,dimer
"[1.7079206647650889, 1.3766302280310028]",-9.10320147423699e-13,0.9793642498755015,0.9246176843854135,0.9992292492822523,0.9841670183986319,0.982694802590242,0.00678853703014623,0.00678853703014623,"[""species"", ""species""]","[""0e4f2dfb96d46442c63b1da5f80d0dfe1e787f83ed91abcf8fb2bf74ef59f3d9"", ""d23762932d89c3a4c234686407d9d7b516f31ba33a4ceb3dc2b9407d0db54e6a""]","[""cube"", ""ladder_5""]","[1.0, 1.0]","[1.0, 1.0]",1,"[1, 1]",1.0000000000009104,False,0.006788537030146258,0.006788537030146258,"[0.5460343440289542, 0.44011844287669355]",0.294015139099958,2,"[null, null]",0.00021014666881489556,locked,894,ok,True,0.9861527869056478,Dimer_Synthesis,dimer
"[0.7677210415293707, 0.27220290239752826]",-9.10320147423699e-13,0.3303774771117017,0.9155079278102256,0.9370342819715948,0.9600241505832603,0.9586574469330152,0.002093579815423476,0.002093579815423476,"[""species"", ""species""]","[""11bc61890eb0fe940aab60b96198beadd2afa503df94e6dfe776655b1484b066"", ""446fc43303ff51c609b62ab00d07964ceb9a714c1a42fb4b09c7475f39d92c7e""]","[""ladder_4"", ""diatomic_prism_12""]","[1.0, 1.0]","[1.0, 1.0]",1,"[1, 1]",1.0000000000009104,False,0.002093579815423463,0.002093579815423463,"[0.24544585937565983, 0.0870251975514653]",-0.04342268080312528,2,"[null, null]",0.0002970002089247112,locked,895,ok,True,0.33247105692712514,Dimer_Synthesis,dimer
"[0.13180653331302347, 1.0274947153118241]",-9.10320147423699e-13,0.36872842949990564,0.8298175002429378,0.9992377511225838,0.7361282954861676,0.7461311082539118,0.0019083980086384586,0.0019083980086384586,"[""species"", ""species""]","[""a140ff221a53ac6dd07050f5e4c0692262ac57d0c7a54c2ea4e02c4d809213ae"", ""bf4835e828735a78e0008a79fe96304b50b3635055633a75ad213f57aafe3f29""]","[""prism_triangular"", ""honeycomb_7""]","[1.0, 1.0]","[1.0, 1.0]",1,"[1, 1]",1.0000000000009104,False,0.0019083980086384567,0.0019083980086384567,"[0.04213948308085277, 0.32849734442769135]",0.7911061708809635,2,"[null, null]",0.0016235495669692027,no_lock,896,fail,False,0.3706368275085441,Dimer_Synthesis,dimer
"[1.11166328963324, 0.8428321936440921]",-9.10320147423699e-13,0.6209073092048635,0.928976046049989,0.9159288489629175,0.9881243710794465,0.9882536357159518,0.003958752279133954,0.003958752279133954,"[""species"", ""species""]","[""e5bd9b9a1a352d4c4f09a4dcd152c63c5b6ad0cb0b30a2878af20c2676336ca7"", ""90d2d73fad517dd9c4eefe1d972ab9aa6fe587afa8b787ec2bf5decfab00f4fb""]","[""bipartite_4_8"", ""bilayer_hex_3_3""]","[1.0, 1.0]","[1.0, 1.0]",1,"[1, 1]",1.0000000000009104,False,0.0039587522791340035,0.0039587522791340035,"[0.3554066343119307, 0.2694594271720668]",0.9345886051913596,2,"[null, null]",0.00023502122359320433,locked,897,ok,True,0.6248660614839975,Dimer_Synthesis,dimer
"[1.642121582402547, 0.002369266915058762]",-9.10320147423699e-13,0.5221144223820524,0.6572740496425591,0.9988693397254712,0.9904338088027235,0.5474596065838025,0.003640959992375713,0.003640959992375713,"[""species"", ""species""]","[""d07f41d841cbcca513d46a207e646aacab21eaf2e7641d7ae54b2a732c6395a8"", ""b96bbf48804ddc93760f07193ec0dbd3a07ce7c5785ef87d1b99f578a1a3f132""]","[""trimer_triangle"", ""complete_k6""]","[1.0, 1.0]","[1.0, 1.0]",1,"[1, 1]",1.0000000000009104,False,0.003640959992375681,0.003640959992375681,"[0.5249979109458758, 0.0007574714285523055]",0.22188992688874687,2,"[null, null]",4.1065024836984065,no_lock,898,fail,False,0.5257553823744281,Dimer_Synthesis,dimer
"[1.3306325240365267, 0.9552483197956795]",-9.10320147423699e-13,0.7258352231024482,0.930508111104974,0.9992765846917752,0.9736114162099285,0.9781701795633431,0.004977087352233767,0.004977087352233767,"[""species"", ""species""]","[""e1f76c4be62d1f023d983fd2317607c58aca28f6a81c682f6752ca80fefef19b"", ""d2ad09f59c0f10b4f1cde91365b76d6ec1fb7a88457951ea9587c3e9c221a002""]","[""trimer_chain"", ""hexagon_with_center""]","[1.0, 1.0]","[1.0, 1.0]",1,"[1, 1]",1.0000000000009104,False,0.004977087352233789,0.004977087352233789,"[0.42541265083048263, 0.3053996596241994]",0.02188573649813952,2,"[null, null]",0.0005618260510654407,locked,899,ok,True,0.730812310454682,Dimer_Synthesis,dimer
"[0.9450743610020413, 0.23313645896297372]",-9.10320147423699e-13,0.37505046851046664,0.8987011804916452,0.6871158873179335,0.9007115184115734,0.8982943759128649,0.001631883006077767,0.001631883006077767,"[""species"", ""species""]","[""1eb8d6fb5da046da4256a8786cad8c51d2b511b27fe0d651c7e6b53e8f03b55d"", ""746a7bd3b33f7a6ee19a33fe16f57a8c1ca6b5cc45c74a3103afe1bd7f8a1746""]","[""octamer_chain"", ""square_ring""]","[1.0, 1.0]","[1.0, 1.0]",1,"[1, 1]",1.0000000000009104,False,0.00163188300607775,0.00163188300607775,"[0.302146972874358, 0.07453537864218637]",0.19685629529301918,2,"[null, null]",0.0005074188577670664,locked,900,ok,True,0.3766823515165444,Dimer_Synthesis,dimer
"[1.23460239052976, 1.462281966492726]",-9.10320147423699e-13,0.8567239887150145,0.9277199774329121,0.9160184911660505,0.992843941746724,0.9916906148510831,0.005489058523490907,0.005489058523490907,"[""species"", ""species""]","[""40928ca9a988b85c26be83f8e58e63592fb4af1531628366cd2a694ee26afa4f"", ""f1465a0e7bd352a718672c211da4b2011591946a60db488041afed3badded0ba""]","[""trimer_triangle"", ""hexamer_chain""]","[1.0, 1.0]","[1.0, 1.0]",1,"[1, 1]",1.0000000000009104,False,0.005489058523490908,0.005489058523490908,"[0.39471113638771876, 0.4675019108507867]",0.11863372433552499,2,"[null, null]",0.0004251194195751635,locked,901,ok,True,0.8622130472385054,Dimer_Synthesis,dimer
"[1.118981555774808, 1.2409151391027826]",-9.10320147423699e-13,0.7504879891346005,0.9395678765436173,0.7566307270002395,0.9979222067128847,0.9976256831207315,0.003987713599997561,0.003987713599997561,"[""species"", ""species""]","[""587b98cae4d1f9af1662e6a07d53357e2d0ff942fe1856cfb82a5ddfc1cfb93a"", ""4fef20eb2827ad7b33c74c6c35f5d10570c1b532f8dfdcba4de5a3cd3cdd6ce0""]","[""honeycomb_7"", ""star_5""]","[1.0, 1.0]","[1.0, 1.0]",1,"[1, 1]",1.0000000000009104,False,0.003987713599997611,0.003987713599997611,"[0.35774633587680993, 0.3967293668577882]",0.7479598149202162,2,"[null, null]",0.0004936085665595353,locked,902,ok,True,0.7544757027345981,Dimer_Synthesis,dimer
"[1.0909011206427228, 0.8090506169819887]",-9.10320147423699e-13,0.6032404752183552,0.9299504843705619,0.9992163474502491,0.9856189929890028,0.9877723480952104,0.004187564118163193,0.004187564118163193,"[""species"", ""species""]","[""157949f1992287b3288c1425ffe615402ed44dcd43ecf351591c75e770a5e256"", ""3a7cadec26e023bf440c284ca240de3d4c0dcb68e7464c05e40f33fdfabcbf23""]","[""decamer_chain"", ""octahedron""]","[1.0, 1.0]","[1.0, 1.0]",1,"[1, 1]",1.0000000000009104,False,0.004187564118163234,0.004187564118163234,"[0.3487688217019904, 0.25865921763452804]",-0.16952550493650964,2,"[null, null]",0.00024151162378833712,locked,903,ok,True,0.6074280393365185,Dimer_Synthesis,dimer
"[1.367087710120854, 1.3451488953924813]",-9.10320147423699e-13,0.8610566045986344,0.9352095148790419,0.9993753234730998,0.9997705457998973,0.9998579579449587,0.006064665314970219,0.006064665314970219,"[""species"", ""species""]","[""5ac604ddc3438ffc2efe0289c83f285630a991467566b9b0fc2ec0e72ad47a9d"", ""73067ed076b3bbaa4873d7bddbdb6dfa8e8f013b2b3519971083bda173feb674""]","[""trimer_chain"", ""cube""]","[1.0, 1.0]","[1.0, 1.0]",1,"[1, 1]",1.0000000000009104,False,0.006064665314970186,0.006064665314970186,"[0.43706763225360806, 0.4300536376599965]",-0.02437259894513555,2,"[null, null]",0.0003025129645243349,locked,904,ok,True,0.8671212699136046,Dimer_Synthesis,dimer
"[0.45562740488347014, 0.9936880395137181]",-9.10320147423699e-13,0.4605416635601896,0.8978413445229031,0.9163055401799411,0.9470819569695328,0.9504627591315982,0.002814758256568782,0.002814758256568782,"[""species"", ""species""]","[""eaa66dd5b4fde509419625a5977e77413fd285d29615512aff557e6dd3fd501d"", ""b069b230778eaea96321bbd159dfbb2e7caa616d3de2438e3e1807c1d73561e9""]","[""prism_square"", ""star_6""]","[1.0, 1.0]","[1.0, 1.0]",1,"[1, 1]",1.0000000000009104,False,0.0028147582565687945,0.0028147582565687945,"[0.14566731129831445, 0.31768911051844395]",0.7190785027403683,2,"[null, null]",0.00025779750881073767,locked,905,ok,True,0.4633564218167584,Dimer_Synthesis,dimer
"[0.7809354351602035, 0.9463048066662849]",-9.10320147423699e-13,0.5483636367775642,0.9244030997604934,0.9992711294879683,0.9960270320024845,0.9958496409085509,0.00384731299501174,0.00384731299501174,"[""species"", ""species""]","[""1c011177b7847c32306f0406a97830cb10062c44075cbd8975d3cd8d09553165"", ""59f489db8d02b4826a933de283d809d12a468a3e3e756df6528320fa6f1b5349""]","[""honeycomb_7"", ""moebius_kantor""]","[1.0, 1.0]","[1.0, 1.0]",1,"[1, 1]",1.0000000000009104,False,0.0038473129950117313,0.0038473129950117313,"[0.24967059469669103, 0.30254035507588484]",0.8948370788324762,2,"[null, null]",0.00024492596249531213,locked,906,ok,True,0.5522109497725759,Dimer_Synthesis,dimer
"[1.1259963275691907, 1.485961631515512]",-9.10320147423699e-13,0.8296306791073761,0.9345043491912931,0.9492581041930208,0.9787296390635142,0.9795370076982411,0.005430796664501589,0.005430796664501589,"[""species"", ""species""]","[""2c0eaa11bdb8f38db51305aa3e132ecb48bd3b3482c378c6178372d3744d981e"", ""942e337f08ec5666b67445dcbec4278edd341f89ad8bad6354e7635f5a1f4224""]","[""petersen"", ""bilayer_square_4_4""]","[1.0, 1.0]","[1.0, 1.0]",1,"[1, 1]",1.0000000000009104,False,0.005430796664501636,0.005430796664501636,"[0.3599890081474129, 0.47507246762446487]",0.08511584795010341,2,"[null, null]",0.0004042709247745904,locked,907,ok,True,0.8350614757718777,Dimer_Synthesis,dimer
"[1.957664304118883, 1.46369034599123]",-9.10320147423699e-13,1.087692636190125,0.9139876909542567,0.836930479825778,0.9579406262073138,0.9577435636414238,0.006138699541292605,0.006138699541292605,"[""species"", ""species""]","[""add4a9d51248d9b7a286012e7456b743ddf1bcaab512b70bfe61bacc3016a0e4"", ""26a1afe5df6b80a70096f6f5f56e6f860a52573a98043a3bc1b78ae72bd18e3c""]","[""pentagon_ring"", ""bilayer_square_4_4""]","[1.0, 1.0]","[1.0, 1.0]",1,"[1, 1]",1.0000000000009104,False,0.006138699541292647,0.006138699541292647,"[0.6258791559709124, 0.4679521797605052]",0.3763701410498419,2,"[null, null]",0.0001556085057103869,locked,908,ok,True,1.0938313357314176,Dimer_Synthesis,dimer
"[1.4368101230664176, 1.0351245020466522]",-9.10320147423699e-13,0.7849158481998216,0.9412407567468544,0.9992571433776157,0.9730857897413496,0.9736204583585261,0.005379175071486518,0.005379175071486518,"[""species"", ""species""]","[""a45059676f190d91e4449d1759e2bb7d519204a72477c566d8e7ee0ea983ef09"", ""fe7e9ffdab92815865cb220fec164bef697f9087e58018d4c9079b127b89a5eb""]","[""bilayer_hex_6_6"", ""decagon_ring""]","[1.0, 1.0]","[1.0, 1.0]",1,"[1, 1]",1.0000000000009104,False,0.005379175071486553,0.005379175071486553,"[0.45935838193669304, 0.3309366413346151]",0.009541327808704092,2,"[null, null]",0.00023809742771365572,locked,909,ok,True,0.7902950232713082,Dimer_Synthesis,dimer
"[1.219203754667494, 1.500264864334549]",-9.10320147423699e-13,0.8634407812900765,0.9258804768075746,0.9991649619940286,0.9854731459407664,0.9877205375229033,0.0059926146038401795,0.0059926146038401795,"[""species"", ""species""]","[""585247a0c59229e72ef61b705b09b61e912abe4582d9d233d0f9fe5ed787afeb"", ""f326e6df4da6f270551c5bebbac54d9c5a565b69a6a228c0e9da42c4def1919d""]","[""decamer_chain"", ""hexagon_ring""]","[1.0, 1.0]","[1.0, 1.0]",1,"[1, 1]",1.0000000000009104,False,0.005992614603840152,0.005992614603840152,"[0.3897880833411362, 0.4796453125527804]",0.1846760139551451,2,"[null, null]",0.0003751815797925581,locked,910,ok,True,0.8694333958939167,Dimer_Synthesis,dimer
"[1.2554204369393376, 1.0226480050778894]",-9.10320147423699e-13,0.7232764448277088,0.9293928576361493,0.9993780297728225,0.988842836944376,0.9908546169007975,0.005038185384361213,0.005038185384361213,"[""species"", ""species""]","[""989bcd6eb7d440b9bdf24cd898b7b282249748cc010b3e718e643c577cfaab93"", ""c777ec9429021cc989e8067b26b18414a08de38e685748afeb40b70bfde5730f""]","[""bipartite_3_3"", ""star_5""]","[1.0, 1.0]","[1.0, 1.0]",1,"[1, 1]",1.0000000000009104,False,0.005038185384361182,0.005038185384361182,"[0.40136681340464947, 0.32694781680742047]",0.052072838040285174,2,"[null, null]",0.00021741862611956032,locked,911,ok,True,0.72831463021207,Dimer_Synthesis,dimer
"[0.06920162462129105, 1.2062039070346298]",-9.10320147423699e-13,0.4065847315771129,0.5586035785496872,0.9158356065730594,0.44813689502195925,0.5725362435273051,0.0011714582833961095,0.0011714582833961095,"[""species"", ""species""]","[""639692ff45d267b099f81bf7ebf8fffbbef5e80e5fc7ce515f162db8eafd59f2"", ""fd02e5c166f64cf78f05cc54020c34f63386609d5e364b57b624be19d1029628""]","[""pentamer_chain"", ""wheel_5""]","[1.0, 1.0]","[1.0, 1.0]",1,"[1, 1]",1.0000000000009104,False,0.0011714582833960985,0.0011714582833960985,"[0.022124249963930157, 0.38563193989657885]",0.4805766584095439,2,"[null, null]",2.7445401179923845,no_lock,912,fail,False,0.407756189860509,Dimer_Synthesis,dimer
"[1.536969519647742, 1.15265065364143]",-9.10320147423699e-13,0.8546054551726336,0.929226237214049,0.8994841387722987,0.9761691945144285,0.9754695285450472,0.005285181030303235,0.005285181030303235,"[""species"", ""species""]","[""a2642f588a6934efab863ba1afc1ce64b41db055b663e566856dbec4625024d5"", ""bd5e8a596cbaf31bcbed65a15fdebd933af2873d345062a660380af9602c957c""]","[""pentagon_ring"", ""complete_k5""]","[1.0, 1.0]","[1.0, 1.0]",1,"[1, 1]",1.0000000000009104,False,0.0052851810303032876,0.0052851810303032876,"[0.4913800510568694, 0.36851058514606755]",0.07860544134079928,2,"[null, null]",0.0005010050718478546,locked,913,ok,True,0.8598906362029369,Dimer_Synthesis,dimer
"[1.2579248842366832, 0.9153798212688261]",-9.10320147423699e-13,0.6900644709387842,0.919051218306581,0.9993027502895981,0.9786218990834362,0.980623706003624,0.004756450037051378,0.004756450037051378,"[""species"", ""species""]","[""b2c0512bbfe2761cf76302ce193012f2a93932b05ee1fb1908125580a40a552c"", ""7ff3b92cd48d33da3388f6d5aaa3a353e8b02a3cc70fcfe4dc08463f133b8327""]","[""ladder_5"", ""petersen""]","[1.0, 1.0]","[1.0, 1.0]",1,"[1, 1]",1.0000000000009104,False,0.004756450037051385,0.004756450037051385,"[0.40216750295971687, 0.29265341801611866]",0.37353888906960087,2,"[null, null]",0.0002488092717909271,locked,914,ok,True,0.6948209209758356,Dimer_Synthesis,dimer
"[1.144129892607809, 2.0974174249747883]",-9.10320147423699e-13,1.0312771108169094,0.5341767127743247,0.8995374304053656,0.7767146293989792,0.6239899318390868,0.005068546045599918,0.005068546045599918,"[""species"", ""species""]","[""e4587f210dbc160376c5513315cc22aacebcceddf89a2465363e7943b9a183cd"", ""441ebdcacf5596bbb2cc6bddce1c988a63371ab053fd527b7aa11eaf841fea24""]","[""decagon_ring"", ""octahedron""]","[1.0, 1.0]","[1.0, 1.0]",1,"[1, 1]",1.0000000000009104,False,0.00506854604559992,0.00506854604559992,"[0.3657864374396747, 0.6705592194228347]",0.7760245752627669,2,"[null, null]",1.8929154874102707,no_lock,915,fail,False,1.0363456568625093,Dimer_Synthesis,dimer
"[1.3864749972476658, 1.5010925275917606]",-9.10320147423699e-13,0.9167342860613031,0.9260759799637305,0.9990195706205357,0.9977736307037937,0.9977670818435446,0.006441521687279475,0.006441521687279475,"[""species"", ""species""]","[""b693ceb7246b8ff61aee4518bbe6010fe2bf51fdc545e30ab7c383679a558a04"", ""d6c4cc12d9473019ed8b0d857f3bfbf6278e030d07aab2501f64f5fefce47208""]","[""diatomic_prism_12"", ""bipartite_4_8""]","[1.0, 1.0]","[1.0, 1.0]",1,"[1, 1]",1.0000000000009104,False,0.006441521687279517,0.006441521687279517,"[0.4432658853851408, 0.4799099223634419]",0.3755135026741945,2,"[null, null]",0.00040209298636708485,locked,916,ok,True,0.9231758077485827,Dimer_Synthesis,dimer
"[1.0227370190776974, 1.0140645882744739]",-9.10320147423699e-13,0.6471943876409273,0.9412547338216869,0.8743540862117161,0.9999981074222647,0.9999416756827216,0.003985525180510396,0.003985525180510396,"[""species"", ""species""]","[""3ea7916b867f285715a5518aaf0519325bfdbb0e8e97f46824bf9adf758c504b"", ""1f17898ecbae7016fa5d77fee4049fe657ba21a28999c9bba0ec901a02a629d4""]","[""star_4"", ""bipartite_4_8""]","[1.0, 1.0]","[1.0, 1.0]",1,"[1, 1]",1.0000000000009104,False,0.00398552518051043,0.00398552518051043,"[0.3269762752141821, 0.32420363760725557]",0.6703915285647866,2,"[null, null]",0.0004409172443395548,locked,917,ok,True,0.6511799128214377,Dimer_Synthesis,dimer
"[2.1158220074948177, 1.4580425273352513]",-9.10320147423699e-13,1.1352998565411523,0.9011871049293771,0.999053270138975,0.9123232255806829,0.9172825262752825,0.007289970482626583,0.007289970482626583,"[""species"", ""species""]","[""0798a0a5161f3d080b52499649c171eee6e26c2e40805e9ace9dbae4c73a4f64"", ""38787e88f8f08c13e1846aa424fe3e7d07521f1a85dbb5debf203cfe751907d1""]","[""dimer"", ""petersen""]","[1.0, 1.0]","[1.0, 1.0]",1,"[1, 1]",1.0000000000009104,False,0.007289970482626584,0.007289970482626584,"[0.6764432949251551, 0.4661465320986239]",0.8295558704677622,2,"[null, null]",0.00041549298133610667,locked,918,ok,True,1.1425898270237789,Dimer_Synthesis,dimer
"[2.3795337731853405, 1.6459201800630112]",-9.10320147423699e-13,1.2789653082021708,0.8987300632257004,0.9993465877422667,0.8887000754226565,0.8871176495270244,0.008000857221588456,0.008000857221588456,"[""species"", ""species""]","[""8c187d5e636128d20cdfe81273d1e76186abe508786fe30ff36c08a873b8d5fd"", ""86555520f685b8ffe4b7480f15acf63f96b8f3e9a57591224903fa2f6934017f""]","[""prism_triangular"", ""complete_k6""]","[1.0, 1.0]","[1.0, 1.0]",1,"[1, 1]",1.0000000000009104,False,0.008000857221588387,0.008000857221588387,"[0.7607538158774543, 0.526212349546305]",0.29246225657360647,2,"[null, null]",0.00030008093982348356,no_lock,919,fail,False,1.2869661654237592,Dimer_Synthesis,dimer
"[1.0033815258910919, 0.00506102479945139]",-9.10320147423699e-13,0.32120131234297605,0.5115455201364313,0.9156103354845282,0.5831040476341165,0.548341409283914,0.001204919993894811,0.001204919993894811,"[""species"", ""species""]","[""d890eeb90caf37fa72644bacaa55673c578595011fca720c65cb4c23b3953e18"", ""321481388993cbd1dfc694d56c04047304bcb3b78a26230328042723dc310c6c""]","[""star_6"", ""trimer_triangle""]","[1.0, 1.0]","[1.0, 1.0]",1,"[1, 1]",1.0000000000009104,False,0.0012049199938948263,0.0012049199938948263,"[0.3207881868307216, 0.001618045506149319]",0.708472282727808,2,"[null, null]",2.893130998786744,no_lock,920,fail,False,0.3224062323368709,Dimer_Synthesis,dimer
"[0.8714357418522403, 1.4518663098236961]",-9.10320147423699e-13,0.7389138597023941,0.9131278549855151,0.7912806952748879,0.9387647484660334,0.9397153116881591,0.0038622761800532614,0.0038622761800532614,"[""species"", ""species""]","[""805da56645e5364212e392ea674085095504dec8f7f6efddb245ef8f8792f99c"", ""ce802035ae98228eeec9170ce75e9912cadac0a12f896bf52f6d42dfccb531b7""]","[""cube"", ""hexamer_chain""]","[1.0, 1.0]","[1.0, 1.0]",1,"[1, 1]",1.0000000000009104,False,0.0038622761800533034,0.0038622761800533034,"[0.27860418430566875, 0.4641719515767786]",0.22457930532233472,2,"[null, null]",0.0003315638411163182,locked,921,ok,True,0.7427761358824474,Dimer_Synthesis,dimer
"[1.4001860248613593, 0.7461830299837126]",-9.10320147423699e-13,0.6822741173348406,0.9111257878055267,0.8883589970880288,0.9222167375367551,0.9171440139003858,0.003935285177174549,0.003935285177174549,"[""species"", ""species""]","[""73ae00b8bb0ed367ae9e50d4a942890c0761f8fba2b035ecb3731a10763739bc"", ""9b1e00979dd810a3d439b30a7612e8f769cf1d2931e31602ecab2eb3cd3906e8""]","[""bipartite_3_6"", ""nonamer_chain""]","[1.0, 1.0]","[1.0, 1.0]",1,"[1, 1]",1.0000000000009104,False,0.003935285177174563,0.003935285177174563,"[0.44764939811114657, 0.23856000440086858]",0.6371724663012706,2,"[null, null]",0.00032114617854906677,locked,922,ok,True,0.6862094025120151,Dimer_Synthesis,dimer
"[0.752751402021616, 0.03303684243584618]",-9.10320147423699e-13,0.2499134809895731,0.9042516425619203,0.8370891103670806,0.8889482579802954,0.8935908359542106,0.001308591241169943,0.001308591241169943,"[""species"", ""species""]","[""d43c8191b0deb6c97c0225655d413ec48cd85d6584e18c2ea47c2efaa942ad03"", ""625b9a5799439fb980922ac9f8232b23e1017c23ee0c8edb2de839068642e1ba""]","[""ladder_4"", ""pentagon_ring""]","[1.0, 1.0]","[1.0, 1.0]",1,"[1, 1]",1.0000000000009104,False,0.001308591241169943,0.001308591241169943,"[0.2406599595047832, 0.010562112725959872]",0.6987893848176758,2,"[null, null]",0.0001949514583932679,no_lock,923,fail,False,0.25122207223074305,Dimer_Synthesis,dimer
"[1.5134150627692329, 1.3986479093795545]",-9.10320147423699e-13,0.925813725686054,0.9196088450409934,0.7995919885465219,0.996635770296026,0.9978135747137147,0.0051934502163312355,0.0051934502163312355,"[""species"", ""species""]","[""815592a6e84f15f1984b3cbd84a140d1b182424c98cbaef20448fec6cf8f5b32"", ""1ad411a4f46b0f7ed5017a1fd14e67cb0897d2775ca80e922322ea94d24b32db""]","[""pentamer_chain"", ""complete_k5""]","[1.0, 1.0]","[1.0, 1.0]",1,"[1, 1]",1.0000000000009104,False,0.005193450216331219,0.005193450216331219,"[0.483849524214521, 0.4471576516878643]",0.04901685595379379,2,"[null, null]",0.00024347873702495123,locked,924,ok,True,0.9310071759023852,Dimer_Synthesis,dimer
"[0.9885071854380422, 1.7021634697862402]",-9.10320147423699e-13,0.8555281820175467,0.9061530844649097,0.8742978576267322,0.8924225731692085,0.8977788786874212,0.004698300706944685,0.004698300706944685,"[""species"", ""species""]","[""64d129ee9c68a12dc0ab2b981e4c963c924b3acb625fcd5cc8ce35eeba7ab722"", ""d81413aceea7694462e34efd86a0eab29507eb7a770aa45ea591ebf9387d15b4""]","[""octamer_chain"", ""wheel_5""]","[1.0, 1.0]","[1.0, 1.0]",1,"[1, 1]",1.0000000000009104,False,0.004698300706944658,0.004698300706944658,"[0.31603275474321213, 0.5441937279812792]",0.5734602780774755,2,"[null, null]",0.00043941828444873915,no_lock,925,fail,False,0.8602264827244913,Dimer_Synthesis,dimer
"[1.2804050111361933, 1.2155103298709031]",-9.10320147423699e-13,0.7923824930071992,0.9511723082953465,0.9992491129984457,0.9996052329750172,0.9992885806677198,0.005579335135481959,0.005579335135481959,"[""species"", ""species""]","[""34f1fffae8433f8e48ea1f405b52838350c32b55c3c0f6241dcbf752d7814824"", ""3a93737c2aee7cb5c326004f0abcc55e9d0f12448dc536d22cd866e8464ff112""]","[""bipartite_1_n"", ""cuboctahedron""]","[1.0, 1.0]","[1.0, 1.0]",1,"[1, 1]",1.0000000000009104,False,0.005579335135481922,0.005579335135481922,"[0.40935455889182015, 0.388607269250861]",0.5321441529430591,2,"[null, null]",0.00044806579531066605,locked,926,ok,True,0.7979618281426811,Dimer_Synthesis,dimer
"[1.172441599943819, 1.6669534298488577]",-9.10320147423699e-13,0.9033465476982873,0.9138659572747687,0.7286374648224616,0.9563940125160452,0.9587565278618376,0.004428171887510155,0.004428171887510155,"[""species"", ""species""]","[""9c9d98d6cc3e79b56befef27e19410b603749529f22ca384dee4462124c007e5"", ""d9e707ea35bdcb8efbdb06fc495bbd255ed12ecd9823f07aa2ef49a9d8342482""]","[""octamer_chain"", ""trilayer_4_4_4""]","[1.0, 1.0]","[1.0, 1.0]",1,"[1, 1]",1.0000000000009104,False,0.004428171887510102,0.004428171887510102,"[0.3748378909775849, 0.5329368286082125]",0.8042579530228172,2,"[null, null]",0.00040676974599748587,locked,927,ok,True,0.9077747195857974,Dimer_Synthesis,dimer
"[0.36311079862843326, 0.989669315448254]",-9.10320147423699e-13,0.4299361695202402,0.8963329358659505,0.9158628863855869,0.9222753462038326,0.924877322060682,0.002557222851047313,0.002557222851047313,"[""species"", ""species""]","[""62685eb307ddc7ace4a3da9e9d3a14d6bb74bd1fe1d77a57c477394678e1956b"", ""afb6c1b2e780089003217184b18768c169c77f7ae51b3d954e48bfde660c7854""]","[""star_6"", ""bipartite_2_4""]","[1.0, 1.0]","[1.0, 1.0]",1,"[1, 1]",1.0000000000009104,False,0.002557222851047314,0.002557222851047314,"[0.1160890964254343, 0.31640429594585323]",0.330501524472519,2,"[null, null]",0.0002691168953076671,locked,928,ok,True,0.43249339237128753,Dimer_Synthesis,dimer
"[1.15433531452766, 1.2453403814262873]",-9.10320147423699e-13,0.7625037990645167,0.9337321378319606,0.8744726464901149,0.998574436225737,0.9985896454957224,0.004689532308788127,0.004689532308788127,"[""species"", ""species""]","[""66fd8986ca46969712b12dda11860382820c390bc2806c34f0c94891190227d4"", ""d925256341e54f7ba71a101c5d8b038b8231b03af45335fe9d32df1dff053258""]","[""grid_3x3"", ""prism_square""]","[1.0, 1.0]","[1.0, 1.0]",1,"[1, 1]",1.0000000000009104,False,0.0046895323087881025,0.0046895323087881025,"[0.36904918317400953, 0.3981441481992953]",-0.14379459270820516,2,"[null, null]",0.00018734664307259888,locked,929,ok,True,0.7671933313733048,Dimer_Synthesis,dimer
"[0.9567693670258341, 1.2023937618352565]",-9.10320147423699e-13,0.6855233581909921,0.9247631964050248,0.9992484881156254,0.9892167740607274,0.9900704883025057,0.004776400481539155,0.004776400481539155,"[""species"", ""species""]","[""f9376b82854f4e83fda7947c336546809467090976a24e3c05e572b28bf2fb2c"", ""c1236ecd2a38bfd62791efbe7838ec90d3bcb8ac7334d8fddfb8db2e6a146375""]","[""bipartite_2_4"", ""hexamer_chain""]","[1.0, 1.0]","[1.0, 1.0]",1,"[1, 1]",1.0000000000009104,False,0.004776400481539156,0.004776400481539156,"[0.30588594920643175, 0.38441380946609954]",-0.28497170772824876,2,"[null, null]",0.00034170820946706834,locked,930,ok,True,0.6902997586725312,Dimer_Synthesis,dimer
"[0.4096219515420205, 0.9610312810743428]",-9.10320147423699e-13,0.43530907030079363,0.9220988233461755,0.9995644561574922,0.9453275555458666,0.9459227854462482,0.0028984847707303487,0.0028984847707303487,"[""species"", ""species""]","[""44c3ef3d882b2c37bf0c528314abc50a577aa8052e50f14b43baf2bb02c8455b"", ""391b9f6c7fae924af11e9fcf2d99b4df8e9e69036d57fcf1a5385f1442e920b1""]","[""tetrahedron_k4"", ""bipartite_1_n""]","[1.0, 1.0]","[1.0, 1.0]",1,"[1, 1]",1.0000000000009104,False,0.0028984847707303474,0.0028984847707303474,"[0.1309590417309407, 0.3072485133405833]",0.2172215879270215,2,"[null, null]",0.00028945590163885796,locked,931,ok,True,0.438207555071524,Dimer_Synthesis,dimer
"[1.3184983902528185, 1.8389791182869815]",-9.10320147423699e-13,1.0031668372771596,0.9251015416431575,0.9369152044660864,0.9517566139007568,0.9524294242083059,0.006301105660834932,0.006301105660834932,"[""species"", ""species""]","[""fca1fc0555ec4441a4863792f262717e92492e6e2991344591db8895aeaad392"", ""57de27b98dd4516eda1a693cf494871b3912fec49d1fe3450fd667c35985901b""]","[""bipartite_4_4"", ""bipartite_3_3""]","[1.0, 1.0]","[1.0, 1.0]",1,"[1, 1]",1.0000000000009104,False,0.00630110566083486,0.00630110566083486,"[0.42153328224057335, 0.5879346606974212]",-0.07319464485166871,2,"[null, null]",0.00044525671152646497,locked,932,ok,True,1.0094679429379945,Dimer_Synthesis,dimer
"[0.6812688139838942, 0.553965859242736]",-9.10320147423699e-13,0.3928472356109598,0.9258495671397943,0.7492703724938596,0.9974741609236263,0.9974777370576543,0.002066046037220361,0.002066046037220361,"[""species"", ""species""]","[""4df6da08a3f1241fad6ed90f86dc888756af466451744cddc256a628144a25ec"", ""0965593811204331b497784ed3bdb5a890a4590b6191a948481502d6a0dc0ebb""]","[""hexamer_chain"", ""hexagon_ring""]","[1.0, 1.0]","[1.0, 1.0]",1,"[1, 1]",1.0000000000009104,False,0.0020660460372203815,0.0020660460372203815,"[0.2178064693667984, 0.17710681228138175]",0.867832864382993,2,"[null, null]",0.00023418859857829528,locked,933,ok,True,0.3949132816481802,Dimer_Synthesis,dimer
"[1.0109789560889781, 0.5035292573798962]",-9.10320147423699e-13,0.4812413579961975,0.9280181327997916,0.916050016407326,0.9525905679493997,0.955272086501944,0.002957654246378737,0.002957654246378737,"[""species"", ""species""]","[""05400f8bd4929e4ecc17482d2f9dffd0a12d150e65ffd7ad9f608cb146a945f9"", ""7a4937b2c343d81e9a6f17c9f8b7a9d3468d040900d89c0b17f89735eb58defb""]","[""trilayer_4_4_4"", ""bipartite_2_4""]","[1.0, 1.0]","[1.0, 1.0]",1,"[1, 1]",1.0000000000009104,False,0.002957654246378727,0.002957654246378727,"[0.32321713912340855, 0.1609818731191677]",0.42489642261518734,2,"[null, null]",0.00036626236528072896,locked,934,ok,True,0.4841990122425762,Dimer_Synthesis,dimer
"[0.7236463346022453, 1.4098656840568178]",-9.10320147423699e-13,0.6785335478338461,0.9323476117303118,0.8243471442927685,0.905834702227973,0.9090532006158847,0.003565369065566293,0.003565369065566293,"[""species"", ""species""]","[""8cdcdb801c721175d54d31a9959e390ad8ed90976fc26bb85ae767cd817d8073"", ""bf438aec5915979290ff41747db4643c9cc73759acbc792ba3da72e594762a20""]","[""tetrahedron_k4"", ""petersen""]","[1.0, 1.0]","[1.0, 1.0]",1,"[1, 1]",1.0000000000009104,False,0.0035653690655662595,0.0035653690655662595,"[0.23135486312406786, 0.4507440537753445]",0.7433491959601446,2,"[null, null]",0.0003009326121906781,locked,935,ok,True,0.6820989168994124,Dimer_Synthesis,dimer
"[0.12997926215694128, 0.5259644954836453]",-9.10320147423699e-13,0.20828024245044854,0.9257876258621422,0.9995367647630926,0.9743321219024889,0.9735741010796618,0.0014296268732698235,0.0014296268732698235,"[""species"", ""species""]","[""c365ad1b2a47526f2e9cb4503fcc1fdaeb4aae772b3c24daec3507422eca3bcc"", ""26963dfd88f98cd4e39a25c6892a541869be05a835fea759c15261d6e29271e7""]","[""dimer"", ""star_6""]","[1.0, 1.0]","[1.0, 1.0]",1,"[1, 1]",1.0000000000009104,False,0.0014296268732698347,0.0014296268732698347,"[0.04155529153867033, 0.16815457778504805]",-0.09736306617314106,2,"[null, null]",0.0003366810635540724,locked,936,ok,True,0.20970986932371838,Dimer_Synthesis,dimer
"[1.6735868870389456, 0.8831759451943654]",-9.10320147423699e-13,0.812516338598942,0.9049568082496688,0.9992261649022157,0.8568224171788098,0.859668480949129,0.004898863838547643,0.004898863838547643,"[""species"", ""species""]","[""f55fb01abdae5139d00769bd44ae5ad3dbd05175e156fd26e7ee0cf88b8460dc"", ""ec3e0e4e019157a8ad75f663f8be16aa1e0eacc830ef2be0240d8cad9e0ed96c""]","[""prism_triangular"", ""trimer_triangle""]","[1.0, 1.0]","[1.0, 1.0]",1,"[1, 1]",1.0000000000009104,False,0.004898863838547651,0.004898863838547651,"[0.5350575918966711, 0.2823576105408186]",0.7322499390025199,2,"[null, null]",0.0002821876879049637,no_lock,937,fail,False,0.8174152024374897,Dimer_Synthesis,dimer
"[1.4356594291723834, 1.733169755101291]",-9.10320147423699e-13,1.0061111779549168,0.9327386180426238,0.9992883268769237,0.985796226277664,0.9857494349479164,0.006985976187585534,0.006985976187585534,"[""species"", ""species""]","[""c45f2259a9598493619e7c5571437716eacbc9ff95cb27a8a2522d25e888cf34"", ""dc574d259772fe3b7973a83c7e0c30c57f3b7e8d2fb950622fa50ee87bedf2eb""]","[""moebius_kantor"", ""bipartite_2_4""]","[1.0, 1.0]","[1.0, 1.0]",1,"[1, 1]",1.0000000000009104,False,0.006985976187585452,0.006985976187585452,"[0.45899049694146493, 0.5541066572010372]",0.12177267458246188,2,"[null, null]",0.00019398683923275815,locked,938,ok,True,1.0130971541425022,Dimer_Synthesis,dimer
"[0.7464353665660376, 1.3171964276555652]",-9.10320147423699e-13,0.6564282988729475,0.9096035240158328,0.7635507907617239,0.944164070596839,0.9415167506071016,0.003329414890689833,0.003329414890689833,"[""species"", ""species""]","[""21a828b0131dd04cf5c9b7f7d9b92877fd97ea517054f2f74175da7b23de6d53"", ""0d9a9de39852841bba9ecc0965cfd5d9a84a0f7b316cb1795ff1060afcae1ee6""]","[""trilayer_4_4_4"", ""bipartite_3_6""]","[1.0, 1.0]","[1.0, 1.0]",1,"[1, 1]",1.0000000000009104,False,0.00332941489068983,0.00332941489068983,"[0.23864067819505988, 0.4211170355685775]",0.26612641870966147,2,"[null, null]",0.00046292816544025946,locked,939,ok,True,0.6597577137636373,Dimer_Synthesis,dimer
"[1.1106801445307752, 1.2967507022728963]",-9.10320147423699e-13,0.7643183511022957,0.9182722831421642,0.9993016725217017,0.9945041064656825,0.9949609895429026,0.005354356974175415,0.005354356974175415,"[""species"", ""species""]","[""c0b677f46bf05a4cfce824a372aaf9b7c6d8784b57fbb18061ab40cd28a6fbd9"", ""0909a5d58d174b022deafec34dec559580909b71326884e7db125c552623ea7e""]","[""cuboctahedron"", ""bilayer_hex_6_6""]","[1.0, 1.0]","[1.0, 1.0]",1,"[1, 1]",1.0000000000009104,False,0.0053543569741754116,0.0053543569741754116,"[0.35509231585312606, 0.41458039222334503]",0.05497635082302155,2,"[null, null]",0.00023774391472376343,locked,940,ok,True,0.7696727080764711,Dimer_Synthesis,dimer
"[1.8441605303924251, 1.6159175316713204]",-9.10320147423699e-13,1.0991738172576708,0.9347736218241175,0.915853392114703,0.9923539453238028,0.9909838621654391,0.007037667786813888,0.007037667786813888,"[""species"", ""species""]","[""4e6c7aa4292af2e439ec2531f14f8f63458a2c152d7e588bd25981f322270ded"", ""f2cb1e4e664b40fb1dfc18e75e6081899a98a1a87cb6c84986a45af15900e055""]","[""complete_k6"", ""bipartite_4_8""]","[1.0, 1.0]","[1.0, 1.0]",1,"[1, 1]",1.0000000000009104,False,0.007037667786813806,0.007037667786813806,"[0.5895911948787257, 0.516620290165759]",-0.033460642992469536,2,"[null, null]",0.00035034888573076597,locked,941,ok,True,1.1062114850444846,Dimer_Synthesis,dimer
"[0.17732602176394852, 1.8190594995063565]",-9.10320147423699e-13,0.636542613908016,0.6478830181736144,0.8812264036086281,0.43584538656103566,0.5701396335705768,0.0017159896821378744,0.0017159896821378744,"[""species"", ""species""]","[""0a296d705be9167a374208f4dd01564bea8aabe9e2903029c173c287fe383c56"", ""5e06a74097153d013934707a691a78c938f65eb79d0b49d1ce7e4ee4b8ed5d0a""]","[""moebius_kantor"", ""bipartite_3_6""]","[1.0, 1.0]","[1.0, 1.0]",1,"[1, 1]",1.0000000000009104,False,0.0017159896821378195,0.0017159896821378195,"[0.05669238622770535, 0.5815662173624485]",0.2733053962776417,2,"[null, null]",3.5823689584072844,no_lock,942,fail,False,0.6382586035901539,Dimer_Synthesis,dimer
"[1.667129736162725, 0.7849488250376883]",-9.10320147423699e-13,0.7802275970407777,0.8725783957691863,0.8881997672330879,0.7630729930868011,0.771822429723957,0.0037193018373896723,0.0037193018373896723,"[""species"", ""species""]","[""f65ec803b9488e03ae71fe56c0f545f8708eedce488da136c5843e7c31dd9e59"", ""9a541f0b8da0f527738b35e5fab612aeff1984c92197d47c437057c1adcc7e16""]","[""double_triangle"", ""grid_3x3""]","[1.0, 1.0]","[1.0, 1.0]",1,"[1, 1]",1.0000000000009104,False,0.003719301837389666,0.003719301837389666,"[0.5329931949865968, 0.25095370389157057]",0.8131749489947173,2,"[null, null]",0.00028981773569406935,no_lock,943,fail,False,0.7839468988781674,Dimer_Synthesis,dimer
"[0.2182503930622661, 1.627968645293857]",-9.10320147423699e-13,0.5885649863337521,0.6134054602003102,0.9991623410942815,0.40799713607106114,0.5805003605676842,0.001684328133795791,0.001684328133795791,"[""species"", ""species""]","[""f02976cbf30d83515a188d41e2ad1e2ddbe3a10cebdeeffec567c5592f36c368"", ""1e83ddba8a77799280808b96e6e430d0c4cf7ef6bd30c40f0d8c6e894850c335""]","[""star_5"", ""ladder_5""]","[1.0, 1.0]","[1.0, 1.0]",1,"[1, 1]",1.0000000000009104,False,0.0016843281337958205,0.0016843281337958205,"[0.06977619784593865, 0.5204731166216092]",0.11195254948948097,2,"[null, null]",2.9824720093890926,no_lock,944,fail,False,0.5902493144675479,Dimer_Synthesis,dimer
"[1.2868207854435514, 1.3959634719154543]",-9.10320147423699e-13,0.8520938437288625,0.9098609684496408,0.9370583269463428,0.9973806525553128,0.9979975990336275,0.005611301691176174,0.005611301691176174,"[""species"", ""species""]","[""525b6ccc2a667f3d73fde513f29697a47b8c2886558df2ce022c8d3f64e694cf"", ""2375b7d2d613041408132c966c74e62edc1dfa2f7ae3c29763aa7b4bd7ec037d""]","[""pentamer_chain"", ""cube""]","[1.0, 1.0]","[1.0, 1.0]",1,"[1, 1]",1.0000000000009104,False,0.005611301691176185,0.005611301691176185,"[0.41140572741950926, 0.44629941800052947]",-0.23315353291978802,2,"[null, null]",0.00037608833555140763,locked,945,ok,True,0.8577051454200387,Dimer_Synthesis,dimer
"[1.5333607788208508, 1.0370080247209466]",-9.10320147423699e-13,0.8166461419168247,0.9278845709212877,0.9277827755776875,0.9591618321323273,0.9587455325948044,0.005118986001148607,0.005118986001148607,"[""species"", ""species""]","[""17ef09cbd8a23065754e14459d7e663379e9382883c6799125e01e14950c5c52"", ""a64fc6d724ff741e7f30b550f7b426f32e566e5d2ae16639c957d09d9ad7a920""]","[""bilayer_hex_3_3"", ""hexagon_with_center""]","[1.0, 1.0]","[1.0, 1.0]",1,"[1, 1]",1.0000000000009104,False,0.005118986001148573,0.005118986001148573,"[0.4902263110320345, 0.3315388168859388]",0.1893188472869457,2,"[null, null]",0.0003646129732175806,locked,946,ok,True,0.8217651279179733,Dimer_Synthesis,dimer
"[1.2349230755316738, 1.3263054228899844]",-9.10320147423699e-13,0.8131206563091352,0.9187628642049925,0.9994462782912925,0.9988696947954523,0.9986662711340841,0.005722251266017914,0.005722251266017914,"[""species"", ""species""]","[""6f4c0ee9515ef656b4820ef8c0e185cf907c4443d6b8f7fbf2a4ff4c74e38bda"", ""dc2c1fec0b864a4fc13bf00f7a017131decf53168dd01e059993dee44d5fddce""]","[""decamer_chain"", ""bipartite_3_6""]","[1.0, 1.0]","[1.0, 1.0]",1,"[1, 1]",1.0000000000009104,False,0.005722251266017886,0.005722251266017886,"[0.3948136616561767, 0.42402924591897634]",-0.178314884378588,2,"[null, null]",0.00023321466060908136,locked,947,ok,True,0.8188429075751531,Dimer_Synthesis,dimer
"[1.414768969123415, 2.335279510197949]",-9.10320147423699e-13,1.19500054966288,0.6369532471087277,0.7136659693167159,0.6539125261091713,0.7459596622141416,0.003916533388315037,0.003916533388315037,"[""species"", ""species""]","[""d44fc563d7cc26f17348382edb5d62c512389014c8b43fdeb181f4e7b32c3746"", ""6c3ce3a77f2b50ff92b92d2803e6aceef7031910da54859be7f969d29b9c8e21""]","[""bipartite_1_n"", ""bipartite_1_n""]","[1.0, 1.0]","[1.0, 1.0]",1,"[1, 1]",1.0000000000009104,False,0.003916533388315102,0.003916533388315102,"[0.4523116687706784, 0.7466054142805167]",0.7876873563828631,2,"[null, null]",0.6275538435202034,no_lock,948,fail,False,1.198917083051195,Dimer_Synthesis,dimer
"[1.1465330662834137, 0.7090809586402185]",-9.10320147423699e-13,0.5899836995764198,0.9153603888568891,0.8121045568668113,0.9693919031391226,0.9680380757143847,0.0032692586981172863,0.0032692586981172863,"[""species"", ""species""]","[""df80d00487143d6120b4458ad402b74a89676a3a6cfe32b04bf796c6003ed445"", ""98afbd057ad2481126f1db0013a91f7a991824742c40473d34e0c62599eae9da""]","[""bipartite_4_4"", ""prism_square""]","[1.0, 1.0]","[1.0, 1.0]",1,"[1, 1]",1.0000000000009104,False,0.003269258698117339,0.003269258698117339,"[0.3665547490999396, 0.2266982091745975]",0.327452723570519,2,"[null, null]",0.0003896725022130366,locked,949,ok,True,0.5932529582745372,Dimer_Synthesis,dimer
"[0.1296217169351003, 1.1879506922393792]",-9.10320147423699e-13,0.4192578176785093,0.5334098047891891,0.9994189263838176,0.671685528693999,0.590818907714888,0.001979421847009965,0.001979421847009965,"[""species"", ""species""]","[""3c7e11aafac838c9c75dee5e3b1c8ab6a2da7cc8f1041fe9ec403a040b7fe234"", ""9154618062c7922f13f7880e04c7f72ddc00ad0f644493c94e3def61f5bcdacc""]","[""complete_k5"", ""dodecamer_chain""]","[1.0, 1.0]","[1.0, 1.0]",1,"[1, 1]",1.0000000000009104,False,0.0019794218470099434,0.0019794218470099434,"[0.0414409817965984, 0.37979625772892084]",0.22185173025729987,2,"[null, null]",3.2201020430461127,no_lock,950,fail,False,0.4212372395255192,Dimer_Synthesis,dimer
"[1.4504710432886962, 0.8195533916010594]",-9.10320147423699e-13,0.721665032072322,0.8925394542055352,0.8660206748455967,0.9268820998869155,0.9256267505835443,0.004077872036874748,0.004077872036874748,"[""species"", ""species""]","[""205943ce0a1c5d5f400b3cc5c7713c330656d11640af614976678e63015b1100"", ""03d3563c73978497a1c55b15e01d6d8616405a64ed1e1720b62236f479584a0c""]","[""hexagon_ring"", ""decagon_ring""]","[1.0, 1.0]","[1.0, 1.0]",1,"[1, 1]",1.0000000000009104,False,0.004077872036874708,0.004077872036874708,"[0.4637258749744506, 0.26201702913474606]",0.4877051761751966,2,"[null, null]",0.00010588285971746521,locked,951,ok,True,0.7257429041091967,Dimer_Synthesis,dimer
"[1.434001057718849, 1.1334200264643823]",-9.10320147423699e-13,0.8151678350696695,0.941407377168955,0.9993652691634507,0.9848094282929654,0.9850846392201719,0.005654886072894559,0.005654886072894559,"[""species"", ""species""]","[""ba4ce1f0ec99b1cf0d136abc7e54e0089c492dce13f87fb795c8e5fa045686b3"", ""cfe8daf3d4737ad93fbbc2b654780a9d89dfbb17fcac2a9e97da6a65a53209e4""]","[""bipartite_3_6"", ""bipartite_3_3""]","[1.0, 1.0]","[1.0, 1.0]",1,"[1, 1]",1.0000000000009104,False,0.005654886072894549,0.005654886072894549,"[0.4584603038315223, 0.36236241731104174]",0.3333745509073136,2,"[null, null]",0.0003166421926133709,locked,952,ok,True,0.820822721142564,Dimer_Synthesis,dimer
"[1.2750176614327744, 0.7435662347170614]",-9.10320147423699e-13,0.6420720826482751,0.9456249236852784,0.7662877619901118,0.9485229774765221,0.9507094713540309,0.0032834987558456436,0.0032834987558456436,"[""species"", ""species""]","[""4df0d09554a962ffdc52b7626a1971f8bc889d7f1cf513c8b43602154721def3"", ""13b5d9816ff68c7efa509e45958efe60c4d05ffbe8a3c5d55eb44a2e4454b44f""]","[""decagon_ring"", ""cuboctahedron""]","[1.0, 1.0]","[1.0, 1.0]",1,"[1, 1]",1.0000000000009104,False,0.0032834987558456596,0.0032834987558456596,"[0.4076321850005448, 0.23772339640357587]",0.583494252468882,2,"[null, null]",0.0006490308780485991,locked,953,ok,True,0.6453555814041207,Dimer_Synthesis,dimer
"[0.865949243429046, 1.0436420202883765]",-9.10320147423699e-13,0.6065236392839469,0.9254445837526497,0.9368417367280232,0.9956457391308242,0.9947070466702866,0.003986224879316169,0.003986224879316169,"[""species"", ""species""]","[""aba8c4fbe15137edb45abe30a1d09f33836ae03b12ba8295ec010c94d1fc7776"", ""ad93016bae15bca76edf104c50c6556ad36ae2eaef48330d372707baa2874c57""]","[""bipartite_3_6"", ""bilayer_square_4_4""]","[1.0, 1.0]","[1.0, 1.0]",1,"[1, 1]",1.0000000000009104,False,0.003986224879316214,0.003986224879316214,"[0.2768501118658129, 0.3336597522974503]",0.38385424409555857,2,"[null, null]",0.00032648190441349087,locked,954,ok,True,0.6105098641632631,Dimer_Synthesis,dimer
"[1.586948879770816, 0.6470780095257084]",-9.10320147423699e-13,0.7110757289677773,0.5911245298431334,0.9160521918862827,0.689640244237069,0.6407186403869648,0.003158504627525267,0.003158504627525267,"[""species"", ""species""]","[""890631b7f3de4d5ab39a0ae23656d5a50cb57896ff25c9d3d3048a95787696d2"", ""3864e5e3c860b9d3fcf3de587eeac12b95c2099887e41d18d76a999498a48611""]","[""grid_3x4"", ""bilayer_hex_6_6""]","[1.0, 1.0]","[1.0, 1.0]",1,"[1, 1]",1.0000000000009104,False,0.003158504627525316,0.003158504627525316,"[0.5073588067934792, 0.20687542680182333]",0.7820938821945933,2,"[null, null]",1.444615899095735,no_lock,955,fail,False,0.7142342335953026,Dimer_Synthesis,dimer
"[1.4443200373219376, 0.7706023233469206]",-9.10320147423699e-13,0.7035866340858177,0.9158560743136499,0.9996105205722997,0.9162035049255713,0.9134983191487738,0.00453974627461284,0.00453974627461284,"[""species"", ""species""]","[""90eb361d70c4f9366f8ecb205c65180ef528d2ff053a211562bf138fde74fb18"", ""ce7d5e53ee366ce775a164a82f3da7bf96806a1ea6d18b8789419de5bb07ac4b""]","[""complete_k5"", ""trimer_chain""]","[1.0, 1.0]","[1.0, 1.0]",1,"[1, 1]",1.0000000000009104,False,0.004539746274612844,0.004539746274612844,"[0.4617593547622022, 0.24636702559822837]",0.5311486012194216,2,"[null, null]",0.00017007552948878198,locked,956,ok,True,0.7081263803604305,Dimer_Synthesis,dimer
"[1.7505623415356306, 0.4717441323395447]",-9.10320147423699e-13,0.7098586590110086,0.5926774517974177,0.99921769286254,0.12646589381636872,0.564715304655745,0.000628474687693314,0.000628474687693314,"[""species"", ""species""]","[""f8bd2ec59b081ff5b3b3a793c523d62c1086c1907b37cda6421bd0b1d76d37bc"", ""be901142f8cc440a0b4b03ed2f4e3908cfb49d6184eeb9cd99d6367142952555""]","[""ladder_5"", ""bipartite_3_3""]","[1.0, 1.0]","[1.0, 1.0]",1,"[1, 1]",1.0000000000009104,False,0.0006284746876933367,0.0006284746876933367,"[0.5596671903806903, 0.15081994331801166]",0.6368886175070381,2,"[null, null]",3.258107884431092,no_lock,957,fail,False,0.710487133698702,Dimer_Synthesis,dimer
"[1.3188529509101237, 1.3035383426852751]",-9.10320147423699e-13,0.8325326323063864,0.9174263023061633,0.999321464802279,0.9999415217466637,0.9999111328087608,0.005864454470798875,0.005864454470798875,"[""species"", ""species""]","[""b306a98a31fa1779c3ce3481750f01bfca0629a33567035fdb5eaa3ed4e5618d"", ""df6b14727c3a3fb20b517554f73c8924c6711f723fb32e40ca8007b5f2ea46ec""]","[""bipartite_3_6"", ""pentamer_chain""]","[1.0, 1.0]","[1.0, 1.0]",1,"[1, 1]",1.0000000000009104,False,0.005864454470798863,0.005864454470798863,"[0.4216466377962055, 0.41675044898097985]",-0.11520640480848154,2,"[null, null]",0.00028113718844367374,locked,958,ok,True,0.8383970867771853,Dimer_Synthesis,dimer
"[0.9697375916144105, 1.0437237051540769]",-9.10320147423699e-13,0.6394444323918008,0.9140614604309251,0.9493821796402953,0.9989429226723386,0.999085696995329,0.004273417675833986,0.004273417675833986,"[""species"", ""species""]","[""849b1e319352c4782945aebadef1ab1d6097d34164dc6ba77c6dcd13c6124aed"", ""efbdcce5fecb07112b9d583c3b52550af278d78842722ae0a8c2510880a3a86a""]","[""ladder_5"", ""decamer_chain""]","[1.0, 1.0]","[1.0, 1.0]",1,"[1, 1]",1.0000000000009104,False,0.0042734176758340015,0.0042734176758340015,"[0.31003198253955344, 0.3336858675280813]",-0.04107804702592355,2,"[null, null]",0.00020069484997602035,locked,959,ok,True,0.6437178500676348,Dimer_Synthesis,dimer
"[1.8367527107342676, 1.1627559823102411]",-9.10320147423699e-13,0.9534853550970699,0.9132325341299636,0.89938096532689,0.9074951464910593,0.9160398296526153,0.005478837681155839,0.005478837681155839,"[""species"", ""species""]","[""acfd7520661db81736a456d4077f920b189e3462d008ab90e2f77291acf268d0"", ""6a62beb8c273d9ec40ae7d2e503964874c29a303e2f8ebcccd21937e22a0e3e5""]","[""complete_k5"", ""bowtie""]","[1.0, 1.0]","[1.0, 1.0]",1,"[1, 1]",1.0000000000009104,False,0.005478837681155868,0.005478837681155868,"[0.5872228624197451, 0.37174133035848067]",0.38039280520593766,2,"[null, null]",0.00025565249892347197,locked,960,ok,True,0.9589641927782258,Dimer_Synthesis,dimer
"[1.8739047866925638, 0.814678333124256]",-9.10320147423699e-13,0.8555635340772094,0.53223934035062,0.895314017668981,0.7416982922213762,0.5889764757579845,0.003995548778911613,0.003995548778911613,"[""species"", ""species""]","[""c8699010d01d26ec6a04e393ad477abb9f0c47dad7b9fbc9a4fa57fe0f63e79e"", ""e604739e4331e1ebafbfdfa983facb7190df812ef10f4c1fb3014c9fc8138116""]","[""ladder_4"", ""grid_3x4""]","[1.0, 1.0]","[1.0, 1.0]",1,"[1, 1]",1.0000000000009104,False,0.003995548778911617,0.003995548778911617,"[0.5991006444758527, 0.26045843838026844]",0.21557392818456833,2,"[null, null]",2.410475715341033,no_lock,961,fail,False,0.859559082856121,Dimer_Synthesis,dimer
"[0.7953302726745212, 1.363641097231964]",-9.10320147423699e-13,0.6856814580689489,0.917064178727907,0.9989010278425264,0.9441886997781804,0.9440358769389103,0.004556993906409755,0.004556993906409755,"[""species"", ""species""]","[""1ee1f61e542835e8ea5e0ea5cd35e03cdc49e31961f96d196221d5b13240a21e"", ""1833bbd20715535fcb093893ad274f6d99357e791b36c776b5a1e98635cdf31b""]","[""octahedron"", ""octamer_chain""]","[1.0, 1.0]","[1.0, 1.0]",1,"[1, 1]",1.0000000000009104,False,0.004556993906409734,0.004556993906409734,"[0.25427272629547637, 0.43596572567988223]",0.3596697748186082,2,"[null, null]",0.00035206703906426817,locked,962,ok,True,0.6902384519753586,Dimer_Synthesis,dimer
"[0.8174731858049851, 0.001793040554220964]",-9.10320147423699e-13,0.2603778028649338,0.8841708773798084,0.9993101212544907,0.844562631544081,0.8460451089650516,0.0015474175062682668,0.0015474175062682668,"[""species"", ""species""]","[""9cba286fd669a858c5939c6ed6c2550d46767eb05b2737a0a112f4261d988c4a"", ""6dcaef902724a1455b97c1be38d0c641b68da46b6c2d74990f7557d87129d092""]","[""dodecamer_chain"", ""star_5""]","[1.0, 1.0]","[1.0, 1.0]",1,"[1, 1]",1.0000000000009104,False,0.001547417506268245,0.001547417506268245,"[0.26135197259509646, 0.0005732477761055833]",0.5905788979570774,2,"[null, null]",0.00019612906369798479,no_lock,963,fail,False,0.261925220371202,Dimer_Synthesis,dimer
"[1.2288386656417862, 1.1216178871505476]",-9.10320147423699e-13,0.7471941320590253,0.9331745110975482,0.8120097491485928,0.9981630857511751,0.9980569414860165,0.004263490329450576,0.004263490329450576,"[""species"", ""species""]","[""fd62f681efd7191d8110352c17456a63967ae5be0ca672ac7d4e3b22a95baa43"", ""00bf77da4993fce5e2fae28b6802cc071ce0504cc92ff8b371e361e6ecdd1c3a""]","[""bipartite_4_4"", ""ladder_4""]","[1.0, 1.0]","[1.0, 1.0]",1,"[1, 1]",1.0000000000009104,False,0.004263490329450614,0.004263490329450614,"[0.3928684326818057, 0.35858918970667025]",0.7806543996223052,2,"[null, null]",0.0003714975177602569,locked,964,ok,True,0.7514576223884759,Dimer_Synthesis,dimer
"[1.541242270721894, 1.0442762457714891]",-9.10320147423699e-13,0.821081188424403,0.9221277060802312,0.9992076002068342,0.9560222547122936,0.9580403997617607,0.00552741012098597,0.00552741012098597,"[""species"", ""species""]","[""60876d563618fc0b0b4f68366deb08deac368695de6e1953c32e4aa02c9d7fab"", ""565c45da6f271eda983438e7a3d96f2bb4cc8f5149e80ad3d5f53e869fb2245e""]","[""heptamer_chain"", ""octahedron""]","[1.0, 1.0]","[1.0, 1.0]",1,"[1, 1]",1.0000000000009104,False,0.005527410120986009,0.005527410120986009,"[0.4927460798649432, 0.3338625186804459]",0.2429055194915879,2,"[null, null]",0.00025306474250402485,locked,965,ok,True,0.826608598545389,Dimer_Synthesis,dimer
"[1.3100949786254874, 0.6255217411536212]",-9.10320147423699e-13,0.6150778394665006,0.9276462079562441,0.9577233304061759,0.9045164290523814,0.9078837249821288,0.003752547494964018,0.003752547494964018,"[""species"", ""species""]","[""68cc3df39063d093eb0c53fcb8bf692d9efef7e519b9aed5a89a779748d69b5f"", ""66c0a2e4a30776e4fa5c7c0bc0275ee1549042232ab28f316ca5a6479ea75842""]","[""cuboctahedron"", ""bipartite_4_4""]","[1.0, 1.0]","[1.0, 1.0]",1,"[1, 1]",1.0000000000009104,False,0.003752547494964009,0.003752547494964009,"[0.4188466519712651, 0.1999837349901995]",0.36443934734197825,2,"[null, null]",0.0004621215396574314,locked,966,ok,True,0.6188303869614646,Dimer_Synthesis,dimer
"[1.25400760674346, 0.5887324061987315]",-9.10320147423699e-13,0.5858406492295916,0.9203501467325456,0.874513405602427,0.9140260104507683,0.9168987109300938,0.003296396150201263,0.003296396150201263,"[""species"", ""species""]","[""0d4b3b19f23ae64e5838f852e261f0c5468512cfbddba02f3314cd5e69e31e70"", ""72ffdf829d90bd0ca85831946b757e2185d01ed3f47a66265966789e483337a3""]","[""tetrahedron_k4"", ""octahedron""]","[1.0, 1.0]","[1.0, 1.0]",1,"[1, 1]",1.0000000000009104,False,0.003296396150201275,0.003296396150201275,"[0.4009151215754295, 0.18822192380436337]",0.5267039595930137,2,"[null, null]",0.00031891516155201083,locked,967,ok,True,0.5891370453797928,Dimer_Synthesis,dimer
"[1.3626201615944888, 1.0829619900947993]",-9.10320147423699e-13,0.7764707295815729,0.933296244777036,0.9989601302039655,0.9875302242030456,0.9867424090857346,0.005399221122635472,0.005399221122635472,"[""species"", ""species""]","[""d6dbecc44ad00937611800ca8d705e3b2593c31695a386db8451312465d66339"", ""38e6596576e10bbc2e943a1574492c63943afafceb5cf8b5e5f3551919ff438a""]","[""trimer_triangle"", ""square_ring""]","[1.0, 1.0]","[1.0, 1.0]",1,"[1, 1]",1.0000000000009104,False,0.005399221122635467,0.005399221122635467,"[0.43563932531913646, 0.346230625385072]",-0.07027524137518038,2,"[null, null]",0.0002944370642427345,locked,968,ok,True,0.7818699507042084,Dimer_Synthesis,dimer
"[0.006015035403350322, 1.512269083724282]",-9.10320147423699e-13,0.48503072815610165,0.5705756053506293,0.999528698537353,0.11055392904769346,0.5653827655746753,0.0003754678930939857,0.0003754678930939857,"[""species"", ""species""]","[""3d9f47795c8c7705a7bf9e61545884c2f0b6a89f5451e928af807cc7dddda27c"", ""125ad7c6a4e91ee195d392f2c78c7b3cf047bd12852bddf9cb666143aeb791a6""]","[""dimer"", ""star_4""]","[1.0, 1.0]","[1.0, 1.0]",1,"[1, 1]",1.0000000000009104,False,0.00037546789309400586,0.00037546789309400586,"[0.001923049459227121, 0.48348314658996855]",-1.0,2,"[null, null]",2.9956148737017823,no_lock,969,fail,False,0.48540619604919566,Dimer_Synthesis,dimer
"[1.097369488941686, 0.9357206877794273]",-9.10320147423699e-13,0.6467699788521674,0.9349402422462177,0.7118824056409438,0.9951626030825724,0.9959316240763172,0.003223363286072036,0.003223363286072036,"[""species"", ""species""]","[""1b6f1fa1ab3d169bf2ca20b9ec32032317e06c4de97d504477159d87d9a1dfa5"", ""7643f30b39b7f5d144515c52f629e61f6aad0acc610c1e0d5920c01e48346bc8""]","[""bipartite_4_4"", ""bowtie""]","[1.0, 1.0]","[1.0, 1.0]",1,"[1, 1]",1.0000000000009104,False,0.0032233632860720896,0.0032233632860720896,"[0.3508368049016362, 0.29915653723660324]",0.4347629125111846,2,"[null, null]",0.0004159114524730671,locked,970,ok,True,0.6499933421382394,Dimer_Synthesis,dimer
"[1.25320606028903, 1.0364235406327893]",-9.10320147423699e-13,0.7275615456998001,0.9272103149013192,0.8744126489834131,0.9930170199750241,0.9919127560838286,0.004449268971488651,0.004449268971488651,"[""species"", ""species""]","[""5ee9e2dad9915896c6aa3876a4eb7d41703afea97d0fa8c1d084e3397de4d332"", ""d6135db1361ed710974ff6e15711316285028b11f81def172e2e5bd1c084444e""]","[""decamer_chain"", ""double_triangle""]","[1.0, 1.0]","[1.0, 1.0]",1,"[1, 1]",1.0000000000009104,False,0.0044492689714886735,0.0044492689714886735,"[0.4006588614917601, 0.3313519531795287]",-0.20251504971632928,2,"[null, null]",0.0002956937652766892,locked,971,ok,True,0.7320108146712888,Dimer_Synthesis,dimer
"[1.3225053632779094, 1.474504963752897]",-9.10320147423699e-13,0.888505056959986,0.9201835263104446,0.9161854105310083,0.9972183801141078,0.9962785821742667,0.005718972686344378,0.005718972686344378,"[""species"", ""species""]","[""20b7672067d6b51ea0d6abc1118137014bd8f15d9be91930994241aa08fbcc15"", ""9b65497c79031fbf7b493034e46e101287a32b7fe3cf52ee9636ce79e2a152bc""]","[""bipartite_4_8"", ""wheel_5""]","[1.0, 1.0]","[1.0, 1.0]",1,"[1, 1]",1.0000000000009104,False,0.005718972686344359,0.005718972686344359,"[0.42281433992225326, 0.47140968972407715]",0.872685067114638,2,"[null, null]",0.0005487683349649046,locked,972,ok,True,0.8942240296463304,Dimer_Synthesis,dimer
"[0.9766516456905765, 1.3246151599170415]",-9.10320147423699e-13,0.7311083264817893,0.9339916091994934,0.9160975618108241,0.9798587608861291,0.9796491742314577,0.004622985024061099,0.004622985024061099,"[""species"", ""species""]","[""e4c1af6b78147b8e58958403b8e8ae817690db876a063a2978abe9ef74c2b9af"", ""4f551f770518d8b709f8674fcca3d569c6b2443d77d5ea256d4570cf2dacabf5""]","[""bipartite_2_4"", ""star_4""]","[1.0, 1.0]","[1.0, 1.0]",1,"[1, 1]",1.0000000000009104,False,0.00462298502406111,0.00462298502406111,"[0.3122424546416515, 0.42348885686419885]",0.408384600286959,2,"[null, null]",0.00038988785833146374,locked,973,ok,True,0.7357313115058504,Dimer_Synthesis,dimer
"[1.0992468055963596, 1.0381020269345171]",-9.10320147423699e-13,0.6788133058320645,0.9334149009963169,0.9438189428383085,0.9994945937925271,0.9994011127513192,0.004512267661461529,0.004512267661461529,"[""species"", ""species""]","[""b8c31b5f77c441b48744325a6582ac2239f830278530f96ea59508314e5729fe"", ""9ab9e3840c81fddabd2e40d2324c638c476e34f10cc74459ee1571fcfcff4612""]","[""bipartite_3_6"", ""heptamer_chain""]","[1.0, 1.0]","[1.0, 1.0]",1,"[1, 1]",1.0000000000009104,False,0.004512267661461511,0.004512267661461511,"[0.3514369963444924, 0.3318885771490335]",-0.19838615614601407,2,"[null, null]",0.000388382349965276,locked,974,ok,True,0.683325573493526,Dimer_Synthesis,dimer
"[1.3223392024904905, 1.336379262217213]",-9.10320147423699e-13,0.8440660005829421,0.9265856424953233,0.9991702449258719,0.9999999065400906,0.999894862942768,0.005945140323310817,0.005945140323310817,"[""species"", ""species""]","[""08df343d0c2b883265bc59be9fb430051dd82aab3001fe22941babdeba1fb4d3"", ""80f551d4b449d9a43149fda4e972074e5227c36d6653759497c8da6eb8ac5278""]","[""decamer_chain"", ""hexamer_chain""]","[1.0, 1.0]","[1.0, 1.0]",1,"[1, 1]",1.0000000000009104,False,0.005945140323310838,0.005945140323310838,"[0.4227612171405964, 0.42724992376565657]",0.22748979955662596,2,"[null, null]",0.00041980604963633047,locked,975,ok,True,0.850011140906253,Dimer_Synthesis,dimer
"[1.2853272784460024, 1.7755053000189869]",-9.10320147423699e-13,0.9720234372205204,0.9147836806537128,0.999402326774641,0.9562572016684421,0.960711129107503,0.006546436453594175,0.006546436453594175,"[""species"", ""species""]","[""90806a02aafa007ced334cc6e606e656c3b49756661a2ccf9f0f93d9a54d54c1"", ""9e97ef2ecc1ebc54fb24576bc289f05d79c6034a40f711020455dc93e4525aef""]","[""moebius_kantor"", ""heptamer_chain""]","[1.0, 1.0]","[1.0, 1.0]",1,"[1, 1]",1.0000000000009104,False,0.0065464364535942066,0.0065464364535942066,"[0.41092824264487454, 0.5676416310292401]",0.05535801356982262,2,"[null, null]",0.00027694741068472016,locked,976,ok,True,0.9785698736741146,Dimer_Synthesis,dimer
"[1.618980298114088, 1.3973714392148988]",-9.10320147423699e-13,0.958335687359573,0.9263334243975384,0.8994035600107475,0.9904425898092879,0.9919875986345902,0.006013346077273486,0.006013346077273486,"[""species"", ""species""]","[""d53144bd0d6e4f68129529fa9e36f6beeaae0b65179a81d71c72c430c9918185"", ""83f7edd31b165af2594fb0093838e8cd35e339e8edbea689d7a2c11329f31a86""]","[""decagon_ring"", ""complete_k5""]","[1.0, 1.0]","[1.0, 1.0]",1,"[1, 1]",1.0000000000009104,False,0.00601334607727344,0.00601334607727344,"[0.5175994783095599, 0.44674955512728654]",-0.010450770684126143,2,"[null, null]",0.0001376443177967288,locked,977,ok,True,0.9643490334368464,Dimer_Synthesis,dimer
"[2.337368269771204, 1.52353403538079]",-9.10320147423699e-13,1.2270777599977976,0.9107327545594899,0.9992023002841797,0.8432249142945999,0.8460774595822066,0.007280077017723668,0.007280077017723668,"[""species"", ""species""]","[""4c54f822f4f240e105ae3a8f4793d907a9685e21eeb7509dbec1a94b71ac73cb"", ""7495da15ff9af92625c1b0e0edcf3c8cc7009a0457917be43cb9553ca1f75930""]","[""bowtie"", ""honeycomb_7""]","[1.0, 1.0]","[1.0, 1.0]",1,"[1, 1]",1.0000000000009104,False,0.007280077017723707,0.007280077017723707,"[0.747273205523369, 0.48708463149215236]",0.5591615559235674,2,"[null, null]",0.00014311041831390744,no_lock,978,fail,False,1.2343578370155213,Dimer_Synthesis,dimer
"[1.4076408734091075, 0.9601728243464873]",-9.10320147423699e-13,0.7518894583461342,0.9090717025552689,0.9992791341765881,0.9664109756511297,0.9653877046722661,0.005117366332445259,0.005117366332445259,"[""species"", ""species""]","[""5d1535f97ba2d4098e7640c254294c34d8af82e03df44490363614a6216de505"", ""074da0e5cb529b72994e5c7f036529bb3610dccffbaf5482a422235501b1d83f""]","[""icosahedron"", ""octahedron""]","[1.0, 1.0]","[1.0, 1.0]",1,"[1, 1]",1.0000000000009104,False,0.005117366332445306,0.005117366332445306,"[0.45003276603951853, 0.306974058639061]",0.0012872495358112745,2,"[null, null]",0.000365441605488393,locked,979,ok,True,0.7570068246785795,Dimer_Synthesis,dimer
"[0.09795641722873989, 1.6116200877178886]",-9.10320147423699e-13,0.5448507775021082,0.6232431394778011,0.9992874701825327,0.44803866209074245,0.5448455141071786,0.0017129503711875986,0.0017129503711875986,"[""species"", ""species""]","[""bfdb6f7cd02d70863e3a4e3f80b1d65420ee37bb3aa281389e84340bcdefe03b"", ""bd32cdb53fe0506341e2845076ab0cf627f7b874a9fce93dcda572f3474f767d""]","[""star_5"", ""wheel_5""]","[1.0, 1.0]","[1.0, 1.0]",1,"[1, 1]",1.0000000000009104,False,0.0017129503711875715,0.0017129503711875715,"[0.03131736100416487, 0.515246366869131]",-1.0,2,"[null, null]",4.062562651755273,no_lock,980,fail,False,0.5465637278732958,Dimer_Synthesis,dimer
"[0.9578374152711213, 0.6722368340093305]",-9.10320147423699e-13,0.5177464848679455,0.9187081761970887,0.9436896899716402,0.9875691691244246,0.9877003538083831,0.003399808274871268,0.003399808274871268,"[""species"", ""species""]","[""bd3995f1c8237ee630732a34df458aa6a552d8bbce90787549b86bdfc4cb11df"", ""5161319dcb378e1fbec86f29187054fce56b34e36994a89793b0510681c65763""]","[""nonamer_chain"", ""nonamer_chain""]","[1.0, 1.0]","[1.0, 1.0]",1,"[1, 1]",1.0000000000009104,False,0.0033998082748712966,0.0033998082748712966,"[0.3062274118018778, 0.214918881340939]",-0.07836265947058219,2,"[null, null]",0.00033422456145785573,locked,981,ok,True,0.5211462931428168,Dimer_Synthesis,dimer
"[1.2675169446275552, 1.285297517785089]",-9.10320147423699e-13,0.8107312087143183,0.9255472359633734,0.9491855788210357,0.9997986433840903,0.9998723971870994,0.005421671901385898,0.005421671901385898,"[""species"", ""species""]","[""ff8de5daf7982aaad447a0dc529f1ef0d5dbc3bc5d95cca3dce346e5d4414c1c"", ""13373ffddfa9a301c07b8fdce946c233fcf9844dd52fea215cc7870d46c8a44f""]","[""ladder_5"", ""double_triangle""]","[1.0, 1.0]","[1.0, 1.0]",1,"[1, 1]",1.0000000000009104,False,0.005421671901385872,0.005421671901385872,"[0.4052341526650978, 0.4109187279506063]",-0.25238477001420345,2,"[null, null]",0.00035526623647837575,locked,982,ok,True,0.8161528806157041,Dimer_Synthesis,dimer
"[1.1180404516159583, 0.5250909857015859]",-9.10320147423699e-13,0.5221659445614395,0.9302935264800538,0.9160079039333877,0.9365982151009712,0.9359148152842971,0.003154824159654337,0.003154824159654337,"[""species"", ""species""]","[""d5a3535fbb283790d009cf48afbf8dca9d0f046c18e4a476de10180382c8c493"", ""cd2bbfdfd0a3bde279bd8fea9589747372ed13407fda8f9554d09d6bc3ee284a""]","[""diatomic_prism_12"", ""grid_3x4""]","[1.0, 1.0]","[1.0, 1.0]",1,"[1, 1]",1.0000000000009104,False,0.0031548241596542903,0.0031548241596542903,"[0.35744545820570855, 0.1678753105153852]",-0.11954575019708447,2,"[null, null]",0.0002452510733340622,locked,983,ok,True,0.5253207687210938,Dimer_Synthesis,dimer
"[0.9860532245076431, 1.2839706660173322]",-9.10320147423699e-13,0.7207381794435246,0.9225445176663915,0.9992240882539565,0.9858741014556687,0.985919811434916,0.005004550628392778,0.005004550628392778,"[""species"", ""species""]","[""0c2edd530fadc38db83e24bd930c7bbdfb816d8e6ef830a824a2a74c4e9c950d"", ""a21b1ea7db74cae4e4b7559084be9a35aa76547330818606e29764fe5843862b""]","[""square_ring"", ""cuboctahedron""]","[1.0, 1.0]","[1.0, 1.0]",1,"[1, 1]",1.0000000000009104,False,0.005004550628392779,0.005004550628392779,"[0.315248206037557, 0.4104945240343604]",0.01246517257137325,2,"[null, null]",0.00019314948125257744,locked,984,ok,True,0.7257427300719174,Dimer_Synthesis,dimer
"[1.238567082424834, 1.3346493620548054]",-9.10320147423699e-13,0.8169290362291509,0.9537649388112527,0.9992601984865219,0.9986157240200586,0.9986128637173719,0.005746502683667054,0.005746502683667054,"[""species"", ""species""]","[""bfefb34afe6f66c21256d263407c8d07d5f5f8e320d33dc9e2a22cb44e1e5ca4"", ""f5f5cc827ff01f39e56e63fbe408b5e748dbc7425981fdf5149111265c27fbf9""]","[""bipartite_4_4"", ""hexagon_with_center""]","[1.0, 1.0]","[1.0, 1.0]",1,"[1, 1]",1.0000000000009104,False,0.005746502683667054,0.005746502683667054,"[0.39597867649240004, 0.426696862420418]",0.1568468274124949,2,"[null, null]",0.00010460808534589329,locked,985,ok,True,0.822675538912818,Dimer_Synthesis,dimer
"[1.2744893867702227, 1.447708267119755]",-9.10320147423699e-13,0.8645820812320144,0.9304054588942504,0.9439203662646317,0.9953587128206022,0.9950246616221554,0.005723806461789347,0.005723806461789347,"[""species"", ""species""]","[""e3fe61468afebeab66bb31e3392e794e3ca338841663636e66d124f00167df32"", ""1c78e6e368fbea927c4cc4c611b2fdfdd996508d014d49bc6c9eaa56d4fd68a8""]","[""truncated_tetrahedron"", ""grid_3x3""]","[1.0, 1.0]","[1.0, 1.0]",1,"[1, 1]",1.0000000000009104,False,0.0057238064617893825,0.0057238064617893825,"[0.4074632918459713, 0.4628425958478325]",-0.03913698451421044,2,"[null, null]",0.00036393136041755936,locked,986,ok,True,0.8703058876938038,Dimer_Synthesis,dimer
"[1.1572628388017934, 1.1000936609962515]",-9.10320147423699e-13,0.7176373280055637,0.9035433994139649,0.8032126797021997,0.9994670325228695,0.9995927400049208,0.004055547451420841,0.004055547451420841,"[""species"", ""species""]","[""1571011ea1345671b02a688b2aa0f3d1300b6e56f78b0fe090d71c65499053a9"", ""4fd7986b68935aebca4ae15ac777ca69c6b1f086bdd9d77e2c26f34a3bd4143e""]","[""bipartite_1_n"", ""square_ring""]","[1.0, 1.0]","[1.0, 1.0]",1,"[1, 1]",1.0000000000009104,False,0.004055547451420893,0.004055547451420893,"[0.369985133437762, 0.35170774201922256]",0.07658190049975266,2,"[null, null]",0.00014837960233613285,locked,987,ok,True,0.7216928754569846,Dimer_Synthesis,dimer
"[1.4166822608958543, 1.5232910422093957]",-9.10320147423699e-13,0.933778441739019,0.9152195737086375,0.9369174935608947,0.9979568038032985,0.998178136815941,0.006151864827365444,0.006151864827365444,"[""species"", ""species""]","[""894a2930959e857d144cc77d0ce13df420eb30883aebbe861051b1fc582dbbf5"", ""e8e381f291aaaf6e96d37f8c0e5922056fc498cbdb7578db8a6f3a7ef13e36fa""]","[""octamer_chain"", ""bipartite_3_6""]","[1.0, 1.0]","[1.0, 1.0]",1,"[1, 1]",1.0000000000009104,False,0.006151864827365405,0.006151864827365405,"[0.45292336171371306, 0.4870069448526713]",0.9365618604655274,2,"[null, null]",0.0002165275808223659,locked,988,ok,True,0.9399303065663844,Dimer_Synthesis,dimer
"[1.23454523208361, 1.5903289692910716]",-9.10320147423699e-13,0.8972841053342439,0.9306298447844618,0.9436779754420372,0.9802777876167637,0.9790134792738077,0.005848202467709019,0.005848202467709019,"[""species"", ""species""]","[""0e3493bf23f69a679202d52506f43e75d2f0678fa91c9696c68872257f2c2fe4"", ""384a4489962c7f04a0b5f517cdba2fb71779864b4cb49f1e6becf53b9234fc14""]","[""grid_3x3"", ""octamer_chain""]","[1.0, 1.0]","[1.0, 1.0]",1,"[1, 1]",1.0000000000009104,False,0.005848202467709007,0.005848202467709007,"[0.3946928624272865, 0.5084394453746663]",0.5038345917718381,2,"[null, null]",0.0003298783480149743,locked,989,ok,True,0.9031323078019529,Dimer_Synthesis,dimer
"[1.7491683227179438, 0.8448446812448043]",-9.10320147423699e-13,0.8256689290884359,0.7679734665125356,0.89942164150537,0.7000856516222268,0.7071140763798227,0.003655417318599084,0.003655417318599084,"[""species"", ""species""]","[""5bf8730a68c7906627cef5f699a3a43003069b0b074f498ba123d9dde859ef7e"", ""5ef1da527893ffa3649305942e953a91a4083e54838fc7f124a3f7b9cd4a89cd""]","[""decamer_chain"", ""star_5""]","[1.0, 1.0]","[1.0, 1.0]",1,"[1, 1]",1.0000000000009104,False,0.0036554173185990857,0.0036554173185990857,"[0.5592215126824324, 0.27010283372460264]",0.7179280044108717,2,"[null, null]",0.0017092593463134953,no_lock,990,fail,False,0.829324346407035,Dimer_Synthesis,dimer
"[1.0403463601154403, 1.7489110769979275]",-9.10320147423699e-13,0.8866179863706654,0.8803274045828487,0.9159739632404043,0.8967559503051113,0.8997144804964001,0.005127389408578357,0.005127389408578357,"[""species"", ""species""]","[""2a1b9a1c85e1b6c50d56c23cc199e14f06901a3c5c47331e09865a79570e3d5f"", ""3f44bd7346d40531ef1fc69e58c5c5652cc11e596a341b7365ebc4817a6b3bdb""]","[""square_ring"", ""complete_k6""]","[1.0, 1.0]","[1.0, 1.0]",1,"[1, 1]",1.0000000000009104,False,0.0051273894085783756,0.0051273894085783756,"[0.3326061063771235, 0.5591392694021202]",0.7980182752668642,2,"[null, null]",0.00031120146297107786,no_lock,991,fail,False,0.8917453757792437,Dimer_Synthesis,dimer
"[1.1886420606033223, 0.13336868451440656]",-9.10320147423699e-13,0.4201323652863094,0.5217978701301708,0.957709053085319,0.8907241518089017,0.5719146408359854,0.002523841703770414,0.002523841703770414,"[""species"", ""species""]","[""0ae04165de778e628633cc35965120d5c558f44013fa477864c8319b97b47775"", ""cbc6338403c54a1cb3cb7fc771a880a2219e798afd9ddb5a3cbc712bba0fc538""]","[""truncated_tetrahedron"", ""hexagon_ring""]","[1.0, 1.0]","[1.0, 1.0]",1,"[1, 1]",1.0000000000009104,False,0.002523841703770402,0.002523841703770402,"[0.3800172930960056, 0.04263891389407416]",0.28312509018688437,2,"[null, null]",2.8175865737654058,no_lock,992,fail,False,0.4226562069900798,Dimer_Synthesis,dimer
"[1.4106587326435043, 1.113278385893703]",-9.10320147423699e-13,0.8019008447695777,0.9251304243772132,0.8993359426220531,0.9881680487932059,0.9854965925621236,0.005019744296746138,0.005019744296746138,"[""species"", ""species""]","[""de14f879fff4ee8202994e50c6968be7722fe3555acff9b99521130ebde1f073"", ""f9c1f44e8c320cc35222770643e165331bfea4534bd0b0a3cd3007a0c4be20d2""]","[""star_5"", ""ladder_4""]","[1.0, 1.0]","[1.0, 1.0]",1,"[1, 1]",1.0000000000009104,False,0.00501974429674612,0.00501974429674612,"[0.45099759703045467, 0.35592299203586913]",-0.35568410133603123,2,"[null, null]",0.0003333987162470744,locked,993,ok,True,0.8069205890663238,Dimer_Synthesis,dimer
"[1.013643295209057, 1.0264738142409853]",-9.10320147423699e-13,0.6476784244619126,0.941407377168955,0.9992085698838016,0.9998711074306951,0.9999464782055438,0.004561477883913634,0.004561477883913634,"[""species"", ""species""]","[""c9ef96455f84d24e1cd51f29199858dfca5e9c06bb1d89246dbf841746fd0f9a"", ""19c9b28f0489c50842904f812bdd6c6bb05e5c814e03e4a88a86decb30c84a0c""]","[""grid_3x3"", ""grid_3x4""]","[1.0, 1.0]","[1.0, 1.0]",1,"[1, 1]",1.0000000000009104,False,0.0045614778839135894,0.0045614778839135894,"[0.324068947227682, 0.3281709551181442]",0.05686579289190197,2,"[null, null]",0.0002646736273686995,locked,994,ok,True,0.6522399023458262,Dimer_Synthesis,dimer
"[1.1968888594137923, 1.392416584086838]",-9.10320147423699e-13,0.822539371041266,0.9307773837377982,0.9160593766551974,0.994652443716024,0.9941560009992788,0.005279934913985256,0.005279934913985256,"[""species"", ""species""]","[""0963ffca678ca2e73102b6cb9c322e1a3979cb37ec6630dd778405cb56372940"", ""f9e56c59ce0dc53ffa3a16be96ca09d6db84d20bb1ec5fede2a1bb1c06013526""]","[""bipartite_2_4"", ""bipartite_1_n""]","[1.0, 1.0]","[1.0, 1.0]",1,"[1, 1]",1.0000000000009104,False,0.0052799349139852625,0.0052799349139852625,"[0.3826538531375302, 0.445165452817721]",-0.1282579633721903,2,"[null, null]",0.00040856801994747775,locked,995,ok,True,0.8278193059552512,Dimer_Synthesis,dimer
"[0.9838878040351489, 1.3903248667614618]",-9.10320147423699e-13,0.7543907667491764,0.9354050180351976,0.9021616554045095,0.9725332756813077,0.9728543706386643,0.004661854973137966,0.004661854973137966,"[""species"", ""species""]","[""76526888c918d8cf5adef8f584205c56ff570dfce037b2468e41315103ec8fc6"", ""512e0366554aac1bd6ae4db44e1bc1b08e49539c4b380c2845f2353265b4d24a""]","[""nonamer_chain"", ""bilayer_hex_6_6""]","[1.0, 1.0]","[1.0, 1.0]",1,"[1, 1]",1.0000000000009104,False,0.00466185497313798,0.00466185497313798,"[0.31455590576176645, 0.44449671596054796]",0.10604876630083204,2,"[null, null]",0.0003101597295636861,locked,996,ok,True,0.7590526217223144,Dimer_Synthesis,dimer
"[1.3195208756724424, 2.0687307733481486]",-9.10320147423699e-13,1.0770132490579953,0.8793220565944955,0.9438480378597716,0.871156248581488,0.8820703998396052,0.0062348225568812626,0.0062348225568812626,"[""species"", ""species""]","[""b755f867dd876cc6f280aa14a572f110ac2675636b2ad96877f6180017d9e4aa"", ""d7c10b181c0219bd356ea82422fd44ae53d83c2ff950f4e4b88a0aadb450915a""]","[""grid_3x3"", ""octahedron""]","[1.0, 1.0]","[1.0, 1.0]",1,"[1, 1]",1.0000000000009104,False,0.0062348225568813476,0.0062348225568813476,"[0.4218601780776585, 0.6613878935372182]",0.6025719769206583,2,"[null, null]",0.0007971890530212931,no_lock,997,fail,False,1.0832480716148767,Dimer_Synthesis,dimer
"[1.6360592536083254, 1.3876497063294915]",-9.10320147423699e-13,0.9600080795488236,0.9193875366109887,0.9991435349847304,0.9899420999659574,0.9905235148171293,0.006693110111649451,0.006693110111649451,"[""species"", ""species""]","[""6baca6e7bd68cce231ab0f552fbbf1017780cf6cbaec609da142d1f933cd3837"", ""c128c2d52031df4f9c5921473020dcf692770e63503a54a36af162cabb2d04b6""]","[""trimer_triangle"", ""hexagon_with_center""]","[1.0, 1.0]","[1.0, 1.0]",1,"[1, 1]",1.0000000000009104,False,0.006693110111649414,0.006693110111649414,"[0.5230597414543228, 0.44364144820615026]",0.4966489982073431,2,"[null, null]",0.00042367571913704894,locked,998,ok,True,0.966701189660473,Dimer_Synthesis,dimer
"[1.4049032942529283, 1.5439381678625737]",-9.10320147423699e-13,0.9361984425823372,0.9215958846196671,0.999223083532957,0.995882127819719,0.9969779366953379,0.006567077286284149,0.006567077286284149,"[""species"", ""species""]","[""c94f59c7ccb942827263774e59ce79da0e3530e2e924ee2279fd78a320ffd1b8"", ""68d5155d9d31c9c27edfce2828f5ddc6df360d96260c85c956a7b60502876fc7""]","[""bipartite_4_8"", ""bipartite_3_3""]","[1.0, 1.0]","[1.0, 1.0]",1,"[1, 1]",1.0000000000009104,False,0.00656707728628414,0.00656707728628414,"[0.4491575425765029, 0.49360797729211847]",0.10765492996311543,2,"[null, null]",0.00030344416229755245,locked,999,ok,True,0.9427655198686213,Dimer_Synthesis,dimer
