entity_id,ola,template_name,node_count,edge_count,density,degree_mean,degree_std,sweep_evals_planned,sweep_evals_total,seed_evals_total,seed_success_count,sweep_passed_total,sweep_passed,is_candidate,was_swept,bins_used_count,taxonomy_kingdom,viable_state,viability_state,locked,attractor_class,dof_grade,promoted,R_network_S1_mean,PE_lockS1_norm_mean,H_part_norm_mean,R_mean_lastW_mean,phase_var_lastW_mean,QualityLock_mean,seed_success_rate,robust_score_v1,robust_score_v2,runtime_sec_mean,nan_primary_rate,confirmed_family_id
faaebbd8609380534bc0d55d387ea27c33d5e61654bb9a822945ab4a3d3184d0,2,ring_2,2,1,1.0,1.0,0.0,4,4,4,4,4,True,True,True,1,UNKNOWN,UNKNOWN,VIABLE,False,FUNCTIONAL_LOCK,A,True,0.679808674550977,0.3222151481504828,0.6076217676155952,0.9422843533172,7.94705108500286e-07,0.9997017720907135,1.0,0.7178518295404914,1.0,89.55835932597984,0.0,ff5438f2dfdb3265
65ef59df4b0165de991698ab0e422fdc9cb743c9db7b407dfbe8c0a0b406f2ac,2,ring_2,2,1,1.0,1.0,0.0,4,4,4,4,4,True,True,True,1,UNKNOWN,UNKNOWN,VIABLE,False,FUNCTIONAL_LOCK,A,True,0.752560052753083,0.32674017837128644,0.6193793122372816,0.9865484421440659,4.915270614624022e-10,0.99999637571373,1.0,0.9906525297206217,1.0,89.833195116953,0.0,139c4319dd42d899
0066ada42fda782dcb418082940f6cfaedfad0cc2e6cf0cfead86a34ea0a9cc6,2,ring_3,3,3,1.0,2.0,0.0,4,4,4,4,4,True,True,True,1,UNKNOWN,UNKNOWN,VIABLE,False,FUNCTIONAL_LOCK,A,True,0.6249837729081857,0.20491214691226084,0.390260851366918,0.9040060194156676,6.005214240117188e-06,0.998957348872572,1.0,0.9337623518192704,1.0,131.39656221971381,0.0,6357695ae876ac33
48d3626fb4c13c4e6668ab76ffd7fc289b805a94c3b50135d4f6af9c68384fc8,2,ladder_2,4,4,0.6666666666666666,2.0,0.0,4,4,4,4,4,True,True,True,1,UNKNOWN,UNKNOWN,VIABLE,False,FUNCTIONAL_LOCK,B,True,0.539197590461112,0.32106073616234126,0.6152800955812443,0.8879715198292307,0.00010156231632667066,0.9973613056952679,1.0,0.981886692104472,1.0,175.8326435930212,0.0,c406389cacdb14b8
4c09ef132b8ae6b6adf3e14d63dc6eaffedee023a7663cb711a233c93901086e,2,ladder_2,4,4,0.6666666666666666,2.0,0.0,4,4,4,4,4,True,True,True,1,UNKNOWN,UNKNOWN,VIABLE,False,FUNCTIONAL_LOCK,B,True,0.49002333965580547,0.1855367098625738,0.5012587719261505,0.9246369797108871,0.00020180196491397098,0.999859801282847,1.0,0.9198909418982542,1.0,173.83151664957404,0.0,2d99a3bc0f621977
ad363e40b57361e07911569ebf8547ef7d8670944cd74e8005aae04fbd6620cd,2,ring_2,2,1,1.0,1.0,0.0,4,4,4,4,4,True,True,True,1,UNKNOWN,UNKNOWN,VIABLE,False,FUNCTIONAL_LOCK,A,True,0.6486471341570925,0.18523237169505413,0.30060582646570383,0.9475924107311278,5.05304600679639e-10,0.9999928183787691,1.0,0.7987910745932331,1.0,89.99773235566681,0.0,3a4d99d5b841605f
84b205dce8fc4930ba9311bba6b0027da74bee7e098403d07058c9492665cfa8,2,ring_2,2,1,1.0,1.0,0.0,4,4,4,4,4,True,True,True,1,UNKNOWN,UNKNOWN,VIABLE,False,FUNCTIONAL_LOCK,A,True,0.7175878126464474,0.31821841175783366,0.5941005900345022,0.9210120995591785,5.997667175067413e-10,0.999990460399408,1.0,0.9657586400876548,1.0,88.98936620674795,0.0,139c4319dd42d899
cf61d4d7a4dece7a56828a8b3f25b8acf32bc30351dc35c75f996dc885276ea6,2,ladder_2,4,4,0.6666666666666666,2.0,0.0,4,4,4,4,4,True,True,True,1,UNKNOWN,UNKNOWN,VIABLE,False,FUNCTIONAL_LOCK,B,True,0.4786047916018468,0.21783114600849202,0.43292336561331235,0.9375506742000967,0.00012177840489685844,0.9990625317868963,1.0,0.8386591419239829,1.0,173.06099114671815,0.0,19db2fb32bed7851
1053a0c7844d808055936d41e74277e6ef367b19c263eff3585a76386ccd9c0c,2,ring_5,5,5,0.5,2.0,0.0,4,4,4,4,4,True,True,True,1,UNKNOWN,UNKNOWN,VIABLE,False,FUNCTIONAL_LOCK,B,True,0.47086913741113035,0.4499676760208845,0.3828955179487624,0.8665315086626648,0.00013574661042621618,0.9952412940381697,1.0,0.6400542582536011,1.0,215.39574198500486,0.0,9e3d44bbd7f60f21
24725c508dafe60a09fa2c17b2dcc2395effb22e9fc33e7bebecbc27492ee692,2,ring_2,2,1,1.0,1.0,0.0,4,4,4,4,4,True,True,True,1,UNKNOWN,UNKNOWN,VIABLE,False,FUNCTIONAL_LOCK,A,True,0.7075510146337388,0.18735257362173663,0.26358741178972706,0.9778573783540251,1.5095474565317903e-11,0.9999991869229371,1.0,0.7976958329842359,1.0,90.39597785251681,0.0,c5b04e6ae0f670fc
fec162d38752de5956e5e582465338a735c266531d2d2a6da9c8e439d82a402c,2,bipartite_2_2,4,4,0.6666666666666666,2.0,0.0,4,4,4,4,4,True,True,True,1,UNKNOWN,UNKNOWN,VIABLE,False,FUNCTIONAL_LOCK,B,True,0.5553574065247986,0.32525890008641134,0.49407362979848396,0.9779532744521252,3.7968007429419372e-06,0.9995847070742562,1.0,0.8019322625043488,1.0,174.41425201948732,0.0,4fa825e3687f7b68
ffa5fdb0bd79974b382cf71e4c684b696a19038744cd8c2fc4c34a0b9c80a8fe,2,ring_2,2,1,1.0,1.0,0.0,4,4,4,4,4,True,True,True,1,UNKNOWN,UNKNOWN,VIABLE,False,FUNCTIONAL_LOCK,A,True,0.658291920735365,0.1978001599290874,0.325579690937274,0.9917011383454463,8.665754781717281e-11,0.9999988031913691,1.0,0.9442959581412369,1.0,89.35292339680018,0.0,3a4d99d5b841605f
f2eb0d384a759344a818fbffa951fefd65d016e3e23232199980e7fab718f095,2,ring_2,2,1,1.0,1.0,0.0,4,4,4,4,4,True,True,True,1,UNKNOWN,UNKNOWN,VIABLE,False,FUNCTIONAL_LOCK,A,True,0.7148989360395704,0.1917990551610163,0.31002100060505766,0.9600412050751531,4.723729637366033e-10,0.9999939176145924,1.0,0.8776391194438222,1.0,90.94425421929918,0.0,e6cea0161a90be88
9d39df3dfbea987c145ccf6169f0bf1436322d7bf0068b9909190b2291fc1434,2,complete_4,4,6,1.0,3.0,0.0,4,4,4,4,4,True,True,True,1,UNKNOWN,UNKNOWN,VIABLE,False,FUNCTIONAL_LOCK,B,True,0.5068980535085634,0.3507776474972061,0.5987941925550379,0.9184778494580819,2.1533791542079628e-05,0.9978565665079681,1.0,0.9612677840340232,1.0,172.40967408166034,0.0,340262789e51cbcb
a6a1001ca8f3f91292db12df4a58330e2ba876715243a54c5b59f1d84fec0517,2,ring_4,4,4,0.6666666666666666,2.0,0.0,4,4,4,4,4,True,True,True,1,UNKNOWN,UNKNOWN,VIABLE,False,FUNCTIONAL_LOCK,B,True,0.5377175861103936,0.2926727698188817,0.6090425926394615,0.950576512960287,7.848043180115228e-05,0.997751785637056,1.0,0.8171299154316217,1.0,174.83065061003435,0.0,34c0b895c1d9f5c5
1ca8d860061c137b97a9838806a9c8482313f2fc5a028e3e02c905aa245db5a9,2,ring_2,2,1,1.0,1.0,0.0,4,4,4,4,4,True,True,True,1,UNKNOWN,UNKNOWN,VIABLE,False,FUNCTIONAL_LOCK,A,True,0.6807410528284478,0.21471368698001364,0.37738312395698437,0.9986083255425251,6.767521305557102e-11,0.9999995661152914,1.0,0.9562468632665949,1.0,85.67317866458325,0.0,e1610169dc4e68ad
15a6c65f4f9803ac7fb7ccb908bfba9b989133262d2e51e9830298d1e0632510,2,ladder_2,4,4,0.6666666666666666,2.0,0.0,4,4,4,4,4,True,True,True,1,UNKNOWN,UNKNOWN,VIABLE,False,FUNCTIONAL_LOCK,B,True,0.4733758344263865,0.21291641622895832,0.36994137082408335,0.8482802126529438,0.0002390261728546009,0.9988927971682101,1.0,0.9753679350452157,1.0,176.51877014851198,0.0,19db2fb32bed7851
fef441dd656461931a2ff7618a506f49487d4be5ea2dc60601c4bff47d31a569,2,ring_2,2,1,1.0,1.0,0.0,4,4,4,4,4,True,True,True,1,UNKNOWN,UNKNOWN,VIABLE,False,FUNCTIONAL_LOCK,A,True,0.6651253028670986,0.19021306191165127,0.460283169710675,0.9778900309931896,7.857798673856692e-07,0.9998148662493374,1.0,0.9482923674890704,1.0,89.58190869196551,0.0,3a4d99d5b841605f
4050e4092eddbe8a13243fcf608db3d368a901682a3b467594614e7f1b5b1813,2,ring_2,2,1,1.0,1.0,0.0,4,4,4,4,4,True,True,True,1,UNKNOWN,UNKNOWN,VIABLE,False,FUNCTIONAL_LOCK,A,True,0.6692952362862542,0.2078464146276631,0.39576173913254975,0.9969234797993686,3.507123953444257e-11,0.9999995358205328,1.0,0.975416970074313,1.0,88.50944544753293,0.0,e1610169dc4e68ad
3bd058ff4cd484aa36fc1457049dab70d204946d9a9b0fba96ab97e108599acb,2,ring_3,3,3,1.0,2.0,0.0,4,4,4,4,4,True,True,True,1,UNKNOWN,UNKNOWN,VIABLE,False,FUNCTIONAL_LOCK,B,True,0.5537093981847999,0.19986088699362825,0.4028863231133457,0.9958788343091589,4.177140586728471e-11,0.9999994826096535,1.0,0.8795282138373169,1.0,133.1124845998129,0.0,64df6b42e1735047
fb9319b079e6282dd54d381dbc1961be628ee31bc9d130cee9a3b3c90f8e92d1,2,ring_2,2,1,1.0,1.0,0.0,4,4,4,4,4,True,True,True,1,UNKNOWN,UNKNOWN,VIABLE,False,FUNCTIONAL_LOCK,A,True,0.6829348041508654,0.18847794229745868,0.2541068920587245,0.9967116185211813,3.340119381039515e-11,0.9999995316944923,1.0,0.8523335637523706,1.0,87.81205538701033,0.0,631d30bc180a91a7
3aeecb2faf3a9f031bf2059e5ae363aeea8509cdb6f83e40de4c3f3d964dcb2d,2,ring_4,4,4,0.6666666666666666,2.0,0.0,4,4,4,4,4,True,True,True,1,UNKNOWN,UNKNOWN,VIABLE,False,FUNCTIONAL_LOCK,B,True,0.46769236402352216,0.25140965594540526,0.6305763094449529,0.7888756531342495,0.0007680477338611215,0.9786186761723615,1.0,0.9675266452192628,1.0,174.09958233765792,0.0,34c0b895c1d9f5c5
cb3ec0e42929ad6a986bb0ff0e4c3ef79bdb761d514b2cff8ad9d470da4d9c9b,2,ring_2,2,1,1.0,1.0,0.0,4,4,4,4,4,True,True,True,1,UNKNOWN,UNKNOWN,VIABLE,False,FUNCTIONAL_LOCK,A,True,0.6376260812036952,0.1973091904466568,0.3915275115029635,0.924856858777375,1.7309419539629478e-08,0.9999499694989017,1.0,0.9264751371569284,1.0,89.29455082799541,0.0,3a4d99d5b841605f
0255a6cba9af62f6163bd60c92e36a6d2da22b505dab862640f7f8804022e779,2,complete_4,4,6,1.0,3.0,0.0,4,4,4,4,4,True,True,True,1,UNKNOWN,UNKNOWN,VIABLE,False,FUNCTIONAL_LOCK,B,True,0.5192291669429441,0.217908546138446,0.5191227001154789,0.9851359905540056,5.746351783171553e-09,0.9999886457325606,1.0,0.9459317318883582,1.0,178.0439013505238,0.0,340262789e51cbcb
c9dcad220127557b5b87381b0a320607f440a1bab75bb6ba7513bc80e62bee32,2,ring_2,2,1,1.0,1.0,0.0,4,4,4,4,4,True,True,True,1,UNKNOWN,UNKNOWN,VIABLE,False,FUNCTIONAL_LOCK,A,True,0.7027411508552119,0.20454776827124244,0.33027169300252046,0.9873738888306424,2.025581431627991e-10,0.9999977454455912,1.0,0.9332226492308628,1.0,89.10764456825564,0.0,29a6648d414db444
8f63772d7689cd715955aebd899b1099e4837392e5a8c37e4c1dff2c7bf56096,2,ring_2,2,1,1.0,1.0,0.0,4,4,4,4,4,True,True,True,1,UNKNOWN,UNKNOWN,VIABLE,False,FUNCTIONAL_LOCK,A,True,0.7350552187670014,0.3014610952506852,0.4670732650643503,0.9744591478314281,1.3936897382098113e-10,0.9999973489069515,1.0,0.7809198072919016,1.0,88.7111656597699,0.0,29a6648d414db444
bb0aa5bcf692b333f8045d4059130a1fe7c5e645ee506b349f52277344f71350,2,ring_2,2,1,1.0,1.0,0.0,4,4,4,4,4,True,True,True,1,UNKNOWN,UNKNOWN,VIABLE,False,FUNCTIONAL_LOCK,A,True,0.6691184869044409,0.18356208022301285,0.2634740086205428,0.9805086924119428,2.8968990431396668e-11,0.9999989425124747,1.0,0.9036715780061771,1.0,89.87338205444394,0.0,631d30bc180a91a7
fa3e8ad8b2ace42fa4851ce487a77f15886761448c464090d2483c9e2deace0a,2,ring_2,2,1,1.0,1.0,0.0,4,4,4,4,4,True,True,True,1,UNKNOWN,UNKNOWN,VIABLE,False,FUNCTIONAL_LOCK,A,True,0.709141084095378,0.194366502364667,0.34733034760816317,0.9782907133625475,1.3295009799444482e-09,0.999992444083278,1.0,0.9493051864274736,1.0,89.72496459225658,0.0,e6cea0161a90be88
e0f2669205ee1ed68fe79c0bfb77a9207d5d1158a94fd604b6be9fec2de74caa,2,ring_4,4,4,0.6666666666666666,2.0,0.0,4,4,4,4,4,True,True,True,1,UNKNOWN,UNKNOWN,VIABLE,False,FUNCTIONAL_LOCK,B,True,0.5987957584008194,0.39534872288373046,0.28797512691913885,0.8446125656862196,0.0002155960754366607,0.990864244441292,1.0,0.9889240535801305,1.0,174.77219490049174,0.0,5168e9ac14ff0ba9
e841c2fc471cc5df22448001a392a551ff5e2e16ab06a652fb2282579e03925a,2,ring_4,4,4,0.6666666666666666,2.0,0.0,4,4,4,4,4,True,True,True,1,UNKNOWN,UNKNOWN,VIABLE,False,FUNCTIONAL_LOCK,B,True,0.5273561305012173,0.18719925454479588,0.5281701370806885,0.8949954864783113,6.888481005450306e-05,0.9951192840435064,1.0,0.8482084055757931,1.0,174.08095419342862,0.0,8761078724cdca43
d00eff63b3e15a2dc796a88a7259664a5d0ecf73b25d9c531a32ceacbff8b26b,2,ladder_2,4,4,0.6666666666666666,2.0,0.0,4,4,4,4,4,True,True,True,1,UNKNOWN,UNKNOWN,VIABLE,False,FUNCTIONAL_LOCK,B,True,0.4970373980830952,0.32360996903448314,0.6858458121330252,0.9830874036431777,2.1336155054121552e-06,0.9998656066598975,1.0,0.9132302229074623,1.0,174.53950607631123,0.0,c406389cacdb14b8
890c7a726e8960f0ff643d9826e82d5af4f5830c5e4c2d2eb7044f4a094c5bee,2,bipartite_2_2,4,4,0.6666666666666666,2.0,0.0,4,4,4,4,4,True,True,True,1,UNKNOWN,UNKNOWN,VIABLE,False,FUNCTIONAL_LOCK,B,True,0.502614837141275,0.19910925346420827,0.4320711044441176,0.8626867855188267,0.0013699447177413758,0.9797024672906358,1.0,0.9514090824604929,1.0,173.64002257073298,0.0,4ef0dcd6551f417e
afc340d5a4f23ff5f017d8a921a403c7d6d20c87497956fbbf9705d9906d7670,2,ring_2,2,1,1.0,1.0,0.0,4,4,4,4,4,True,True,True,1,UNKNOWN,UNKNOWN,VIABLE,False,FUNCTIONAL_LOCK,A,True,0.6436718705502831,0.3144193427454604,0.5140682894429058,0.9873443486306682,2.924715557908673e-08,0.9999728656194208,1.0,0.9792332036723097,1.0,90.02155732479878,0.0,ff5438f2dfdb3265
6a7a3043784c24a45dde89419b24716c2a8980da117e26c4ddf09d54760cc382,2,ring_2,2,1,1.0,1.0,0.0,4,4,4,4,4,True,True,True,1,UNKNOWN,UNKNOWN,VIABLE,False,FUNCTIONAL_LOCK,A,True,0.6979137670628967,0.3459692030798056,0.5079982156018389,0.9961241837699978,2.5683482223700902e-08,0.9999859120815762,1.0,0.9271711757515826,1.0,90.07087652024347,0.0,ff5438f2dfdb3265
de282e7c1761372e0ff3181281b8ea0221f20b03b720188a16245301f7f1a359,2,ring_2,2,1,1.0,1.0,0.0,4,4,4,4,4,True,True,True,1,UNKNOWN,UNKNOWN,VIABLE,False,FUNCTIONAL_LOCK,A,True,0.6881377763662128,0.20076082479943297,0.45940981177905754,0.999036814630559,1.2796853964644278e-11,0.9999998430299261,1.0,0.9706824509196423,1.0,85.4239061132539,0.0,e1610169dc4e68ad
9f5a492040a2e5b61f872c0bbf444c4a232ab8ee7d83d510874f8cf3a82f15be,2,ring_2,2,1,1.0,1.0,0.0,4,4,4,4,4,True,True,True,1,UNKNOWN,UNKNOWN,VIABLE,False,FUNCTIONAL_LOCK,A,True,0.686534350864157,0.40998237844454216,0.39739076831765996,0.9697295308091596,1.7008784432708906e-08,0.99996815944055,1.0,0.6111771339823009,1.0,90.51371997356182,0.0,e8405dfb32b95fbf
d8617433d488383c373e99a7463424e2d8c10d1f59e659826b158444f674b41b,2,ring_2,2,1,1.0,1.0,0.0,4,4,4,4,4,True,True,True,1,UNKNOWN,UNKNOWN,VIABLE,False,FUNCTIONAL_LOCK,A,True,0.7087268696652389,0.2984131709531908,0.5212408503995289,0.9607867954257341,1.7098661849964472e-10,0.9999963741326272,1.0,0.7151786986750912,1.0,89.86295231082477,0.0,139c4319dd42d899
1833f13146865de289bf409050d75670fbc9a447fd99b6d793f42d80996bdf59,2,ring_2,2,1,1.0,1.0,0.0,4,4,4,4,4,True,True,True,1,UNKNOWN,UNKNOWN,VIABLE,False,FUNCTIONAL_LOCK,A,True,0.6664331289260804,0.3523451183720206,0.46861462038871926,0.9811891871747509,1.4756532849984886e-10,0.9999976549111406,1.0,0.9908933015313913,1.0,90.35578155895928,0.0,e1610169dc4e68ad
533ffcbd1716166c1bfeb3f00e542650cbb109266be3a98f7591c93f756f5678,2,ladder_2,4,4,0.6666666666666666,2.0,0.0,4,4,4,4,4,True,True,True,1,UNKNOWN,UNKNOWN,VIABLE,False,FUNCTIONAL_LOCK,B,True,0.5452066096148951,0.20999012844204074,0.3868314581882259,0.974110566887775,0.00016745737764501368,0.9969854383798908,1.0,0.9711268702998715,1.0,173.60506912745768,0.0,19db2fb32bed7851
9d078470f38af03eb0045d00031b2e29916e96f077ac5c08bad0243289aef43c,2,ring_2,2,1,1.0,1.0,0.0,4,4,4,4,4,True,True,True,1,UNKNOWN,UNKNOWN,VIABLE,False,FUNCTIONAL_LOCK,A,True,0.6206862538532293,0.19466968871495618,0.3731843782023605,0.9995016698168929,2.0555401295295938e-12,0.9999999547433305,1.0,0.9570959047462306,1.0,78.7897025689017,0.0,3a4d99d5b841605f
bd29d5013793772a6e1603e36ff7222a4204c571d270a9f5f098d0ea3edb5d10,2,ring_2,2,1,1.0,1.0,0.0,4,4,4,4,4,True,True,True,1,UNKNOWN,UNKNOWN,VIABLE,False,FUNCTIONAL_LOCK,A,True,0.6562254688157187,0.18719173632373448,0.38518759367279565,0.9999761963391064,7.963740181305613e-09,0.9999993869350866,1.0,0.9207186333723081,1.0,78.72213639004622,0.0,3a4d99d5b841605f
09e120d04bfd8e429f73f458704e1151844c146a61d2bc4a0bbc4d74187b681f,2,ring_3,3,3,1.0,2.0,0.0,4,4,4,4,4,True,True,True,1,UNKNOWN,UNKNOWN,VIABLE,False,FUNCTIONAL_LOCK,B,True,0.5793423904684241,0.20494726751119374,0.4131577868615976,0.790743116612043,0.010422196977641301,0.9310532858118394,1.0,0.875991309460515,1.0,133.6580897050444,0.0,6357695ae876ac33
2112fab71bf3234220236cf269d805ed51253f2311278c3bb8c82bfa2602d155,2,ring_2,2,1,1.0,1.0,0.0,4,4,4,4,4,True,True,True,1,UNKNOWN,UNKNOWN,VIABLE,False,FUNCTIONAL_LOCK,A,True,0.7169639682733348,0.20601432033023875,0.37162641788439765,0.9956101993299845,2.669424450744558e-10,0.9999984708939369,1.0,0.9237893845410639,1.0,89.5210723268101,0.0,29a6648d414db444
d6ccffd1a17e217d4b0269f6d4e438cde968107750f4845e34d55ac1bd1bedf0,2,ring_2,2,1,1.0,1.0,0.0,4,4,4,4,4,True,True,True,1,UNKNOWN,UNKNOWN,VIABLE,False,FUNCTIONAL_LOCK,B,True,0.5844398550960248,0.2623542445603917,0.5412052732062639,0.9868102804593555,9.185081496059042e-11,0.9999984485539067,1.0,0.769601762994567,1.0,89.36998271080665,0.0,ff5438f2dfdb3265
6b3087b6fa258b7ff9927f7049b1c26f6ee967d44ad501861c029146f7938520,2,ring_3,3,3,1.0,2.0,0.0,4,4,4,4,4,True,True,True,1,UNKNOWN,UNKNOWN,VIABLE,False,FUNCTIONAL_LOCK,B,True,0.5725188553477878,0.2235395537111725,0.5066081812313329,0.9642188941643764,0.000510243950139986,0.9935352968687131,1.0,0.9222406076302577,1.0,134.98442626046017,0.0,0da0683c4b5c61df
64f7b9b1131af6e8bba89604cd0b6efee09a2b3325922b61d2af05af38244c50,2,ring_3,3,3,1.0,2.0,0.0,4,4,4,4,4,True,True,True,1,UNKNOWN,UNKNOWN,VIABLE,False,FUNCTIONAL_LOCK,A,True,0.6110384909615134,0.2194874782914373,0.3484762877612925,0.9330006634450851,0.0003697077437438263,0.9920202744153892,1.0,0.932561452337169,1.0,133.5141854060348,0.0,6357695ae876ac33
629273f3d5e20a2521669a69c7939ae2f69886e8ba4fdeb5a7933c0b659e998e,2,ring_2,2,1,1.0,1.0,0.0,4,4,4,4,4,True,True,True,1,UNKNOWN,UNKNOWN,VIABLE,False,FUNCTIONAL_LOCK,A,True,0.6251090995801671,0.1858206128756768,0.2516106781575058,0.9467643073754526,3.5567438732047397e-10,0.9999939286595506,1.0,0.8485684775394444,1.0,89.55365629598964,0.0,631d30bc180a91a7
52e20ca041165302a55360cf685112053bb0a4df925b972a7b900ad8f915652a,2,ring_2,2,1,1.0,1.0,0.0,4,4,4,4,4,True,True,True,1,UNKNOWN,UNKNOWN,VIABLE,False,FUNCTIONAL_LOCK,A,True,0.6948129766317391,0.19322742689124983,0.29154367975040074,0.9988394232863234,3.752171738082898e-12,0.9999999067030616,1.0,0.9619407347482835,1.0,84.53205218631774,0.0,631d30bc180a91a7
1c24ef2d255c5b4fcb22e3d1c73f20d619e2d73d3cf206aa4c28e2c25ec7b14d,2,ring_4,4,4,0.6666666666666666,2.0,0.0,4,4,4,4,4,True,True,True,1,UNKNOWN,UNKNOWN,VIABLE,False,FUNCTIONAL_LOCK,B,True,0.4754224044468469,0.19994857871809418,0.3980251669310444,0.9851634514828084,1.2392559210942573e-05,0.9995199941241919,1.0,0.8142228885679339,1.0,176.8080878580804,0.0,d738d5cef90d6aa4
2c39e20736f916da8edf00408695d9f609f93f816b2817b3ae55eb3dcf04257c,2,ring_2,2,1,1.0,1.0,0.0,4,4,4,4,4,True,True,True,1,UNKNOWN,UNKNOWN,VIABLE,False,FUNCTIONAL_LOCK,A,True,0.6770924452753728,0.21254131588131023,0.4157165851080699,0.9432328347908671,1.197456014374272e-08,0.9999636592071929,1.0,0.8590099281621328,1.0,88.32277158997022,0.0,e1610169dc4e68ad
6ab42914675e11989322e75f5b4e81522c97de286a64574a00ac168579f1e767,2,ring_2,2,1,1.0,1.0,0.0,4,4,4,4,4,True,True,True,1,UNKNOWN,UNKNOWN,VIABLE,False,FUNCTIONAL_LOCK,A,True,0.6067491632661934,0.20309254539281196,0.3997745250455983,0.9940306963908309,2.3515390370265052e-08,0.9999832614978736,1.0,0.8684396561121005,1.0,89.02793906646548,0.0,e1610169dc4e68ad
f0dcf8fb17b82e9d4dcc068a15c84e0ce866726c391e2f4f3e693cfce6d54f7b,2,ring_3,3,3,1.0,2.0,0.0,4,4,4,4,4,True,True,True,1,UNKNOWN,UNKNOWN,VIABLE,False,FUNCTIONAL_LOCK,B,True,0.5602144141878296,0.20537625799001025,0.4612029293964407,0.8946044014962683,3.799378182317597e-06,0.9990126956472322,1.0,0.8685957127236499,1.0,135.02524592808913,0.0,6357695ae876ac33
17fe0c875fe2d2972bca301e153fec6b3f0d02e35e98666f6e07a0684926e781,2,ring_2,2,1,1.0,1.0,0.0,4,4,4,4,4,True,True,True,1,UNKNOWN,UNKNOWN,VIABLE,False,FUNCTIONAL_LOCK,A,True,0.6421016649386522,0.19421987400873272,0.3801594127135039,0.9842873258335053,6.542946660050104e-09,0.9999857192857738,1.0,0.817420978689144,1.0,92.20795888616703,0.0,3a4d99d5b841605f
5ecc959e49365a3b9a5f1c24de9731ed76ffdb0abc827205bb14e832245470dd,2,ring_2,2,1,1.0,1.0,0.0,4,4,4,4,4,True,True,True,1,UNKNOWN,UNKNOWN,VIABLE,False,FUNCTIONAL_LOCK,A,True,0.6087529899313213,0.20187641152656374,0.4168510019287847,0.9791371125922399,7.555333893078327e-13,0.9999998233752964,1.0,0.881913201976189,1.0,90.00669891398866,0.0,e1610169dc4e68ad
55ade532f6aa2a0285c37c2f336c7b4f46e56c1dcd39c9a85aca938f870dad25,2,ring_2,2,1,1.0,1.0,0.0,4,4,4,4,4,True,True,True,1,UNKNOWN,UNKNOWN,VIABLE,False,FUNCTIONAL_LOCK,A,True,0.6947463286418856,0.23783423198107195,0.49188889328026447,0.9286857807469954,1.6421433770917494e-09,0.9999849712758498,1.0,0.8473767297702156,1.0,88.15024238976184,0.0,e1610169dc4e68ad
e4f0c77bf72fb39c027e5f1f620f21cb301eb9574275d1b89eeb1cc8586b772f,2,complete_4,4,6,1.0,3.0,0.0,4,4,4,4,4,True,True,True,1,UNKNOWN,UNKNOWN,VIABLE,False,FUNCTIONAL_LOCK,B,True,0.485933554070388,0.20518176083607606,0.4381771320121325,0.8254508415693804,5.038195907938473e-05,0.9953271631428792,1.0,0.9392461354644469,1.0,178.683003878803,0.0,88649e81af49a513
c970ef0a6fa7d14cfcd6def43d6e474acdf3c7146c7a1161f991e786d10f6d9c,2,ring_5,5,5,0.5,2.0,0.0,4,4,4,4,4,True,True,True,1,UNKNOWN,UNKNOWN,VIABLE,False,FUNCTIONAL_LOCK,B,True,0.5023068416682541,0.18856990275981284,0.29020159958486347,0.8635666384041945,0.0002436299898883884,0.9931961815214468,1.0,0.8551297677053642,1.0,214.82368607696844,0.0,4e0628c2485ecd4d
e0a2c405fc62607e637e3f677fa9461609d0b69885093c1b04eb8353b9bd8098,2,complete_4,4,6,1.0,3.0,0.0,4,4,4,4,4,True,True,True,1,UNKNOWN,UNKNOWN,VIABLE,False,FUNCTIONAL_LOCK,B,True,0.5600293327331225,0.2451429859444446,0.5928489522052808,0.7512991499544294,0.005768007618794654,0.9471242960747637,1.0,0.9412310139864315,1.0,120.52963121829089,0.0,340262789e51cbcb
88813f667f89a9c4dd51fa57647bea4d7e1c453703626191cf9e1a1e9c243cba,2,ring_2,2,1,1.0,1.0,0.0,4,4,4,4,4,True,True,True,1,UNKNOWN,UNKNOWN,VIABLE,False,FUNCTIONAL_LOCK,A,True,0.6581629766534787,0.18457103680422302,0.49415446103484495,0.9758308482015925,5.814524478927755e-09,0.9999833390194164,1.0,0.86949868468644,1.0,89.2003966284683,0.0,3a4d99d5b841605f
bed1245829772efc2f03ef31feffb81b2f8ab45d7a2b4eac8c6ef912a0045917,2,ring_3,3,3,1.0,2.0,0.0,4,4,4,4,4,True,True,True,1,UNKNOWN,UNKNOWN,VIABLE,False,FUNCTIONAL_LOCK,B,True,0.5633463756193547,0.4254388682228955,0.41121275690673514,0.9497085371854799,2.8209982594003215e-08,0.9999411039559936,1.0,0.6974679514321462,1.0,132.32106857950566,0.0,ccd63f5a309c9825
51bc344f94fd6f0504400d80256b8298efb4fadfc3bcb36a73a3b85341bfe419,2,ring_2,2,1,1.0,1.0,0.0,4,4,4,4,4,True,True,True,1,UNKNOWN,UNKNOWN,VIABLE,False,FUNCTIONAL_LOCK,A,True,0.6858200776226855,0.2769646771682371,0.3948114768215755,0.8928582087429278,5.445361523780038e-09,0.9999667695858353,1.0,0.9858573495352677,1.0,90.16346422978677,0.0,e1610169dc4e68ad
5c888cd097532cc25bcbf516c1625fe2147d4723a4c4057ebd9e6937fdc63b43,2,ring_2,2,1,1.0,1.0,0.0,4,4,4,4,4,True,True,True,1,UNKNOWN,UNKNOWN,VIABLE,False,FUNCTIONAL_LOCK,A,True,0.655082330314797,0.2488186763198513,0.2753222202200725,0.9064629091493966,3.133163201108751e-10,0.9999925252376552,1.0,0.8855367082173464,1.0,90.30762527225306,0.0,f261b0e8f0b24da2
9195dacd420b6358fa76a0e2a1a52392760fb8651c485c6c16cda04e1341dec1,2,ring_2,2,1,1.0,1.0,0.0,4,4,4,4,4,True,True,True,1,UNKNOWN,UNKNOWN,VIABLE,False,FUNCTIONAL_LOCK,A,True,0.6913311174983117,0.20985138420398392,0.5013606074893662,0.9935182439475443,1.5360042704079002e-10,0.9999985911321596,1.0,0.9449479559871775,1.0,89.7294798977091,0.0,ff5438f2dfdb3265
fe6da76f4c4ac68e7c14b9f10b62458cbefeb30f7f3a8215a943f35b74ff3ce9,2,ring_2,2,1,1.0,1.0,0.0,4,4,4,4,4,True,True,True,1,UNKNOWN,UNKNOWN,VIABLE,False,FUNCTIONAL_LOCK,A,True,0.6602392986116166,0.35317500536794316,0.2939731678227197,0.9530984929046251,3.107150030104778e-10,0.999994664981204,1.0,0.987372513982397,1.0,88.68006286030868,0.0,f261b0e8f0b24da2
f2a14974535260a793ca53a05ffa8e92f182b3adfc9d42b2fff8b1b8e383d083,2,ring_3,3,3,1.0,2.0,0.0,4,4,4,4,4,True,True,True,1,UNKNOWN,UNKNOWN,VIABLE,False,FUNCTIONAL_LOCK,B,True,0.5999536893377556,0.19964962044104664,0.4291171305972788,0.877733931384644,1.605237708906799e-05,0.9978261420964736,1.0,0.9550455729502232,1.0,133.8827855225536,0.0,64df6b42e1735047
13f876fe9d9e456fb2b345dbc3a634ee011bd23802e443f36d2a14eb94d85b3f,2,complete_4,4,6,1.0,3.0,0.0,4,4,4,4,4,True,True,True,1,UNKNOWN,UNKNOWN,VIABLE,False,FUNCTIONAL_LOCK,B,True,0.46993171874611295,0.2095560007057925,0.3988138525323103,0.9048140555440561,1.9391689312136573e-05,0.9981373314127465,1.0,0.8761061460608597,1.0,175.11586826242274,0.0,88649e81af49a513
964bd0b9fa545a64d1f8de9b5054b301c136e55c54969124601e67c534a09006,2,ring_2,2,1,1.0,1.0,0.0,4,4,4,4,4,True,True,True,1,UNKNOWN,UNKNOWN,VIABLE,False,FUNCTIONAL_LOCK,A,True,0.6215737260470088,0.18643139936262101,0.3980761682614455,0.9579815058729215,2.695479097667443e-09,0.9999851091054177,1.0,0.9280714984830148,1.0,94.5872216624557,0.0,3a4d99d5b841605f
fa33832b3d89a76ee7fbb3c976a4244c3c266b61a06327d458b49db133d5e6b7,2,ring_3,3,3,1.0,2.0,0.0,4,4,4,4,4,True,True,True,1,UNKNOWN,UNKNOWN,VIABLE,False,FUNCTIONAL_LOCK,B,True,0.5968312590096387,0.32068432907344746,0.5829800696215757,0.9255626684197058,1.5437217498469908e-06,0.9994806038362442,1.0,0.9037549073526145,1.0,130.5415667265188,0.0,0da0683c4b5c61df
19486ab84485460c43499868e579de47595175eaa6369b17c5f4755de6bcdcab,2,ring_2,2,1,1.0,1.0,0.0,4,4,4,4,4,True,True,True,1,UNKNOWN,UNKNOWN,VIABLE,False,FUNCTIONAL_LOCK,A,True,0.6560236842658066,0.1972932960804786,0.4827104980246899,0.9723751779510671,3.412149064545408e-10,0.9999956882043497,1.0,0.9252213050995579,1.0,89.02801398356678,0.0,3a4d99d5b841605f
94650e97ab90e408ce1d25d25eb8f8534072171d440e44374d0d14a28f850fa9,2,complete_4,4,6,1.0,3.0,0.0,4,4,4,4,4,True,True,True,1,UNKNOWN,UNKNOWN,VIABLE,False,FUNCTIONAL_LOCK,B,True,0.5223061178118573,0.3015087303685654,0.520815570756644,0.8183112777507392,0.0018471295402986117,0.9759547362030851,1.0,0.7743450232262549,1.0,177.391750744835,0.0,340262789e51cbcb
1149dbab7b9489c911ec85cbed577b986fa8b7b1161619ef02b47cc1b77be408,2,bipartite_2_2,4,4,0.6666666666666666,2.0,0.0,4,4,4,4,4,True,True,True,1,UNKNOWN,UNKNOWN,VIABLE,False,FUNCTIONAL_LOCK,B,True,0.5287856334439556,0.20726176626903242,0.4360796832530774,0.9666633039210556,1.1152693040475425e-05,0.9991872398207519,1.0,0.9820822153280895,1.0,175.2406621115515,0.0,4fa825e3687f7b68
5ecd2c0fbe7995d33af87d6871d997bf7e73ef08ffd6df2f4cd64faf0054af45,2,bipartite_2_2,4,4,0.6666666666666666,2.0,0.0,4,4,4,4,4,True,True,True,1,UNKNOWN,UNKNOWN,VIABLE,False,FUNCTIONAL_LOCK,B,True,0.5425506158930872,0.2001381069653393,0.41762179097427987,0.9584043776739603,1.3616502211619885e-06,0.9996017827525857,1.0,0.925980706751444,1.0,178.2276336926152,0.0,4fa825e3687f7b68
da5da7b19a06ad6e43ed005817c9749f566ecaee73511e8d4e1e10a2af1cdf2d,2,ring_2,2,1,1.0,1.0,0.0,4,4,4,4,4,True,True,True,1,UNKNOWN,UNKNOWN,VIABLE,False,FUNCTIONAL_LOCK,A,True,0.6522813684328482,0.21029985446524305,0.4692825679058892,0.9990184475248934,1.2191398891806815e-11,0.9999998453380822,1.0,0.9346097618936959,1.0,83.34213632281171,0.0,e1610169dc4e68ad
a39dc6bb0a65e359ea4351d5a2f3d360b3a0e4f779d89f7e29d3a619f29ce3b4,2,ring_3,3,3,1.0,2.0,0.0,4,4,4,4,4,True,True,True,1,UNKNOWN,UNKNOWN,VIABLE,False,FUNCTIONAL_LOCK,B,True,0.5475894650335122,0.3523865545212085,0.4945123744216412,0.8661093619768969,7.098598998011973e-05,0.9953351459105219,1.0,0.9486457158766874,1.0,132.47801153216278,0.0,6357695ae876ac33
777229ab97ead3bb3336b427a1ef5bd377a0080015bec75a6194f15b19f377ed,2,ring_2,2,1,1.0,1.0,0.0,4,4,4,4,4,True,True,True,1,UNKNOWN,UNKNOWN,VIABLE,False,FUNCTIONAL_LOCK,A,True,0.6626483186576324,0.1898662607238822,0.31994645438091457,0.9830187594613529,3.7646141505955784e-11,0.999998874073426,1.0,0.9208953921105736,1.0,90.36461917753331,0.0,3a4d99d5b841605f
618a9cdf6eb245a021af17ced26df56a2007ddc2b094e82a87bbb154612a39e6,2,ladder_2,4,4,0.6666666666666666,2.0,0.0,4,4,4,4,4,True,True,True,1,UNKNOWN,UNKNOWN,VIABLE,False,FUNCTIONAL_LOCK,B,True,0.49733933306141975,0.20289851704462616,0.36880403257776784,0.8585646236989668,4.211795701331074e-06,0.9986156557076242,1.0,0.858120579052577,1.0,172.2695363612729,0.0,19db2fb32bed7851
1ee03373df7663f8c8195620201da51119949d0bf5a258aa4e2f3ef75754601b,2,ring_2,2,1,1.0,1.0,0.0,4,4,4,4,4,True,True,True,1,UNKNOWN,UNKNOWN,VIABLE,False,FUNCTIONAL_LOCK,A,True,0.690088179391884,0.1948008605352899,0.4648262314608295,0.9898850108733368,1.4914795476205583e-09,0.9999945215944441,1.0,0.9387327725980078,1.0,90.44561378104845,0.0,3a4d99d5b841605f
6cbbca5caec02cd3e99bcf6b65376a5cff03522cdac6867b7696ba938bfb14d2,2,ring_2,2,1,1.0,1.0,0.0,4,4,4,4,4,True,True,True,1,UNKNOWN,UNKNOWN,VIABLE,False,FUNCTIONAL_LOCK,A,True,0.6964779525210758,0.20073133515420777,0.36446080157839505,0.9209272170386853,1.3819090008571418e-09,0.999985512130325,1.0,0.9395852667306189,1.0,90.20217960549053,0.0,e1610169dc4e68ad
954552999bf76807d2a74cada5fbf0c7a53bad81765346f5b35e20cc3aa0d493,2,ring_2,2,1,1.0,1.0,0.0,4,4,4,4,4,True,True,True,1,UNKNOWN,UNKNOWN,VIABLE,False,FUNCTIONAL_LOCK,A,True,0.6502620783624494,0.4472722741104816,0.33890845148997467,0.9901543592302714,9.883443397531468e-11,0.999998608385807,1.0,0.6491678960502543,1.0,90.23856232472463,0.0,e8405dfb32b95fbf
8f88f4bf43a906c625f74942c00d8197b64c0b1748563b8ff94c192f6f34c689,2,ring_2,2,1,1.0,1.0,0.0,4,4,4,4,4,True,True,True,1,UNKNOWN,UNKNOWN,VIABLE,False,FUNCTIONAL_LOCK,A,True,0.654787497355512,0.20083436195117846,0.3971494703173115,0.9999976312156463,1.0160318033847803e-12,0.9999999978064267,1.0,0.9481989058065995,1.0,79.45205661345972,0.0,e1610169dc4e68ad
a4c027469a20d5929388d837de33723f02bbf2b8ec19c199faeb91380ddec3e1,2,ring_2,2,1,1.0,1.0,0.0,4,4,4,4,4,True,True,True,1,UNKNOWN,UNKNOWN,VIABLE,False,FUNCTIONAL_LOCK,A,True,0.7015559096599713,0.2005650218067855,0.5493531059242408,0.9965982573562417,5.774435873986289e-09,0.9999937396105435,1.0,0.8797455339542556,1.0,86.76244107674574,0.0,139c4319dd42d899
52c98b93b46f7a45dc8a8f0aabfb3f97ad2d4b87e88d06a211743096b536cdca,2,ring_2,2,1,1.0,1.0,0.0,4,4,4,4,4,True,True,True,1,UNKNOWN,UNKNOWN,VIABLE,False,FUNCTIONAL_LOCK,A,True,0.6560059472866997,0.19790470072920785,0.3894600253746724,0.9978891075832714,1.9487365308944436e-11,0.9999997133212163,1.0,0.9473311724256037,1.0,87.93390497879591,0.0,3a4d99d5b841605f
11f30af39e046fd314ab51e5c2baaaf87c6102e3278e7b1fc24c328d6b2519b5,2,ring_3,3,3,1.0,2.0,0.0,4,4,4,4,4,True,True,True,1,UNKNOWN,UNKNOWN,VIABLE,False,FUNCTIONAL_LOCK,B,True,0.552753693225031,0.3238404919630945,0.5703091184382432,0.9944133977235612,1.3084578388414686e-09,0.9999964126451423,1.0,0.9894216051158388,1.0,132.84980337077286,0.0,0da0683c4b5c61df
ddee25b30de13639c982d770b8f2d7976a44df2ccc8e8d64d7ed9722fc73bb6d,2,ring_2,2,1,1.0,1.0,0.0,4,4,4,4,4,True,True,True,1,UNKNOWN,UNKNOWN,VIABLE,False,FUNCTIONAL_LOCK,A,True,0.6501050331432443,0.3063243997424015,0.29426705433130973,0.9994870392319833,7.86102183724181e-12,0.9999999102058258,1.0,0.5683507757902913,1.0,84.69305883027846,0.0,f261b0e8f0b24da2
9ec197be466d1d955a6e95200eb78db7a0d65c9be17f13e7edc45ff267b4d0ac,2,complete_4,4,6,1.0,3.0,0.0,4,4,4,4,4,True,True,True,1,UNKNOWN,UNKNOWN,VIABLE,False,FUNCTIONAL_LOCK,B,True,0.5403244053534477,0.19970194770285968,0.3772464009539693,0.9131832728036033,0.00033941683307115697,0.9963974402965856,1.0,0.9345978538062371,1.0,175.01251404953655,0.0,73514264e583e8b3
5cbe86b59b11288153fb9aae7b856890756cd0b466f21c4c1b1fe4b9dbdb28f7,2,bipartite_2_2,4,4,0.6666666666666666,2.0,0.0,4,4,4,4,4,True,True,True,1,UNKNOWN,UNKNOWN,VIABLE,False,FUNCTIONAL_LOCK,B,True,0.5112117962632955,0.19917477548094445,0.3539847114010864,0.7932178142287678,0.00032651189401914016,0.9857827099963243,1.0,0.9256150886847538,1.0,175.2348825582303,0.0,4ef0dcd6551f417e
314eb7f8fa66f7fe84975187f0d82cfa0e13f3a4ea80da58d701b8d8433bce03,2,ladder_2,4,4,0.6666666666666666,2.0,0.0,4,4,4,4,4,True,True,True,1,UNKNOWN,UNKNOWN,VIABLE,False,FUNCTIONAL_LOCK,B,True,0.544697237670725,0.32583043466999007,0.6289289181850625,0.9133816026782747,0.0017114239409079207,0.9782032507501583,1.0,0.9737867896691522,1.0,174.69453522504773,0.0,c406389cacdb14b8
99331227994d175551e1aa7d47eab1c93112f7312989de5922225b450f32cb0a,2,complete_4,4,6,1.0,3.0,0.0,4,4,4,4,4,True,True,True,1,UNKNOWN,UNKNOWN,VIABLE,False,FUNCTIONAL_LOCK,B,True,0.5568102671599575,0.25698341617621434,0.5897785957017172,0.8974277056757213,8.112570016650666e-05,0.9951736516606782,1.0,0.960240519221355,1.0,172.46634089242434,0.0,340262789e51cbcb
9565b0f7ea52e476283ed34ab5479b10bcc690e69a6a0a442fe26afe549d0eae,2,ring_5,5,5,0.5,2.0,0.0,4,4,4,4,4,True,True,True,1,UNKNOWN,UNKNOWN,VIABLE,False,FUNCTIONAL_LOCK,B,True,0.4556271208098359,0.34191103024415515,0.5877030970313898,0.9141032210504297,9.983712433058343e-05,0.9936341421488935,1.0,0.528013646171341,1.0,213.37892472505337,0.0,c4719ae324f325dd
1406a40ed39aacf085ba48874a9643eace72f7221129aed27094e9f27f0af763,2,ring_3,3,3,1.0,2.0,0.0,4,4,4,4,4,True,True,True,1,UNKNOWN,UNKNOWN,VIABLE,False,FUNCTIONAL_LOCK,A,True,0.608388078637866,0.19607045799945808,0.5528358233721703,0.9551204978863976,2.277734041450138e-06,0.9994885568896024,1.0,0.9720701498827106,1.0,135.56672150432132,0.0,37ea3881796ceb70
5e70b5b3dbb75a52e9be8dc2714fb81c0c5427685619ffdd3f4493a72f632fe8,2,ring_3,3,3,1.0,2.0,0.0,4,4,4,4,4,True,True,True,1,UNKNOWN,UNKNOWN,VIABLE,False,FUNCTIONAL_LOCK,B,True,0.5708897025994848,0.20621254183830035,0.3673303365550765,0.8548092369823793,4.588284387656322e-07,0.9996157709553503,1.0,0.9190821184667959,1.0,133.6477249970194,0.0,6357695ae876ac33
bad219722f9191fc092f2d41d132dd6d4d097dad8807d0b0db380d04fb5110e1,2,ring_3,3,3,1.0,2.0,0.0,4,4,4,4,4,True,True,True,1,UNKNOWN,UNKNOWN,VIABLE,False,FUNCTIONAL_LOCK,B,True,0.5585824771749137,0.23762813939953553,0.5104576845863188,0.9572645753864569,1.6442925913814234e-06,0.9995792655938762,1.0,0.8692068987599513,1.0,135.67516443523346,0.0,0da0683c4b5c61df
e0f47fac784e9b40b87537feb00f81d08fb6156a5b7ec482faeb424def7aa44d,2,bipartite_2_2,4,4,0.6666666666666666,2.0,0.0,4,4,4,4,4,True,True,True,1,UNKNOWN,UNKNOWN,VIABLE,False,FUNCTIONAL_LOCK,B,True,0.48727973163614036,0.20678350233756237,0.4972200214292899,0.8352611383746987,0.0002630580609937327,0.9882012811513753,1.0,0.9309452399097595,1.0,176.19426662428305,0.0,4fa825e3687f7b68
bf1597c1867f2db0ae72a4f9e7b3242c7719e31e238870d4ac2847ff0b0d13f0,2,ring_2,2,1,1.0,1.0,0.0,4,4,4,4,4,True,True,True,1,UNKNOWN,UNKNOWN,VIABLE,False,FUNCTIONAL_LOCK,A,True,0.6893440160592721,0.1978316507762771,0.23884908285089634,0.999961921496932,1.4955261103322785e-12,0.9999999893285855,1.0,0.9333173421933882,1.0,79.92869821179193,0.0,631d30bc180a91a7
d70176e703d1a9245cc1747141d1720d49d0df97d991ddebb2ac259df2351a49,2,ring_3,3,3,1.0,2.0,0.0,4,4,4,4,4,True,True,True,1,UNKNOWN,UNKNOWN,VIABLE,False,FUNCTIONAL_LOCK,B,True,0.5641597310156414,0.2036827094152797,0.5172603223826244,0.9549565121372684,8.316266297318892e-08,0.999901913783299,1.0,0.9736330651149374,1.0,133.75960902421502,0.0,0da0683c4b5c61df
1eff0f9bc74b43b86352fe1141af0d2b851974ef103c02d8da50d8d8fbe2d36f,2,ring_3,3,3,1.0,2.0,0.0,4,4,4,4,4,True,True,True,1,UNKNOWN,UNKNOWN,VIABLE,False,FUNCTIONAL_LOCK,B,True,0.5374140559430713,0.32015336832087815,0.612799372736039,0.9896098869053321,5.313782228963601e-07,0.9998810729074344,1.0,0.9691877097422179,1.0,132.09901743923547,0.0,0da0683c4b5c61df
e3351b838cde318d99b0e2da8cef319914a24b7e350391d90ba918fcdb4efc58,2,bipartite_2_2,4,4,0.6666666666666666,2.0,0.0,4,4,4,4,4,True,True,True,1,UNKNOWN,UNKNOWN,VIABLE,False,FUNCTIONAL_LOCK,B,True,0.5140639109372401,0.25975291859985883,0.49483793452247493,0.8695423993987772,5.6119615566141214e-05,0.9956774755017115,1.0,0.6560835704860912,1.0,175.61305088020163,0.0,4fa825e3687f7b68
a2b6c106c04530d978e9c46de323170ce2ed2f8e8575feba868d886995cee0be,2,ring_2,2,1,1.0,1.0,0.0,4,4,4,4,4,True,True,True,1,UNKNOWN,UNKNOWN,VIABLE,False,FUNCTIONAL_LOCK,A,True,0.6025542478351346,0.1850702517039137,0.2519998939038974,0.998389972672406,6.040625212540017e-12,0.9999998605888066,1.0,0.8274044330260131,1.0,86.32738673919812,0.0,631d30bc180a91a7
88cbc6c0ac435d787e583389a5befecdda51faaee01aa413239ded76023271e8,2,complete_4,4,6,1.0,3.0,0.0,4,4,4,4,4,True,True,True,1,UNKNOWN,UNKNOWN,VIABLE,False,FUNCTIONAL_LOCK,B,True,0.5009613020955884,0.26353882035948595,0.5690897930632692,0.951047376192224,0.0001439100193435967,0.9981632263978469,1.0,0.7297666352558988,1.0,174.8921658527688,0.0,340262789e51cbcb
c97849100cd76ca812d56e8ca8ec52bc1faf2e9a27dedd2eee081fdeb41a63cb,2,ring_3,3,3,1.0,2.0,0.0,4,4,4,4,4,True,True,True,1,UNKNOWN,UNKNOWN,VIABLE,False,FUNCTIONAL_LOCK,B,True,0.5719150985810854,0.1980225683695045,0.45493980532703265,0.9712124203962218,1.414099665568244e-07,0.9999200727783221,1.0,0.9110864769276624,1.0,132.1273961403058,0.0,64df6b42e1735047
bcc5b87fd6ebd9dc66040e79e689330da9427207d76d0335aceaaaad2100cc0b,2,ring_2,2,1,1.0,1.0,0.0,4,4,4,4,4,True,True,True,1,UNKNOWN,UNKNOWN,VIABLE,False,FUNCTIONAL_LOCK,A,True,0.6771652685601781,0.18637152940322438,0.2967767429689081,0.9973700441232709,7.326206449942635e-12,0.9999998038252061,1.0,0.8581916322907183,1.0,87.45699629175942,0.0,631d30bc180a91a7
30621aa803e8a9c904577c8426bf2ff08d598c6e0e069f8f69591f3259b4eab6,2,ring_2,2,1,1.0,1.0,0.0,4,4,4,4,4,True,True,True,1,UNKNOWN,UNKNOWN,VIABLE,False,FUNCTIONAL_LOCK,A,True,0.6572446142638486,0.2035633589367009,0.5319482593748939,0.9366191061648703,5.621047685118709e-09,0.999973734506767,1.0,0.9407080930840606,1.0,89.66084361920366,0.0,ff5438f2dfdb3265
bf56caf5487d0a541663da280762fd5782c2d2835f9a7c94ca5d9ff3ddab9fdb,2,ring_2,2,1,1.0,1.0,0.0,4,4,4,4,4,True,True,True,1,UNKNOWN,UNKNOWN,VIABLE,False,FUNCTIONAL_LOCK,A,True,0.6423598471758905,0.21261268474791375,0.4096131119500199,0.9968621167397607,8.266245896147386e-10,0.9999977237749358,1.0,0.9389764119036701,1.0,87.1053749297862,0.0,e1610169dc4e68ad
75bea7d45d402f7b4729db82c4453cca994b2d4dcdfd5a69990417761a002b6d,2,ring_2,2,1,1.0,1.0,0.0,4,4,4,4,4,True,True,True,1,UNKNOWN,UNKNOWN,VIABLE,False,FUNCTIONAL_LOCK,A,True,0.7103215884921364,0.19104693010437934,0.2771966217264786,0.9998994381970697,1.6839290106634543e-10,0.9999998160367307,1.0,0.9634201378953361,1.0,79.69308564841049,0.0,c5b04e6ae0f670fc
fbf2101adc996229674b28d31638742c3b4efa8fe2b75712fae33ac8236f7eef,2,ring_3,3,3,1.0,2.0,0.0,4,4,4,4,4,True,True,True,1,UNKNOWN,UNKNOWN,VIABLE,False,FUNCTIONAL_LOCK,B,True,0.5713342724294987,0.3057062148952634,0.5222702151140972,0.9079743418714397,7.433421433162983e-07,0.9995889640782799,1.0,0.8857637501642761,1.0,132.07201006246032,0.0,0da0683c4b5c61df
daf4deaa9c2a1632cd684a28f583d01653783b321b4c566711f247d7b91eb5d3,2,ring_3,3,3,1.0,2.0,0.0,4,4,4,4,4,True,True,True,1,UNKNOWN,UNKNOWN,VIABLE,False,FUNCTIONAL_LOCK,B,True,0.5409811742752106,0.2134867215046647,0.5241316196165504,0.9831504546254041,1.568212302689431e-09,0.9999916674181343,1.0,0.930507402261181,1.0,131.73168018693104,0.0,0da0683c4b5c61df
dca6d7902d501b74c655177de0a8c9430e3f444b1a77ae04d5948656bddfa251,2,ladder_2,4,4,0.6666666666666666,2.0,0.0,4,4,4,4,4,True,True,True,1,UNKNOWN,UNKNOWN,VIABLE,False,FUNCTIONAL_LOCK,B,True,0.4893746989933325,0.2047891974044088,0.5277347264618216,0.9462354400279508,1.3872716598814416e-06,0.9994764920383419,1.0,0.9549117224146088,1.0,170.1540139549179,0.0,c406389cacdb14b8
47e5bc603c9e86e9cf9384c43a9f380a7ca6ec0ab7fdd03df11b2b58e955e2fc,2,ring_2,2,1,1.0,1.0,0.0,4,4,4,4,4,True,True,True,1,UNKNOWN,UNKNOWN,VIABLE,False,FUNCTIONAL_LOCK,A,True,0.6890784251759323,0.19045662334463648,0.2924625993966352,0.9991473526184056,8.433651355406152e-11,0.999999620876087,1.0,0.8826001185265974,1.0,85.07027725828812,0.0,631d30bc180a91a7
8bc32e1622afc44a5e9c3a8a8885b2a2b4abdd6b979899ba766fc8cf9e77d365,2,ladder_2,4,4,0.6666666666666666,2.0,0.0,4,4,4,4,4,True,True,True,1,UNKNOWN,UNKNOWN,VIABLE,False,FUNCTIONAL_LOCK,B,True,0.486890445380155,0.20954327959153987,0.40865827949315386,0.9401081859934677,4.0202838585718165e-05,0.9974567225919831,1.0,0.9236238282977041,1.0,171.26743357017403,0.0,19db2fb32bed7851
3b5dbdbca8f4e1ebe18974215fa02b263266b7a7db8cd14c3a6c36368c4f1a0c,2,ring_2,2,1,1.0,1.0,0.0,4,4,4,4,4,True,True,True,1,UNKNOWN,UNKNOWN,VIABLE,False,FUNCTIONAL_LOCK,B,True,0.5980898453837983,0.20663674512796196,0.35473126395300725,0.9719734363978146,1.4091013224968706e-10,0.99999720933959,1.0,0.7996406266879275,1.0,89.4158252987545,0.0,e1610169dc4e68ad
72e72e49a9f8404415a8c819c0b49ebaac1b9bb398ad8411c1feb745fdd14b19,2,ring_3,3,3,1.0,2.0,0.0,4,4,4,4,4,True,True,True,1,UNKNOWN,UNKNOWN,VIABLE,False,FUNCTIONAL_LOCK,A,True,0.6484190625534648,0.3628295204671692,0.6364443973695079,0.9475852308101093,1.8589868933011732e-09,0.9999844498727357,1.0,0.9435127409594939,1.0,130.71798171446426,0.0,0da0683c4b5c61df
5136d59fadf09b672cc8409cbb7650e2cd1cf100bf82aa460d61c9e7b3dccf36,2,complete_4,4,6,1.0,3.0,0.0,4,4,4,4,4,True,True,True,1,UNKNOWN,UNKNOWN,VIABLE,False,FUNCTIONAL_LOCK,B,True,0.5134413447397648,0.2405656318021017,0.4786311695306238,0.7842311208753897,0.0010550977499647618,0.9780235249932792,1.0,0.8676566201280215,1.0,165.5750267325784,0.0,88649e81af49a513
0b94a1bc896111fe5af56f93ae6478111eff4b8e098166c8ad72bf6d72794724,2,ring_3,3,3,1.0,2.0,0.0,4,4,4,4,4,True,True,True,1,UNKNOWN,UNKNOWN,VIABLE,False,FUNCTIONAL_LOCK,B,True,0.53461688129574,0.19577858945621698,0.38250159634639846,0.9966696035679917,2.691938874020817e-06,0.9999449360277884,1.0,0.9312196169749306,1.0,130.443215673964,0.0,64df6b42e1735047
b066435d57197b58c440b8e8c0abc53397b8f066134ec0361550fe53ba01fff3,2,ring_4,4,4,0.6666666666666666,2.0,0.0,4,4,4,4,4,True,True,True,1,UNKNOWN,UNKNOWN,VIABLE,False,FUNCTIONAL_LOCK,B,True,0.5679420352573316,0.3970838294639475,0.5299649554677985,0.7578072584823976,0.004057882006547353,0.9458263053825701,1.0,0.9735196816803546,1.0,122.36171049647965,0.0,34c0b895c1d9f5c5
2317fbd4fe55e78daf84272996af6635061b596466cf249218a121965119db93,2,ring_3,3,3,1.0,2.0,0.0,4,4,4,4,4,True,True,True,1,UNKNOWN,UNKNOWN,VIABLE,False,FUNCTIONAL_LOCK,B,True,0.5807863695416244,0.2863978875572323,0.5428494168319532,0.9439070454275001,5.034282079697724e-09,0.9999731851199831,1.0,0.9753786996481574,1.0,133.41190949297743,0.0,0da0683c4b5c61df
f9481869efb810b7aef46426e4560fb91d4cec78e0301ddf542bb3ab59b24d50,2,ring_3,3,3,1.0,2.0,0.0,4,4,4,4,4,True,True,True,1,UNKNOWN,UNKNOWN,VIABLE,False,FUNCTIONAL_LOCK,B,True,0.5634396803808196,0.24170805486063976,0.45692963973251205,0.9794229517783856,7.202710650605474e-07,0.9998233816191788,1.0,0.7741225729853278,1.0,131.11320624127984,0.0,6357695ae876ac33
a1d313d996bcfca272dc775d339e9c37f24884d5285ecca2de954fd2a4115827,2,ring_2,2,1,1.0,1.0,0.0,4,4,4,4,4,True,True,True,1,UNKNOWN,UNKNOWN,VIABLE,False,FUNCTIONAL_LOCK,A,True,0.6837828194015574,0.19406159715539062,0.34334921314310063,0.9928726428975558,8.887147052761154e-12,0.999999644706059,1.0,0.9487914727132015,1.0,89.4096598692704,0.0,3a4d99d5b841605f
8ebd263d4bf7f82e934c8407ab32b99a7b344b8a90dad44382276a53a6b10bd1,2,ring_3,3,3,1.0,2.0,0.0,4,4,4,4,4,True,True,True,1,UNKNOWN,UNKNOWN,VIABLE,False,FUNCTIONAL_LOCK,B,True,0.5621697667008014,0.20671798217833132,0.5140039259907363,0.960052877283571,7.648553787220572e-08,0.9999275093120094,1.0,0.9472694444345726,1.0,135.83619593491312,0.0,0da0683c4b5c61df
af18afe2d02254f043c6ab113269ba27980e13a4fbe18a29935957f9205049e8,2,ring_2,2,1,1.0,1.0,0.0,4,4,4,4,4,True,True,True,1,UNKNOWN,UNKNOWN,VIABLE,False,FUNCTIONAL_LOCK,A,True,0.736949639095343,0.21057499448089056,0.5061560210554819,0.9858985000533111,4.530668490085735e-10,0.9999964381779162,1.0,0.8902434632625725,1.0,90.993923943548,0.0,139c4319dd42d899
2cda9d21c2704df2fdabed9ec62fbae987d975b233c834e77587a483b0a25ee2,2,ladder_2,4,4,0.6666666666666666,2.0,0.0,4,4,4,4,4,True,True,True,1,UNKNOWN,UNKNOWN,VIABLE,False,FUNCTIONAL_LOCK,B,True,0.549034199608671,0.26069789322468356,0.5319588238409121,0.8727941568495616,3.3003169624391174e-06,0.9995716499127077,1.0,0.867218281560413,1.0,176.45294272631872,0.0,c406389cacdb14b8
a08b6e5f90bcc1147d3181eb5fb4881a3d9e2d458ed6b508b5a18821a12a4542,2,ring_2,2,1,1.0,1.0,0.0,4,4,4,4,4,True,True,True,1,UNKNOWN,UNKNOWN,VIABLE,False,FUNCTIONAL_LOCK,A,True,0.646035659130346,0.21520879217741587,0.3419296462439241,0.9914328891652882,2.919677755719582e-11,0.9999992942227667,1.0,0.9119900343246508,1.0,90.13760286825709,0.0,e1610169dc4e68ad
2ee93b125d519edc008b0619606047b59891cc326c42b2de94d439ffdb8a9a3d,2,ring_2,2,1,1.0,1.0,0.0,4,4,4,4,4,True,True,True,1,UNKNOWN,UNKNOWN,VIABLE,False,FUNCTIONAL_LOCK,A,True,0.6698671147979369,0.18706973125402215,0.3463592528718421,0.9988856836026668,5.7241787903298e-12,0.9999998870843202,1.0,0.9580627748247279,1.0,82.85799649258843,0.0,3a4d99d5b841605f
0036f9c5913e34fd327ab78cc9e3debab6d4fe9190d967b45e343d589cc08f29,2,ring_4,4,4,0.6666666666666666,2.0,0.0,4,4,4,4,4,True,True,True,1,UNKNOWN,UNKNOWN,VIABLE,False,FUNCTIONAL_LOCK,B,True,0.5340525521881643,0.19578294198136562,0.44596903520440595,0.9276552348573541,9.383404051278589e-08,0.9999801878956043,1.0,0.9371514627188828,1.0,174.42376640153816,0.0,d738d5cef90d6aa4
8dbf4f35d73b10a8ae83774e5d72d69f98574aa00d9db0cf93b665b0a0ec7f1a,2,ring_2,2,1,1.0,1.0,0.0,4,4,4,4,4,True,True,True,1,UNKNOWN,UNKNOWN,VIABLE,False,FUNCTIONAL_LOCK,A,True,0.6763712981767029,0.31474730455509536,0.5708085239246903,0.9798062419576451,7.312483804034569e-09,0.9999828992410429,1.0,0.8628396662400699,1.0,90.13165872369427,0.0,ff5438f2dfdb3265
c49ea023d1ffcf738df789b3eff5a11b114ab906213e995cbc36fd196a2da927,2,bipartite_2_2,4,4,0.6666666666666666,2.0,0.0,4,4,4,4,4,True,True,True,1,UNKNOWN,UNKNOWN,VIABLE,False,FUNCTIONAL_LOCK,B,True,0.5469917156131512,0.36426496864956526,0.6449780288668739,0.8680576422527838,0.0003229273776828957,0.9885284931745703,1.0,0.8369494010881178,1.0,175.8365397216985,0.0,7cd2b5aea0f64b1d
e8e74bb6b3fbf8edd160346707ef75c5301ae971699bf0f54977bc57387405ba,2,ring_2,2,1,1.0,1.0,0.0,4,4,4,4,4,True,True,True,1,UNKNOWN,UNKNOWN,VIABLE,False,FUNCTIONAL_LOCK,A,True,0.7073735375592399,0.33506163787866905,0.5802901435037758,0.9358720188204412,3.271329511726311e-10,0.9999936273810147,1.0,0.9366533306455165,1.0,89.89507596805925,0.0,139c4319dd42d899
16b6825d7439fcd0d8aad502d67a5a8b8144be2b7ee7a695897cfc7e806ff9dd,2,ring_3,3,3,1.0,2.0,0.0,4,4,4,4,4,True,True,True,1,UNKNOWN,UNKNOWN,VIABLE,False,FUNCTIONAL_LOCK,B,True,0.5085476357673203,0.1968834771839384,0.3753162849841228,0.9703243095505552,2.3180198274005672e-08,0.999964445335839,1.0,0.9443979160480436,1.0,131.5863733785227,0.0,64df6b42e1735047
2d06a8ca65f63d80688c6ba95cb62b9333762a3676ee7ad56684f1cdb1872f0e,2,ring_3,3,3,1.0,2.0,0.0,4,4,4,4,4,True,True,True,1,UNKNOWN,UNKNOWN,VIABLE,False,FUNCTIONAL_LOCK,B,True,0.5835132490394312,0.3471303840643144,0.2853534559609983,0.921103997213721,2.0310545314214436e-06,0.999373648199683,1.0,0.5816292727949912,1.0,132.43031676847022,0.0,1fb225336c283f91
cd23b782b5a629b894441350922aa552593ddc9953981021caeef82e7748330f,2,ring_2,2,1,1.0,1.0,0.0,4,4,4,4,4,True,True,True,1,UNKNOWN,UNKNOWN,VIABLE,False,FUNCTIONAL_LOCK,A,True,0.7417220350163474,0.23526097994155915,0.3397656491130992,0.9188296092771954,2.1018411063463105e-08,0.9999427891113037,1.0,0.9745490807665552,1.0,89.58512269001221,0.0,29a6648d414db444
eaf515098d91cf222e5eebea1d7c11140b1d12522a46573fd40ac95c2fde3f55,2,ladder_2,4,4,0.6666666666666666,2.0,0.0,4,4,4,4,4,True,True,True,1,UNKNOWN,UNKNOWN,VIABLE,False,FUNCTIONAL_LOCK,B,True,0.49641443307458877,0.34072687279739106,0.6269342217914531,0.9137481204135188,7.058552711636991e-06,0.9989679700649303,1.0,0.8562342326402163,1.0,176.0526372443419,0.0,c406389cacdb14b8
e612df2635422be30052041461c45c9aa26b43821f8ec343c35206e7f36db45f,2,bipartite_2_2,4,4,0.6666666666666666,2.0,0.0,4,4,4,4,4,True,True,True,1,UNKNOWN,UNKNOWN,VIABLE,False,FUNCTIONAL_LOCK,B,True,0.5451312033815213,0.330930906106619,0.6044637054633183,0.7649537193898815,0.0019364681207704084,0.9655822607095248,1.0,0.8527011624458173,1.0,128.38982879754622,0.0,7cd2b5aea0f64b1d
2bfe72df513b1ca04f820e1f418191998931f56306b65e9d5d849c4754539800,2,ring_2,2,1,1.0,1.0,0.0,4,4,4,4,4,True,True,True,1,UNKNOWN,UNKNOWN,VIABLE,False,FUNCTIONAL_LOCK,A,True,0.6740926157413429,0.24240223476538614,0.2981948079510124,0.9103094449811715,1.4252284592989589e-08,0.9999505885612949,1.0,0.8502448390954433,1.0,90.61020991409896,0.0,f261b0e8f0b24da2
713dac30a848acabcb10c7ccab1b8ed073edda8c238e619ac39e4db07840e916,2,ring_4,4,4,0.6666666666666666,2.0,0.0,4,4,4,4,4,True,True,True,1,UNKNOWN,UNKNOWN,VIABLE,False,FUNCTIONAL_LOCK,B,True,0.48626773806969115,0.19190132856788222,0.4661882401879131,0.7729824554775857,0.005892348328815534,0.9441711644293016,1.0,0.9067979068963403,1.0,140.5525295015541,0.0,d738d5cef90d6aa4
309e2fca45be70b296ad3005bbc5c9ece508a6929e1e0a444cd6cea038e8464a,2,ring_2,2,1,1.0,1.0,0.0,4,4,4,4,4,True,True,True,1,UNKNOWN,UNKNOWN,VIABLE,False,FUNCTIONAL_LOCK,A,True,0.6868986358758324,0.33800087730628303,0.4785818071159792,0.9987340958270927,8.634084902492395e-12,0.9999998521961352,1.0,0.9522332892370815,1.0,85.63681518851081,0.0,e1610169dc4e68ad
73b0f43aedfae82b179ab3c2b39a84071942e0df70fbc43d9a8594ecd660f14b,2,ring_3,3,3,1.0,2.0,0.0,4,4,4,4,4,True,True,True,1,UNKNOWN,UNKNOWN,VIABLE,False,FUNCTIONAL_LOCK,B,True,0.5717741888536427,0.3520290086876521,0.5567246591940571,0.9887854386614261,3.789839961578805e-10,0.9999968678845669,1.0,0.98323710352692,1.0,133.04460879479302,0.0,0da0683c4b5c61df
1422ed2a6c43db52d3368fc895ea9858fd99232614b099d95352325048ecb822,2,ring_2,2,1,1.0,1.0,0.0,4,4,4,4,4,True,True,True,1,UNKNOWN,UNKNOWN,VIABLE,False,FUNCTIONAL_LOCK,A,True,0.6833176568736381,0.4592502940881172,0.2396089105824791,0.9803677309247093,1.7735434506635408e-10,0.9999973740750466,1.0,0.8355240578249987,1.0,89.32409676426323,0.0,f0557bf15eafec94
2fb708189ca894f42867e31b2d1a6b6da40e4a1ce3410d2b3193b4005976865a,2,ring_2,2,1,1.0,1.0,0.0,4,4,4,4,4,True,True,True,1,UNKNOWN,UNKNOWN,VIABLE,False,FUNCTIONAL_LOCK,A,True,0.6612232067163324,0.35120222771152354,0.5160794330374706,0.9652056759360139,2.1687179381939187e-10,0.9999961491228309,1.0,0.9918434510584526,1.0,90.28672576101962,0.0,ff5438f2dfdb3265
d460fdee888419940e520dbd88b16dddafdde8b25b2ee6cf732d998a0adac20f,2,bipartite_2_2,4,4,0.6666666666666666,2.0,0.0,4,4,4,4,4,True,True,True,1,UNKNOWN,UNKNOWN,VIABLE,False,FUNCTIONAL_LOCK,B,True,0.4895637979800183,0.3241039586786142,0.6940752793185724,0.9395757649252471,0.0005190883364182364,0.9908672515359169,1.0,0.9570747693176174,1.0,174.17690661299275,0.0,7cd2b5aea0f64b1d
19bec4351b23cfdb5aefa0afd101d79a82bdf0babfc0aa1fbab00736c9d54bbf,2,ring_2,2,1,1.0,1.0,0.0,4,4,4,4,4,True,True,True,1,UNKNOWN,UNKNOWN,VIABLE,False,FUNCTIONAL_LOCK,A,True,0.7203126373547093,0.2152775036835494,0.21507782687017515,0.968057157029668,4.4305950563484244e-10,0.9999947223983917,1.0,0.9391977459259654,1.0,90.51528688997496,0.0,fb7350f7dc10dcaf
4c2fb34e595d57a1e392321d1f5439bc743db2d0e66e8c145db3649acf941023,2,ring_2,2,1,1.0,1.0,0.0,4,4,4,4,4,True,True,True,1,UNKNOWN,UNKNOWN,VIABLE,False,FUNCTIONAL_LOCK,A,True,0.6557166246963638,0.243362699332562,0.3934554392102498,0.7806522064166456,0.00011678520255833724,0.9932564306079756,1.0,0.718493945431707,1.0,91.1798419552506,0.0,e1610169dc4e68ad
923dfe898e38fc7d796c18d558db23c48b4322c3942e3a1a3321d23cebce1175,2,ring_2,2,1,1.0,1.0,0.0,4,4,4,4,4,True,True,True,1,UNKNOWN,UNKNOWN,VIABLE,False,FUNCTIONAL_LOCK,A,True,0.7178214982611303,0.21660454254489236,0.324134355777795,0.9142213610762654,3.796908664953587e-09,0.9999750321786228,1.0,0.9686831054584231,1.0,90.7817659812863,0.0,29a6648d414db444
bc97c98e817aa702b18a5470f90eb57a77c248818d931a6ab310309878aecd98,2,ring_2,2,1,1.0,1.0,0.0,4,4,4,4,4,True,True,True,1,UNKNOWN,UNKNOWN,VIABLE,False,FUNCTIONAL_LOCK,A,True,0.6901107214694998,0.2050397218712919,0.5028335858307826,0.8658442136991593,8.890903200333568e-06,0.9985100574052399,1.0,0.9487119252539247,1.0,90.48862533131614,0.0,ff5438f2dfdb3265
0da614437804e5b8a14d5b4f0308e523051fe34f39f50c9009817f948216e07e,2,ring_2,2,1,1.0,1.0,0.0,4,4,4,4,4,True,True,True,1,UNKNOWN,UNKNOWN,VIABLE,False,FUNCTIONAL_LOCK,A,True,0.6705709163557345,0.19869290012576105,0.39139736617573834,0.9402457178558256,2.645490350132543e-10,0.9999944619305929,1.0,0.9163813706557957,1.0,90.81134743301664,0.0,3a4d99d5b841605f
391535fd356c81442787e434cde32d3169a13d4f8bc8e0b57d42119eecc709ca,2,ring_2,2,1,1.0,1.0,0.0,4,4,4,4,4,True,True,True,1,UNKNOWN,UNKNOWN,VIABLE,False,FUNCTIONAL_LOCK,A,True,0.6476282522347729,0.35673103156403474,0.38600448948518323,0.9384373436729302,1.7216034580449153e-10,0.999995467364157,1.0,0.9417569352433769,1.0,90.14165469881846,0.0,e1610169dc4e68ad
329b419a7b9c2e8b190f3576aaf6b07d36e024ccf8c8d7934c72abc84f5ba1d8,2,ring_3,3,3,1.0,2.0,0.0,4,4,4,4,4,True,True,True,1,UNKNOWN,UNKNOWN,VIABLE,False,FUNCTIONAL_LOCK,B,True,0.5199300704630527,0.20089241590840712,0.33764340180757685,0.9988277646111418,7.32293207061876e-08,0.9999940795938129,1.0,0.9438373152350804,1.0,123.67208989075152,0.0,6357695ae876ac33
ea7b16200708c4849c95fcc54aeef9d82f670f220c37ed3099c18091ad5e156e,2,ring_3,3,3,1.0,2.0,0.0,4,4,4,4,4,True,True,True,1,UNKNOWN,UNKNOWN,VIABLE,False,FUNCTIONAL_LOCK,A,True,0.606180901538963,0.1909746544700218,0.3816633641972549,0.9525335929012401,4.989065529198633e-10,0.9999922432280479,1.0,0.8804060348904974,1.0,131.3328396254219,0.0,64df6b42e1735047
cb74a2b7d92d673e69d442b43e4231e985f19cb0c054b8698a51d8685299e12f,2,ring_2,2,1,1.0,1.0,0.0,4,4,4,4,4,True,True,True,1,UNKNOWN,UNKNOWN,VIABLE,False,FUNCTIONAL_LOCK,A,True,0.7193045667721694,0.3076010122268931,0.6427924708815788,0.8923712810680019,5.7001960912898264e-09,0.9999659280431223,1.0,0.802724707492974,1.0,89.43830929894466,0.0,139c4319dd42d899
34ea9cb3ab09435638edd4f4e5c508af65654ed592363c849ce7464a8e83a5c8,2,ring_2,2,1,1.0,1.0,0.0,4,4,4,4,4,True,True,True,1,UNKNOWN,UNKNOWN,VIABLE,False,FUNCTIONAL_LOCK,A,True,0.6950729969470771,0.19445614991771673,0.4169516722247748,0.9999657401222082,5.713964982489879e-11,0.9999999374021231,1.0,0.9572976670137754,1.0,78.15512554679299,0.0,3a4d99d5b841605f
a6e84e3e787ee7f8d311eecd0af24df8a5534530d56a73fde2fc966e85c8123f,2,ring_2,2,1,1.0,1.0,0.0,4,4,4,4,4,True,True,True,1,UNKNOWN,UNKNOWN,VIABLE,False,FUNCTIONAL_LOCK,A,True,0.6478933821259235,0.30390729313517917,0.4570285662050456,0.9298692795125342,3.6906075679955843e-10,0.9999929326167344,1.0,0.5717525487354566,1.0,89.41700636933092,0.0,e1610169dc4e68ad
85740e3ec545777cdfeb11c2e3222259d15f94ec71a3216fd8beb29df73447e6,2,ring_3,3,3,1.0,2.0,0.0,4,4,4,4,4,True,True,True,1,UNKNOWN,UNKNOWN,VIABLE,False,FUNCTIONAL_LOCK,B,True,0.5379058395231364,0.3513206233918272,0.679829134840406,0.9683603269938961,9.168235006773614e-10,0.9999913237035156,1.0,0.9512189929747475,1.0,133.52512978820596,0.0,0da0683c4b5c61df
2d8aa1e436f8ecdd4e67980d63382788be5416ac2b28e073efdd8bcfe12b104e,2,ring_2,2,1,1.0,1.0,0.0,4,4,4,4,4,True,True,True,1,UNKNOWN,UNKNOWN,VIABLE,False,FUNCTIONAL_LOCK,A,True,0.6593483009533477,0.3506190092665627,0.5310951157619714,0.993249143150883,3.783249124087825e-11,0.9999992865017564,1.0,0.9842599123983087,1.0,89.85185440757778,0.0,ff5438f2dfdb3265
dc97475fa768f5f02134e9c1003373c77b0653ca413da4ea006b1e78d8fed20e,2,bipartite_2_2,4,4,0.6666666666666666,2.0,0.0,4,4,4,4,4,True,True,True,1,UNKNOWN,UNKNOWN,VIABLE,False,FUNCTIONAL_LOCK,B,True,0.4572523424889804,0.23332794704903378,0.46364137154892976,0.9296466936441812,5.7195048700584795e-05,0.9998047906539389,1.0,0.7090723910857825,1.0,172.9550935375155,0.0,4fa825e3687f7b68
2da936ddb9f6ac830871b8633851329bdee4b99f13d70aba6f66f2f62693fd0f,2,complete_4,4,6,1.0,3.0,0.0,4,4,4,4,4,True,True,True,1,UNKNOWN,UNKNOWN,VIABLE,False,FUNCTIONAL_LOCK,B,True,0.4669281866804335,0.2166182467803198,0.3618023878318085,0.9452524648175722,3.1449133098587974e-05,0.9983232499737237,1.0,0.8772173809702791,1.0,174.04032928455854,0.0,88649e81af49a513
644ab99e343eaaecdc81e837b7db8f94afa41365dc14613745a18d65505a7f70,2,ring_2,2,1,1.0,1.0,0.0,4,4,4,4,4,True,True,True,1,UNKNOWN,UNKNOWN,VIABLE,False,FUNCTIONAL_LOCK,A,True,0.6784428876712602,0.19303791060093423,0.3164445267655996,0.959529341086793,3.778411093738515e-10,0.9999945260546342,1.0,0.9688417996876505,1.0,94.06560394878034,0.0,3a4d99d5b841605f
f33e8a8e8e3f53706d6919dc07aedfe3e025bf3f2c3e05932c001e192e842f2c,2,ring_3,3,3,1.0,2.0,0.0,4,4,4,4,4,True,True,True,1,UNKNOWN,UNKNOWN,VIABLE,False,FUNCTIONAL_LOCK,B,True,0.5751943421695007,0.2053073099802454,0.4442341645031419,0.9718432354957032,8.410933081121844e-09,0.9999773651261413,1.0,0.9345921566964586,1.0,132.72430911229458,0.0,6357695ae876ac33
0f7f8516c2977c0d3a4659b7647094c5abe15bd8f267132cccc333b41784f151,2,ring_2,2,1,1.0,1.0,0.0,4,4,4,4,4,True,True,True,1,UNKNOWN,UNKNOWN,VIABLE,False,FUNCTIONAL_LOCK,A,True,0.6616932408578583,0.2754782693982976,0.49505327065970217,0.9964591020884681,2.1977392199023922e-11,0.9999996058357584,1.0,0.8098910669493238,1.0,89.21868646936491,0.0,e1610169dc4e68ad
ecba0521173b46bb3b0539bf86125ea7dc12c2e8fd11c8b14055d200146a950f,2,complete_4,4,6,1.0,3.0,0.0,4,4,4,4,4,True,True,True,1,UNKNOWN,UNKNOWN,VIABLE,False,FUNCTIONAL_LOCK,B,True,0.5422005471330154,0.34721410862132623,0.645860904764325,0.9346333912454834,1.7704913951167726e-06,0.9998667264422849,1.0,0.8708428152241008,1.0,174.1203009141609,0.0,340262789e51cbcb
8681582487bb1f02f4aa0bf56c87340ca266ca0c4bc7ad1b323c90371f673a86,2,complete_5,5,10,1.0,4.0,0.0,4,4,4,4,4,True,True,True,1,UNKNOWN,UNKNOWN,VIABLE,False,FUNCTIONAL_LOCK,B,True,0.4977113188851992,0.210149486093259,0.35360671244751163,0.9692044285243901,1.4528544951500774e-08,0.9999690022412139,1.0,0.9530902751651454,1.0,212.03360586753115,0.0,40200b36809cab65
8feb0772bd01f7be1abad35f2b7ceca1acb6aa20824b2d0b6dafeff5c2fca1ce,2,ring_2,2,1,1.0,1.0,0.0,4,4,4,4,4,True,True,True,1,UNKNOWN,UNKNOWN,VIABLE,False,FUNCTIONAL_LOCK,A,True,0.6414248909269854,0.19774832728351124,0.38472548342184665,0.9972491665079528,1.6876587547519786e-11,0.9999996954979418,1.0,0.9576073527826615,1.0,87.9552837125957,0.0,3a4d99d5b841605f
bf092a49e476c750b43e831b867ece5ac6015503b4561717a0ab0e3f859d618f,2,ring_2,2,1,1.0,1.0,0.0,4,4,4,4,4,True,True,True,1,UNKNOWN,UNKNOWN,VIABLE,False,FUNCTIONAL_LOCK,A,True,0.6933883769267699,0.20223849324090198,0.35808648674126087,0.9798880290771051,2.8392882640786363e-10,0.9999966375666582,1.0,0.9570036903362757,1.0,89.79779617581517,0.0,e1610169dc4e68ad
baf621e118c0e664dd56318aaf19fd4bd7e96a2ab9153971484a3167542180c5,2,ring_2,2,1,1.0,1.0,0.0,4,4,4,4,4,True,True,True,1,UNKNOWN,UNKNOWN,VIABLE,False,FUNCTIONAL_LOCK,A,True,0.6696885362582005,0.20363466417986725,0.3880639288294799,0.9920602031913526,8.138666235448692e-10,0.9999964125115499,1.0,0.9637654514192147,1.0,90.33967854420189,0.0,e1610169dc4e68ad
4b5c57442b370daece74ba7285f961ef133feda589a87b675ada804a2ce6f017,2,ring_5,5,5,0.5,2.0,0.0,4,4,4,4,4,True,True,True,1,UNKNOWN,UNKNOWN,VIABLE,False,FUNCTIONAL_LOCK,B,True,0.4972555927392396,0.3498392375627583,0.6835809051046409,0.78502700797488,0.007391478803595494,0.948266119462148,1.0,0.9520765246458276,1.0,195.9106954873423,0.0,c4719ae324f325dd
be7dcee6bd5b995d63b7c7b20c2733116520a99d5f684c85186731f6b6de8d16,2,ring_2,2,1,1.0,1.0,0.0,4,4,4,4,4,True,True,True,1,UNKNOWN,UNKNOWN,VIABLE,False,FUNCTIONAL_LOCK,A,True,0.6725714007047524,0.30911050106797644,0.4932875667599779,0.9955873898995133,2.9913660724048363e-11,0.9999994867599655,1.0,0.7371326978672561,1.0,88.47325726569397,0.0,e1610169dc4e68ad
a69836346f4474686883007aa9c20ea8d77421bccb2c545d6b0a6286ed4c23f4,2,ring_4,4,4,0.6666666666666666,2.0,0.0,4,4,4,4,4,True,True,True,1,UNKNOWN,UNKNOWN,VIABLE,False,FUNCTIONAL_LOCK,B,True,0.5222289641900604,0.28377763258392397,0.5301259666893618,0.9221369574340524,1.21906173580514e-05,0.9982776116247787,1.0,0.85076776803868,1.0,173.97361763048684,0.0,34c0b895c1d9f5c5
929d365888283137c23c9043b0c5eab9a1d61094b1fb34baf4b0fa5599d2c7a0,2,ring_2,2,1,1.0,1.0,0.0,4,4,4,4,4,True,True,True,1,UNKNOWN,UNKNOWN,VIABLE,False,FUNCTIONAL_LOCK,A,True,0.6183630974035588,0.1896897569170527,0.4447185546184522,0.9427587214194338,3.4931954975316976e-11,0.9999980290525642,1.0,0.9293746561649796,1.0,88.31867801496992,0.0,3a4d99d5b841605f
5b7304e3dfe2b15b05673b9ed248cd780225b0bbd42c9fc0b8bdd95ae2349041,2,ring_2,2,1,1.0,1.0,0.0,4,4,4,4,4,True,True,True,1,UNKNOWN,UNKNOWN,VIABLE,False,FUNCTIONAL_LOCK,A,True,0.7070495894767705,0.19895324792642416,0.4814948385389135,0.9376928918380814,8.391333365358311e-07,0.9996819042669397,1.0,0.9694408762506207,1.0,89.42109399754554,0.0,e6cea0161a90be88
c574ce5145b62b2d3629d14ba8e92d96c8335f3320bb7032ec2674f9d46be847,2,ring_2,2,1,1.0,1.0,0.0,4,4,4,4,4,True,True,True,1,UNKNOWN,UNKNOWN,VIABLE,False,FUNCTIONAL_LOCK,A,True,0.7042612246627525,0.18936103474957744,0.3147540522598782,0.991788029639768,1.594691629714843e-07,0.9999488785358982,1.0,0.9165798181908593,1.0,89.81726009381237,0.0,e6cea0161a90be88
619399a65326c969471634d8b578951c45bc1d60534f34c08ed3270e27bdb101,2,ring_4,4,4,0.6666666666666666,2.0,0.0,4,4,4,4,4,True,True,True,1,UNKNOWN,UNKNOWN,VIABLE,False,FUNCTIONAL_LOCK,B,True,0.5133027715680538,0.32578917415435077,0.5610257958466695,0.9887063136059459,0.01706842393206605,0.9717101321238476,1.0,0.9471241821643273,1.0,173.97371373767965,0.0,34c0b895c1d9f5c5
d7d69d1365ade2ee427ebfdba98c7f4313d8751f3682ee42517a634b91ddd932,2,ring_3,3,3,1.0,2.0,0.0,4,4,4,4,4,True,True,True,1,UNKNOWN,UNKNOWN,VIABLE,False,FUNCTIONAL_LOCK,B,True,0.5569285850789774,0.1969408427047564,0.4622513683908858,0.883396627169418,1.1183706090239422e-06,0.9994404597878855,1.0,0.9660457883654305,1.0,134.2902654784848,0.0,64df6b42e1735047
31989bb9f6541c00b512a4a84b83953e559220fc173ae1611db2f03b1f221090,2,ring_2,2,1,1.0,1.0,0.0,4,4,4,4,4,True,True,True,1,UNKNOWN,UNKNOWN,VIABLE,False,FUNCTIONAL_LOCK,A,True,0.6435936695229753,0.24263718100589343,0.3903178175986534,0.9893347215759064,1.6045341483344682e-08,0.9999815560321624,1.0,0.5779753218690156,1.0,88.30838287179358,0.0,e1610169dc4e68ad
fa426f94904b4bbfeb4cd0e4c5148f28faf2bebee6d08154723319084dded447,2,ring_2,2,1,1.0,1.0,0.0,4,4,4,4,4,True,True,True,1,UNKNOWN,UNKNOWN,VIABLE,False,FUNCTIONAL_LOCK,A,True,0.704033836140042,0.20315728161754484,0.24999138013320096,0.9980316073661363,1.2028852256072354e-07,0.9999782053995149,1.0,0.9890430813831855,1.0,88.64234206243418,0.0,fb7350f7dc10dcaf
f9d5d5a520458d1c6984be4251dde19c337f74d677f0f61d47c5ee335c378b61,2,ring_2,2,1,1.0,1.0,0.0,4,4,4,4,4,True,True,True,1,UNKNOWN,UNKNOWN,VIABLE,False,FUNCTIONAL_LOCK,A,True,0.6823558939534197,0.1954172004874454,0.33515927628833664,0.997719099857243,2.2652774412973898e-11,0.9999996787219758,1.0,0.9592993106884459,1.0,88.7393040767638,0.0,3a4d99d5b841605f
ad1e4cef04982bd47ef1035dfd2ac3f96016f11c87f3fde373b1ab7585d3bf6f,2,ring_2,2,1,1.0,1.0,0.0,4,4,4,4,4,True,True,True,1,UNKNOWN,UNKNOWN,VIABLE,False,FUNCTIONAL_LOCK,A,True,0.6788728394248154,0.21549066481050116,0.5268080274331745,0.9890160543123623,5.79918007589091e-11,0.999998874406344,1.0,0.9832051210227615,1.0,90.46615476446459,0.0,ff5438f2dfdb3265
ba6a3a7133ecf8ee4e15a18bb8dfbe2568a1bd3fe28c5db8093ca5823cbd314a,2,complete_4,4,6,1.0,3.0,0.0,4,4,4,4,4,True,True,True,1,UNKNOWN,UNKNOWN,VIABLE,False,FUNCTIONAL_LOCK,B,True,0.4630191339774912,0.28864036337532245,0.5713796018783684,0.9398535670343205,1.7458349835402624e-07,0.9998263865745565,1.0,0.7880018065194954,1.0,172.83762249123538,0.0,340262789e51cbcb
5a79402d8e851270a3da5dcd5855a7cff4ae7c061c66381f8c047cc917b21abe,2,ring_2,2,1,1.0,1.0,0.0,4,4,4,4,4,True,True,True,1,UNKNOWN,UNKNOWN,VIABLE,False,FUNCTIONAL_LOCK,A,True,0.6881705629058085,0.20540613591786877,0.28073100964776676,0.9910546854101455,1.9828734787625854e-11,0.9999994057257631,1.0,0.9677003857011565,1.0,90.07838108157739,0.0,f261b0e8f0b24da2
a67591f7fc089fcc7f5c18df265e7cb29cb64440c64146edfb987eb57eeb895b,2,bipartite_2_2,4,4,0.6666666666666666,2.0,0.0,4,4,4,4,4,True,True,True,1,UNKNOWN,UNKNOWN,VIABLE,False,FUNCTIONAL_LOCK,B,True,0.5034350619670448,0.26150240932667046,0.5846066212196885,0.948924486839817,1.8541952928580963e-06,0.9994657850553644,1.0,0.7937513598678214,1.0,170.82075365207857,0.0,7cd2b5aea0f64b1d
4e06a6dc3e63c30b1e817343206b4a2e7bca8e7e1fdc30df52ed179cb20af65b,2,ring_2,2,1,1.0,1.0,0.0,4,4,4,4,4,True,True,True,1,UNKNOWN,UNKNOWN,VIABLE,False,FUNCTIONAL_LOCK,A,True,0.7003876810975717,0.363286841215623,0.7060963275844717,0.9732589240326368,1.215141627873618e-06,0.9997464142033512,1.0,0.9593917015679301,1.0,90.21714760636678,0.0,b99d03cd9be8279d
55e52e65e9aa30e92b34d30b3d75a23fb63b4caea08f1ae775e237076a40c93d,2,ring_2,2,1,1.0,1.0,0.0,4,4,4,4,4,True,True,True,1,UNKNOWN,UNKNOWN,VIABLE,False,FUNCTIONAL_LOCK,A,True,0.6225663600621477,0.18728089782679253,0.3363159173686753,0.947164085351347,2.6161671471425366e-08,0.9999481287773105,1.0,0.8628642432967051,1.0,89.49325444316491,0.0,3a4d99d5b841605f
813e24c293f1c4cacf0f2416aac516a96b3ba0e7a64741bf5bfeb03fd364bb46,2,ring_2,2,1,1.0,1.0,0.0,4,4,4,4,4,True,True,True,1,UNKNOWN,UNKNOWN,VIABLE,False,FUNCTIONAL_LOCK,A,True,0.6427623343420217,0.25076119241283434,0.5922389492386285,0.9751322777837848,3.7189298507144127e-10,0.9999957260933419,1.0,0.9490697943065551,1.0,88.8594469036907,0.0,ff5438f2dfdb3265
ebe4f45caac62231083e0c23c79b3f0195bf8e2e62621795e45de80b53f286be,2,ring_2,2,1,1.0,1.0,0.0,4,4,4,4,4,True,True,True,1,UNKNOWN,UNKNOWN,VIABLE,False,FUNCTIONAL_LOCK,A,True,0.6391826294527729,0.21199378331039245,0.38158312973751596,0.8944518313243722,1.707974160910458e-08,0.999941564691264,1.0,0.9534655558756521,1.0,90.3356899585342,0.0,e1610169dc4e68ad
a5d1f4fff10323d0973091e79dea87406d68d8d25f3139f1d04eece04b1651e6,2,ring_2,2,1,1.0,1.0,0.0,4,4,4,4,4,True,True,True,1,UNKNOWN,UNKNOWN,VIABLE,False,FUNCTIONAL_LOCK,A,True,0.6150881879093776,0.2988065916698319,0.4602913761495833,0.9917315122024482,3.554821428062509e-10,0.9999975805101972,1.0,0.8835929732421924,1.0,90.3663219937007,0.0,e1610169dc4e68ad
97670d2d1eb75d35f5601f7345265d66ad2b06d12ba3c7b9e524731299b2b913,2,ring_2,2,1,1.0,1.0,0.0,4,4,4,4,4,True,True,True,1,UNKNOWN,UNKNOWN,VIABLE,False,FUNCTIONAL_LOCK,A,True,0.6928550139419285,0.20917075964730672,0.39890996978174487,0.9846767274948574,1.462713302674056e-10,0.999997890892162,1.0,0.9428528536903882,1.0,93.38751791673712,0.0,e1610169dc4e68ad
a0de70e8209ec3f4d259c9cbad94aa316eb69562093c7d2dacbe9392085f731d,2,ring_2,2,1,1.0,1.0,0.0,4,4,4,4,4,True,True,True,1,UNKNOWN,UNKNOWN,VIABLE,False,FUNCTIONAL_LOCK,A,True,0.6489345095706669,0.5507060910856133,0.34472025949474194,0.9935108059308411,6.025390722866079e-11,0.9999991171542146,1.0,0.9428054034328834,1.0,89.17010434420081,0.0,e8405dfb32b95fbf
efc79cc4f2e40cc94157f45e97ba68171ed9fc245677d24bd18e1ed578b0b308,2,ring_2,2,1,1.0,1.0,0.0,4,4,4,4,4,True,True,True,1,UNKNOWN,UNKNOWN,VIABLE,False,FUNCTIONAL_LOCK,A,True,0.6700653408472377,0.27687096926015964,0.44766831428685444,0.9464442063001356,2.836131928845789e-10,0.9999945626318592,1.0,0.9910216235070598,1.0,90.52913619024912,0.0,e1610169dc4e68ad
8dd1ac4e5bf0024c44027d9a94581200ee258cb6834fc089795981f69ee0896a,2,ring_2,2,1,1.0,1.0,0.0,4,4,4,4,4,True,True,True,1,UNKNOWN,UNKNOWN,VIABLE,False,FUNCTIONAL_LOCK,B,True,0.5086863884761655,0.186010108710042,0.5236663484295659,0.9149747895852106,1.1296724095461627e-09,0.9999864377254613,1.0,0.691580341995474,1.0,88.92852688452695,0.0,ee740a232621f280
10cf87f6de6953d12eba384891f2434beeafaffa0eae2c9166ecae9382657dfa,2,ring_3,3,3,1.0,2.0,0.0,4,4,4,4,4,True,True,True,1,UNKNOWN,UNKNOWN,VIABLE,False,FUNCTIONAL_LOCK,B,True,0.5152300887336645,0.1903346129443979,0.44129178807694924,0.9838373472973582,2.0629942562643674e-07,0.9999079604210787,1.0,0.9528082110707523,1.0,137.30977738898946,0.0,64df6b42e1735047
fc4c678ad12855f7ada6704149e522736edcb76af11daf953c65838575e7fd31,2,ring_2,2,1,1.0,1.0,0.0,4,4,4,4,4,True,True,True,1,UNKNOWN,UNKNOWN,VIABLE,False,FUNCTIONAL_LOCK,A,True,0.6432429278279842,0.28438372974142,0.47143662447549106,0.8614193776626876,5.890848689555405e-09,0.999961019611788,1.0,0.9037280104467772,1.0,90.57114016875857,0.0,e1610169dc4e68ad
fa24460a7cd742058d8e4e2a92583fee60096a5ca2fe0bd09498799cff1a760e,2,ring_3,3,3,1.0,2.0,0.0,4,4,4,4,4,True,True,True,1,UNKNOWN,UNKNOWN,VIABLE,False,FUNCTIONAL_LOCK,B,True,0.5924669678717698,0.2610834340514717,0.48347044801948824,0.9370416173111579,2.4147604796879e-06,0.9993793498243693,1.0,0.6875068445857352,1.0,129.27971197926672,0.0,6357695ae876ac33
0c79fe2c6791d9328debbc9f3228ac09f5d9f90e4ae4a0fea44dca08981fc8b1,2,ring_2,2,1,1.0,1.0,0.0,4,4,4,4,4,True,True,True,1,UNKNOWN,UNKNOWN,VIABLE,False,FUNCTIONAL_LOCK,A,True,0.6651300581473346,0.2947556137345344,0.4449049929506943,0.971768139478135,1.6506065667245127e-10,0.9999969687636034,1.0,0.9256150791614962,1.0,90.08357278979383,0.0,e1610169dc4e68ad
ba4e43cc6a4f176a19c96d473efae4c552220806f1dc6c11a52e51524a63dc7f,2,ring_2,2,1,1.0,1.0,0.0,4,4,4,4,4,True,True,True,1,UNKNOWN,UNKNOWN,VIABLE,False,FUNCTIONAL_LOCK,A,True,0.6627648122457144,0.2818694793085393,0.5506832885967528,0.9991475634806961,1.3845775485124973e-09,0.9999984633942988,1.0,0.7791633634587033,1.0,84.89637407497503,0.0,ff5438f2dfdb3265
54a442538f4a0d03256059bb1756521d76d8e5fee016cee8240b3d86fb9ca69d,2,ring_3,3,3,1.0,2.0,0.0,4,4,4,4,4,True,True,True,1,UNKNOWN,UNKNOWN,VIABLE,False,FUNCTIONAL_LOCK,B,True,0.5972093601865643,0.25046990693678306,0.5742707793672288,0.9212832729513725,0.003616573260838451,0.9782581510991295,1.0,0.9545273933840668,1.0,133.06231101974845,0.0,0da0683c4b5c61df
9dcce7d294bceaa8062d16980bfbfb7b8fd0287cffe35cf293664461c40eedb0,2,ring_2,2,1,1.0,1.0,0.0,4,4,4,4,4,True,True,True,1,UNKNOWN,UNKNOWN,VIABLE,False,FUNCTIONAL_LOCK,A,True,0.689660837034809,0.1985769008842157,0.5308209345624614,0.9983036894974333,8.34714823190853e-08,0.9999832059469,1.0,0.9774421253930021,1.0,85.65062434895663,0.0,ee740a232621f280
6a0ae9da511771324ceb61b60316bb3bcb5a266d0c39acc42cfc7f35f79acdd1,2,ring_4,4,4,0.6666666666666666,2.0,0.0,4,4,4,4,4,True,True,True,1,UNKNOWN,UNKNOWN,VIABLE,False,FUNCTIONAL_LOCK,B,True,0.5046843676817325,0.19639411377768115,0.3532533677711748,0.9355302443874978,2.3824115814496693e-06,0.9992419853815956,1.0,0.9639227643574928,1.0,171.91611555824056,0.0,d738d5cef90d6aa4
8f49275c506ae406474c977246f1d57a24b0e9eee3cca5180a068db197442b99,2,ring_3,3,3,1.0,2.0,0.0,4,4,4,4,4,True,True,True,1,UNKNOWN,UNKNOWN,VIABLE,False,FUNCTIONAL_LOCK,B,True,0.5745190135335638,0.27946837709007893,0.4823951446640689,0.9698894868216489,7.186462115822132e-06,0.9999748664041047,1.0,0.7162150930297622,1.0,134.3093418343924,0.0,6357695ae876ac33
1a40cd1653123cbd0d822423785584d0c4e0fc4599f53143792dc26e4f51154a,2,ring_2,2,1,1.0,1.0,0.0,4,4,4,4,4,True,True,True,1,UNKNOWN,UNKNOWN,VIABLE,False,FUNCTIONAL_LOCK,A,True,0.6721348274247043,0.3606015949636645,0.5211421940740406,0.9083779524908564,6.448731642383333e-08,0.9998938318696414,1.0,0.9518254304622656,1.0,92.13345174974529,0.0,ff5438f2dfdb3265
63d3b54d3ec832ec29b919faf57beb60ee1a38d161c1629fecbb0b7858df5ced,2,ring_2,2,1,1.0,1.0,0.0,4,4,4,4,4,True,True,True,1,UNKNOWN,UNKNOWN,VIABLE,False,FUNCTIONAL_LOCK,A,True,0.7112834955817804,0.196299327435195,0.2814289036241787,0.9811590317732648,4.001345972353162e-10,0.9999961353159716,1.0,0.9275007915790655,1.0,89.30102865595836,0.0,c5b04e6ae0f670fc
c3eccf8c72cb4e9b871c82d580575452340cffd08cf88adbf51686061952d1c9,2,ring_2,2,1,1.0,1.0,0.0,4,4,4,4,4,True,True,True,1,UNKNOWN,UNKNOWN,VIABLE,False,FUNCTIONAL_LOCK,A,True,0.6534288128476602,0.18807442630677776,0.33224076169920785,0.9862796738262263,6.133828474446964e-11,0.999998707090609,1.0,0.9379387224195725,1.0,89.88574260822497,0.0,3a4d99d5b841605f
6c638f02feeba8b2c41c6ca2e1810de56630940231caf83e03ad4ed7b681d4fd,2,ring_2,2,1,1.0,1.0,0.0,4,4,4,4,4,True,True,True,1,UNKNOWN,UNKNOWN,VIABLE,False,FUNCTIONAL_LOCK,A,True,0.6894120923250393,0.25266894390042327,0.4580325876729047,0.9999152333153288,3.331820461195321e-13,0.9999999924846301,1.0,0.7543489029119873,1.0,79.8710930160014,0.0,e1610169dc4e68ad
e9bca2a5906cf1d884843e99b606f3a5da370e392647c19c4d890d6b2c3b3861,2,ring_2,2,1,1.0,1.0,0.0,4,4,4,4,4,True,True,True,1,UNKNOWN,UNKNOWN,VIABLE,False,FUNCTIONAL_LOCK,A,True,0.6290777485399397,0.2138394369145052,0.3647019343691287,0.9679733161473307,3.2903591651647434e-12,0.9999995446073205,1.0,0.7942652095732077,1.0,88.34770143480273,0.0,e1610169dc4e68ad
50115793afe5297a247d500df64454132d59c9e8cdd3b80b14536c316c9ed90e,2,ring_2,2,1,1.0,1.0,0.0,4,4,4,4,4,True,True,True,1,UNKNOWN,UNKNOWN,VIABLE,False,FUNCTIONAL_LOCK,A,True,0.6505478228759071,0.2559288288789071,0.38799379839760545,0.8268096166402711,6.258850040217101e-05,0.9955574508272488,1.0,0.9495738578044647,1.0,92.3040908559924,0.0,e1610169dc4e68ad
8fbc2ec8cecc1f6859654d1298cf9b72bcb8f1fce03a5e8ee2e901df52e5b9c5,2,ring_2,2,1,1.0,1.0,0.0,4,4,4,4,4,True,True,True,1,UNKNOWN,UNKNOWN,VIABLE,False,FUNCTIONAL_LOCK,A,True,0.7251594704229459,0.25752380135386516,0.4527338359953165,0.931284324975743,3.5669004288978354e-07,0.9997823417000185,1.0,0.7786188772928893,1.0,88.40102977951756,0.0,29a6648d414db444
51522e7fd9633b7aad2e6c5937b7ed0dce7cb42745d01d0b1d56997459d6602e,2,ring_2,2,1,1.0,1.0,0.0,4,4,4,4,4,True,True,True,1,UNKNOWN,UNKNOWN,VIABLE,False,FUNCTIONAL_LOCK,A,True,0.6497895493959257,0.1909459658865121,0.44225115087320066,0.9888228237785249,5.221928734785986e-11,0.9999989225913187,1.0,0.9810574414625991,1.0,89.07234864932252,0.0,3a4d99d5b841605f
362a89423e27bb5422e939e3775589b42c97014c7697a3d3314a5ed6ef497d3b,2,ring_2,2,1,1.0,1.0,0.0,4,4,4,4,4,True,True,True,1,UNKNOWN,UNKNOWN,VIABLE,False,FUNCTIONAL_LOCK,A,True,0.7076352946029469,0.3994320217637358,0.5122213931266424,0.9982149892147568,2.142589610024097e-11,0.9999997235531596,1.0,0.9694603406659966,1.0,87.65176284778863,0.0,139c4319dd42d899
d1d741771824dd402a41a8ce9ca631466bda0f6b019aecaf37ebe974e953cb77,2,ring_3,3,3,1.0,2.0,0.0,4,4,4,4,4,True,True,True,1,UNKNOWN,UNKNOWN,VIABLE,False,FUNCTIONAL_LOCK,B,True,0.5577744053146639,0.21867060180142514,0.43402324171323076,0.7731347024655516,0.00010899326960949743,0.9926098544822735,1.0,0.9065299577719031,1.0,126.39726483280538,0.0,6357695ae876ac33
242ddb15ab6924b376b966bb730fcb377ddb2803961375ca94b29d2203ab41e1,2,ring_4,4,4,0.6666666666666666,2.0,0.0,4,4,4,4,4,True,True,True,1,UNKNOWN,UNKNOWN,VIABLE,False,FUNCTIONAL_LOCK,B,True,0.5089602842150538,0.2058983448455001,0.47641674095717185,0.944996348183606,0.00019925364860929465,0.993792228296525,1.0,0.9340402864861401,1.0,173.92901963955956,0.0,187b25a031e6a911
1b9881b27b150e48afe61c5ee5e9d64f43a1b075ec7debd9e0d76ed79855b7d9,2,ring_2,2,1,1.0,1.0,0.0,4,4,4,4,4,True,True,True,1,UNKNOWN,UNKNOWN,VIABLE,False,FUNCTIONAL_LOCK,A,True,0.6573938949455083,0.2096010956048812,0.5088105514021379,0.9989864755638324,3.0905033313123256e-12,0.9999999208721868,1.0,0.7946057706041914,1.0,83.576742258796,0.0,ff5438f2dfdb3265
3313cfe08097d11a9ed543a327b639c19a2f37e7dab0dd2e19268f98e3801780,2,complete_4,4,6,1.0,3.0,0.0,4,4,4,4,4,True,True,True,1,UNKNOWN,UNKNOWN,VIABLE,False,FUNCTIONAL_LOCK,B,True,0.5288026456996007,0.32616665551768986,0.7360246585314768,0.9595904861010689,0.0009304536470421736,0.9967348512637196,1.0,0.9446966532170975,1.0,179.1348012216622,0.0,3036cda0c54cd23d
0d99a6c29dc50d1f133a030c21e3474ef3492f88a42a09366ebc9cb264af4a0d,2,complete_5,5,10,1.0,4.0,0.0,4,4,4,4,4,True,True,True,1,UNKNOWN,UNKNOWN,VIABLE,False,FUNCTIONAL_LOCK,B,True,0.4865127503440428,0.2159785387417736,0.5312588110751999,0.9645032234014264,4.879570763526679e-09,0.999988910885675,1.0,0.9342701279663345,1.0,216.27876042347634,0.0,b7ddc53b4a6f19e7
de11afeaeaaf1a95d2084cce832280b01f87c2e449455f90c744970adf85ffa1,2,ring_3,3,3,1.0,2.0,0.0,4,4,4,4,4,True,True,True,1,UNKNOWN,UNKNOWN,VIABLE,False,FUNCTIONAL_LOCK,B,True,0.5749407209435603,0.21472363524058868,0.5762523966461961,0.9364384691049782,3.0206882068124057e-08,0.9999306870932532,1.0,0.8893057650059675,1.0,132.81319655076368,0.0,0da0683c4b5c61df
1aafc1d01c2c681c30b1d45acaac522c52fd0259a93cb853ca50c76e47b66b88,2,ring_2,2,1,1.0,1.0,0.0,4,4,4,4,4,True,True,True,1,UNKNOWN,UNKNOWN,VIABLE,False,FUNCTIONAL_LOCK,A,True,0.6553960075337498,0.19434605275732952,0.4282782211536246,0.7792557226951455,0.00010511260329472427,0.993583350100681,1.0,0.9268183433674102,1.0,91.58584861055715,0.0,3a4d99d5b841605f
109ee0a72bc89edf2c203974e2d2a144aa704cfdc18dd03800b7f81765c1c476,2,ring_3,3,3,1.0,2.0,0.0,4,4,4,4,4,True,True,True,1,UNKNOWN,UNKNOWN,VIABLE,False,FUNCTIONAL_LOCK,B,True,0.5318025267600208,0.18436346286568983,0.42939488403522597,0.9540861834628983,0.00012510383355812885,0.997405143791848,1.0,0.8494767613387559,1.0,133.7372410997632,0.0,64df6b42e1735047
ace85d3bdccbf7c3aeb2892ba29bec6bb22642485c71b6875289732b6a0eefb8,2,ring_3,3,3,1.0,2.0,0.0,4,4,4,4,4,True,True,True,1,UNKNOWN,UNKNOWN,VIABLE,False,FUNCTIONAL_LOCK,B,True,0.562042174374434,0.19604844751833864,0.3915577223153022,0.7750313361974329,0.0007779786077614566,0.9805307707364171,1.0,0.9506250715756617,1.0,129.80959478701698,0.0,64df6b42e1735047
6f03e283b411785a58169bc99c2b5b9ce04792d62592d0ed7697076382440ea0,2,ring_2,2,1,1.0,1.0,0.0,4,4,4,4,4,True,True,True,1,UNKNOWN,UNKNOWN,VIABLE,False,FUNCTIONAL_LOCK,A,True,0.6073164850559956,0.18822992478164632,0.35264313834542865,0.9999617417305544,5.741975057689517e-11,0.999999933691894,1.0,0.7896875949752893,1.0,79.77624820690835,0.0,3a4d99d5b841605f
d0b8fdd08c2e4607db6d5d5f1d7f8e7105ceb45a0ca858b9d3ebaa2eee130bb0,2,bipartite_2_2,4,4,0.6666666666666666,2.0,0.0,4,4,4,4,4,True,True,True,1,UNKNOWN,UNKNOWN,VIABLE,False,FUNCTIONAL_LOCK,B,True,0.4698925221446769,0.20836534899193943,0.45067519941389006,0.9345221902999339,7.958265835439576e-05,0.9966103772849846,1.0,0.9502539353511206,1.0,173.02759992721258,0.0,4fa825e3687f7b68
25ef6bf381462e0b2955f0232bd212d0d53cd18e5fbbb0e3b08dd2d43bf53ea9,2,complete_5,5,10,1.0,4.0,0.0,4,4,4,4,4,True,True,True,1,UNKNOWN,UNKNOWN,VIABLE,False,FUNCTIONAL_LOCK,B,True,0.46327105814053815,0.20946010772173382,0.49684807213804666,0.9410775313128084,1.1670565946434009e-05,0.9987733502714794,1.0,0.9020079417508798,1.0,208.7801100674551,0.0,40200b36809cab65
ab0aa995a4d1d79f4092e6386469060a95541bc4e661f1ef414633399406ff35,2,ring_2,2,1,1.0,1.0,0.0,4,4,4,4,4,True,True,True,1,UNKNOWN,UNKNOWN,VIABLE,False,FUNCTIONAL_LOCK,A,True,0.6600162473968514,0.3137087713774253,0.252023310771685,0.983470464660029,1.732511805726899e-09,0.9999924638542875,1.0,0.8829233199931318,1.0,91.21055278874701,0.0,f261b0e8f0b24da2
5713f0268e41e81608377e336a1578df3f1875982829c9e81c97e44ef5f6af50,2,ring_2,2,1,1.0,1.0,0.0,4,4,4,4,4,True,True,True,1,UNKNOWN,UNKNOWN,VIABLE,False,FUNCTIONAL_LOCK,A,True,0.7040208669834275,0.20672657008035905,0.3938169348228841,0.9712146366985193,2.086880771024169e-07,0.9998912487384186,1.0,0.8781974988867036,1.0,88.64537215267774,0.0,29a6648d414db444
3bcea0137078703b45741152445e68e4dc77b235852614d7d83f07c624bc5ecb,2,ring_2,2,1,1.0,1.0,0.0,4,4,4,4,4,True,True,True,1,UNKNOWN,UNKNOWN,VIABLE,False,FUNCTIONAL_LOCK,A,True,0.65491112527028,0.1939101455810297,0.3513470273403357,0.9982881755658516,3.091810091533079e-12,0.9999998971592847,1.0,0.9000771045759971,1.0,87.78690678457497,0.0,3a4d99d5b841605f
0bc6e10ca734cc603a4b936853e60724d15ef71b0b74de85238c4813c346a256,2,ring_2,2,1,1.0,1.0,0.0,4,4,4,4,4,True,True,True,1,UNKNOWN,UNKNOWN,VIABLE,False,FUNCTIONAL_LOCK,A,True,0.7127702458376379,0.19879380098082702,0.2987060080283677,0.999769898632026,1.214586789721586e-12,0.9999999763587528,1.0,0.962262530054121,1.0,79.24198428780073,0.0,c5b04e6ae0f670fc
61e6bd06f6f404f60d120746a178adef43826608400a98c561e334591ad038e5,2,ring_2,2,1,1.0,1.0,0.0,4,4,4,4,4,True,True,True,1,UNKNOWN,UNKNOWN,VIABLE,False,FUNCTIONAL_LOCK,A,True,0.7162315226353579,0.1871767119868311,0.3894853431025864,0.9945661779674164,2.401025126788152e-11,0.9999994898765142,1.0,0.9396656508965414,1.0,88.72014751599636,0.0,e6cea0161a90be88
e45715799d9c0ab6f835834fcbd245cf417f861847308b65a7499618ccece80c,2,complete_4,4,6,1.0,3.0,0.0,4,4,4,4,4,True,True,True,1,UNKNOWN,UNKNOWN,VIABLE,False,FUNCTIONAL_LOCK,B,True,0.49279791871574985,0.20763603132657313,0.4379477161745659,0.9724256344541901,0.034320117382545194,0.9512189436325384,1.0,0.8784811195916407,1.0,173.2026132629835,0.0,88649e81af49a513
40df295cab4a052b875585d15714e38854092c93c8e7bdca6d02939600ecf156,2,ring_2,2,1,1.0,1.0,0.0,4,4,4,4,4,True,True,True,1,UNKNOWN,UNKNOWN,VIABLE,False,FUNCTIONAL_LOCK,A,True,0.6347997676906707,0.19038081146882968,0.4345191759593745,0.9077232749575328,6.582665510055265e-08,0.9998923697139127,1.0,0.920261105237669,1.0,90.86773338180501,0.0,3a4d99d5b841605f
f7b6d640e1937b2134917317906078532013f3329a7f941c98d5d8323475d256,2,ring_4,4,4,0.6666666666666666,2.0,0.0,4,4,4,4,4,True,True,True,1,UNKNOWN,UNKNOWN,VIABLE,False,FUNCTIONAL_LOCK,B,True,0.5350681175058684,0.26251894182733804,0.506082887899979,0.7618156040147933,0.004056174370224117,0.9466107479791945,1.0,0.821916879452909,1.0,126.93071058293572,0.0,34c0b895c1d9f5c5
d8fdfa2e093d1f13afbf728d5c3bee91acd5991e9077dcb2699d89bd97aa90f0,2,ring_3,3,3,1.0,2.0,0.0,4,4,4,4,4,True,True,True,1,UNKNOWN,UNKNOWN,VIABLE,False,FUNCTIONAL_LOCK,B,True,0.5957177396196216,0.20696608047454199,0.34521899418558677,0.985491213030932,1.1081180218452166e-10,0.9999984824208804,1.0,0.9286831592577638,1.0,134.08725687221158,0.0,6357695ae876ac33
716355e26e2b9f61ae3ca34ee1b5dc40d419d326ecbe2a66aed7d899bf40c9e3,2,ring_3,3,3,1.0,2.0,0.0,4,4,4,4,4,True,True,True,1,UNKNOWN,UNKNOWN,VIABLE,False,FUNCTIONAL_LOCK,A,True,0.6212919334214568,0.22078068804762402,0.4770220103562469,0.914946009888517,3.391423327550305e-06,0.9991567324758561,1.0,0.9281119093338205,1.0,134.95757474721177,0.0,6357695ae876ac33
26d90bf420b06a100bbee6681de7cb1a923adcf451f6a6c07d52edeee8077b50,2,ring_2,2,1,1.0,1.0,0.0,4,4,4,4,4,True,True,True,1,UNKNOWN,UNKNOWN,VIABLE,False,FUNCTIONAL_LOCK,B,True,0.5725305390458614,0.21629455195796563,0.416885582720061,0.750420408267942,0.0005400889927151336,0.9846613814644137,1.0,0.792755212279422,1.0,74.9422843400389,0.0,e1610169dc4e68ad
91a8e263f4147c9bd588d3c257ed00b96d09d5674a36c8914298a46c99686d56,2,bipartite_2_2,4,4,0.6666666666666666,2.0,0.0,4,4,4,4,4,True,True,True,1,UNKNOWN,UNKNOWN,VIABLE,False,FUNCTIONAL_LOCK,B,True,0.5104625770627181,0.31771822728150756,0.553473618736875,0.8693153955891066,0.00011858775997627466,0.9934961365846849,1.0,0.9517275720338202,1.0,174.80522827908862,0.0,7cd2b5aea0f64b1d
5f1943ea482b0498a63bfd83009168154199b04fa340083e7f25587553a75256,2,ring_2,2,1,1.0,1.0,0.0,4,4,4,4,4,True,True,True,1,UNKNOWN,UNKNOWN,VIABLE,False,FUNCTIONAL_LOCK,A,True,0.6450425092400438,0.1881335385352144,0.2822882596008302,0.7898395960058945,5.215657202421433e-06,0.9985999632898898,1.0,0.8737280525324554,1.0,90.96564549370669,0.0,631d30bc180a91a7
f263abcb7f96c0ce2046d5c519c3d18deb9b001cab30c89ee96fbc2abfc5e373,2,bipartite_2_2,4,4,0.6666666666666666,2.0,0.0,4,4,4,4,4,True,True,True,1,UNKNOWN,UNKNOWN,VIABLE,False,FUNCTIONAL_LOCK,B,True,0.47898900655264587,0.2166179685776222,0.40163575533527085,0.9306110290735129,0.0002078692268124144,0.9945668912699555,1.0,0.9248156258927309,1.0,172.85579103900818,0.0,4fa825e3687f7b68
6f51df3806c185e4f7186113c87f54d6aed6090d09da445cc3ab465f90fe6059,2,ring_4,4,4,0.6666666666666666,2.0,0.0,4,4,4,4,4,True,True,True,1,UNKNOWN,UNKNOWN,VIABLE,False,FUNCTIONAL_LOCK,B,True,0.5118168009187752,0.19848569047564243,0.5732425946309424,0.9457589512887362,2.0602829332241272e-05,0.9983461975126857,1.0,0.9526519317254369,1.0,173.76276589353802,0.0,8761078724cdca43
38b6ece7a42aabc74d0b5fbd849e0f62e1c420a1314c8035a9bd12c7103ebe53,2,ring_2,2,1,1.0,1.0,0.0,4,4,4,4,4,True,True,True,1,UNKNOWN,UNKNOWN,VIABLE,False,FUNCTIONAL_LOCK,A,True,0.6650267925442959,0.1995419261658783,0.3705474109535744,0.8435127810954132,0.00014658829523355092,0.9934726021784014,1.0,0.9780752646253924,1.0,92.54415988991968,0.0,3a4d99d5b841605f
8229ce5c27e1e36644a663482e584c85690398335668448f082589d1aeb849d8,2,ring_2,2,1,1.0,1.0,0.0,4,4,4,4,4,True,True,True,1,UNKNOWN,UNKNOWN,VIABLE,False,FUNCTIONAL_LOCK,A,True,0.7127710156942266,0.19407092749465202,0.2613232918813273,0.9858367544395846,2.745581710057355e-11,0.9999991212401933,1.0,0.9803461330680088,1.0,91.55978102603694,0.0,c5b04e6ae0f670fc
f56bbb3211a4269e10fc6e3788171993e6047e9bf280ed91c5b66b8d41f550d7,2,ring_2,2,1,1.0,1.0,0.0,4,4,4,4,4,True,True,True,1,UNKNOWN,UNKNOWN,VIABLE,False,FUNCTIONAL_LOCK,A,True,0.6637911465766368,0.3212339562894859,0.4652371004002301,0.9941877965321667,2.6600867052837842e-11,0.9999994447341954,1.0,0.8703118180957357,1.0,87.83897626103135,0.0,e1610169dc4e68ad
dc88c57b9b43ac2bc5944d0982394e2a4244bd2ad1aa90f046ea2591bde36ccf,2,ladder_2,4,4,0.6666666666666666,2.0,0.0,4,4,4,4,4,True,True,True,1,UNKNOWN,UNKNOWN,VIABLE,False,FUNCTIONAL_LOCK,B,True,0.4920755675362502,0.25086480170374825,0.69774093798019,0.8731848664105932,7.396043280020983e-05,0.9942642495240407,1.0,0.9629237720995146,1.0,174.51137968950206,0.0,c406389cacdb14b8
1294c01ff1fff359281f83c5b1b954efe297b6a9555c0d58ac55264ef5f463e5,2,ring_2,2,1,1.0,1.0,0.0,4,4,4,4,4,True,True,True,1,UNKNOWN,UNKNOWN,VIABLE,False,FUNCTIONAL_LOCK,A,True,0.7392914376577086,0.40048503960896065,0.36347520954274504,0.994728539173521,4.88476031253495e-10,0.999997733466855,1.0,0.9892747361347658,1.0,88.54151657078182,0.0,ac3864629af5c510
6a383fe791d665349c673243d55365b4da2483ff62a7ed21dc9762f0706c6646,2,ring_2,2,1,1.0,1.0,0.0,4,4,4,4,4,True,True,True,1,UNKNOWN,UNKNOWN,VIABLE,False,FUNCTIONAL_LOCK,A,True,0.6574179607617073,0.18999274718311995,0.4879424516817224,0.8937456122352533,1.852426104064656e-06,0.9993898185048667,1.0,0.8211666783239882,1.0,90.740771554003,0.0,3a4d99d5b841605f
05507ec0145d2d586c0d2d036d4451c60cfbec8cbbac06111545988085c271fd,2,ring_3,3,3,1.0,2.0,0.0,4,4,4,4,4,True,True,True,1,UNKNOWN,UNKNOWN,VIABLE,False,FUNCTIONAL_LOCK,B,True,0.5662222302676484,0.19943440046636526,0.3664154222389543,0.9608876094532343,1.932329604132669e-06,0.9996118561595402,1.0,0.9516688602597759,1.0,131.3066685895319,0.0,64df6b42e1735047
a5ba934d4691865c1894a000e84d8ceee9792faeee041a18a2a5b0498558fdbb,2,bipartite_2_2,4,4,0.6666666666666666,2.0,0.0,4,4,4,4,4,True,True,True,1,UNKNOWN,UNKNOWN,VIABLE,False,FUNCTIONAL_LOCK,B,True,0.5758382030001777,0.20664235459495361,0.32919829292460756,0.9991165027321286,2.9162377098647824e-08,0.9999903601975185,1.0,0.9469572151423907,1.0,165.78667907777708,0.0,4fa825e3687f7b68
458c6d53c8873050c4478d45df0203bdc12e821cf8b00945956ee8bc19d20cb8,2,ring_4,4,4,0.6666666666666666,2.0,0.0,4,4,4,4,4,True,True,True,1,UNKNOWN,UNKNOWN,VIABLE,False,FUNCTIONAL_LOCK,B,True,0.5029343239339985,0.2195729379384966,0.508235575378275,0.9860884962062398,5.535694629632491e-06,0.9996992727476887,1.0,0.9012480383349868,1.0,175.5992989577353,0.0,34c0b895c1d9f5c5
a8e04257b1923b90d4043ab06dce1ca9bb67f0f664aab3b1534407a27369ea41,2,ring_2,2,1,1.0,1.0,0.0,4,4,4,4,4,True,True,True,1,UNKNOWN,UNKNOWN,VIABLE,False,FUNCTIONAL_LOCK,A,True,0.6872575075666129,0.2236997061159912,0.5138815079242975,0.9662893625625055,5.714532797670488e-10,0.9999938455531434,1.0,0.901924884769455,1.0,89.06444812798873,0.0,ff5438f2dfdb3265
d7da51ca86c06c8d750348831e2af9e6b8ccd5902ab945915ed621420ff21aa1,2,ring_3,3,3,1.0,2.0,0.0,4,4,4,4,4,True,True,True,1,UNKNOWN,UNKNOWN,VIABLE,False,FUNCTIONAL_LOCK,B,True,0.5674312689078733,0.21211317822978748,0.2576110017987461,0.9835291469001392,1.1236441957720022e-08,0.9999831643159955,1.0,0.9467593449894294,1.0,135.48933558369754,0.0,1fb225336c283f91
24ecfee9e894c34881fb206284eabbbd072071468a63934cd00ef564200c1f0e,2,complete_4,4,6,1.0,3.0,0.0,4,4,4,4,4,True,True,True,1,UNKNOWN,UNKNOWN,VIABLE,False,FUNCTIONAL_LOCK,B,True,0.5041530766741049,0.23663042757464536,0.6005137029172065,0.9278942548704722,0.001238901538015451,0.9969121961970748,1.0,0.9314519007140825,1.0,173.40892156003974,0.0,340262789e51cbcb
aeb64d9be00bcd6d6c9da120f7491a278e4878476208b175d4a0806b2808f60a,2,ring_2,2,1,1.0,1.0,0.0,4,4,4,4,4,True,True,True,1,UNKNOWN,UNKNOWN,VIABLE,False,FUNCTIONAL_LOCK,A,True,0.6379498004209585,0.2163232062277,0.31232528700369383,0.9908184663391506,5.657268233008641e-08,0.9999678614606237,1.0,0.9437507374533814,1.0,91.7308603064157,0.0,e1610169dc4e68ad
6a3e4a354206152a8bb7b979aa6f91f5001a354e4ece6ad844238f009363f9ad,2,ring_2,2,1,1.0,1.0,0.0,4,4,4,4,4,True,True,True,1,UNKNOWN,UNKNOWN,VIABLE,False,FUNCTIONAL_LOCK,A,True,0.6403883167895499,0.342154612117811,0.1659835868735413,0.9964536737888978,3.4383740897414704e-12,0.9999998439740374,1.0,0.6446607825457792,1.0,88.4354659737437,0.0,f261b0e8f0b24da2
5cc4eae47700cd63d6b846e8f818b2870d7d8637cd8746c4e1505f4a65bfe809,2,ring_3,3,3,1.0,2.0,0.0,4,4,4,4,4,True,True,True,1,UNKNOWN,UNKNOWN,VIABLE,False,FUNCTIONAL_LOCK,B,True,0.5964003417630354,0.1948383952687281,0.3322334614101371,0.8717832393931563,9.211594212307114e-07,0.9997082558071065,1.0,0.9493888131636725,1.0,133.01482022501295,0.0,64df6b42e1735047
8bd37cd0b957476dc5e6fa2133b8badb283a080ac137878df3519f286b9d7ef9,2,ring_2,2,1,1.0,1.0,0.0,4,4,4,4,4,True,True,True,1,UNKNOWN,UNKNOWN,VIABLE,False,FUNCTIONAL_LOCK,A,True,0.6386427452777856,0.1921787076616028,0.5048941962992772,0.9984314995555494,1.884339151639588e-09,0.9999975704758612,1.0,0.9358441507012515,1.0,85.67670826654648,0.0,ee740a232621f280
fe5fcfa699ed73b3ba0876757f519d57e73a9d836d369b028c35143a0629bcf0,2,ring_2,2,1,1.0,1.0,0.0,4,4,4,4,4,True,True,True,1,UNKNOWN,UNKNOWN,VIABLE,False,FUNCTIONAL_LOCK,A,True,0.6573366727116082,0.20640126007297596,0.34148311912031043,0.7914906800063116,4.229148205940879e-06,0.9987436282747861,1.0,0.9807384052403295,1.0,90.07373151992215,0.0,e1610169dc4e68ad
8f4477ee753fd42ffac24d1f320374609e9c2241ac75e7b7097ed68b3f0ab3ec,2,ring_2,2,1,1.0,1.0,0.0,4,4,4,4,4,True,True,True,1,UNKNOWN,UNKNOWN,VIABLE,False,FUNCTIONAL_LOCK,B,True,0.511957446065508,0.1887638759897315,0.3373609154170957,0.9991657744065194,3.309619289479665e-12,0.9999999257056161,1.0,0.555738524535335,1.0,84.27701967750909,0.0,3a4d99d5b841605f
416ceb81b1fe1e72ab302e2a11d7d4a432b07fa0249b3b88d0fa4a4e89b3d0ca,2,ring_2,2,1,1.0,1.0,0.0,4,4,4,4,4,True,True,True,1,UNKNOWN,UNKNOWN,VIABLE,False,FUNCTIONAL_LOCK,A,True,0.6677351512365413,0.21651380598870876,0.25231790463587667,0.977548857733871,8.548703585956249e-11,0.9999980517999153,1.0,0.9546830244582788,1.0,90.30928437004331,0.0,f261b0e8f0b24da2
4221a2201c169ffdc2f055e24e90ca376a4a502c8c0a6ec325f64711a1f35dc8,2,ring_2,2,1,1.0,1.0,0.0,4,4,4,4,4,True,True,True,1,UNKNOWN,UNKNOWN,VIABLE,False,FUNCTIONAL_LOCK,A,True,0.651857575400004,0.25131838530020933,0.5726329736649625,0.9999324032796265,6.57951719785545e-13,0.9999999905687659,1.0,0.9877902311516571,1.0,79.42275319498731,0.0,ff5438f2dfdb3265
1d7ee58e14bd9381aeb26b3e3daaca64b9b675b0770969d53f804e8595d6df91,2,ring_2,2,1,1.0,1.0,0.0,4,4,4,4,4,True,True,True,1,UNKNOWN,UNKNOWN,VIABLE,False,FUNCTIONAL_LOCK,A,True,0.6913185337817496,0.20433829688436578,0.42100686813028565,0.9581589364788629,8.664849427971769e-10,0.9999915744269173,1.0,0.8985119018596589,1.0,96.4774432759732,0.0,e1610169dc4e68ad
b462a41d6eef30b006528d3d7c328383e4b756b155a1dc7485a99922216cd615,2,ring_2,2,1,1.0,1.0,0.0,4,4,4,4,4,True,True,True,1,UNKNOWN,UNKNOWN,VIABLE,False,FUNCTIONAL_LOCK,A,True,0.6927870892745889,0.28276699289440993,0.49337027961440816,0.9889784856914703,2.7518568851698304e-11,0.9999992233084803,1.0,0.9260692948226317,1.0,89.98584196867887,0.0,e1610169dc4e68ad
8a57e0bb06a33d1acd49edbb9f29abee81d73047a25f2f3228b06c7f50569cd0,2,ring_2,2,1,1.0,1.0,0.0,4,4,4,4,4,True,True,True,1,UNKNOWN,UNKNOWN,VIABLE,False,FUNCTIONAL_LOCK,A,True,0.6780810965016837,0.20366403726333585,0.36550886923948755,0.8072488676914586,0.0012996530584455893,0.9786121256373457,1.0,0.9863912177989962,1.0,91.61474674526835,0.0,e1610169dc4e68ad
dfc0edf68ec21d37e920b6e18979f7f08df7e3b455fcf36b5b4ef308f2342e8e,2,ring_2,2,1,1.0,1.0,0.0,4,4,4,4,4,True,True,True,1,UNKNOWN,UNKNOWN,VIABLE,False,FUNCTIONAL_LOCK,A,True,0.6808597239823417,0.2864731892382453,0.4963950641063658,0.9840095764649209,3.850243534526766e-11,0.9999988947873447,1.0,0.9872985600930813,1.0,93.27666901919292,0.0,e1610169dc4e68ad
e1f8aa25982307ff32202d94f49cc46a64e8f4eeb04795618475f8cd81063232,2,ring_2,2,1,1.0,1.0,0.0,4,4,4,4,4,True,True,True,1,UNKNOWN,UNKNOWN,VIABLE,False,FUNCTIONAL_LOCK,A,True,0.6713906964059012,0.2725080355259248,0.4940526244980933,0.9447981916564007,6.140714264671554e-06,0.9991863396780627,1.0,0.8419711093146494,1.0,89.67994964245008,0.0,e1610169dc4e68ad
b07d24bab5af5b2a60803e060b07d5cc7091a80277a0e928918c2de2e4c8d6ba,2,ring_2,2,1,1.0,1.0,0.0,4,4,4,4,4,True,True,True,1,UNKNOWN,UNKNOWN,VIABLE,False,FUNCTIONAL_LOCK,A,True,0.6884098779514461,0.18884835368699232,0.4275089973852325,0.8736657318366003,3.774124037085973e-07,0.9997011730206257,1.0,0.9804247485513428,1.0,90.64912681427086,0.0,3a4d99d5b841605f
6f4427b279de1cd7e00821bd827c0ededc8ca183fc8a3be1a194bdee59813493,2,ring_2,2,1,1.0,1.0,0.0,4,4,4,4,4,True,True,True,1,UNKNOWN,UNKNOWN,VIABLE,False,FUNCTIONAL_LOCK,A,True,0.6687939090730226,0.1978671109811173,0.3715636333863018,0.9958794263379336,2.6360390565307985e-10,0.9999985276996982,1.0,0.9454075147568698,1.0,88.03671607351862,0.0,3a4d99d5b841605f
2b9244d27a57d5425091171578a2d8407189fb4bee87d9f181d789d1090b9b56,2,ring_3,3,3,1.0,2.0,0.0,4,4,4,4,4,True,True,True,1,UNKNOWN,UNKNOWN,VIABLE,False,FUNCTIONAL_LOCK,B,True,0.5891890298225935,0.19799794878921212,0.41971824296056354,0.9598792785987684,2.837185696827318e-06,0.9994566897921855,1.0,0.9589239897507758,1.0,135.18101933749858,0.0,64df6b42e1735047
1e9afe777375003f8a47d7893d5e3c17a718deb058e00d8403fae6514befbbf9,2,ring_2,2,1,1.0,1.0,0.0,4,4,4,4,4,True,True,True,1,UNKNOWN,UNKNOWN,VIABLE,False,FUNCTIONAL_LOCK,A,True,0.6812987526088331,0.30103634675092905,0.3696122085528241,0.9600268685973252,3.3986314372062875e-10,0.9999948397929896,1.0,0.6531945927112266,1.0,92.50594100233866,0.0,e1610169dc4e68ad
7384ce23797262ca37f75a5b5d425c3a7705b52f55cc8a10705b8aef4e1d5d19,2,ring_2,2,1,1.0,1.0,0.0,4,4,4,4,4,True,True,True,1,UNKNOWN,UNKNOWN,VIABLE,False,FUNCTIONAL_LOCK,A,True,0.6884114236150591,0.2117635916658322,0.4165710030596069,0.996618487254513,2.0402801255624213e-10,0.9999988262487985,1.0,0.9611061404861294,1.0,89.07250543654663,0.0,e1610169dc4e68ad
6acdf6c10d2f4f02464ccb23e30c153d785fa552464b0fae4a961ecb083208c0,2,complete_5,5,10,1.0,4.0,0.0,4,4,4,4,4,True,True,True,1,UNKNOWN,UNKNOWN,VIABLE,False,FUNCTIONAL_LOCK,B,True,0.5223737609774249,0.24492890890637029,0.6671658295211248,0.987498531459244,5.233384269521481e-06,0.999844063928108,1.0,0.9735572571487551,1.0,215.24281341774622,0.0,b7ddc53b4a6f19e7
ac251d6851150c2811e342b2f02af7b30335a1000b22c485ddab4f0f63cf440f,2,ring_2,2,1,1.0,1.0,0.0,4,4,4,4,4,True,True,True,1,UNKNOWN,UNKNOWN,VIABLE,False,FUNCTIONAL_LOCK,A,True,0.618084897267372,0.18850239562810048,0.3207355566356871,0.9975473823145455,2.039138662035055e-11,0.9999996839188471,1.0,0.8075568455565152,1.0,86.63325329998042,0.0,3a4d99d5b841605f
bbeea97e09234834e81d2b03db4f9c6fad9c50b09523641324af505b3adf8dc5,2,ring_2,2,1,1.0,1.0,0.0,4,4,4,4,4,True,True,True,1,UNKNOWN,UNKNOWN,VIABLE,False,FUNCTIONAL_LOCK,A,True,0.6569166389372263,0.19005190981109757,0.28352037876927183,0.9491974814842656,8.477847236957152e-09,0.9999710276346372,1.0,0.9640038973924329,1.0,89.31413996225456,0.0,631d30bc180a91a7
77ece501f2c4a1b8e1a3111742321460c20bb4263ec7c7b87993c57574a5641e,2,ring_3,3,3,1.0,2.0,0.0,4,4,4,4,4,True,True,True,1,UNKNOWN,UNKNOWN,VIABLE,False,FUNCTIONAL_LOCK,B,True,0.5729811965043218,0.20222056842015246,0.4399814961198949,0.8394635064359948,0.00019730832598590696,0.9914420599940703,1.0,0.8942883806594581,1.0,133.40182248095516,0.0,6357695ae876ac33
5858800012f970ec259e0ba799aaf791004247c420c6a810cd494bff026e0717,2,ring_2,2,1,1.0,1.0,0.0,4,4,4,4,4,True,True,True,1,UNKNOWN,UNKNOWN,VIABLE,False,FUNCTIONAL_LOCK,A,True,0.6480311934042945,0.5540795682568127,0.20330887023280733,0.9880572221298581,5.862224508163043e-11,0.9999988202325096,1.0,0.9634233784457873,1.0,89.60433578916127,0.0,f0557bf15eafec94
f7dda27378273be395cd8b6fb0971a94a835830436ed9a57851edb4af64285fa,2,ring_2,2,1,1.0,1.0,0.0,4,4,4,4,4,True,True,True,1,UNKNOWN,UNKNOWN,VIABLE,False,FUNCTIONAL_LOCK,A,True,0.6857737550712364,0.20633866666787465,0.20505056435554025,0.9984841750368052,8.37091840649878e-12,0.999999840757873,1.0,0.9641781325596165,1.0,86.93350303679472,0.0,f261b0e8f0b24da2
89e3033bc59961e074243a074addbb7d77d09634b4e5031dae563bb6d5fdf219,2,ring_4,4,4,0.6666666666666666,2.0,0.0,4,4,4,4,4,True,True,True,1,UNKNOWN,UNKNOWN,VIABLE,False,FUNCTIONAL_LOCK,B,True,0.5041683501438615,0.245297170941421,0.4913503406400545,0.9726176997367104,6.149146371457338e-05,0.9999254791660617,1.0,0.8277087399119132,1.0,172.01487455202732,0.0,187b25a031e6a911
c4d23de72877ea3e27a04e19c54f79dff54312ff0bf8905001f77b4fe2324622,2,ring_4,4,4,0.6666666666666666,2.0,0.0,4,4,4,4,4,True,True,True,1,UNKNOWN,UNKNOWN,VIABLE,False,FUNCTIONAL_LOCK,B,True,0.5484947345511992,0.3637545239632883,0.7169344134253923,0.8939373752659792,4.810659307340848e-05,0.9967637768440645,1.0,0.935792528257749,1.0,174.32527483726153,0.0,b0417b0a74924b3b
57a93403831f0a95567866085c17b1d7a0d461de095aae9ab134539d02c010b4,2,ring_2,2,1,1.0,1.0,0.0,4,4,4,4,4,True,True,True,1,UNKNOWN,UNKNOWN,VIABLE,False,FUNCTIONAL_LOCK,A,True,0.695402706054612,0.1888111672063328,0.17821101656547758,0.9983435478505708,4.653207081612426e-12,0.9999998758932904,1.0,0.9289804764828861,1.0,87.95173212903319,0.0,631d30bc180a91a7
0606ef654428bcf6fe24e4782dfc401fe5422d953fb2d977b018e625c88e34e3,2,ring_2,2,1,1.0,1.0,0.0,4,4,4,4,4,True,True,True,1,UNKNOWN,UNKNOWN,VIABLE,False,FUNCTIONAL_LOCK,A,True,0.6899794132139266,0.1867411963327905,0.21045503571975188,0.9734441637120796,2.7247135933744916e-10,0.9999962212080772,1.0,0.8316830860565269,1.0,89.66926400153898,0.0,631d30bc180a91a7
ecea033fb727cacd67edd2500277a98157444efb22be1e28fb3b5300a9e2fc2a,2,ring_2,2,1,1.0,1.0,0.0,4,4,4,4,4,True,True,True,1,UNKNOWN,UNKNOWN,VIABLE,False,FUNCTIONAL_LOCK,A,True,0.7035574166674391,0.20307964374880358,0.3859226210501102,0.9044233343965979,3.0267434090823595e-06,0.9992583403556702,1.0,0.9423780714451532,1.0,89.92104653804563,0.0,29a6648d414db444
23861339db6151e818ddffca8d92c8c95c3d0ab5013be6b1365af35f2ca55876,2,ring_2,2,1,1.0,1.0,0.0,4,4,4,4,4,True,True,True,1,UNKNOWN,UNKNOWN,VIABLE,False,FUNCTIONAL_LOCK,A,True,0.6367809409102364,0.34239552021126407,0.6317996993810517,0.9985783709637617,1.83070753615318e-12,0.9999999278787562,1.0,0.977369931424287,1.0,85.26057421771111,0.0,ff5438f2dfdb3265
82ccc1d5778d73fbdebd99c412f7cce730abb6e854371ab44612505ae2b6a09c,2,ring_2,2,1,1.0,1.0,0.0,4,4,4,4,4,True,True,True,1,UNKNOWN,UNKNOWN,VIABLE,False,FUNCTIONAL_LOCK,A,True,0.6585549236047217,0.2412074931377737,0.4883288800130542,0.938849587223878,2.3207025677057866e-10,0.9999947545669277,1.0,0.8672415490991107,1.0,89.47039992146892,0.0,e1610169dc4e68ad
496545c46704e83c08cf2729f221b9d1374798970120e546d4b588c17f6a7cde,2,complete_4,4,6,1.0,3.0,0.0,4,4,4,4,4,True,True,True,1,UNKNOWN,UNKNOWN,VIABLE,False,FUNCTIONAL_LOCK,B,True,0.5283000767329327,0.20971324177983902,0.4875441720873823,0.960582674372542,4.6181358063794355e-07,0.9997933113073719,1.0,0.9485923968490122,1.0,179.38844400976086,0.0,88649e81af49a513
a83bee468816738ee09d092573bcca08f0847c042be5cf24b2613bd5eeef6bc9,2,ring_2,2,1,1.0,1.0,0.0,4,4,4,4,4,True,True,True,1,UNKNOWN,UNKNOWN,VIABLE,False,FUNCTIONAL_LOCK,A,True,0.6765522246900962,0.18521958700611058,0.2153110078663348,0.8598389475499177,2.560879199609383e-05,0.9974202685374696,1.0,0.8774478513732512,1.0,89.61402359319618,0.0,631d30bc180a91a7
29aefffde84cf13cda19731b3de1ddf24977c737acb23f76c1e8dc61e7727215,2,ring_3,3,3,1.0,2.0,0.0,4,4,4,4,4,True,True,True,1,UNKNOWN,UNKNOWN,VIABLE,False,FUNCTIONAL_LOCK,B,True,0.5866825422948702,0.19311075157977298,0.29959623115288825,0.9739880883953876,2.664970667494399e-08,0.9999622814155762,1.0,0.8548234007407797,1.0,131.03869603271596,0.0,89f641d992c8934a
32983e89f1705518a6afb5a1c5bf21b5fac2b75928ab600046785a29f89ad04e,2,bipartite_2_2,4,4,0.6666666666666666,2.0,0.0,4,4,4,4,4,True,True,True,1,UNKNOWN,UNKNOWN,VIABLE,False,FUNCTIONAL_LOCK,B,True,0.47982807222584695,0.24982782513089907,0.6148601303443763,0.9813785975870561,7.730084256629241e-07,0.9999837151227781,1.0,0.9527147114602998,1.0,174.9591587052564,0.0,7cd2b5aea0f64b1d
711f6d54e6e7a1b8a7e59ead70d54e07ce01097ab0d1bf08e24e0da1252264ed,2,complete_4,4,6,1.0,3.0,0.0,4,4,4,4,4,True,True,True,1,UNKNOWN,UNKNOWN,VIABLE,False,FUNCTIONAL_LOCK,B,True,0.49806060146372766,0.2778901242895422,0.441444541878761,0.8305213601966578,0.007787608928182139,0.9469606326792165,1.0,0.5364977333162089,1.0,176.96779778256314,0.0,88649e81af49a513
6f3e5c28bebb117c76dfff53b6f780ef48a039b106846ec71a31d885ae395a3a,2,complete_4,4,6,1.0,3.0,0.0,4,4,4,4,4,True,True,True,1,UNKNOWN,UNKNOWN,VIABLE,False,FUNCTIONAL_LOCK,B,True,0.4629150127292927,0.3058802604692439,0.6108989710564466,0.8995970572040051,6.113946655906836e-07,0.9995990481380064,1.0,0.9365714452800317,1.0,175.2666208690498,0.0,340262789e51cbcb
ee24fa7686db6b964e4e45764bcbcdc3889b8b4c743e874e06ffef8c226caada,2,ring_4,4,4,0.6666666666666666,2.0,0.0,4,4,4,4,4,True,True,True,1,UNKNOWN,UNKNOWN,VIABLE,False,FUNCTIONAL_LOCK,B,True,0.5362672904420133,0.2004760956418328,0.3546627112060804,0.8826096379950151,3.604814086118003e-05,0.9960601536681785,1.0,0.9231747802437921,1.0,175.18000767199555,0.0,187b25a031e6a911
56860ce0d43acee28d836b970a126de21b9a52b7e8b63bfb7ff3bb466b7e312e,2,ring_3,3,3,1.0,2.0,0.0,4,4,4,4,4,True,True,True,1,UNKNOWN,UNKNOWN,VIABLE,False,FUNCTIONAL_LOCK,B,True,0.5565747953041917,0.38099735350223896,0.18633869921946797,0.9333940957670174,5.7039431525949345e-09,0.9999769430583316,1.0,0.6318805193655597,1.0,132.10027799749514,0.0,1fb225336c283f91
a0b88599429fe1772aaf5b7230138b5766537f63c4127813bceadd45c992fda1,2,ring_2,2,1,1.0,1.0,0.0,4,4,4,4,4,True,True,True,1,UNKNOWN,UNKNOWN,VIABLE,False,FUNCTIONAL_LOCK,A,True,0.6427399115814979,0.1898744048827378,0.16796557324118522,0.9491450413494009,2.6257992233599287e-07,0.9998387413575064,1.0,0.9388333554720474,1.0,90.09070154221263,0.0,631d30bc180a91a7
58c3e5e2bec9c5279a00393fb19e06a3242cfa5bc12c2539a7afb2ba2c7feb63,2,ring_2,2,1,1.0,1.0,0.0,4,4,4,4,4,True,True,True,1,UNKNOWN,UNKNOWN,VIABLE,False,FUNCTIONAL_LOCK,A,True,0.6634936830572546,0.3499633601079525,0.4428198461500632,0.9677300068244561,1.1005047172829777e-10,0.9999973565177981,1.0,0.9893019019666146,1.0,88.8134488647338,0.0,e1610169dc4e68ad
bc387685fed697790560bdb6457029c3d60f95a0676f62b87cdce4158a467b0e,2,ring_2,2,1,1.0,1.0,0.0,4,4,4,4,4,True,True,True,1,UNKNOWN,UNKNOWN,VIABLE,False,FUNCTIONAL_LOCK,A,True,0.6638252151238035,0.18799004213896764,0.5327163887131435,0.9985299846383717,9.278105953543061e-11,0.9999994779529091,1.0,0.9841167041016017,1.0,85.7130082322401,0.0,ee740a232621f280
8434264e16dc6074aecdfd8c709360b9c65fbaafb8a48145d270a06cefd0a299,2,ring_2,2,1,1.0,1.0,0.0,4,4,4,4,4,True,True,True,1,UNKNOWN,UNKNOWN,VIABLE,False,FUNCTIONAL_LOCK,A,True,0.6576151473085806,0.34100624089673054,0.5556823880293729,0.9957572555841909,2.718298680054687e-11,0.9999995202380813,1.0,0.9905661987882729,1.0,87.66138954623602,0.0,ff5438f2dfdb3265
0f5dee1525b0a8ae578656609a899cb3ff22fb169ad6178886dbb6275fc05ed0,2,ring_2,2,1,1.0,1.0,0.0,4,4,4,4,4,True,True,True,1,UNKNOWN,UNKNOWN,VIABLE,False,FUNCTIONAL_LOCK,A,True,0.6775031639365632,0.5379869735846341,0.34160254853622396,0.9999732160134045,1.929623672079665e-10,0.9999998984149513,1.0,0.9365278814140221,1.0,79.69535437552258,0.0,e8405dfb32b95fbf
c1e858a26c42d26eb289a6b52a0d7154853245dd0c5b8c9480e7827d4efdf0d6,2,ring_2,2,1,1.0,1.0,0.0,4,4,4,4,4,True,True,True,1,UNKNOWN,UNKNOWN,VIABLE,False,FUNCTIONAL_LOCK,A,True,0.6946569986917014,0.21123464814147305,0.4487269498140304,0.9940477509716281,1.257906352486387e-07,0.9999614016618644,1.0,0.8749806812354728,1.0,89.72298264305573,0.0,e1610169dc4e68ad
720a4c9ff66ac75dbf97990a28da47e9c523ec4f4dee72391292be71a79fe61e,2,ring_3,3,3,1.0,2.0,0.0,4,4,4,4,4,True,True,True,1,UNKNOWN,UNKNOWN,VIABLE,False,FUNCTIONAL_LOCK,A,True,0.6186860505666847,0.3186279527819168,0.6197119225368938,0.9902229199662285,8.136667165224313e-10,0.9999958841760042,1.0,0.9500699753709065,1.0,131.823080383474,0.0,0da0683c4b5c61df
f0ac09630bc109bdbb6508611952bf6234626d3c1e0ef90472a1d203769b2a22,2,ring_2,2,1,1.0,1.0,0.0,4,4,4,4,4,True,True,True,1,UNKNOWN,UNKNOWN,VIABLE,False,FUNCTIONAL_LOCK,A,True,0.6608910670425006,0.21192466040274338,0.396130555095421,0.9906550498708994,4.248619003725366e-11,0.9999991109823694,1.0,0.938520847702488,1.0,89.51216858474072,0.0,e1610169dc4e68ad
3ee8cf5165bf54809c0791a24c5f73596cfcce53d8d2ba725ab038f5b3361c76,2,ring_2,2,1,1.0,1.0,0.0,4,4,4,4,4,True,True,True,1,UNKNOWN,UNKNOWN,VIABLE,False,FUNCTIONAL_LOCK,A,True,0.6721140024401844,0.22945980605050423,0.506455794375887,0.9983272864303412,2.775761969433783e-12,0.9999999036758711,1.0,0.815966719053275,1.0,87.09336138376966,0.0,ff5438f2dfdb3265
e7a9ed349707267cdd1abc32b14db5faeac02f478427efaf6c7e71ef32cdc300,2,ring_2,2,1,1.0,1.0,0.0,4,4,4,4,4,True,True,True,1,UNKNOWN,UNKNOWN,VIABLE,False,FUNCTIONAL_LOCK,A,True,0.6710768326201372,0.1861621476223532,0.408563283776263,0.9723645287192976,1.4775870134202252e-10,0.9999971620573764,1.0,0.9348683030132426,1.0,88.0113765434944,0.0,3a4d99d5b841605f
ed06d964866fb7c85864444b2a3a600e50df803c79f3cef5f236c165fd195f61,2,ring_3,3,3,1.0,2.0,0.0,4,4,4,4,4,True,True,True,1,UNKNOWN,UNKNOWN,VIABLE,False,FUNCTIONAL_LOCK,B,True,0.47714103475896497,0.2071900778360687,0.2835598749303611,0.9286318351363936,2.3654275793492187e-09,0.9999793888819025,1.0,0.8326772877456122,1.0,131.45667568297358,0.0,1fb225336c283f91
d6404a5e60ceac7a05a0b146cd8c65a8ce519eeb75bbcce1840a5a9b84cf9c95,2,ring_2,2,1,1.0,1.0,0.0,4,4,4,4,4,True,True,True,1,UNKNOWN,UNKNOWN,VIABLE,False,FUNCTIONAL_LOCK,A,True,0.6830201603925693,0.21689873531180118,0.31118097799333805,0.9405349498062049,3.3249094228562293e-10,0.9999938058540836,1.0,0.9551711904258497,1.0,88.75512613292085,0.0,e1610169dc4e68ad
38909c4bc161809391e47072b34c467b5ea3ffbbd2912dd2298ece14fdd38ccf,2,ring_2,2,1,1.0,1.0,0.0,4,4,4,4,4,True,True,True,1,UNKNOWN,UNKNOWN,VIABLE,False,FUNCTIONAL_LOCK,A,True,0.6985145792788828,0.3077355645183076,0.5657878828001213,0.9821451192786387,1.0438261655612576e-09,0.9999939223009949,1.0,0.772467337523584,1.0,90.66490672098007,0.0,ff5438f2dfdb3265
386817abeb2f2c20b66fd02c0ae055e8c0d04095a183d5516392b6e80a4d90e5,2,ring_3,3,3,1.0,2.0,0.0,4,4,4,4,4,True,True,True,1,UNKNOWN,UNKNOWN,VIABLE,False,FUNCTIONAL_LOCK,B,True,0.5497218583977918,0.21698663775388405,0.4734492370304867,0.9830394228817237,3.5418456951764385e-09,0.999991179571509,1.0,0.9645200634271227,1.0,132.9043651727843,0.0,6357695ae876ac33
970714d52c1d4540ac2a38acc2d08404bdf9d43c339449a9f2a9b01eec590a92,2,ring_2,2,1,1.0,1.0,0.0,4,4,4,4,4,True,True,True,1,UNKNOWN,UNKNOWN,VIABLE,False,FUNCTIONAL_LOCK,A,True,0.645220588615616,0.2146790705192936,0.5329523954456197,0.9972955261941552,2.0579713914308403e-10,0.9999989457229774,1.0,0.9029146740274754,1.0,88.59174004977103,0.0,ff5438f2dfdb3265
f1dc7f679696a193cbd24f697441da2d3871396e6c5d73d794fb1cfe7d7e5daf,2,complete_4,4,6,1.0,3.0,0.0,4,4,4,4,4,True,True,True,1,UNKNOWN,UNKNOWN,VIABLE,False,FUNCTIONAL_LOCK,B,True,0.5564883672487506,0.23552562001328725,0.6881320414591674,0.9393646458299119,1.5345038349822616e-06,0.9994918104345878,1.0,0.9335591776091099,1.0,174.05227013200056,0.0,340262789e51cbcb
74c411e312201419f16eb6cdeb5dad3f85e51a3b84ee1559e8658d6b2622d466,2,ring_3,3,3,1.0,2.0,0.0,4,4,4,4,4,True,True,True,1,UNKNOWN,UNKNOWN,VIABLE,False,FUNCTIONAL_LOCK,B,True,0.5869681658050303,0.1899849088158617,0.4401905859181401,0.9620888562328002,6.751971699391885e-09,0.99998721075586,1.0,0.9422167891508315,1.0,132.25696146470727,0.0,64df6b42e1735047
6e2c0601091844ea18a8c9f5e0e8ed33f84007b7d801f35408961bb341baea9e,2,ring_2,2,1,1.0,1.0,0.0,4,4,4,4,4,True,True,True,1,UNKNOWN,UNKNOWN,VIABLE,False,FUNCTIONAL_LOCK,A,True,0.6603031600266311,0.21547945425242443,0.3554268523357028,0.9895013494710149,2.53175333356811e-09,0.9999927290431968,1.0,0.9559319127809842,1.0,89.02181423926959,0.0,e1610169dc4e68ad
d63cfbec14e19110511b065def9729f5eb5e1c12a03a72d2b71f86f3c8dfb191,2,ring_2,2,1,1.0,1.0,0.0,4,4,4,4,4,True,True,True,1,UNKNOWN,UNKNOWN,VIABLE,False,FUNCTIONAL_LOCK,A,True,0.7323211332791083,0.3439640681484636,0.5171954481077681,0.9401945129211808,9.49238661852807e-10,0.9999895053248601,1.0,0.8705742167521313,1.0,89.48690462420927,0.0,139c4319dd42d899
fb337d5ada954a5a2efd431d67428230a9ad3a9c6a75c5db1c46d0cc673ff3b8,2,ring_3,3,3,1.0,2.0,0.0,4,4,4,4,4,True,True,True,1,UNKNOWN,UNKNOWN,VIABLE,False,FUNCTIONAL_LOCK,A,True,0.60019100622112,0.3253055253463879,0.5731789286544489,0.8703216298156226,2.3969757448240974e-05,0.9972703542885551,1.0,0.9367929298886163,1.0,133.36197383102262,0.0,0da0683c4b5c61df
8c8a412d6027dc46ae3b9788bcc1241a585a59cad81206c4badf722b3b04b94f,2,ladder_2,4,4,0.6666666666666666,2.0,0.0,4,4,4,4,4,True,True,True,1,UNKNOWN,UNKNOWN,VIABLE,False,FUNCTIONAL_LOCK,B,True,0.4778075272828117,0.20019471648795345,0.453907442979273,0.9450008728129722,3.5263124352533204e-06,0.9994642651664575,1.0,0.8658790617320358,1.0,174.1526888773078,0.0,19db2fb32bed7851
86a277310e34ee4886d9fe7358cd791d7938f34f9b773ba043e0ab8925248cfc,2,ring_3,3,3,1.0,2.0,0.0,4,4,4,4,4,True,True,True,1,UNKNOWN,UNKNOWN,VIABLE,False,FUNCTIONAL_LOCK,B,True,0.5888204603408711,0.26725891563221454,0.3385463600553663,0.922032436307063,4.3680295999053923e-05,0.9974246206590435,1.0,0.7864878444450052,1.0,132.05429819325218,0.0,6357695ae876ac33
5b82ea0504a39d4f35c7c2a9695fc96b9f2a6f19cc704c2e5f1390160c46050c,2,ring_4,4,4,0.6666666666666666,2.0,0.0,4,4,4,4,4,True,True,True,1,UNKNOWN,UNKNOWN,VIABLE,False,FUNCTIONAL_LOCK,B,True,0.4911182624941043,0.29139644381228164,0.6221315704698908,0.9422125184246486,2.952294009211987e-06,0.9998074815615653,1.0,0.801374407400084,1.0,173.46020923304604,0.0,34c0b895c1d9f5c5
49116a3c73ddf40e84c533f8c3742ef1a778bfd42cd812fa6ef37121b6946ca9,2,ring_2,2,1,1.0,1.0,0.0,4,4,4,4,4,True,True,True,1,UNKNOWN,UNKNOWN,VIABLE,False,FUNCTIONAL_LOCK,A,True,0.7068025658921766,0.19443983622864652,0.44966879899927326,0.8872662245919231,0.011963150368419117,0.953016122322184,1.0,0.9205020718771513,1.0,90.56085317552788,0.0,e6cea0161a90be88
d933fe732d834989665652591e6b91cea270b60ae1e09eaab22953fb2745ecd1,2,ring_2,2,1,1.0,1.0,0.0,4,4,4,4,4,True,True,True,1,UNKNOWN,UNKNOWN,VIABLE,False,FUNCTIONAL_LOCK,A,True,0.7162798481134526,0.22001813959684954,0.6462490182179612,0.9964230143356338,6.540963564849254e-11,0.9999993165823773,1.0,0.9381770862888781,1.0,87.73860294074984,0.0,139c4319dd42d899
3d51b9dfdc9d4b6cfbbc86015aaabcbb856802bdd955790f66fe7f730d96408e,2,ring_2,2,1,1.0,1.0,0.0,4,4,4,4,4,True,True,True,1,UNKNOWN,UNKNOWN,VIABLE,False,FUNCTIONAL_LOCK,A,True,0.678714952174168,0.20946026140938062,0.4089709139462765,0.9935480976779814,5.891104792523491e-11,0.9999991295385328,1.0,0.813239323387383,1.0,87.66476956679253,0.0,e1610169dc4e68ad
190bdd00f705af588d1670e1774485eb5e63a83fe911c1fb420af74b859cb817,2,ring_2,2,1,1.0,1.0,0.0,4,4,4,4,4,True,True,True,1,UNKNOWN,UNKNOWN,VIABLE,False,FUNCTIONAL_LOCK,A,True,0.6256730815238619,0.19603529814358261,0.28028499576921884,0.9791188002757418,1.2163580715321372e-10,0.9999977579069257,1.0,0.8210414407120752,1.0,88.9558294347371,0.0,631d30bc180a91a7
f1feaaabc0fb4caea60e252f6f1a133195ef81e39eb0965bbf5063a94f51a74c,2,complete_4,4,6,1.0,3.0,0.0,4,4,4,4,4,True,True,True,1,UNKNOWN,UNKNOWN,VIABLE,False,FUNCTIONAL_LOCK,B,True,0.49627127168611496,0.2135321938536598,0.38886709261664676,0.9167425347784223,1.873819825676707e-08,0.9999340982773455,1.0,0.9192242111474958,1.0,176.42316030245274,0.0,88649e81af49a513
a1a6c7a1e09f698d3f2a2e1976324f00014f5a20a3908b705fb815255dda0a6f,2,ring_3,3,3,1.0,2.0,0.0,4,4,4,4,4,True,True,True,1,UNKNOWN,UNKNOWN,VIABLE,False,FUNCTIONAL_LOCK,B,True,0.5983511377316709,0.1954857448979349,0.35088042634399297,0.9911433460531812,5.23506003447787e-07,0.9999701656608578,1.0,0.9606024819653126,1.0,132.41798611852573,0.0,64df6b42e1735047
7caf4ca59f766fb88bef60276764b8520217389c95ad7be22596a9e70cca9ba0,2,ring_2,2,1,1.0,1.0,0.0,4,4,4,4,4,True,True,True,1,UNKNOWN,UNKNOWN,VIABLE,False,FUNCTIONAL_LOCK,A,True,0.7076677024551761,0.18858574008303472,0.3372590764284025,0.9157588040743153,6.020944334547412e-10,0.9999901426604505,1.0,0.9347602281308061,1.0,89.84892942669103,0.0,e6cea0161a90be88
6769df5c952b1f662fa9112007e2c025dd4f3f2aa80e7129b4fff0d0ec8a53c7,2,bipartite_2_2,4,4,0.6666666666666666,2.0,0.0,4,4,4,4,4,True,True,True,1,UNKNOWN,UNKNOWN,VIABLE,False,FUNCTIONAL_LOCK,B,True,0.46678249026291885,0.23195755678714794,0.4285033972629371,0.8870503646687036,0.02127883406007188,0.9400323615348924,1.0,0.7926732393386975,1.0,174.2788684911793,0.0,4fa825e3687f7b68
46c5049fb7f89f1dc2ba1267082ec31980206d9981cb0779ec88b9e20faf3208,2,ring_2,2,1,1.0,1.0,0.0,4,4,4,4,4,True,True,True,1,UNKNOWN,UNKNOWN,VIABLE,False,FUNCTIONAL_LOCK,A,True,0.6552726598779242,0.42806151868005116,0.06258815330923884,0.9802929140877428,6.968943042566899e-09,0.9999835060775031,1.0,0.7341364996189502,1.0,90.77047627954744,0.0,369709fe28c7760f
80f502f42c778569a1c1a673c76dfe13c0b079d710a4801109fd6f1288f85c90,2,ladder_2,4,4,0.6666666666666666,2.0,0.0,4,4,4,4,4,True,True,True,1,UNKNOWN,UNKNOWN,VIABLE,False,FUNCTIONAL_LOCK,B,True,0.5104183029206133,0.23756282744828436,0.6507681752170498,0.9666722498793863,4.641221573121104e-05,0.997781082664262,1.0,0.9529044485634605,1.0,175.12950768746668,0.0,c406389cacdb14b8
f4c5cc60efed3e22c3fca0d137b08477c8f09428ca45871965d0cd3107369fc2,2,ring_2,2,1,1.0,1.0,0.0,4,4,4,4,4,True,True,True,1,UNKNOWN,UNKNOWN,VIABLE,False,FUNCTIONAL_LOCK,A,True,0.6713096192379823,0.1923723389773372,0.4534575276355945,0.9897805051660762,5.054238938448431e-12,0.9999996794158071,1.0,0.9374401346517859,1.0,89.86548548348946,0.0,3a4d99d5b841605f
a88c41a9c65a073d3d84445a873ce6d1608cfbce5349699a8341543463b1e350,2,ring_2,2,1,1.0,1.0,0.0,4,4,4,4,4,True,True,True,1,UNKNOWN,UNKNOWN,VIABLE,False,FUNCTIONAL_LOCK,A,True,0.6398965011458875,0.20814074815778863,0.41987362358865093,0.99832472851474,2.1962796232097225e-12,0.9999999142529077,1.0,0.9555265319464664,1.0,87.83259134256514,0.0,e1610169dc4e68ad
fd928fa3ddfcc2c1a0fa20f1b9c8f11bdb7ea51063361bb094ceb4c6c450dbc1,2,ring_3,3,3,1.0,2.0,0.0,4,4,4,4,4,True,True,True,1,UNKNOWN,UNKNOWN,VIABLE,False,FUNCTIONAL_LOCK,B,True,0.5535080841309783,0.32280889995831613,0.4747081066883537,0.9972561978399658,6.7274652551337756e-09,0.9999974205592755,1.0,0.715489163853136,1.0,129.19810607621912,0.0,6357695ae876ac33
a490da6ca98e13ddd3e8671058a4e39d3686d46bf5f7b21c0dece1e359409624,2,ring_4,4,4,0.6666666666666666,2.0,0.0,4,4,4,4,4,True,True,True,1,UNKNOWN,UNKNOWN,VIABLE,False,FUNCTIONAL_LOCK,B,True,0.4756790546690573,0.4864181655680626,0.39494153049181147,0.9811678573985634,0.003465720015493827,0.9838039857507912,1.0,0.7953619268509313,1.0,172.67833860544488,0.0,29ec3405bb811450
c6ec376cb870968d2388629fe147128e121102da18c43faa2aef98cb3678c15c,2,ring_3,3,3,1.0,2.0,0.0,4,4,4,4,4,True,True,True,1,UNKNOWN,UNKNOWN,VIABLE,False,FUNCTIONAL_LOCK,B,True,0.5533652140594103,0.22061833297345854,0.3887922752767243,0.9788094996735776,1.317536915559056e-10,0.9999976850488179,1.0,0.9692613304223943,1.0,132.35362013126723,0.0,6357695ae876ac33
cbe2ab0cecb629f70e5cd13d63a217ffef68667a02d72475106c4c543a011ce6,2,ring_3,3,3,1.0,2.0,0.0,4,4,4,4,4,True,True,True,1,UNKNOWN,UNKNOWN,VIABLE,False,FUNCTIONAL_LOCK,B,True,0.5982329465111086,0.21225602347036027,0.3568469819860915,0.978648206322515,2.8963110470154857e-08,0.999959731875196,1.0,0.9573978562228244,1.0,132.77021975349635,0.0,6357695ae876ac33
a4263b20c991cdc9903f7a8895c0575eb5ee6f603362d8bc2e58ed27d10283cd,2,ring_4,4,4,0.6666666666666666,2.0,0.0,4,4,4,4,4,True,True,True,1,UNKNOWN,UNKNOWN,VIABLE,False,FUNCTIONAL_LOCK,B,True,0.4781964623663044,0.23698704217168498,0.4710462522556614,0.831398439484381,0.00044025315032430426,0.9858984996757318,1.0,0.8010058470000175,1.0,175.53281963948393,0.0,187b25a031e6a911
8185d4735aba885abe0c699948991881a0430d2591931274d600955317182e70,2,complete_5,5,10,1.0,4.0,0.0,4,4,4,4,4,True,True,True,1,UNKNOWN,UNKNOWN,VIABLE,False,FUNCTIONAL_LOCK,B,True,0.5034197648878683,0.23707923793627317,0.7251371107513115,0.9724523400785847,0.00025423428158825124,0.9995106213194485,1.0,0.9542123675975637,1.0,213.4680177992559,0.0,9d6a7a459f640eb3
78baf656b8a385d13b24fb3b7142a58ce3aea40518ec1d9bc0e69e90918d3d03,2,ring_2,2,1,1.0,1.0,0.0,4,4,4,4,4,True,True,True,1,UNKNOWN,UNKNOWN,VIABLE,False,FUNCTIONAL_LOCK,A,True,0.6846818620988717,0.2132490945950118,0.4722175373633792,0.9995195318003186,1.422803868674405e-07,0.9999882636995309,1.0,0.9720820906209934,1.0,80.24891682871385,0.0,e1610169dc4e68ad
